post_id,post_title,comment_id,comment_text,comment_author,comment_timestamp,comment_score,subreddit,permalink
18vbefo,,kfrn9t4,"Ho visto il film Hackers e da informatico l'ho trovato discutibile in alcuni messaggi.

(C'è infinito potenziale qui)",centomila,2023-12-31T23:48:28,1,Italia,https://reddit.com/r/Italia/comments/18vbefo/ho_rivisto_la_trilogia_del_padrino_e_da_siciliano/kfrn9t4/
18vfl9l,,kfrlsaj,"Non l'ho visto ma mi immagino abbia detto sempre le solite cose: anno difficile, stiamo uniti, il mondo è cattivo, sì?

Mai una volta che un Presidente della Repubblica faccia un discorso profondo e netto contro lo schifo di realtà in cui ci troviamo. Questi discorsi li ho sempre visti come la parodia delle farse all'italiana. Sembra sempre di vedere un film becero con tipo Pozzetto o Calà e le classiche battute squallide e insipide.",Vivotrapazzi,2023-12-31T23:38:13,2,Italia,https://reddit.com/r/Italia/comments/18vfl9l/discorso_di_mattarella/kfrlsaj/
18vdtpb,,kfrlcy0,"Se lo leggi in italiano, le ultime opere sono più scorrevoli da leggere. Se poi hai molta pazienza, puoi provare a leggere i suoi bestseller come IT e Carrie. Io preferisco leggere King in inglese, ma effettivamente come autore in originale è per chi ha un po' di dimestichezza con la lingua. King ama fare giochi di parole e usare gerghi e modi di parlare locali, tanto che molte frasi dei dialoghi sono sgrammaticate e se non si ha una padronanza dell'inglese si rischia di perdere molte sfumature. In italiano, le perdi comunque, ma almeno nulla toglie alla storia.

Personalmente non ho un titolo da consigliare ma sicuramente ti sconsiglierei di partire dalla Torre Nera. Quella serie, che poi a molti piace per carità, fu una che scrisse per pochi spiccioli quando perse il primo contratto.... il primo libro di quella serie lo trovo di una noia mortale, tanto che mi sforzai dato che era appena uscito il film... ma nulla, quella serie proprio la sconsiglio. Sono certo che altre opere potrebbero sortire lo stesso effetto quindi ti consiglio di considerare il livello di scorrevolezza. Le ultime opere sono quasi tutte più scorrevvoli dei primi lavori. IT però, che è uno delle prime opere più osannate, mette in scena tante idee ma a caro prezzo di molte pagine ultraanalitiche o iperdescrittive di scene che sanno molto di extra con contenuti aggiuntivi troppo abbondanti (quasi filler spudorato, ma che si potrebbe non considerare tale se si vuole vedere l'opera da un punto di vista psicologico).

King è molto famoso per il genere horror, ma non ti aspettare shock assurdi. Per le generazioni attuali, è una lettura abbastanza blanda. Solo in alcune opere, come in Outsider (il primo che mi viene in mente), fa descrizioni abbastanza crude di omicidi o scene ""forti"" ma nulla che le normali serie TV non abbiano già esplorato. King piace se piace l'esperienza narrativa.",Vivotrapazzi,2023-12-31T23:35:17,1,Italia,https://reddit.com/r/Italia/comments/18vdtpb/vorrei_iniziare_a_leggere_stephen_king/kfrlcy0/
18vi1u9,,kfriclg,Film e birra. Buon anno!,sal_gub,2023-12-31T23:14:01,1,Italia,https://reddit.com/r/Italia/comments/18vi1u9/come_va_capodanno_a_me_così/kfriclg/
18vi1u9,,kfrasfz,Si poteva non esserci il film carino o sarei potuto andare in disco coi miei amici,Altarus12,2023-12-31T22:21:30,11,Italia,https://reddit.com/r/Italia/comments/18vi1u9/come_va_capodanno_a_me_così/kfrasfz/
18vi1u9,,kfrahfl,Ho litigato con dei miei amici però sto vedendo un film carino quindi bene,Altarus12,2023-12-31T22:19:30,36,Italia,https://reddit.com/r/Italia/comments/18vi1u9/come_va_capodanno_a_me_così/kfrahfl/
18vbnn8,,kfr6i7k,"Sono solo anche io, mi riguardo qualche film del buon Miyazaki e domani sera vado a vedere ""Il ragazzo e l'airone""",ITA_DEX,2023-12-31T21:53:11,8,Italia,https://reddit.com/r/Italia/comments/18vbnn8/31_dicembre_quest_anno_da_solo_confermo/kfr6i7k/
18veoi0,,kfr68tx,"Dicembre super deprimente, per il resto un anno grandioso, visto tanti film, ascoltata tanta musica e ho cambiato lavoro . Diciamo che è stato un anno sereno, un bel 7.5 per la conclusione un po' meh",ITA_DEX,2023-12-31T21:51:31,1,Italia,https://reddit.com/r/Italia/comments/18veoi0/come_e_stato_il_vostro_2023/kfr68tx/
18unfne,,kfr2y21,"In questo momento sono a casa di mia suocera, a cacarmi orrendamente il cazzo in attesa della mezzanotte per fare l’ennesimo brindisi e poi finalmente tornarmene a casa mia. 

Più vado avanti con gli anni e francamente più mi sta cosa mi rompe la minchia. 

L’ultimo capodanno decente che ricordo l’ho passato al cinema, bello sciallo a guardare un film con la mia lei. E in questo momento mi sto rimproverando di non averlo proposto.",CodiceHex,2023-12-31T21:30:18,1,Italia,https://reddit.com/r/Italia/comments/18unfne/capodanno_in_solitudine_e_senza_amici_quanti_sono/kfr2y21/
18vddfx,,kfr1tvh,"Per me le vacanze di natale non durano abbastanza da giustificare dei compiti delle vacanze, magari un rinfresco tipo 4 esercizi in croce o un libro da leggere giusto per staccare un po' (anche se ammetto che non ho mai letto alcun libro assegnatomi andando sempre a leggere riassunti e guardare film il giorno prima dell'interrogazione)",Gabri03698,2023-12-31T21:23:06,10,Italia,https://reddit.com/r/Italia/comments/18vddfx/troppi_compiti_durante_le_feste_di_natale/kfr1tvh/
18vbnn8,,kfqzvf0,"Ciao! So che stasera andrai da solo al cinema, e voglio dirti che trovo la tua scelta coraggiosa e meravigliosa. Goditi il film, assapora il momento in cui sei solo con te stesso e le tue emozioni. Ricorda, non tutte le feste devono essere luminose e rumorose. A volte, la tranquillità e una buona storia sul grande schermo possono essere il modo migliore per dare il benvenuto al nuovo anno. Fai di questo capodanno uno speciale, un capodanno senza luci.",SomewhereSufficient2,2023-12-31T21:11:01,1,Italia,https://reddit.com/r/Italia/comments/18vbnn8/31_dicembre_quest_anno_da_solo_confermo/kfqzvf0/
18vbnn8,,kfqtxnf,"Carino, nulla di incredibile comunque. Certo è un film che merita la visione in sala ma ho rimpianto maggiormente The Northman per dire.",Neuromante98,2023-12-31T20:35:40,2,Italia,https://reddit.com/r/Italia/comments/18vbnn8/31_dicembre_quest_anno_da_solo_confermo/kfqtxnf/
18vbnn8,,kfqtb7d,"Tutto legittimo, ma almeno un film meno demmerda te lo potevi scegliere",Neuromante98,2023-12-31T20:31:54,3,Italia,https://reddit.com/r/Italia/comments/18vbnn8/31_dicembre_quest_anno_da_solo_confermo/kfqtb7d/
18vbnn8,,kfqsb6h,Non c'erano molti film che iniziavano alle 17,Maleficent-Trick8930,2023-12-31T20:25:46,2,Italia,https://reddit.com/r/Italia/comments/18vbnn8/31_dicembre_quest_anno_da_solo_confermo/kfqsb6h/
18v24v2,,kfqsanw,"Since you’re starting with fluency of Spanish, I think you will find it extremely helpful to listen to the radio and watch tv/movies in Italian.  You’ll likely be able to understand quite a bit from the start, and the more you listen, the more comfortable and natural your Italian will become. Watching films and  shows that you know already, but dubbed into Italian, is a good way to start.  You could find shows on the RAI radio or Italian podcasts on topics to follow. Anything that keeps the language in your ears as much as possible will be a huge help.

This kind of aural immersion isn’t a substitute for formal language study but it’s a really valuable complement to it, especially someone who can already comprehend the language somewhat.  I can’t recommend it enough.",MaxParedes,2023-12-31T20:25:41,2,Italia,https://reddit.com/r/Italia/comments/18v24v2/i_want_to_learn_italian/kfqsanw/
18vbnn8,,kfqryaf,"Quando lavoravo al cinema (ero l’omino sfigato che proiettava i film in un cinema di provincia) vi odiavo.

Oggi all’alba dei 45 anni ti capisco, però amico mio che film si merda",PsCustomObject,2023-12-31T20:23:38,1,Italia,https://reddit.com/r/Italia/comments/18vbnn8/31_dicembre_quest_anno_da_solo_confermo/kfqryaf/
18vbnn8,,kfqq1vk,Magari un film un po' meglio,Userro,2023-12-31T20:12:01,2,Italia,https://reddit.com/r/Italia/comments/18vbnn8/31_dicembre_quest_anno_da_solo_confermo/kfqq1vk/
18vbefo,,kfqp4o0,Peccato il film sia ambientato 20 anni dopo.,Old_Harry7,2023-12-31T20:06:29,1,Italia,https://reddit.com/r/Italia/comments/18vbefo/ho_rivisto_la_trilogia_del_padrino_e_da_siciliano/kfqp4o0/
18vbnn8,,kfqnl0l,"Ni, nel senso che il solito film da supereroi dove c'è il cattivo e bisogna salvare la situazione alla maniera ammmeriggana",Maleficent-Trick8930,2023-12-31T19:57:13,2,Italia,https://reddit.com/r/Italia/comments/18vbnn8/31_dicembre_quest_anno_da_solo_confermo/kfqnl0l/
18unfne,,kfqlnf8,"dire che sia un giorno come un altro per come la sento io non è cosi,ogni giorno di festa per chi è solo con se stesso è orribile in tv film e pubblicità che trattano affetti e famiglia,mentre ti gurdi intorno e trovi solo la tua ombra che ti tiene compagnia,nessun abbraccio o tenerezza niente parole gentili ma solo ombre e solitudine ....non odio le feste anzi adoro il natale fare l'albero le lucine il presepe...odio solo non aver nessuno con cui poterlo vivere non ho famigliari ne amici nessuno che ti cerca che ti pensa",Capital_Cancel_8072,2023-12-31T19:45:30,1,Italia,https://reddit.com/r/Italia/comments/18unfne/capodanno_in_solitudine_e_senza_amici_quanti_sono/kfqlnf8/
18vdo5v,,kfqh5ub,"Il rap è infinito perché dietro ci sono i più grandi geni musicali del nostro tempo: i DJ. E non metterti a ridere pensando a David Guetta o Gigi d'Agostino.

Parlo dei Daft Punk, SebastiAn, Jamie xx e simili. Gente che ha una creatività surreale, capace di creare la hit pop come il pezzo di musica classica per il film o la sfilata.

Questa stessa gente di ""mestiere"" (cioè quello che fanno per pagare le bollette tra un album ed un altro) producono album e beat su cui i rapper costruiscono intere carriere.",Hyper-rational,2023-12-31T19:18:30,-7,Italia,https://reddit.com/r/Italia/comments/18vdo5v/conosci_caparezza/kfqh5ub/
18vbnn8,,kfqfo4n,Intendevo che il film è discutibile ed è la fine di una serie di film discutibili. Non perché è il 31 hahah,The_Bef,2023-12-31T19:09:54,6,Italia,https://reddit.com/r/Italia/comments/18vbnn8/31_dicembre_quest_anno_da_solo_confermo/kfqfo4n/
18vbnn8,,kfqcyeu,Certo che con tutti i film che hai in sala hai scelto proprio quello peggiore eh,Clone11038,2023-12-31T18:53:35,3,Italia,https://reddit.com/r/Italia/comments/18vbnn8/31_dicembre_quest_anno_da_solo_confermo/kfqcyeu/
18ve7pt,,kfqcqz1,"Il film ""le ali della libertà"" da vedere assolutamente",Carlo_attrezzi,2023-12-31T18:52:20,4,Italia,https://reddit.com/r/Italia/comments/18ve7pt/miglior_modo_per_evadere/kfqcqz1/
18vbnn8,,kfqa0qh,Bellissimo film. Assolutamente da vedere.,FrigoALegna,2023-12-31T18:36:03,3,Italia,https://reddit.com/r/Italia/comments/18vbnn8/31_dicembre_quest_anno_da_solo_confermo/kfqa0qh/
18vbnn8,,kfq9bfr,Fra tutti i film perché proprio acquaman?,cornnnndoug,2023-12-31T18:31:51,3,Italia,https://reddit.com/r/Italia/comments/18vbnn8/31_dicembre_quest_anno_da_solo_confermo/kfq9bfr/
18vbnn8,,kfq97ju,"Io aspetto deliveroo, indeciso se dargli 2 euro di mancia o 5 (sono un botto 5 euro ao, ci faccio una colazione e un pranzo io). Siamo in due, ho un'ora e mezza di film per finire Il Ritorno del Re, poi tento di fare uscire il cane verso le 22 sperando non impazzisca e poi buona notte.",cacatuca,2023-12-31T18:31:12,2,Italia,https://reddit.com/r/Italia/comments/18vbnn8/31_dicembre_quest_anno_da_solo_confermo/kfq97ju/
18vbefo,,kfq93me,"Abbi pazienza ma stiamo parlando di una produzione da Oscar, è tipo la quintessenza del cinema americano. La scarsa conoscenza del fenomeno mafioso è praticamente il motivo del successo ottenuto sia dal romanzo che poi dai film sceneggiati dallo stesso scrittore nato a NY in una famiglia originaria di Avellino, veterano della seconda guerra mondiale, considera che Mario Puzo poi scrisse anche i due film di Superman con C. Reeves semplicemente cambiando i protagonisti nei ruoli principali e mescolando le carte imprevisti.",unnccaassoo,2023-12-31T18:30:33,1,Italia,https://reddit.com/r/Italia/comments/18vbefo/ho_rivisto_la_trilogia_del_padrino_e_da_siciliano/kfq93me/
18vbnn8,,kfq68rf,"Io sto aspettando che mio fratello torni a casa per cenare insieme (forse farò un risotto), poi lui si andrà a guardare la TV in salotto mentre io ho già un amico che mi aspetta per giocare online.

Poi fammi sapere com'è il film, non penso andrò a vederlo ma mi incuriosisce sapere come ti è sembrato",norridradd,2023-12-31T18:13:18,3,Italia,https://reddit.com/r/Italia/comments/18vbnn8/31_dicembre_quest_anno_da_solo_confermo/kfq68rf/
18vbnn8,,kfq5dis,Dai però che monnezza di film,Solid-Bonus-8376,2023-12-31T18:07:56,2,Italia,https://reddit.com/r/Italia/comments/18vbnn8/31_dicembre_quest_anno_da_solo_confermo/kfq5dis/
18vbnn8,,kfq4tdu,"Beh capodanno al cinema per capodanno al cinema, potevi scegliere lo spettacolo di mezzanotte, ti guardi un film al buio in una sala isolato e immerso nel mondo del film e quando esci hanno già finito di scoppiare quei fastidiosi botti, tanto le cose veramente belle da vedere, i fuochi d'artificio coreografati bene, te li fanno vedere al TG",ViaNocturna664,2023-12-31T18:04:31,1,Italia,https://reddit.com/r/Italia/comments/18vbnn8/31_dicembre_quest_anno_da_solo_confermo/kfq4tdu/
18vbnn8,,kfq3ioa,"Pochi ma ci siamo, ho visto anche tante persone per altre film, non me l'aspettavo per il 31",Maleficent-Trick8930,2023-12-31T17:56:20,1,Italia,https://reddit.com/r/Italia/comments/18vbnn8/31_dicembre_quest_anno_da_solo_confermo/kfq3ioa/
18vbnn8,,kfq2oos,qui l'unico problema che vedo sono 10.70 per un film,andrea_ci,2023-12-31T17:51:05,31,Italia,https://reddit.com/r/Italia/comments/18vbnn8/31_dicembre_quest_anno_da_solo_confermo/kfq2oos/
18vbnn8,,kfq2k02,"Bho, stasera cena alle 8, a casa, io la mia compagna e i gatti. Ci si guarderà un film e poi a nanna. Al di là che non comprendo tutto quest’hype del capodanno, non comprendo perché dover caricarlo d’aspettative come se fosse l’apice di tutte le interazioni sociali dell’anno e doverlo celebrare in compagnia d’altri a qualsiasi costo. Dove 9 su 10 alle 24:01 hai già voglia di sciacquarti dalle palle e tornartene a casa. 

Stai bene così che non hai niente da doverti rimproverare.",BlackChiorra,2023-12-31T17:50:16,35,Italia,https://reddit.com/r/Italia/comments/18vbnn8/31_dicembre_quest_anno_da_solo_confermo/kfq2k02/
18vbefo,,kfq0git,"È il peggiore della trilogia, non c'è tanto da salvare in quel film,in primis la sua rappresentazione della mafia",flamboyantdude,2023-12-31T17:36:59,9,Italia,https://reddit.com/r/Italia/comments/18vbefo/ho_rivisto_la_trilogia_del_padrino_e_da_siciliano/kfq0git/
18vbnn8,,kfpyopt,A parte il film di merda hai tutta la mia invidia,il_maio,2023-12-31T17:25:42,111,Italia,https://reddit.com/r/Italia/comments/18vbnn8/31_dicembre_quest_anno_da_solo_confermo/kfpyopt/
18vbnn8,,kfpy79e,"Avresti potuto vedere un film decente.  
Questo fa abbastanza schifo, poi c'e' Amber Heard, quindi da boicottare",LucaRivaa,2023-12-31T17:22:36,2,Italia,https://reddit.com/r/Italia/comments/18vbnn8/31_dicembre_quest_anno_da_solo_confermo/kfpy79e/
18vbnn8,,kfpwu6m,"Non c'erano molte alternative interessanti, forse Ferrari, Wonka mi hanno detto che è un musical. Ho deciso anche il film quasi all'ultimo, cinema con 8 sale, forse piccolo.",Maleficent-Trick8930,2023-12-31T17:13:58,3,Italia,https://reddit.com/r/Italia/comments/18vbnn8/31_dicembre_quest_anno_da_solo_confermo/kfpwu6m/
18vbnn8,,kfpsqjg,"si beh se poi vai anche a vedere un film di merda...

Dovevi andare a vedere godzilla minus one. E' il migliore film dell'anno senza alcun dubbio.",FrigoALegna,2023-12-31T16:47:42,17,Italia,https://reddit.com/r/Italia/comments/18vbnn8/31_dicembre_quest_anno_da_solo_confermo/kfpsqjg/
18v6vu8,,kfpdh6n,"Ti faccio fare due risate, che vengono dalla vita vera. Il mio dirigente è un tizio che vive a Washington, dirige una funzione con una ventina di persone, la maggioranza del quale composta da italiani.

Dopo aver visto “Il padrino” con sua figlia, andava millantando che “comprendeva come gli italiani intendessero il concetto di lealtà”, ossia come dei mafiosi italoamericani del secolo scorso.

Vani tentativi di tutti noi di spiegargli che quello è un film fatto da (italo)americani",generic-user-jpeg,2023-12-31T15:05:42,42,Italia,https://reddit.com/r/Italia/comments/18v6vu8/americani_che_spiegano_agli_italiani_cosa_succede/kfpdh6n/
162orht,,kfp2m2q,"Sì, naturalmente. Presenteranno una casistica e dei tratti diversi ma l’isolamento non è una conseguenza rara della depressione severa. In Asia il termine stesso non è legato al genere, ci sono anche film, racconti e fumetti su donne hikikomori, come Castaway on the Moon.",ForageForUnicorns,2023-12-31T13:37:41,1,Italia,https://reddit.com/r/Italia/comments/162orht/non_esiste_la_versione_femminile_di_incel/kfp2m2q/
18uqr98,,kfp1f4e,"Tante persone non sono in grado di gestire la “noia”, vogliono vivere in un film, in cui le scene noiose però vengono tagliate, non è che non esistono.

Se ignora i tuoi sforzi come se le conseguenze fossero “dovute” allora ti sei liberato di una persona molto probabilmente non valida, ci hai perso 8 anni, ma meglio 8 che 10 o 15.

Stasera divertiti e domani continua a lavorare sul tuo futuro.

Metti in conto che lei abbia già un altro (è quasi sempre così), ragione in più per cui ti ha piantato a capodanno, dato che evidentemente vuole passarlo con qualcun altro.
Ti ha pure piantato per telefono, ma scherziamo?

Tra qualche anno vorrai ringraziarla per non averti fatto perdere più tempo.",tabascobukkake,2023-12-31T13:26:40,5,Italia,https://reddit.com/r/Italia/comments/18uqr98/lasciato_dopo_8_anni_a_un_giorno_da_capodanno/kfp1f4e/
18uch5m,,kfovj7g,"Non hai torto. Sono fidanzato con una ragazza da anni e ho avuto un crollo emotivo piuttosto forte e mi sono ritrovato in una situazione difficile. Avevo solo lei e quando mi ha visto così debole e fragile, si è destabilizzata molto. Mi sono dato una svegliata e mi sono rimesso in carreggiata. Se avessi continuato su quella strada l'avrei sicuramente persa.

Puoi anche credere che sia una frase da film Marvel, ma dalla la mia esperienza personale e osservando quella di varie persone che conosco,  sono arrivato alla conclusione che è così nella maggior parte dei casi: tutti quegli uomini che diventano pigri, che vedono nella propria compagna anche una mamma, che non sanno prendere una decisione e che non hanno una direzione nella vita... Tutti prima o poi si ritrovano single o cornuti. Nel peggiore dei casi, si ritrovano a crescere figli che non sono i propri, senza saperlo.

Non sto dicendo che non devi essere emotivo ogni tanto. Puoi anche esserlo, ma devi anche dimostrare che sai come uscirne e come risolvere la situazione. Alle donne piace la connessione emotiva, ma a loro piace soprattutto essere ascoltate. Dal momento che metti i tuoi problemi in mano alla tua ragazza/compagna/moglie, vedrai che lei si tirerà indietro.",Dangerous-Practice-6,2023-12-31T12:25:47,1,Italia,https://reddit.com/r/Italia/comments/18uch5m/sono_disperato_per_la_fine_di_una_storia_aiutatemi/kfovj7g/
18s1f7r,,kfot2rd,"Il capodanno, la pasquetta... tutte feste che mettono in ansia un sacco di persone perché la convenzione sociale vuole che ci si debba per forza divertire e stare con altri. Niente di più malsano a mio avviso.

Penso di aver passato la maggior parte dei capodanni della mia vita da solo, o comunque in famiglia ma non in locali o con amici. Come te, diverse volte mi ha messo a disagio questa cosa: mi sembrava uno sbattermi in faccia il fatto che non avessi amici o una ragazza con cui festeggiare.

Ora che ho più di 30 anni, ti dico che a me di queste feste non importa niente e che la cosa più saggia che hai potuto fare è stata quella di allentare le amicizie che non ritenevi tali, o con le quali non ti sentivi a tuo agio.

Devi stare bene tu, con te stesso. Se questo significa passare il capodanno a casa a guardare un film, ben venga!

Io questa sera dovrò partecipare a un cenone organizzato a casa di amici ai quali non ho potuto dire di no. Saremo una decina di persone e, conoscendoli, sarò a disagio per gran parte della serata.
Loro sono molto ""allegri"", bevono tanto e ballano o fanno i matti (per divertirsi intendo). Sono brave persone, simpatiche, ma io sono l'opposto: sono introverso, non bevo tanto anche per fastidi che la cosa mi causa al livello di salute, sono un po timido e non sono il tipo che si butta in pista o fa il matto. Mi piacciono le cose soft.

Il fatto è che sono sì amici, ma non direttamente miei. Io mi sono aggiunto molto dopo e non ho ancora un livello di confidenza più intimo con loro, mentre gli altri sono già un gruppo di amici da anni.

Ti ho raccontato questo per dirti che io invece avrei desiderato starmene a casa, sul divano, a guardare un bel film. Invece ho già l'ansia del cenone, e già so che starò a guardare continuamente l'orologio sperando che passi presto la mezzanotte per chiudere la serata.

Io dici che lo passi meglio tu di me il capodanno.",Pank-0,2023-12-31T11:57:06,2,Italia,https://reddit.com/r/Italia/comments/18s1f7r/a_capodanno_sarò_solo/kfot2rd/
18uch5m,,kfopnqi,"""non posso stare con un uomo che è instabile emotivamente perché ho bisogno di qualcuno che mi regga quando sono io a crollare. E crollo molto spesso""

Credo di dover dare un po' di contesto: per 30+ anni sono stata la persona meno emotiva, più ""rocciosa"", razionale che si possa trovare. Improvvisamente con questa esperienza per me tutta nuova, mi sono ritrovato emotivo e ""distruttibile"".
Dico questo per spiegare che anche conoscere se stessi al 100% non è scontato, da un giorno all'altro scopri un lato di te che non conoscevi, quindi la bella frase sopra da film Marvel lascia il tempo che trova. Questa ragazza l'ho sorretta più e più volte in questi 2 anni di conoscenza, ma sono umano anche io.
Non mi vergogno di avere avuto momenti di debolezza.


Detto questo, accetto di buon grado la tua critica, mi è molto utile anche questa. Combatterò per tornare forte e stabile, cercherò di guardare il futuro da adulto.",unbranched,2023-12-31T11:14:36,1,Italia,https://reddit.com/r/Italia/comments/18uch5m/sono_disperato_per_la_fine_di_una_storia_aiutatemi/kfopnqi/
18uavn4,,kfoofsb,"Che vuol dire testarla? Hai paura che ti tradisca? Se non vuoi che ti tradisca smettila di dargliene motivo.

Se sei geloso vuol dire che senza di lei non puoi stare e già questo potrebbe farle perdere interesse perché se deve essere lei a ""completarti"" il messaggio che mandi è che senza di lei la tua vita è vuota. C è qualcosa di meno attraente di questo?

Se non ti fidi la relazione è già morta perché questa paura di perderla verrà fuori e lei la vedrà. E avere paura di perdere qualcuno è romantico nei film ma nella realtà subcomunica che non hai opzioni e lei è l ultima spiaggia. Comunica disperazione.

Comunque se vuoi testarla non devi mandarle sconosciuti anonimi, devi mandarle un ragazzo che lei si scoperebbe volentieri e vedere che succede. Se mandi gente a caso potrebbero non interessarle, ma ad ogni modo se non ti fidi mollala e fine.",Camera9_,2023-12-31T10:58:50,1,Italia,https://reddit.com/r/Italia/comments/18uavn4/voglio_testare_la_mia_fidanzata/kfoofsb/
18unfne,,kfonjny,"Se il problema sono i pochi amici, c’entra poco tutto ciò col capodanno. La notte del capodanno è uno stupidario inutile di insensatezze e ridicolaggini. Si può fare un bel brindisi anche in casa e guardarsi un bel film.",popolozeta,2023-12-31T10:47:10,1,Italia,https://reddit.com/r/Italia/comments/18unfne/capodanno_in_solitudine_e_senza_amici_quanti_sono/kfonjny/
18uukvy,,kfomcua,"Certa gente, op, manca proprio di cultura basilare.

Da quelle parti come individuano il turista lo assaltano. Orde ti ragazze, ragazzi, trans, ti assaltano come in un film con gli zombie. Scoprono che sei Italiano ed è finita. Stai già mettendo l'anello a 10 ragazze che hai messo incinta e un paio di ladyboy.",The_Happy_Quokka,2023-12-31T10:31:27,10,Italia,https://reddit.com/r/Italia/comments/18uukvy/vado_a_farmi_monaco_perché_non_voglio_restare/kfomcua/
18ue6bb,,kfomc19,"Beh se andaste a qualche evento tipo Lucca Comics o roba inerente al disegno avresti l aggancio per parlare di disegno e uscirci. Per quanto riguarda gli interessi politici la vedo dura. C è qualche film politico o comunque che potrebbe rappresentare il modo in cui vedete la società che potete vedere assieme? O qualche comico o personaggio irriverente che rappresenta la vostra visione che viene a teatro o fa incontri pubblici? Ci sono un po di comici controversi usciti ultimamente.
Se c è puoi dirgli di andarci assieme. Trova una scusa esterna.. L evento serve solo come pretesto. Puoi anche organizzare una cena di gruppo tu, lui e una tua amica e dire alla tua amica di non presentarsi inventando una scusa quando siete già li nel locale ad aspettarla. Ormai siete li, accetterà la cosa e se son rose fioriranno. Magari dici alla tua amica di invitarlo lei. Trova un motivo per farlo uscire.",Camera9_,2023-12-31T10:31:10,1,Italia,https://reddit.com/r/Italia/comments/18ue6bb/come_posso_avvicinarmi_ad_una_persona_timida/kfomc19/
18s2mf3,,kfoie41,"Un film animato strano su una tartaruga chiamato Le Avventure di Sammy, una roba veramente dimenticata di Dio",Luke_Gecko_New,2023-12-31T09:39:48,1,Italia,https://reddit.com/r/Italia/comments/18s2mf3/primo_film_che_avete_visto_al_cinema/kfoie41/
18uobkb,,kfoeu3o,"Io direi che questo già mi renderebbe molto felice, più un film sarebbe top",omagicodejo,2023-12-31T08:54:17,1,Italia,https://reddit.com/r/Italia/comments/18uobkb/uscire_da_soli_alla_fine_dellanno_è_deprimente/kfoeu3o/
18unfne,,kfoeqz0,"Ti consiglio di vederei il film: ""32 dicembre""su Amazon prime",NorthLeadership89,2023-12-31T08:53:09,2,Italia,https://reddit.com/r/Italia/comments/18unfne/capodanno_in_solitudine_e_senza_amici_quanti_sono/kfoeqz0/
18ul3m1,,kfodzqa,"Io ho risolto abbastanza questo problema concentrandomi sulle ""small talks"".

C'è questa persona no vax e super complottista (alieni, controllo da parte dei potenti, scie chimiche, ecc.. ) e ogni volta che la incontro i discorsi sono banali per evitare derive insensate. Ecco alcuni spunti:
- lavoro (anche ""quando andrai in pensione?"" Spacca)
- animali
- gossip locali
- successi personali irrilevanti (non cose serie tipo laurea che se no finisce male)
- auto (attenzione a evitare auto elettriche e inquinamento)
- musica
- film
- meteo (ma non clima o eventi estremi, cose del tipo ""uffa piove."")",Atom404-,2023-12-31T08:43:32,1,Italia,https://reddit.com/r/Italia/comments/18ul3m1/patente_novax_ha_rovinato_il_pranzo_di_natale/kfodzqa/
18ul3m1,,kfo9zdl,"Pensa, io la penso come quel tuo parente. La differenza è che io la pandemia l’ho vissuta in Romania e li’ e’ intervenuto l’avvocato del popolo, garante della costituzione, ed ha dato ragione ai no vax. 
In TV dicevano di non fare feste e poi poliziotti, ecc si vedevano in degli scantinati di vari club a ballare. Un po’ come la storia di Boris Johnson che si è ammalato a sua volta. Se fosse stato veramente pericoloso sarebbero stati tutti a casa impauriti come nei film horror di non essere aggrediti dagli zombies. 
P.S.: nessuno nella mia figlia allargata dai giovani ai vecchi si è vaccinato eppure stiamo tutti bene, compresa mia moglie che da giovane ha avuto la TBC e dovrebbe essere un soggetto fragile.",Deviad,2023-12-31T07:54:22,1,Italia,https://reddit.com/r/Italia/comments/18ul3m1/patente_novax_ha_rovinato_il_pranzo_di_natale/kfo9zdl/
18ueki1,,kfmnw1o,"""Crapa pelata fa le scuregge e su di noi non detterà legge"". Frase di un bel film francese la cui colonna sonora è stata di recente remixata e quindi sdoganata, divulgata al popolino",martifero,2023-12-31T00:23:20,1,Italia,https://reddit.com/r/Italia/comments/18ueki1/il_biglietto_da_visita_delle_ragazze_milanesi/kfmnw1o/
18tp6qa,,kfml0rl,"Quando andavo al liceo stavo con una ragazza della mia stessa classe. Il livello culturale dei miei compagni, ragazza inclusa, era decisamente basso. Non li potevo considerare come dei ragazzi socialmente completi. Nel senso che ognuno di loro sembrava una caricatura, uno stereotipo vivente. Per fare un esempio, c'era il secchione della classe completamente incapace di relazionarsi. Ma c'era anche la ragazzina più carina (non bella né bellissima) che faceva la preziosa pur avendo una personalità piatta e finta. Poi c'erano NPG di cui neanche ricordo il nome perché non parlavano mai, non avevano mai un'idea loro. E ogni gruppetto faceva le solite quattro chiacchiere ogni santo giorno. Però, quando dopo tre o quattro mesi mi sono integrato, nonostante avessi una pessima stima di tutti quanti loro, alla fine ho avuto un momento di felicità.

O meglio, mi sono chiesto, realizzandone l'assenza, se c'era qualcosa che non andasse. Perché avevo tutto alla fine: ero popolare e ricercato nonostante non lo fossi stato mai (ma in quello strano mix ne uscivo fuori come qualcosa di incredibile per confronto); ero al tempo in buoni rapporti con la mia ragazza (nonostante era impossibile avere una comunicazione decente, infatti la nostra storia è finita appena arrivati al sesto mese); i voti non erano così male e non avevo altre preoccupazioni troppo limitanti. Per esclusione quasi sono arrivato a domandarsi se quella fosse la felicità. So che è un po' una scena da film squallido, ma il pensiero c'è stato ed è inutile negarlo. Mi sono concentrato su quel sentimento, ma proprio perché era innaturale sentirmi quasi ""bene"" tra persone che non potevo riconoscere mie pari, l'istante successivo dopo aver provato la felicità, questa si è spenta, o almeno smorzata. 

Forse perché in quel momento mi sono reso conto che una tale felicità può dare adito o creare spazio per ansie. Del resto, la felicità è così effimera. Però è stato solo un pensiero, una percezione. Mi ricordo di aver pensato anche che allora preferivo il dolore quasi, a quello stato di fluttuante incoerenza ed incertezza. Almeno il dolore ti aggancia alla realtà delle cose. Quella sensazione che tutto va bene ma non benissimo. Che tutto è ok e non c'è bisogno di preoccuparsi, alla fine mi è sembrata davvero la finzione della finzione. E il parossismo dell'incertezza non è qualcosa che possa ritenere positivo.

Ho tentato di ritrovare quella felicità per poterla analizzare nuovamente, ma non è nemmeno facile ottenere o raggiungere quel livello. Da un lato, nemmeno ci tengo. Mi piacerebbe invece sperimentare una felicità vera, che mi faccia sentire vivo e felice di esserlo. Ma al momento, per quanto triste o poco piacevole, quello è forse uno dei casi di felicità in cui ero più presente. In altri momenti ho provato gioia, ho visto la contagiosità di questa emozione. Ma la felicità è qualcosa di particolare e come emozione davvero difficile da provare, almeno nella mia personale esperienza. La maggior parte delle volte sento contentezza o comunque soddisfazione oppure gratitudine a seguito di apprezzamento volontario, ma non felicità. Non così frequentemente (e già a dirlo dopo aver detto di aver provato la felicità solo questa volta mi pare sia già uno stretch molto considerevole).",Vivotrapazzi,2023-12-31T00:04:40,2,Italia,https://reddit.com/r/Italia/comments/18tp6qa/qual_è_un_vostro_ricordo_felice/kfml0rl/
18uobkb,,kfm0yxd,"Cena a casa e un bel film, non potrei stare meglio.",francescoscanu03,2023-12-30T21:55:45,4,Italia,https://reddit.com/r/Italia/comments/18uobkb/uscire_da_soli_alla_fine_dellanno_è_deprimente/kfm0yxd/
18uobkb,,kflts3d,"Io, come negli ultimi anni, mi riguarderò un film. Anche due… ti consiglio di fare qualcosa che ti piace…",pitbeat,2023-12-30T21:10:08,1,Italia,https://reddit.com/r/Italia/comments/18uobkb/uscire_da_soli_alla_fine_dellanno_è_deprimente/kflts3d/
18ttuk6,,kfl64rp,"sob è un ""vorrei piangere"", perchè è assurdo che non esista un servizio decente (a parte un micromondo legato alle biblioteche, ma non tutte aderiscono/non sanno come fare l'account) per chi vuole leggere libri senza avere l'ingombro del libro fisico o anche solo che voglia ascoltarsi un libro letto da qualcuno con una bella voce, magari mentre si cammina un po'.

E' semplicemente assurdo (e con i prezzi che hanno i servizi ad abbonamento ma anche i singoli ebook il prezzo è sproporzionato in qualunque caso, i film costano molto meno)",skydragon1981,2023-12-30T18:44:23,1,Italia,https://reddit.com/r/Italia/comments/18ttuk6/pirateria/kfl64rp/
18t1hkb,,kfl4gnk,"Da piccolo, guardando i film e cartoni con i pirati, ero convinto di poter trovare un tesoro dimenticato.
Quante bucche ho abbiamo fatto con mio fratello...un macello!",rino_gaetano,2023-12-30T18:34:19,1,Italia,https://reddit.com/r/Italia/comments/18t1hkb/qual_è_una_cosa_strana_che_credevate_da_bambini/kfl4gnk/
18ueki1,,kfl1n2c,"Film STUPENDO.

L'avrò visto almeno 10 volte.",Ercolina,2023-12-30T18:17:15,3,Italia,https://reddit.com/r/Italia/comments/18ueki1/il_biglietto_da_visita_delle_ragazze_milanesi/kfl1n2c/
18uk270,,kfkp9vx,"Era un film mentale, stai tranquillo",EllyTales,2023-12-30T17:01:03,58,Italia,https://reddit.com/r/Italia/comments/18uk270/ragazza_sul_treno/kfkp9vx/
18tmtxq,,kfkcsgy,"Si la gente mitizza gli 80’s e 90’s perché semplicemente i “tunnell” ipnotici in tv erano veloce
Brillante solare ye ye;tutto sitcom in tv genere scomparso dopo il 2000;la
Musica era giocherellona stile Sabrina Salerno;Jerry calà e la sua doppia libidine coi fiocchi 🤣;il pil 80 a cresceva al 4% l anno e coi soldi dei bot ci si comprava casa e macchina;ogni giorno l italianità cresceva con nuove radio e tv locali dove maghi e ludologi creavano 1 sottobosco trash;dal 1998 gli italiani sono “tristi” perché maghi e lottologi sono progressivamente scomparsi dalle tv;oggi sono il 10% di prima;idem le discoteche;la gente ricorda positivamente gli anni 90 sopratutto per la dance commerciale tipica dell epoca che faceva sembrare che il mondo fosse solare ed energico;gli incentivi alla rottamazione e la fine della destra da famiglia cristiana e la “scomunistizzazzione “ del centro sinistra italiano facevano sembrare l Italia più moderna;nascevano nuove radio locali stavolta settoriali per la dance per esempio;la gente era euforica perché rispetto agli 80 a i computer costavano meno era più potenti e con interfacce più amichevoli;negli anni 90 con micra e fiesta 95 arrivava il 16 valvole ed airbag per tutti e le segmento c “astrali” come la
Focus sdoganarono l abs per tutti mentre la Yaris con la sua strumentazione digitale 3d era modernissima;negli 80 s auto ben rifinite erano solo segmento e stile lancia thema e le piccole pepate come Peugeot 205’turbo uno turbo ecc erano 1 nicchia insicura;nei 90 s ancora la fiesta xr2 iniezione era non proprio sicura ma costava relativamente poco ed era rifinita da dio;euforia ancora visto che il videoregistratore anni 80 era costoso e con scarsa qualità mentre quelli anni 90 molto meglio;anche i lettori cd negli 80 a suonavano male ma erano pratici vs vinile e cassette e nei 90 s suonavano meglio;nei 90 s le auto erano tutte catalizzate e quindi climatizzate dal 1994 in poi;il clima anche sulle utilitarie fece sentire gli italiani “ricchi”;negli 80 s e primi 90 s gli spot di zero zero 144 166 899 erotici erano veri spezzoni di film porno semi censurati in 1 mondo abbastanza “di chiesa”;nei 90 s la gente era euforica perché poteva guardare tali spezzoni hard su reti locali o abbonarsi al satellitare analogico a canali porno;nei 90’s il cellulare status symbol per ricchi degli 80’s divenne il mezzo della libertà;se negli 80 e libertà era la 500 del 1965 usata di terza mano nei 90 s lo sdoganamento era avere 1 cellulare dove la ragazza che ti piace ti telefonava senza il filtro dei genitori ecc ecc i film di cinema sono i più belli negli 80 s e 90 s facevano ridere e sognare come le
Melodie 8 bit videogame 80 s di sale giochi e i giochi fps nei 90 s ma dal 1998 si spengono le sale giochi e italiani tristi;99 2000 italiani tristi perché radio e tv locali parecchie chiudono;2001 11 settembre e Italia crescita zero perché Italia basata su imprese localistihe artigianali fuori dal mercato con protezione statale a condizione familiare:micra e Yaris uccisero Fiat e lancia e solo alfa col diesel common rail tenne banco per poi defungere con la mito bicilindrica;Fiat tenne botta con la 500 2007 molto nostalgica nulla di “nuovo”;italiani tristi perché dance all’ italiana finisce intorno al 2004/2005;la Fiat è diventata del gruppo Peugeot e lancia e alfa sono inesistenti con telaio ed elettroniche francesi ecc;italiani tristi perché la loro italianità è defunta e i prezzi post euro al contrario dei 90 s dove erano scesi saliranno progressivamente senza più fermarsi;cellulari alle stelle auto prezzi alle stelle specialmente dal 2018
In poi;italiani tristi perché sempre più poveri stipendi fermi da 30 anni;la mazzata del lockdown la botta definitiva;l italiano è quello delle liti al bar;quello delle piccole imprese di ristorazione tutte chiuse per 2 anni ecc ecc dimmi tu se non rimpiangi gli anni 90;vuoi comprare un Audi a 3?dal 2018 costa quando l Audi a 6 1997 una c costa nei 20 s quanto un segmento e anni 90 secondo te gli italiani possono essere felici oggi?rimpiangono colpo grosso dove le ragazze di 20 anni erano nude in tv nazionali come Italia 7;oggi porno soft sparito dalla tv;spostato su cellulari dove le 20 enni stanno seminude su Instagram ma i vecchi sopra i 50 anni invece non frequentano molto il cellulare o Comunque devono cercare non c’è L hanno già “pronta”;i giovani non sono felici perché hanno la possibilità di rippare di tutto e di più ma solo roba vecchia perché oggettivamente fumetti musica e film di oggi fanno cagare e così via;non c è 1 cosa che giri diritta dal 2001 sempre peggio sempre peggio e i giovanissimi sono i più fragili perché credono che il mondo social sia vero;tutte strafiche coi filtri tutte a Dubai in suite tutte che da YouTube a only fans girano in Lamborghini urus tutto falso;son cameriere che si fanno i selfie nella suite che si fotografano fingendosi clienti nel ristorante dove lavorano sono tutte Lamborghini a noleggio così poi il mese dopo noleggi una Maserati e la 18 enne crede che quell influencer spottando quell ombretto ha comprato il mese dopo una Maserati;così i giovani nascono frustrati e hanno tutto ma non son contenti;se anni fa provavi a regalare a 1 nipotino delle scuole medie un iPhone 5 c o un xr o un mini ti avrebbe aggredito perché gli regali l iPhone dei poveri insomma 1 disastro totale",Then-Blueberry3438,2023-12-30T15:39:57,1,Italia,https://reddit.com/r/Italia/comments/18tmtxq/unpopular_opinioni_sugli_anni_8090/kfkcsgy/
18uheh0,,kfk9ow6,"La pizza che hai descritto, può essere di qualsiasi posto, ma non è di certo una pizza napoletana. Non sono di Napoli e non ci vivo, ma dove abito ci sono due pizzerie gestite da napoletani e, ti assicuro, che il cornicione, oltre ad essere leggero , ha quasi la fragranza e la croccantezza del pane appena sfornato. Per non parlare poi della mozzarella. Certo che se pensi di tagliare uno spicchio pensando di portarlo in bocca come si vede nei film americani, credo proprio che abbia sbagliato tipo di pizza.",Whole-Match2267,2023-12-30T15:18:24,2,Italia,https://reddit.com/r/Italia/comments/18uheh0/la_pizza_napoletana_è_oscena/kfk9ow6/
18ssabw,,kfk61j0,Esatto sudamericano è parola molto generica;diciamo che li stereotipo italiano del ragazzo latino americano è Dennis dosio bono e giocherellone e le donne sudamericane nell immaginario italiano son sempre a twerkare e son sempre in eterno carnevale di rio;ma oggigiorno tutte le italiane copiano le donne di madeelingua spagnola e portoghese anche non sudamericana ascoltando la musica Latin ecc ecc insomma non credo che i sudamericani abbiano brutta nomea Grazie anche a Maradona con cui identificano l Argentina;al max ci può essere lo stereotipo che i colombiani son tutti spacciatori di droga e che i messicani dormono sempre e mangiano piccante ma proprio da film western anni 60 da cartone di speedy gonzales,Then-Blueberry3438,2023-12-30T14:51:40,3,Italia,https://reddit.com/r/Italia/comments/18ssabw/che_stereotipi_avete_dei_latinoamericani_in/kfk61j0/
18ueki1,,kfk1hqj,"> dipende tantissimo dai ""geni"" che hai dalla nascita

Consiglio il film di fantascienza *Gattaca - La porta dell'universo* (1997), tratta proprio il tema della lotteria genetica.",Wise_Stick9613,2023-12-30T14:16:26,7,Italia,https://reddit.com/r/Italia/comments/18ueki1/il_biglietto_da_visita_delle_ragazze_milanesi/kfk1hqj/
18uftdq,,kfk08pw,"Secondo te per quale motivo le segnalazioni per copyright sono fatte a cazzo di cane? No eh, sarei curioso. Perchè di 'sto passo nessuno potrà pubblicare video su musica, videogiochi, film, ecc.",Unfair_Neck8673,2023-12-30T14:06:12,1,Italia,https://reddit.com/r/Italia/comments/18uftdq/annunci_scam_su_youtube/kfk08pw/
18udh5j,,kfjvr3u,"Eventi dell’anno: liberi di aggiungere la vostra
- il governo abolisce il reddito di cittadinanza; sperpera denaro in opere inutili e per il proprio apparato; fa un accordo capestro con l’Albania già fallito per risolvere il problema immigrazione per cui hanno scoperto che il blocco navale non si può fare; non viene ratificato il MES (non che ci importi, nemmeno sappiamo che cos’è: non lo sapeva neanche Renzi, quando chiese la testa di Conte perché non lo aveva voluto, ma ha fatto finta di nulla quando Draghi ha confermato che fare uso del MES era una cazzata); Scandalo appalti con Salvini e Verdini Jr proprio nel periodo di Natale; ancora acceso il dibattito sulle armi all’Ucraina, mentre con Israele non si è capito che fare; Salvini non fa scioperare e i sindacati si accorgono che forse bisogna dire qualcosa in merito; disastro nella gestione del PNRR
- Berlusconi è morto. Per molti è quasi un anno 0. La beatificazione a reti unificate è stata quasi commovente. Già partono le teorie del complotto #Silvioisnotdead
- Alluvioni in Emilia Romagna e in Toscana: piove, governo ladro, colpa del PD, indignazione, gessetti colorati, soldi stanziati, chissà cosa si farà per risolvere, ma guardate che in Veneto avevano già previsto tutto e hanno fatto i lavori
- il salario minimo, la proposta che doveva unire le opposizioni che fino a ieri erano contrari e perché era la solita pacchiana idea dei “grullini”: un naufragio annunciato
- Salvini vuole davvero fare il ponte sullo stretto di Messina. C’è molto scetticismo e il sospetto che sia l’ennesima mangiatoia
- Ranucci di Report querelato ogni settimana perché sta facendo solo il suo lavoro. Si propone la sua santificazione a Bergoglio
- Vincenzo De Luca show: la vicenda di Caivano e la crociata contro le serie TV sulla mafia (va detto, ha pure ragione: se ne inventano una a settimana, che due palle)
- l’omicidio Cecchettin e l’osceno teatrino mediatico e social che ne è seguito, che spiega come mai siamo delle persone orribili, come i cavalli. Ancora tante frasi al vento, reazioni psicotiche, gessetti colorati, manifestazioni in piazza per… non si sa bene cosa
- gli attivisti per il clima sono sempre carichi: attacchi ai quadri e ai monumenti (premio Oscar al miglior attore non protagonista a Nardella per la corsa al salvataggio contro un attivista); Greta viene accusata di essere antisemita per qualche motivo
- la Chiesa cerca di aprirsi al mondo moderno con molta fatica: ma deve farlo davvero? Nel frattempo a Padova non riescono a pronunciare il nome di Gesù, per paura di offendere qualcuno
- il Dalai Lama al centro dello scandalo per comportamenti ambigui con un bambino: accuse di pedofilia volano sui social. Ogni religione è paese?
- al cinema impazza il Barbieheinmer: un dualismo senza senso che però fa girare un sacco di soldi e rilancia il mondo cinematografico sempre più in declino. Scorsese dichiara guerra ai cinecomic e si gioca De Niro e Di Caprio nello stesso film. Il declino dei grandi franchise è comunque un fatto, come dimostrano i flop Marvel in sequenza. Star Wars si gioca la carta Dave Filoni per sperare di risorgere dopo i disastri dell’ultimo decennio, anche se la serie Ahsoka funziona solo a tratti (ma quanto è figo Anakin con la spada rossa, eeeeeh?)
- spopola la serie “Mare Fuori”
- Twitter ormai è in declino, fa schifo e tutto… ma continuano a usarlo tutti
- Taylor Swift è diventata miliardaria. Siamo tutti felici per lei, come quei tabaccai che festeggiano quando il biglietto vincente della lotteria lo hanno venduto loro, sperando per questo di ricevere parte della vincita. Illusi. Nel frattempo pare che sia così forte da poter influenzare le elezioni americane. Dall’altra parte c’è Kanye West, ufficialmente il più odiato cantante di sempre per via delle sue uscite antisemite pro-Hitler. Forse è malato. Non si è capito. Nel frattempo, la musica alternativa sta trovando nuova linfa grazie a Tik Tok. In Italia è l’anno di Elodie e Annalisa: così diverse ma così uguali per le scelte di comunicazione del proprio prodotto. Nonostante ciò, nella top 10 delle vendite rimangono i maschietti: indignazione generale sui social durata un petosecondo
- l’Italia del tennis trionfa in coppa Davis dopo un sacco di anni. Memorabile Panatta che cerca di gufare fino alla fine
- viene abolito il decreto crescita per il calcio: i club piangono. Una sentenza della corte europea potrebbe sconvolgere le dinamiche del calcio tra club e federazioni. Oppure no. Nel frattempo, il VAR fa sempre più cagare.",Westaufel,2023-12-30T13:27:04,5,Italia,https://reddit.com/r/Italia/comments/18udh5j/per_cosa_sarà_ricordato_il_2023_e_per_cosa_lo/kfjvr3u/
18ttuk6,,kfjvb72,Su torrent scarico film e serie da guardare offline in caso viaggiassi in posti senza internet o con pochi giga. Scarico videogames (sempre più raramente)o programmi  a pagamento (office per esempio),Fereshteye_Asemani,2023-12-30T13:22:56,6,Italia,https://reddit.com/r/Italia/comments/18ttuk6/pirateria/kfjvb72/
18udh5j,,kfjsh08,"Eventi significativi di questo anno:
- il governo abolisce il reddito di cittadinanza; sperpera denaro in opere inutili e per il proprio apparato; fa un accordo capestro con l’Albania già fallito per risolvere il problema immigrazione per cui hanno scoperto che il blocco navale non si può fare; non viene ratificato il MES (non che ci importi, nemmeno sappiamo che cos’è: non lo sapeva neanche Renzi, quando chiese la testa di Conte perché non lo aveva voluto, ma ha fatto finta di nulla quando Draghi ha confermato che fare uso del MES era una cazzata); Scandalo appalti con Salvini e Verdini Jr proprio nel periodo di Natale; armi all’Ucraina, mentre con Israele non si è capito che fare; Salvini non fa scioperare e i sindacati si accorgono che forse bisogna dire qualcosa in merito.
- Berlusconi è morto. Per molti è quasi un anno 0. La beatificazione a reti unificate è stata quasi commovente. Già partono le teorie del complotto #Silvioisnotdead
- Alluvioni in Emilia Romagna e in Toscana: piove, governo ladro, colpa del PD, indignazione, gessetti colorati, soldi stanziati, chissà cosa si farà per risolvere, ma guardate che in Veneto avevano già previsto tutto e hanno fatto i lavori
- il salario minimo, la proposta che doveva unire le opposizioni che fino a ieri erano contrari e perché era la solita pacchiana idea dei “grullini”
- Salvini vuole davvero fare il ponte sullo stretto di Messina
- Ranucci di Report querelato ogni settimana perché sta facendo solo il suo lavoro. Si propone la sua santificazione a Bergoglio
- Vincenzo De Luca show sulla vicenda di Caivano e la crociata contro le serie TV sulla mafia (va detto, ha pure ragione: se ne inventano una a settimana, che due palle)
- l’omicidio Cecchettin e l’osceno teatrino mediatico e social che ne è seguito, che spiega come mai siamo delle persone orribili, come i cavalli. Ancora tante frasi al vento, reazioni psicotiche, gessetti colorati, manifestazioni in piazza per… non si sa bene cosa.
- gli attivisti per il clima sono sempre carichi: attacchi ai quadri e ai monumenti (premio Oscar al miglior attore non protagonista a Nardella per la corsa al salvataggio contro un attivista); Greta viene accusata di essere antisemita per qualche motivo.
- la chiesa cerca di aprirsi al mondo moderno con molta fatica: ci si chiede se debba farlo davvero.
- al cinema impazza il Barbieheinmer: un dualismo senza senso che però fa girare un sacco di soldi e rilancia il mondo cinematografico sempre più in declino. Scorsese dichiara guerra ai cinecomic e si gioca De Niro e Di Caprio nello stesso film. Il declino dei grandi franchise è comunque un fatto, come dimostrano i flop Marvel in sequenza. Star Wars si gioca la carta Dave Filoni per sperare di risorgere dopo i disastri dell’ultimo decennio, anche se la serie Ahsoka funziona solo a tratti (ma quanto è figo Anakin con la spada rossa, eeeeeh?).
- Twitter ormai è in declino, fa schifo e tutto… ma continuano a usarlo tutti
- Taylor Swift è diventata miliardaria. Siamo tutti felici per lei, come quei tabaccai che festeggiano quando il biglietto vincente della lotteria lo hanno venduto loro, sperando per questo di ricevere parte della vincita. Illusi. Nel frattempo pare che sia così forte da poter influenzare le elezioni americane. Dall’altra parte c’è Kanye West, ufficialmente il più odiato cantante di sempre per via delle sue uscite antisemite pro-Hitler. Forse è malato. Non si è capito. Nel frattempo, la musica alternativa sta trovando nuova linfa grazie a Tik Tok. In Italia è l’anno di Elodie e Annalisa: così diverse ma così uguali per le scelte di comunicazione del proprio prodotto. Nonostante ciò, nella top 10 delle vendite rimangono i maschietti: indignazione generale sui social durata un petosecondo",Westaufel,2023-12-30T12:55:48,1,Italia,https://reddit.com/r/Italia/comments/18udh5j/per_cosa_sarà_ricordato_il_2023_e_per_cosa_lo/kfjsh08/
18ttuk6,,kfjmsab,"Ma se devo pagare 7 euro in più su un hard disk che ne costa già 200 me ne frega fino ad una certa, se si parla di una chiavetta da pochi Gb in cui realisticamente c'entrano due film e mezzo compressi all'inverosimile o mezzo film con qualità video accettabile boh, un DVD rip pesa sui 40 Gb senza compressione, un bluray arriva tranquillamente ai 100, le potenzialità di piratare qualcosa con una chiavetta da 32 giga sono così limitate che è come chiedere il porto d'armi per una pistola a pallini.",Loitering14,2023-12-30T11:52:39,1,Italia,https://reddit.com/r/Italia/comments/18ttuk6/pirateria/kfjmsab/
18u75lt,,kfjmag6,"Io credo che basti fare una telefonata a The Rock e chiedere a lui se si ricorda chi l'ha doppiato nel precedente film. E se il doppiatore si rifiuta, è morto, o è diventato di sinistra, puoi chiamare Russel Crowe e chiedere a lui di doppiare, ha una voce troppo bella quell'uomo e dal modo in cui dice ""al mio segnale scatenate l'inferno"" è evidente che parla  un Italiano fluente.",Lesty-88,2023-12-30T11:46:42,1,Italia,https://reddit.com/r/Italia/comments/18u75lt/doppiatore_per_un_singolo_attore/kfjmag6/
18u75lt,,kfjkbi8,"Credo che per sapere chi ha doppiato The Rock usino Google, ma non sono sicuro, magari si guardano il film precedente e aspettano i titoli di coda, oppure il doppiatore è conscio del fatto che il suo lavoro è doppiare The Rock.
Non saprei, questione troppo complicata",ITA_DEX,2023-12-30T11:22:34,1,Italia,https://reddit.com/r/Italia/comments/18u75lt/doppiatore_per_un_singolo_attore/kfjkbi8/
18tt8j8,,kfjbnij,"Scusa non per fare il cagacazzi ma una giornata ha 24 ore. Otto le togliamo per dormire, otto le togliamo di lavoro e ne togliamo pure due per il viaggio andata ritorno. Ti rimangono sei ore al giorno da spendere in altre cose. Al di là dei discorsi sul fatto che sia poco tempo una volta che ci metti dentro tutte quelle incombenze quotidiane comunque ore vere di tempo libero ce ne sono da spendere in hobby. Senza contare poi ovviamente i weekend.

Io l'estate faccio un lavoro stagionale che mi occupa anche più di dodici ore al giorno, tutti i giorni senza riposi ma in un modo o in un altro il tempo per leggere un po', vedere un film o giocare a qualcosa lo trovo. Ad un certo punto staccare dalla routine e fare qualcosa di diverso diventa questione di salute mentale oltre che di divertimento.",nicktheone,2023-12-30T09:30:49,3,Italia,https://reddit.com/r/Italia/comments/18tt8j8/avere_degli_hobby_rende_sul_serio_attraenti/kfjbnij/
18qnn05,,kfj0hc9,Esatto;Carlo Verdone stesso ha detto che oggi film come gallo cedrone dove fischiava alle ragazze oggi è definito cat calling e dunque sarebbe 1 film rifiutato da tutte le case editrici,Then-Blueberry3438,2023-12-30T07:13:44,1,Italia,https://reddit.com/r/Italia/comments/18qnn05/riduzione_rapporti_sessuali_tra_giovani/kfj0hc9/
18qnn05,,kfiypdk,Il problema non è il femminismo radicale ma le donne diventate super fobiche;stanno mezze nude sui social fingendo che la figa c’è L hanno solo loro poi però sono terrorizzate da qualunque uomo;molte volte devo camminare per andare verso la mia auto di ritorno da qualche negozio e mi capita sempre la ragazza in giro seminuda che peró si gira ogni 2 per 3 indietro fobica di essere seguita come nei film horror ma in pieno giorno;troppi film su psicopatici stuoratori su canali come la 9 di Murdoch probabilmente fanno questo effetto,Then-Blueberry3438,2023-12-30T06:53:52,1,Italia,https://reddit.com/r/Italia/comments/18qnn05/riduzione_rapporti_sessuali_tra_giovani/kfiypdk/
18ttuk6,,kfiyc6j,"Ma anche perché se ti limiti a guardare in streaming film e serie tv, senza downloadare ufficialmente non stai facendo nulla di illegale o meglio si è in una zona grigia.",DR5996,2023-12-30T06:49:56,2,Italia,https://reddit.com/r/Italia/comments/18ttuk6/pirateria/kfiyc6j/
18tzbii,,kfi3hul,"Anchio, sono qui per leggere italiano ogni tanto. mi piace guardare i film con sottotitoli oer practicare.",tacobeetle8,2023-12-30T02:31:14,2,Italia,https://reddit.com/r/Italia/comments/18tzbii/sono_qua_al_ritalia_per_praticare_il_mio_italiano/kfi3hul/
18tyn7z,,kfhdrlw,"cattivissimo me, che gran film. Mi dispiace tanto, spero si risolva tutto",GiuliaPayne_,2023-12-29T23:32:47,2,Italia,https://reddit.com/r/Italia/comments/18tyn7z/è_stupido_ma_qualcuno_vuole_chiacchierare/kfhdrlw/
18ttuk6,,kfh2nah,Veezie ottimo per guardare serie e film ma i torrent possono essere anche giochi e musica,Puzzleheaded-Ad361,2023-12-29T22:19:18,3,Italia,https://reddit.com/r/Italia/comments/18ttuk6/pirateria/kfh2nah/
18ttuk6,,kfh1jiu,"Peccato che se il sistema è marcio alla radice. 

Dessero la possibilità di comprarti e scaricarti un film a pochi euro, invece no, ti deci abbonare o minimo iscriverti a qualche sito di merda per semplicemente poter usare in prestito il materiale.

Fossero almeno come Steam dove hai la percezione che i giochi siano tuoi e stai sicuro che non scompaiono.

Vogliamo parlare di tutto quel materiale impossibile da reperire senza pirateria?",Human_from-Earth,2023-12-29T22:12:10,7,Italia,https://reddit.com/r/Italia/comments/18ttuk6/pirateria/kfh1jiu/
18ttuk6,,kfgz87v,"Sei rimasto ancora ai download?
AggiornatI con VEEZIE.ST se vuoi guardare i film",Small_Juice_674,2023-12-29T21:57:26,1,Italia,https://reddit.com/r/Italia/comments/18ttuk6/pirateria/kfgz87v/
18tilmh,,kfgonfg,Hai guardato troppi film americani. In Europa non siamo altrettanto fessi e il jaywalking non esiste.,TurboNyan,2023-12-29T20:51:12,1,Italia,https://reddit.com/r/Italia/comments/18tilmh/col_limite_a_30_kmh_in_città_si_consuma_meno_al/kfgonfg/
18tqvj7,,kfgmjry,">OneDrive cosa fa? È uno spazio Cloud vero e proprio?

Concettualmente identico Google Drive o Apple iCloud ma parte dell'ecosistema Microsoft. Essendo parte dell'abbonamento di Office (Microsoft 365) con 1tb di spazio è molto difficile trovare alternative allo stesso prezzo. Inoltre è perfettamente integrato in Windows e sincronizza documenti e desktop. Ho 3 VM windows che uso per attività differenti e sincronizzo il desktop e documenti in questo modo. Come molti prodotti Microsoft sarebbe valido se non ci fosse un livello di telemetria da film distopico.

Quando lo abbandonerò non so se andrò su altri servizi cloud. Alla fine il cloud è solo il computer di qualcun altro e creare i miei sistemi personalizzati mi da molto piacere oltre a insegnarmi un sacco di cose.

&#x200B;

>Mi interessa molto il discorso della musica, se hai materiale o qualche  nozione su cui investigare, o vuoi semplicemente aggiungere qualcosa a  quanto già detto te ne sarei grato

Nel mio  server ho installato Jellyfin che fa da media manager per film, serie tv, ebook. Inoltre c'è navidrome che fa la stessa cosa ma solo per la musica. 

Teoricamente potrei usare solo Jellyfin che è in grado di gestire anche gli archivi di MP3, ma Navidrome mi offre altre funzionalità più orientate alla musica e un miglior supporto per i miei file FLAC.

Come client desktop uso Feishin [https://github.com/jeffvli/feishin](https://github.com/jeffvli/feishin) ma potrei utilizzare anche il browser e accedere all'interfaccia di Jellyfin o Navidrome.

Quando sono fuori casa, non avendo IP pubblico con il mio ISP, utilizzo Tailscale per poter accedere esternamente. Lo installi nel server e nello smartphone e ti crea una VPN.

Ho una banalissima *fibra misto rame* (terminologia per la quale dovrebbero andare in galera tutti gli stronzi markettari degli ISP italiani) che va a 120 Down/20 Up. Con questa connessione riesco a fare streaming di musica senza mai bufferizzare e skippare canzoni ad una velocità che Spotify se la sogna.

Se mi venisse la malsana idea di guardare un film fuori casa mantenendo una qualità 4K la banda sarebbe insufficiente, ma posso sempre scaricarlo e aspettare qualche minuto prima di farlo partire. Non ne ho mai realmente sentito l'esigenza. Quando sono fuori casa voglio stare lontano dagli schermi.

Ti invito a visitare r/selfhosted . In questo sub ti si aprirà un mondo. C'è una bella atmosfera e tutti si aiutano senza giudizio. Immaginati r/Italia ma all'incontrario.

Fun fact: in modalità totalmente shuffle, la prima traccia che ho ascoltato dalla mia vecchia libreria di MP3 è stata ""Fuck The System""  dall'album ""Steal This Album"" dei System of a Down. Non credo nel destino, ma è una di quelle coincidenze difficili da ignorare.

Se hai altre curiosità a riguardo, chiedi pure.",centomila,2023-12-29T20:38:23,1,Italia,https://reddit.com/r/Italia/comments/18tqvj7/vivere_senza_google/kfgmjry/
18tuabs,,kfglt7h,"Ho 40 anni. Mi piacerebbe dirti che ciò significhi che ne ho viste abbastanza da avere una risposta perfetta per te, ma non è così. Non ho la più pallida idea di cosa dirti per aiutarti, e questo perché mi sembra che il problema sia ipercomplesso e qui non si tratta di esperienza, bensì di competenze. Un bravo psicoanalista può sicuramente giovarti.

Una cosa però te la posso dire: il rifiuto a priori di una terapia psichiatrica (le famigerate ""pillole"") è stupido. È spesso dettato da un mix di ignoranza e preconcetti. Probabilmente hai visto troppi film.

Se hai carenza di ferro, un medico ti prescriverebbe degli integratori. Se sei diabetico, vivesti la tua vita prendendo insulina. I problemi psichiatrici non sono diversi. A volte il corpo si guasta (o è già guasto dalla nascita) e per fortuna decenni di progresso in campo medico ci dicono cosa possiamo fare per porvi rimedio e vivere una vita migliore.",vaklam1,2023-12-29T20:33:53,8,Italia,https://reddit.com/r/Italia/comments/18tuabs/mi_sto_spegnendo/kfglt7h/
18tt8j8,,kfglt0l,"Essere in generale persone attive che fanno cose rende attraenti... Ma come essere colti o saper ragionare sulle cose più disparate, conoscere molte cose, saper dialogare di tutto e avere qualcosa da insegnare agli altri. Poi perdonami la franchezza, ma sta cosa di chiedere ""che hobby hai?"" mi sa più di una domanda da compito di inglese o di cosa che si chiede da adolescenti. Io mai da adulto mi sono sognato di chiedere a una ragazza: quali sono i tuoi hobby?... Cioè l'ho sempre trovata una domanda ridicola ma so di essere strano io. Nel senso, l'hobby cos'è? È quell'attività che scegli per la vita, che ti cataloga nell'albo di quegli hobbisti, tipo un secondo lavoro non retribuito e che devi fare tot ore a settimana per essere definito tale? Ma magari puoi chiedere che ti piace fare nel tempo libero per ora...già lo trovo più sensato... Magari è estate e vado a pesca, poi me lo chiedi dopo 2 mesi e mi sono infognato con gli scacchi, magari posso avere una passione per la fotografia che coltivo quando ho lo sbatti e d'inverno che non ho sbatti di fare niente ti rispondo come farebbero tutte ste ragazzine che ti chiedono degli hobby: ""leggo e guardo film"" che a mio parere è come rispondere a cosa fai nella vita con: respiro e mangio.",DueAd2067,2023-12-29T20:33:52,1,Italia,https://reddit.com/r/Italia/comments/18tt8j8/avere_degli_hobby_rende_sul_serio_attraenti/kfglt0l/
18tuabs,,kfgddtx,"Credo di si, mi annoio se non ""muovo le mani"", voglio fare qualcosa, poi il socializzare per me è una conseguenza, non deve esserci per forza ma se c'è mi va anche bene, non è che odio socializzare, non ci sono abituato e rimango in silenzio perché non so fare in altro modo...  
Da adolescente mi piaceva molto andare in bici, anche se non ricordo perché ci andassi...  
Potrei riprovare, organizzandomi con i turni del lavoro, sicuramente sarà meglio di restare in casa a sentire musica e vede video-film",LvKA95,2023-12-29T19:42:45,3,Italia,https://reddit.com/r/Italia/comments/18tuabs/mi_sto_spegnendo/kfgddtx/
18tqugt,,kfgcy72,No perché smettere con l’alcol o con il gioco d’azzardo è ben diverso che dover smettere di guardare dei film,Puzzled_Throat_7474,2023-12-29T19:40:05,-1,Italia,https://reddit.com/r/Italia/comments/18tqugt/sono_dipendente_dal_porno_ama/kfgcy72/
18tqugt,,kfg6cuy,"Dipendenza da eroina e dipendenza da un certo genere di film sono due cose diverse. 

È come se io sostenessi di essere dipendente dai film marvel e stessi a guardarli sei ore al giorno. Basta smettere.",Puzzled_Throat_7474,2023-12-29T18:59:59,-2,Italia,https://reddit.com/r/Italia/comments/18tqugt/sono_dipendente_dal_porno_ama/kfg6cuy/
18swy33,,kffloe5,"L'italiano medio che deve fare a nero, piuttosto che essere onesto ( e magari chiudere bottega eh, capisco sia difficile,ma di imprese medio piccole ce ne sono anche troppe, non possiamo fare tutti i titolari ) è uno dei problemi principali di questo paese. Boh anche i film italiani sono decenni che presentano sempre personaggi con la mentalità del ""drvo fregate gli altri per il mio tornaconto"" ma davvero non capisco da dove nasca questa caratteristica (che sicuramente avranno in parte anche all'estero, ma che in Italia sembra aver trovato il suo habitat naturale)",VendoNegri,2023-12-29T16:56:09,2,Italia,https://reddit.com/r/Italia/comments/18swy33/le_cose_peggiori_accadute_al_mercatino_natalizio/kffloe5/
18tmtt6,,kffepeb,"Sarà che ero un bambino intelligente, il film non mi piacque perché conteneva troppe enormità. Si passava da una scenetta ""locale"" in un paesino desolato di un intero pianeta, a una scenetta ""megagigantesca"" dove un intero pianeta veniva laserato e distrutto in un colpo solo (e solo per esibire un po' di crudeltà), laddove le duellate avvenivano con la spada laser anziché con una fucilata risolutrice.

Ora, essendo un bambino intelligente, avevo un pochino afferrato il concetto di ""ordini di grandezza"", e quindi sapevo la differenza fra una città metropolitana e un borghetto desertico di mille anime, e la probabilità infima di fare incontri estremamente improbabili, e la differenza fra città metropolitana, nazione, continente, e intero pianeta.

Chi aveva scritto la sceneggiatura di Guerre Stellari pensava troppo agli effetti speciali (crear sensazioni) e troppo poco al realismo.",corriragazzolaggiu,2023-12-29T16:13:19,2,Italia,https://reddit.com/r/Italia/comments/18tmtt6/guerre_stellari_a_distanza_di_46_anni/kffepeb/
18tmtt6,,kff7jy4,Oramai il piacere nel vedere la reazione delle persone allo svelare di questa informazione non verrà mai superato dal vedere il/i film.,does_it_really_matte,2023-12-29T15:28:03,2,Italia,https://reddit.com/r/Italia/comments/18tmtt6/guerre_stellari_a_distanza_di_46_anni/kff7jy4/
18tmtt6,,kff2s6e,"Questo è totalmente inventato: 

>Per un gruppetto di giovanissimi risponde Kicca. Perché le è piaciuto? «Perché è veramente un film diverso dal solito, strano, colorato. È stato esattamente quello che ci aspettavamo». Ma un film come questo, lo rivedrebbero per la seconda volta? «No. Una volta basta - risponde - perché in una volta ti dà tutto quello che doveva darti: non c'è più nulla da scoprire. *Non è Odissea nello spazio, che ogni volta che lo rivedi ci scopri cose nuove*».

Quindi vuoi dirmi che una giovanissima, immagino di 12/13 anni ha visto molte volte Odissea nello Spazio e ogni volta ""score cose nuove""?? Ahahah",Former_Villager666,2023-12-29T14:56:04,2,Italia,https://reddit.com/r/Italia/comments/18tmtt6/guerre_stellari_a_distanza_di_46_anni/kff2s6e/
18ooncm,,kff2aw2,"Eeeeeh... no guarda.

L'arte può non piacere e restare comunque arte... E quale statistica imparziale ed internazionale metterebbe gli ottici italiani al primo posto?

I doppiatori sono più una protesi, devono colmare una lacuna cognitiva presente nello spettatore. Dovrebbero fungere da occhiali da vista, non da sole.

 Gli adattatori dovrebbero fare lo stesso, ma nel tempo direi che hanno alimentato se non addirittura creato il ghetto culturale in cui ci troviamo, distorcendo di continuo media che fanno da finestra sul mondo. Vedi le censure che spezzano un prodotto come l' ""anime"" (che comprende tantissimi generi, per gusti e fasce d'età) fino a farlo diventare sempre e solo un ""cartone animato"" per ragazzi.

Se non conosci l'inglese o non riesci a seguire leggendo i sottotitoli non hai gli strumenti per dire è bello / è brutto, al massimo puoi apprezzare la fotografia, la scenografia e la colonna sonora, se non è cantata o se sei almeno allenato all'armonia.

Nel film ""Babadook"" in lingua originale si intende che il mostro è un prodotto, una conseguenza della situazione; il bambino è assillante anche per lo spettatore, ci si immedesima nella madre che si ""scarica"". Nell'adattamento italiano il bambino è solo noioso, pare che gli abbiano abbassato anche il volume, dando di conseguenza un risalto alla situazione ""si ma uuuuuh c'è un mostro!"" che nell'originale non c'è. Il lavoro del regista è stato buttato dalla finestra. Sembrano se non due film diversi, quasi.

[C'è quella volta che tradussero male un itero episodio di Futurama, Stagione 3, episodio 1 ...](https://www.cinefacts.it/cinefacts-rubrica-dettaglio-50-1/l-auto-che-era-e-gli-errori-del-doppiaggio.html)

[Poi c'è quella volta che facemmo un figurone con Eddie Vedder...](https://www.mtv.com/news/4pbimr/pjs-eddie-vedder-sets-record-straight-with-lyrics-on-yield)",CubaLibre1982,2023-12-29T14:52:41,1,Italia,https://reddit.com/r/Italia/comments/18ooncm/doppiaggio/kff2aw2/
18tmtt6,,kff2083,"Dall' articolo: 


>Segnaliamo dunque alcune delle impressioni a caldo che il Pennacchi raccolse tra i primi fortunati spettatori:

    >Olga, universitaria ventenne, non ama la letteratura SF e questo è il primo film di fantascienza che va a vedere. Gli è piaciuto molto, è rimasta affascinata dalla sequenza del bar galattico e dalle battaglie spaziali. «È stato divertente, come giocare con le macchinette del Luna Park. Certo, come storia è una fesseria - continua - però molto divertente, come i primi film di James Bond. Certi effetti, tutte quelle trovate, sono proprio affascinanti.»

    >A un gruppo di liceali chiediamo cosa ne pensano, cosa li ha impressionati maggiormente di questo film: «Quello che colpisce - rispondono - è vedere i mostri muoversi sullo stesso piano degli umani. I veri personaggi, quelli più interessanti, sono proprio gli androidi e i mostri: gli uomini sono i meno umani». Dunque si sono divertiti? «Sì, molto. La trama non esiste, il film è fatto di tanti momenti, uno più spettacolare dell'altro, ed è proprio questo che avvince. È un kolossal molto ben riuscito, e non è affatto terrificante. Forse - concludono - è il meno fantascientifico dei film di fantascienza».

    >Per un gruppetto di giovanissimi risponde Kicca. Perché le è piaciuto? «Perché è veramente un film diverso dal solito, strano, colorato. È stato esattamente quello che ci aspettavamo». Ma un film come questo, lo rivedrebbero per la seconda volta? «No. Una volta basta - risponde - perché in una volta ti dà tutto quello che doveva darti: non c'è più nulla da scoprire. Non è Odissea nello spazio, che ogni volta che lo rivedi ci scopri cose nuove».

    >Vito, giovane operaio Fiat, conosce la SF, ama Isaac Asimov: «Odissea nello spazio mi aveva irritato, questo mi ha divertito». Nulla di eccezionale, comunque? «È divertente, l'ho detto. Ma siamo sinceri: non è più tanto facile divertirsi al cinema».


>Il pubblico, dunque, si è divertito ed emozionato così tanto da far sopravvivere l'universo di Star Wars al passare dei decenni: anzi, con la propria mitologia accresciuta e aggiornata è arrivato fino al 2015 in gran forma, pronto per nuovi incassi miliardari grazie alle produzioni Disney di J. J. Abrams. E, si spera, per affascinare nuove generazioni di spettatori



Immagino che i commenti siano parafrasati o totalmente inventati dal giornalista che scrive, perché veramente non ci si può credere! Certe frasi dette da liceali o giovanissimi! Hahahah 

Articolo interessante ma forse non molto affidabile... Ahahah",Former_Villager666,2023-12-29T14:50:37,3,Italia,https://reddit.com/r/Italia/comments/18tmtt6/guerre_stellari_a_distanza_di_46_anni/kff2083/
18tjmad,,kfep8b5,"Dipende quanto sono scemate le emozioni. Una vera relazione non è come quella dei film in cui le due persone provano una forte attrazione ad ogni secondo, è più una questione di quanto state bene assieme. La vera domanda è: sareste in grado passare assieme il resto della vostra vita o siete ormai solo degli amici che stanno bene assieme ma niente di più? Se ormai lei è un'amica come tutte le altre penso ci stia lasciarsi e vedersi solo come amici, poi dal momento che non vi odiate, non è escluso che in futuro magari vi pentiate e torniate assieme.",StrongFaithlessness5,2023-12-29T13:09:33,2,Italia,https://reddit.com/r/Italia/comments/18tjmad/la_mia_ragazza_non_capisce_cosa_prova/kfep8b5/
18sm74u,,kfemd5a,"Ma la vera controversial opinion è che in realtà Bruce Lee non era sto gran chè. Era poco più di uno stunt man. 

Era alto tipo 1,60 e pesava forse 50 chili. Non ha mai combattuto professionisti, si è sempre rifiutato nonostante l'interesse di vederlo combattere contro i pugili professionisti dell'epoca fosse altissimo e le proposte fioccassero.

La sua tecnica più famosa, ""l'one inch punch"" non è altro che un inutile numero da circo.

E quello sketch che Tarantino gli ha dedicato nel suo ultimo film è successo davvero, con testimoni, anche se in realtà è finito anche peggio per Bruce: il wrestler americano lo ha letteralmente bloccato in un a presa, sollevato da terra, e lo ha portato in giro per un pò mentre lui protestava ma non poteva fare nulla. 

Dopo di quel combattimento però sono diventati amici e Bruce ha voluto imparare tecniche di lotta libera.

E pensare che c'è gente che ancora pensa che potesse battere i pesi massimi dell'epoca, e che il film di Tarantino sia un'infamata inventata.",Aguacatedeaire__,2023-12-29T12:42:12,2,Italia,https://reddit.com/r/Italia/comments/18sm74u/lammontare_di_figure_di_merda_che_ho_fatto_su/kfemd5a/
18s2mf3,,kfce9dw,"Ahah pensa che io prima di vedere/rivedere la trilogia ho letto il romanzo, quindi alla fin fine i film non me li sono mai goduti appieno",Resident-Service-226,2023-12-29T00:24:26,1,Italia,https://reddit.com/r/Italia/comments/18s2mf3/primo_film_che_avete_visto_al_cinema/kfce9dw/
18t1hkb,,kfc66lu,"Io credevo così tanto alla veridicità diretta dei film che se ad esempio guardavamo un film con un mistero o cose del genere mi chiedevo: ""ma perché semplicemente non guardano le riprese del film per sapere chi è il ladro???""",-Dryer-,2023-12-28T23:30:19,11,Italia,https://reddit.com/r/Italia/comments/18t1hkb/qual_è_una_cosa_strana_che_credevate_da_bambini/kfc66lu/
18rz57e,,kfbo6hd,"Non me ne frega un cazzo se uno e' nero. Me ne frega se assumono un incompetente solo perche' e' nero, e mi dicono che mi deve piacere il suo film altrimenti sono razzista.",FrigoALegna,2023-12-28T21:38:21,2,Italia,https://reddit.com/r/Italia/comments/18rz57e/a_chi_diceva_di_comprare_youtube_premium_se_non/kfbo6hd/
18t1hkb,,kfbh4m7,"Io ero convinto che mio nonno fosse un attore perché quando passavano i film Western alla TV ogni tanto se ne usciva con ""Eccomi! Mi hai visto? Ero quello che è passato dietro a cavallo!"". Io ovviamente ci ho creduto per moltissimo tempo.

Poi credevo che tenendo la mano fuori dal finestrino, un cane me l'avrebbe morsa (secondo me tutti i genitori hanno detto questa cosa ai figli).

Quella più assurda, ma che ricordo benissimo: all'asilo ero convinto che quello che all'epoca si chiamava ""sacchettino delle palle"" fosse aperto nella parte superiore, quella ""chiusa"" dal pisello, e che quindi i testicoli potessero cascarmi.",perelaz,2023-12-28T20:56:53,18,Italia,https://reddit.com/r/Italia/comments/18t1hkb/qual_è_una_cosa_strana_che_credevate_da_bambini/kfbh4m7/
18t1hkb,,kfbc64u,"2 cose mi vengono in mente

* che i giochi a premi della rai fossero in diretta
* che l'HMHS Britannic fosse affondato a causa di uno strabiliante intreccio di spie come nel Film, ho poi realizzato che era un film mediocre fatto solo per capitalizzare sul successo di Titanic",Known-Diet-4170,2023-12-28T20:27:41,6,Italia,https://reddit.com/r/Italia/comments/18t1hkb/qual_è_una_cosa_strana_che_credevate_da_bambini/kfbc64u/
18t1hkb,,kfbad2z,"Credevo che la vita fosse un film, che noi fossimo tutti attori. Chiesi a mio padre un giorno chi fosse il regista. Ricordo ancora la sua espressione, credeva fossi impazzito! Da notare che sarà accaduto quasi 40 anni fa, The Truman Show e reality vari non esistevano ancora!",marmata75,2023-12-28T20:16:53,22,Italia,https://reddit.com/r/Italia/comments/18t1hkb/qual_è_una_cosa_strana_che_credevate_da_bambini/kfbad2z/
18t1ri9,,kfb72w4,"ho guardato troppi film ascolto tanti generi leggo libri fumetti eppure nonostante questo non trovo più quella poesie dell’esistenza 
comunque il consiglio della terapia non è banale e ritenterò anche su quello (perché ho avuto nella mia lifetime ben 5 di terapeuti lmfao)",stoccolma0,2023-12-28T19:57:11,1,Italia,https://reddit.com/r/Italia/comments/18t1ri9/non_ha_più_senso/kfb72w4/
18t1ri9,,kfb5npq,"Trova qualcosa che ti piace/interessa non importa cosa. Sperimenta: prova a vedere film che non vedresti normalmente, esplora i tuoi gusti musicali,  prova a fare nuove conoscenze o a concentrarti su quelle che hai già, magari cercando di avere conversazioni più profonde, vai in posti nuovi locali, musei eccetera, immergiti nella natura, studia qualcosa di nuovo. Insomma scopri te stesso e esplora il mondo.


Se la tua vita ti appare grigia allora aggiungici colore.

Potrebbe anche essere il caso di andare da un terapista, la perdita di desiderio sessuale è un sintomo molto comune della depressione.",theEmperor_ofPizza,2023-12-28T19:48:49,3,Italia,https://reddit.com/r/Italia/comments/18t1ri9/non_ha_più_senso/kfb5npq/
18t1ri9,,kfb3dsd,"La vita di per se non ha senso, a meno che tu non nasca con uno scopo (ad esempio un re medievale che nasceva sapendo di dover fare il Re). Devi essere te a dargliela. E non mettere in mezzo la situazione socio-politico-economico-etc. La ragione deve essere più profonda e venire a prescindere dal resto.

In che modo la tua giornata è realizzata? C'è chi lo fa stando affianco di un compagno di vita, chi invece facendo un lavoro a servizio degli altri, chi banalmente godendosi le piccole cose: una passeggiata di sera col cane, un film, un libro, una cena con amici, una serata passata a videogiocare divertendoti come un matto. Ma sta a te cercarlo.",LordBruschetta,2023-12-28T19:35:10,29,Italia,https://reddit.com/r/Italia/comments/18t1ri9/non_ha_più_senso/kfb3dsd/
18syp2m,,kfaq1vl,"Se guardi il film Whale, vedi quali cose si devono inventare gli obesi gravi per fare il minimo della vita di tutti i giorni.",Worth-Afternoon5438,2023-12-28T18:16:21,4,Italia,https://reddit.com/r/Italia/comments/18syp2m/non_uso_più_la_spugna_per_lavarmi_ma_solo_le_mani/kfaq1vl/
18pwgjs,,kfafqow,">Prendere eventi avvenuti in un angolino di un continente enorme e pensare che sia tutto così?

Solo quest'anno in america ci sono state ben 306 sparatorie nelle scuole. 306.

>Italia anche non si può abortire

C'è una differenza tra ""un dottore ti dice di no"" e ""è letteralmente illegale""


>Anche da noi si paga la mensa scolastica nella scuola pubblica e, indovina che succede se non paghi?  

In Italia si può portare da mangiare da casa, se lo fai in America te lo buttano via

>Di neri da noi se ne uccidono molti pur essendo molto MOLTO meno che negli Stati Uniti,

Fatto sta che negli stati uniti se ne uccidono molti di più e per motivi futili 

>in USA sono infinitamente più aperti di noi 

Nei film magari, nella vita vera sono molto molto razzosti, magari non quanto noi, ma io non ho mai detto che gli italiani non siano razzisti, anzi",masr223,2023-12-28T17:15:45,1,Italia,https://reddit.com/r/Italia/comments/18pwgjs/ricordatevi_sempre_che_gli_us_sono_un_grande_paese/kfafqow/
18srjxq,,kfabmel,"... Certo, mi riferivo al fatto che sembra il teschio di un bisonte di un film Western, non qualcosa uscito da LOTR. Potevano usare tante altre cose più associabili al franchise.",D14m0nd88,2023-12-28T16:51:13,6,Italia,https://reddit.com/r/Italia/comments/18srjxq/qualcuno_sa_dirmi_che_cosè_questo_portachiavi/kfabmel/
18scpaj,,kf9uojk,"Vacanze di Natale originale è uno dei migliori film italiani di tutti i tempi

La definizione cinepanettone significa film di cacca inguardabile e volgare",Il_Gatto_vita_nr7,2023-12-28T15:04:10,1,Italia,https://reddit.com/r/Italia/comments/18scpaj/miglior_cinepanettone/kf9uojk/
18srdkh,,kf9pzo8,Ahahah zio caro sembra un film di zalone,ImaginaryZucchini272,2023-12-28T14:31:01,4,Italia,https://reddit.com/r/Italia/comments/18srdkh/i_datori_di_lavoro_vivono_su_un_altro_piano/kf9pzo8/
18s1f7r,,kf9mcle,"Capisco che da giovani ci sia la pressione sociale di dover fare qualcosa a capodanno. Però io a 35 anni me lo sogno un capodanno da solo, a giocare alla PlayStation o a vedere un film, senza dover per forza festeggiare il nulla. Quindi ti dico, non sentirti male se non ti adegui ad un costrutto sociale totalmente arbitrario :D",thisisloreez,2023-12-28T14:03:31,1,Italia,https://reddit.com/r/Italia/comments/18s1f7r/a_capodanno_sarò_solo/kf9mcle/
18s6drc,,kf9m4cj,"Penso che quasi tutta la tv sia da buttare, giusto nel periodo di natalizio quando fanno film di Natale il pomeriggio o sera mi metto a vedere, altrimenti la spengo",Forsaken_Foot_661,2023-12-28T14:01:44,2,Italia,https://reddit.com/r/Italia/comments/18s6drc/voi_cosa_salvate_della_televisione/kf9m4cj/
18rz57e,,kf99lyi,"Tutto sbagliato 😅

Prime video paghi per la maggior parte solo i film appena usciti in sala
Spedizioni gratuite in un giorno posso capire sia geolocked per alcuni, ma da me al Nord in città ho il 90% dei prodotti che se li ordino la mattina mi arrivano il giorno stesso o al più tardi domani. 

Twitch prime ti da ogni mese una sub gratuita che costerebbe 3.99 solo lei ad un canale a tua scelta sul quale togli il 100% delle ads. 

Musica non saprei mai usata

C'è se usi anche solo twitch vale l abbonamento perché te lo ripaghi da solo😅",itsmarra,2023-12-28T12:08:02,1,Italia,https://reddit.com/r/Italia/comments/18rz57e/a_chi_diceva_di_comprare_youtube_premium_se_non/kf99lyi/
18s2mf3,,kf98lat,Stargate …..che spettacolo che fu quel film,gianpivid,2023-12-28T11:56:51,1,Italia,https://reddit.com/r/Italia/comments/18s2mf3/primo_film_che_avete_visto_al_cinema/kf98lat/
18s1f7r,,kf90c90,per la seconda volta? la mia sarà per la settima volta credo. giocherò a videogiochi o guarderò un bel film,kentkeller76,2023-12-28T10:17:06,1,Italia,https://reddit.com/r/Italia/comments/18s1f7r/a_capodanno_sarò_solo/kf90c90/
18sgr9m,,kf8vppw,"Vero. Infatti io non ce la faccio a farlo con donne che conosco o che ho visto. Vale anche per tipo protagonisti di film o serie, il più delle volte non ce la faccio.",francino_meow,2023-12-28T09:18:12,1,Italia,https://reddit.com/r/Italia/comments/18sgr9m/voi_riuscite_a_masturbarvi_senza_pornografia/kf8vppw/
18rxide,,kf8t1mk,"Guarda pure io ho una memoria pessima ma quello che mi aiuta è leggere tanto le notizie (basta seguire un paio di giornali nazionali e internazionali sui social per essere aggiornati su quello che succede nel mondo), e sopratutto essere curiosi e farsi domande…per esempio sto guardando un film sulla prima guerra mondiale, metto pausa e vado a leggere su wiki di che periodo stiamo parlando, finito il film faccio ricerca su personaggi specifici e approfondimenti sulla storia etc…mi ricorderò tutta questa info da qui a un paio di mesi? Probabilmente no ☺️ ma a forza di farmi domande e continuare a informarmi sicuramente qualcosa rimarrà dentro",solitaSE,2023-12-28T08:44:07,1,Italia,https://reddit.com/r/Italia/comments/18rxide/davvero_cè_così_tanta_poca_cultura_in_giro/kf8t1mk/
18rz57e,,kf8shfl,"*E in mezzo al mare azzurro e grigio sale questo grido:*

*""Ciurma! andiamo tutti all'arrembaggio, forza!""*

Sarò vecchio stile io, un materialista, malato collezionista del fisico ecc., ma a me i servizi streaming non hanno mai rappresentato un miglioramento, mai visti come un'offerta più appetibile di quanto già mi fosse proposto. In Italia stavamo poi sereni con la televisione: onestamente, meglio il canone Rai o avere la tv americana con trecento emittenti private diverse?

Eccoci, ci è stato quasi imposto il modello di televisione via cavo americano, con l'aggravante che i cataloghi offerti non sono neanche interessati alla preservazione storica dei film ""vecchi"". Per assurdo, Rai Play è l'offerta migliore.

<<Questo post non è stato finanziato dalla Rai>>

Tra l'altro, quando uscì The Mandalorian, mosso dalla curiosità, andai a cercare se c'era in streaming, senza pretese: subito, primo risultato mi manda a un sito con la serie intera, doppiata e in 4K. Eppure molti si fecero Disney+ appositamente per vederlo.",Giovanni_Benso,2023-12-28T08:36:59,1,Italia,https://reddit.com/r/Italia/comments/18rz57e/a_chi_diceva_di_comprare_youtube_premium_se_non/kf8shfl/
18s0f0g,,kf8peau,Per fare un esempio pratico: non mi dà fastidio se ci sono personaggi omosessuali in un film ma odio quando cambiano i personaggi per adattarli alla moda del momento (tipo la serie tv Amazon sul Signore degli Anelli).,Left_Yogurt2017,2023-12-28T07:58:39,1,Italia,https://reddit.com/r/Italia/comments/18s0f0g/non_me_ne_frega_nulla_dei_fatti_di_attualità/kf8peau/
18s6drc,,kf8ozb1,"Bah ogni tanto danno magari qualche film che guardo volentieri. Potrei magari guardarli su Prime, Netflix o DVD/Bluray, però ogni tanto mi piace il vecchio stile e gustarmelo con la pubblicità come quando ero bambino. Solo quello. Ah e ogni tanto su food network il mitico chef Pappagallo, unico chef italiano che valga la pena guardare",Astroruggie,2023-12-28T07:53:29,2,Italia,https://reddit.com/r/Italia/comments/18s6drc/voi_cosa_salvate_della_televisione/kf8ozb1/
18pt46l,,kf8l86x,Ma sarebbe una figura tipo quella di Nicolas Cage in quel film di Scorsese?,Odd_Quantity_1422,2023-12-28T07:08:34,2,Italia,https://reddit.com/r/Italia/comments/18pt46l/paramedico_usa_ama/kf8l86x/
18s2mf3,,kf8hsj1,"Il Re Leone => il film che mi aveva fatto piangere tanto e con un insegnamento di vita che difficilmente trovereste in un cartone animato per ""Bambini""",LawIsAnOrderToFollow,2023-12-28T06:30:25,1,Italia,https://reddit.com/r/Italia/comments/18s2mf3/primo_film_che_avete_visto_al_cinema/kf8hsj1/
18s093n,,kf8gmj1,"A Milano la bolla immobiliare non scoppia perché è l'unico comune degno di essere definito ""città europea"" in tutta Italia, un paese di quasi 60 milioni di abitanti.

Per forza di cose ci saranno sempre milioni di persone (specialmente dal sud) interessati ad una casa a Milano, per questo i prezzi degli affitti non hanno completamente senso.

Fino a quando ci sarà questa enorme disparità di condizioni lavorative/economiche, di servizi e di università tra Milano e il centro/sud, Milano sarà in una botte di ferro.

Non siamo un paese normale, siamo un paese rotto. Ci sono tante città in Italia in cui nessuno ha il bisogno di trasferirsi e in cui neanche i residenti decidono più di viverci, come ad esempio Palermo, Catania, Napoli, Bari, Reggio Calabria, Catanzaro e così via.

Avete mai sentito di un milanese trasferirsi a Catanzaro per lavoro o per studio? Sembra l'inizio di un film comico all'italiana solo a pensarci.

Eppure negli altri paesi non è così, chi vive a Zurigo è possibile che decida di trasferirsi a Ginevra per motivi x così come possa decidere di trasferirsi a Lugano per altri motivi y.

Così come una persona che vive a Tokyo potrebbe avere il bisogno di trasferirsi a Kyoto o chi vive a Monaco/Francoforte debba andare a vivere ad Amburgo, Colonia o Berlino per motivi lavorativi o di studio.

Chi vive a Milano è veramente difficile che abbia motivi validi per andare a vivere da un'altra parte rimanendo sempre in Italia.",MrShinzen,2023-12-28T06:18:00,2,Italia,https://reddit.com/r/Italia/comments/18s093n/perché_milano_non_si_trova_dentro_una_bolla/kf8gmj1/
18sexew,,kf88dmt,"Si parla veramente, ho provato a mandare qualche video di calabresi che parlano greco sul subreddit Greek e mi hanno risposto che capiscono il 90% di quello che stanno dicendo.

È vero che è una lingua in via di estinzione, e c'è un gruppo che sta provando a mantenerla viva, mentre molti altri preferiscono semplicemente imparare il greco moderno adesso, perché è più interessante e si possono trovare film, canzoni, ecc che in greco di Calabria mancano. 

La regione ha provato a mantenere la lingua aprendo un istituto ellenofono a Bova Marina e mettendo i nomi delle vie in doppia lingua (italiano e greco) e la cosa interessante è che anche loro hanno optato per il greco moderno piuttosto che il greco di Calabria. La cosa triste è che l'istituto degli studi ellefoni è rimasto praticamente chiuso dal giorno che ha aperto. 

Ecco un esempio di Greco di Calabria 

https://youtu.be/IokLCPJ0VQw?si=ZFzROJBK3bTw0E8A",Lindanineteen84,2023-12-28T04:59:53,26,Italia,https://reddit.com/r/Italia/comments/18sexew/distribuzione_delle_minoranze_etnolinguiste/kf88dmt/
18s0f0g,,kf881jg,"Non votare peró allora, chi piangeper paura dei woke è malvagio (piangono per film per bambini modificati)",Acrobatic-Plate7822,2023-12-28T04:56:59,1,Italia,https://reddit.com/r/Italia/comments/18s0f0g/non_me_ne_frega_nulla_dei_fatti_di_attualità/kf881jg/
18sa4o3,,kf7qml5,"I miei sono parzialmente teledipendenti - dettato dalla poca frequenza con cui si organizzano serate tra amici loro; pá di guarda sempre gli stessi film di crimine e thriller, mà varia molto piú ma non manca mai quel programma disgustoso della Zip Popper o Weird Sicknesses che trasmettono su Real TV",Crazy_Dubs_Cartoons,2023-12-28T02:43:08,1,Italia,https://reddit.com/r/Italia/comments/18sa4o3/quali_programmi_tv_avete_dovuto_sopportare_in/kf7qml5/
18s6drc,,kf7nqeq,"I documentari di RaiStoria (tipo quelli sui personaggi storici/letterari/musicali etc..non i soliti istituti luce su mussolini/Hitler) e i concerti e documentari di musica pop che tirano fuori su rai4 (tipo cose che solo le teche Rai possono avere)..
Credo che quello con Paolo Mieli sia rimasto l'unico talk show che riesco ancora a seguire (la Grande Storia)..
Riesco a vedere dei vecchi film ogni tanto se non c'è troppa pubblicità..
Tutto il resto di solito lo seguo sui vari servizi streaming, ma devo dire che ogni tanto mi fermo su qualche servizio fatto bene di Focus..
Ho una passione morbosa x Indagini ad alta quota e i successi o fallimenti ingegneristici.. Con quelli mi fregano sempre, pubblicità o meno..",_Szonda_,2023-12-28T02:22:47,2,Italia,https://reddit.com/r/Italia/comments/18s6drc/voi_cosa_salvate_della_televisione/kf7nqeq/
18s1f7r,,kf7nkut,"Situazione molto simile con la differenza che il capodanno lo passo solo da anni e devo dire che non è poi così male, passerò una serata come un'altra a farmi i cazzi miei, magari leggo qualcosa, magari mi guardo un film che volevo vedere da tempo, magari gioco qualche videogioco o magari, insonnia permettendo, dormo.

Onestamente mi sento molto meno sfigato di quelli che vagheranno per il centro ubriachi camminando sulle bottiglie rotte e si sveglieranno il pomeriggio del primo gennaio non ricordandosi un cazzo, con la gola a pezzi, probabilmente raffreddati e con un hangover debilitante.",sguizzooo,2023-12-28T02:21:41,1,Italia,https://reddit.com/r/Italia/comments/18s1f7r/a_capodanno_sarò_solo/kf7nkut/
18s4is4,,kf7c04c,"Questo giovedì esce l'ultimo episodio di questa stagione, ti consiglio di guardarti la prima, il film e poi la seconda in un unico giorno, almeno piangi una volta sola ahhah",Sir_Chill_A_Lot,2023-12-28T01:02:16,1,Italia,https://reddit.com/r/Italia/comments/18s4is4/hai_mai_pianto_quando_è_morta_una_celebrità_se/kf7c04c/
18s6drc,,kf7bgng,"Allora noi siamo 4 anni che in famiglia  a tavola non accendiamo piú TV inutilmente e in generale non seguiamo piú niente di tg o altro. Il male del mondo non é grande fratello ma ne costituisce una parte irrazionalmente ampia. Io personalmente salverei solo i canali tematici che fanno ogni tanto  dove passano solo una completa serie di film per un paio di giorni, il resto dell'anno cado é vero,  sotto le grinfie di Netflix demone assai piú nero, ma almeno quello che vedo lo seleziono lo ricerco almeno ho l'illusione di decidere, Perché cosí ho scelto agente Smith. Stesso concetto ho con i real o altri social non ho tik tok proprio per non essere bombardato di inutilità ogni tanto vedo Instagram sempre esercitando la volontà di ricercare ciò che guardo. L'ultima cosa che mi sento di salvare é quando passano le soap turche o spagnole alla rai sono simpatici programmi tengono compagnia. -16 anni e già sono fuori dal mio tempo. Notte.",HERMES_COMIX,2023-12-28T00:58:34,2,Italia,https://reddit.com/r/Italia/comments/18s6drc/voi_cosa_salvate_della_televisione/kf7bgng/
18s4is4,,kf776lf,"Ma no, ma dai ahahah

(In realtà anche io me ne sono spoilerata alcuni lol. Purtroppo ora con i social mi spoilero quasi tutto, dai videogiochi ai film e alle serie)",sorryIdontwantto,2023-12-28T00:29:47,1,Italia,https://reddit.com/r/Italia/comments/18s4is4/hai_mai_pianto_quando_è_morta_una_celebrità_se/kf776lf/
18s4is4,,kf72jgt,"Detroit mi incuriosisce, non è quel gioco che è più un film che un gioco?",Sir_Chill_A_Lot,2023-12-27T23:58:31,1,Italia,https://reddit.com/r/Italia/comments/18s4is4/hai_mai_pianto_quando_è_morta_una_celebrità_se/kf72jgt/
18rxgvw,,kf6zulk,"Cuore mi dispiace per il dolore che stai passando, ci sono passata anche io, 
ma pensaci bene, l'uomo della tua vita potrebbe mai avere dei dubbi sull'amarti o meno?

Lasciarti poi, potrebbe mai? L'uomo della tua vita.
Se è finita è perché non era giusto per te. 

Pensa al film del piccolo principe, che al mondo ci sono tante rose ma quello che rende speciale la tua sono le attenzioni che le dai, il sentimento e l'affetto che provi solo per lei perché ci ti dedichi.
Capisci cosa intendo? 

Non era la rosa giusta, perché la rosa giusta non avrebbe dubbi e non ti lascerebbe. 
Quello che la rendeva speciale erano i sentimenti e le tue attenzioni. 
Non sarà l'unica persona della tua vita, ce ne sono altre pronte ad amarti per davvero e sempre.
Ne sono sicura.

Ora stai tranquilla e prenditi il tuo tempo per guarire.
Sfogati, scrolla via tutta la tristezza ma prima sentila e affrontala.
Un bacione, ti sono vicina virtualmente:)",Fine_Isopod444,2023-12-27T23:40:29,2,Italia,https://reddit.com/r/Italia/comments/18rxgvw/mi_ha_lasciata_il_giorno_dopo_di_natale/kf6zulk/
18s6drc,,kf6wo3q,"Il Tempo e La Storia, su Rai Storia

Tutto quello che conduce Corrado Augias

Tutto quello in cui c'è Stefano Bollani

Parecchio contenuto su Rai Storia; parecchio contenuto su Rai 5.

Ogni tanto qualche bel film sui canali tematici (Rai Movie, IRIS)

Di tanto in tanto qualche contenuto random su Rai 3, magari di notte (film d'autore strampalati, etc)

Quando mi gira, un po' di Otto e Mezzo su La7, e il TG di La7

Se ho voglia di intrattenimento a basso costo cerebrale, le repliche di Masterchef su cielo, e Affari a quattro ruote su Motortrend

edit: ogni cosa di Alberto Angela, ovviamente",Sayyestononsense,2023-12-27T23:19:25,6,Italia,https://reddit.com/r/Italia/comments/18s6drc/voi_cosa_salvate_della_televisione/kf6wo3q/
18s7jph,,kf6rweb,"Leggi libri, guarda film in lingua originale, chatta su forum in inglese. Ogni giorno, di continuo. Da oggi la tua lingua è l'inglese. Armati di dizionario e poche storie.

Tra qualche anno prova a dare un anno di working tourist visa in Australia.",PatataInCulo,2023-12-27T22:48:29,1,Italia,https://reddit.com/r/Italia/comments/18s7jph/come_andare_allestero/kf6rweb/
18scpaj,,kf6n0db,"Un vacanze di Natale dal primo al boh, '95  
  
I ricordi si mischiano e potrei confondere un film con un altro, ma sicuramente quello è stato il periodo migliore",United_Ad310,2023-12-27T22:17:26,2,Italia,https://reddit.com/r/Italia/comments/18scpaj/miglior_cinepanettone/kf6n0db/
18s2mf3,,kf6d6ky,"Io guardai direttamente Il ritorno del re al cinema. Già non ci capivo nulla per via dell'età, figurarsi poi senza aver visto i primi due film",Resident-Service-226,2023-12-27T21:17:41,2,Italia,https://reddit.com/r/Italia/comments/18s2mf3/primo_film_che_avete_visto_al_cinema/kf6d6ky/
18s4is4,,kf6c41q,"Ce ne sono di carini ahaha

L'altro giorno mi sono riguardata Spiderman Into the Spiderverse, che è decisamente uno dei miei film preferiti sui supereroi

Mentre come videogiochi ne ho approfittato degli sconti di Steam che ci sono in questi giorni per prendere Stray e Detroit: Become Human

Detroit non l'ho ancora scaricato, però Stray mi sta piacendo per ora

Tu? Sei fan di videogiochi?",sorryIdontwantto,2023-12-27T21:11:18,1,Italia,https://reddit.com/r/Italia/comments/18s4is4/hai_mai_pianto_quando_è_morta_una_celebrità_se/kf6c41q/
18s6dxe,,kf66v8e,"Giusta osservazione, c'è pure un film che non mi ricordo il titolo ""ovviamente"", ma tratta proprio questo argomento. 
Beh il ventilatore.. mi metti in difficoltà, penso che ormai fa parte del arredamento, però ha anche un valore simbolico. E se lo levassi? Cambierebbe tutto. Poi c'è da dire che qui in Toscana, sto sul mare, oggi c'erano 20°.. roba da matti, non lo uso, ma non me la sento ancora di levarlo.
 Si ho perennemente caldo.",Vran_96,2023-12-27T20:39:58,1,Italia,https://reddit.com/r/Italia/comments/18s6dxe/come_state_passando_queste_vacanze/kf66v8e/
18s1f7r,,kf64utm,Ti divertirai molto più di me che al massimo guardo un film sul portatile.,Almeno23,2023-12-27T20:27:50,3,Italia,https://reddit.com/r/Italia/comments/18s1f7r/a_capodanno_sarò_solo/kf64utm/
18s6drc,,kf62kjv,"I canali che passano soprattutto film (rai movie, iris e simili), real time quando c'è la dottoressa pimple popper (faccio schifo, lo so) o ai bei vecchi tempi di vite al limite e malattie misteriose",grev_dawndiver,2023-12-27T20:13:59,5,Italia,https://reddit.com/r/Italia/comments/18s6drc/voi_cosa_salvate_della_televisione/kf62kjv/
18s4is4,,kf5zzf6,"ma sai che non ho mai visto degli MV? Anzi, ne ignoravo proprio l'esistenza ahah. Quali film e giochi ti sono piaciuti recentemente?",Sir_Chill_A_Lot,2023-12-27T19:58:18,1,Italia,https://reddit.com/r/Italia/comments/18s4is4/hai_mai_pianto_quando_è_morta_una_celebrità_se/kf5zzf6/
18s6drc,,kf5yp7s,Il mio naso con la mia collezione di film e serie tv,Mediocre_Echo8427,2023-12-27T19:50:40,2,Italia,https://reddit.com/r/Italia/comments/18s6drc/voi_cosa_salvate_della_televisione/kf5yp7s/
18s4is4,,kf5ufvg,"Io ne dovrei avere ancora da qualche parte nel computer ahahah

Però sì, anche io è da tantissimo che non guardo AMV. Però ammetto di aver visto un paio di MV su film e videogiochi che mi sono piaciuti particolarmente anche di recente, quindi evidentemente c'è ancora gente che ne fa ahaha",sorryIdontwantto,2023-12-27T19:25:13,1,Italia,https://reddit.com/r/Italia/comments/18s4is4/hai_mai_pianto_quando_è_morta_una_celebrità_se/kf5ufvg/
18s4271,,kf5r2s6,"ma poi scusa gia al termine “operazione per sblocco pagamenti” e roba del genere non ti suona nulla ? Siamo in un film alla Tom cruise e state hackerando un terminale ? Le poste sono statali, non esiste che abbiano tutto sto delirio per fare un operazione cosi semplice e lo sai anche tu. Ma poi prelievi da carte non fisicamente presenti ? ti pare che esiste una roba del genere ? allora la gente invece di fare i finti elettricisti per incularsi l’argento agli anziani facevano firmare permessi di “ritiro a distanza” e svuotavano i conti",ohstxrlight,2023-12-27T19:05:02,1,Italia,https://reddit.com/r/Italia/comments/18s4271/sono_stato_truffato_storia_lunga_e_triste_di/kf5r2s6/
18s4is4,,kf5pfsp,"Amo alla follia Lying From You e From the Inside, mi ricordo poi che ogni volta che usciva un nuovo film dei transformers ero sempre felicissimo perché voleva dire una nuova canzone dei linkin park haha",Sir_Chill_A_Lot,2023-12-27T18:55:15,1,Italia,https://reddit.com/r/Italia/comments/18s4is4/hai_mai_pianto_quando_è_morta_una_celebrità_se/kf5pfsp/
18s6drc,,kf5ohf2,Sono poco informato su film e serie ma per per sport fremo al pensiero di farmi la super maratona per le olimpiadi 2024,DueAd2067,2023-12-27T18:49:43,2,Italia,https://reddit.com/r/Italia/comments/18s6drc/voi_cosa_salvate_della_televisione/kf5ohf2/
18s6drc,,kf5nqhg,"Io guardo solo CNN, documentari, sport più qualche film e serie. Non guardo la tv tradizionale da svariati anni, e quando per sbaglio mi capita di accendere tipo su Rai 1 dove fanno i giochini di telequiz anche in quei 3 secondi che ci metto a passare all hdmi mi sembra di perdere dei neuroni",mala_r1der,2023-12-27T18:45:15,1,Italia,https://reddit.com/r/Italia/comments/18s6drc/voi_cosa_salvate_della_televisione/kf5nqhg/
18s4271,,kf5kw3o,"Why don't people trust their instincts? They sense something is wrong, someone is walking too close behind them... You knew something was wrong but you came back into the house. Did I force you, did I drag you in? No. All I had to do was offer you a drink. It's hard to believe that the fear of offending can be stronger than the fear of pain. But you know what? It is. And they always come willingly. 


Citazione da un bellissimo film. 
Non avere paura di offendere qualcuno in futuro se qualcosa non ti torna e vuoi pensarci meglio. Non fidarti della gente online. Sei stato molto ingenuo, ma hai fatto bene a raccontare il fatto anche qui e magari ciò servirà a prevenire per te fregature anche più grandi un domani. Vedilo come un investimento! 😁",Raikkonen716,2023-12-27T18:28:24,8,Italia,https://reddit.com/r/Italia/comments/18s4271/sono_stato_truffato_storia_lunga_e_triste_di/kf5kw3o/
18rz57e,,kf5goad,">Se il trend rimane questo prevedo un'aumento del numero di seed medio da quì a qualche ~~anno~~ mese...

FTFY

Tra l'altro Prime Video, sebbene sia comunque a pagamento, già riempie tre quarti della home page con link a canali o film a pagamento / noleggio.

Sembra un vecchio meme di Xzibit. ""Sì so che hai già pagato, ma che ne dici di pagare dentro quello che hai già pagato?",ExpandForMore,2023-12-27T18:03:27,34,Italia,https://reddit.com/r/Italia/comments/18rz57e/a_chi_diceva_di_comprare_youtube_premium_se_non/kf5goad/
18s0f0g,,kf5fglc,"Non vivo sotto un sasso. Vedo film con la mia fidanzata (streaming), se sono da solo a casa preferisco fare palestra/leggere/videogiocare",Left_Yogurt2017,2023-12-27T17:56:17,4,Italia,https://reddit.com/r/Italia/comments/18s0f0g/non_me_ne_frega_nulla_dei_fatti_di_attualità/kf5fglc/
18s0f0g,,kf57tkm,La domanda è spontanea: non vedi film?,SicilianSTR13,2023-12-27T17:10:52,-1,Italia,https://reddit.com/r/Italia/comments/18s0f0g/non_me_ne_frega_nulla_dei_fatti_di_attualità/kf57tkm/
18s4is4,,kf56b0s,"A volte può capitarmi mentre guardo un film e vedo qualcuno piangere (in qualsiasi contesto), certo non direi proprio un pianto ma occhi lucidi si",LvKA95,2023-12-27T17:01:48,3,Italia,https://reddit.com/r/Italia/comments/18s4is4/hai_mai_pianto_quando_è_morta_una_celebrità_se/kf56b0s/
18rkgb9,,kf54l8a,"Ecco: solo film distribuiti al cinema\\produzioni maggiori, genere ""crimine\\thriller"", voto minimo 6.7

[https://www.imdb.com/search/title/?title\_type=feature&genres=mystery,crime&user\_rating=6.7,&sort=num\_votes,desc&num\_votes=100](https://www.imdb.com/search/title/?title_type=feature&genres=mystery,crime&user_rating=6.7,&sort=num_votes,desc&num_votes=100),",Crazy_Dubs_Cartoons,2023-12-27T16:51:27,1,Italia,https://reddit.com/r/Italia/comments/18rkgb9/urgente_consiglio_film_su_netflix/kf54l8a/
18rz57e,,kf54jeb,"hai capito. infatti lo terrò in combo con mubi (che reputo il miglior servizio di streaming film in circolazione, finché quello di criterion non arriverà in italia). poi, quando esce qualcosa di veramente interessante in netflix (per quanto mi riguarda, all'orizzonte ho solo cobra kai e l'ultima di stranger things) farò l'abbonamento mensile, anche quello con pubblicità.",nicolalucchetta84,2023-12-27T16:51:09,1,Italia,https://reddit.com/r/Italia/comments/18rz57e/a_chi_diceva_di_comprare_youtube_premium_se_non/kf54jeb/
18s1f7r,,kf541d1,"Edit: Dato che ho ancora degli interventi da fare a causa della malattia sopra citata, prima di poter provare ad entrare in Marina, ho deciso di cogliere l’occasione e di operarmi il 21 Dicembre. Passerò capodanno sul divano a guardarmi un bel film, questa volta però ho anche la compagnia dei punti di sutura 😄",Chemical-Arrival5199,2023-12-27T16:48:06,8,Italia,https://reddit.com/r/Italia/comments/18s1f7r/a_capodanno_sarò_solo/kf541d1/
18s3xie,,kf4zace,"Di recente ho voluto comprare un mini pc per risparmiare sulla bolletta della luce.  
Ormai non riesco a farmi venire la voglia di giocare col pc fisso come facevo mesi fa, sia per noia sia per problemi personali, praticamente lo accendo per guardare video-film e quindi consumo energetico inutile.  
Ho un buon pc da gaming assemblato da me ma non riesco a risolvere (definitivamente) un bug fastidioso per il consumo energetico in idle, quindi mi son comprato un mini pc per questo... (tra l'altro con schermo touch da 5.5 pollici, come uno smartphone ma con windows nativo, lo adoro).  
Non so quanto questo metodo mi farà risparmiare al mese sulla bolletta ma voglio provare a pensare in positivo per una volta!",LvKA95,2023-12-27T16:19:03,2,Italia,https://reddit.com/r/Italia/comments/18s3xie/qual_è_stato_uno_dei_vostri_pensieri_positivi_eo/kf4zace/
18rz57e,,kf4xzm4,"Non solo, ma vorrei anche sollevare un altro problema.

Film vecchi stanno diventando introvabili, specie se sono scomodi. Questi fornitori di servizi digitali stanno restringendo via via il tipo di titoli che rendono disponibili, e sempre meno roba viene messa su DVD o bluray. Come conseguenza, stanno decimando la cultura cinematografica perché molti film sono e diventeranno introvabili.",PatataInCulo,2023-12-27T16:10:51,45,Italia,https://reddit.com/r/Italia/comments/18rz57e/a_chi_diceva_di_comprare_youtube_premium_se_non/kf4xzm4/
18s2mf3,,kf4wcpk,La finestra sul cortile. Mia madre ci si infilò dentro solo perché c'era un caldo mortale e voleva stare al fresco (c'era l'aria condizionata) ma era pronta ad uscire se avessi fatto capricci. Sono stato per tutta la durata del film sulla punta della sedia. Avevo tipo 5 anni.,PatataInCulo,2023-12-27T16:00:27,1,Italia,https://reddit.com/r/Italia/comments/18s2mf3/primo_film_che_avete_visto_al_cinema/kf4wcpk/
18rz57e,,kf4ug3q,"Manfatti! L’importante è che non ci siano froci e negri tra i protagonisti, poi sticazzi se il film ha la qualità di una puntata di occhi del cuore vista su un sega mega drive",ImmaPoopAt_urPlace,2023-12-27T15:48:13,-4,Italia,https://reddit.com/r/Italia/comments/18rz57e/a_chi_diceva_di_comprare_youtube_premium_se_non/kf4ug3q/
18s1f7r,,kf4sudt,Ciao pure io lo trascorro in solitario da ormai 3 anni per mancanza di voglia ad organizzarmi. Vado a trovare per cena i miei nonni e poi li lascio alle 10e30 perchè vanno a letto a quell'ora e sticazzi il capodanno.Torno a casa e mi fumo un bel cannone che mi spara dritto nello spazio mentre mi guardo un film. Doccia e poi a letto. Giusto quest'anno pensavo di rendere le cose spicy andando lontano da tutti e farmi il capodanno in montagna per i cazzi miei. Coi miei amici sono in buoni rapporti e ci sentiamo per videochiamata quindi un po' di compagnia ce l'ho ma non mi manca il capodanno e preferisco stare traquillo per i cazzi miei piuttosto che in mezzo al casino e all 'alcohol.,ImodiumSolubile01,2023-12-27T15:37:45,8,Italia,https://reddit.com/r/Italia/comments/18s1f7r/a_capodanno_sarò_solo/kf4sudt/
18rxgvw,,kf4qpbn,"Ma vale per ogni relazione, non c'è niente di più bello di amare, fanculo quello che fanno vedere i film. Scegliere di amare qualcuno è una cosa stupenda e rompere una relazione è come un operazione a cuore aperto per chi dava senza ricevere, per chi realmente ha sofferto mentre l'altro già pensava ad altro.

A me personalmente non è stato concesso il minimo rispetto come a te, non dovremmo essere trattati così, se i sentimenti cambiano dovresti almeno avere la decenza di dirlo subito al posto di farti soffrire così.",AndrewSenpai78,2023-12-27T15:23:36,2,Italia,https://reddit.com/r/Italia/comments/18rxgvw/mi_ha_lasciata_il_giorno_dopo_di_natale/kf4qpbn/
18rxide,,kf4h56h,"Si, sono d'accordo. Ci sono casi come il mio che sono una persona molto colta e raffinata se si può usare questa parola. Ma l'ambiente in cui sono cresciuto è sempre stato quello più grezzo e ignorante. Parlarne qui su reddit mi conforta un minimo perchè è molto frustrante parlare con persone che capiscono l'1 per cento di tutto quello che vuoi dire. Non sono un genio, anzi. Ma sono gli altri che sono persone troppo sempliciotte. Come saltarci fuori? A volte penso che immaginarci dal di fuori, mentre camminiamo, o parliamo o mangiamo o altro, ci fa capire ad esempio che quando siamo insoddisfatti sembriamo delle macchiette da film, e allora te ne fai una ragione e vai avanti. Non tutti hanno potuto allontanarsi dalla mediocrità ma si può benissimo vivere lo stesso, tenendo un diario, la scrittura è un dialogo con se stessi, e tu te stesso lo capisci come nessun'altro, o magari fare amicizie nuove, non bisogna mai arrendersi all'ignoranza ma non bisogna nemmeno farci la lotta. Buon anno a tutti in anticipo, possa essere un anno di cultura e di soddisfazioni.",SufficientAd710,2023-12-27T14:14:56,2,Italia,https://reddit.com/r/Italia/comments/18rxide/davvero_cè_così_tanta_poca_cultura_in_giro/kf4h56h/
18rz57e,,kf4g0dj,ma che cazzo te ne frega della qualita' video. Non ha alcuna rilevanza nella maggior parte dei film.,FrigoALegna,2023-12-27T14:05:57,-24,Italia,https://reddit.com/r/Italia/comments/18rz57e/a_chi_diceva_di_comprare_youtube_premium_se_non/kf4g0dj/
18rz57e,,kf4folr,"Si, concordo anche io che la pubblicità nel mezzo del film è odiosa.. al massimo giusto quel minuto a metà per andare in bagno :D",solidity99,2023-12-27T14:03:20,6,Italia,https://reddit.com/r/Italia/comments/18rz57e/a_chi_diceva_di_comprare_youtube_premium_se_non/kf4folr/
18rz57e,,kf4feav,"Prime video ha moltissimi film classici e moderni, pluripremiati e non. Netflix ha solo qualche serie di successo",StringBlacker,2023-12-27T14:01:02,5,Italia,https://reddit.com/r/Italia/comments/18rz57e/a_chi_diceva_di_comprare_youtube_premium_se_non/kf4feav/
18rz57e,,kf4ebkc,"È vero hai ragione, comunque sono disposto a quanta pubblicità vogliono loro, basta che sia prima dell'inizio del film.",CauliflowerStrange52,2023-12-27T13:52:18,2,Italia,https://reddit.com/r/Italia/comments/18rz57e/a_chi_diceva_di_comprare_youtube_premium_se_non/kf4ebkc/
18rz57e,,kf4c7bq,Secondo te statisticamente quanti guarderanno anche solo un secondo di pubblicità alla FINE di un film? :D,solidity99,2023-12-27T13:34:38,25,Italia,https://reddit.com/r/Italia/comments/18rz57e/a_chi_diceva_di_comprare_youtube_premium_se_non/kf4c7bq/
18rz57e,,kf4bdn2,"oddio, io vedo magari meno roba di netflix ma con qualità nettamente superiore. inoltre, in molti film validi usciti nel 2023 ci sono di mezzo gli amazon studios, che spesso poi mettono a disposizione nel profilo prime ""gratuito"". uno dei pochi prodotti nei quali effettivamente netflix vince è quello degli stand up comedians, vedi l'esclusiva su ricky gervais.",nicolalucchetta84,2023-12-27T13:27:29,6,Italia,https://reddit.com/r/Italia/comments/18rz57e/a_chi_diceva_di_comprare_youtube_premium_se_non/kf4bdn2/
18rz57e,,kf4aqwf,Amazon metti le pubblicità all'inizio e alla fine del film non in mezzo PERFAVORE,CauliflowerStrange52,2023-12-27T13:21:58,30,Italia,https://reddit.com/r/Italia/comments/18rz57e/a_chi_diceva_di_comprare_youtube_premium_se_non/kf4aqwf/
18rxgvw,,kf499lz,"Ciao.
Ciò che provi adesso è del tutto normale. Tutti noi lo abbiamo attraversato un momento così. Ti senti mancare la terra da sotto i piedi. Ti chiedi come puoi essere passata dall'essere amata e desiderata all'essere un umano come tanti altri, senza più un valore, senza più importanza.
Ogni tuo pensiero, adesso, è una fitta al cuore, tutto è confuso e annebbiato.
È legittimo.
Concediti questo dolore.
Non concederti, però, di smarrirti dentro di esso. Sarebbe la fine.
Resta lucida. Non bere e non assumere sostanze. Non prendere niente.
Tutto ciò che ti serve per guarire è dentro di te.
""Ma io non voglio guarire!"" starai pensando.
Devi farlo.
Datti degli obiettivi quotidiani. Passeggia, corri, vai in palestra, leggi un libro. Tutte quelle cose che richiedono un'azione attiva del cervello e NON passiva. 
I film non aiutano, le serie nemmeno.
La priorità adesso è non perderti nei tuoi pensieri.
Alza sempre l'asticella dei tuoi obiettivi quotidiani.
Vedrai che comincerai ad amare di nuovo la persona più importante al mondo: te stessa.
E magari anche il tuo pensiero cambierà... ""Mi hai lasciato? Ci hai perso tu, bello.""

P.S. C'è qualcosa che ti appassiona? Qualcosa che ti piace tanto fare?",CapableAd2698,2023-12-27T13:08:43,3,Italia,https://reddit.com/r/Italia/comments/18rxgvw/mi_ha_lasciata_il_giorno_dopo_di_natale/kf499lz/
18rz57e,,kf45uts,"Non ho cazzi, vado al mercatino dell'usato e mi randellano dietro tonnellate di dvd con film migliori e senza stronzate woke",FrigoALegna,2023-12-27T12:35:45,-16,Italia,https://reddit.com/r/Italia/comments/18rz57e/a_chi_diceva_di_comprare_youtube_premium_se_non/kf45uts/
18rz57e,,kf43zw2,"Perchè vedi il modello italiano (dove comunque avevi la satellitare a pagamento) dove gratis avevi 7/8 canali del cazzo, con serie TV e film che uscivano anche un anno dopo la messa in onda in america.

Il modello americano del via cavo era piuttosto costoso per l'utente e con anche la pubblicità. Però faceva utili.

Quindi non è che si stanno inventando nulla, anzi sembra una cosa ciclica che ritorna com'era anche al cambio di tecnologia.",slipeinlagen,2023-12-27T12:16:12,25,Italia,https://reddit.com/r/Italia/comments/18rz57e/a_chi_diceva_di_comprare_youtube_premium_se_non/kf43zw2/
18rxgvw,,kf43tlh,"Ricordati che la protagonista del film della tua vita sei tu, non lui.",InflatableGull,2023-12-27T12:14:19,1,Italia,https://reddit.com/r/Italia/comments/18rxgvw/mi_ha_lasciata_il_giorno_dopo_di_natale/kf43tlh/
18qkwym,,kf4382q,però ha anche recensioni recenti che parlano del film completo,Mediocre_Tea_6604,2023-12-27T12:07:42,1,Italia,https://reddit.com/r/Italia/comments/18qkwym/loro2/kf4382q/
18rg0r5,,kf42zea,Che certe robe indie (che siano film o videogiochi) vengano fatti con ste stronzate edgy nella speranza che qualche giornale/influencer gli faccia il post contro per fargli pubblicità,ITA_DEX,2023-12-27T12:05:06,1,Italia,https://reddit.com/r/Italia/comments/18rg0r5/che_ne_pensate/kf42zea/
18ry8j9,,kf428w2,"Io tre anni fa a Genova non avevo avuto problemi, ora che sto guardando sia mutui che affitti trovo roba che sembra uscita da qualche film horror, minuscola e non arredata a 600/700€ mensili minimo nella zona fra le peggiori di Genova. Per fortuna ho ancora due anni prima della fine del contratto",Ambitious_Bag5605,2023-12-27T11:56:49,31,Italia,https://reddit.com/r/Italia/comments/18ry8j9/ma_questi_affitti_al_sud_e_lo_stesso_in_tutta/kf428w2/
18qkwym,,kf423a6,"È un articolo sbagliato, ti manderanno un messaggio in cui ti spiegano che in realtà è un altro film che ha lo stesso codice e quindi su Amazon viene visualizzato così.

Sono due anni che lo cerco e non ho ancora niente tra le mani.",tabascobukkake,2023-12-27T11:55:01,1,Italia,https://reddit.com/r/Italia/comments/18qkwym/loro2/kf423a6/
18rxgvw,,kf3z700,"non potevi esprimere meglio il mio stesso pensiero. anche io non lo amo più come lo amavo durante i primi periodi del primo anno; l’amore è maturato, è diventato mio padre, mia sorella, il mio migliore amico ed il mio fidanzato. in questi anni ho scelto di amarlo, ogni mattina appena sveglia, ho scelto di amare ancora lui, giorno dopo giorno. l’amore è questo, non le cazzate che si vedono nei film. è scegliersi.",noranorab,2023-12-27T11:21:12,13,Italia,https://reddit.com/r/Italia/comments/18rxgvw/mi_ha_lasciata_il_giorno_dopo_di_natale/kf3z700/
18rxgvw,,kf3w6zs,"Mi sembra una grandissima cazzata.

La donna della tua vita esiste, solo che non è come nei film Disney.

Una donna che ti valorizzi e che ti permetta di essere te stesso accettando i tuoi limiti e i tuoi punti di forza è la donna della tua vita.

Quello che hai descritto te sono cose accessorie. Se non c'è la prima parte finisci a cercare un'altra (amante o cmq qualcuno che riempia quel vuoto). Se manca la seconda.. Puoi rimboccarti le maniche e cercare una soluzione",Tinikko,2023-12-27T10:43:42,91,Italia,https://reddit.com/r/Italia/comments/18rxgvw/mi_ha_lasciata_il_giorno_dopo_di_natale/kf3w6zs/
18rezsq,,kf3lz5a,"Quindi rimaniamo tutti senza macchina finché non possiamo pagarla cash come nei film americani? Che poi, niente macchina e probabilmente niente lavoro dato che con la cultura del lavoro che c'è in Italia se non ti fai almeno un'ora al giorno in macchina per andare in ufficio a fare cose che potresti fare comodamente da casa allora è come non lavorare.

Seguendo questo ragionamento quindi non si può nemmeno comprare una casa finché non te la puoi permettere cash senza mutuo. Ma vi sentite quando parlate? C'è gente che si spacca la schiena per uno stipendio da fame e senza acquisiti a rate non potrebbe fare una vita dignitosa, basta organizzare le spese e non vivere sopra le proprie possibilità ovvero spendere per le cose essenziali e non per fare gli splendidi a Phi Phi Island a 5000 euro a persona per mettere le foto sui social se non te lo puoi permettere.",MatteoMaster,2023-12-27T08:31:36,20,Italia,https://reddit.com/r/Italia/comments/18rezsq/perché_volete_la_tredicesima/kf3lz5a/
18r9xjp,,kf1r8it,"Tutto tranne l’organizzazione, la pulizia e l’efficienza. 

Paragonare Milano a Roma significa volere male a Milano: nessuna città può reggere il paragone con Roma, nemmeno Parigi che è l’unica città con cui Roma è gemellata (e da cui è stata fondata col nome di Lutetia). 

Roma non è soltanto una città: è l’idea del potere. È il fluire millenario della Storia, quella con la S maiuscola. 

È l’unico luogo al mondo che è stata capitale del mondo e poi, una volta perso quello status, capitale di una religione. Non a caso ancora oggi è l’unico luogo al mondo ad essere capitale di due Stati sovrani. 

I tedeschi che avevano ambizioni di potere chiamarono il loro impero “sacro” e “romano”. 

Napoleone che volle creare una stirpe imperiale dette al figlio il titolo di “Re di Roma”.

Gli americani che hanno contingenti ambizioni imperiali hanno “Capitol Hill” (cioè il colle del Campidoglio) e hanno creato Washington in stile neo-classico. 

Potrei continuare per giorni. 

Milano serve perché altrimenti questo sventurato paese non sarebbe nemmeno un paese europeo. 

Roma serve per quello che rappresenta: ti consiglio la visione del film di D’Agostino “Roma santa e dannata”.

Grazie alla compresenza di Roma e Milano (in primo luogo; poi ovviamente ci sono tutte le altre città italiane), l’Italia è un luogo affascinante perché diverso, ricco perché eterogeneo. 

Io non sono romano ma l’ho scelta anni fa e non me ne sono pentito.

Tutto ciò detto, da un punto di vista lavorativo Milano in alcuni settori offre di più e paga di più (ma costa anche di più).",Quiet-Shop5564,2023-12-26T23:05:09,2,Italia,https://reddit.com/r/Italia/comments/18r9xjp/conviene_trasferirmi_in_italia/kf1r8it/
18qha1m,,kf1g092,"Il DVD  di FS22, infiniti libri e... Maratona film",Soft-Flatworm-958,2023-12-26T21:50:09,1,Italia,https://reddit.com/r/Italia/comments/18qha1m/qual_è_il_regalo_di_natale_principale_che_hai/kf1g092/
18r9xjp,,kf1ejk0,"A Milano, ti ricordo, hanno arrestato membri di bande armate Colombiane e Messicane/Statunitensi che si fanno la guerra per il controllo dello spaccio di droga cittadino... Inoltre gli stessi, fanno guerra ai cinesi e si ammazzano a colpi di mannaje e pistole come nei film di Bruce Lee!!! Solo lo scorso anno poi, han pure tagliato un braccio a un operatore dei bus e metropolitane cittadine... E la cosa e' stata pure ripresa nei tg nazionali.",No-Waltz-2445,2023-12-26T21:40:50,1,Italia,https://reddit.com/r/Italia/comments/18r9xjp/conviene_trasferirmi_in_italia/kf1ejk0/
18rg0r5,,kf179ut,"Ma è un film, spesso li guardiamo per staccare il cervello non per farci problemi etici. Idem sui social, spesso è un meme sta storia ""è legale"", veramente in pochi lo pensano seriamente. Te l'ho detto, il test che devi fare veramente è chiedere in giro di questa cosa, non basarti sui commenti di altri social oppure sui casi singoli della vita privata",Gheovgos,2023-12-26T20:53:51,4,Italia,https://reddit.com/r/Italia/comments/18rg0r5/che_ne_pensate/kf179ut/
18rg0r5,,kf16y6y,"Poi, anche in TV! A inizio anni 2010, andava di moda un film italiano dove lei aveva 17 anni e lui 30 tipo. Io non l'ho mai visto, ma nessuno si é mai posto una domanda etica su se fosse giusto o no.",Claire_Reid,2023-12-26T20:51:47,-5,Italia,https://reddit.com/r/Italia/comments/18rg0r5/che_ne_pensate/kf16y6y/
18rd7gz,,kf0s1h0,Io andrò a letto alle 10 con 200 film che mi scorrono davanti alle palpebre chiuse. Me sá,white_rabbit777,2023-12-26T19:15:22,1,Italia,https://reddit.com/r/Italia/comments/18rd7gz/cosa_fare_a_capodanno_a_firenze/kf0s1h0/
18r5j4a,,kf00o4p,"L'emulazione è una porcata di base e comunque andrà sempre più come trend verso le GPU, almeno per una significativa parte del carico di lavoro, al netto della velocità evolutiva non fai un PC con roba che ""mi servirà domani"" perché domani sarà comunque roba obsoleta e spenderai di meno a prendere roba più economica corrente. Prendi un i3 d'oggi ed un i7 di 4 anni fa. Vince l'i3 oggi. Dividi il suo prezzo per anno, fa lo stesso con l'i7, vedrai che ti costa meno ""rinnovare spesso"" che non comprare tosto. Ovviamente ci sono dei limiti a questa strategia, ma di base un PC ""gaming"" ti dura 5 anni per giocare, 10 per usi generici, ne fai uno ogni 5 anni, tieni un muletto per altri 5. Se fai il conto con quel che hai avuto e speso in passato vedrai che è una sorta di equilibrio ""ideale"" tra performance e prezzo.

Oggi e non da oggi IME c'è uno stato ""fluido"" di cose in cui da un lato gli OEM vogliono spingere console, craptop ecc per vendere roba che a loro costa meno, vincola l'utente, dura meno per lui, quindi li fa guadagnare di più. L'utente medio crede a questa narrativa. C'è gente che s'è fatta il film ""PC fisso == vecchio, poi arriva il laptop, cavo == vecchio, wifi == nuovo, il laptop sarà sostituito dal tablet, ..."" e non riescono proprio mentalmente a rendersene conto. Per questo gli riescono a vendere macchine che non è che siano ""truffe"" di loro, per le fasce alte, ma che sono fatte per servire POCO tempo per la scelta dei componenti, facendo poi buttar via macchine che han in pancia roba di valore, ma messa insieme è inutile, così si fan pure un mercato dell'usato su cui lucrare cambiando quel che serve e rivendendo ancora una volta qualcosa che costa più di quel che vale per la scelta dei componenti interni.

Almeno, questo osservo.",ftrx,2023-12-26T16:16:31,1,Italia,https://reddit.com/r/Italia/comments/18r5j4a/consiglio_pc_da_gaming/kf00o4p/
18qsfmj,,kezzkqj,Metà film è in slow motion,GuidoLaruspa,2023-12-26T16:08:58,1,Italia,https://reddit.com/r/Italia/comments/18qsfmj/rebel_moon_è_mediocre_spoiler/kezzkqj/
18r48wi,,kezdjrf,"Ho una vita abbastanza monotona. La maggior parte del tempo lavoro a progetti personali riguardanti il mio lavoro, poi faccio lunghe passeggiate, gioco ai videogiochi/guardo film e serie/leggo manga. Il fine settimana mi piace preparare la pizza. 

I miei genitori non pensano nulla in particolare. A volte ci sono periodi in cui non mi va di uscire, quindi il massimo che mi dicono è: ""perché non ti fai una passeggiata e prendi un po' d'aria?""

Per il futuro, il mio piano è migliorare sempre nel mio lavoro, per poi si spera venire assunto in un'azienda fuori dall'Italia. In teoria potrei anche lavorare a distanza da casa (come ho già fatto), però il trasferirsi sembrerebbe essere l'unica soluzione per avere anche solo la possibilità di spezzare la monotonia della mia vita e vivere nuove esperienze.",Tarallo23,2023-12-26T13:09:54,3,Italia,https://reddit.com/r/Italia/comments/18r48wi/facciamo_parlare_i_disagiati/kezdjrf/
18qsfmj,,kezb5ve,"I detentori dei diritti stanno cercando un produttore per concludere la saga con altre stagioni o con tre film, ma non so se ci riusciranno mai, Laconia si porta dietro le cose più costose da realizzare in termini di effetti e messa in scena.",USS-Ventotene,2023-12-26T12:45:07,1,Italia,https://reddit.com/r/Italia/comments/18qsfmj/rebel_moon_è_mediocre_spoiler/kezb5ve/
18qsfmj,,kez8x6y,">Volevano fare un film di Warhammer 40000 ma non hanno ottenuto i permessi dalla Games Workshop


Quindi non sono l’unico ad aver notato la palese scopiazzatura con l’astra militarum (dal tono delle uniformi alle armi)",Ilnormanno,2023-12-26T12:19:38,3,Italia,https://reddit.com/r/Italia/comments/18qsfmj/rebel_moon_è_mediocre_spoiler/kez8x6y/
18qsfmj,,kez5u7q,"Prezzo qualità, 90mln a film mi sento soddisfatto da quello che ho visto. 
Sembra la classica pizza americana con N° abbinamenti senza senso e sovraccarico. 

Basta viverla come pizza americana. È un film da 90mln, sci Fi, su piattaforma streaming, da parte di un regista con visuali ottime ma se lasciato man libera fa caos. 

Accettazione e godersi i lati positivi.",Empire_of_light,2023-12-26T11:41:20,1,Italia,https://reddit.com/r/Italia/comments/18qsfmj/rebel_moon_è_mediocre_spoiler/kez5u7q/
18r5cay,,kez50mp,"Come nel film ""Parenti serpenti""?",MenIntendo,2023-12-26T11:30:42,5,Italia,https://reddit.com/r/Italia/comments/18r5cay/boomer_genitori_anziani_e_la_vita_si_fa_difficile/kez50mp/
18qsfmj,,keywqun,"Come il 95% delle serie tv fondamentalmente. A parte rare gemme le serie sono il cimitero della cinematografia in generale.

Si possono riassumere in:

Prendi una storia pseudodecente

Impegnati con i primi 2 episodi

Scrivi uno svolgimento mediocre, vuoto di contenuti spesso filler per colare il brodo, con episodi che potrebbero durare la metà.

Impegnati con gli ultimi 2 episodi.

Il problema non sono le serie tv, il problema è che le persone non vogliono più stare sul divano 150 minuti a vedere film interessanti. Meglio vedere 2 episodi di serie tv e lamentarsi su reddit che fanno cagare.",moonwave91,2023-12-26T09:35:53,3,Italia,https://reddit.com/r/Italia/comments/18qsfmj/rebel_moon_è_mediocre_spoiler/keywqun/
18qsfmj,,keyvpt4,Diciamo che reggono perlomeno come film (brutti). Rebel Moon sembra che abbiano tagliato 2 ore o che abbiano fatto una compilation riassuntiva di una serie TV che non esiste.,Ligurian_Rascal,2023-12-26T09:21:11,2,Italia,https://reddit.com/r/Italia/comments/18qsfmj/rebel_moon_è_mediocre_spoiler/keyvpt4/
18qsfmj,,keyvbug,Ma estesa è un conto qua mancano 2 ore di film minimo,Ligurian_Rascal,2023-12-26T09:15:40,2,Italia,https://reddit.com/r/Italia/comments/18qsfmj/rebel_moon_è_mediocre_spoiler/keyvbug/
18qsfmj,,keyu3o4,"Io ho tratto tre conclusioni da sta cagata:

-Volevano fare un film di Warhammer 40000 ma non hanno ottenuto i permessi dalla Games Workshop

-Sono state tagliate almeno 2 ore di film, non è possibile che uno sceneggiatore abbia consciamente deciso di fare sto paciugo in cui trama e personaggi volano alla velocità della luce verso il finale senza dare il tempo fisico per poterli apprezzare.

-Il rallenty nei combattimenti, a parte rare eccezioni tipo 300 e Matrix, è abominevole, e in questo caso ha esagerato.",Ligurian_Rascal,2023-12-26T08:58:04,3,Italia,https://reddit.com/r/Italia/comments/18qsfmj/rebel_moon_è_mediocre_spoiler/keyu3o4/
18qp92c,,keytyf7,"Es. https://www.dailymotion.com/video/k3yQxFazN98ppizI4wA come pure via ADB.

> ipotizziamo lo sblocco tramite impronta digitale, come fanno a sbloccare il telefono?

Quello è ancora più facile, la biometria è la PIÙ INSICURA dei metodi d'accesso. Ricorda bene: biometria == password che tutti vedono, che tu potresti non poter usare (es. un banale incidente) e che non puoi cambiare. Ovunque vedi biometria, film inclusi, spacciata come sicura leggi solo spinta al capitalismo di sorveglianza, non sicurezza.

Quindi in caso di furto vai a far denuncia fornendo l'IMEI del telefono che da utente previdente hai salvato a casetta tua (così sarà blacklistato su ogni rete mobile del sistema GSM ed evoluzioni successive), con la denuncia fai bloccare la sim, poi cambi le credenziali di ogni servizio che aveva credenziali salvate sul telefono e consideri ogni dato personale su di lui COMPROMESSO.",ftrx,2023-12-26T08:55:59,1,Italia,https://reddit.com/r/Italia/comments/18qp92c/cosa_fare_quando_si_perde_lo_smartphone_potrebbe/keytyf7/
18qhue9,,keyqly9,Invece di fare illazioni basate sul nulla se non su film mentali tuoi: OP ha menzionato paesi come gli USA in cui anche 17-20 è spesso vista come problematica.,AntoGidan,2023-12-26T08:08:32,1,Italia,https://reddit.com/r/Italia/comments/18qhue9/è_una_mia_impressione_o_i_genx_italiani_sono/keyqly9/
18qsfmj,,keyqlqb,"Ho fatto hype al mio marito questo film dopo aver letto un bel po di recensioni belli. Caspita, abbiamo sprecato quasi 2 ore di tempo con questo film.",UnlimitedAnxiety,2023-12-26T08:08:27,1,Italia,https://reddit.com/r/Italia/comments/18qsfmj/rebel_moon_è_mediocre_spoiler/keyqlqb/
18qsfmj,,keypjzj,"È Snyder che ti aspettavi? Questo era la sua sceneggiatura per un film di Guerre Stellari che disney si è rifiutata di fargli fare e lui l'ha portata a netflix per dimostrare che Disney ha fatto un errore.

E invece...",anomander_galt,2023-12-26T07:54:02,2,Italia,https://reddit.com/r/Italia/comments/18qsfmj/rebel_moon_è_mediocre_spoiler/keypjzj/
18pfkmd,,keynm4b,"Vacanze di Natale 
Il miglior film italiano di sempre",Il_Gatto_vita_nr7,2023-12-26T07:27:50,2,Italia,https://reddit.com/r/Italia/comments/18pfkmd/qual_è_la_vostra_top3_definitiva_di_film_di_natale/keynm4b/
18qsfmj,,keykl7o,"Anche se in realtà esiste un libro di Rebel Moon scritto da Bruce Bethke nel 1996. Non l'ho letto quindi non so quanto il film sia simile al libro o se lo sia affatto.

&#x200B;

EDIT: Ho fatto un po' più di ricerca e ho scoperto che il libro del 1996 è una novelization del videogioco Rebel Moon sviluppato dalla Fenris Wolf nal 1995. Adesso sono abbastanza sicura non abbia collegamenti con il film di Snyder",Toshero_Reborn,2023-12-26T06:49:05,1,Italia,https://reddit.com/r/Italia/comments/18qsfmj/rebel_moon_è_mediocre_spoiler/keykl7o/
18qsfmj,,keyji0s,"È una minchiata colossale con una trama vista e rivista un miliardo di volte, non sanno inventarsi altro se non non guerre/vendette o zombie oramai.
Banale per banale meglio i film della Nappi a sto punto.",Kymius,2023-12-26T06:35:49,3,Italia,https://reddit.com/r/Italia/comments/18qsfmj/rebel_moon_è_mediocre_spoiler/keyji0s/
18qmoop,,keximqq,"Fino a qualche anno fa mi toccava sorbirmi queste cazzate, con annesse discussioni su questioni futili che veramente a noi stronzi che siamo a casa quei due giorni di natale e Santo Stefano non toccano. Ora che non devo più subire questa tarantella è bellissimo. Oggi mi son svegliata alle 11:30, fatto colazione, mega passeggiata nella natura con il cane, tornata, cenato e film. Almeno quando non lavoro o non ho impegni posso spendere il tempo decentemente.",italoromanianclown_,2023-12-26T01:15:08,1,Italia,https://reddit.com/r/Italia/comments/18qmoop/a_che_ora_è_finito_il_vostro_pranzo_di_natale/keximqq/
18qsfmj,,kexem0k,"A proposito di avatar...

Ma l'impatto culturale di avatar esiste o no? Non ho mai sentito o visto nessuno citare avatar, o ricordare avatar come un film d'impatto. 

E' come se improvvisamente un mare di gente vada a vedere i puffi lunghi, spenda due miliardi di dollari, e il giorno dopo è come se non fosse mai esistito. Ripeti per avatar 2.",PatataInCulo,2023-12-26T00:43:42,7,Italia,https://reddit.com/r/Italia/comments/18qsfmj/rebel_moon_è_mediocre_spoiler/kexem0k/
18qai8y,,kexagad,"Praticamente al liceo quando ero in 5^ misero la mia classe in succursale che era in palazzo normale adibito a scuola (una merda totale vbb) 2 e 4 piano solo con le classi al 3 ci stava 1 laboratorio e pure al 1. Dal 5 in poi erano vuoti con delle porte (quelle con i maniglioni anti panico) chiuse. Comunque ogni tanto andavo sui pianerottoli dei piani superiori a perdere tempo o fumare alla finestra vbb un giorno al 6 o 7 piano mi rendo conto che la porta si apriva vbb diventò un rifugio per fumare le canne tranne per un piccione morto che però un mio compagno buttò giù in strada per “ridere” ma vbb cose da pazzoidi

ARRIVIAMO AL PUNTO
Un periodo mi frequento con una della succursale e giustamente usiamo quel piano per fare cose 👩‍❤️‍💋‍👨(nonostante fosse chiuso e impolverato avevamo sistemato ed era arredato) etc dato che si poteva anche chiudere e aprire la porta (da dentro) e niente un giorno mi arriva lo squillo di lei che mi aspettava al pianerottolo del 5 piano e quel giorno ero particolarmente arrapaõ e già sulle scale erano partiti giochi di mano etc cmq entro al piano chiudo la porta principale entro nella stanza/rifugio/salotto ed era completamente spalmata di merda sui muri tipo nei film col sangue con le impronte delle mani ma marrone merda e c’era anche uno stronzo gigante a terra. 
In un primo momento ho provato terrore puro (tipo che uscisse qualcuno dal buio) ma l’ho presa a ridere e ho chiamato tutti gli “amici” con cui andavamo e abbiamo riso abbastanza, poi ho parlato col bidello (signore che fumava anche lui con noi nei bagni) e mi ha detto che neanche sapeva fosse aperto e abbiamo deciso di chiudere la porta per sempre (dato che nessuno aveva le chiavi) senza segnalarlo (anche perché poi magari toccava a lui pulire lol). 
Vbb in quel momento la 🎺 è saltata giustamente e poi tornammo ad usare il pianerottolo del 5 per chi se lo stesse chiedendo. 

Tra le teorie su chi potesse aver fatto tale bestialità concludemmo che probabilmente fu uno di 2^ un po’ spostato ma senza alcuna sicurezza o prova però chissà, eravamo poche classi però e nessuno ci “seguiva”, fatto sta che chi è stato oggi è là fuori tra la gente e potrebbe essere chiunque. 

Altra teoria è che era entrato qualcuno da fuori di notte perché ci stava una porta accessibile dall’esterno scavalcando un cancello ma potevi saperlo solo dall’interno perché non si vedeva quindi boh",xxxgoblin,2023-12-26T00:11:43,1,Italia,https://reddit.com/r/Italia/comments/18qai8y/vi_sono_mai_capitate_esperienze/kexagad/
18qsfmj,,kexa8y0,"Non esageriamo, se Zack Snyder riuscisse veramente a fare un film mediocre alzerebbe drasticamente la media della sua carriera. Chiamiamo le cose con il loro nome, sono film BRUTTI, da 3/10, poco sopra ai cinepanettoni e ai film dell'Asylum",iusedtobecreative,2023-12-26T00:10:06,1,Italia,https://reddit.com/r/Italia/comments/18qsfmj/rebel_moon_è_mediocre_spoiler/kexa8y0/
18qsfmj,,kex7y01,"Io lo vedo adesso. Sinceramente a questo punto sono davvero molto curioso, Zack Snyder mi è sempre sembrato un regista che fa film mainstream che si potrebbero definire brutti, ma percepisco sempre così tanta passione che riesco pure a godermeli. Ovvero: fa film mediocri, sì, ma non perchè c'è un'imposizione dell'azienda o perché finiscono ad essere ""prodotti"" più che opere sue. Devo ancora vederlo, avevo un po' di Hype sparita con il primo trailer, quindi vedremo cosa ne penserò dopo.",Clone11038,2023-12-25T23:52:35,1,Italia,https://reddit.com/r/Italia/comments/18qsfmj/rebel_moon_è_mediocre_spoiler/kex7y01/
18qsfmj,,kex7f5k,"Sinceramente, cosa ti aspettavi da un film di Zack Snyder?",Clone11038,2023-12-25T23:48:33,8,Italia,https://reddit.com/r/Italia/comments/18qsfmj/rebel_moon_è_mediocre_spoiler/kex7f5k/
18qsfmj,,kex5jfc,"Per me è il peggior film che ho visto quest'anno e ho visto Ant-Man 3. 

Non so, è un film così vuoto e banale. Tutti i dialoghi sono lì solo per raccontare la lore dell'universo creato ma non c'è alcuna sostanza. I personaggi aprono bocca solo per raccontare la loro backstory, è come se tutto il film fosse un RPG in cui ogni battuta è una di quelle opzionali. 
Star Wars Episodio IX è probabilmente un film migliore",niko2710,2023-12-25T23:34:03,3,Italia,https://reddit.com/r/Italia/comments/18qsfmj/rebel_moon_è_mediocre_spoiler/kex5jfc/
18qsfmj,,kex53o3,"Snyder dovrebbe smetterla di girare film di qualsiasi altro genere e fare solo film zombie.

Quello gli riescono benino.",Grazz085,2023-12-25T23:30:40,1,Italia,https://reddit.com/r/Italia/comments/18qsfmj/rebel_moon_è_mediocre_spoiler/kex53o3/
18qsfmj,,kex2b97,"Ah quindi sostanzialmente si tratta di una di quelle sceneggiature inutilizzate che girano per Hollywood senza mai trovare nessuno che le usi per un film perché fanno oggettivamente cagare?

Non mi sorprende allora che tra tutti quelli che potevano raccoglierla, l'abbia raccolta proprio Zack Snyder",DungeonStromae,2023-12-25T23:09:21,15,Italia,https://reddit.com/r/Italia/comments/18qsfmj/rebel_moon_è_mediocre_spoiler/kex2b97/
18qsfmj,,kex17lu,Quella è l'unica cosa decente uscita da quel film di merda,kemik4l,2023-12-25T23:01:01,4,Italia,https://reddit.com/r/Italia/comments/18qsfmj/rebel_moon_è_mediocre_spoiler/kex17lu/
18qsfmj,,kex1432,Ho anche dormito per quasi tutto il film,G-IO29,2023-12-25T23:00:16,2,Italia,https://reddit.com/r/Italia/comments/18qsfmj/rebel_moon_è_mediocre_spoiler/kex1432/
18qsfmj,,kex0kek,"A livello visivo è molto bravo, ma non ha idea di come si scrive una storia. Il suo unico film bello difatti è 300 dove la storia era già scritta e lui si è potuto scatenare sulla fotografia.",Ynneb82,2023-12-25T22:56:08,19,Italia,https://reddit.com/r/Italia/comments/18qsfmj/rebel_moon_è_mediocre_spoiler/kex0kek/
18qsfmj,,kex04k5,"Non riuscirò mai a capire come riesca ad avere una fanbase così devota sto regista.

I suoi film sono solo immagini fighe (per molti, per me non sempre) e zero sostanza.",Mango424,2023-12-25T22:52:49,14,Italia,https://reddit.com/r/Italia/comments/18qsfmj/rebel_moon_è_mediocre_spoiler/kex04k5/
18qsfmj,,kewy4rm,"Sinceramente non mi è dispiaciuto così tanto come lo si fa sembrare. Credo che le persone avessero un enorme hype per un film che non sarebbe mai stato all'altezza delle aspettative.

La trama è un po' frettolosa perché sono abbastanza certo che il sequel è stato ideato per descrivere ciò che è successo nel primo film, inoltre se viene inserita una versione estesa (cosa che probabilmente accadrà) qualcosa in più verrà indicato rispetto alle motivazioni molto molto blande dei protagonisti. 

La CGI non è poi così terribile, alcune forzature strane tipo i proiettili che sono in stile paintball ma per il resto non faceva così schifo. 

Ho la netta impressione che netflix avrebbe dovuto rilasciare subito tutti e due i film, probabilmente cambiando l'ordine delle scene e andando a riempire dei buchi di trama. Così sarebbe stato decisamente meglio

Ma finché non avremo la seconda parte è inutile giudicare un prodotto non finito. L'unica cosa non aspettatevi di guardarlo sperando che sia un capolavoro come Avatar",DaviLance,2023-12-25T22:37:26,6,Italia,https://reddit.com/r/Italia/comments/18qsfmj/rebel_moon_è_mediocre_spoiler/kewy4rm/
18qsfmj,,kewwxi1,"Viene paragonato a Star Wars perchè è stato scritto per essere un film di Star Wars, ma la sceneggiatura era talmente orrenda che persino la Disney l'ha rifiutata. Quindi è stato reciclato come film indipendente ""Che non c'entra niente con Star Wars eh!"", nonostante le premesse siano spudoratamente identiche.",Pale_Sir_2496,2023-12-25T22:28:15,37,Italia,https://reddit.com/r/Italia/comments/18qsfmj/rebel_moon_è_mediocre_spoiler/kewwxi1/
18qsfmj,,kewwal8,Chiedere a Snyder di fare un bel film è come chiedere ad un amputato di vincere una gara di calci in culo.,Hyper-rational,2023-12-25T22:23:22,24,Italia,https://reddit.com/r/Italia/comments/18qsfmj/rebel_moon_è_mediocre_spoiler/kewwal8/
18qnn05,,kewnnbt,"non vivo piú con loro, ma gli ultimi episodi che ricordo erano tipo lo smettere di ascoltare musica dove i cantanti erano uomini o film con uomini

ricordo un anno di Sanremo dove letteralmente votava spendendo soldi solo le cantanti donne per provare (secondo lei) a far eliminare i concorrenti uomini.


radfem o no, boh, incazzata tanto. A me onestamente ste cose mi hanno lasciato un minimo di segno in testa, però vabe",Aggravating_Crazy_65,2023-12-25T21:18:36,6,Italia,https://reddit.com/r/Italia/comments/18qnn05/riduzione_rapporti_sessuali_tra_giovani/kewnnbt/
18qgccf,,kewe3a1,"Ma che caspio dici?

Come ti sei “innamorato” di una cui non hai mai parlato in vita tua?

Ti sei fatto un film in testa su una persona di tua invenzione, non è amore.",podcastaddjct,2023-12-25T20:10:13,5,Italia,https://reddit.com/r/Italia/comments/18qgccf/buon_natale_a_tutti_da_un_ragazzo_innamorato/kewe3a1/
18qf1hf,,kew9skm,"Innanzitutto se vuoi che la relazione parta da solidi presupposti, conviene che cominci ad essere sincero con la tua ragazza (ma visto che starai fino a fine estate quasi fuori, non so). Se lei ti dovesse davvero ritenere uno sfigato/fallito perché non hai una vita sociale, beh, evidentemente non è la persona giusta con cui avere a che fare. In ogni caso esistono persone che scelgono scientemente di stare soli il venerdì/sabato a guardare un film o leggere un libro. Andare in una grande città ti aiuterà relativamente se poi tornato in patria la situazione resterà la stessa, avresti potuto conoscere la cerchia di amicizie e conoscenze sue, non c'è nulla di male. Oltretutto non è nemmeno detto che una volta separati poi sarà tutto come prima.",Superquadro,2023-12-25T19:38:51,1,Italia,https://reddit.com/r/Italia/comments/18qf1hf/ho_una_ragazza_ma_non_ho_una_vita_sociale_lei_ha/kew9skm/
18qnn05,,kew5vpg,"Minchia davvero brutto primo appuntamento a casa, ho visto troppi film crime per poter accettare/proporre una scena simile",Aggravating_Crazy_65,2023-12-25T19:10:54,2,Italia,https://reddit.com/r/Italia/comments/18qnn05/riduzione_rapporti_sessuali_tra_giovani/kew5vpg/
18qf1hf,,kevukpe,"Ci sono vari livelli di timidezza:
Dalla timidezza vera e propria, che é quella che intendi tu, all'ansia/fobia sociale, che sono ""quelli che hanno paura della propria ombra"".


Per curiosità, trovi l'uomo timido sexy, grazie a qualche opera tipo film, libro, manga, anime, serie, per l'idea che hai di loro oppure per esperienza diretta tipo che ne conosci qualcuno?",sam55598,2023-12-25T17:48:25,1,Italia,https://reddit.com/r/Italia/comments/18qf1hf/ho_una_ragazza_ma_non_ho_una_vita_sociale_lei_ha/kevukpe/
18ophln,,kevm2h9,Fatti assumere come cattivo di un film per bambini molto piccoli,Zarkyello,2023-12-25T16:44:09,1,Italia,https://reddit.com/r/Italia/comments/18ophln/le_emozioni_sono_un_ostacolo/kevm2h9/
18qgccf,,kevlrq4,"Ha ragione flaxus, una ragazza vuole conoscere l'uomo prima di essere corteggiata! Non esistono le storie d'amore come in Big Fish, scordatelo. Esistono tanti uomini meschini in questo mondo, a una ragazza si insegna ad avere paura: invece di nasconderti devi mostrarti e farti conoscere. 

A meno che tu non voglia darle il mazzo di fiori per il solo gusto di farlo... ma se lo fai perché speri di far colpo, è un approccio che funziona solo nei film.",Rich_Hopeful,2023-12-25T16:41:50,22,Italia,https://reddit.com/r/Italia/comments/18qgccf/buon_natale_a_tutti_da_un_ragazzo_innamorato/kevlrq4/
18q8h7q,,kevjbnb,"partire convinti di non riuscire a cambiare è una scusa. il cambiamento lo puoi ottenere se vorrai impegnarti, ma devi diventare il primo a credere in te stesso. non è facile ma non è nemmeno impossibile. 

il solo fatto che tu comprenda le tue difficoltà e sai di non essere chi vuoi è già un enorme passo avanti, almeno non ti rinchiudi nel ""sono fatto così"" che è una scusa orrenda.

va bene che tu sia perso e che ne soffri, ma ora devi decidere che cosa fare con queste tue emozioni e sentimenti che possono essere in grado di aiutarti ed iniziare ad andare oltre.

riscopri te stesso, guarda un film, iscriviti a un corso di qualcosa e parla con persone. 

e ricorda il cambiamento è sempre costante, già oggi non sei più la stessa persona di ieri <3",Valuable-Bear1924,2023-12-25T16:22:44,1,Italia,https://reddit.com/r/Italia/comments/18q8h7q/non_sarò_mai_la_persona_che_ho_bisogno_di_essere/kevjbnb/
18qgfr9,,kevg59o,"Sono stato a feste simili, diventano come quelle dei film americani dove si sparge la voce e diventa il panico, alla fine arriva la polizia.

Se ci tieni alla tua casa, meglio evitare ;-)",Captain_w00t,2023-12-25T15:57:14,21,Italia,https://reddit.com/r/Italia/comments/18qgfr9/ho_creato_un_subreddit_per_aiutarvi_a_fare/kevg59o/
18q3q36,,kev8bba,"Non attaccarlo a qualcuno che poi magari sviluppa complicazioni. Rimani in una-due stanze + bagno e quando giri per casa tieni su una mascherina. Tachipirina per la febbre e antinfiammatori per i dolori. Passerà presto, buona guarigione, approfittane per leggere o guardare film.",_DepletedCranium_,2023-12-25T14:50:22,2,Italia,https://reddit.com/r/Italia/comments/18q3q36/natale_con_il_covid/kev8bba/
18pqsgm,,keuv8nf,Ogni brano studiato per essere fine a se stesso andrebbe bruciato tipo il film fahrenheit 9/11,Commercial-Depth-947,2023-12-25T12:32:10,1,Italia,https://reddit.com/r/Italia/comments/18pqsgm/le_canzoni_di_natale_mi_stanno_sulle_palle/keuv8nf/
18q31qv,,keus4j3,"A proposito di predator, adesso ti apro la mente.

Nelle fasi finali del combattimento, Dutch si prepara a dare il colpo di grazia, ma poi butta il sasso e dice ""what the hell are you"". Il predator risponde ""what the hell are you"", poi attiva l'autodistruzione e inizia a ridere. Dutch scappa e si salva.

Puoi interpretare la cosa come il predator che semplicemente sta esercitando il suo tentativo di vendetta finale per ammazzare dutch, o puoi vederlo in un altro modo che completamente cambia il finale.

Il predator parla il.linguaggio degli umani in due modi: ripetendo Dutch, e ridendo. Non ha alcun modo di sapere cosa quei suoni vogliano dire, quindi può solo tentare di interpretare dal contesto. Ha sentito Dutch dire ""what the hell are you"" quando getta la pietra e gli risparmia il colpo di grazia, quindi crede che quel suono voglia dire ""non voglio ucciderti"". Ha sentito la risata dall'indiano all'inizio del film, quando il tizio che gli ha raccontato la barzelletta si allontana, quindi può credere che quel suono voglia dire ""allontanati"". 

Mettendo tutto assieme, ciò che il predator sta cercando di dire, in linguaggio umano, è ""non voglio più ucciderti, allontanati"", rendendosi conto che Dutch ha vinto e accetta la sconfitta da un nemico più potente di lui.",PatataInCulo,2023-12-25T11:51:22,2,Italia,https://reddit.com/r/Italia/comments/18q31qv/dating/keus4j3/
18q2nao,,keupdrk,"Difficile ricordare le differenze di un film di molti anni fa, le uniche cose che potrebbero aver censurato erano le scene nel bagno quando parlano della scommessa e all’inizio nelle scene dove lui bestemmia ma mi pare che ieri era tutto come sempre non censurato",dan8799,2023-12-25T11:12:17,1,Italia,https://reddit.com/r/Italia/comments/18q2nao/una_poltrona_per_due/keupdrk/
18q4xev,,keui120,So try using something other than a mafia film to understand Italy.,ImportantSimone_5,2023-12-25T09:22:27,1,Italia,https://reddit.com/r/Italia/comments/18q4xev/persona_americana_più_sana_di_mente_be_like/keui120/
18orfrg,,keuho81,"Guardo volentieri anche 2-3 film al mese e mi faccio più di 100 km and andare e 100 a tornare per poter vedere i film nell'unica sala dotata di Dolby Atmos in tutto il Veneto. Tra l'altro la sola in grado di proiettare in 4K (ho visto così Interstellar per esempio), in HFR e HFR/3D (Gemini Man, la trilogia dell'Hobbit e l'ultimo Avatar). 

La cosa triste è che nelle rare volte che scelgo di evitare tutta la strada, traffico, autostrada ecc, e scelgo di andare in una qualsiasi delle multisale The Space, le uniche disponibili a distanze umane, mi inca\*\*o come una iena perchè tengono un volume altissimo da danni all'udito, esempio ho dovuto guardare l'ultimo Godzilla-1 con le dita piantate dentro le orecchie per non morire e ancora siamo usciti rintronati. 

Chi lo spiega a questi signori che volume alto non significa audio di qualità? Perchè invece di investire su quelle ca\*\*o di poltrone reclinabili non hanno speso i soldi per migliorare l'audio delle sale? 

Ho provato a contattarli ma non ho mai ricevuto risposta e provando a parlare con il ""personale"" (venditori di popcorn glorificati oramai) mi guardano con uno sguardo ebete non avendo alcuna idea di cosa io stia parlando.",ShiftRepulsive7661,2023-12-25T09:17:11,2,Italia,https://reddit.com/r/Italia/comments/18orfrg/scarsa_qualità_dei_cinema_multisala_in_italia/keuho81/
18q4xev,,keu6ji3,"Quando ti interfacci con certi ambienti solo per serie TV e film pensi sia la vita reale, ignorando che esistono gli attori. Pensate alle serie di medici, una qualsiasi, sono praticamente tutti dei modelli...serie poliziesche uguale.",Jammed_Death,2023-12-25T06:43:34,44,Italia,https://reddit.com/r/Italia/comments/18q4xev/persona_americana_più_sana_di_mente_be_like/keu6ji3/
18p90wx,,ketatep,"Due anni fa da quando ho iniziato a imparare l'italiano. Sono orguglioso di già potere legere dei libri, giocare e guardare film in italiano, però, non ho capito un cazzo di questo messaggio. Chi parla così? Fml",captaingoldenfish,2023-12-25T01:34:13,1,Italia,https://reddit.com/r/Italia/comments/18p90wx/social_inutile/ketatep/
18q4xev,,ket4g6d,"Praticamente la loro fonte di informazione maggiore non sono libri, o cose simili, ma i film. Per esempio, adesso che è uscito quella cagata di film su Napoleone, adesso sai per quanto l'americano medio crederà che Napoleone aveva bombardato le piramidi",Nik-42,2023-12-25T00:39:52,4,Italia,https://reddit.com/r/Italia/comments/18q4xev/persona_americana_più_sana_di_mente_be_like/ket4g6d/
18q6sl3,,ket4daw,"Ho avuto sogni parecchio strani del tipo accorgersi che sto sognando e inizio a prendere controllo io sul sogno, sogni che si collegano dopo 10 anni o altri che si ripetono. Sognare me stesso clonato che uccido me stesso clonato in continuo etc… 
Il più strano sogno di morte l’ho fatto parecchi anni fa ed è stato molto strano. Ero in una stazione di treni infinita, panorama colorato viola/nero (invece di bianco nero come nei film) stavo correndo in orizzontale sulle rotaie perche degli uomini in tuta eleganti (stile mafiosi dei film) mi stavano rincorrendo per uccidermi. Mi nascondo dietro a un muretto ma non funziona mi trovano mi circondano e mi sparano svariati colpi e sento un certo freddo nel sogno come se mi stessi dissanguando. Mi sveglio con i dolori nei punti in cui mi hanno sparato nel sogno…",EmbarrassedClick4646,2023-12-25T00:39:12,9,Italia,https://reddit.com/r/Italia/comments/18q6sl3/avete_mai_sognato_di_morire_e_rumori_che_sembrano/ket4daw/
18q4xev,,kesu84r,Che gli americani sono idioti e si basano sui film per capire il nostro paese.,ImportantSimone_5,2023-12-24T23:18:32,19,Italia,https://reddit.com/r/Italia/comments/18q4xev/persona_americana_più_sana_di_mente_be_like/kesu84r/
18q4z65,,kesol1v,Come i film di Fast and Furious,Hraptor,2023-12-24T22:35:08,5,Italia,https://reddit.com/r/Italia/comments/18q4z65/poll_la_religione_più_permalosa/kesol1v/
18pt6du,,kerz37s,"ziocane che uggio, invece di scrivere stronzate su reddit guardatevi un film o fatevi una scopata, per il bambin gesú",X0smith,2023-12-24T19:38:54,1,Italia,https://reddit.com/r/Italia/comments/18pt6du/24_dicembre/kerz37s/
18pu751,,kerk444,"Diciamoci la verità,  la neve a Natale solo nei film su vede",insideyourmindwow,2023-12-24T17:59:20,1,Italia,https://reddit.com/r/Italia/comments/18pu751/ma_che_cazzo_di_vigilia_è/kerk444/
18pu751,,kerj5f1,Allora punto primo innanzitutto ti ho dato l’app boot per farti dimostrare la mia solidarietà in quanto fratello italiano poi ti voglio dire che sinceramente parlando tutti i miei amici abitano in zone dove effettivamente fanno -70° e quindi io mi sento molto solidale nei loro confronti e tu se continui a fare il coatto io ti do una gomitata sul naso che quando ti svegli ti sembra di essere il cerbiatto del film della Disney perché senti l’odore dei prati,Hraptor,2023-12-24T17:52:42,-5,Italia,https://reddit.com/r/Italia/comments/18pu751/ma_che_cazzo_di_vigilia_è/kerj5f1/
18pt46l,,kerivnu,ma la vostra sede quale è? nel senso con le ambulanze partite dall ospedale oppure come nei film state insieme ai vigili del fuoco?,jack_il_pescatore,2023-12-24T17:50:52,2,Italia,https://reddit.com/r/Italia/comments/18pt46l/paramedico_usa_ama/kerivnu/
18pyaur,,kerfujb,"è nuovo se lo compari ad una poltrona per 2, non pensare che un film diventi una hit natalizia nel giro di un paio d'anni",AndreaCicca,2023-12-24T17:29:56,3,Italia,https://reddit.com/r/Italia/comments/18pyaur/ma_film_nuovi_e_belli_natalizi_non_ce_ne_sono/kerfujb/
18pqsgm,,ker9dle,"E allora segui il tuo stesso consiglio: vai a fare una passeggiata, guarda un film, fatti una sega, chi ti tiene legato qui? Se ti sei rotto il cazzo di leggere lamentele, i social media sono proprio il posto che non fa per te.

[Now with added soundtrack](https://youtu.be/43g-tXlhSMw?t=35)",_DepletedCranium_,2023-12-24T16:44:50,5,Italia,https://reddit.com/r/Italia/comments/18pqsgm/le_canzoni_di_natale_mi_stanno_sulle_palle/ker9dle/
18pvnc0,,ker6yty,"Non so se è narcisista, forse quello può saperlo un terapeuta che parla con la persona e lo valuta. Però posso dirti che indipendentemente dal fatto se sia narcisista o meno, è bene che smetta di vedere Instagram e i social in generale come verità. In realtà sono finzione come i film, situazioni artificiali in cui le persone si truccano e usano filtri e angolazioni che li valorizzano.

È normale volersi sentire accettati, ma il mio consiglio è essere brave persone, in questo modo gli amici sinceri si trovano.",Ricky_79,2023-12-24T16:27:46,1,Italia,https://reddit.com/r/Italia/comments/18pvnc0/se_uno_ha_bisogno_della_costante_approvazione_e/ker6yty/
18pyaur,,ker6yii,"Film nuovo: Klaus (2019)
Film più vecchiotto: La fabbrica di cioccolato del 2005. 

Comunque su Netflix ci sono un sacco di film natalizi",AndreaCicca,2023-12-24T16:27:43,4,Italia,https://reddit.com/r/Italia/comments/18pyaur/ma_film_nuovi_e_belli_natalizi_non_ce_ne_sono/ker6yii/
18pvwl9,,keqzkp1,"> in tutte le invasioni della storia sia uomini che donne hanno sempre fatto parte della resistenza armata

L'hai visto in un film su Netflix?",Wise_Stick9613,2023-12-24T15:33:27,-1,Italia,https://reddit.com/r/Italia/comments/18pvwl9/fatemi_capire_il_patriarcato_gestisce_il_mondo_ma/keqzkp1/
18ooncm,,keqy2rl,"Più che il doppiaggio ritrovo che il problema su larga scala sia l'adattamento e traduzione.

Però, quando si parla ad esempio dei film Disney ad oggi riscontro una repulsione per la versione doppiata, quando per i film e classici più attempati la versione italiana risulta tutt'ora iconica.

Sono sicuro sia in parte l'effetto nostalgia all'opera ma a me sembra davvero che certi film Disney e Pixar ultimamente siano davvero stati rovinati dal doppiaggio. Credo soprattutto i live action disney.

Penso che alla base ci sia il fatto che non si ricerchi più di dare un impronta autoriale al doppiaggio, quando prima invece ci si puntava molto.

Parlo della Disney perché nel loro caso in genere si riscontrava una certa uniformità nella qualità degli adattamenti.",moonandreacre,2023-12-24T15:22:05,1,Italia,https://reddit.com/r/Italia/comments/18ooncm/doppiaggio/keqy2rl/
18pu751,,keqq8g9,Questo è l'inizio di un film di fantascienza.,TylerItamafia,2023-12-24T14:19:55,8,Italia,https://reddit.com/r/Italia/comments/18pu751/ma_che_cazzo_di_vigilia_è/keqq8g9/
18pqsgm,,keqfgvu,"Oggi ho deciso che condivido film per bambini.

[Lavorare in 7n centro commerciale a dicembre](https://youtu.be/-SRaoyoPTqY?t=34)",_DepletedCranium_,2023-12-24T12:36:20,3,Italia,https://reddit.com/r/Italia/comments/18pqsgm/le_canzoni_di_natale_mi_stanno_sulle_palle/keqfgvu/
18p87qd,,keqar1c,"Piddino offesino spotted

Spero Putin muoia domani, ma sono contrario a mandare i giovani a morire per non fare perdere le elezioni a Biden.

Mio bisnonno è andato inutilmente a morire contro la Russia, forse potremmo imparare qualcosa m

Odio gli USA perché sono gli USA, forse non dovresti imparare la storia dai film americani",cappellodiraglia,2023-12-24T11:38:48,-7,Italia,https://reddit.com/r/Italia/comments/18p87qd/appello_di_kiev_ucraini_allestero_tornate_e/keqar1c/
18pqsgm,,keq7fji,Concordo abbastanza. Ma i FILM di Natale sono pure peggio,Astroruggie,2023-12-24T10:54:08,6,Italia,https://reddit.com/r/Italia/comments/18pqsgm/le_canzoni_di_natale_mi_stanno_sulle_palle/keq7fji/
18pfkmd,,keq6btp,"Dì quel che vuoi, ma per me Die hard resta sempre il nome di un film porno dove l'attore muore per overdose di Viagra.",PatataNelCulo,2023-12-24T10:38:50,1,Italia,https://reddit.com/r/Italia/comments/18pfkmd/qual_è_la_vostra_top3_definitiva_di_film_di_natale/keq6btp/
18p608f,,keq4ha9,"su questo hai assolutamente ragione, è come se avessero voluto cercare in tutti i modi di fare meno riferimenti possibili al primo film, come se volessero sostituire il 1 film col 2. Può darsi che mi sbagli, ma anche a me ha dato tale impressione",Zealousideal_Youth17,2023-12-24T10:12:53,2,Italia,https://reddit.com/r/Italia/comments/18p608f/cosa_ne_pensate_di_cecchettin_e_e_della_sua/keq4ha9/
18p608f,,keq3vni,"Beh sì, i primi due sono assolutamente insuperabili. Il gatto 2 mi è piaciuto molto sia a livello di trama sia di animazioni (davvero fantastiche). Il punto sai qual è? È che, nonostante fosse molto bello, ho avuto l'impressione di guardare qualcosa che non c'entrasse con il film precedente. Ovvero, se avesse avuto un altro titolo e degli altri personaggi sarebbe stato uguale",FrancescoColace,2023-12-24T10:04:33,1,Italia,https://reddit.com/r/Italia/comments/18p608f/cosa_ne_pensate_di_cecchettin_e_e_della_sua/keq3vni/
18p465s,,keq2hys,"folle, fa paura in questa stagione, sembra l'incipit di un film hollywoodiano catastrofico.",Amazing-Instruction1,2023-12-24T09:45:06,3,Italia,https://reddit.com/r/Italia/comments/18p465s/ma_18_gradi_in_inverno_e_normale_e_poi_con_il/keq2hys/
18ooncm,,keq248u,"partiamo dal presupposto che tantissimi doppiatori fanno schifo a interpretare(guarda doppiatore di vegeta che traduce in un suo video su youtube “I hate to be that guy” letteralmente) ma da grande appassionato di cinema il concetto che in Italia si doppia bene è legit fake news che ci si porta dallo scorso secolo, in Italia si doppiava bene, ma non si doppiavano bene i film stranieri, doppiavano bene i film italiani con attori non professionisti, da questo nasce questo grande mito dei doppiatori italia bravi, esistono film come arancia meccanica che non rendono in altre lingue o full metal jacket che gli italiani pensano sia un film comico…",Acceptable-Glove24,2023-12-24T09:39:40,2,Italia,https://reddit.com/r/Italia/comments/18ooncm/doppiaggio/keq248u/
18p608f,,keq0xxq,"Shrek 4 l'ho trovato abbastanza caruccio, assolutamente non paragonabile ai primi 2 film, ma caruccio. Il gatto 2 invece è stato una bella sorpresa, è saputo ritornare molto a quella cinicità che aveva Shrek in origine, quindi io lo considero addirittura superiore al 3 e al 4 film di Shrek. Il problema di Shrek terzo è il fatto che esso non abbia una vera identità, sembra piuttosto uno Shrek 2 parte 2 che nessuno aveva richiesto, i temi affrontati sono ridondanti e le battute deboli (fatta eccezione per la parte del liceo, quella molto divertente).",Zealousideal_Youth17,2023-12-24T09:23:23,1,Italia,https://reddit.com/r/Italia/comments/18p608f/cosa_ne_pensate_di_cecchettin_e_e_della_sua/keq0xxq/
18p608f,,kepztma,Io sinceramente ho trovato di gran lunga peggio il 4. La trama è assolutamente scollegata dagli altri film ed è senza capo nè coda. Si sono inventati una storiella senza senso per riempire il tutto (un po' come il gatto con gli stivali 2). Il 3 tutto sommato non mi era troppo dispiaciuto. Almeno mi sembrava avesse un senso.,FrancescoColace,2023-12-24T09:07:53,1,Italia,https://reddit.com/r/Italia/comments/18p608f/cosa_ne_pensate_di_cecchettin_e_e_della_sua/kepztma/
18p9xns,,kepse1y,"Letteralmente nicolaluchetta84 will say “Paola cortellesi per aver spiattellato al cinema che l’Italia, a parte la questione economico-finanziaria, non è tanto diversa da quella del dopoguerra” senza aver visto il film e travisandone completamente il messaggio",Wonderful-Speaker281,2023-12-24T07:28:16,2,Italia,https://reddit.com/r/Italia/comments/18p9xns/la_vostra_persona_italiana_dellanno/kepse1y/
18ooncm,,kepprvm,"Non credo sai, io non mai sentito nessuno usare la parola isolato in quel contesto fuori da un film.",Leisure_suit_guy,2023-12-24T06:56:02,1,Italia,https://reddit.com/r/Italia/comments/18ooncm/doppiaggio/kepprvm/
18p87qd,,kepgz12,"Quando è scoppiata la guerra e le prime famiglie vicino al confine ucraino sono ""scappate""/emigrate, lavoravo all'ufficio immigrazione; la prima settimana, visti i numeri bassi di ucraini che arrivavano nella mia provincia, è stato un susseguirsi di ""identificazione"", cioè venivano accompagnati dal parente o amico italiano che compilava un modulo con indirizzo, numero telefonico e dati loro e degli italiani.

La collega, fresca di corso, dimentica due dati di una famiglia x che era ospitata temporaneamente nel comune dove io risiedo, finisco il turno e vado di persona a chiedere questi dati. La scena è stata tipo bastardi senza gloria o qualunque film sui nazisti, l'uomo si era andato a nascondere, la moglie in lacrime che abbracciava i figli, l'italiana che li ospitava mi spiega che appena hanno sentito la parola ""polizia"" hanno temuto il peggio, nel senso che avevo trovato il disertore e lo stavo consegnando all'Ucraina.

Scene simili ma più leggere le ho riviste nei giorni successivi in ufficio, se arrivava una famiglia con un uomo/ragazzo in età arruolabile era sempre molto nervoso.",Santi9111,2023-12-24T05:19:26,13,Italia,https://reddit.com/r/Italia/comments/18p87qd/appello_di_kiev_ucraini_allestero_tornate_e/kepgz12/
18pfkmd,,keo880i,"1. Fascisti su Marte 
2. Fascisti su Marte 
3. Fascisti su Marte 

Questi sono gli unici film che vanno bene per qualsiasi occasione",FirmConsequence1360,2023-12-23T23:19:49,6,Italia,https://reddit.com/r/Italia/comments/18pfkmd/qual_è_la_vostra_top3_definitiva_di_film_di_natale/keo880i/
18p2eeh,,keo827l,C'era un bel film di zombie che iniziava proprio con quella stessa scena.,RietraPubbia,2023-12-23T23:18:36,1,Italia,https://reddit.com/r/Italia/comments/18p2eeh/piccolo_puntino_bianco_iride/keo827l/
18pfkmd,,keo6que,Die Hard è l'unico film di Natale di cui ho bisogno,blacksd,2023-12-23T23:08:46,11,Italia,https://reddit.com/r/Italia/comments/18pfkmd/qual_è_la_vostra_top3_definitiva_di_film_di_natale/keo6que/
18p53ic,,keo6pmu,"Scaricati un po’ di film comici (una pallottola spuntata e simili) o fatti qualche maratona, patatine, tisana, playstation e spegni il telefono :D",Constant-Impress-150,2023-12-23T23:08:30,1,Italia,https://reddit.com/r/Italia/comments/18p53ic/natale_in_solitudine/keo6pmu/
18pfkmd,,keo5p8k,Klaus un film di animazione prodotto da Netflix,s_tri_ker,2023-12-23T23:01:07,3,Italia,https://reddit.com/r/Italia/comments/18pfkmd/qual_è_la_vostra_top3_definitiva_di_film_di_natale/keo5p8k/
18pfkmd,,kenuo6i,L’unico film di Natale che mi piace è “Babbo Bastardo”. Adoro Billy Bob Thornton,idontknow19286,2023-12-23T21:43:30,5,Italia,https://reddit.com/r/Italia/comments/18pfkmd/qual_è_la_vostra_top3_definitiva_di_film_di_natale/kenuo6i/
18p608f,,kemrdks,"La lore di Shrek è talmente enorme che un ulteriore film, se non ulteriori film di Shrek, secondo me, siano più che necessari, basta che non facciano altri film simili al 3.",Zealousideal_Youth17,2023-12-23T17:18:20,15,Italia,https://reddit.com/r/Italia/comments/18p608f/cosa_ne_pensate_di_cecchettin_e_e_della_sua/kemrdks/
18p608f,,kemgdfe,"Penso che stia andando tutto come da programma. Stiamo attraversando tempi bui e la vicenda del MES ha garantito che potranno solo peggiorare, quindi bisogna introdurre la guerra dei sessi pure in Italia.

Tra l'altro portando le teorie americane 1:1 con risultati il più delle volte ridicoli (ho sentito Saverio Tommasi dire che nella vita è stato avvantaggiato dal suo aspetto fisico :grin:).

E pure il suo aspetto è perfetto: è una bella ragazza ma dai tratti molto mascolini, proprio come va di moda oggi nella rappresentazione mediatica delle donne nei film e videogiochi. Se non esistesse bisognerebbe inventarla.",Leisure_suit_guy,2023-12-23T16:09:11,6,Italia,https://reddit.com/r/Italia/comments/18p608f/cosa_ne_pensate_di_cecchettin_e_e_della_sua/kemgdfe/
18ooncm,,kem8gtj,"Io oramai guardo solo lo sport in italiano, il resto tutto in inglese (film, serie, documentari e CNN che è il mio riferimento per le notizie) o giapponese (anime), I doppiaggi sono imbarazzanti, per non parlare di come cambiano i titoli completamente a cazzo, una roba indegna",mala_r1der,2023-12-23T15:19:38,1,Italia,https://reddit.com/r/Italia/comments/18ooncm/doppiaggio/kem8gtj/
18ooncm,,kem60u0,Cerca di vedere qualche film decente poi ne riparleremo.,bristolmayers,2023-12-23T15:04:09,1,Italia,https://reddit.com/r/Italia/comments/18ooncm/doppiaggio/kem60u0/
18ooncm,,kelxxq0,"Anche io sono in Italia da annuale rientro dall'estero. Riuscite ancora a trovare roba da guardare alla TV? Ogni canale è reality, roba di cucina, vecchi che blaterano.. film 0, nemmeno cult. Serie sono state abolite se non le reruns millenarie di csi e NCIS..",Nereus_Dusk00,2023-12-23T14:11:09,1,Italia,https://reddit.com/r/Italia/comments/18ooncm/doppiaggio/kelxxq0/
18p2z64,,kelww1e,"Questa affermazione mi sembra esagerata. Penso che ig possa essere visto come un leggero passatempo ""al pari"" di YouTube o di un film.
Il problema è l'effetto che quest'applicazione ha",MyHomiee99,2023-12-23T14:04:04,2,Italia,https://reddit.com/r/Italia/comments/18p2z64/la_logica_di_uso_di_instagram_rende_le_persone/kelww1e/
18p4b25,,kelsp25,"Mi dispiace per la confusione. Potrebbe trattarsi del film ""The Age of Stupid"" (2009). Si svolge in un futuro post-apocalittico e segue diverse storie ambientate in diverse parti del mondo, tra cui il Nord della Francia e il Regno Unito, mentre esplora i problemi legati al surriscaldamento globale. Verifica se questo è il film che stai cercando.",thechaoshow,2023-12-23T13:34:05,1,Italia,https://reddit.com/r/Italia/comments/18p4b25/film_tv_postapocalitticosurriscaldamento_di_circa/kelsp25/
18p53ic,,kelqffb,"Ordinati cose che ti piace mangiare e che di solito non mangeresti, tipo fatti una torta tutta per te. Mangia e balla in casa, fai telefonate scherzo sceme come i 12enni, vai su chat roulette se esiste ancora e sii testimone del disagio dell'umanità, leggi, guarda 2 film, osserva il soffitto interrogando sul senso della vita e metti un reminder nel telefono per farti il vaccino COVID l'autunno prossimo.",JollyPollyLando92,2023-12-23T13:17:02,7,Italia,https://reddit.com/r/Italia/comments/18p53ic/natale_in_solitudine/kelqffb/
18p4b25,,kelqbst,"Il film potrebbe essere ""L'imbroglio nel lenzuolo"" (2010), diretto da Alfonso Arau. La trama coinvolge un'Italia colpita da un surriscaldamento globale e segue la storia di un giovane italiano. Tuttavia, i dettagli possono variare, e potrebbe essere utile verificare ulteriori informazioni per confermare se è il film che stai cercando.

- ChatGPT",thechaoshow,2023-12-23T13:16:17,2,Italia,https://reddit.com/r/Italia/comments/18p4b25/film_tv_postapocalitticosurriscaldamento_di_circa/kelqbst/
18ooncm,,kelhu9d,"Gli attori non sono content creator e a loro, specie quelli hollywoodiani, non frega molto se all'estero vengono doppiati. Anzi, più il film vende più a loro conviene, e perlopiù molti instaurano rapporti di cordialità professionale con i propri doppiatori storici.

Non credo il tuo paragone regga, ma lo rispetto. Abbiamo sensibilità diverse ed è giusto così.",vaklam1,2023-12-23T12:04:51,1,Italia,https://reddit.com/r/Italia/comments/18ooncm/doppiaggio/kelhu9d/
18ooncm,,kelh42d,No? Ha tutto il diritto di dire che l’adattamento fa schifo. Son due cose diverse. Se in un film non ti piace la fotografia o la sceneggiatura non è che ti lamenti degli attori,BohTooSlow,2023-12-23T11:57:55,-2,Italia,https://reddit.com/r/Italia/comments/18ooncm/doppiaggio/kelh42d/
18ooncm,,kelca0u,"Sì ok ma le opere non esistono nel vuoto. Ciò che conta è la sensazione che prova ogni singolo spettatore quando le esperisce. Se Giovanni Rossi dice che ha visto Il Padrino (doppiato) e gli è piaciuto moltissimo, ed è il più bel film che abbia mai visto in via sua, e che gli ha scatenato un mare di sensazioni e ispirazioni, e gli ha cambiato la vita... chi sei tu per andare a dire a Giovanni Rossi che non ha capito un cazzo e che tutto ciò che ha provato è falso perché il film non l'ha visto in lingua originale? E non trovi che ci sia una buona possibilità che il 90% delle sensazioni che Giovanni Rossi ha provato siano molto simili a quelle provate da John Smith che ha visto il film da Chicago?

Cioè fammi capire se tu frequenti un cineforum ti rifiuti di parlare con le persone che non hanno visto il film in lingua?",vaklam1,2023-12-23T11:12:22,2,Italia,https://reddit.com/r/Italia/comments/18ooncm/doppiaggio/kelca0u/
18p25tr,,kelaeqv,Ti consiglio il film “Come sempre a Natale” lo trovi su Netflix e parla propio di questo,MDG-85,2023-12-23T10:53:33,3,Italia,https://reddit.com/r/Italia/comments/18p25tr/sfoghi_natalizi/kelaeqv/
18ooncm,,kel5vnp,"Poi chiaramente il VA di how I met your mother può essere bello quanto vuoi ma non puoi non perdere qualcosa in una sitcom, e ancora ci sono i film della ghibli che a tratti hanno un adattamento criminale ma il VA rimane di buon livello",pcaltair,2023-12-23T10:08:03,1,Italia,https://reddit.com/r/Italia/comments/18ooncm/doppiaggio/kel5vnp/
18ooncm,,kel5pd4,"Il doppiaggio della tv generalista (roba simile a temptation island, x factor o altri talent esteri, compilation alla paperissima, documentari low budget...) ha sempre fatto un po' pena, da quello che mi dicono tutti però sulla maggior parte delle serie e dei film di hollywood siamo su un altro livello rispetto ad altre lingue",pcaltair,2023-12-23T10:06:14,1,Italia,https://reddit.com/r/Italia/comments/18ooncm/doppiaggio/kel5pd4/
18p0h7i,,kel5mc2,"Primi mesi del 2021. Sta per finire il secondo lockdown, per una volta nella mia vita ho entusiasmo piani di cose da fare non appena si può girare di nuovo liberamente. 

Mi chiama il capo: ""dovresti trasferirti"" 

""Di nuovo? Ma basta chiedete a qualcun'altro""

""Dai, solo 3 mesi. Poi la cosa va a scemare e dovrai starci poco con rientri frequenti"" 

Sono sostanzialmente costretto a accettare. Alla fine sono stato via un anno a fare un lavoro per giunta stressante e che mi faceva schifo. Sono stato malissimo. Per la prima volta in vita mia mi sono messo a piangere da solo (diciamo non a causa di altre persone, film o altro) un paio di occasioni dopo le telefonate a casa che facevo ogni 2-3 giorni. 

Ho deciso che era il colmo, ci ho messo un po ma un annetto dopo ho trovato altro dato le dimissioni.",Pippopippp,2023-12-23T10:05:20,5,Italia,https://reddit.com/r/Italia/comments/18p0h7i/quale_il_vostro_massimo_di_sopportazione_sul/kel5mc2/
18oorjm,,kel3f0s,"Io dico non ha più senso la televisione come una volta... Uno può guardarsi qualsiasi cosa su youtube, ci sono chissà quanti siti di streaming per film e serie TV e uno se vuole vedere un film nuovo va al cinema... I canali come prima non hanno più senso",Nik-42,2023-12-23T09:42:49,1,Italia,https://reddit.com/r/Italia/comments/18oorjm/rete_4_e_lavaggio_del_cervello_per_ebeti/kel3f0s/
18odneg,,kel2u4b,"Non mi piace questa cosa dell’eliminarlo, sinceramente mi sembra un po’ preoccupante.

Però oltre a quello è un 15enne, quando ero giovane facevo la stessa cosa: facevo il fascista per scherzare ma quando c’erano le discussioni serie su soggetti politici esprimevo delle opinioni che sono praticamente standard nelle società orientali al giorno d’oggi.

Invece di puntare il dito al ragazzo per le risse può darsi che sia vittima di bullismo a scuola, rendendolo estremamente predisposto alla violenza (credimi ero nella stessa situazione), non necessariamente lo fa perché è un neonazzista della gioventù hitleriana.

Invece di fare accuse e di postare ste cose online cerca di parlarci con tuo cugino, vedi di avere una discussione seria, fatti dare delle risposte. 

Se proprio vuoi andare per via della “terapia dell’avversione” allora fagli vedere un film come “il bambino col pigiama a righe”, “l’uomo dal cuore di ferro”, “Fury”, “T-34”, “Salvate il Soldato Ryan” o “Jojo Rabbit”. 

Fury, T-34 e Jojo Rabbit sono i migliori perché sono molto concentrati sull’azione e commedia, così non si stancherà di guardarli insieme a te.

Se il ragazzo è appassionato di videogiochi allora puoi dargli qualcosa come Sniper Elite 4, gioco d’azione ambientato nell’Italia fascista; Call of Duty WaW, un gioco che si svolge attorno agli orrori della guerra; oppure anche un Red Dead Redemption 2, così che può esplorare gli effetti del razzismo e segregazione in tempo reale.",Bersaglier-dannato,2023-12-23T09:36:43,3,Italia,https://reddit.com/r/Italia/comments/18odneg/mio_cugino_omonimo_sta_diventando_nazista/kel2u4b/
18ooncm,,kel2sjg,"Si ma guarda che anche nelle altre lingue hanno gli accenti. Un film americano può avere accenti del sud, del Midwest, del New Jersey etc. Film del Regno Unito, c’è una bella differenza tra un personaggio di Londra e uno di Edimburgo. Ma gli accenti diversi coesistono, a seconda delle esigenze di copione.
Invece i dialoghi in Italia hanno tutti quell’accento artificioso e impostato, con una base romana.",esofagus,2023-12-23T09:36:13,1,Italia,https://reddit.com/r/Italia/comments/18ooncm/doppiaggio/kel2sjg/
18ooncm,,kel228t,"Il doppiaggio è un abominio italiano.

In pochi si accorgono che anche i film e i telefilm italiani sono doppiati.

Pochi giorni fa ho notato guardando una scena di Febbre da cavallo che le voci di Proietti, Montesano etc erano registrate in studio.

Preferirei il suono in presa diretta come si fa nei paesi anglosassoni; si capisce meno perché il parlato è meno pulito, ma è più naturale.",GianniMerryman,2023-12-23T09:28:51,1,Italia,https://reddit.com/r/Italia/comments/18ooncm/doppiaggio/kel228t/
18ooncm,,kel0ztx,"Vorrei concludere da dove ho iniziato, come ho ben scritto ci sono alcuni doppiatori e doppiaggi fatti bene, ma ripeto alcuni, difendere a spada tratta qualcosa che oggettivamente in molti casi presenta grosse lacune, mi sembra un campanilismo arbitrario e inutile.
Ci sono doppiaggi che a volte migliorano ma sono pochi ma ci sono. 
Vi faccio un esempio stupido: 
Virgin River serie Netflix, I due protagonisti nella versione originale hanno nella voce e nel modo di parlare in vissuto travagliato e traspare la sofferenza. Nel doppiaggio italiano lui sembra un marpione e lei una sgallettata, provate a vedere le differenze.
Ho voluto prendere ad esempio non il massimo film impegnato ma una serie normale, perché lì ci sono le differenze più mostruoso. Ciao a tutti",casellante23,2023-12-23T09:18:22,3,Italia,https://reddit.com/r/Italia/comments/18ooncm/doppiaggio/kel0ztx/
18ooncm,,kel0h1d,"Una volta ho visto un film spagnolo doppiato in inglese e era così atroce che ho preferito lo spagnolo, pur non parlandolo.",RenatoPensato,2023-12-23T09:13:18,1,Italia,https://reddit.com/r/Italia/comments/18ooncm/doppiaggio/kel0h1d/
18orfrg,,kekyiuy,"Vado al cinema circa una decina di volte al mese, e l'UCI mi sta facendo passare la voglia di andarci. Il film inizia alle 20.30? Alle 20.20 aprono la sala, ti siedi, 20.40 parte la pubblicità 21 parte il film. Se non altro la qualità video e audio nella sala IMAX è buona",ITA_DEX,2023-12-23T08:53:56,3,Italia,https://reddit.com/r/Italia/comments/18orfrg/scarsa_qualità_dei_cinema_multisala_in_italia/kekyiuy/
18ooncm,,kekuqbk,"Come in tutto, è anche aumentata molto la mole di lavoro, con tempi sempre più stretti per portare a termine la lavorazione (se si pensa che tante serie e tanti film escono in contemporanea in tutto il mondo). Meno tempo + lavoro aumentato = qualità più bassa",rebelgull,2023-12-23T08:15:53,1,Italia,https://reddit.com/r/Italia/comments/18ooncm/doppiaggio/kekuqbk/
18orfrg,,kekujo2,"A me invece la pulizia è una delle cose che più dà fastidio del cinema.


Abito a 10 minuti in macchina da un UCI ma ho smesso praticamente di andarci perché:

1 i bagni sembrano quelli di un concerto di capodanno 

2 i sedili hanno un aria di unto incredibile

3 i film iniziano 20 cazzo di minuti dopo l'orario previsto, ormai se il film è alle 9 io esco di casa alle 9 e non perdo cumuque nulla. Il Disney pre show è una merda fotonica, mi hanno messo l'intervista a robert Downey Jr PRIMA della proiezione di Avengers.

4 La pausa potrebbe anche avere un senso ma sarebbe davvero il caso che la facessero i momenti adatti, tutti i film hanno le pause per la pubblicità, ma loro tagliano alla cazzo di cane a metà di un dialogo.

5 secondo me non aggirnano i proiettori perché le multisala sono dinpoche grandi catene che trovano più facile fare cartello  che lanciarsi in investimenti dalla resa ignota, gli spettatori  sono restati scottati dal 3D, migliaia di occhialini comprati e l'unico film che valeva la pena di vedere era Avatar",ABrandNewCarl,2023-12-23T08:14:02,3,Italia,https://reddit.com/r/Italia/comments/18orfrg/scarsa_qualità_dei_cinema_multisala_in_italia/kekujo2/
18ooncm,,keksot3,"C’è una verità assoluta eccome: il doppiaggio snatura del tutto il film.
La recitazione è parte di un film, così come l’interpretazione dettata dall’attore e dalle scelte stilistiche del regista. Pensare che la reinterpretazione da parte di doppiatori sia allo stesso livello o per giunta superiore è una bestemmia bella e buona. 
Ci sono persone che incensano grandi attori come Al Pacino, Jack Nicholson, ma non li hanno mai visti recitare realmente. Anzi, ti citano a memoria il tono edificante di Amendola che reinterpreta una battuta del film. 
Questo è disarmante.

Poi, Amendola era un grandissimo doppiatore, un tono di voce pazzesco, e su questo non discuto, ma gli originali sono proprio un’altra cosa nel vero senso del termine.

Oltre alla recitazione e all’ interpretazione c’è anche il contesto linguistico che viene completamente perso. Spesso le battute sono italianizzate altrimenti la gente non capirebbe (ed è considerata troppo stupida per imparare il contesto sociolinguistico di altri paesi) le battute o i riferimenti, o i giochi di parole.

E qui sto facendo riferimento al miglior doppiaggio italiano mai esistito. Adesso è osceno, mal recitato e tutto enfatizzato che pare di sentire ogni volta una telenovela o soap opera sud americana.",gajira67,2023-12-23T07:55:44,11,Italia,https://reddit.com/r/Italia/comments/18ooncm/doppiaggio/keksot3/
18ooncm,,keks6n9,Certo. O perché guardano film e programmi in lingua originale. Chi lo sa.,ErPrincipe,2023-12-23T07:50:49,-1,Italia,https://reddit.com/r/Italia/comments/18ooncm/doppiaggio/keks6n9/
100244z,,j2fom65,"E' una domanda difficilissima ma se devo sceglierne uno è il terzo di Dune, I Figli di Dune, di Frank Herbert.

E' anche un po' una risposta di merda perchè collocandosi al centro di una doppia trilogia non è facile da sfogliare per curiosità, però è veramente tosto in tutti i sensi.

In alternativa ""Speaker for the Dead"" o ""Xenocide"" di Scott Card, secondo e terzo libro della prima saga di Ender. Questi probabilmente son più accessibili visto che del primo (Ender's Game) han fatto il film e magari hai già un'idea di cosa tratti (anche se nel film ovviamente glissano sulle parti più complesse che sono invece il focus assoluto dei due libri citati).

Tutta roba di fantascienza, ma gli aspetti veramente interessanti sono filosofici/antropologici.

\[edit\]  
Ma pure un commento del genere prende un downvote? Che roba incredibile reddit.",Meppho,2022-12-31T22:50:58,2,Italia,https://reddit.com/r/Italia/comments/100244z/qual_è_il_miglior_libro_che_hai_letto_nella_tua/j2fom65/
100244z,,j2f7cdy,"Il più bel libro secondo me è Lion la strada verso casa, racconta la storia vera di Seroo Brierley, un bambino di 5 anni che si perde in India e finisce in Australia, adottato da una famiglia di australiani, quando cresce userà Google earth per trovare il suo minuscolo villaggio in India, non sapendo né il nome del paese di provenienza e nemmeno da quale parte dell'India venisse. La storia è vera, c'è anche un film fatto molto bene, ci sono un sacco di documentari e interviste su questa storia, su YouTube ci sono anche i telegiornali dell'epoca che raccontano la storia di questo ragazzo che ha ritrovato sua madre con Google earth dopo tanti anni, ma il libro ovviamente entra molto più nel dettaglio ed è Saroo stesso a raccontare tutto. In una sua intervista ho sentito che dopo che questa storia divenne famosa, Google ha voluto intervistare Saroo e gli hanno chiesto cosa lo avrebbe facilitato ulteriormente nella sua ricerca, e lui ha risposto ""se avesse potuto vedere le strade come se ci stesse camminando dentro"" e così hanno avuto l'idea di iniziare Google Street View. Purtroppo questa intervista con questo dettaglio particolare non l'ho mai più trovata, ma il libro vale davvero la pena di leggerlo, è la storia più incredibile che abbia mai letto.",Lindanineteen84,2022-12-31T20:43:59,1,Italia,https://reddit.com/r/Italia/comments/100244z/qual_è_il_miglior_libro_che_hai_letto_nella_tua/j2f7cdy/
zzqefd,,j2ebzb5,"Alla fine ridicolizzare il fascismo e il nazismo sono ottimi esempi di media antifascista. Per esempio, con cosa pensate che un nazista trovi più pretesti per farsi una pippa, un film su come siano efficienti, ordinati e spietati nella loro crudeltà o uno come Jojo Rabbit dove hitler e i nazisti sono dipinti come i cretini ridicoli che erano effettivamente?",Krowwjaeger,2022-12-31T17:07:57,3,Italia,https://reddit.com/r/Italia/comments/zzqefd/aperti_i_casting_per_la_serie_su_mussolini/j2ebzb5/
zzp9pl,,j2eaelo,"Però quello che le persone non capiscono è quanto impatta i cittadini innocenti che non hanno avuto voce in capitolo per questa guerra. Le persone guardano ai cittadini ucraine e li santizzano, poi guardano a quelli russi e li prendono per i colpevoli, quando l'unico vero colpevole è Putin... Faccio qualche esempio... La Disney che vieta che i suoi film vengono visualizzati in Russia. Twitter che non può essere aperto, o Netflix... O le carte di credito russe che non possono più essere usate fuori dalla Russia, compreso l'uso in internet... Chi va a subire le decisioni delle grandi aziende che per farsi vedere ""alleati dell'Ucraina"" hanno distrutto la vita di migliaia di russi e sono poi stati applauditi come se avessero preso una decisione umanitaria? Putin? La Russia? O i cittadini che hanno perso il lavoro?",Raismin,2022-12-31T16:57:27,-1,Italia,https://reddit.com/r/Italia/comments/zzp9pl/se_poteste_cambiare_una_cosa_evento_del_2022/j2eaelo/
zzv09l,,j2dvitq,">Il film credo che fosse con Paolo Villaggio, il quale partecipava ad un programma simile a Sarabanda dove doveva indovinare una canzone. La scena comica era data dal fatto che la canzone veniva indovinata con pochissime note (forse una) e poi venivano chieste domande approfondite riguardo questa canzone come il compositore, parenti del compositore e addirittura il meteo del giorno in cui è stata composta la canzone.

Sì, si sentiva una nota sola, in cuffia. Era una puntata dello sceneggiato televisivo *Giandomenico Fracchia - Sogni proibiti di uno di noi*, e quella scena è ovviamente uno dei suoi sogni a occhi aperti. Non ti saprei dire la puntata, ma sono solo 4, e mi pare siano tutte e 4 su Youtube.",Melopsittaco,2022-12-31T15:11:22,6,Italia,https://reddit.com/r/Italia/comments/zzv09l/cerco_film_con_paolo_villaggio_credo/j2dvitq/
zzqefd,,j2d1eby,non è la prima volta che si fa un film sulla figura di Mussolini. C'è da sperare che anche questa volta si resti coerenti con la storia e si eviti di mitizzare un criminale,vespa2,2022-12-31T09:40:56,32,Italia,https://reddit.com/r/Italia/comments/zzqefd/aperti_i_casting_per_la_serie_su_mussolini/j2d1eby/
zz1fmc,,j2d1afx,"Ieri ho visto un bel film, “I Viceré”. Nel discorso finale del protagonista c’è la risposta.",Westaufel,2022-12-31T09:39:26,1,Italia,https://reddit.com/r/Italia/comments/zz1fmc/perché_in_italia_non_si_riesce_a_trovare_un/j2d1afx/
zyv9sx,,j2cztk8,"Ipocrisia. Vecchia Santa ipocrisia occidentale. 
I bambini guardano pornografia dall'asilo... Età media 11 anni mi sembra, in discesa. Guardavo un documentario con uno dipendente a 14 anni. Tutta la storia della nudità e del puritanesimo sono solo ipocrisie (""guardate quanto ci teniamo alla purità dei vostri bambini""). I genitori non le comprerebbero mai i videogiochi con i personaggi nudi e le persone che ti passano accanto ti guarderebbero storto nel vederti controllare un personaggio che corre con il pene per aria (il nudo maschile è ancora più taboo per qualche motivo - ci sono una molle decisamente maggiore di film con nude femminili all'interno, piuttosto che con nude maschili - l'unico pene che ho visto era in cinema con la mia ragazza in una commedia di qualche anno fa - forse, appunto, perché le ragazze devono essere più protette dei maschi - come quando facevano la sella della bici con un buco perché le donne non si eccitino andando in bici) 
Il nudo e la sessualità vendono, ma solo sotto mano, siamo stati insegnati a nasconderla, a nasconderci. Non è normale andare in giro nudi, ma la violenza è normale, a quanto pare. Alla fine i preti squartavano le budella delle streghe e degli eretici in piazza. I bambini, apprendisti, invece, li abusavano nell'intimità, mentre lottavano contro la promiscuità e qualsiasi ostentazione dei bisogni sessuali.
Il mito maschile, poi, è ancora machista, violento. Forse pure la violenza è diventata ""nascosta"" . ""OK, facciamo questo compromesso, compriamo al nostro bambino questo videogioco violento che desidera tanto, così i suoi istinti violenti, vitali si estinguono all'interno di questa casa, in un ambiente controllato, dove non si fa male, e allena bene i suoi movimenti delle dita"".
E poi vanno tutti in giro confusi, come degli zombie, in una cattiva relazione con la propria sessualità (in alcuni stati, come pure nelle stesse americhe, persino l'educazione sessuale è un discorso taboo - mi ricordo che negli USA è nella maggior parte di stampo religioso - non fatte sesso prima del matrimonio) e in una cattiva relazione con il proprio corpo (gli incel e i hikikomori sono in crescita, le persone si vergognano del proprio corpo e non sanno relazionarsi col corpo di altri - non sanno neanche dare un pugno se non premendo un tasto).",[deleted],2022-12-31T09:19:15,1,Italia,https://reddit.com/r/Italia/comments/zyv9sx/violenza_si_nudità_no_nellintratenimento/j2cztk8/
zyjrc2,,j2awssv,"L’ha letteralmente fatto ieri/l’altro ieri, vuoi lo screen? Poi sarei io quella che si crea i film mentali per avere ragione. Ci sono migliaia di cose disgustose che ha fatto e detto di cui ti possono essere fornite prove, ma evidentemente non è importante perché qualunque cosa ti venga detta continuerai a difenderlo a spada tratta anche a costo di affermare che la terra è piatta. Inoltre la mia era una critica alla tua incoerenza nel rispondere agli altri di lavorare quando tu stai passando qui più tempo di loro, ma anche questo è sfuggito alla tua mente brillante.
Mezza età va dai 40 ai 60 anni, lui ne ha 36, non è così fuori dal mondo definirlo di mezza età, e anche fosse, un 36enne che dice certe cose è equamente imbarazzante.",Entire_Sail7412,2022-12-30T22:23:09,1,Italia,https://reddit.com/r/Italia/comments/zyjrc2/andrew_tate_arrestato_in_romania_per_traffico_di/j2awssv/
zyjrc2,,j2atg61,"É sera, non ho niente da fare, ma già che siete così creduloni e “godete” per il suo arresto mi fa un po’ ridere. Mezz’età? Da quando avere 35 anni equivale ad essere un uomo/donna di mezz’età? Strano. Ma tralasciando sta cagata, quello che hai appena scritto é una supposizione basata sui film mentali che ti sei creato in testa di lui, anche perché lui non ha mai parlato di “come si dovrebbe scopare le teenager” su Twitter",brutallyhonest018,2022-12-30T22:00:18,1,Italia,https://reddit.com/r/Italia/comments/zyjrc2/andrew_tate_arrestato_in_romania_per_traffico_di/j2atg61/
zz5uk6,,j29zsha,"G R A Z I E

Si si, è proprio lui! Mi manca la scena del cavallo, non è riportata nella pagina di Wikipedia. Non vorrei avere involontariamente ""mischiato"" due film diversi nella mia testa.

>In realtà é tratta da un libro piuttosto famoso

Magari la storia originale è anche bella e ben scritta, chi lo sa, non l'ho mai letta. È che associo un sacco di emozioni negative alla serie, lo ricordo tristissima, ma in maniera affettata.

C'è il caso che se la riguardo ora mi piace anche (ma ne dubito!)",InsideSenior4537,2022-12-30T18:47:52,1,Italia,https://reddit.com/r/Italia/comments/zz5uk6/aiutatemi_a_rintracciare_una_vecchia_fiction_rai/j29zsha/
zz1fmc,,j29ytnb,"Condivido il tuo pensiero. Quando ho letto il post dell’og mi è venuta in mente la scena del film Suburra, dove Favino, che interpreta il parlamentare, dopo essere stato informato che sarà presto indagato risponde che lui, dopo essere arrivato dove è arrivato, se ne sbatte il cazzo. Questa è l’immagine di quello che hai scritto tu.",WMRN01,2022-12-30T18:41:46,5,Italia,https://reddit.com/r/Italia/comments/zz1fmc/perché_in_italia_non_si_riesce_a_trovare_un/j29ytnb/
zyv9sx,,j29rwvf,"Grazie, purtroppo è amara, ma questo vedo... Del resto non è storia nuova che svariati soggetti, tra cui il Pentagono ammettono di finanziare film, videogiochi ecc ad es. per reclutare. Il principio è lo stesso, cambia solo lo scopo.",ftrx,2022-12-30T17:58:32,1,Italia,https://reddit.com/r/Italia/comments/zyv9sx/violenza_si_nudità_no_nellintratenimento/j29rwvf/
zywlhz,,j297hov,"In realtà è problema politico;se i giovani sono accusati di esser ignavi rincitrulliti è perché non hanno vissuto
Un periodo anti conformista come quello 1957/1967 o quello 1987/1997 dove in giro c era aria di ribellione allo status quo e neanche un periodo modernizzante come quello 1968/1978 e periodo 1998/2008;oggi il mondo è follow up face lifting restyling speed bump dell esistente le rivoluzioni son finite e il giovane se va all edicola o accende la tv trova materiale scadente a ogni livello:un autore di topolino 2022 non vale un autore di topolino del 1982;la
Musica attuale non vale 1/10
Di quella anni 90;sono i boomer ad aver creato i film e serie cult 70 s 80 s i giovani nulla che possa essere eterno:una Lamborghini Miura l Han fatta i boomer mentre un suv coreano disegnato da un 28 enne di oggi al computer non resterà nella storia",[deleted],2022-12-30T15:47:18,1,Italia,https://reddit.com/r/Italia/comments/zywlhz/perché_molti_boomers_hanno_la_necessità_di/j297hov/
zyv9sx,,j296ahy,">aggiungere tette al film a casaccio

Il fatto è questo: se tu giri una scena in cui una persona è in doccia, uomo o donna che sia, è irrealistico che esca già con l'asciugamano attorno. Piuttosto non la fare quella scena.",ReverseSocrates,2022-12-30T15:39:00,1,Italia,https://reddit.com/r/Italia/comments/zyv9sx/violenza_si_nudità_no_nellintratenimento/j296ahy/
zy2cpn,,j28w99p,"Beh sì, molto comodo sostituire ""Mi hai spoilerato il film"" con
""Oh no, mi hai anticipatamente descritto una scena importante della mia pellicola audiovisiva preferita prima che la guardassi personalmente guastandomi la sorpresa finale.""",Federal-Bandicoot271,2022-12-30T14:26:38,2,Italia,https://reddit.com/r/Italia/comments/zy2cpn/il_ministro_sangiuliano_la_lingua_italiana_sia/j28w99p/
zz02qj,,j28w4od,bellissimo sto film,[deleted],2022-12-30T14:25:38,2,Italia,https://reddit.com/r/Italia/comments/zz02qj/revenge_2017_woman_for_vendetta_la_new_wave/j28w4od/
zyvogo,,j28qksy,"Qui bisogna fare una distinzione. Per me il libro è un ottimo strumento per informarsi: saggistica per motivi di studio, wiki o forum di argomenti che mi interessano etc. Questa è la lettura che io faccio ed intendo.

Reputo il libro, invece, uno strumento di intrattenimento molto poco efficace e valido e questo comporta che per me tutto ciò che sia narrativa è off-limits. Serie tv, film, animazione etc sono strumenti di intrattenimento superiori a mio modesto parere che ormai hanno reso il libro (sempre ai miei occhi ed alla mia mente) poco desiderabile e del tutto inefficace. Leggo e mi annoio mediamente. 

TLDR: Per me il libro è fonte di informazione non di intrattenimento.",LordBruschetta,2022-12-30T13:40:24,1,Italia,https://reddit.com/r/Italia/comments/zyvogo/italiani_che_leggono/j28qksy/
zyv9sx,,j28p6gc,"Non ho parlato di pornografia, e grazie al cazzo che pornografia e violenza non stanno bene assieme, sennò che film del cazzo faresti scusa?? HO PARLATO DI NUDITÀ.",Requiem_D88,2022-12-30T13:27:53,2,Italia,https://reddit.com/r/Italia/comments/zyv9sx/violenza_si_nudità_no_nellintratenimento/j28p6gc/
zyv9sx,,j28ougl,"Però si parla sempre di intrattenimento, film, censurare tutta la violenza é sbagliato tanto quanto censurare la Nudità, fa sempre parte di noi nel bene o nel male, i film i videogiochi ecc sono finzione e non dovrebbero essere limitati, piuttosto imponi dei divieti per l'età.",Requiem_D88,2022-12-30T13:24:47,1,Italia,https://reddit.com/r/Italia/comments/zyv9sx/violenza_si_nudità_no_nellintratenimento/j28ougl/
zyv9sx,,j28onoj,"Ma tu parli di erotismo e pornografia, tra l'altro ci sono una marea di film horror con parti a sfondo sessuale e stanno benissimo, però io parlo di Nudità cosa c'è di così scandaloso in un corpo nudo se la trama lo prevede? Se non è fine a se stesso?",Requiem_D88,2022-12-30T13:23:02,1,Italia,https://reddit.com/r/Italia/comments/zyv9sx/violenza_si_nudità_no_nellintratenimento/j28onoj/
zyv9sx,,j28ft3p,"No, sempre presente. Sono pochi secondi, mentre si cambia e non è per niente volgare.
O come quelle della Capotondi in Notte Prima degli Esami. 
Però, guardacaso, è un film ambientato negli anni '80.",itamau87,2022-12-30T11:48:14,1,Italia,https://reddit.com/r/Italia/comments/zyv9sx/violenza_si_nudità_no_nellintratenimento/j28ft3p/
zyv9sx,,j28far7,"Beh, visto che siamo in periodo post-natalizio, le tette della Curtis in Trading Places hanno fatto storia.
Però hai ragione. Trovo i film hard dei primi anni 2000, quando erano perlopiù distribuiti su vhs o DVD, fatti meglio, a livello di fotografia, luci, dialogo e bellezza delle attrici.
Ora sembra tutto quasi un tritacarne.",itamau87,2022-12-30T11:41:59,2,Italia,https://reddit.com/r/Italia/comments/zyv9sx/violenza_si_nudità_no_nellintratenimento/j28far7/
zyv9sx,,j28cv32,"Come erano belli gli anni '70 e '80 punto.

Comunque in quel caso, e in generale nel caso specifico europeo, penso si tratti di una questione un po' diversa dal puritanismo americano: a quell'epoca per vedere una donna nuda dovevi o comprare un magazine o andare al cinema, quindi aggiungere quelle scene portava audience (e quindi soldi), ora con Internet trovi immagini hard senza alcuna difficoltà e aggiungere tette al film a casaccio non aggiunge più nulla perché tanto le hanno viste tutti.",FringoloFrangolo,2022-12-30T11:11:08,3,Italia,https://reddit.com/r/Italia/comments/zyv9sx/violenza_si_nudità_no_nellintratenimento/j28cv32/
zyv9sx,,j28clc8,"Ahh! Che belli i film degli anni '70 e '80, con tette e pelo pubico più o meno ovunque.",itamau87,2022-12-30T11:07:36,1,Italia,https://reddit.com/r/Italia/comments/zyv9sx/violenza_si_nudità_no_nellintratenimento/j28clc8/
zywlhz,,j289vyw,"Quei servizi sono fatti alla caxxo e non e' chiaro il messaggio che vogliono trasmettere; e' chiaro che se sei nato nei 2000 non hai mai visto o usato un telefono a disco, un VHS o un walkman a cassette e altre millemila cose;

piu' in generale, quelli che voi chiamate ""boomer"", rimarcano sul fatto che le nuove generazioni, iperconnesse con troppi dispositivi, perdono o hanno perso il contatto umano reale e hanno difficolta' nel relazionarsi con altre persone ( reddit e' pieno di topic che chiedono come fare nuove amicizie), hanno difficolta' a capire come funzionano le cose e non leggono i manuali d'uso degli oggetti che acquistano ( stesso discorso di prima, reddit stracolmo di ""aiuto non so..."" )

la tecnologia di oggi ti insegna ad usarla/essere usata, quella che avevo a disposizione da ragazzino mi costringeva a imparare

quando impari a fare una cosa, la sai fare sempre

quando vieni ""pilotato"" nel fare una cosa, se cambiano i parametri vai in crisi

altro esempio sono i sistemi operativi dei Pc, adesso con le icone fai tutto in pochi clic e tutti sono in grado di scaricare un film, mandare una mail..quando ho iniziato ad usare il pc c'era uno schermo nero e un cursore che lampeggiava **C:\\>** ..quanti sono in grado di mandare una mail?

ho 47 anni, anagraficamente non sono un boomer e sopratutto non sono meglio delle nuove generazioni, sono diverso, ne' in meglio ne in peggio, ho altre esperienze, vedo le cose in maniera diversa",igoreffe,2022-12-30T10:31:24,57,Italia,https://reddit.com/r/Italia/comments/zywlhz/perché_molti_boomers_hanno_la_necessità_di/j289vyw/
zyv9sx,,j288pkc,"Perché il sesso e, per estensione, la nudità, sono imbarazzanti da osservare in presenza di altri (specie se c'è il rischio di ""reazioni""), ancora di più se gli ""altri"" sono familiari. Il sesso è qualcosa che viviamo giornalmente, ma che fa parte della nostra intimità.

Onestamente quanti di noi, anche adulti, vedrebbero volentieri un film -diciamo drammatico o horror- con scene di sesso spinto assieme ai propri familiari?

Da lì ad arrivare al bandire la nudità frontale il passo non è lungo, anche perché la nudità frontale si presta a considerazioni su misure e forme, che magari non dichiariamo, ma che facciamo e che sappiamo anche gli altri fanno (e che gli altri sanno che noi stiamo facendo), con tutto l'imbarazzo del caso.

Gli squartamenti, invece, non fanno parte della nostra ""intimità"" quotidiana e quindi non provocano imbarazzi.",UserXtheUnknown,2022-12-30T10:15:13,29,Italia,https://reddit.com/r/Italia/comments/zyv9sx/violenza_si_nudità_no_nellintratenimento/j288pkc/
zyv9sx,,j286iui,"Retaggio del puritanesimo per lo più d'impronta americana, ad esempio, in tanti film europei il nudo c'è dai tempi del muto... Ovviamente sto un po' generalizzando e semplificando, di scandali e periodi moralisti ne abbiamo avuti anche noi, specialmente qui in Italia nel dopoguerra, ma l'atteggiamento è sempre stato un cicinin meno angosciato.

Mi viene in mente una battuta ad hoc, credo di Jack Nicholson, grossomodo dice: ""se in un film americano si vede un capezzolo, lo vietano, se si vede mozzare un capezzolo con un coltello, va tutto bene"".",IvorTheEngineDriver,2022-12-30T09:45:06,20,Italia,https://reddit.com/r/Italia/comments/zyv9sx/violenza_si_nudità_no_nellintratenimento/j286iui/
zyv9sx,,j286irk,"Non mi sembra molto da giovani, ci sono scene violente e lo stesso gioco riporta il PEGI 18+ per cui non è decisamente per i più giovani. E la tipologia di videogioco (avventura interattiva come dici tu) non definisce la natura più o meno violenta dello stesso. Però il mio esempio era si su questo videogioco ma il discorso era in generale, infatti è così su tantissimi media (film e quant'altro NON per giovani ma per adulti)",Requiem_D88,2022-12-30T09:45:04,2,Italia,https://reddit.com/r/Italia/comments/zyv9sx/violenza_si_nudità_no_nellintratenimento/j286irk/
zyv9sx,,j285a57,"Ci abbiamo messo una vita a sdoganare i tatuaggi per il sesso penso ci voglia sicuramente di più... Diciamo che per spiegarti quello che penso basti una sensazione.

Hai presente quando durante un film c era una scena di sesso e avevi di fianco i genitori... Ecco penso che lo si faccia più per pudore che per il motivo sensibilità o simili.

Uno sbudellamento e meno invadente di una scena di sesso",OutsideIndividual803,2022-12-30T09:28:14,3,Italia,https://reddit.com/r/Italia/comments/zyv9sx/violenza_si_nudità_no_nellintratenimento/j285a57/
zybuek,,j25fru1,"Ero da qualche parte in Austria con la scuola per il viaggio della memoria. 

Entriamo in questa hall enorme e sembra tutto ok. 

Ci dividiamo nei gruppi delle stanze e saliamo al terzo piano. Appena usciamo dall'ascensore, sembra di essere finiti in un horror: da entrambi i lati dell'ascensore si estende un corridoio apparentemente senza fine, con una moquette blu sul pavimento, finestre coperte da tendine dello stesso colore che non lasciano filtrare alcuna luce e come unica illuminazione una lampadina soffusa ogni 3 o 4 metri.

Arriviamo alla nostra stanza, l'ultima in fondo al corridoio. La serratura è abbastanza fasulla e la porta è appesa al telaio per miracolo ( spoiler: durante la notte è effettivamente caduta, facendo prendere un infarto a me e agli altri 2).

La stanza in sé era piccola, al punto che per passare da un letto all'altro dovevamo per forza passare sopra gli altri.

Il bagno sarà stato 2x2, con la luce che non funzionava, quindi doccia al buio.

C'era un mini terrazzo ma appena oltre, sul laterale, c'era un tubo da cui usciva un odore nauseante per cui siamo rimasti dentro e le finestre sono rimaste sempre chiuse.

In generale l'intero hotel sembrava il set di un film horror, al punto che quando, durante la notte, la porta della nostra stanza è crollata, siamo balzati tutti in piedi, pronti ad assalire l'eventuale aggressore o a scappare.

Io personalmente non ho chiuso occhio e uno degli altri 2 ha dormito con il suo ombrello sotto il cuscino, pronto ad usarlo in autodifesa.

Ah, e dimenticavo la ciliegina sulla torta: l'intero hotel era un buco nero: zero tacche e nessuna connessione ad internet, indipendentemente dalla compagnia usata.

Dalle facce degli altri studenti sul bus il giorno dopo, credo che non fosse solo la nostra stanza ad avere problemi simili.",Throw_away_1011_,2022-12-29T20:10:05,1,Italia,https://reddit.com/r/Italia/comments/zybuek/lhotel_peggiore_della_vostra_vita/j25fru1/
zy8lp4,,j24xggt,"Beh, la prima farei in modo di veder la targa a costo di provocare uno sconquasso, la II andrei con vecchio archibugio carico a sale e chiodi, con passamontagne tanto per... O magari con localizzatore sparabile per poi andarmi a vendicare che arancia meccanica è un film di figli dei fiori...",ftrx,2022-12-29T18:12:20,2,Italia,https://reddit.com/r/Italia/comments/zy8lp4/vi_è_mai_capitato_vi_sputassero_addosso_da/j24xggt/
zxj89h,,j24u09n,Interessante. Vediamo qual è il film preferito di Paul Allen.,[deleted],2022-12-29T17:50:28,1,Italia,https://reddit.com/r/Italia/comments/zxj89h/film_preferito_il_mio_the_lighthouse_di_robert/j24u09n/
zxj89h,,j246wrp,"American Psycho, il film che prima è un horror, poi un demenziale.

Edit: ma chi è il deficiente che downvota le persone per i film preferiti del momento lol",GiocatoreSingolo1999,2022-12-29T15:18:35,1,Italia,https://reddit.com/r/Italia/comments/zxj89h/film_preferito_il_mio_the_lighthouse_di_robert/j246wrp/
zxg2uq,,j23qcra,"Io ho visto saw l'enigmista a 10 anni e non ho mai rapito e ammazzato nessuno. Sono i comportamenti di tuo fratello da tenere d'occhio per eventuali devianze, non i film che guarda. Ha mai disegnato scene raccapriccianti? Ha mai scritto cose inquietanti in un diario? Ha mai ammazzato animali senza dimostrare un briciolo di rimorso? Ha mai mostrato dissociazione e mancanza di empatia? Se sì, avete un problema, se no smetti di farti paranoie.",bilbo-beggins,2022-12-29T13:03:19,2,Italia,https://reddit.com/r/Italia/comments/zxg2uq/mio_fratello_13enne_guarda_la_serie_tv_di_jeffery/j23qcra/
zxg2uq,,j23klm6,">Io ho visto la serie ed è molto fedele agli eventi realmente accaduti. È una docu-serie e molte scene rievocano alla lettera telefonate, video e interviste realmente accadute, parola per parola.

Non intendevo dire che sia tutto inventato, la storia di base deve comunque rimanere quella, altrimenti tanto vale non usare nemmeno il nome Dahmer e non pubblicizzare che è una storia vera. Qui la prima cosa che ho trovato online: 

https://www.popbuzz.com/tv-film/news/jeffrey-dahmer-netflix-inaccurate-true-story/

Ma la cosa non stupisce affatto, anche il film su un episodio della vita di Martin Luther King, *Selma - La strada per la libertà*, toglieva e aggiungeva pezzi a piacere, la regista lo ha ammesso giustificandosi col fatto che era solo un film. Ma la storia di Martin Luther King è interessante da sé, senza bisogno di questi interventi sulla sceneggiatura: ma per gli statunitensi è più forte di loro.",Melopsittaco,2022-12-29T12:00:12,2,Italia,https://reddit.com/r/Italia/comments/zxg2uq/mio_fratello_13enne_guarda_la_serie_tv_di_jeffery/j23klm6/
zxj89h,,j235puj,"È una domanda davvero difficile. Se però dovessi scegliere di botto, senza pensarci risponderei “Goonies” perché è il film a cui sono più legato a livello sentimentale. Non è un capolavoro e non si avvicina nemmeno per sbaglio a mostri sacri quali “Quarto potere” o “The Lighthouse” per intenderci. Però dal mio punto di vista è un bel film su un gruppo di amici che vive un’avventura e si avvicina alla paura (rappresentata da Slot), la comprende (quando Chunk capisce che Slot è un Goonie come loro e che è solo incompreso) e la sconfigge (Sloth diventa un Goonie a tutti gli effetti e salva gli amici). Ci sono tante tematiche e i personaggi son davvero ben caratterizzati a mio avviso. Però ovvio…son di parte!",WanderAllen,2022-12-29T08:40:23,1,Italia,https://reddit.com/r/Italia/comments/zxj89h/film_preferito_il_mio_the_lighthouse_di_robert/j235puj/
zxj89h,,j22tngi,"Fight Club è il mio comfort movie, visto non meno di un centinaio di volte. Se però estendiamo la riflessione ai film che più mi sono piaciuti la lista si allunga di tantissimo. A titolo esemplificativo e per nulla esaustivo:
- Ex machina
- scappa get out
- The lighthouse
- Manhattan e quasi qualunque film di Woody Allen
- la la land 
- Non è un paese per vecchi
- il petroliere


Mi sto progressivamente rendendo conto che non riuscirò mai a finire questa lista, mi fermo qua.",CammeiVaticani,2022-12-29T06:10:06,1,Italia,https://reddit.com/r/Italia/comments/zxj89h/film_preferito_il_mio_the_lighthouse_di_robert/j22tngi/
zxj89h,,j229p05,"Fight club

The lighthouse l'ho visto 3/4 volte ed è un gran film... Però gli manca qualcosa per essere perfetto... Non saprei cosa.",TuttoDaRifare,2022-12-29T03:12:39,2,Italia,https://reddit.com/r/Italia/comments/zxj89h/film_preferito_il_mio_the_lighthouse_di_robert/j229p05/
zxg2uq,,j21d9a8,"I fatti su cui si basa la serie sono effettivamente accaduti. Io me li ricordo, in Italia se ne parlava. 

Ma molto raramente i film e le serie tv Usa sono fedeli agli avvenimenti, devono sempre stravolgere e inventare fatti mai avvenuti per coinvolgere il pubblico. E quindi probabilmente senza saperlo il tredicenne fratello di Jungkook_wife_04  ci ha preso. Non ho visto la serie tv, però, quindi parlo in generale.",Melopsittaco,2022-12-28T23:15:38,2,Italia,https://reddit.com/r/Italia/comments/zxg2uq/mio_fratello_13enne_guarda_la_serie_tv_di_jeffery/j21d9a8/
zxky2y,,j20vklh,"A casa con mia madre, cena verso le 20 e poi un film. Per le 23 penso sarò a dormire.",gszr89,2022-12-28T21:14:14,11,Italia,https://reddit.com/r/Italia/comments/zxky2y/cosa_farete_a_capodanno/j20vklh/
zxg2uq,,j20q9ls,"Io a 12 anni guardavo di nascosto film come REC e Final Destination, lol

PS: Dall'immagine di profilo deduco che tu conosca Omori, che giocone!",GiovanniBianchi97,2022-12-28T20:39:17,4,Italia,https://reddit.com/r/Italia/comments/zxg2uq/mio_fratello_13enne_guarda_la_serie_tv_di_jeffery/j20q9ls/
zxg2uq,,j2055rt,"13 anni credo sia l'età standard in cui i neo-adolescenti cominciano a guardare film horror. Avevo circa la stessa età quando mi guardai Saw, l'esorcista, the Grudge etc.  
Non capisco perchè ti sembra una cosa strana, quando è di fatto una cosa normalissima",Sharp_Whisper,2022-12-28T18:20:29,13,Italia,https://reddit.com/r/Italia/comments/zxg2uq/mio_fratello_13enne_guarda_la_serie_tv_di_jeffery/j2055rt/
zwkssh,,j1zzji1,"Lascia stare. È come la gente che dice: ""Non fidarti delle recensioni dei film, non puoi sapere se è bello fino a che non lo guardi.""  
Grazie al cazzo, ma posso sapere se statisticamente piace, il che sarà sicuramente indicativo di se piacerà a me o no (indipendentemente da quanto io sia strano). Dovrò scegliere in un modo o un'altro, non posso guardare tutti i film del mondo...
Woke to the bone, 0 logica.",rc_mpip1,2022-12-28T17:43:39,2,Italia,https://reddit.com/r/Italia/comments/zwkssh/che_ne_pensate_dei_toscani_basandovi_sulla_vostra/j1zzji1/
zx40b5,,j1zfms1,"Mia esperienza in Svezia e Norvegia:

A me piace molto l'ambito in cui lavoro e sono assolutamente convinto che l'approccio al lavoro scandinavo sia più misurato e regolato che quello italiano. Questo é molto importante per me visto che passo 1/3 della mia giornata in ufficio 5 giorni a settimana. Quello che faccio di lavoro potrei difficilmente farlo in Italia, e quindi un punto a favore dell'innovazione nell'indistria Scandinavia.

La Scandinavia é enorme e poco densa. Se vivi in una città di 150mila abitanti c'è caso che la prossima città che abbia così tante persone sia a 6-7 ore di macchina. Chi vive a Oslo/Stoccolma ha esperienze molto diverse da chi vive nel paesino sperduto della lapponia o anche del nord della penisola Scandinavia.

La socialita é soggettiva. Mi piace avere boundaries e non troppo gossip, ma alcune persone manco to dicono che hanno figli finché nonnsalta fuori 3 mesi dopo che lavorano con te ad esempio 

In Svezia si gode dei benefit della EU e si trovano molte cose da mangiare europee e italiane. Presumo che sia la stessa cosa in Danimarca. In Norvegia si trova molto meno e spesso sono ""cloni"".

Mille altro aspetti possono essere considerati, ma posso dirti che se potessi lavorare in Italia, USA o Germania alle stesse condizioni nel mio stesso ambito lo farei senza particolari attaccamenti alla Scandinavia.

Non é come nel film di Checco Zalone, ma dopo un po' gli italiani in Scandinavia divenntano un po' così.

E si comunque, veniamo visti come un po casinari, pettegoli, rumorosi e esperti in evasione fiscale. Ma anche cultori di buon cibo e vino.",FrozenDog6880,2022-12-28T15:29:12,4,Italia,https://reddit.com/r/Italia/comments/zx40b5/italiani_che_vivono_nei_paesi_nordici_si_sta/j1zfms1/
zws0y9,,j1ygkdu,"Magari è una persona con cui ha avuto mezza interazione, lei se ne è dimenticata ma questo si è fatto qualche film. Oppure semplicemente ha visto delle storie su instagram che pubblicava lei in cui correva nel parco X.

In generale mi sembra il solito tentativo di approccio, non ci vedo nulla di allarmante.",Overall-Ambassador68,2022-12-28T09:16:26,2,Italia,https://reddit.com/r/Italia/comments/zws0y9/cosa_fare_con_uno_sconosciuto_che_ha_visto_e/j1ygkdu/
zws0y9,,j1yf5q1,">abiti nella mia zona ed hai osservato le mie abitudini

Beh, capita di riconoscere persone che incroci perché abitualmente passi in una certa zona. Magari lui porta il cane più o meno alle stesse ore e vedeva sempre la tua ragazza correre, magari correva anche lui. Non è detto che si sia messo a spiarla con impermeabile ed occhiali neri. Tra l'altro ha chiesto se non va più a correre là, questo mi fa pensare che magari questa sia l'unica cosa che lui sa di lei. Non si sono mai parlati? Salutati?

&#x200B;

>ti sei impegnato per trovarmi sui social (hai trovato il mio nome e mi hai trovato probabilmente per zona)

Come hai fatto notare c'è proprio una funzione apposta per cercare gente, i social servono proprio a questo. O magari, può essere uscito un suggerimento dato dal fatto che tutti e due frequentano la stessa zona. IG sa dove vai e chi c'è nelle vicinanze, non è detto che ci voglia tutto questo impegno per trovare una persona.

&#x200B;

>mi hai contattato facendomi sapere che sai dove mi muovo

Non esattamente, ha chiesto se ti muovi ancora in una determinata zona. Che a me sembra proprio un pretesto per attaccar bottone, dato che se sei proprio così stalkerone basta piazzarsi là una sera o due e vedere chi passa per avere veramente quell'informazione. 

Non dico di lasciar perdere e far finta di niente, ma nemmeno pensare di essere in un film dell'orrore.",tabiva,2022-12-28T08:56:27,-1,Italia,https://reddit.com/r/Italia/comments/zws0y9/cosa_fare_con_uno_sconosciuto_che_ha_visto_e/j1yf5q1/
zwdzgi,,j1wei28,"Ciao, 

Penso che il modo migliore per imparare l'inglese, o qualsiasi altra lingua, sia quello di impararlo ""combattendo su più fronti"". 

1) D'ora in poi guarda film solo in inglese (YouTube, Netflix,...), iniziando con i sottotitoli e dopo un po' anche senza.

2) Inizia a leggere libri in inglese. Sono un grande sostenitore delle librerie locali, ma in Italia i libri in inglese sono piuttosto costosi e se hai un budget limitato, un'opzione potrebbe essere quella di acquistare libri in inglese su Amazon, poiché ho notato che i libri in inglese sono venduti a prezzi molto più bassi rispetto alle librerie, e spesso sono scontati. Un'altra opzione è quella di ascoltare audiolibri.

3) Cerca di parlare in inglese. So che è difficile, soprattutto se vivi in Italia, ma forse hai una sorella/fratello/amico/partner che é anche interessate/a a praticare l'ingese, magari parlando esclusivamente in inglese una sera alla settimana. 

4) Secondo me, il metodo più importante di tutti, soprattutto per raggiungere un alto livello di inglese è scrivere in inglese. Scrivere, rispetto al parlare, permette di riflettere su come formare le frasi, di cercare le parole da usare e quindi di utilizzare un livello di inglese più alto. Comunicare a voce in inglese permette di migliorare rapidamente il proprio inglese, ma spesso ci si limita alla lingua inglese quotidiana. Scrivere, invece, permette di elevare il proprio inglese a un livello superiore. Quanto più difficile è l'argomento su cui si scrive, meglio è! In questo modo, sarai ancora più stimolati a cercare nuove parole sconosciute e a costruire frasi più complesse. Nel caso in cui non sai di cosa scrivere, forse nel tuo lavoro o corso universitario puoi scegliere di scrivere una relazione in inglese invece che in italiano? O di scrivere la tua tesi di laurea in inglese, se sei all'università?

&#x200B;

Hai mai pensato di trasferirti (da solo!!!) per un po' di tempo in un paese anglofono per lavorare? Questo sarebbe sicuramente il modo migliore per migliorare il tuo inglese, se ne hai la possibilità.",greenBlueChameleon,2022-12-27T22:13:54,1,Italia,https://reddit.com/r/Italia/comments/zwdzgi/potreste_consigliarmi_qualcosa_per_migliorare_il/j1wei28/
zwdzgi,,j1vzvzq,"Lascia perdere chi ti consiglia di guardare film, serie e pornazzi. Se la grammatica la sai, hai solo
Bisogno di conversare con qualcuno che ti possa correggere. Se hai dei soldi da investire, 6 mesi di scuola di inglese, di presenza, non online.",RAZ0R2591,2022-12-27T20:35:30,2,Italia,https://reddit.com/r/Italia/comments/zwdzgi/potreste_consigliarmi_qualcosa_per_migliorare_il/j1vzvzq/
zwdzgi,,j1ufeyi,"Prendi qualcosa che ti piace fare e falla in inglese (videogame,film,libri,fumetti etc..)",Aleex1760,2022-12-27T14:05:13,2,Italia,https://reddit.com/r/Italia/comments/zwdzgi/potreste_consigliarmi_qualcosa_per_migliorare_il/j1ufeyi/
zwdzgi,,j1u8pyp,"Un qualsiasi media che ti appassioni, in inglese, per me sono stati i manga e navigare su internet in generale, YouTube, serie tv, film ecc.",frewrgregr,2022-12-27T13:01:29,1,Italia,https://reddit.com/r/Italia/comments/zwdzgi/potreste_consigliarmi_qualcosa_per_migliorare_il/j1u8pyp/
zwdzgi,,j1u82xb,"Cosa ti piace fare? Fallo in inglese!!!

Ti piace vedere film? Vedilo in inglese. 

Ti piace leggere libri? Leggili in inglese.  audiolibri aiutano anche con il listening se ti piave ascoltare

Ti piacciono i videogiochi? Gioca in inglese. Poi qui diornde dai giochi ovvio ma molti rpg etc hanno dialoghi e scene in lingua; già, solo leggere i menu etc ti può aiutare

Ti piace meditare e usi app per farlo? Impostarla in inglese 

Ti piace stare su reddit a leggere? Cercato i sub in inglese degli argomenti che ti interessano e leggi un po' ogni giorno. 


Insomma se tanto imparare l'inglese lo vedi come un obbligo e un chore da fare tutti i giorni contro voglia alla lunga anche se lo impari poi ti resta antipatico. Se lo associ con cose che già ti piacciono lo impari naturalmente facendo altro e probabilmente divertendoti quindi ne fai una esperienza positiva :) 

Hope it helps :)",TheKrakenIV,2022-12-27T12:54:47,0,Italia,https://reddit.com/r/Italia/comments/zwdzgi/potreste_consigliarmi_qualcosa_per_migliorare_il/j1u82xb/
zwdzgi,,j1u5nio,"1-Film e serie tv CON sottotitoli in inglese.
Se le guardi senza sottotitoli potresti non capire un cazzo, ma con i sottotitoli hai buone probabilità di capire le varie parole e di associarle alla pronuncia corretta

2-trovati una morosa/o madrelingua. Quella è la soluzione che funziona meglio di tutte",SkeTonx,2022-12-27T12:27:52,16,Italia,https://reddit.com/r/Italia/comments/zwdzgi/potreste_consigliarmi_qualcosa_per_migliorare_il/j1u5nio/
zwdzgi,,j1u3evu,"Film o serie TV in inglese senza sottotitoli, incredibile quanto si migliori.
Anche youtube va benissimo",snobbyrug,2022-12-27T12:00:35,29,Italia,https://reddit.com/r/Italia/comments/zwdzgi/potreste_consigliarmi_qualcosa_per_migliorare_il/j1u3evu/
zvpisd,,j1u156r,"Tu la chiami prevenzione, la tua. Io la chiamo ""sono pieno di idee ridondanti e voglio farlo vedere"".

>Quindi secondo te chi giustifica il molestatore e colpevolizza la vittima non è quantomeno simpatizzante del molestatore?

Non necessariamente, ci possono essere varie situazioni in gioco:

1) Internet è bello(o brutto) perché anonimo, si può dire ciò che si vuole senza avere una faccia per farlo. Molti sono troll. Io per dire uso questo account quasi solo per i Reddit italiani mentre l'altro per tutto il resto.
2) Guarda l'età media di chi ""giustifica"" veramente il molestatore. Dopo i 50 anni la gente non deve stare su Internet perché non sa esprimere dei concetti che non siano spesso stupidi, senza contare che credono di vivere ancora negli anni '70 quando la cultura riguardo all'argomento era diversa.
3) Fatti un reality-check e controlla meglio le tue priorità perché anche dall'altro lato ci sono persone (tipo te) che mettono sullo stesso piano una pacca sul culo e un omicidio e pur di ""DyFeNdErEh La dOnNAh"" sparano certi siluri di qualunquismo da far paura ai sottomarini tedeschi.
4) la gente può avere opinioni differenti dalla tua, that's life.

>O, caso limite, gente che vorrebbe imitarlo ma non ha le palle per farlo?

Potrei tirare fuori una marea di discorsi sulla natura animalesca umana e cazzi vari ma non credo avrebbe senso.

In breve, chiunque, uomo o donna che sia, vorrebbe avere la libertà di scoparsi chi vuole quando vuole. Ovviamente morale e legge ci impediscono di farlo, come è giusto che sia ovviamente. Il fatto che io veda una tizia per strada e mi venga voglia di strizzarle il culo (e ovviamente mi trattengo perché la mia morale e la legge in generale me lo impediscono) non fa di me un futuro possibile molestatore sessuale. Sono semplicemente un maschio eterosessuale al quale piace un culo ben fatto. Di nuovo, quindi, è una affermazione che non ha senso la tua.

Se parliamo di emulazione di comportamento allora dovremmo tirare in ballo una marea di altre situazioni come videogiochi, libri, film e simili. Uno semplicemente perché ammazza della gente virtuale su un videogioco lo fa solo perché non ha le palle per farlo nella vita vera? Se sei furbo capisci da solo quale è il punto. 

>E certa gente non dovrebbe essere tenuta d'occhio? Quantomeno un bot che gli controlli i fottuti social dove di solito sti stronzi pubblicano quello che stanno per fare/hanno fatto per potergli inchiodare i testicoli su una trave il prima possibile?

Mi sa che hai visto troppi telefilm di spionaggio, non funziona così. O, perlomeno, si può fare una cosa simile solo nei casi previsti dalla legge e con ovvia necessità. E' ovvio che se si hanno dei sospetti più che fondati su qualcuno si va a controllarne anche la presenza virtuale. Ma il tizio in questione era un povero scemo di 50 anni o qualcosa del genere che probabilmente si è bevuto una birra di troppo. Mobilitare un intero reparto di controllo telematico per lui mi sembra entieconomico, oltre che inutile, dato che non sai se è lui fino a quando non fa la cazzata. 
Piccolo esempio: io lavoro nel Nord Europa, solitamente, come sicurezza privata personale (quello che qua stupidamente la gente chiama Bodyguard) e mi occupo anche di questo tipo di dinamiche. Il mio cliente mi chiede di fare dei piccoli controlli e, ovviamente con il nulla osta delle forze dell'ordine del luogo, io faccio il mio lavoro. Vengo pagato circa 1500 euro in più solo per aver premuto quattro tasti su un PC. Ora, io lo faccio per una persona privata che può permettersi questa attenzione in più ma prova solo per un secondo a trasferire questa cosa in ambito pubblico. Sarebbe antieconomico, antietico, per i più, a causa di leggi sulla privacy (vedasi la situazione americana) e necessiterebbe di una marea di agenti in più che si occupino di controllare a oltranza una marea di gente che non sa e non può sapere se farà qualcosa. O questo, oppure algoritmi che potrebbero sbagliare in base al contesto. A me sembra uno spreco di risorse che non dà alcun frutto e crea solo costi maggiori.

Fra l'altro, il fatto che tu dia per scontato che non appena uno molesta qualcun altro lo vada a postare sui social dimostra che sei un po' fuori dalla realtà.


>Dimmi te se un potenziale criminale
E here we are again, come fai a definire un potenziale criminale? Da cosa evinci che è un potenziale criminale? Ciò che puoi sapere (e anche là non sempre) è solo se IN PASSATO si è macchiato di reati. 

In conclusione, quindi, una cosa alla Minority Report non è possibile, stacce.

Le persone possono avere opinioni differenti riguardo all'argomento e questo non implica necessariamente una loro potenziale minaccia.

Edit: nell'ultima citazione al tuo commento Reddit fa le bizze, chiedo venia.",__-Tyr-__,2022-12-27T11:31:29,2,Italia,https://reddit.com/r/Italia/comments/zvpisd/italiani_di_reddit_qualè_la_vostra_opinione_su/j1u156r/
zvhzxx,,j1tz8bj,"No, il problema sono proprio le donne.
Il 90% delle donne che conosco io non hanno una educazione sessuale tale da capire che c'è altro oltre alla penetrazione vaginale (oppure si vergognano); di conseguenza si fanno dare due colpi, LOGICAMENTE non vengono, e il rapporto finisce senza orgasmo. Sai, proprio la classica scena stereotipata da film in cui due sono a letto ma viene solo lui perchè lei non è in grado di dire ""ok, adesso tocca a me, fammi questo e quello"".
 Ecco a cosa si riferisce la statistica. Poi ci sono quelle che ""eh ma se io devo dirgli cosa deve fare poi mi smoscio"". E allora continua a non avere orgasmi sorella, cosa vuoi che ti dica?",AstroFiammante,2022-12-27T11:05:54,0,Italia,https://reddit.com/r/Italia/comments/zvhzxx/cosa_ne_pensate_dellorgasm_gap_avete_consigli_o/j1tz8bj/
zwbxay,,j1tz1sv,"Oh, so you don’t get to sleep full dressed? 

/s basato sul fatto che ogni volta che io e mia moglie vediamo un film americano puntualmente notiamo come quelli si mettano tranquillamente a letto coi vestiti indossati fuori e certe volte con tutte le scarpe",davidevitali,2022-12-27T11:03:25,14,Italia,https://reddit.com/r/Italia/comments/zwbxay/abitudini_vestiti_da_casa/j1tz1sv/
zvpisd,,j1tx58c,"1. l'idiota è talmente abituato a molestare le donne che una telecamera non l'ha fermato da leccarsi la mano (tipico gesto da film porno da quattro soldi che indica come una donna venga ""marchiata"" come proprietà dell'uomo) e molestare una donna. In pubblico. In diretta. Se questa non è una fase di escalation di un idiota che l'ha passata liscia troppe volte non so cos'è. Se non fosse stato punito, quale sarebbe stato il prossimo passo? Stupro? Per poi passare allo stupro in diretta?

No, le molestie NON sono allo stesso livello dell'omicidio. Ma idioti come quello che non hanno mai dovuto pagare per le proprie azioni non tendono a distinguere le cose e continuano a fare cose del genere spingendosi sempre più in là. Se non vengono puniti a piena colpa dalla legge prima o poi fanno qualche stronzata più grossa e la passano liscia perchè ""non gli è mai successo nulla, è inutile denunciare"" o fanno la stronzata grossa e qualcuno li sgozza come porci e li lascia morire in una pozza del loro stesso sangue, perchè ""non gli è mai successo nulla, è inutile denunciare""

2) si, è chiaro che non solo minimizzi quello che è successo ma che denigri le leggi dello stato italiano per come continui dopo: ""Io personalmente non sarei andato oltre il civile"" come se le molestie sessuali non fossero una cosa grave.

Vorrei ricordarti che una volta che parte la denuncia per molestie sessuali, il denunciante non la può più fermare. Non c'è grado di civile o penale da parte del denunciante, ma è la legge a decidere. Qua non siamo in america dove un accordo tra le parti (che può essere estorto) è al disopra della legge. E guarda caso la legge dice che le molestie sessuali sono di grado penale.

3) Non stai difendendo, forse, ma stai minimizzando: quel ""io personalmente non sarei andato oltre il civile"" viene tranquillamente interpretato come ""la cosa giusta sarebbe stata una piccola multa. la donna ha esagerato a difendersi"".

Tho, guarda. Stai minimizando quello che è successo nonchè sminuendo il valore delle leggi poste a difesa della vittima. Leggi che, ricordo ancora una volta, sono state scritte con il sudore, sangue e lotte di un'intera generazione: le stronzate maschiliste e patriarche come la tua servono solo a demolire un lavoro immane porto solo alla difesa di chi non si può difendere da solo.

E sempre per inciso, il contesto serve solo come aggravante: molestia sessuale pubblica, di fronte a testimoni e telecamere. Mentre era ne pieno delle proprie facoltà cognitive. Questo non solo indica una pesante recidività dell'azione ma denota che l'idiota pensava di farla franca ANCHE in quelle circostanze. O forse credi che fosse stata la sua prima volta? In quel caso ho un paio di ettari di spiaggia sulla luna da venderti.

&#x200B;

TL;DR se devi continuare a giustificare un emerito pirla con un passato da molestatore che l'ha fatta franca sin troppe volte e che adesso deve pagare le conseguenze LEGALI dell'ennesima molestia sessuale non rispondere, già suoni come un suo simpatizzante, meglio se non suoni come un suo collega.",LaBalalaika,2022-12-27T10:37:06,0,Italia,https://reddit.com/r/Italia/comments/zvpisd/italiani_di_reddit_qualè_la_vostra_opinione_su/j1tx58c/
zvkd98,,j1tvs09,"> Il mare d'inverno

È solo un film in bianco e nero visto alla TV",Propenso,2022-12-27T10:17:35,2,Italia,https://reddit.com/r/Italia/comments/zvkd98/andiamo_a_fare_una_passeggiata_sul_mare/j1tvs09/
zvpisd,,j1sjzzx,">condividi con noi un po’ della figa in cui starai affogando dopo questo commento

ah, ti senti ""intelligente"" ad usare un insulto a sfondo sessuale mascherato (male) da sarcasmo? si? spero tu sia pronto ad una risposta ad hoc:

vedi, le merdacce micropeniche come te cercano di minimizzare le colpe che sentono proprie o vicino al proprio pensiero (le molestie sessuali non sono un granchè), mentre non solo colpevolizzano le vittime (ha esagerato con la denuncia) ma deridono e sminuiscono le leggi che proteggono suddette vittime (leggi create con il sangue, sudore e lotte per proteggere le vittime).

""secondo quale logica per una sberla si prendono 1 anno e 6 mesi?"" secondo la fottuta logica che le molestie sessuali sono un reato penale. E la legge penale non ammette ignoranza. Secondo quale logica i molestatori dovrebbero essere al di sopra della legge?

No, non è giusto ne utile seguire tali corsi fuori dalla prigione. Essere reclusi insegna che si, hai fatto una cazzata tale da meritare le reclusione. Il privilegio della seconda chance va guadagnato, non viene regalato. Inoltre il cretino si è leccato la mano prima della pacca (ed era in pieno controllo delle facoltà): questo è un gesto da film porno che viene a rappresentare come la donna venga marchiata dall'uomo. Non solo, si era pure accorto che c'erano le telecamere e si aspettava di farla franca.

Cosa ci dice questo? Caro micropene, questo ci dice che il cretino è non solo recidivo ma che nessuno l'ha mai fermato. E che gente come te lo prende ad esempio. Congratulazioni, tu si che sei un ""membro funzinale della società"". Scommetto che te fai le conquiste del sabato sera con le pastigliette, vero?

E fai una cosa: smettila di fare downvote con il tuo secondo account. Ci si accorge che sei te.",LaBalalaika,2022-12-27T01:41:58,-2,Italia,https://reddit.com/r/Italia/comments/zvpisd/italiani_di_reddit_qualè_la_vostra_opinione_su/j1sjzzx/
ztlw0l,,j1r4var,"Positivo in che senso?

Sull'attualità beh, di positivo ho ben poco nel senso che non ne trovo, il positivo ordinario non farebbe notizia. In altri ambiti, però OT su questo sub (es. IT) ho anche elementi positivi...

Capisco che legger cose negative non sia così sympatyco ma non è che lo sia manco scegliere apposta di dire ""hey, han salvato il gattino sull'albero a Vergate sul membro e a Pippate di Sotto quest'anno ci son più matrimoni dell'anno scorso"".

La storia ha i suoi corsi e ricorsi, recentemente nel dopoguerra c'è stato un lungo periodo di benessere e crescita, con tanti aspettini negativi, ma anche tanto positivo, del resto, guarda la filmografia rilassata dell'epoca. Guarda che aria respiri da quei film. Guarda quella iper-catastrofica d'oggi per far un paragone.

Chi nel '900, spesso su fronti opposti, cantava che va tutto bene, sempre avanti, mai indietro non ha reso un bel servizio a chi lo seguiva...",ftrx,2022-12-26T19:09:47,1,Italia,https://reddit.com/r/Italia/comments/ztlw0l/fidatevi_dei_professionisti_dellinformazione/j1r4var/
zv2qs3,,j1qghpj,"C'è sul tema un bell'episodio di Star Trek DS9 che sui due piedi non trovo in cui recuperano una piccola sonda di cui non si capisce lo scopo e poi vien fuori che è un supercomputer creato per ""divertire un cucciolo"" cibernetico che appunto ha bisogno di continui input sensoriali per star bene.

Si, sicuramente se riuscissimo a copiare una mente riusciremmo anche a ""drogarla"" di stimoli a di lei gusto. Altro film sul tema è il Francese Virtual Revolution (che ti consiglio caldamente pur non essendo nulla di che sul piano filmografico, giusto scorrevole da vedere, ma per il concetto che veicola). 

Questi stimoli però bastano? Nel senso, come ogni droga devi aumentare le dosi. Noi non corriamo alcuni rischi per istinto di sopravvivenza, già se fossimo ""autoriparanti"" non ci preoccuperemmo di correrli, drogati dall'adrenalina. Come società stabiliamo dei paletti per il buon vivere comune, ma già dagli aggregatori osserviamo come le tendenze all'estremo spuntino ove non contenute o ""distratte con altro"".

In altri termini è logico aspettarsi che ad un certo punto si cerchi sempre di più e la tecnologia non riesca a star al passo. Allora qualcuno sceglie ""di spegnersi"", altri?

Il ciclo della vita nel benessere appare corto, eppure chi non vive bene spesso si dice ""stanco"" e vorrebbe morire, come dire abbiamo meccanismi naturali per regolarci, ove manchino dobbiamo trovarne di altri perché siamo diventanti un'altra specie.",ftrx,2022-12-26T16:12:46,1,Italia,https://reddit.com/r/Italia/comments/zv2qs3/potendo_vi_fareste_ibernare_e_perché/j1qghpj/
zv2qs3,,j1q8hkt,"> Ma no, io ho capito che OP intendesse l'ibernazione alla Futurama.

Rientra nel caso ""su eutanasia"" perché prima che il tuo corpo sia stato congelato dall'azoto sei appunto morto. Quando ""sei ibernato"" ovvero tutto il corpo è gelato alla temperatura prevista beh, sei morto da poco... È la parte ""rivivere"" che manca nel reale rispetto a futurama...

> Eh anche io, però anche qui. Mettiamo che sista questa fantastica tecnologia, alla fine tu (ovvero tu come essere vivente che stai leggendo) moriresti ugualmente no? Una volta uploadata la mente, per te sarebbe blackout e semplicemente ci sarebbe una copia della tua mente digitalizzata. La copia penserà di essere te, perché ha tutti i tuoi ricordi, ma tu sarai effettivamente morto, o no? 

Beh, sul piano immaginabile non esiste l'upload della mente perché la mente è un grafo in continua evoluzione, non esiste il concetto di snapshot come sui filesystem/storage pseudomoderni. Ovvero l'upload sarebbe un lungo affiancamento in cui il grafo neurosinaptico pian piano si replica dal supporto naturale ad uno artificiale, diventando quindi un gemello siamese connesso. Ad un certo punto il gemello ""naturale"" muore, l'altro resta.

Li arrivi al problema di quell'altro film che non ricordo il titolo ora, il personaggio ""robot"" un po' stile quello di pietra dei fantastici 4, ex pilota di nascar morto in un incidente e salvato come robot dal prof. tal dei tali vaga copia di Charles Xevier degli X-Man. Ovvero ""ti senti tu"" ma ""sconnesso dal corpo"", ti manca gusto, odorato, tatto ecc perché l'eventuale fantastica copia neurale copia te, ma non l'ambiente e quindi ha problemi a darti le sensazioni mancanti.

Li devi trovare la via di ricrearle/diventare puro intelletto.

Ora considerato che tutto questo è fantastico, al massimo abbiamo sperimentazioni (fallite, per ora) di impiantare elettronica connessa direttamente al cervello beh... Come dire, ci saran decenni per sviluppare qualcosa che solo riesca a interfacciarsi, altri per arrivare a replicare, altri ancora per, ... saran problemi di qui a 500-600 anni se non ci siamo distrutti prima...",ftrx,2022-12-26T15:09:38,1,Italia,https://reddit.com/r/Italia/comments/zv2qs3/potendo_vi_fareste_ibernare_e_perché/j1q8hkt/
zvmdqh,,j1q29sh,"> Non vedo come il miglioramento di cui parli possa opporsi all'idea che se la Russia fosse diventata una nazione democratica tutto sarebbe andato meglio.

[Stalin non era un dittatore,lo dicono anche i suoi peggiori nemici](https://www.reddit.com/r/socialism/comments/na344i/cia_document_stalin_was_not_a_dictator_by_utrorez/?utm_source=share&utm_medium=android_app&utm_name=androidcss&utm_term=1&utm_content=share_button)

> Magari ci risparmiavamo anche l'Holodomor, che è di quel periodo, con i suoi milioni di morti.

Ah,giusto,il ""genocidio"". Giuuusto,giusto. Facciamo una bella cosa:porta un documento,del governo sovietico,che mostri l'intenzionalità di questa ""strage"",allo stesso modo in cui puoi provare l'intenzionalità dell'Olocausto,o del genocidio armeno con documenti,e io ti crederò.

> Leggi, leggi: https://angolopsicologia.com/proiezione-psicologica-meccanismo-difesa/#:~:text=Nelle%20relazioni%2C%20infatti%2C%20la%20proiezione,i%20propri%20impulsi%20e%20desideri.

L'unica cosa che proietto ora sarà un bel film di natale.",Soviet-pirate,2022-12-26T14:15:04,4,Italia,https://reddit.com/r/Italia/comments/zvmdqh/il_26_dicembre_1991_il_soviet_delle_repubbliche/j1q29sh/
zvjd73,,j1pxw0w,Merita di annoverarsi tra i film di merda si.,Requiem_D88,2022-12-26T13:32:00,1,Italia,https://reddit.com/r/Italia/comments/zvjd73/peggior_regalo_di_natale/j1pxw0w/
zuxiv6,,j1pu7mq,"Perché non risponde ai gusti attuali al netto delle altre opzioni disponibili:

 - vedere immagini, come qualcuno ha scritto, ha un effetto simile a varie droghe, beh, magari giusto un pelo più leggero, ma un tempo c'era la TV oppure la televisione od anche la tivuuu, oggi puoi aver la tua dose di immagini anche dallo specchio-display con webcam per poter zoomare i foruncoli tipo https://www.himirror.com/eshop/en-US/ magari mentre scorrono sullo sfondo le analisi di peso e caratteristiche organolettiche delle ultime deiezioni https://ideaing.com/product/ideaing-smart-toilet aver un costoso e limitato giocattolo non ha più senso;

 - l'offerta è un problema, produrre contenuti 24/7/365 generici non è più sostenibile, mentre produrre moli di pattume fatto in serie, ma selezionato da un sistema esperto (aggregatore) per il giusto target individuale pare ancora esserlo, quindi l'offerta ""YT and co"" risulta migliore di quella TV;

 - il livello di pattume nei dispositivi fisici in vendita comincia ad esser percepito anche dal bipede medio che di mettersi una webcam connessa a guardar il letto in camera non gli garba più molto.

Per quanto riguarda la filmografia: gli artisti da un lato sviluppano sui sentimenti della società, la società decadente e allucinata attuale può partorire pattume distopico, film tragici con effetti speciali a sostituire (l'assenza di) trama e altra roba fatta in serie, un tempo dato un diverso pubblico e diversa considerazione dello stesso diverse erano le produzioni. Anche al netto della propaganda da scandali classici https://worldbeyondwar.org/the-pentagon-and-cia-have-shaped-thousands-of-hollywood-movies-into-super-effective-propaganda/ alle evidenze moderne.",ftrx,2022-12-26T12:49:25,1,Italia,https://reddit.com/r/Italia/comments/zuxiv6/perché_non_si_guarda_più_la_tv/j1pu7mq/
zvjub5,,j1prjwm,"È il peggior difetto di Prime. Il catalogo è ricco, anche di film abbastanza rari o comunque di nicchia, ma l'assenza di lingua originale è ridicola. Stando a quanto mi ha scritto la stessa assistenza di Amazon è per lo più una questione di diritti, poi boh...

Comunque VPN, si.",IvorTheEngineDriver,2022-12-26T12:14:57,0,Italia,https://reddit.com/r/Italia/comments/zvjub5/conoscete_un_modo_per_guardare_i_film_su_prime_in/j1prjwm/
zuz5r4,,j1pks7q,"Ero sul prato dell'università a rompermi i maroni e vedo sta tipa che stava facendo le parole crociate.  Attacco bottone dicendole che non cerco assolutamente di provarci ma che mi stavo rompendo e che sono un drago nelle parole crociate. Com'è come non è accetta e finito il cruciverba ci mettiamo a parlare. Tipa atomica, molto profonda, carina e con una cultura filmica da supernerd, ho pensato di aver fatto bingo! Ci diamo appuntamento per qualche giorno dopo, beviamo e limoniamo. Altro appuntamento, andiamo a fare un giro a San Lorenzo (famosa piazza universitaria di Roma dove si radunano giovani a bere fumare e fare casino, ora è decaduta per via dello spaccio selvaggio ma ai tempi era un bel posto), ancora birre e pomicio. Parliamo non mi ricordo di che film, uno di Lynch sicuro e ci accordiamo per qualche giorno dopo per vederlo insieme a casa mia. Aribingo! Mi fa, però prima devi conoscere mia madre... E io... vabbè un giorno di questi me la presenti non c'è problema...e lei... no... te la presento ora... è già qui... 
Mi giro e vedo sta tipa assurda con gli occhiali da sole alle 7 di sera, io super imbarazzato le chiedo come si chiama e lei mi fa ""Esse"", io sempre più confuso ""Scusi, lei si chiama ESSE?"", lei risponde ""ESSE di Stefania""...
Praticamente la madre era stata due ore a guardare che ci sfondavamo di birre e pomiciavamo... E lei lo sapeva.
Ho tagliato i ponti prima di subito. Lei mi ha detto che le colpe dei genitori non devono ricadere sui figli, ma ho obiettato che la colpa era la sua perché lo sapeva e non mi aveva detto niente.
A distanza di anni ancora mi spiace perché lei era davvero tosta ma la situazione troppo kafkiana.",Lord_of_Trimoni,2022-12-26T10:36:13,10,Italia,https://reddit.com/r/Italia/comments/zuz5r4/raccontate_il_vostro_peggior_primo_appuntamento/j1pks7q/
zvjub5,,j1pir23,Si ma alcuni film li mettono soltanto doppiati e non ti danno la possibilità di scegliere altre lingue,[deleted],2022-12-26T10:04:41,1,Italia,https://reddit.com/r/Italia/comments/zvjub5/conoscete_un_modo_per_guardare_i_film_su_prime_in/j1pir23/
zvjd73,,j1ph66f,"Tra amici abbiamo volutamente deciso di festeggiare con dei regali brutti ogni anno, ti dico solo che quest'anno sono stati regalati: calzini con disegnato i sandali da frate, il film di Magic Mike XXL, le ciglia finte da mettere ai fari della macchina, il libro dei pensieri di papa Ratzinger, il libricino delle risposte degli angeli, tette finte gonfiabili.",Requiem_D88,2022-12-26T09:40:08,27,Italia,https://reddit.com/r/Italia/comments/zvjd73/peggior_regalo_di_natale/j1ph66f/
zuz5r4,,j1ph0e3,"Il mio appuntamento brutto inizia da tinder.

Matcho con questa tipa di 20 anni, dalle foto sembrava bruttina ma decido comunque sia di scrivergli perchè la voglia di trombare era tanta.
Dopo qualche chiacchierata online gli chiedo se aveva voglia di vederci. Accetta e sceglie lei il posto.

A primo impatto vedo questa ""bimba"" alta 1.45 a dire tanto, ho pensato tra me e me che forsr questa avesse mentito sull'età... fortunatamente era maggiorenne.

Comunque sia mi porta in un posto pieno di ragazzini frikkettoni, ci sediamo al tavolo e prendiamo un drink in questo locale non a norma di HACCP ma da uomo moderno che sono decido di pagare con la carta per entrambi ma questi non hanno il POS così pagò lei.

Durante il sorseggiamento nei nostri drink comincio a chiedergli di lei e qui nasce la batosta che mi ha fatto scattare la voglia di tornare a casa. Alla mia domanda ""che fai nella vita?"" Lei risponde con ""se te lo dico poi non smettiamo  piu di parlare di me"" ma poi mi spiega che fa nella vita.

""Sono un attrice, asia argento mi ha fatto fatto vincere un premio bla bla bla immagima 3000 persone che si alzano in piedi ad applaudirti ad un festival"" (tutto vero ha una pagina wikipedia lei).
Al che preso dalla curiosità gli chiedo quali film avesse fatto per sapere se li avevo visti ma magari non l avevo riconosciuta e lei mi cita qualche nome ma purtroppo nemmeno mezzo l'avevo sentito.

Alla mia controrisposta ""a ma quindi fai film di serie C?"" Lei tutta arrossita mi ha aperto un pippone sul mondo del cinema.
In tanto scopro che al tavolo affianco c'erano gli amici dove facevano finta di non conoscersi e questa cosa mi aveva urtato ma non gli dissi niente.

Infine era lei che per tutta la sera ha parlato di quello che fa mostrandomi anche le sue doti di attrice facendo imitazioni dei personaggi di DMAX tipo ""hey amico come ti butta?"".
In piu si è spaccata letteralmente di canne tutto il tempo quando io da poco avevo smesso.

Ma poi.. in fondo... ma a chi piace asia argento?",Dron3_,2022-12-26T09:37:38,7,Italia,https://reddit.com/r/Italia/comments/zuz5r4/raccontate_il_vostro_peggior_primo_appuntamento/j1ph0e3/
zv2qs3,,j1pgov7,"""Vivere nel futuro è sicuramente meglio""
Non necessariamente?
Ci sono talmente tante variabili che non è possibile dirlo, sì vivere nel futuro sarebbe ipoteticamente meglio se tutto andasse per il verso giusto ma se tra 20 o 50 o 100 anni ci fosse una guerra nucleare? O peggio? Il fatto che le cose siano migliorate da qui al medioevo non significa che miglioreranno alla stessa maniera da qui a un futuro indefinito. Magari ti risveglieresti in uno scenario post-apocalittico degno di un film. O non ti risveglieresti proprio. O chissà.
Ovviamente dipende da quanto durerebbe questa ipotetica criogenizzazione, ma se non fosse per tempi medio-lunghi non avrebbe senso (a meno di casi, prevalentemente medici, molto specifici e particolari) quindi immagino un lasso potenzialmente lungo.

Non entro nel merito della digitalizzazione della mente che sarebbe un wall of text a parte.

In caso non si fosse capito, la mia risposta alla domanda di OP è no ahahah. Ovviamente personalissima e non intendo dire che le altre siano sbagliate, non esiste risposta giusta o sbagliata. Le mie sono solo un po' di osservazioni pourparler.",Slash2936,2022-12-26T09:32:42,3,Italia,https://reddit.com/r/Italia/comments/zv2qs3/potendo_vi_fareste_ibernare_e_perché/j1pgov7/
zuxiv6,,j1pf6io,">Come se guardare film anni 50-60-70-80 sia da studiosi

Nemmeno beccare i congiuntivi sarebbe da studiosi, eppure…",Gensinora,2022-12-26T09:08:54,0,Italia,https://reddit.com/r/Italia/comments/zuxiv6/perché_non_si_guarda_più_la_tv/j1pf6io/
zuxiv6,,j1p9jly,"Eh sì, leggevo Urania. E vidi persino in TV negli anni 70 i film la cosa e l'invasione degli ultracorpi anni 50. Poi però mi gusto anche cose come Midway o Inferno di cristallo o singing in the Rain o a qualcuno piace caldo o blues Brothers o Excalibur. Finché in TV trovo chicche (che registro e guardo con comodo) mi dimentico dello streaming. Pensa che mi sono appena scaduti 3 mesi di now TV penso di averlo usato 1 volta.",alfatau,2022-12-26T07:44:02,2,Italia,https://reddit.com/r/Italia/comments/zuxiv6/perché_non_si_guarda_più_la_tv/j1p9jly/
zuxiv6,,j1ny6xg,"Chapeau. 👀

Totalmente d'accordo. Come se guardare film anni 50-60-70-80 sia da ""studiosi"". In realtà, è l'opposto, non vederli significa solo essersi perso qualcosa. 

E non parlo di film impegnati alla Pasolini: Totò, la saga di Don Camillo e Peppone(per chi è nato in padania e vuol sapere cm vivevano i propri nonni/bis nonni), Alberto Sordi, Aldo Fabrizi, etc solo per l'Italia. 

Solo negli 80's ci sono una sfilza di film capolavoro POP, sci-fi, fantasy, horror.

Nelle Pay-tv, tanti bei contenuti ben vengano, intendiamoci, ...peccato poi che più della metà siano refrain o remake già stravisti(Lost?) o peschino a piene mani -a volte totalmente- dal fenomeno vintage della cultura pop di cui sopra(strangers thing, cobra Kai, etc). In pratica, di veramente originale resta poco. 

E a quel punto mille volte meglio la versione originale, specie se con attori che, hai voglia, a trovarne ora.

Detto ciò, tu vai troppo nell'elitarismo più sfrenato 🤭 l'invasione di ultra corpi la conoscono in pochi(a meno di leggere i fumetti bonelli o urania 30/40anni fa lol), lì devi veramente essere appassionato del genere.

Nella versione del 78, terrore dallo spazio profondo(Kaufman poi scrisse con George Lucas indiana Jones e l'arca perduta ndr), c'erano Donald Sutherland(di recente in Moonfall) e Jeff Goldlum(la mosca, Jurassic Park, indipendence day). Diciamo che da lì partì tutto il filone stile La cosa, Essi vivono e il successo del fil lì poco calcolato Carpenter o i film di Cameron (Terminator, Alien), Ridley Scott(Alien, Blade Runner) o Miller(saga di Mad Max).

Per i cultori del genere consiglio: Ai confini della realtà (non quello degli anni 50-60).",ZestycloseAverage739,2022-12-25T23:47:47,2,Italia,https://reddit.com/r/Italia/comments/zuxiv6/perché_non_si_guarda_più_la_tv/j1ny6xg/
zuxiv6,,j1nxw6s,"Quante volte mi è capitato di passare così tanto tempo a scegliere cosa guardare che mi si è chiusa la finestra temporale per guardarlo : D  


""Mh, posso guardare questo film... quest'altro... quest'altro ancora.... mh alla fine potrei guardare questo da due ore... ah no ormai mi è rimasta solo un'ora e quaranta prima che sia troppo tardi che domani lavoro""",ViaNocturna664,2022-12-25T23:45:16,2,Italia,https://reddit.com/r/Italia/comments/zuxiv6/perché_non_si_guarda_più_la_tv/j1nxw6s/
zuiyhf,,j1njlkc,"Questo film è talmente sardonico e satirico acidamente, che sinceramente oltrepassa il concetto di ""meme""....anzi puoi vederlo come una *mímēma* della cultura americana dagli anni 80 fino ad ora. Questo non è poco.",elf0curo,2022-12-25T21:46:52,1,Italia,https://reddit.com/r/Italia/comments/zuiyhf/signore_signorifacciamoli_neri_come_sempre_buon/j1njlkc/
zuiyhf,,j1nh66b,Ma si...chi se ne frega alla fine. Per me l'importante è che Hollywood non smetta mai di generare film originali come questo.,elf0curo,2022-12-25T21:27:02,2,Italia,https://reddit.com/r/Italia/comments/zuiyhf/signore_signorifacciamoli_neri_come_sempre_buon/j1nh66b/
zuiyhf,,j1nbzob,"Senza dubbio, tolto il tema del Natale del film, quello che rimane è tanta sceneggiatura lo stesso. Molta critica all'America stessa.",elf0curo,2022-12-25T20:46:12,1,Italia,https://reddit.com/r/Italia/comments/zuiyhf/signore_signorifacciamoli_neri_come_sempre_buon/j1nbzob/
zuiyhf,,j1nb50t,"Quando i film erano creativi e originali, e non fumetti, splosioni, propaganda woke e remake di reboot.",UranioLiquido,2022-12-25T20:39:32,2,Italia,https://reddit.com/r/Italia/comments/zuiyhf/signore_signorifacciamoli_neri_come_sempre_buon/j1nb50t/
zuxiv6,,j1n8did,I bei tempi in cui stavi 2 ore alla TV perché il film durava due ore.,Vytostuff,2022-12-25T20:18:13,2,Italia,https://reddit.com/r/Italia/comments/zuxiv6/perché_non_si_guarda_più_la_tv/j1n8did/
zuxiv6,,j1n86gs,"Per la pubblicità. Non guardo un film interrotto **alla cazzo** (e lo sottolineo, anni fa i tagli per le pubblicità avevano un minimo di senso **e** la pubblicità era **molto** meno, ora sembra abbiano messo uno scimpanzé a scegliere quando mandarle) da 5 pubblicità di un quarto d'ora ciascuna. Fanculo.",True_Inxis,2022-12-25T20:16:44,5,Italia,https://reddit.com/r/Italia/comments/zuxiv6/perché_non_si_guarda_più_la_tv/j1n86gs/
zuxiv6,,j1n5vt4,Mediaset apre un canale all anno per mandare in onda le stesse serie a rotazione. E non ho voglia di vedere un film da 90 minuti che inizia alle 10 e finisce all una perché ci mettono in mezzo altri 90 minuti di pubblicità,Jammed_Death,2022-12-25T19:58:39,4,Italia,https://reddit.com/r/Italia/comments/zuxiv6/perché_non_si_guarda_più_la_tv/j1n5vt4/
zv2mpx,,j1n4k09,">È esattamente questo il problema e la causa di tutto

Non applicherai anche tu la retorica che si sente all'inizio del film *La caduta* ""che ci si può aspettare da uno che non beve, non fuma, ed è pure vegetariano?"", vero? Parlavano di Hitler, ovviamente.",Melopsittaco,2022-12-25T19:48:12,6,Italia,https://reddit.com/r/Italia/comments/zv2mpx/putin_siamo_pronti_a_negoziare_per_porre_fine/j1n4k09/
zuxiv6,,j1n2f55,A volte è meglio il palinsesto di quello che sceglieresti tu. a volte faccio zapping e trovo cose interessanti nel bene e nel male. Altre volte registro programmi o film che mi interessano. Come poltrona x due ieri o singing in the Rain oggi. Altrimenti streaming come ultima opzione,alfatau,2022-12-25T19:31:15,1,Italia,https://reddit.com/r/Italia/comments/zuxiv6/perché_non_si_guarda_più_la_tv/j1n2f55/
zuxiv6,,j1mtlkj,Io perdo più tempo a scegliere il film che a guardarlo. Prima accendevo la TV al massimo facevo un po' di zapping,ubiquitas92,2022-12-25T18:22:38,2,Italia,https://reddit.com/r/Italia/comments/zuxiv6/perché_non_si_guarda_più_la_tv/j1mtlkj/
zuz5r4,,j1mnke4,"Questo è ai limiti della tragicommedia, ma son sicuro che rientri nella categoria.

Avevo 17 anni, e lei 16. Ci conoscevamo di vista da un po', causa scuole vicine e amici in comune, fino a che non decido di chiederle di uscire dopo una (almeno per me) conversazione molto interessante avuta un giorno in autobus. Il nostro piano era di incontrarci, andare insieme a cenare al sushi (all you can eat perché questo potevamo permetterci ai tempi), e andare a sfidarci a biliardo in un locale in zona. 
Ci troviamo, scambiamo due chiacchiere, ed iniziamo ad avviarci verso il ristorante, che era ad una ventina di minuti a piedi dal posto dove ci siamo trovati. Ora, le strade di paese dopo qualche centinaio di metri dal centro storico smettono di avere i marciapiedi, dunque eravamo nella zolla di terra a lato della strada, io dal lato vicino alla striscia bianca, e lei accanto verso la campagna. 
Potete immaginare cosa sia successo.
Un furgone mi prende da dietro, ad una velocità non esagerata, colpendomi il braccio sinistro e la gamba, e scaraventandomi a terra. Lei per fortuna non è stata toccata. Mi rialzo, fortunatamente illeso, non senza qualche dolore che si ripresenterà quando l'adrenalina verrà meno, e mi ritrovo davanti il conducente in lacrime.
Ora, nella mia testa da 17enne confuso, arrapato, e strapieno di adrenalina, io avrei voluto fare la figura dell'eroe da film che si scrolla la polvere di dosso e continua la sua giornata. E ci ho provato, solo per capire a posteriori che quell'uomo deve avere avuto gli occhi fuori dalle orbite quando ha capito che non lo avrei denunciato dato che volevo solo continuare il mio appuntamento. 
Alla fine di questo paradossale discorso incrocio nuovamente lo sguardo con la mia bella, che mi sta prendendo per matto, e che mi obbliga ad andare in ospedale per farmi una lastra.
Morale della favola: non mi ero comunque rotto niente, questa tipa non l'ho più rivista perché mi avrà preso per un pazzo incosciente, e mi son fatto tirare sotto senza neanche vedere un soldo.",electricsaint606,2022-12-25T17:35:21,166,Italia,https://reddit.com/r/Italia/comments/zuz5r4/raccontate_il_vostro_peggior_primo_appuntamento/j1mnke4/
zuxiv6,,j1mhvdl,A me già solo il fatto che tra quiz e finti telegiornali un film **inizia** alle 21:30 mi fa passare ogni voglia di vedere la televisione.,davidevitali,2022-12-25T16:50:06,6,Italia,https://reddit.com/r/Italia/comments/zuxiv6/perché_non_si_guarda_più_la_tv/j1mhvdl/
zuxiv6,,j1m07c0,"Anche questa è un ottima motivazione, io mi ricordo da bambino quando iniziavano alle 21.10 e se finivano alle 23 era solo perché il film era lungo.",Vytostuff,2022-12-25T14:10:44,9,Italia,https://reddit.com/r/Italia/comments/zuxiv6/perché_non_si_guarda_più_la_tv/j1m07c0/
zuxiv6,,j1lzehn,"Perché una volta i film iniziavano alle 20:00-20:30, avevano un paio di pubblicità in mezzo e finivano ad un orario decente.
Ora iniziano alle 21:30- 21:45, ogni 10 minuti hanno 5 minuti di pubblicità e se mi abbiocco, causa orario, mi perdo il finale.
Saranno 2 anni che non la guardo. Preferisco youtube.
Certo, se aprissero un solo canale TV di metalmeccanica....",itamau87,2022-12-25T14:02:17,31,Italia,https://reddit.com/r/Italia/comments/zuxiv6/perché_non_si_guarda_più_la_tv/j1lzehn/
zuxiv6,,j1lxxap,"Lo streaming ha soppiantato la TV per serie tv e film. Sono rimasti solo i varietà, che non sono diretti di solito a un pubblico giovane, gli eventi sportivi nazionali (per es. mondiali di calcio), eventi televisivi storici (festival di Sanremo): è chiaro che quindi la tv stia perdendo fascino. Per non parlare poi degli orari (la prima serata non inizia mai). Ha tenuto botta proponendo i canali tematici (20, Rai4, Iris ecc.) per qualche tempo, ma poi è inesorabilmente crollata a forza di proporre repliche e nulla di nuovo. Dulcis in fundo, la pubblicità ormai invasiva.",Westaufel,2022-12-25T13:46:21,15,Italia,https://reddit.com/r/Italia/comments/zuxiv6/perché_non_si_guarda_più_la_tv/j1lxxap/
zuxiv6,,j1lvqjt,"Partiamo come esempio dal classico ""Non c'è un cazzo stasera"", pensi che se invece, ci fosse un palinsesto fatto meglio, quindi con programmi interessanti e film recenti, possa quanto meno tentare?",Vytostuff,2022-12-25T13:20:53,2,Italia,https://reddit.com/r/Italia/comments/zuxiv6/perché_non_si_guarda_più_la_tv/j1lvqjt/
zuxiv6,,j1lv8nm,"Il problema é che non sono tanto i film, le serie vecchie riproposte negli anni, ma é più un fatto di ""scomodità"", ormai si può trovare quasi di tutto in streaming (legit o meno) quando si vuole e con possibilità di mettere in pausa e senza ads, anche i miei si sono ""evoluti"" qualche anno fa passando da ""metti sul 5"" a ""metti rai play o timvision""; non si sono mai più lamentati di ""eh ma non c'è un cazzo stasera"" e delle ads sempre onnipresenti.

Reputo che accendere una TV oggigiorno e guardare un canale a caso sia inutile ormai",Yukiteru996,2022-12-25T13:14:40,20,Italia,https://reddit.com/r/Italia/comments/zuxiv6/perché_non_si_guarda_più_la_tv/j1lv8nm/
zuxiv6,,j1ltte5,"be io amo i film anni 50 e me li vado a cercare perche' so quello che cerco,il problema della tv e' l'effetto caos,non sai mai quello che puoi trovare e quello che c'e' e' di solito ignobile paccottiglia,in questi tempi dove si lavora tanto,si ha poco tempo da perdere e l'offerta e' ampissima,non ha senso buttarsi quando puoi decidere TU cosa guardare.",Dead_Sisyphus,2022-12-25T12:56:33,3,Italia,https://reddit.com/r/Italia/comments/zuxiv6/perché_non_si_guarda_più_la_tv/j1ltte5/
zui1en,,j1ls6zf,"Anche per me è IL film di Natale, anche il 2",iceace86,2022-12-25T12:34:50,1,Italia,https://reddit.com/r/Italia/comments/zui1en/il_natale_è_una_poltrona_per_due/j1ls6zf/
zuiyhf,,j1log20,Max è meglio come fumettista che come sceneggiatore di film.,elf0curo,2022-12-25T11:39:41,2,Italia,https://reddit.com/r/Italia/comments/zuiyhf/signore_signorifacciamoli_neri_come_sempre_buon/j1log20/
zui1en,,j1lnaq2,"Mai visto, non e' un film che mi interessa, non vedo perche' dovrei guardarlo...",LifeValueEqualZero,2022-12-25T11:22:03,0,Italia,https://reddit.com/r/Italia/comments/zui1en/il_natale_è_una_poltrona_per_due/j1lnaq2/
zuc8b4,,j1lijhz,"I cellulari top gamma costano 1000 (samsung, xiaomi, apple).
La differenza é che le prime offrono cellulari anche a 200€, invece apple ha un solo modello economico (se) e poi solo top gamma.
A livello di fotocamera, schermo tutti i top gamma offro cose simili. la grossa differenza è che Apple alla fin fine offre solo 7-8 configurazioni hardware differenti (iPhone 11,12, 13,14 in versione pro o meno). Il sistema operativo è ottimizzato per queste configurazioni e funzionerà per lungo periodo, infatti sentirai testimonianze di persone che tuttora hanno l’iPhone 8 e funziona molto meglio di un Android comprato il mese scorso. invece Android deve girare su decine di marche diverse, ogni marca propone modelli con fotocamere, processori, e quant’altro diversi.

Per quanto riguarda invece i computer bisogna fare una considerazione: i modelli base  (quindi iMac o macbook air) sono, a parer mio, computer pensati per utenze base che garantiscono moltissimi anni di utilizzo. Un mio amcio sta ancora utilizzando il MacBook che gli abbiamo regalato per la laurea nel 2014. stesso motivo, siccome le configurazioni hardware sono poche è molto più facile scrivere un sistema operativo che si mantiene nel tempo. la roba top di gamma invece è pensata per professionisti specializzati nel settore. ad esempio l’iPad da 2000€ che ha il super schermo HDR non è pensato per l’utente medio, è pensato per il direttore della fotografia di un film che deve fare della post produzione sul campo, anziché scaricare il video in formato 8k sul computer ed elaborarlo, quindi a lui serve un sistema che gli dà una resa dei colori impeccabile sul momento. lo schermo da 6000 € non è pensato per scriverci file Word, è pensato sempre per un fotografo o cineasta professionista che deve fare post produzione e vedere le cose bene. il processore M1 ultra serve per persone che di lavoro devono fare elaborazioni di un video il 16 modi diversi in parallelo e poi sovrapporli per avere l’immagine finale. 

quindi in poche parole Apple alla fine è pensato per persone che fanno un uso estremo dell’hardware, oppure vogliono qualcosa che duri nel tempo .

Lascia stare coglioni che cambiano l’iPhone una volta l’anno",Dalzhe,2022-12-25T10:05:16,1,Italia,https://reddit.com/r/Italia/comments/zuc8b4/perché_i_prodotti_apple_costano_così_tanto/j1lijhz/
zub2vw,,j1klhk4,"Boh non saprei, credo di essere d'accordo; io addirittura al tempo ero contrario al fatto stesso di dare soldi alla gente per comprare fumetti, non che non li considerassi cultura, però alla fine 500€ passano anche in fretta dopo che hai comprato 3/4 serie, a sto punto sarebbe stato meglio investire direttamente su questo settore (aumentarne il numero nelle biblioteche? Idea forse impossibile).

Per i libri penso sia proprio disonesto che uno studente povero debba comprarseli o cmq non avere aiuti, se non avessi avuto il bonus sarei stato nella m.; forse qualche iniziativa c'è, ma io non le ho sentite.

Per quanto riguarda l'altra roba tipo libri, musica, film (ma in realtà anche per i fumetti), ecc.. posso solo dire che un giovane che non può comprarli sa dove usufruire di questi prodotti, è brutto da dire ma ciò, funziona così",simpleprocrastinator,2022-12-25T03:05:24,0,Italia,https://reddit.com/r/Italia/comments/zub2vw/bonus_18_app/j1klhk4/
zuiyhf,,j1jifpd,"Questo film è uscito nelle sale cinematografiche americane l'8 Giugno 1983. Io non ero neanche nato, sarei uscito fuori ben 8 anni e 7 giorni dopo, eppure è stato fatto talmente bene che è immune al tempo. John Landis, io e questo film, sempre amici, a volte ci siamo un po’ persi, ma ci siamo sempre ritrovati ogni 24 Dicembre per farci una risata e gli auguri di buon Natale.",elf0curo,2022-12-24T21:29:10,5,Italia,https://reddit.com/r/Italia/comments/zuiyhf/signore_signorifacciamoli_neri_come_sempre_buon/j1jifpd/
ztw0j9,,j1jfhsn,"Forse sono io che ho interpretato male il carro ma non capisco cosa sta di sbagliato poichè in basso al carro sta scritto ""C'era una volta in america"", questo è un film diretto da sergio leone che senza fare spoiler narra una storia che si ambienta tra gli anni 20 e 60, la statua invece raffigura una persona di colore con le catene intorno al corpo, e una maglia da carcerato con in cima poggiata sulla testa la corona della statua della libertà.

Quindi dal mio punto di vista credo che rappresenti la discriminazione cui le persone di colore erano soggette in particolar modo in quegli anni, in cui finivano in carcere unicamente perchè erano nere, il quale va contro la libertà tanto paventata dagli americani.",Supersasson,2022-12-24T21:07:49,1,Italia,https://reddit.com/r/Italia/comments/ztw0j9/come_litalia_rappresenta_lamerica_ad_un_carnevale/j1jfhsn/
zub2vw,,j1imieo,"infatti, si poteva usare solo per determinate cose, onestamente non so come si potesse aggirare il sistema. semmai mio fratello lo usò per guardare lego batman, quello forse non era proprio cultura, però rintrava tra I film. io ci ho comprato decine e decine di libri di filosofia, e anche se non sono povera in canna ho potuto comprare libri che i miei probabilmente non mi avrebbero mai comprato.",Wooden-Ferret1801,2022-12-24T17:44:08,9,Italia,https://reddit.com/r/Italia/comments/zub2vw/bonus_18_app/j1imieo/
ztetpt,,j1ihlsx,"Parli della cancel culture, che non viene dallo stato, ma dalla società, che é libera di giudicare le cose dette inoportune e quindi toglierle dalle piattaforme.

Mi puoi fare degli esempi di frasi, o film censurati che non siano hate speech?",Illuminati_agent666,2022-12-24T17:07:42,1,Italia,https://reddit.com/r/Italia/comments/ztetpt/la_polizia_dei_sentimenti/j1ihlsx/
zu8ald,,j1hkfia,"Pagarne 10 per guadagnarne 90

Di quei novanta ne usi quelli che servono per ""investire"" nella stampa/media e ogni dubbio che viene posto alle case farmaceutiche diventa complottismo No-vax.

Mi ricorda il film Thank you for smoking, dove è normale per Big Tobacco fare da sola gli esperimenti sulla sicurezza delle sigarette.

Oggi invece è obbligatorio prendere per oro colato gli esperimenti fatti sulla sicurezza/efficacia dei vaccini fatti dalle case che poi li vendono.

""Oste, il vino è buono?"" 

""Sì""

>Fonte: Oste, proprietario osteria.

Edit:
 
Dopesick è una mini-serie che tratta l'argomento di big-pharma e corruzione nei regolatori(FDA,CDC.), Il giochino ha portato alla crisi degli oppiacei in America.",prosciuttoeMeloni,2022-12-24T12:05:55,8,Italia,https://reddit.com/r/Italia/comments/zu8ald/sono_curioso_di_scoprire_la_vostra_opinione_dal/j1hkfia/
zu7dr3,,j1hf2yr,"Ma è logico che le piaci, non so che film ti fai pensando che lo faccia per farti stare meglio perché ti sei trasferito da poco perché è proprio assurdo, o meglio se lo volesse non farebbe di certo questo ma ben altro. In che parte della Campania ti trovi e quale è il suo background socio-culturale? Perché mettersi con una ragazza già impegnata non è visto molto bene in determinati ambienti...",GuidaPocoCheDeviBere,2022-12-24T10:50:34,6,Italia,https://reddit.com/r/Italia/comments/zu7dr3/cosa_fareste_voi_al_mio_posto/j1hf2yr/
zu6qtx,,j1hehuy,"Ciao, Per imparare l'italiano ti consiglio programmi o film con una trama semplice e con attori che parlano in modo chiaro e lento. Una buona opzione potrebbe essere ""Un medico in famiglia"", ""Don Matteo"" e ""Commissario Montalbano"". Per quanto riguarda i film, potresti provare con ""La vita è bella"" di Roberto Benigni o ""Il postino"" di Michael Radford. Questi film hanno trame semplici e personaggi che parlano in modo abbastanza lento e chiaro. Li puoi trovare su Netflix o Chili o Rakuten TV. Buon Natale!",rubbishdude,2022-12-24T10:41:56,2,Italia,https://reddit.com/r/Italia/comments/zu6qtx/ho_bisogno_di_aiuto_e_buon_natale/j1hehuy/
ztlw0l,,j1hdt3u,"Bimbo sai vero che insultare gli altri non ti dà ragione, vero? Vero che reddit è na bolla , ma non farti illudere.h

>Chi ha detto che Putin è pazzo?

Ora ti spiego , quando vuoi dare a qualcuno del pazzo ma non puoi, perché anche il più ritardato lettore(ma non i redditors medi) inizierebbe a farsi 2 domande sull' parzialità delle tue notizie; devi inventarti qualcos'altro.

Tipo che beve e fa' il bagno nel sangue di Cervo (nessuna fonte attendibile ovviamente Perché è tutta propaganda Ucraina), e cosa può essere se non pazzo uno che beve il sangue di Cervo.

>"" Eheh, quello si mangia i sassi per curarsi

>""Ah è pazzo...

>""NOOOOOOOOOOO, non ho detto che è Pazzo""

Si chiama propaganda, Sveglia Bimbo che la propaganda è bipartisan. La usano tutti non siamo nei film della Marvel.",prosciuttoeMeloni,2022-12-24T10:31:41,1,Italia,https://reddit.com/r/Italia/comments/ztlw0l/fidatevi_dei_professionisti_dellinformazione/j1hdt3u/
zu6qtx,,j1hbwuz,"Puoi provare l'app di Rai Play dove ci sono tantissimi programmi dati in onda appunto sulla Rai. Sia late shows, serie tv, film dicumentari etc.

L'app è gratuita (perché in Italia ogni cittadino è obbligato a pagare il canone annuale).",BioTheHuman,2022-12-24T10:02:43,7,Italia,https://reddit.com/r/Italia/comments/zu6qtx/ho_bisogno_di_aiuto_e_buon_natale/j1hbwuz/
ztlw0l,,j1h7gzx,"Dio madonna, quello è un giornale letto da milioni di persone, non una chiacchiera da bar, porca puttana. Sparare cazzate e poi mettere punti di domanda non è giornalismo, è propaganda. Siamo praticamente in guerra per colpa di questi articoli merdosi e dei coglioni che se li bevono.

Se tu fossi un politico, e giornali oppositori scrivessero ""AccaEmme è un pedofilo?"" senza contesto dopo che qualcuno ti ha visto entrare in un edificio con una ragazzina che magari è tua nipote, a te andrebbe bene, perché c'è iL PuNTo DI dOmaNDa?

""AccaEmme, potrebbe essere satanista? La sconvolgente rivelazione."", seguita da una miriade di ipotetiche penose senza né capo né coda.

""AccaEmme, matto o pericoloso?"" Come la gazzetta del profeta nel 5° Film di harry potter nei confronti di silente. 

""AccaEmme, impotente e sadomasochista? La nuova indiscrezione.""

Forse è meglio che ti fermi tu e smetti di atteggiarti a so tutto io perché un adulto che non riconosce propaganda becera e di basso livello come quella di questo titolo di giornale, non ha niente da insegnare a nessuno.",bilbo-beggins,2022-12-24T08:56:50,2,Italia,https://reddit.com/r/Italia/comments/ztlw0l/fidatevi_dei_professionisti_dellinformazione/j1h7gzx/
zskdj7,,j1fhtrx,"Se leggessi meglio, io non ho scritto assolutamente che va tolto, ma che deve essere riformato…
E si se tu avessi un ISEE alto, mi spiace ma si non dovresti poter avere accesso a questo bonus, inoltre sempre se avessi letto, sono contrario a molti dei bonus che sono stati istituiti in questi anni, mentre sono favorevole a fare riforme strutturali a lungo periodo, sia per i giovani che per altre cause, riforme che durino nel tempo (tipo musei gratuiti per i giovani vino ai 25 anni, teatro gratuito fino ai 25 anni, musica dipende, libri scontati o con altre agevolazioni, borse studio più corpose, magari costruire campus, per permettere una migliore gestione dello studio ed un minor costo per chi vuole studiare, esempi banali che andrebbero poi analizzati meglio).
Purtroppo il tutto legato ad un isee o ad un altro parametro che permetta di elargire questi fondi a chi davvero ne ha bisogno e non anche a persone che potrebbero benissimo farne a meno, anche perché recuperare soldi da queste riforme, significherebbe investirle da altre parti, purtroppo da circa 20 anni, non riusciamo più a crescere perché non abbiamo fatto più riforme strutturali, ma dato solo contentini con i bonus; bonus che sono erogati giusto per prendere voti.
Pensaci un pochino tu voteresti più volentieri un partito che ti elargisce il bonus cultura senza nessun paletto da rispettare o un partito che ti mettere dei paletti per ricevere questo bonus? (A volte sono scelte politiche per potersi accaparrare dei voti, purtroppo abbiamo una classe dirigenziale penosa che prova a prenderci per il culo con piccole “mance”).
Non sono un boomer, ma volevo dirti che ne io ne la mia famiglia abbiamo mai nuotato nei soldi, NON abbiamo mai avuto nessun bonus eppure sono riuscito a farmi cmq una cultura, nonostante non abbiamo avuto sconti per i cinema (si andava di meno e si andava a vedere i film più importanti), non avevamo agevolazioni per i concerti (mai andato, non so se è un bene o un male boh), non avevamo sconti per la musica (i Cd costavano 20mila lire, quello che all’incirca mi donavano i miei genitori in due settimane, quindi ahimè esisteva la pirateria) e né tantomeno sui libri scolastici e libri da leggere (cosa sbagliatissima anche perché avrei dovuto leggere libri che avevo in casa e che non mi piacevano, unico sistema che potevo usare era andare in biblioteca e noleggiare il libro che mi piaceva, leggero entro un mese e restituirlo, pena pagamento di un ammenda).
Posso darti ragione che una volta avevamo un tenore di vita più morigerato ci accontentavamo di poco e nessuno ti giudicava, cosa che oggi non può succedere, perché vieni giudicato per qualsiasi cosa e ti senti inadeguato se non stai al passo con i tempi, purtroppo avete un grosso problema di socialità, che con l’avvento dei social è centuplicato, e da una parte stimo alcuni di voi per come cercano di combattere quelle CAPRE che stanno tutto il giorno su instagram o tik-tok a mostrare culi o video di un livello così basso che è imbarazzante anche solo guardarli. 
Però vorrei capiste che NON sono contrario ad aiutare i giovani, sono contrario a REGALARE soldi a pioggia senza un senso e senza una riforma a lungo periodo.
Sperando di essermi fatto comprendere ti saluto, scusa se ho scritto tanto, ma è un discorso talmente complesso che non si può affrontare su un social con poche parole, pena essere fraintesi e rischiare di scatenare uno scontro generazionale.",davide190801,2022-12-23T22:59:08,1,Italia,https://reddit.com/r/Italia/comments/zskdj7/il_bonuscultura/j1fhtrx/
ztetpt,,j1e62iy,"Le persone che vogliono essere razziste e omofobe sono ancora libere di esserlo, nessuno gli manda la polizia a casa, però allo stesso modo gli altri sono liberi di scegliere di reagire negativamente e non avere a che fare con queste persone. Il paradosso è che in generale le persone che si lamentano che ""eh ma non si può dire nulla"" sono quelle che in primis se la prendono se gli dici qualcosa: vogliono fare i loro commenti offensivi, ma nessuno può dirgli nulla contro, perché se no dovrebbero fare i conti col fatto che ad altre persone può non piacere quello che loro dicono. Si lamentano che ""eh mamma mia le persone che si offendono per i film non pc"", ma guarda come si offendono non appena fai un film con un protagonista apertamente omosessuale. A parte tutto mi pare ridicolo lamentarsi di tutti questi fantomatici risvolti quando hai una caterba di comici che fanno i milioni avendo come parte fondante della loro identità ""faccio battute offensive"" (gente come Ricky Gervais o Dave Chapelle, per dirtene un paio, o qui in Italia Pio e Amedeo), e gente come Salvini o La Russa al governo",paliktrikster,2022-12-23T17:19:54,5,Italia,https://reddit.com/r/Italia/comments/ztetpt/la_polizia_dei_sentimenti/j1e62iy/
ztetpt,,j1ds93c,"Le persone non vengono censurate, si tenta di cancellarle (o si riesce in certi casi) e dunque di rovinargli l'esistenza; é la parola ad essere censurata e di esempi ce ne sono a dozzine. 

Se non hai mai incontrato una frase, film, libro censurati o revisionati per evitare che certe parole raggiungano il pubblico devi vivere sulla luna. Ci sono interi lungometraggi su alcuni esponenti della nostra classe dirigente che non hanno mai raggiunto l'Italia.
 E la cosa si fa sempre peggio.",AlternativeCap9092,2022-12-23T15:46:18,0,Italia,https://reddit.com/r/Italia/comments/ztetpt/la_polizia_dei_sentimenti/j1ds93c/
zsr4eo,,j1dqnp3,"Non erano impreparati, semplicemente han perso ANNI a prepararsi mentre la controparte ha fatto lo stesso. In Ucraina non stanno combattendo locali contro Russi, sta combattendo la NATO, anche con truppe ufficiali, contro la Russia.

Lo scudo nucleare poi funziona se puoi colpire prima d'esser distrutto, ovvero se non prendono l'Ucraina possono essere colpiti prima d'aver il tempo di ordinare una ritorsione, da qui la necessità strategica di invadere. La stessa per cui gli USA tanto si agitarono per i missili a Cuba.

La guerra l'han persa perché han cercato di prepararsi a combattere come se dall'altro lato stessero a dormire dopo aver fatto due colpi di Stato... Se ci si fossero buttati impreparati ma subito quando impreparati erano anche dall'altra parte la loro superiorità di risorse avrebbe prevalso.

Vedi il problema strategico che ebbe l'URSS, che ha la Fed. Russa e che ha anche la Cina è ben rappresentato dalla politica Juche della Corea del Nord (vedi https://en.wikipedia.org/wiki/Juche come microintro): da una parte c'è chi pensa di poter far tutto in casa essendo abbastanza forte per farlo, dall'altra c'è chi pensa che è meglio far fare a terzi schiavi e poi usare loro come armi. Per questo gli UKUSA han vinto le ultime guerre: han usato le colonie, al tempo ben maggiori di ora, come serbatoio di risorse e lavoro schiavo. I loro nemici ne avevan assai meno.

Per la stessa ragione il nostro interesse strategico sarebbe con la Fed. Russa, contro la NATO: noi abbiamo le migliori filiere e conoscenze tecniche del mondo, loro han materie prime e spazi, nessuno dei due però può opprimere l'altro. Siamo in contiguità territoriale, non potremmo mai finire come l'UK con le colonie che le dicono ciao e tra il mare in mezzo e l'enorme differenza demografica son fottuti e possono solo contare ""sul sistema"" ovvero suoi loro CRIMINALI che gradiscono ""il paese neutrale"" al centro. Considera che la HSBC, maggiore banca del regno unito non è mai stata del regno unito. Era la banca dei trafficanti di droga che importavano oppio dall'India alla Cina per conto dell'UK e proprio tornaconto per farle vincere l'impero Cinese. Le Compagnie delle Indie per vari momenti della storia han avuto eserciti mercenari PRIVATI numericamente maggiori e meglio armati di quelli del regno. Ma la corruzione l'ha uccisi e han capito allora che serviva un centro neutrale. In UE continentale questo centro in cui ""chi conta sta buono e sa che nessun altro li lo tocca"", il famoso ""albergo"" dei film mini-serie John Wick, è la Svizzera, nel modello neoliberista cleptocratico-mercantile storico è Londra.

Loro non han mai fatto la Magna Charta PER IL POPOLO, ma per i nobili-mercanti rispetto alla Corona, ovvero un coacervo di criminali si mette d'accordo con un grande boss per il reciproco interesse. Sanno entrambi di non poter vincere in uno scontro diretto quindi meglio esser alleati. Noi saremmo nello stesso stato con l'EAEU. Così invece siamo sudditi.",ftrx,2022-12-23T15:35:12,2,Italia,https://reddit.com/r/Italia/comments/zsr4eo/secondo_voi_quale_era_il_piano_originale_della/j1dqnp3/
zta1s4,,j1djcdx,"Di tasse assurde ce ne sono quante ne vuoi:

**Tassa Etica o meglio conosciuta come ""Tassa sui pompini e le fattucchiere"".**  
E' un addizionale IRPEF del 25% non detraibile su tutti i redditi generati dal sesso (cioè dalla prostituzione tanto quanto dalla produzione, distribuzione e vendita di film ed oggetti) nonché dalla cartomanzia e similari.

**Tassa sulle scoregge delle mucche:**  
Per compensare le emissioni di gas metano prodotto dai bovini, in EU ogni allevatore paga una tassa. I più sfortunati sono i danesi con 100 €/mucca

**Tassa sull'ombra**  
In molte città italiane se hai una tenda che si estende sul marciapiede pubblico devi pagare la tassa per l'occupazione del suolo pubblico proporzionale alla proiezione al suolo della tenda.  
Una tassa praticamente identica si applica anche nel caso di scale esterne che sovrastano il suolo pubblico.

**L'imposta sulle tasse**  
Il caso più conosciuto è l'IVA sulle accise: l'accisa è una tassa che fa parte del costo del prodotto (ad esempio la benzina) e l'IVA viene calcolata sul totale accise incluse.

Per inciso, non è che all'estero siano messi tanto meglio. Pure qui in Svizzera ci sono tasse idiote, ad esempio la tassa sulla fede (se ti registri come cattolico, protestante, evangelico, etc., paghi un'addizionale sull'imposta sui redditi) o la tassa sul cane (se hai un cane devi pagare una tassa comunale annuale).",LordNite,2022-12-23T14:42:38,3,Italia,https://reddit.com/r/Italia/comments/zta1s4/tasse_assurde/j1djcdx/
zt9p79,,j1cx9pk,"Il problema è che i più non sanno come funziona il lanciafiamme... Non è la ""fontana di fiamme"" di certi film, è una pompa che butta miscele di idrocarburi, diciamo benzina, infiammata all'uscita. Ovvero se sfiammi in aria poi piove a terra, le zanzare le prendi ma poi devi spegner l'incendio in casa...",ftrx,2022-12-23T10:58:46,2,Italia,https://reddit.com/r/Italia/comments/zt9p79/domani_mi_faccio_il_porto_darmi/j1cx9pk/
zt2n94,,j1cvmcn,"Ci sono si pizze normali, basta che pensi al classico fattorino delle pizze dei film, i cartoni sono normali.

Per quanto riguarda i frisbee anoressici, ho da dire che per alcuni casi però è molto valida, mentre la classica ""Napoletana"" è una merda immangiabile se non la sai fare bene, e sono pochi quelli che hanno un impasto decente",Jewbacc4,2022-12-23T10:36:39,7,Italia,https://reddit.com/r/Italia/comments/zt2n94/quanto_costerebbe_in_italia_questa_586_family/j1cvmcn/
zsnlo5,,j1cm1ml,"sei la definizione di genio del film ""amici miei"" 😂",kappa19842,2022-12-23T08:27:40,1,Italia,https://reddit.com/r/Italia/comments/zsnlo5/in_una_relazione_cosa_fa_scattare_la_molla_di/j1cm1ml/
zskcar,,j1aub4z,"Anche un mio vecchio amico fa parte degli scout (AGESCI) e sì a volte pare una setta. Ogni volta che doveva fare una presentazione per la scuola ci inficcava dentro gli scout manco dovesse mettere un messaggio subliminale per ipnotizzare tutti, ed una volta si era offerto di portare un film da guardare in classe ed indovina su che cos'era? SCOUT!

Poi vabbè ognuno ha i propri hobby ma il legame fra gli scout è qualcosa di ultraterreno",_King_Crab_,2022-12-22T22:59:04,1,Italia,https://reddit.com/r/Italia/comments/zskcar/secondo_voi_gli_scout_sono_una_setta/j1aub4z/
zskcar,,j1a9gyz,"L'alternativa è fare le persone ""normali"" stando a casa a guardare film woke su netflix. Sono felice che esistano persone che non si fanno problemi a sacrificare il proprio tempo per colmare le lacune di genitori incapaci.",16F628A,2022-12-22T20:35:58,1,Italia,https://reddit.com/r/Italia/comments/zskcar/secondo_voi_gli_scout_sono_una_setta/j1a9gyz/
zskdj7,,j19jywq,".....

Certo che le Iene devono sempre passare un messaggio del tipo: ""Ah! i giovani sono stupidi e vanno a coca e mignotteh!"". Col bonus sono potuta andare a teatro più importante della mia provincia, in prima fila ed amarlo (andateci, è un esperienza mistica ed unica!), offire un biglietto alla mia famiglia per vedere un film, pagarmi i libri per l'università e spotify. 

Un servizio dove fermate la gente e chiedere in che modo hai speso il bonus, no? troppo blando?

Ah già, devono far indignare i boomer. ..bastardi",NibbaM8_194,2022-12-22T17:49:24,2,Italia,https://reddit.com/r/Italia/comments/zskdj7/il_bonuscultura/j19jywq/
ylxwep,,j19glg2,"Vorrei rispondere all’autore, Incel sta per? scusa ho 85 anni e devo confessarti che non ho risposte per te capisco le tue angosce che credo passeranno io per esempio pur di non vedere le facce stupide alla Jack Ryan sto guardando un film in bianco e nero del 64 
francese che non ti consiglio per via che forse non finirò di guardarlo, quindi nemmeno alla mia età si può stare tranquilli per te basterà imbroccare una sliding
door per cambiarti la vita attento al sopracciglio, ciao
e buone feste",Nearby-Notice6240,2022-12-22T17:28:00,1,Italia,https://reddit.com/r/Italia/comments/ylxwep/sono_un_incel_e_non_voglio_più_esserlo_facciamo/j19glg2/
zskdj7,,j195d8p,"Bimbi, con le tasse MIE andateci ai concerti, al cinema, comprate dischi, compratevi una chitarra elettrica o una batteria, fateci il gran cazzo - in breve - che volete. Anche perché dopo, vi assicuro, passa. 

(e sì, sono stato studente pure io e mi sono pagato pure io le cose di tasca mia: d'estate lavoravo, cinema andavo ai parrocchiali o ai cinema d'essai e con 3500 lire guardavi tre film, per gli studenti c'erano pure le proiezioni gratis, per i viaggi carta verde e riduzioni studenti, musei o mostre idem, dischi e libri usato e per i concerti centri sociali, offerta libera e birra 2000 lire. Ho viaggiato, suonato, trombato, bevuto come e ben più che nel video e nel complesso mi sono divertito un casino (facendomi pure una cultura nel mentre). Quindi quando vi salta fuori qualcuno che ""ai miei tempi invece rigavamo dritto e mangiavamo la terra quindi non vedo perché questi fannulloni debbano divertirsi"", se volete il consiglio di un GenX anzianotto, mandatelo subito a cagare)",_qqg,2022-12-22T16:15:16,12,Italia,https://reddit.com/r/Italia/comments/zskdj7/il_bonuscultura/j195d8p/
zskcar,,j190hct,"Sono d'accordo.

Valuta però che tutto ciò che è inerente la religione ha un impatto veramente minimo sullo sviluppo dei ragazzi partecipanti. Cerco di spiegarmi meglio: nonostante da fuori possa sembrare uno dei tanti gruppi/associazioni finalizzati a creare una generazione di zeloti (gioventù hitleriana, putiniana, i giovani pionieri e chi più ne ha più ne metta), negli scuot l'influenza della bibbia è veramente limitato.

Io, ad esempio, sono ateo e lo sono diventato proprio durante i miei anni di scoutismo.

Lo scoutismo è proprio di per sè anti religioso per definizione. Se si prendono 16 ore partecipazione settimanali, 1 è dedicata alla messa (e relativa interrogazione), le altre 15 sono tutte Robert Baden-Powell, il libro della Giungla, nodi, alfabeto morse, inclusività, attività che fanno saltare i denti o spaccare il naso, pane, competizione, lealtà, ecc...

&#x200B;

La partecipazione è una conseguenza: avrai sicuramente visto nei film americani che si ottengono i ""badge"" per delle attività. Qui è uguale ma con delle mostrine che vengono foderate alla giacchetta; sono come delle certificazioni che ottieni per aver imparato qualcosa. C'è un po' di tutto: dalla meteorologia alla fotografia e sei portato ad imparare sempre di più per spirito di competizione. 

&#x200B;

Insomma, è una struttura complessa, alcuni la prendono alla leggera e ci vanno il giusto indispensabile (quei 3 fine settimana al mese che dicevo sopra - che è comunque tantissimo), altri invece ne vengono assuefatti e ci dedicano ogni minuto libero. Come nelle palestre.",imjustsadrightnow,2022-12-22T15:42:45,6,Italia,https://reddit.com/r/Italia/comments/zskcar/secondo_voi_gli_scout_sono_una_setta/j190hct/
zsme9n,,j18yq1d,"CI sono VARIE risposte... Alcuni argomenti che chiami frivoli tali non sono, ad es. lo SPID passando dal livello 2 al livello 3 (CIE) non è frivolo, è di suo ""limitato"" ma è uno dei passi necessari a rivoluzionare la PA: siamo nel 2022, è ora di usare i vantaggi del digitale, magari lasciando da parte alcuni suoi usi inopportuni. Farlo non è frivolo è rifare la burocrazia del paese ovvero il sistema nervoso delle istituzioni. È un compito IMMANE che richiede un tempo IMMANE che ha IMMANI possibilità d'evoluzione catastrofica ma che fa parte del pacchetto dell'evoluzione umana ovvero puoi scegliere di affrontarlo un poco alla volta, correggendo in corso d'opera errori ed orrori non evitabili a priori o aspettare d'essere travolta da cambiamenti che avvengono comunque ma non pianificati ne strutturati.

I rave, la caccia, le intercettazioni ecc sono fascistate classiche, ovvero atti tipici di quella parte politica e sono da una parte embrioni di dittatura di estrema pericolosità FUTURA, ovvi si ""marginali"" per portata/cabotaggio.

Infine di inflazione non possono parlare perché si son presentati come sovranisti ma dopo che han prestato giuramento al neoliberismo UKUSA, e questo non vuole se ne parli.

PS il debito pubblico non esiste. No, non sto scherzando. La moneta ha uno scopo formale in economia: quello di moneta di scambio ovvero di strumento che fa da metro a quasi ogni cosa, che è un simbolo PUBBLICO che tutti accettano contro beni/servizi. NON È, o meglio è ma non può essere, né strumento di eterodirezione economica mediante tecniche da cravattari, ne truffa classica privata per comandare il pubblico da dietro le quinte fingendo che in realtà esista un governo Democratico che decide rappresentando i Cittadini.

Per far presto ti consiglio https://youtu.be/WpGhcDg7IJ4 breve estratto di un filmetto Colombiano, El Concursante, di alcuni anni fa, il film in se non granché, ma questa parte vale assolutamente. Altrimenti le più lunghe e di spessore conferenze di Alessandro Barbero per la Fondazione SanPaolo sulla crisi del '300. La truffa è sempre la stessa, controllo privato di un simbolo pubblico, la moneta, a fini di strozzinaggio generale. Descritta assai bene nella storia USA da uno dei truffatori in oggetto in una lettera, qui a fondo della lunga pagina in comodo elenco puntato: https://www.heritage-history.com/index.php?c=read&author=carr&book=pawns&story=american lo scopo politico lo trovi in un liberculo storico del 1841 di Clinton Roosevelt uno dei truffatori della Banca di NY poi divenuta FED, antenato del più noto Franklin Delano ""The Science of Government Founded on Natural Law"" in cui teorizza un governo finanziario ""discreto"" che comanda con cravatta genitale economica senza che quasi nessuno ne conosca l'esistenza. Se guardi l'WEF, IMF ecc attuali beh, vedrai che sono l'implementazione di quel libro... La scuola ne è conseguenza: i principi su cui si basano queste truffe sono banali, ben studiati, rodati e implementati (questa parte non semplice per nulla) ma ben facili da spiegare a chiunque abbia qualche neurone. Se fai una Scuola seria che forma Cittadini... Beh quanto tempo credi che questi impieghino per rendersi conto di come van le cose e leggendole nero su bianco comincino a cercar pali spalmati di grasso e forche varie?",ftrx,2022-12-22T15:30:54,-2,Italia,https://reddit.com/r/Italia/comments/zsme9n/cosa_sta_succendendo/j18yq1d/
zs13nr,,j18ymvu,"Quindi praticamente se solo tu sei malato devi chiudere? È bellissimo perchè sembra di guardare un film sempre uguale, se hai tempo puoi pure aggiungere una postilla in cui ti lamenti del fatto che non trovi dipendenti.",sweetsuicides,2022-12-22T15:30:18,1,Italia,https://reddit.com/r/Italia/comments/zs13nr/ho_aperto_il_primo_alle_2000_li_uso_tutti_almeno/j18ymvu/
zsme9n,,j18xnmb,"I concerti non mi sembra sia il male, Gardaland neppure. Non sarà il massimo della cultura, ma non mi sembra siano il demonio. 

Io ci ho visto comprare libri e tecnologia. Pure insegnanti che compravano libri per gli alunni. Musica, film.
Peccato che io non l'ho avuto perché onestamente 500€ di libri li prendevo molto volentieri.",Najka42,2022-12-22T15:23:34,13,Italia,https://reddit.com/r/Italia/comments/zsme9n/cosa_sta_succendendo/j18xnmb/
zslpoe,,j18ntoe,"Da fan della serie anche la trilogia di film merita,quella del 2016 l’ho guardata a fatica..la parte più bella rimane l’età dell’oro anche come manga",ConcernResponsible93,2022-12-22T14:10:33,3,Italia,https://reddit.com/r/Italia/comments/zslpoe/ho_letto_che_berserk_usciva_su_netflix_dal_1/j18ntoe/
zshvii,,j18kvt1,"In realtà non é una cosa di cui andare fieri, si sta davvero male, più che male direi che l'atto diventa compulsivo più che voluto.
Le seghe e la pornografia erano all'ordine del giorno, del tipo che se non mi prendevo la mia oretta giornaliera per queste attivitá cominciavo ad avvertire nervosismo, a non dormire, a non concentrarmi nel fare le cose che realmente dovevo fare. Il sesso diventa un atto non più appagante come prima, lo si fa tanto perché il tuo corpo chiede di farlo, ma il piacere e soprattutto l'eccitazione sono molto diminuiti.
Tutti hanno lo stigma (probabilmente dato dai film e dai porno) dell'ipersessuale come se fosse uno stallone da letto, uno che si gode la vita come pochi.
In realtà le persone ipersessuali soffrono molto il fatto di dover fare sesso, per cui vorrebbero quasi uscire dal proprio corpo in quanto vittima delle proprie pulsioni.
Consiglio di vedere un'intervista su yt rilasciata da Rocco Siffredi alla rai, in cui visibilmente distrutto da questa cosa va a raccontare come ha pensato di togliersi la vita più volte pur di liberarsi delle proprie pulsioni.",angegasz15,2022-12-22T13:46:28,6,Italia,https://reddit.com/r/Italia/comments/zshvii/la_dipendenza_da_pornografia_é_una_cosa_reale/j18kvt1/
zsewuy,,j18hsnh,"Mi ritengo un ambientalista, sul serio. Ritengo la ""causa ambientalista"" uno strumento politico il cui verde lascia intendere essere quello dell'erbetta di primavera mentre è il colore prevalente del dollaro e delle scorie tossico/radioattive stereotipiche che fuoriescono in film e fumetti da fusti rugginosi abbandonati...

Spiego: meglio andare a piedi? Oh, sicuro. Dove però? Perché se fai a piedi al negozietto sottocasa questo è stato rifornito da un furgone, quasi sempre diesel, che ha sua volta ha caricato in un deposito rifornito da tir quasi sempre diesel e via dicendo, ovvero per permettere a te singolo umano d'andar quasi solo a piedi altri muovo mezzi imponenti ed inquinanti che IN PARTE muoverebbero comunque perché non riusciamo a fare il cibo che ci serve ed ogni altra cosa ""nei dintorni"", manco quando si andava davvero a piedi, cavallo e barca a remi/vela ci si riusciva, MA in parte non marginale muovono di più proprio per servire gli appiedati volontari a km0...

Aneddoto personale di amico in urbe: ""ah, io vivo davvero a km0, mica come voi che andate sempre in giro per il mondo, pure in aereo"", affermazione durante un aperitivo a casa sua. ""Oh, interessante, ehm, scusa ma i gamberetti che stai mangiando su fettina di mollica di pane con salsa cocktail da dove vengono? Oh, si, dal negozio sottocasa, ma LUI da dove l'ha presi, giacché non li alleva nel retrobottega?"". Piccola indagine da nerd, tracciando i codici a barre che abbiam recuperato, una buona parte della cena ha fatto DECINE DI MIGLIAIA di km per arrivare li, parte quasi certamente in aereo, altra in nave, vari tratti su camion, quasi certamente diesel e certo non euro 6+ e via dicendo. L'aneddoto è reale per inciso e qui lo cito come ottimo esempio di INVOLONTARIA ipocrisia.",ftrx,2022-12-22T13:19:17,1,Italia,https://reddit.com/r/Italia/comments/zsewuy/qual_è_il_veicolo_elettrico_più_sostenibile/j18hsnh/
zskcar,,j18gg8n,"Dipende tantissimo ma veramente tantissimo dal gruppo in cui finisci. All'interno della stessa organizzazione tipo agesci puoi trovare quelli super bigotti, quelli a cui non interessa niente della messa e cercano il più possibile di evitarla, quelli imbranati stile stereotipo da film americano, quelli fissati con lo sport, quelli che sembrano bear grylls ecc.

La maggior parte degli scout che conosco sono persone normalissime, ma come in tutte le cose c'è qualche invasato che inizia a identificare l'interezza della propria personalità con lo scoutismo e a vedere come inferiore chi non ne fa parte (un po' come capita in altri settori come l'attivismo politico, lo yoga ecc.). 

Se per sfortuna ti trovi una o più persone così come capi del gruppo allora si, ti conviene scappare subito, ma per il resto non sono assolutamente una setta.

Una cosa importante,  di solito gli scout tengono molto alla parola e agli impegni presi: se dici che partecipi allora si che ti chiamano e insistono per farti venire, ma nel momento in cui dici che vuoi smettere sei totalmente libero di farlo e se ti incontrano per strada continuano a salutarti senza problemi. Questo anche perché quando entri in un gruppo hai ruoli ben precisi e attività da svolgere, senza contare che organizzare campi e uscite è abbastanza complicato.",RoyalDecree1,2022-12-22T13:06:33,24,Italia,https://reddit.com/r/Italia/comments/zskcar/secondo_voi_gli_scout_sono_una_setta/j18gg8n/
zsj6og,,j18a97u,">Se dovessi riassumere come mi sento, è come se vivessi su un filo che oscilla tra:  
⁃	vivere da sola e senza rotture ma con il desiderio **occasionale** di avere qualcuno accanto  
⁃ 	o vivere in coppia ma annullando me stessa, sopportando compromessi e   vivendo in un ambiente asfissiante e con la paura di venir lasciata alla   prima difficoltà di coppia.

Non capisco perchè prendi gli estremi, quando la verità sta nel mezzo.

Una relazione sana prevede naturalmente uno spazio dedicato alla propria persona, assieme ad una serie di compromessi. A volte vorresti stare da sola ma devi supportare il tuo partner, altre volte non avresti voglia di ascoltare le sue lamentele ma lo fai perchè sai che ha avuto una giornata difficile, altre ancora non vorresti guardare ""Commedia romantica natalizia #432"" ma sta all'altra parte scegliere il film e quindi ti sorbisci l'ennesima tipa tonta che incontra lo strafigo con cui prima litiga ma che poi la fa innamorare.

I tuoi requisiti minimi direi che sono i requisiti minimi che chiunque dovrebbe avere (glissando magari sul lavoro, che a volte non dipende strettamente dalla persona), e il comportamento delle tue amiche non deve riflettere quella che è la realtà tutta.

Se la mia ragazza vuole fare del flirting light lo può fare senza problemi, lo faccio anche io. Non sono infedele (nè lo è lei) ed è una cosa divertente, che muore lì. Non è mai inopportuno ovviamente perchè siamo tutti e due impegnati, è un po' uno ""stare al gioco"" per qualche scambio di battute. Se la cosa si spinge oltre semplicemente si chiarsice la situazione e via.

Le tue amiche onestamente sono ragazze che non vorrei assolutamente avere accanto, meglio perderle che trovarle. Lasciale inseguire il portafoglio pieno, sono problemi loro.

Sulla tua situazione ti posso fare due appunti:

\- Abbi qualcosa da offrire: se vuoi una persona sviluppata in un certo modo emotivamente e socialmente, anche tu dovrai esserlo, perchè presumibilmente anche l'altra parte sarà alla ricerca delle stesse cose.

\- Abbi pazienza: un rapporto richiede tempo e tentativi per essere costruito e per capire dove e in che modo le due parti possono raggiungere i compromessi fisiologici che una relazione richiede. 

Trovare la persona con cui sei ""in sintonia fin da subito"" è un miraggio. Succede, certo, ma per forza di cose succede ad un livello superficiale. Siamo (si spera) persone complesse e richiediamo tempo per essere conosciute appieno. Magari conosci un tipo che ascolta la tua stessa musica, ama i tuoi stessi romanzi, avete gli stessi interessi ecc. ma è terribile nel comunicare le proprie emozioni, e questo è qualcosa che si capisce solo dopo un po' di tempo.

Quindi sì, l'amore vero esiste, ma non è ""il colpo di fulmine"" che forse vorresti che fosse, ma qualcosa di ben più complicato impegnativo.",Redegar,2022-12-22T12:01:10,20,Italia,https://reddit.com/r/Italia/comments/zsj6og/non_credo_più_nellamore_vero/j18a97u/
zshvii,,j1847y0,"Secondo me è più che altro la scarsa educazione e attitudine al sesso

Il risultato è che molti finiscono per credere che quello che accade nei film porno sia io modo giusto.


E non lo è per niente",Hell_is_now79,2022-12-22T10:45:12,4,Italia,https://reddit.com/r/Italia/comments/zshvii/la_dipendenza_da_pornografia_é_una_cosa_reale/j1847y0/
zsiinq,,j183in7,"Io che non capisco un cazzo ed ho vissuto la transazione dal non avere un cellulare all'essere le cosa cosa più indispensabile dell'umanità ho notato:

\- enormi problemi di socializzazione e insicurezza.  
\- problemi a distinguere la realtà dai social soprattutto per i giovani.  
\- influenzano opinioni in maniera preoccupante (politica, sanità, moda).  
\- pochissimi in auto riescono a guardare davanti piuttosto che il telefono (morti e incidenti).  
\- dipendenza simile alla coca devo ammettere (telefoni a tavola nei ristoranti).

Inoltre vedere tutta quella gente camminare o seduta a tavola sempre china a guardare il telefono mi riempe di tristezza, qualche anno fa non si sarebbe visto neanche in un film sci-fi.",4Nwb1,2022-12-22T10:35:32,23,Italia,https://reddit.com/r/Italia/comments/zsiinq/smartphone_come_la_cocaina_sul_serio/j183in7/
zrjrkj,,j17vm4q,"A rivedere adesso da adulto i comportamenti, le scenate e il clima delle superiori, mi sembra di parlare di un film.

Professori frustrati, edifici degradati, ragazzi che vivono in classe in continua ansia e tensione da guerra, punizioni a caso, voti premade a seconda della simpatia. Robaccia.

E tutto questo non è iniziato certo alle superiori ma si trascina dall'asilo.

Motivi per cui finché riesco a permettermelo economicamente i miei figli continueranno ad andare in scuole private.",Dangerous-Education3,2022-12-22T08:44:07,1,Italia,https://reddit.com/r/Italia/comments/zrjrkj/onestamente_cosa_ne_pensate_della_scuola_italiana/j17vm4q/
zrfaqi,,j16o2v6,"Anche io guardo un film, oppure ora che vivo da sola a volte esco da sola, magari colazione o pranzo, per festeggiare boh un esame o un qualcosa",annamadeddu,2022-12-22T01:34:35,1,Italia,https://reddit.com/r/Italia/comments/zrfaqi/cosa_fate_di_speciale_durante_il_vostro_compleanno/j16o2v6/
zrfaqi,,j16flti,"Auguroni!!!!!! 🎉🎉🎉🎉🎉

Dai 15 ai 17 ho avuto un rito, del quale mi manca la sensazione che provavo. Il pomeriggio dopo scuola andavo a casa di mio padre senza che lui ci fosse (lavoro) e mi ubriacavo il giusto (qualche birra, niente di che) e stavo da dio da solo, nonostante i miei non è che mi mettessero tutte ste restrizioni, mi sentivo libero come non mai. Poi quando mio padre stava per tornare, la sbornia mi era passata e io mi ri avviavo verso casa.

Per il resto da piccolo ero un po' sfigato specie alcuni anni, quindi nonostante mi sarebbe piaciuto fare una festa con un po' di compagni di scuola, non sempre succedeva e un paio di volte mi è capitato di vivere quelle scene da film tristissime in cui alla cena di compleanno si presentavano in 2 (meglio di 0 mi dirai).

Dai 18 ai 25 ho festeggiato con amici, festini vari da sfasciati pazzi, non che me ne sia mai fregato più di tanto ma era abbastanza divertente.

Dai 25 in poi (30) la mia vita è cambiata in meglio e in peggio a seconda dei punti di vista, meno spensieratezza più responsabilità, blablabla non mi perderò in dettagli, ma avendo perso la maggior parte dei rapporti con quelle amicizie che nel tempo si fermano e non hanno più senso, essendomi trasferito e passando la maggior parte del tempo lontano dalla mia città natale, non ho più fatto feste. 

Il tempo che passa è veramente na merda, però mi sento più giovane ora rispetto a quando avevo 25 anni, quindi boh, tieniti strette le persone a cui vuoi bene e prenditi cura di te, il resto non conta assolutamente un cazzo di niente.",justAlex9_,2022-12-22T00:28:40,1,Italia,https://reddit.com/r/Italia/comments/zrfaqi/cosa_fate_di_speciale_durante_il_vostro_compleanno/j16flti/
zkzylv,,j165194,È un film non un videogioco. Comunque sono su reddit dalla scrausa versione browser del cellulare e quindi non posso vedere le tue info di profilo )-: darò un'occhiata da pc,martifero,2022-12-21T23:09:42,1,Italia,https://reddit.com/r/Italia/comments/zkzylv/nessuna_polemica_solo_curiosità_perché_i_post_con/j165194/
zr2t9v,,j14y1pl,"Sono vecchio dentro , forse anche fuori per me personalmente il must che non è mai morto è WoW , mi piace proprio perdermi nei meandri del nulla e non fare un bene amato cazzo di niente , magari mi metto a pescare e mi vedo un film su Netflix , ma niente quel gioco anche se un ora mi riesce a rilassare in maniera malata",[deleted],2022-12-21T18:22:55,1,Italia,https://reddit.com/r/Italia/comments/zr2t9v/il_vostro_videogame_preferito_e_perché/j14y1pl/
zp9bib,,j14bpk8,"Arrivo molto in ritardo, intendo dire che la trama è molto banale, ci sono punti del film in cui viene ricordato l'importanza della famiglia e altre cose buoniste, eserciti sbaragliati da una persona e tanti altri clichè visti e rivisti, se ci pensi sono le stesse dinamiche di un fast and furious o di un film Disney.

Con questo non intendo dire che è un brutto film, anzi è un film godibilissimo e scorre abbastanza bene, però ecco si poteva fare sicuramente meglio a livello di scrittura.",Both-Lime3749,2022-12-21T15:59:58,2,Italia,https://reddit.com/r/Italia/comments/zp9bib/sono_andato_a_vedere_avatar_2/j14bpk8/
zr0yex,,j13ljt1,"Non è un film ma su Prime puoi goderti 2 documentari da 2 ore ciascuno di quel *pazzo furioso* di Zizek che ti racconta il cinema a modo suo ""Guida perversa al cinema"" e ""Guida perversa all'ideologia"". Meritano.",catshatebeeinkissed,2022-12-21T12:39:23,2,Italia,https://reddit.com/r/Italia/comments/zr0yex/consigliatemi_un_film_da_4_ore/j13ljt1/
zrfaqi,,j13lcg0,"Auguri caro! A me le date ""importanti"" fanno venire ansia, visto tutto quello che solitamente ci gravita attorno.

Quindi da tutta la vita me ne frego alla grande, e quando casualmente mi trovo in un giorno particolarmente solare, positivo, ecc., allora in QUEL giorno me ne esco con ""un buon non-compleanno a me!"", e ne approfitto per mangiare fuori, o godermi ancor di più il film, o la passeggiata, o quel che sto facendo in quel momento 😎

Magari compro un carré di paste per gli amici, o da portare al lavoro, ed è subito festa non preparata. Il top.

E godo come una scimmia del fatto che anche la mia anima gemella sia esattamente come me ♥️",ishmadrad,2022-12-21T12:37:21,2,Italia,https://reddit.com/r/Italia/comments/zrfaqi/cosa_fate_di_speciale_durante_il_vostro_compleanno/j13lcg0/
zrfaqi,,j138o1v,"Da quando lavoro e ho un po' di soldi, il giorno stesso ovviamente si passa in famiglia e niente di strano, cena al ristorantino. Con il gruppo di amici stretto invece abbiamo la ""tradizione"" che il primo giorno di weekend disponibile si fa da mattina a sera fuori e ovunque vogliono loro andare a fare colazione/pranzo/aperitivo/cena bisogna andare e il festeggiato offre tutto. Ovviamente con un minimo di decenza senza fargli spendere 1000 euro. È abbastanza costoso, però da quando lo facciamo (5 annetti) ogni compleanno diventa davvero una giornata memorabile e ci siamo girati anche quasi tutti i ristoranti/locali della città.

Nelle rare occasioni in cui non si può per qualsiasi motivo (tipo COVID) niente, mi guardo un film in divano, faccio qualcosa che mi piace, magari mi concedo di ingozzarmi come un maiale o di bere qualcosa anche se sono da solo (mi piace l'alcol però bevo esclusivamente in compagnia, solitamente)",zJakub7,2022-12-21T10:00:21,7,Italia,https://reddit.com/r/Italia/comments/zrfaqi/cosa_fate_di_speciale_durante_il_vostro_compleanno/j138o1v/
zr0yex,,j138gez,"""Esterno Notte"" è da poco su Netflix e sarebbe un film di 5 ore tagliato a mo' di miniserie da 6 episodi.",kapamoraski,2022-12-21T09:57:15,2,Italia,https://reddit.com/r/Italia/comments/zr0yex/consigliatemi_un_film_da_4_ore/j138gez/
zrfaqi,,j1381s3,"Innanzitutto Auguri bro. Siamo sulla stessa barca infetta , anche io ho i tuoi stessi sintomi, ho fatto il test e sono risultato positivo, FML.

No non ho nessun rito ne ci penso più di tanto, tratto il mio compleanno come un giorno qualsiasi, quando ero piccolo era una festa, poi più passa il tempo meno felice sei di ricordare quanti anni hai.
Posso consigliarti di farti un regalo e cioè di passare una bella giornata, tipo una cena al ristorante o un concerto o un film al cinema. (Quando ci sono le condizioni per uscire) . Di nuovo auguri man. Stammi bene.",AccaEmme,2022-12-21T09:51:29,4,Italia,https://reddit.com/r/Italia/comments/zrfaqi/cosa_fate_di_speciale_durante_il_vostro_compleanno/j1381s3/
zqowax,,j1361g1,"Io ho 35 anni e secondo me il problema, in parte, è dovuto e causato dall'utilizzo (e all'esistenza in generale) dei social media.
Il problema è che le generazioni di oggi, a differenza di quelle precedenti, inclusa la mia, nasce con il cellulare in mano.

Internet e i cellulari hanno cambiato profondamente le nostre società e sebbene ci siano tanti risvolti positivi, credo che nello specifico l'evoluzione dei social media abbia causato anche tanti problemi.
Intanto FB ed Instagram spronano gli utenti a condividere contenuti di un certo tipo che hanno una grande influenza sulle altre persone, soprattutto le più giovani che hanno ancora poca esperienza di vita. Si genera un mondo parallelo virtuale in cui sono esaltate qualità piuttosto effimere (bellezza, ricchezza e via dicendo).

Anche dal punto di vista del dating c'è stata una rivoluzione. Io non ho mai usato tinder o simili per rimorchiare, e adesso sono fuori dal giro da parecchio tempo siccome ho una relazione stabile, ma quando ero più giovane l'unica era ""provarci"" dal vivo. Oggi credo che sia più frequentemente invece l'approccio tramite app. E forse questa cosa è un po' triste.

Ho due nipoti adolescenti e vedo che sono abbastanza imbrigliati da questa rete di social e misurano le qualità dei loro coetanei anche in base ai contenuti presenti sui social.

Se la TV è riuscita ad influenzare le precedenti generazioni (pubblicità, film, serie), sicuramente internet e i social stanno forgiando le nuove generazioni.

Se a questo si aggiunge anche un senso di perdita dei valori sociali e civici dovuto al funzionamento del sistema attuale sociale politico ed economico (ovvero credo che oggi ci sia meno senso di appartenere alla società e di contribuire al suo funzionamento), allora credo che ci siano tutti gli elementi per facilitare l'individualismo verso tutte le fasce di età.

Cioè oggi ognuno si preoccupa più del suo orticello che delle sfide comunitarie. Inoltre gli esempi a cui ci si può rivolgere per capire come barcamenarsi nella vita sono quelli forniti dai social (modelli/e, persone di successo con molti soldi, politici eccetera).

Viviamo in una società esasperata dall'individualismo e questo purtroppo credo che sia molto pesante soprattutto fra i più giovani.",Ozimandyas87,2022-12-21T09:22:41,1,Italia,https://reddit.com/r/Italia/comments/zqowax/italia_e_realtà_giovanile/j1361g1/
zrfaqi,,j1360sb,"Auguri amico mio! Solitamente cerco di condividerlo con le (pochissime) persone che mi vogliono bene. Nel tuo caso, visto che non puoi uscire, magari potresti guardarti qualche bel film (ti consiglio ""Pinocchio"" di del Toro, fresco fresco) oppure fare qualsiasi altra cosa per star bene. Non sentirti in dovere di fare forzatamente qualcosa di straordinario, fai quel che ti pare, è il tuo giorno!",Pleasant-List1730,2022-12-21T09:22:26,23,Italia,https://reddit.com/r/Italia/comments/zrfaqi/cosa_fate_di_speciale_durante_il_vostro_compleanno/j1360sb/
zrbfcb,,j134np9,"perche' e' stata la boldrini.  
E sicuro l'italiano era stupendo, ricordiamoci i film dei vanzina e gli altri capolavori.",cippo1987,2022-12-21T09:03:16,1,Italia,https://reddit.com/r/Italia/comments/zrbfcb/salve_ho_un_dubbio/j134np9/
zpwgxa,,j12w2o1,Dipende dal film e dal regista se è molto dialogato gli occhi si stancano a fare ping pong e si concentrano sin una cosa sola,ParloPoco,2022-12-21T07:09:19,1,Italia,https://reddit.com/r/Italia/comments/zpwgxa/qual_è_la_vostra_opinione_unpopular_con_cui_di/j12w2o1/
zr0yex,,j12tx42,"Beh, su prime dovrebbero esserci tutti i film del Signore degli Anelli, quindi di ore da passare davanti allo schermo, ne avresti abbastanza.",itamau87,2022-12-21T06:43:09,1,Italia,https://reddit.com/r/Italia/comments/zr0yex/consigliatemi_un_film_da_4_ore/j12tx42/
zpwgxa,,j12sven,Quindi pensa quante volte i film ti han fatto cagare perché il doppiaggio in italiano fa schifo.,ACABandsoldierstoo,2022-12-21T06:30:45,1,Italia,https://reddit.com/r/Italia/comments/zpwgxa/qual_è_la_vostra_opinione_unpopular_con_cui_di/j12sven/
zqybp7,,j11i185,"Forse il pozzo dove Leonida spinge (a calci) gli emissari di Serse nel film 300?

Magari un po' di contesto aiuterebbe...",boosnie,2022-12-20T23:53:37,1,Italia,https://reddit.com/r/Italia/comments/zqybp7/cosè_il_cerchio_di_300/j11i185/
zr0yex,,j11alxx,"Attenzione, nel film di Bergman c'è una scena di fustigazione di un bambino piuttosto cruda. Se sei impressionabile, forse non è consigliato.",Melopsittaco,2022-12-20T23:00:36,1,Italia,https://reddit.com/r/Italia/comments/zr0yex/consigliatemi_un_film_da_4_ore/j11alxx/
zqtv9o,,j116evp,"Moltissimi film hanno usato quel coup de théâtre, da Sunset Boulevard a American Beauty tra i classici insieme al più inquietante di tutti, Carnival of Soul",RedBalaklava,2022-12-20T22:31:16,2,Italia,https://reddit.com/r/Italia/comments/zqtv9o/los_otros_2001_la_magione_infestata_dagli_spettri/j116evp/
zr0yex,,j115x7v,Io sono Nessuno o la serie di film di John Wick,Confident_Reader,2022-12-20T22:27:53,2,Italia,https://reddit.com/r/Italia/comments/zr0yex/consigliatemi_un_film_da_4_ore/j115x7v/
zqh80a,,j10wuin,"Non riesco a trovare il film, mi piacerebbe parecchio vederlo",Electrical_Coffee504,2022-12-20T21:26:30,1,Italia,https://reddit.com/r/Italia/comments/zqh80a/qualcuno_di_voi_ha_mai_chiamato_il_numero_verde/j10wuin/
zqx3po,,j10uni0,Vogliamo ricordare il film ?,[deleted],2022-12-20T21:12:10,1,Italia,https://reddit.com/r/Italia/comments/zqx3po/cosa_ne_pensate_degli_883max_pezzali/j10uni0/
zqtv9o,,j10tyld,"Insomma non è uno spunto poi così originale come alcuni hanno creduto guardando nel 2001 *The others*, è solo sfruttato con più maestria.

Sempre Giuseppe Tornatore ha riutilizzato un meccanismo vagamente simile in *La corrispondenza*, per quanto lì l'enigma viene svelato quasi subito, e infatti il film perde molto interesse dopo.",Melopsittaco,2022-12-20T21:07:41,2,Italia,https://reddit.com/r/Italia/comments/zqtv9o/los_otros_2001_la_magione_infestata_dagli_spettri/j10tyld/
zqx3po,,j10tqca,"Il primo concerto a cui sono andato era degli 883, avevo 3 anni e urlavo a squarcia gola tutte le canzoni a memoria. Avevo le videocassette dei film e dei concerti e una volta ho pure scritto una lettera a Max. La qualità secondo me è calata dall'album grazie mille, poi è letteralmente crollata dopo.
Però li ascolto ancora e sono ancora il mio gruppo (se così si può chiamare) preferito.
Che lo si voglia o no, sono una parte importante della storia della musica italiana in pochi hanno avuto il loro successo mi sa..

Ps: Cisco era uno stronzo perché se le cose andavano male ""voi non capite un cazzo"", mentre se andavano bene ""abbiam capito tutto"" ahahaha",green_rajon,2022-12-20T21:06:12,1,Italia,https://reddit.com/r/Italia/comments/zqx3po/cosa_ne_pensate_degli_883max_pezzali/j10tqca/
zqtv9o,,j10lscs,Stesso colpo di scena è presente nel film >!Una pura formalità di Tornatore!<,mdsjack,2022-12-20T20:14:56,1,Italia,https://reddit.com/r/Italia/comments/zqtv9o/los_otros_2001_la_magione_infestata_dagli_spettri/j10lscs/
zqtv9o,,j106f0x,"Leggo che due film degli anni Sessanta sfruttano una trovata simile, *Suspense* di Jack Clayton del 1961 (*The innocents*) e *Gli invasati* di Robert Wise del 1963 (*The haunting*). Non avendoli visti però non posso dire se il colpo di scena finale sia presente anche in quei due film. Mi riprometto di vederli. 

Invece quasi lo stesso meccanismo è presente in un film italiano poco noto, *L'invenzione di Morel* del 1974, di Emidio Greco: un primo colpo di scena in quel caso avviene a circa metà film, poi c'è il secondo, quasi identico a quello di *The others*, alla fine del film, che però è in parte prevedibile. Gli sceneggiatori non sono stati altrettanto bravi a sfruttare l'effetto sorpresa, e anche lo sviluppo del film non ha mordente, peccato.",Melopsittaco,2022-12-20T18:36:30,3,Italia,https://reddit.com/r/Italia/comments/zqtv9o/los_otros_2001_la_magione_infestata_dagli_spettri/j106f0x/
zpwgxa,,j0zx3fz,"Guardare i film o serie in lingua originale molto spesso non viene fatto per imparare una lingua ma per avere un esperienza integrale del film. 
Veramente non capisco queste opinioni, se guardo un film in lingua originale è perchè preferisco la presa diretta.
Sembra che in Italia se scegli un'alternativa al doppiaggio diventi automaticamente uno snob hipster",matacid,2022-12-20T17:37:17,1,Italia,https://reddit.com/r/Italia/comments/zpwgxa/qual_è_la_vostra_opinione_unpopular_con_cui_di/j0zx3fz/
zqtv9o,,j0zwc1n,"Film Spettacolare, meglio senza aver visto il ""sesto senso""",Ok-Aardvark-9029,2022-12-20T17:32:27,3,Italia,https://reddit.com/r/Italia/comments/zqtv9o/los_otros_2001_la_magione_infestata_dagli_spettri/j0zwc1n/
zqkn53,,j0zvnkz,"Forse sono solo io, ma a causa di questo costrutto io trovo estremamente più toccante un uomo che piange. Anche nei film, per dire. Al contrario una donna che piange mi lascia quasi “indifferente”.",Frank_Cy,2022-12-20T17:28:09,2,Italia,https://reddit.com/r/Italia/comments/zqkn53/qual_è_una_cosa_che_vi_infastidisce_molto_in_una/j0zvnkz/
zpwgxa,,j0zhtvl,"Idem, questo non solo mi fa disprezzare gli anime, ma anche tutto quell'intrattenimento che si basa sul grottesco, sull'esasperazione di un concetto, che siano videogiochi o film.

Coi libri è più raro, ma ce ne sono di simili.",No_Trash4737,2022-12-20T15:58:13,2,Italia,https://reddit.com/r/Italia/comments/zpwgxa/qual_è_la_vostra_opinione_unpopular_con_cui_di/j0zhtvl/
zpwgxa,,j0zhgqw,"Idem, ascolterò meno di un paio d'ore di musica all'anno, in macchina ho le tracce audio di film che ho già visto o di video di youtube argomentativi che devo ancora vedere.",No_Trash4737,2022-12-20T15:55:45,1,Italia,https://reddit.com/r/Italia/comments/zpwgxa/qual_è_la_vostra_opinione_unpopular_con_cui_di/j0zhgqw/
zpwgxa,,j0z34rz,"C'è la possibilità che tu non abbia mai visto un film o una serie belli abbastanza da giustificare con te stesso il tempo passato a vederli.
Come per qualsiasi altro media, il potenziale comunicativo del mezzo è illimitato.
Dipende tutto da quanto bene viene sfruttato.",taglia24,2022-12-20T14:11:49,1,Italia,https://reddit.com/r/Italia/comments/zpwgxa/qual_è_la_vostra_opinione_unpopular_con_cui_di/j0z34rz/
zpwgxa,,j0z1w8j,"Purtroppo non so di che film parli quindi non ho un metro di giudizio, ma io personalmente ho visto diverse pellicole in entrambe le lingue e devo dire che la maggior parte delle volte ho preferito la versione italiana (per dirtene qualcuna recente il trono di spade dove comunque gli attori erano molto bravi o i sequel di star wars dove in italiano Rey non mi sembrava così male come dicevano tutti ma invece in inglese il personaggio mi stava sul cazzo)",anonimoshadow,2022-12-20T14:01:43,1,Italia,https://reddit.com/r/Italia/comments/zpwgxa/qual_è_la_vostra_opinione_unpopular_con_cui_di/j0z1w8j/
zpwgxa,,j0z0w35,"Ti faccio un esempio, giusto ieri ho guardato Ford vs Ferrari (sì questo è il nome originale, un’altra cagata che facciamo quasi sempre è quella di cambiare i nomi dei film) in lingua italiana sulla Rai con i miei genitori dopo averlo già visto in inglese un po’ di tempo fa. 

Inutile dire che mi ha fatto schifo in Italiano, mi sono letteralmente addormentato nel mezzo nonostante io ami questo film.
Piccoli dettagli come il fatto che Ken Miles (Christian Bale) è un Inglese in America, eppure è doppiato con un accento uguale a quelli di tutti altri. Il suo carattere arrogante e strafottente è andato a diventare insipido, senza personalità oltre a quella di un isterico senza cervello.

E qua stiamo parlando di un filmone, hanno usato dei signoroni come doppiatori ma il doppiaggio rimane mediocre e  inascoltabile.
Poi vabbè, posso capire che qua molte persone non parlano l’inglese e quindi non hanno un reale metro di giudizio non avendo mai visto film in lingua originale, tuttavia da qua a dire che il doppiaggio non rovina il 90% dei film ce ne vuole.",The-Elder-King,2022-12-20T13:53:18,2,Italia,https://reddit.com/r/Italia/comments/zpwgxa/qual_è_la_vostra_opinione_unpopular_con_cui_di/j0z0w35/
zqkn53,,j0yze5o,"Non prendetemi per misogino  ma negli ultimi anni vedo un botto di comportamenti fatte da donne che non sopporto, e sta situazione sta talmente sfuggendo di mano che ormai non ho più amiche donne. Allora..
1) le donne che non guidano PERCHÉ HANNO PAURA, conosco e ho avuto amiche ,donne che hanno patente e macchina e non fanno 0,5 metri da sole in auto, ho avuto un'amica che per anni la dovevo andare a prendere e riaccompagnare a spese mie perché col cazzo che gli si muove il culo per guidare anzi addirittura dice che ora non sa più guidare.. Ma what... , poi ci sono tante donne che hanno paura di uscire fuori la città con la macchina.. Perché fanno il ragionamento 'sono donna' allora.. Volete pari diritti.. Volete tutto uguale.. Ma vi scoccia usare un mezzo corazzato a 4 ruote super tecnologico per fare dei km.. Ok, c'è gente come me che nom ha l'auto e usa la moto pure quando ci sono le tempeste.. Ma ok 
2) femministe a convenienza : ormai  quasi tutte le donne se gli chiedi di cucinare , di fare cose in casa si lamentano che non le vogliono fare, perché le devono fare l'uomo, risultato? Non fanno niente, scrollano i social dalla mattina alla sera e se gli chiedi di fare qualcosa fanno il minimo indispensabile per dire che l'hanno fatta, e io da uomo (gay tra l'altro quindi queste cose mi so successe in amicizie figurati in relazione)  mi ritrovo a dover fare tutto ciò che loro non hanno voglia di fare con la scusa del eh ma io sono donna
3) sbalzi di umore di temperatura di status sociale, cioé praticamente al 99% delle volte mi ritrovo in situazioni in cui organizzi una cosa e poi all'ultimo ti danno buca, cambiano idea gusto olfatto o etc 
4) i social network, sono ossessionate dai social network peggio che gli uomini ,   cosa che da fastidio perché quando si fa qualcosa di gruppo .. Vedere uj film ... Uscire o etc.. Stanno sempre al telefonino, certo pure i maschi stanno al telefonino ma forse mai quanto le femmine? Qualcuno mi potrebbe smentire? 
5) livello di attenzione più basso rispetto ai maschi?  Facciamo qualcosa e dopo 5 minuti quella cosa già passa di moda e dobbiamo cambiare location , ristorante etc perché va di moda..  Di solito per esempio vado sempre a un sushi molto buono.. Ma siccome quello nuovo è più chic ma il cibo è di qualità minore ( e va di moda) ci dobbiamo andare (lol)
Tutte queste cose mi sono successe anche con i maschi per carità ma le donne riscontro lo stesso modo di fare.. Almeno la nuova generazione ho notato questa cosa....",bottomguy19it,2022-12-20T13:40:31,6,Italia,https://reddit.com/r/Italia/comments/zqkn53/qual_è_una_cosa_che_vi_infastidisce_molto_in_una/j0yze5o/
zqjdtm,,j0ywxst,">è lo stato cattivo contro l'imprenditore vittima. Ed è una boiata.

fosse una boiatasarebbe bello ma purtroppo e cosi, non e una finta, ne un film di fantascienza e la realta 

e visto che mi hai risposto ti presto 10 downvote cosi puoi esprimere il tuo dissenso.",Matinloc,2022-12-20T13:18:49,1,Italia,https://reddit.com/r/Italia/comments/zqjdtm/evasione_fiscale_i_metodi_di_contrasto_con_i/j0ywxst/
zqh80a,,j0ywqvo,"La tua citazione è di un'altro film però mi ha fatto venire in mente ""Quitters Inc."" primo episodio nell'antologia ""Cat's Eye"" tratto dalle storie brevi di Stephen King. Se non l'avete visto ve lo consiglio, in italiano si chiama ""L'occhio del gatto"" e si trova in streaming. Un vecchio film diviso in 4 parti. 

La prima racconta la storia di un tizio che vuole smettere di fumare e si rivolge appunto a Quitters Inc. un agenzia che usa metodi decisamente forti per farti smettere di fumare. Non spoilero oltre

Sicuro partorito da King nei suoi anni di fattonaggine estrema, a me fa pisciare. Meritano anche le altre parti del film.",alexkuranes,2022-12-20T13:17:02,2,Italia,https://reddit.com/r/Italia/comments/zqh80a/qualcuno_di_voi_ha_mai_chiamato_il_numero_verde/j0ywqvo/
zpwgxa,,j0ywmvu,"Ovviamente il tuo caso è particolare perché non vivi in Italia, ma le altre persone sembra che ragionino per pregiudizi (ironicamente non usando la razionalità) e per loro religione = fanatismo dei film americani",anonimoshadow,2022-12-20T13:15:59,1,Italia,https://reddit.com/r/Italia/comments/zpwgxa/qual_è_la_vostra_opinione_unpopular_con_cui_di/j0ywmvu/
zpwgxa,,j0ytpii,"Il bambino col pigiama a righe andrebbe rimosso dal genere di film sull'olocausto e messo come fantasy, è pieno di cazzate che fossero solo storicamente inaccurate ancora ancora ma farmi vedere che i bambini ebrei nei campi erano lasciati in vita e liberi di minchionare in giro e addirittura intorno alla recinzione è diseducativo e prende per il culo le vittime",Visani_true_beliver,2022-12-20T12:47:29,2,Italia,https://reddit.com/r/Italia/comments/zpwgxa/qual_è_la_vostra_opinione_unpopular_con_cui_di/j0ytpii/
zpwgxa,,j0yrg71,"Terence Hill fa cagare come attore:

Sa fare solo 2 espressioni facciali e l'unico cambiamento tra le due è l’angolazione della bocca, in qualsiasi film o episodio lo guardi ha sempre lo stesso sguardo vacuo e il tono monotono, non importa che stia cagando, facendo una predica, minacciando qualcuno o abbia appena trovato un cadavere",Visani_true_beliver,2022-12-20T12:23:38,1,Italia,https://reddit.com/r/Italia/comments/zpwgxa/qual_è_la_vostra_opinione_unpopular_con_cui_di/j0yrg71/
zpwgxa,,j0yoph8,Era solo una domanda-citazione del film,Seigmas,2022-12-20T11:52:17,2,Italia,https://reddit.com/r/Italia/comments/zpwgxa/qual_è_la_vostra_opinione_unpopular_con_cui_di/j0yoph8/
zpwgxa,,j0yol2m,"Ma in Avatar 1 almeno mi sembra non ci fossero dei buchi di trama, difatti io mi sto lamentendo di quelli per quanto riguarda il sequel. Di per sé mi va bene che film del genere abbiano una trama semplice, però devono essere almeno coerenti maledizione",21Justanotherguy,2022-12-20T11:50:52,2,Italia,https://reddit.com/r/Italia/comments/zpwgxa/qual_è_la_vostra_opinione_unpopular_con_cui_di/j0yol2m/
zpwgxa,,j0yo4xv,I primi due sequel di Matrix (Reloaded e Revolutions) sono all'altezza del primo film.,Shadow_86,2022-12-20T11:45:36,2,Italia,https://reddit.com/r/Italia/comments/zpwgxa/qual_è_la_vostra_opinione_unpopular_con_cui_di/j0yo4xv/
zqh80a,,j0ynxis,C’è anche il film!,MarcoPolio-,2022-12-20T11:43:05,4,Italia,https://reddit.com/r/Italia/comments/zqh80a/qualcuno_di_voi_ha_mai_chiamato_il_numero_verde/j0ynxis/
zpwgxa,,j0ynrn8,"Nel film dici? Beh la stessa che c'era anche nella Roma imperiale. Dovevi svolgere il servizio militare per avere accesso al cursus honorum, cioè il potere rivestire cariche pubbliche, compreso l'accesso al senato e quindi al voto.
Gli antichi, che non pisciavano dal ginocchio, avevano capito benissimo che dare determinati poteri al ""popolo"" è una cagata. Lo avessimo capito anche noi, certi parvenu della politica, tipo sardine e cinquestelle non sarebbero mai esistiti.",Silver_Wish_8515,2022-12-20T11:41:06,2,Italia,https://reddit.com/r/Italia/comments/zpwgxa/qual_è_la_vostra_opinione_unpopular_con_cui_di/j0ynrn8/
zpwgxa,,j0ymt1u,"Opinione incredibilmente valida che ha acquisito molta popolarità, ma rimane frequentemente impopolare tra coloro che esaltano film e serie tv (anche se più che per bambini ho spesso sentito dire che sono per ragazzini). Alcune persone considerano l'animazione inferiore alla recitazione, altri si sentono più coinvolti se il medium è più realistico, altri ancora non apprezzano lo scenario proposto dagli anime mainstream e preferiscono opere più apertamente psicologiche. La realtà è che moltissimi anime hanno temi e messaggi profondi e personaggi curati quanto in diversi film o serie tv di successo.

Tokyo Ghoul menzionato sotto è un esempio splendido (lievi spoiler per la trama): >!un ragazzo nella media diventa protagonista in una guerra sanguinosa tra due mondi animata dal reciproco odio o dalla paura, e di un conflitto interiore lacerante per l'appartenenza ad entrambi i mondi. Fino alla fine non è chiaro quale lato prevarrà e come questo avrà impatto sui personaggi e sullo stesso Kaneki. Aggiungiamo a questo la consapevolezza che in questa guerra non esiste un 'lato giusto', che però appare evidente solo a pochissimi personaggi, e abbiamo la ricetta per un colossal analogo ad un soldato che cerca di fermare da solo una guerra civile in cui entrambi i lati lo spingono ad agire contro il rispettivo nemico!<.

Al giorno d'oggi se qualcosa esiste, ne hanno quasi certamente fatto un anime (R34 1/2? ). Certo che se dopo aver visto una puntata filler di Naruto con tanto di sexy no jutsu si pensa di aver capito gli anime, la critica viene normale. Se invece avessero visto il rapporto tra Naruto e Iruka e come Naruto invece era trattato dal resto del villaggio e perché, l'opinione potrebbe cambiare.

> E in ogni caso, se pure la gente lo pensa, lasciatemi comunque guardare i miei “cazzo di cartoni cinesi demenziali”, che non ti ho mai obbligato a guardarli 

Magari te lo dicono mentre fumano una sigaretta e fanno passare te come quello che si sta facendo del male e sta danneggiando gli altri isolandosi e non passando il tempo con loro.",TheSeyrian,2022-12-20T11:29:05,2,Italia,https://reddit.com/r/Italia/comments/zpwgxa/qual_è_la_vostra_opinione_unpopular_con_cui_di/j0ymt1u/
zpwgxa,,j0yl47b,"Ma guarda casomai è il contrario, per me la gente si può guardare pure Peppa Pig, però non voglio essere convinta a tutti i costi che se non lo guardo allora mi sto perdendo l'epoca del secolo. Forse sono gli altri a dover accettare i gusti altrui e a non offendersi se sentono dire ""no, al cinema non vengo perché sto film non mi piace"" anziché insistere",AlienGirl129,2022-12-20T11:07:15,3,Italia,https://reddit.com/r/Italia/comments/zpwgxa/qual_è_la_vostra_opinione_unpopular_con_cui_di/j0yl47b/
zpwgxa,,j0yjxo3,Uno che guarda un film doppiato non potrà mai dare un giudizio concreto sulla recitazione.,dr_butz,2022-12-20T10:51:44,4,Italia,https://reddit.com/r/Italia/comments/zpwgxa/qual_è_la_vostra_opinione_unpopular_con_cui_di/j0yjxo3/
zpwgxa,,j0yj1my,"Se guardi i film in lingua originale, ma poi metti il subITA, non stai imparando una lingua, te la stai solo tirando.

E infatti chi fa così parla male quasi tutte le lingue.",Guidozanna,2022-12-20T10:39:47,3,Italia,https://reddit.com/r/Italia/comments/zpwgxa/qual_è_la_vostra_opinione_unpopular_con_cui_di/j0yj1my/
zpwgxa,,j0yi5za,"idem per me. non mi interessano molto i film in generale, solo se devo vederli in compagnia. ogni volta che incontro gente nuova sempre la solita storia, fanno citazioni di film che non conosco e deridono il fatto che io non li conosca. io non ho mai imposto a nessuno le mie passioni, anzi me le tengo per me, quindi non capisco perché il 90% delle persone dia così tanta importanza a film e serie TV, che se non hai mai guardato  ti considerano e ti fanno sentire totalmente impopolare e ""sfigato""",Dary47,2022-12-20T10:27:17,1,Italia,https://reddit.com/r/Italia/comments/zpwgxa/qual_è_la_vostra_opinione_unpopular_con_cui_di/j0yi5za/
zpwgxa,,j0yghx3,"Tutta questione di gusti. Perché film, fumetti, serie TV, ma anche libri, opere teatrali ecc ci appassionano? Perché ci lasciano qualcosa dentro di cui non riusciamo a farne a meno e dal mio punto di vista, anche il calcio fa questo ;Ti fa appassionare ad una maglia, ti fa voglia di vedere quei colori sventolare più in alto rispetto agli altri, allo stadio gioisci ed esulti insieme a persone che non conosci , ma che sono accumunate dalla tua stessa passione ecc. E lo stesso vale per tutti gli altri sport, sia chiaro.",Fujimi_Kaisen,2022-12-20T10:03:12,2,Italia,https://reddit.com/r/Italia/comments/zpwgxa/qual_è_la_vostra_opinione_unpopular_con_cui_di/j0yghx3/
zpwgxa,,j0yf71e,"Sui film posso concordare, ma sui fumetti mi dispiace ma mi sembra una cazzata. Un bel fumetto sui questi personaggi ti può benissimo restare nel cuore (con storie molte volte complesse e che trattano temi molto maturi) più di qualsiasi altro librone che si prende sul serio. E soprattutto, leggendo anche un altro commento, finiamola di giudicare le persone per quello che fanno, etichettando e denigrando passioni altrui, abbassandole a meri hobby infantili su cui ridere a crepapelle. Non è che diventando persone adulte si debba solo parlare di soldi, pagamenti e politica. Probabilmente giudicando e ponendovi su un piano superiore con questi commenti, dovreste farvi un esame di coscienza e capire che cosa non funziona in voi",Fujimi_Kaisen,2022-12-20T09:44:16,1,Italia,https://reddit.com/r/Italia/comments/zpwgxa/qual_è_la_vostra_opinione_unpopular_con_cui_di/j0yf71e/
zpwgxa,,j0ycnf7,"• Interstellar è un film mediocre privo di qualsivoglia tensione o caratterizzazione dei personaggi spacciato per alta fantascienza quando è solo l'ennesimo blockbusterone. Si salvano giusto gli effetti speciali
Stesso discorso per Avatar

• Only God Forgives è uno dei migliori film degli ultimi 30 anni e nessuno lo sa

• Mortebianca è uno dei peggiori YouTuber in italiano e merita una bella gogna mediatica per la sequela di disinformazione spacciata per OGGGGETTIVITÀ per anni; è la versione pro-vax di Byoblu praticamente

• Battlefield 4 è un gioco di merda che la comunity esalta a capolavoro nonostante le mappe siano fatte con i pieidi, i veicoli sbilanciati, hitreg da denuncia e armi sbilanciate

• L'italiano medio deve smettere di stracciarsi le vesti quando vede una rivisitazione di un piatto della tradizione italiana. È proprio grazie alla sperimentazione e la rivisitazione che esiste la tradizione culinaria che abbiamo oggi

• Il Rap e l'Hip Hop sono tendenzialmente generi ripetitivi e noiosi che ammorbano già dal primo ascolto (fortunatamente ci sono eccezioni come i Death Grips)

• Dire che Stalinismo, Maoismo e le altre derive non fossero vero comunismo è disonestà intellettuale allo stato puro

• I lavori di Studio Mappa e Ufotable sono estremamemte sopravvalutati a livello visivo e girati da mestieranti, ma vengono comunque esaltati come ""peak animation""",JewC-,2022-12-20T09:07:18,2,Italia,https://reddit.com/r/Italia/comments/zpwgxa/qual_è_la_vostra_opinione_unpopular_con_cui_di/j0ycnf7/
zpwgxa,,j0yc4gn,"Idem, uguale. Purtroppo a volte mi perdo su instagram e /o a guardare film dopo una giornata di lavoro però idealmente anche a me discutere di fatti di attualità risulta molto più interessante e stimolante.",AirlineUnited,2022-12-20T08:59:45,1,Italia,https://reddit.com/r/Italia/comments/zpwgxa/qual_è_la_vostra_opinione_unpopular_con_cui_di/j0yc4gn/
zq3gtz,,j0ybiuw,"- aggiornamento delle leggi sulla parità di genere, sesso e per le categorie più vulnerabili 
- annullamento dei concordati lateranensi
- film in lingua originale con sottotitoli 
- pizza hawaiana sui menu di tutte le pizzerie",Daemien73,2022-12-20T08:51:08,1,Italia,https://reddit.com/r/Italia/comments/zq3gtz/mi_annoio_buttiamola_in_caciara_e_fatemi/j0ybiuw/
zq58c2,,j0yayc8,"Checco Zalone ha fatto un film con la storia che si sviluppa attorno a lui che e' un ""posto fisso"" e la superiore che fa di tutto per licenziarlo.",LifeValueEqualZero,2022-12-20T08:43:07,3,Italia,https://reddit.com/r/Italia/comments/zq58c2/vi_siete_mai_vendicati_di_qualcuno_se_si_come/j0yayc8/
zpwgxa,,j0yaltq,"con ironia: lei è una brutta persona

Io adoro sognare, e i film dei supereroi, come anche i film fantasy, mi regalano momenti di gioia",Federal_Act_2909,2022-12-20T08:38:17,1,Italia,https://reddit.com/r/Italia/comments/zpwgxa/qual_è_la_vostra_opinione_unpopular_con_cui_di/j0yaltq/
zpwgxa,,j0y7me3,"Partiamo dal fatto che ogni cosa è fatta per profitto sia film, arte, musica o un libro. Ed anche se alcuni registi sono limitati in certe scelte, perché un prodotto  artistico che utilizza tutte le forme d’arte per essere creato non lo consideri tale?",HotelinJapann,2022-12-20T07:57:33,1,Italia,https://reddit.com/r/Italia/comments/zpwgxa/qual_è_la_vostra_opinione_unpopular_con_cui_di/j0y7me3/
zpwgxa,,j0y7ia4,"I film Marvel invece vanno saputi apprezzare. E per farlo purtroppo bisogna vederli tutti, o quasi, e starci dietro il più possibile. Visti nel loro insieme non così malaccio, ovvio che paragonati a altri film non valgono quasi nulla. Ma nel complesso la maggior parte sono film da 6/6,5. Vanno però presi come puntate di serie TV diciamo.
Mentre per quanto riguarda i film di supereroi in generale invece non sono d'accordo, ci sono dei grandissimi film di supereroi come i Batman di Tim Burton o di Nolan, gli spiderman di Sam Raimi. Ma se si parte a guardarli pensando ""guardo un film sui supereroi si sbaglia"", perché c'è molto di più.",nogaippofil,2022-12-20T07:56:01,0,Italia,https://reddit.com/r/Italia/comments/zpwgxa/qual_è_la_vostra_opinione_unpopular_con_cui_di/j0y7ia4/
zpwgxa,,j0y5slp,I film di Kubrick mi fanno cagare,kashpd77,2022-12-20T07:33:36,1,Italia,https://reddit.com/r/Italia/comments/zpwgxa/qual_è_la_vostra_opinione_unpopular_con_cui_di/j0y5slp/
zp9bib,,j0y3177,"Sono d'accordo con te nel dire che il film è molto bello (a quanto pare su questo reddit è un'opinione poco condivisa). Le scene d'azione sono decisamente ben fatte e creative, graficamente parlando è impressionante e la varietà delle forme di vita su Pandora è sempre interessante. I film dove si esplorano mondi sconosciuti e si ammirano scenari impossibili sono sempre ben accetti da parte mia.

I personaggi non sono certamente il punto forte della trama ma onestamente, seppur stereotipati, li ho apprezzati, soprattutto Spider, Lo'ak e Kiri. 
Magari sarebbe stato carino avere più interazioni tra Sally e i figli, oltre ad alcuni flashback verso la fine non c'è stato molto. Nonostante ciò l'impatto emotivo di certe scene non ha affatto risentito di questa mancanza di dettagli, perciò non ne faccio una tragedia. 

La trama è basic ma non credo che a questo genere di film serva essere troppo complesso, giusto un po' più ragionato nel come espandere la trama. 

Quindi complessivamente il film mi è garbato parecchio e, unpopular opinion, mi è piaciuto più del 90% dei film Marvel (non dico 100% perché non ricordo tutti i film)",HeavenSpiral,2022-12-20T06:58:16,3,Italia,https://reddit.com/r/Italia/comments/zp9bib/sono_andato_a_vedere_avatar_2/j0y3177/
zpwgxa,,j0y0c4y,"Star wars è figo fino alle prime 2 trilogie, tutte le serie e film nuovi sono un mezzo disastro. Disney ha stuprato tutto quanto",Psychic_Gian,2022-12-20T06:25:55,2,Italia,https://reddit.com/r/Italia/comments/zpwgxa/qual_è_la_vostra_opinione_unpopular_con_cui_di/j0y0c4y/
zpjoys,,j0xxgzi,Ovviamente ognuno ha le sue esperienze ma non è che l'idea sia spuntato dal nulla. Poi ho scritto film per fare un esempio ma in realta lo si trova in tutti tipi di media,Pennarello_BonBon,2022-12-20T05:53:08,1,Italia,https://reddit.com/r/Italia/comments/zpjoys/disparità_tra_il_galateo_italiano_e_quello/j0xxgzi/
zq3gtz,,j0xs19z,Mando a casa tutta la Rai e faccio vedere finalmente solo film d'autore. Senza pubblicità.,asalerre,2022-12-20T04:57:06,1,Italia,https://reddit.com/r/Italia/comments/zq3gtz/mi_annoio_buttiamola_in_caciara_e_fatemi/j0xs19z/
zpwgxa,,j0xmpat,Gente che guarda i film in lingua originale coi sottotitoli!,ParloPoco,2022-12-20T04:08:32,-4,Italia,https://reddit.com/r/Italia/comments/zpwgxa/qual_è_la_vostra_opinione_unpopular_con_cui_di/j0xmpat/
zq8a7m,,j0x5q30,"Fantastico film, mi ha fatto strano perchè son nato li lol",IWannaLichYourMagina,2022-12-20T01:55:17,1,Italia,https://reddit.com/r/Italia/comments/zq8a7m/dubai_è_davvero_la_città_dei_sogni/j0x5q30/
zq8a7m,,j0x52ob,"Stavo pensando al film ""La guerra degli Antò""",GuidaPocoCheDeviBere,2022-12-20T01:50:26,1,Italia,https://reddit.com/r/Italia/comments/zq8a7m/dubai_è_davvero_la_città_dei_sogni/j0x52ob/
zpjoys,,j0wvw3p,"Sì, ma I film non sono la realtà. Credo che l’esperienza di una persona cresciuta in America sia più reale di quello che viene rappresentato nei film. Questo è come un altro commento che ho visto, che dice che chiudiamo il telefono senza salutarci (perché si fa così nei film)",Melancholy_Impala,2022-12-20T00:40:36,5,Italia,https://reddit.com/r/Italia/comments/zpjoys/disparità_tra_il_galateo_italiano_e_quello/j0wvw3p/
zpwgxa,,j0wn587,Trovo ripetitivi e scontati i film della Marvel ma il mio ragazzo ne è appassionato quindi mi tocca subirmeli tutti AL CINEMA (parliamo anche di 3 ore di film),Sereenyaa,2022-12-19T23:35:18,3,Italia,https://reddit.com/r/Italia/comments/zpwgxa/qual_è_la_vostra_opinione_unpopular_con_cui_di/j0wn587/
zpwgxa,,j0wk5fm,"Ti parlo da persona che li apprezza (apprezzo in generale film e serie tv abbastanza cazzoni che fanno spegnere il cervello, quindi rispondono perfettamente alle mie esigenze). Se cerchi qualcosa per spegnere il cervello non c'è di meglio, se invece cerchi qualcosa di più elaborato te ne consiglierei esagerando 3 o 4. Il vero problema è che stanno diventando troppi",Phobos_-,2022-12-19T23:13:16,1,Italia,https://reddit.com/r/Italia/comments/zpwgxa/qual_è_la_vostra_opinione_unpopular_con_cui_di/j0wk5fm/
zpwgxa,,j0wgmsf,"Se gli italiani guardassero i film in lingua originale, il 90% delle loro critiche non avrebbero senso.

Odio quando la gente scarta film per la recitazione di merda, quando si scordano che la recitazione originale è stata **sostituita** da un’altra che il più delle volte non si sforza nemmeno di rendere fedeli le emozioni che gli attori stanno provando a comunicare. E non venitemi a dire che i doppiatori italiani sono i più bravi al mondo, magari era vero 20 anni fa ora fanno quasi tutti cagare.",The-Elder-King,2022-12-19T22:48:10,4,Italia,https://reddit.com/r/Italia/comments/zpwgxa/qual_è_la_vostra_opinione_unpopular_con_cui_di/j0wgmsf/
zpjoys,,j0wggb1,"Sono statunitense e sono d'accordissimo con te. Non ho mai mangiato davanti alla TV a casa, mentre in Italia la famiglia della mia ragazza ha una piccola TV proprio in cucina. Secondo me tutte le persone che dicono queste cose non sono mai state in America, ma hanno solo guardato dei film americani.",Melancholy_Impala,2022-12-19T22:46:55,3,Italia,https://reddit.com/r/Italia/comments/zpjoys/disparità_tra_il_galateo_italiano_e_quello/j0wggb1/
zpjoys,,j0wgd65,Vabbe non per dare ragione a OP ma tu sei una persona. È molto comune soprattutto nei film ecc vedere gente che mangiano sul divano di fronte alla tv,Pennarello_BonBon,2022-12-19T22:46:18,1,Italia,https://reddit.com/r/Italia/comments/zpjoys/disparità_tra_il_galateo_italiano_e_quello/j0wgd65/
zpjoys,,j0wegpo,"Guardi troppi film. Non facciamo così. Siete voi italiani a avere la tv in ogni stanza, compresa la cucina posizionata davanti la tavola così potete guardare l’eredità mentre mangiate.",Springheeledjacklyn,2022-12-19T22:32:53,4,Italia,https://reddit.com/r/Italia/comments/zpjoys/disparità_tra_il_galateo_italiano_e_quello/j0wegpo/
zq3gtz,,j0w6x14,"Copio le cose degli altri paesi che funzionano, legalizzo quasi tutto e rendo la Calabria un grosso carcere in stile film post apocalittico bande di strada anni 80",UeueueTENTACION,2022-12-19T21:40:42,182,Italia,https://reddit.com/r/Italia/comments/zq3gtz/mi_annoio_buttiamola_in_caciara_e_fatemi/j0w6x14/
zpwgxa,,j0w5akb,"Diciamo di sì, i film fantasy, su superiori oppure quelli che vogliono essere seri ma con qualche battutina ogni tanto (tipo ad esempio Uncharted o Creed)",AlienGirl129,2022-12-19T21:29:52,1,Italia,https://reddit.com/r/Italia/comments/zpwgxa/qual_è_la_vostra_opinione_unpopular_con_cui_di/j0w5akb/
zpwgxa,,j0w3913,"Non è che i film sull’olocausto di devono piacere per forza solo per commemorare le vittime ecc.
Schindler’s list: una noia mortale, senza trama, senza cliffhanger, poi una scena di una donna in topless così per far condicio!
Il bambino col pigiama a righe: un film surreale e dispotico, e pieno di cazzate, dove i bambini tedeschi non sanno cosa fossero gli ebrei, (a quell’epoca, nelle scuole venivano insegnati ai bambini su come riconoscere gli ebrei, e per odiarli), dove i cittadini tedeschi nell’epoca nazista sia gente per bene, e poi un finale forzato solo per far piangere i boomers!
O migliaia di film marcati Rai sulle foibe, che due palle!",Jungkook_wife_04,2022-12-19T21:16:20,1,Italia,https://reddit.com/r/Italia/comments/zpwgxa/qual_è_la_vostra_opinione_unpopular_con_cui_di/j0w3913/
zpwgxa,,j0w24cb,"Su i film Sono pienamente d'accordo con te però i fumetti sono una figata sono cresciuto a pane e spider-man, Daredevil e Batman, non cambierei per nulla al mondo la mia infanzia e adolescenza.",rango1801,2022-12-19T21:08:54,1,Italia,https://reddit.com/r/Italia/comments/zpwgxa/qual_è_la_vostra_opinione_unpopular_con_cui_di/j0w24cb/
zpwgxa,,j0w1jbq,"Avatar due, se non fosse per la grafica pompata (che è il vero fulcro del progetto), sarebbe un film mediocre anche sotto la media.
La grafica non basta a fare un film",21Justanotherguy,2022-12-19T21:05:03,6,Italia,https://reddit.com/r/Italia/comments/zpwgxa/qual_è_la_vostra_opinione_unpopular_con_cui_di/j0w1jbq/
zpwgxa,,j0vws4h,"Ci provo...

Guardare i film in lingua originale non vi rende superiori, sembrate tutti esperti di doppiaggio non so.",Roan00,2022-12-19T20:33:53,3,Italia,https://reddit.com/r/Italia/comments/zpwgxa/qual_è_la_vostra_opinione_unpopular_con_cui_di/j0vws4h/
zpwgxa,,j0vv3b0,I film di Harry Potter sono per bambini,aldok95,2022-12-19T20:22:45,1,Italia,https://reddit.com/r/Italia/comments/zpwgxa/qual_è_la_vostra_opinione_unpopular_con_cui_di/j0vv3b0/
zpwgxa,,j0vrj4k,a me fanno ridere solo i cinepanettoni e i film di ficarra e picone,TiLancioUnaMolotov,2022-12-19T19:59:38,2,Italia,https://reddit.com/r/Italia/comments/zpwgxa/qual_è_la_vostra_opinione_unpopular_con_cui_di/j0vrj4k/
zpwgxa,,j0vlpgg,"il bello dei film che non ti piacciono  è che alcuni sorvolano la realtà e non ti fanno vedere il mondo di merda in cui viviamo

poi alcuni tengono analogie",Turbulent_Property_4,2022-12-19T19:21:31,4,Italia,https://reddit.com/r/Italia/comments/zpwgxa/qual_è_la_vostra_opinione_unpopular_con_cui_di/j0vlpgg/
zpwgxa,,j0vlmv6,"Mai visto film Marvel. Sono con te. Comunque, parlando in generale di supereroi si salvano solo Joker e i Batman di Nolan, quelli sono belli belli.",cheneso_,2022-12-19T19:21:04,5,Italia,https://reddit.com/r/Italia/comments/zpwgxa/qual_è_la_vostra_opinione_unpopular_con_cui_di/j0vlmv6/
zpwgxa,,j0vk1pp,"Eppure io ti dico che ti stai perdendo tanto di quello che la mente umana ha da offrire! Alla fine un film non è solo una storia che scorre davanti ai tuoi occhi, è anche una esperienza artistisca a tutto tondo dalla fotografia alla musica. Capisco il tuo punto di vista però, forse siamo cresciuti diversamente :)",HotelinJapann,2022-12-19T19:10:34,2,Italia,https://reddit.com/r/Italia/comments/zpwgxa/qual_è_la_vostra_opinione_unpopular_con_cui_di/j0vk1pp/
zpwgxa,,j0vjf5t,"Beh ma non ci sono solo i film e le serie tv per l'intrattenimento. Io sto imparando a suonare il sax, a programmare i microcomputer (raspberry e arduino), a cucinare giapponese poi c'è la palestra, gli amici e i parenti e i nuovi ""amici"" virtuali come te con i quali discutere. Insomma la tv è, per me, decisamente la cosa meno interessante piuttosto mi prendo una mega costruzione Lego da montare. Poi ovviamente qualcosa guardo ma deve essere veramente speciale.",Letsayo,2022-12-19T19:06:29,1,Italia,https://reddit.com/r/Italia/comments/zpwgxa/qual_è_la_vostra_opinione_unpopular_con_cui_di/j0vjf5t/
zpuvyf,,j0vjf18,">Penso che tu stia mentendo, stai facendo propaganda come i russi. Ho visto in film per nulla di parte che sono stati gli americani a liberare Auschwitz. Pare che abbiano pure regalato un carro armato ai bambini.

Anche se è un commento scherzoso, colgo l'occasione per sfatare un mito che si tramanda da 25 anni: il campo di concentramento in cui sono rinchiusi Guido e Giosuè Orefice non è mai nominato, e in nessun punto del film ci sono indizi che svelano dove si trovi. Molti hanno voluto identificarlo con quello di Auschwitz perché è il più famoso, ma è una forzatura: l'ispirazione per il film venne a Benigni dalle memorie di Rubino Romeo Salmoni, ebreo, che finì sì nel campo di concentramento di Auschwitz, ~~ma a Bergen-Belsen, Bassa Sassonia, e che venne liberato da britannici e canadesi.~~ ma che riuscì a fuggire prima che venisse liberato dai sovietici.",[deleted],2022-12-19T19:06:28,6,Italia,https://reddit.com/r/Italia/comments/zpuvyf/e_sempre_colpa_degli_stati_uniti/j0vjf18/
zpwgxa,,j0vhlf8,"Si ma poi proprio in generale non mi piacciono i film in cui c'è un mega casino e poi magicamente tutto si risolve, mi piacciono i finali a sorpresa ahah",AlienGirl129,2022-12-19T18:54:34,2,Italia,https://reddit.com/r/Italia/comments/zpwgxa/qual_è_la_vostra_opinione_unpopular_con_cui_di/j0vhlf8/
zpwgxa,,j0vfiy8,"Ho capito(bei film, sopratutto kill bill)...forse non ti piace il fantasy e lo Sci-fi. In realtà Harry potter non piace poi a così tanta gente, sopratutto dopo le ultime uscite dell'autrice",Pleasant-List1730,2022-12-19T18:41:07,0,Italia,https://reddit.com/r/Italia/comments/zpwgxa/qual_è_la_vostra_opinione_unpopular_con_cui_di/j0vfiy8/
zpwgxa,,j0vf4is,"Sinceramente non ho un genere preciso, però mi piacciono film con storie verosimili oppure thriller. Mi piacciono molto ad esempio Fight club, Revolutionary Road, Kill Bill, Tully, Gone girl, Brokeback Mountain, The beach ecc ecc.. poi ovviamente anche Shrek 😂",AlienGirl129,2022-12-19T18:38:30,7,Italia,https://reddit.com/r/Italia/comments/zpwgxa/qual_è_la_vostra_opinione_unpopular_con_cui_di/j0vf4is/
zpwgxa,,j0vemrq,I film marvel ma in generale i supereroi fanno cagare e mi fanno troppo ridere le milioni di persone che ne sono appassionate.,momba95,2022-12-19T18:35:19,185,Italia,https://reddit.com/r/Italia/comments/zpwgxa/qual_è_la_vostra_opinione_unpopular_con_cui_di/j0vemrq/
zpwgxa,,j0vebqw,Che film ti piacciono?,Pleasant-List1730,2022-12-19T18:33:20,3,Italia,https://reddit.com/r/Italia/comments/zpwgxa/qual_è_la_vostra_opinione_unpopular_con_cui_di/j0vebqw/
zpwgxa,,j0ve72l,"Le pubblicità o i film dove vogliono metterci per forza omosessuali hanno rotto le scatole. Attenzione, Non ho niente contro l'omosessuali",P0618,2022-12-19T18:32:29,124,Italia,https://reddit.com/r/Italia/comments/zpwgxa/qual_è_la_vostra_opinione_unpopular_con_cui_di/j0ve72l/
zpwgxa,,j0vap0u,"Probabilmente mi massacrate, ma io personalmente odio Netflix, Amazon prime video.... Insomma, odio buttare il tempo di fronte ad uno schermo, odio(in generale) vedere film e serie televisive. Non capisco tutto questo hype dietro le serie televisive e film francamente.",Thick-Paint-6651,2022-12-19T18:09:46,23,Italia,https://reddit.com/r/Italia/comments/zpwgxa/qual_è_la_vostra_opinione_unpopular_con_cui_di/j0vap0u/
zpuvyf,,j0v6zlu,"Magari ha ragione il film, sono i comunisti che ci manipolano dall'aldilà.",shorelorn,2022-12-19T17:45:45,3,Italia,https://reddit.com/r/Italia/comments/zpuvyf/e_sempre_colpa_degli_stati_uniti/j0v6zlu/
zpwgxa,,j0v6q4x,"Questo. Vengo letteralmente insultato ogni volta che lo dico, mi diverte come uno stronzo sta cosa.

Che poi si finisce sempre alla frase ""vabbè una volta organizziamo una serata film e ti facciamo cambiare idea""....NO, NON FUNZIONA COSÌ.",ItaloSaaber95,2022-12-19T17:44:01,4,Italia,https://reddit.com/r/Italia/comments/zpwgxa/qual_è_la_vostra_opinione_unpopular_con_cui_di/j0v6q4x/
zpwgxa,,j0v5lcz,"Non mi piacciono i film tipo Harry Potter, Avatar e compagnia varia",AlienGirl129,2022-12-19T17:36:50,27,Italia,https://reddit.com/r/Italia/comments/zpwgxa/qual_è_la_vostra_opinione_unpopular_con_cui_di/j0v5lcz/
zp9bib,,j0v4stb,Cameron al contrario fa film con trame semplici,DanielRojoGerola,2022-12-19T17:31:48,1,Italia,https://reddit.com/r/Italia/comments/zp9bib/sono_andato_a_vedere_avatar_2/j0v4stb/
zpuvyf,,j0v2rz8,"Penso che tu stia mentendo, stai facendo propaganda come i russi. Ho visto in film per nulla di parte che sono stati gli americani a liberare ~~Auschwitz~~. Pare che abbiano pure regalato un carro armato ai bambini.

Edit:

Vaccata, la prossima volta mi ricorderó di verificare quello che scrivo.",dontshamemebro,2022-12-19T17:18:39,3,Italia,https://reddit.com/r/Italia/comments/zpuvyf/e_sempre_colpa_degli_stati_uniti/j0v2rz8/
zpwbqb,,j0v22vc,Devo smettere di vedere tutti quei film distopici...,Borda81,2022-12-19T17:14:04,7,Italia,https://reddit.com/r/Italia/comments/zpwbqb/carta_didentità_elettronica_perché_le_impronte/j0v22vc/
zpjoys,,j0uph8w,Ma nei film credo,ElisaEffe24,2022-12-19T15:49:05,2,Italia,https://reddit.com/r/Italia/comments/zpjoys/disparità_tra_il_galateo_italiano_e_quello/j0uph8w/
zp9bib,,j0unkx3,"Se il primo film era Pocahontas con gli alieni blu, questo era Oceania con gli alieni blu",Silent_Possibility76,2022-12-19T15:35:56,1,Italia,https://reddit.com/r/Italia/comments/zp9bib/sono_andato_a_vedere_avatar_2/j0unkx3/
zoos4h,,j0ud61c,"Io li avevo scoperti da più piccolo, mai stato un grandissimo fan ma credo perché non ho ascoltato molto. Li ho esplorati un po' di più dopo essere rimasto colpito da quel cameo nel film, che enorme perdita nel mondo della musica.",antoo01,2022-12-19T14:18:10,2,Italia,https://reddit.com/r/Italia/comments/zoos4h/curiosità_quanti_svegli_a_questora/j0ud61c/
zp9bib,,j0u96hn,"> trama siamo al pari dei film sul Natale

Potresti approfondire senza troppi spoiler?",datfreeman,2022-12-19T13:44:47,1,Italia,https://reddit.com/r/Italia/comments/zp9bib/sono_andato_a_vedere_avatar_2/j0u96hn/
zplaz1,,j0u4jvr,"Io di abbastanza rituale ho partitone di giochi da tavolo in famiglia.

Mi piace inoltre seguire alcuni stream appositi che accadono durante le feste e guardare qualche film di Natale.",dska22,2022-12-19T13:01:21,1,Italia,https://reddit.com/r/Italia/comments/zplaz1/quali_rituali_avete_a_natale_in_termini_di_giochi/j0u4jvr/
zoynup,,j0u44hv,Idiocracy sarebbe dovuto rimanere un film,Dielworker,2022-12-19T12:57:05,2,Italia,https://reddit.com/r/Italia/comments/zoynup/i_maranza_non_sono_il_male_terreno_o_forse/j0u44hv/
zp9bib,,j0u05cz,"Intendevo il primo - non che questo secondo sia diverso a giudicare dalle recensioni (anche professionali). Entrambi sono letteralmente dei marketing devices per diffondere il 3D tra gli operatori professionali e il pubblico.

Ma se per il primo aveva senso - dato che c'era ancora da fare il ""check"" sulla viabilità commerciale del 3D, questo secondo non ha motivo di esistere, dato che il mercato ha da molti anni già mostrato che il 3D non lo vuole. Il 3D come tecnologia è un morto che cammina.

Poi al di là di essere dei film puramente ""strumentali"", anche l'avere una trama al livello di Natale in India non è un buon biglietto da visita.",Repulsive-Toe-8826,2022-12-19T12:14:29,2,Italia,https://reddit.com/r/Italia/comments/zp9bib/sono_andato_a_vedere_avatar_2/j0u05cz/
zpohc1,,j0tz6u7,"Mio padre la vigilia usciva da un turno di circa 24 ore con 1 oretta di pausa pranzo, quindi di solito era cadavere sul divano; mia sorella in giro con le amiche, mia madre a messa. Io solitamente cena leggera e serata film in tv, solitamente Una poltrona per due o qualche classico di fantascienza",ivanhoe1024,2022-12-19T12:03:28,1,Italia,https://reddit.com/r/Italia/comments/zpohc1/cosa_fate_alla_vigilia/j0tz6u7/
zpohc1,,j0tx0k7,Vado a sc***** con lei che indossa lingerie da film porno che già le ho fatto avere.,Hell_is_now79,2022-12-19T11:36:53,4,Italia,https://reddit.com/r/Italia/comments/zpohc1/cosa_fate_alla_vigilia/j0tx0k7/
zplaz1,,j0twrkc,Parenti Serpenti - Film,ma3oo,2022-12-19T11:33:40,5,Italia,https://reddit.com/r/Italia/comments/zplaz1/quali_rituali_avete_a_natale_in_termini_di_giochi/j0twrkc/
zpjoys,,j0tv8cf,"Ma quindi la famigliola che mangia nella sala da pranzo, senza tv e rotture, è roba da serie tv e film?",datfreeman,2022-12-19T11:13:11,6,Italia,https://reddit.com/r/Italia/comments/zpjoys/disparità_tra_il_galateo_italiano_e_quello/j0tv8cf/
zp9bib,,j0ttrbu,"Come film(s), era diarrea fusa 10 anni fa, è diarrea fusa oggi.

Letteralmente una leva per vendere la tecnologia 3D alle sale.",Repulsive-Toe-8826,2022-12-19T10:52:36,1,Italia,https://reddit.com/r/Italia/comments/zp9bib/sono_andato_a_vedere_avatar_2/j0ttrbu/
zplaz1,,j0tozjm,"Sempre lo stesso menù per il pranzo di natale

* Cocktail di Gamberi
* Cappelletti in brodo di cappone
* Filetto in crosta con sformato di spinaci e ricotta
* Strudel di mele con gelato

Poi dopo pranzo, per non collassare sul divano, film Horror vecchia scuola (Chucky, Evil Dead, Venerdì 13, Nightmare, ecc)",D-T0m,2022-12-19T09:42:42,11,Italia,https://reddit.com/r/Italia/comments/zplaz1/quali_rituali_avete_a_natale_in_termini_di_giochi/j0tozjm/
zp9bib,,j0tnhue,"Per 3 ore di film mi aspettavo una trama complessa, Invece la trama fa cagare, però il mondo di avatar è sempre figo (anche perché non l'hanno cambiato)",zBarba,2022-12-19T09:20:17,1,Italia,https://reddit.com/r/Italia/comments/zp9bib/sono_andato_a_vedere_avatar_2/j0tnhue/
zp9bib,,j0tn64y,"Credici, visivamente un film incredibile, la trama siamo al pari dei film sul Natale",Both-Lime3749,2022-12-19T09:15:26,5,Italia,https://reddit.com/r/Italia/comments/zp9bib/sono_andato_a_vedere_avatar_2/j0tn64y/
zoxk65,,j0tn5s9,"Sempre stato così;per me gli arcade cabinati semplici grafica Scrausa anni 80 con cui giocavo sono i migliori ed out of run di auto c’è L ho sulla switch e quando ero adolescente il mio preferito era monkey island sull amiga 600;i videogame successivi fanno scena puntano su grafica o sul mimare i film e le serie tv e quindi poco appetibili in mondo frenetico basato sui 15 secondi di tik tok;poi negli ultimi 20 anni tutto il
Gioco è sul cellulare ormai ad es preferisco il Mario kart touch che è scaccia stress vs quello sulle console",[deleted],2022-12-19T09:15:17,1,Italia,https://reddit.com/r/Italia/comments/zoxk65/videogiochi/j0tn5s9/
zp9bib,,j0tm1hq,"È vero, in molti Paesi non si fa e forse non si è mai fatta da quando la tecnologia permette di avere le pizze dei film di qualsiasi durata, oggi poi che quasi tutti sono in formato digitale...  Però considerando che è un film diretto anche ai bambini, e che dura 192 minuti, secondo me anche all'estero una pausa la fanno.",[deleted],2022-12-19T08:58:44,2,Italia,https://reddit.com/r/Italia/comments/zp9bib/sono_andato_a_vedere_avatar_2/j0tm1hq/
zp9bib,,j0tf9sa,"Ho letto dalle recensioni che è un film bellissimo a livello di effetti e grafica ma la storia lascia piuttosto a desiderare.

Che è una cosa che succede spessissimo coi film di Hollywood ma credevo che Cameron ne fosse immune.

Però io non l'ho ancora visto, non so se crederci.",dska22,2022-12-19T07:23:27,3,Italia,https://reddit.com/r/Italia/comments/zp9bib/sono_andato_a_vedere_avatar_2/j0tf9sa/
zotxl8,,j0rx21d,Ecco. Ora che mi hai attiratto con questa idea pretendo un film con tale trama,younglaflame121,2022-12-18T23:22:59,2,Italia,https://reddit.com/r/Italia/comments/zotxl8/cosa_cera_nella_valigia_di_marsellus_wallace_in/j0rx21d/
zp9bib,,j0rqtvl,Il mio primo film in 3d al cinema è stato cars 2,_King_Crab_,2022-12-18T22:38:00,1,Italia,https://reddit.com/r/Italia/comments/zp9bib/sono_andato_a_vedere_avatar_2/j0rqtvl/
zotxl8,,j0rpaxl,"Ha detto che lui lo sa e i suoi personaggi lo sanno, ma lascia volutamente questa ambiguità nel film e non commenta oltre per permettere allo spettatore di riempire i buchi con le proprie opinioni/idee/teorie, ed in tal modo il film diventa “suo”. Se invece, dice Tarantino, fosse lui a dirlo e basta, ogni teoria, idea etc verrebbe buttata fuori dalla finestra e il film non sarebbe poi “speciale” per ognuno",Hector_Savage_,2022-12-18T22:27:00,3,Italia,https://reddit.com/r/Italia/comments/zotxl8/cosa_cera_nella_valigia_di_marsellus_wallace_in/j0rpaxl/
zp9bib,,j0rmy2v,"Io l'ho visto in 3D e mi è piaciuto. Devo dire che era anche il mio primo film in 3D al cinema, dato che ho sempre accuratamente evitato quel tipo di proiezioni. 
È vero che magari alcune soluzioni di 3D annoiano perché sono ricorrenti. Però alla fine Avatar è un'esperienza più che altro visiva e vale la pena guardarselo in 3D. 

Piccola parentesi, ma la scena del braccio a qualcuno è piaciuta? 

Comunque proverò a rivederlo non 3D",GiobbeCravatta,2022-12-18T22:10:05,7,Italia,https://reddit.com/r/Italia/comments/zp9bib/sono_andato_a_vedere_avatar_2/j0rmy2v/
zp9bib,,j0rjyye,"cosi per curiosità guardavo in un cinema ed ha solo biglietti 3D

Biglietti da 13euro per film+occhialini",Scarsocontesto,2022-12-18T21:48:51,5,Italia,https://reddit.com/r/Italia/comments/zp9bib/sono_andato_a_vedere_avatar_2/j0rjyye/
zotxl8,,j0qxkts,Ricorda lawrence…temi il sangue finto dei film di tarantino… temilo…,The_real_melone,2022-12-18T19:21:00,5,Italia,https://reddit.com/r/Italia/comments/zotxl8/cosa_cera_nella_valigia_di_marsellus_wallace_in/j0qxkts/
zo3kp8,,j0qc82w,"Io Ho fatto il classico, perché mi piaceva tanto la mitologia e volevo fare il medico o il veterinario. 
Non ho studiato mitologia e la scuola era molto, molto noiosa.. in classe eravamo tutte ragazze, con 2 solo maschietti. Il liceo classico é eccitante come un lungo film muto e in bianco e ner. CONTRO: pochissimo inglese, zero altre lingue oltre che il latino e il greco, ma non quello moderno, quello antico. Quindi riesce benissimo a capire cosa c é scritto sulle colonne dei templi e nelle chiese, ma non sai chiedere dove é il bagno se esci dalla Italia. 
PRO: Studi così tanto che effettivamente impari un metodo di studio efficace e alleni cervello e memoria. Io infatti ho continuato all'università e son entrata in medicina (che al 4 anno ho abbandonato, ma questa é un'altra storia). 
Tornando indietro farei sicuramente il LINGUISTICO, impari 3 lingue che ancora si parlano nel presente e comunque é un liceo quindi impari a studiare.",Caos-NinjaintheJungl,2022-12-18T17:10:51,1,Italia,https://reddit.com/r/Italia/comments/zo3kp8/scelta_delle_superiori/j0qc82w/
zotxl8,,j0q4c9r,"Se non hai mai visto il film, corri a vederlo.",Requiem_D88,2022-12-18T16:18:51,10,Italia,https://reddit.com/r/Italia/comments/zotxl8/cosa_cera_nella_valigia_di_marsellus_wallace_in/j0q4c9r/
zoxk65,,j0pq176,"Io personalmente ho passato questa cosa qualche anno fa: a prescindere da quanto mi piacesse un gioco, finivo per iniziarlo, giocarci qualche ora e poi metterlo da parte.

Ho deciso di affrontare la questione semplicemente smettendo di giocare: ho dato la precedenza ad altri hobby, e ho ripreso a giocare nell'ultimo anno, quando mi è tornata la voglia.
Secondo me non è giusto forzarsi a continuare hobby che non ci appassionano più come un tempo solo per aggrapparsi alle sensazioni che provavamo anni fa: se ora ho più voglia di fare A nel mio tempo libero, perché forzarsi a fare B? 

Tl;dr: i gusti cambiano crescendo, e se ora abbiamo voglia di guardare un film invece che giocare non è giusto sforzarci di giocare ""perché 5 anni fa mi piaceva tanto"". Probabilmente una pausa aiuterà pure a riaccendere la passione per l'hobby fra un po' di tempo, o almeno per me è stato così :)",IruSedai,2022-12-18T14:34:02,2,Italia,https://reddit.com/r/Italia/comments/zoxk65/videogiochi/j0pq176/
zoxk65,,j0pkx0w,"a mio parere la capacità immersiva dei videogiochi non è paragonabile alla lettura, forse è più paragonabile ai sogni o in misura minore ai film. Per quel che mi ricordo dei videogiochi l'impressione è quella di esserci completamente dentro, di essere li quasi fisicamente. Mentre la lettura non ha nulla di così realistico e immersivo. Tantè che una persona qualsiasi potrebbe benissimo giocare per ore e ore senza nemmeno accorgersene. Non è così per la lettura. Inoltre sono molto scettico riguardo a questa presunta capacità di scelta dei singoli. C'è un numero enorme di persone che sono facilissimi da influenzare, il potere del conformismo è enorme, la morale è debole. Le persone non scelgono, ma piuttosto subiscono le scelte di altri. 
Direi che le ultime elezioni sono la dimostrazione del fatto che gli italiani sono completamente in balia di forze esterne, occulte e non scelgono nulla. Piuttosto obbediscono a degli ordini.
Detto questo hai mentito dicendo che jack the ripper uccideva bambine. Infatti le sue vittime sono state di rispettivamente:43,47,44,46 e 25 anni. Quindi non bambine.
Per tornare al presunto libero arbitrio degli italiani io dico che non esiste e che le ultime elezioni sono state un colpo di stato; occulto, blando, coordinato. In parte anche a causa delle condizioni politiche.. l'assenza di veri leader di sinistra e la delusione dei 5 stelle. Ma non sono state elezioni veramente libere.",OceanBottle,2022-12-18T13:48:26,1,Italia,https://reddit.com/r/Italia/comments/zoxk65/videogiochi/j0pkx0w/
zotxl8,,j0p9ow5,"I giochini che vengono usati su di lui più tardi nel film. In realtà era tutto un roleplay consensuale, fucilata compresa.",gutter129,2022-12-18T11:42:55,8,Italia,https://reddit.com/r/Italia/comments/zotxl8/cosa_cera_nella_valigia_di_marsellus_wallace_in/j0p9ow5/
zo7gqv,,j0p36y5,"Ma perché diamine starsene a casa gustarsi una tisana, un film, leggere un libro dovrebbe essere una cosa da vecchi di cui vergognarsi e non semplicemente un gusto personale?",catshatebeeinkissed,2022-12-18T10:13:42,3,Italia,https://reddit.com/r/Italia/comments/zo7gqv/sentirsi_vecchi_per_moda/j0p36y5/
zoos4h,,j0p1t1d,"Oddio ma questa non l'avevo sentita! Direi che è quasi uguale alla versione del film, quest'ultima chiaramente registrata, ci sta che in live sia diversa. Grazie infinite la cerco da stanotte!! ![gif](emote|free_emotes_pack|give_upvote)",antoo01,2022-12-18T09:54:10,2,Italia,https://reddit.com/r/Italia/comments/zoos4h/curiosità_quanti_svegli_a_questora/j0p1t1d/
zoos4h,,j0ox5l9,"No, questa è la canzone originale, nella scena del film lei proprio la canta con un altro arrangiamento orchestrale, solo archi, senza altri strumenti. Cambia anche il modo di cantarla, la rifa da 0 praticamente. Comunque grazie per aver cercato.

Edit: al minuto 3:25 circa cominci a sentirla https://youtu.be/c4NBCgX_JAg
Sto cominciando a pensare che sia stata fatta solo per quel minuto di cameo nel film... se fosse così sarebbe un peccato, un pezzo splendido secondo me.",antoo01,2022-12-18T08:49:28,1,Italia,https://reddit.com/r/Italia/comments/zoos4h/curiosità_quanti_svegli_a_questora/j0ox5l9/
zoos4h,,j0ov34s,"""Linger"" dei Cranberries ma nel film ""Cambia la tua vita con un click"" (quello con Adam Sandler) la cantante del gruppo interpreta una versione orchestrale magnifica, che non trovo da nessuna cazzo di parte.
Spero l'abbia registrata per intero.",antoo01,2022-12-18T08:21:25,1,Italia,https://reddit.com/r/Italia/comments/zoos4h/curiosità_quanti_svegli_a_questora/j0ov34s/
zoj597,,j0nr2qy,Paninazzo a casa e ho visto Black Adam. Gran film,Gaet4n0,2022-12-18T01:45:32,1,Italia,https://reddit.com/r/Italia/comments/zoj597/come_state_passando_questo_sabato_sera_cosa_fate/j0nr2qy/
zoj597,,j0nglhd,"Visto un film d'azione coreano (the killer), perso tempo su YouTube, un po' di master duel e ora nanna ^^",sosuke91,2022-12-18T00:21:19,2,Italia,https://reddit.com/r/Italia/comments/zoj597/come_state_passando_questo_sabato_sera_cosa_fate/j0nglhd/
zo5tev,,j0l0b2f,Film da vedere! Altro che cinepanettoni!,christiandesica,2022-12-17T13:27:59,3,Italia,https://reddit.com/r/Italia/comments/zo5tev/enemy_at_the_gate_2001_soviet_sniper_il_pastore/j0l0b2f/
zmjh4c,,j0i544d,"Un po' in ritardo ma mi ha dato una risposta piuttosto lunga che riassumo: ""Perché, a te non piacciono i film con macchine che esplodono, sparatorie per cui continui a ridere e dire 'che cazzata' e poi ne parli con gli amici dicendo cose come ""capolavoro!""? Sai benissimo che sono stupidaggini ma ti divertono perché ti danno quello che cerchi senza girarci intorno. A molte persone non piace l'azione cretina ma piacciono i drammi che si sviluppano tra le persone, e se sono finti e ridicoli a volte è meglio, perché hai l'impressione di avere a che fare non con un vero dramma (malattia, lutti) ma con una caricatura dello stesso. Però quando giochi a videogiochi cretini in cui da solo ammazzi il mondo a pistolettate io non penso tu sia cretino, perché spero tu sappia bene che in una situazione simile dureresti due secondi. E se ti chiedo perché ti piace tu mi dici che è divertente. Appunto.""

Mi ha fatto sentire anche un po' in colpa ad averglielo chiesto",mecostastico,2022-12-16T20:33:32,2,Italia,https://reddit.com/r/Italia/comments/zmjh4c/ma_cè_ancora_gente_che_guarda_il_grande_fratello/j0i544d/
zmkdqw,,j0fo2ho,">ma devo dire che alcune cose per me erano solo li per fare effetto. gli alberi luminescenti e quelle medusine volanti erano proprio buttate li per far colore

Ma è quello lo scopo, è quello che è bello di Avatar (per me). È un bel film in CGI. Lo spessore del film è lo stesso dei prodotti Marvel, ma sarà più bello da vedere",prosciuttoeMeloni,2022-12-16T08:03:38,2,Italia,https://reddit.com/r/Italia/comments/zmkdqw/avatar_the_way_of_water_2022_bentornato_jim/j0fo2ho/
zmmd3u,,j0eg9q0,Mi sembra chiaro che si sta avverando tutto quello che c'è nel film idiocracy... Change my mind,malvagius,2022-12-16T01:17:16,1,Italia,https://reddit.com/r/Italia/comments/zmmd3u/dove_ci_porterà_tutto_questo_buonismo/j0eg9q0/
zmjh4c,,j0ci490,"Non vedo i canali Rai e Mediaset da oltre 20 anni ormai, visto che la maggior parte dei programmi per me non è assolutamente interessante. Scelgo le serie televisive da seguire, i film da vedere e solo quelli. Niente talk show o menate varie",rotondof,2022-12-15T17:28:22,2,Italia,https://reddit.com/r/Italia/comments/zmjh4c/ma_cè_ancora_gente_che_guarda_il_grande_fratello/j0ci490/
zmq024,,j0cfq70,"Aranzulla è il gemello buono di Tate, come nell'ultimo film del Joker dove si specula che

 [SPOILER] lui e a Batman abbiano lo stesso padre [FINE SPOILER]

ed è un Chad, punto. 

Jokes aside, questo trend iniziato su r/universitaly sta rischiando di degenerare",Ecstatic_Rule3181,2022-12-15T17:13:14,3,Italia,https://reddit.com/r/Italia/comments/zmq024/aranzulla_è_il_re_degli_incel/j0cfq70/
zmkdqw,,j0ce98f,"Appena finito ed è peggio di quanto mi aspettassi e mi aspettavo poco. Visivamente piacevole, ma lontano dallo stupore che provocava il primo. Non so se ormai siamo abituati o cosa.

3 ore di film in cui per 2 ore non succede praticamente nulla. Molto sa di preparazione per il terzo film che sappiamo già che arriverà.

Io di Cameron in questo film ci vedo molto poco, molta poca innovazione. Mi da la sensazione che nel farlo non si sia molto diverito, ma l'abbia fatto perchè doveva.",slipeinlagen,2022-12-15T17:03:53,1,Italia,https://reddit.com/r/Italia/comments/zmkdqw/avatar_the_way_of_water_2022_bentornato_jim/j0ce98f/
zmkdqw,,j0cbj7b,"Perché il primo è un colossal con una trama semplice, un canovaccio ben rodato e una CGI incredibile per l’epoca che ti permetteva di vivere quelle ambientazioni come se fossero vere (con l’aggiunta del 3D), cosa che non si può dire per il secondo.  

Mi vien da dire come fai a paragonare i 2 film.",AndreaCicca,2022-12-15T16:46:47,0,Italia,https://reddit.com/r/Italia/comments/zmkdqw/avatar_the_way_of_water_2022_bentornato_jim/j0cbj7b/
zmjh4c,,j0br8mf,"Io la TV la tengo quasi sempre spenta. Riesco a sopportarla giusto 1 ora o molto faticosamente 2 se c'è da vedere un film o qualcosa di interessante. Proprio non sopporto questo chiacchiericcio intermittente senza mai prendere fiato, mi sembra come se mi mitragliassero il cervello con tutte quelle parole in rapida successione, mai una pausa, mai una tregua. Sembra fatto apposta per non farti pensare.",nullminds,2022-12-15T14:30:54,2,Italia,https://reddit.com/r/Italia/comments/zmjh4c/ma_cè_ancora_gente_che_guarda_il_grande_fratello/j0br8mf/
zmkdqw,,j0bo7t0,"Si sempliciotta suona male, ma è quello che è.

Nulla di male nelle storie semplici, non sono un prerequisito per fare un bel film o altro.

La storia semplice lascia più spazio al resto, soprattutto in un film.",prosciuttoeMeloni,2022-12-15T14:08:14,0,Italia,https://reddit.com/r/Italia/comments/zmkdqw/avatar_the_way_of_water_2022_bentornato_jim/j0bo7t0/
zlu1db,,j0b7nmy,"Quelle del sud parlano come nei film, quelle del nord parlano come nei porno /s",SingleSpeed27,2022-12-15T11:32:40,1,Italia,https://reddit.com/r/Italia/comments/zlu1db/quali_sono_secondo_voi_le_maggiori_differenze_tra/j0b7nmy/
zmh5oi,,j0b3fit,"È un tabù nel mondo dello spettacolo perché fa male agli ascolti, e non credo sia l'unico. In certi film di nicchia si bestemmia quindi dipende sempre dal contesto. In generale trovo che la bestemmia sia abbastanza sdoganata anche se resta quella vecchia legge che dovrebbe multarla. La stessa legge punirebbe anche le ""manifestazioni oltraggiose verso i defunti"", praticamente è un fossile pietrificato negli strati archeologici del nostro codice penale...",PinoLoSpazzino,2022-12-15T10:37:41,1,Italia,https://reddit.com/r/Italia/comments/zmh5oi/la_bestemmia_è_lunico_tabù/j0b3fit/
zm0lqm,,j0arpwp,"è perchè ti scervelli e ti fai i film su tutto ciò che può andare storto e le figuracce che potresti fare e cosa la gente potrebbe pensare di te.

NEWSFLASH: agli altri non gliene frega niente di te. la gente non parla di te. di tutte le figuracce che hai fatto in vita tu, l'unica persona al mondo a ricordarsene sei tu.

Ne vuoi la prova? Prova a ricordarti le figure di altre persone! Non te ne vengono in mente, vero? È la stessa cosa con gli altri nei tuoi confronti.

Quindi vai fuori, confrontati con le persone, e ogni volta che senti quella paura di cosa potrebbe pensare l'altro di te, ricordati: agli altri non gliene frega niente di te. Appena te ne vai, non sanno già più che faccia hai.",yurimow31,2022-12-15T07:54:10,2,Italia,https://reddit.com/r/Italia/comments/zm0lqm/consigli_per_avere_meno_ansia_sociale/j0arpwp/
zm1s67,,j0anpzz,"No, conta parliamo sicuramente di un film molto di nicchia",KlyonRador,2022-12-15T07:03:38,1,Italia,https://reddit.com/r/Italia/comments/zm1s67/alla_ricerca_di_un_film_perduto/j0anpzz/
zm1s67,,j08zo3e,Qualche film della saga di Harry Potter?,Confident_Reader,2022-12-14T22:47:39,1,Italia,https://reddit.com/r/Italia/comments/zm1s67/alla_ricerca_di_un_film_perduto/j08zo3e/
zm3tvv,,j08x5io,"Dipende molto da che cosa intendi per horror, un termine che ultimamente copre un ampio spettro di film e di romanzi.

In ogni caso, solo in Italia, mi viene in mente la saponificatrice di Correggio, il mostro di Foligno, poi Maurizio Minghella, l'assassino seriale ossessionato dal sangue mestruale, l'orrore di Bitonto, cinque bambini piccoli annegati nei pozzi. E ovviamente il famoso mostro di Firenze, e i meno ricordati (oggi) mostri del Circeo, in particolare Angelo Izzo.",[deleted],2022-12-14T22:30:07,1,Italia,https://reddit.com/r/Italia/comments/zm3tvv/storie_horror_davvero_accadute/j08x5io/
zm1s67,,j08urqx,"Prima di risponderti pure io ho controllato, ma è il classico film di nicchia di cui non si trova un riassunto più lungo di tre righe, che racconta giusto come inizia il film ma tralascia lo sviluppo della trama. Uno calvo c'è: se poi c'erano altri film con fantasmi e personaggi calvi negli anni Novanta, è possibile.",[deleted],2022-12-14T22:13:44,3,Italia,https://reddit.com/r/Italia/comments/zm1s67/alla_ricerca_di_un_film_perduto/j08urqx/
zlpjze,,j07ks4w,Non ho consigli ma ti consiglio di guardare il film The Perfection,Few_Lengthiness_3543,2022-12-14T17:23:09,2,Italia,https://reddit.com/r/Italia/comments/zlpjze/ho_timore/j07ks4w/
zlkq2t,,j06hi2b,"Stavo per fare un post a sé stante, ma forse è prematuro. 

Ricorderete il caso degli alunni della scuola di Cremona che si sono sentiti male per un film dell'orrore proiettato in classe durante una supplenza: 

https://www.reddit.com/r/Italia/comments/zewaoi/cremona_il_film_horror_in_terza_media_nellora/

Se ne era occupato dapprima il sito bufale.net, mettendolo nella sezione analisi in corso perché i dati di fatto finora disponibili sono molto pochi: 

https://www.bufale.net/cremona-film-dellorrore-in-classe-allora-di-buco-cosa-sappiamo/

Ieri il sito concorrente Butac ha approfondito alcuni aspetti, notando che uno degli schemi con cui vengono promossi film dell'orrore a basso costo sono proprio le pseudonotizie fatte filtrare sui giornali in ambito locale che immancabilmente citano i dati del film. Pubblicità gratuita assicurata. E nota alcune incongruenze sulla diffusione del film *Terrifier I*, presente solo in home video, e *Terrifier II*, non c'è ancora la versione doppiata in italiano: 

https://www.butac.it/terrifier-scuola-cremona/",[deleted],2022-12-14T12:38:29,1,Italia,https://reddit.com/r/Italia/comments/zlkq2t/lammazzacaffè/j06hi2b/
zllaxt,,j06cl77,"Grazie, allora salto che preferisco I feel good films in questo periodo",LevJveL,2022-12-14T11:44:31,4,Italia,https://reddit.com/r/Italia/comments/zllaxt/sesso_troppo_rumoroso_la_vicina_poliziotta_è/j06cl77/
zju26g,,j064531,"Potevo anche concordare ma il tuo discorso di libri di serie a e serie b è da snob. Sembra che per te gli unici libri meritevoli di lettura siano i saggi tecnici ma tra i romanzi di narrativa di sono dei libri meritevoli e che arricchiscono, penso ai classici della letteratura ma anche a tanti autori attuali. I fumetti come per la letteratura hanno diversi target, se penso ai fumetti giapponesi ci sono One piece e Dragon ball che hanno un target di riferimento che spazia dai 6-40 anni e sono puro intrattenimento. Poi esistono opere come Liddell, Otherworld Barbara o tanti seinen di Tezuka che hanno una complessità elevata e sono pieni di sottotesti. I telefilm e gli anime non avranno mai quella complessità perché devono arrivare alla grande massa. Discorso diverso si puó fare dei film, c'è una nicchia rispettabilissima che produce film molto interessanti, anche tra i blockbuster si trovano pellicole non solo di puro intrattenimento.
Per quanto riguarda i saggi, un libro esauriente difficilmente potrà essere paragonato a un video di youtube o wikipedia",Bakura92,2022-12-14T09:51:18,2,Italia,https://reddit.com/r/Italia/comments/zju26g/un_dato_chiaro_su_cui_riflettere_che_ne_pensate/j064531/
zllaxt,,j05zb6o,Il nuovo film di Claudio Bisio: Vicini di casa. Tratto da una storia vera,gieri_,2022-12-14T08:42:20,14,Italia,https://reddit.com/r/Italia/comments/zllaxt/sesso_troppo_rumoroso_la_vicina_poliziotta_è/j05zb6o/
zju26g,,j05ygyt,"No, il punto di vista autorizzato dal capo di gabinetto e scritta da un ghost writer. Comunque le serie possono essere profonde quanto un film d autore, o quanto un buon libro o un gioco ben fatto, poi se leggi ""io sono giorgia"", guardi ""una mamma per amica"", ""natale sul nilo"" e giochi a ""cod"" allora son cazzi tuoi, la cultura NON dipende dal media",tototun,2022-12-14T08:30:47,1,Italia,https://reddit.com/r/Italia/comments/zju26g/un_dato_chiaro_su_cui_riflettere_che_ne_pensate/j05ygyt/
zl0orm,,j05wgom,Citazione a Dragon Ball ed il vecchissimo film di Turles?,Push-R,2022-12-14T08:03:40,1,Italia,https://reddit.com/r/Italia/comments/zl0orm/paperino_chad_veritiero/j05wgom/
zkxil8,,j05vxos,"Hai dimenticato ""facciamo alle 9 - 9.30"" scena che viene ripresa nel film ""Benvenuti al nord""",mikej83,2022-12-14T07:56:36,1,Italia,https://reddit.com/r/Italia/comments/zkxil8/quali_sono_secondo_voi_le_maggiori_differenze_tra/j05vxos/
zla36x,,j04g22c,">Inoltre ti ritroveresti con le gambe troppo lunghe rispetto al torso, con un poco piacevole effetto 'trampoli'.

Adriano Celentano si era fatto disegnare così per la locandina del film Joan Lui:

https://preview.redd.it/ztgbduwzrs5a1.jpeg?width=1155&format=pjpg&auto=webp&s=1b1bf873dc03073e60d8b5ed0122dc677d41878a",[deleted],2022-12-14T00:14:19,3,Italia,https://reddit.com/r/Italia/comments/zla36x/sto_pensando_di_farmi_unoperazione_di/j04g22c/
zkxil8,,j03yr2o,"Non sono gli insulti dei singoli a fare male, piuttosto il modo di pensare e i pregiudizi della società. Questo vale per tutte le razze verso tutte le razze. C'è sempre qualcuno da discriminare sempre qualcuno ""piu a sud""; per esempio (senza generalizzare) gli svizzeri parlano male dei lombardi i lombardi dei meridionali i meridionali degli africani. E questo circolo vizioso non ha fine. Consiglio un film di Spike lee , do the right thing, che parla esattamente di questo.",AccaEmme,2022-12-13T22:14:38,2,Italia,https://reddit.com/r/Italia/comments/zkxil8/quali_sono_secondo_voi_le_maggiori_differenze_tra/j03yr2o/
zkzzhb,,j03w1l0,"Certo che guardo il mio portafoglio, che altro dovrei guardare?

Stai dicendo che dovrei andare in un paese in base a come stanno gli altri?
Che senso ha?

Faccio più soldi qui (anche in proporzione), ho più cose qui è sto meglio qui.
Tra l'altro io sono in Canada poco sopra seattle quindi manco pago niente di assicurazione medica e simili, qui è tutto pubblico.

Ovvio che guardo il mio, un orto che era letteralmente da terzo mondo in Italia ed è quasi da benestante qui.

Perché non dovrei adorare un posto che mi ha offerto TUTTO quando un'altro mi ha trattato da schiavo?

Frega proprio zero del resto, l'italia per me rimanere un film post-apocalittico di povertà e carestia. Ognuno ha la sua situazione e ho zero dubbi sia diversa e in posti diversi per tutti.

Per me è stato così.",Elija_32,2022-12-13T21:56:41,3,Italia,https://reddit.com/r/Italia/comments/zkzzhb/chi_è_italiano_è_ricco_e_nunno_sape_spesa/j03w1l0/
zju26g,,j02j2m1,"lol prima cosa escono dall'europa, poi la moratti chiude gli ospedali e fanno Bossi monarca supremo cosi il napoletano Sorrentino ci fa un film e vinciamo un altro oscar; come la vedi cosi?",notlur,2022-12-13T16:54:54,1,Italia,https://reddit.com/r/Italia/comments/zju26g/un_dato_chiaro_su_cui_riflettere_che_ne_pensate/j02j2m1/
zkbaqh,,j01ck0v,"Lo stereotipo del professore d'inglese che non sa l'inglese esiste anche all'estero, perché le nuove generazioni tendenzialmente lo imparano fin da piccoli grazie a internet, film e serie TV in lingua originale. 

Per quanto riguarda il metodo d'insegnamento, non è che a scuola si possa fare più di tanto. Un corso di lingua ti deve dare le basi, non puoi pretendere che ti porti ad un livello decente se non la usi mai al di fuori del contesto scolastico. Per esempio, in Scandinavia sanno l'inglese meglio di noi perché lo usano tutti i giorni, non perché il loro metodo d'insegnamento sia chissà cosa. 

Poi sono d'accordo che sia inutile far studiare la letteratura del 1200 in lingua originale a gente che non sa ordinare un caffè in inglese, ma anche mettendo 5 ore di conversazione alla settimana la situazione non cambierebbe molto. Al liceo linguistico si fa un'ora di conversazione alla settimana ed è completamente inutile, con 20+ persone in una classe non puoi contribuire più di tanto alla conversazione",Usual_Quiet_2209,2022-12-13T10:57:04,2,Italia,https://reddit.com/r/Italia/comments/zkbaqh/una_classifica_al_contrario/j01ck0v/
zkbaqh,,j01673f,"Certamente non pretendo che al linguistico si studi tutto ciò ma che ogni istituto decida a monte se insegnare gli ideogrammi giapponesi o no;d altronde a me alle elemtari insegnarono le cifre romane che servono eccome es nel cinema spesso si usa la cifra romana per firmare la data del film nei
Titoli di coda e
Mi insegnarono
Pure la scrittura cuneiforme babilonese ma mi rendo conto che le
Elementari degli 80
S non sono quelle di oggi",[deleted],2022-12-13T09:28:20,1,Italia,https://reddit.com/r/Italia/comments/zkbaqh/una_classifica_al_contrario/j01673f/
rrbpyb,,hqorg4s,"Frittura mista e insalata di polpo da asporto di un ristorante sotto casa (a Napoli costa quasi quanto un McDonald's), dopo mezzanotte se riesco vorrei andare su un belvedere lontano dal centro per guardare i fuochi dall'alto ma dipende da quanti turisti ci saranno in giro. Però mi hai fatto venir voglia di un bel film, forse è il momento di rivedere ""32 Dicembre"".",notlur,2021-12-31T15:02:01,1,Italia,https://reddit.com/r/Italia/comments/rrbpyb/zona_gialla_1400_pazienti_lombardi_valgono_meno/hqorg4s/
rrbpyb,,hqo8qob,Cena al McDonald poi vino fino a mezzanotte? Magari con un bel film alla TV?,Electric_grenadeZ,2021-12-31T12:03:48,1,Italia,https://reddit.com/r/Italia/comments/rrbpyb/zona_gialla_1400_pazienti_lombardi_valgono_meno/hqo8qob/
rp1ddu,,hqax4rk,"Il problema dei videogiochi è complesso.

Il primo problema è che c'è tanta, tanta merda. I giochi belli sono veramente pochi. Lo stesso può dirsi dei libri, certo, ma i libri hanno più filtraggio ""storico"", nel senso che abbiamo libri vecchi che sono sopravvissuti come classici. Oggi è difficile giocare a giochi vecchi se non hai la versione remastered o una console o computer vecchio.

Il secondo è che le storie dei videogiochi sono per forza meno complesse, e la ragione è perché un gioco è un media interattivo, in cui controlli il protagonista. Non puoi renderlo troppo complesso, e devi comunque fornire una meccanica di gioco altrimenti non è un gioco, ma un film. In altre parole, un libro può essere più complesso nella trama perché ha poi controllo del protagonista, e non deve creare una meccanica di gioco di crescente difficoltà.

Sono due mezzi diversi. Possono ispirarsi l'uno all'altro, ma non puoi fare un videogame dei promessi sposi. (Un libro che detesto, ma tanto per darti l'idea)",BucolicoAlcolico,2021-12-28T17:55:09,1,Italia,https://reddit.com/r/Italia/comments/rp1ddu/i_videogiochi_vengono_screditati/hqax4rk/
rp1ddu,,hq4ox7e,"Esistono tanti videogiochi che sono delle perle narrative, al pari di tanti romanzi, storie che ti lasciano qualcosa dentro o ti insegnano punti di vista diversi dal tuo, oppure ampliano le tue conoscenze.

Ormai sono diventata selettiva e difficilmente mi metto a giocare a qualcosa dove devo fare SOLO azioni ripetitive in modalità ""pilota automatico"", per cui ormai, se ho voglia di evadere e immergermi in avventure, esplorazioni, risate, malinconia, tenerezza, posso **scegliere**:

&#x200B;

* apro un libro;
* ascolto musica;
* guardo un film;
* videogioco.

Come ha già detto Violentakres, meno la gente conosce qualcosa e più gli trova da dire.

P.S. Sono contenta di sentire che qualcuno la pensa come me per quanto riguarda i videogiochi, e se qualcuno la pensa come me su qualcosa mi sento più serena.",Molly-Million,2021-12-27T09:34:10,2,Italia,https://reddit.com/r/Italia/comments/rp1ddu/i_videogiochi_vengono_screditati/hq4ox7e/
roxrp2,,hq4ipmk,"veramente meh. quello di lynch é molto meglio la scena del bagno dell imperatore nei due film dimostra la pochezza del secondo.


""passami l acqua"" non é come funziona la voce

nel primo lady jessica appena gli harkonnen  le tolgono il bavero

""non ce bisogno che lottiate per me posso essere di tutti e due"" e uno si alza e accoltella l altro che trallaltro stava guidando. pura voce diabolica e magnifica rappresentazione",Abababababbbb,2021-12-27T08:08:06,1,Italia,https://reddit.com/r/Italia/comments/roxrp2/che_filmserie_avete_visto_di_recente_vi_è_piaciuto/hq4ipmk/
roxrp2,,hq3eopr,"[""Arrugas""](https://en.wikipedia.org/wiki/Wrinkles_(film\)) - lungometraggio di animazione per adulti. Fatto molto bene, rispettando il fumetto originale - che trovo superiore per l'accento leggermente spostato sull'umorismo invece della malinconia.

Da vedere.

[""Bad Santa 2""](https://en.wikipedia.org/wiki/Bad_Santa_2) - più amaro del primo film, ma buono lo stesso. Billy Bob Thornton è un mostro della recitazione.

[""Mayor of Kingstown""](https://en.wikipedia.org/wiki/Mayor_of_Kingstown) - il sottobosco brutale e volgare di una città fittizia che rappresenta il peggio del gulag americano. Brutto, cattivo e affascinante.

[""1883""](https://en.wikipedia.org/wiki/1883_(TV_series\)) - nuova serie western fatta molto bene, anche se descrive piuttosto la finzione hollywoodiana che la realtà storica.

Ci sono anche un paio di cantanti ""country"" lì, come prova che le scuole moderne di recitazione fanno dei veri miracoli.

[""Beforeigners""](https://en.wikipedia.org/wiki/Beforeigners) - serie norvegese fantasy-poliziesco-storica che riesce a portare qualcosa di originale nella foresta dei *remake* più o meno mascherati. Attori molto interessanti, ma sconosciuti al di fuori del circuito scandinavo. Da vedere.

[""Generazione 56k""](https://it.wikipedia.org/wiki/Generazione_56k) - carino, ma meglio la pazza rossa che almeno aveva capacità affettiva.

[""Dopesick""](https://en.wikipedia.org/wiki/Dopesick_(miniseries\)) - molto duro e molto necessario. È la storia dell'epidemia di OxyContin negli Stati Uniti e di quelli che si sono fidati della scienza, degli scienziati e dello stato. Da vedere.

[""Fiasco""](https://en.wikipedia.org/wiki/Fiasco_(TV_series\)) - documentario molto dettagliato sull'affare Iran-Contra che aveva delle retroscene pazzesche. Importante per capire come funziona la politica statunitense.

[""American Rust""](https://en.wikipedia.org/wiki/American_Rust_(TV_series\)) - serie poliziesca inusuale, da un'Appalachia povera, triste, drogata e disperata.

[""Kin""](https://en.wikipedia.org/wiki/Kin_(Irish_TV_series\)) - romanzo criminale irlandese con un sacco di attori interessanti.

[""Surface""](https://en.wikipedia.org/wiki/Surface_(2005_TV_series\)) - serie di fantascienza straordinaria, del 2005, che purtroppo è stata cancellata dopo una sola stagione di 15 puntate.

[""Reservation Dogs""](https://en.wikipedia.org/wiki/Reservation_Dogs) - Taika Waititi colpisce ancora, e colpisce bene. La triste gioia di una gioventù nel ghetto amerindiano vi darà una nostalgia dolce-amara che trascende il tempo e lo spazio. Tutta colpa del neozelandese...

[""The North Water""](https://en.wikipedia.org/wiki/The_North_Water_(TV_series\)) - miniserie eccellente su una baleniera britannica nell'Artico. Atmosfera che ricorda la prima stagione di ""The Terror"".

[""Physical""](https://en.wikipedia.org/wiki/Physical_(TV_series\)) - il lato triste dell'America, versione San Diego, anni '80.

[""Ragnarok""](https://en.wikipedia.org/wiki/Ragnarok_(TV_series\)) - serie norvegese che riesce a trapiantare la mitologia Norse in un contesto moderno, conferendole una ciclicità molto interessante.",stefantalpalaru,2021-12-27T01:44:16,1,Italia,https://reddit.com/r/Italia/comments/roxrp2/che_filmserie_avete_visto_di_recente_vi_è_piaciuto/hq3eopr/
roxrp2,,hq1fpu3,"A me è piaciuto l’idea dell film in cui si trova molti riferimenti al film più vecchi. Ma in questo caso la storia era scritta per i bambini, honestamente niente aveva troppo senso 😅 Per esempio: perché Dr Strange, l’uomo così intelligente ha pensato che quell’incantesimo non era stupido ed egoisto? Non c’è niente strano con come Marvel voleva creare un film per i bambini, ma questi bambini non sanno questi film vecchi, allora non capiscono i riferimenti 😅",ErvkErvk,2021-12-26T16:38:55,1,Italia,https://reddit.com/r/Italia/comments/roxrp2/che_filmserie_avete_visto_di_recente_vi_è_piaciuto/hq1fpu3/
roxrp2,,hq1dkkj,L'ultimo film che ho visto e Shankshaw redemption. Me ha piaciuto molto.,puremptiness,2021-12-26T16:22:55,1,Italia,https://reddit.com/r/Italia/comments/roxrp2/che_filmserie_avete_visto_di_recente_vi_è_piaciuto/hq1dkkj/
roxrp2,,hq1d50l,"Perche? Si posso chiedere. Mi e piaccuto il film, ma speravo piu azione con gli 3 spiderman.",puremptiness,2021-12-26T16:19:37,3,Italia,https://reddit.com/r/Italia/comments/roxrp2/che_filmserie_avete_visto_di_recente_vi_è_piaciuto/hq1d50l/
roxrp2,,hq18th9,"Brutti combattimenti, pessima colonna sonora,zero suspence,la trama fa pena,i dialoghi peggio.
Comparsate a caso di vecchi personaggi, pieno di clip dei vecchi film,scene che somigliano alle vecchie per dare quel senso di nostalgia.

Ne faranno altri 2 o 3 per mungere la vacca.",planecompanyshort911,2021-12-26T15:45:42,8,Italia,https://reddit.com/r/Italia/comments/roxrp2/che_filmserie_avete_visto_di_recente_vi_è_piaciuto/hq18th9/
rlenup,,hpoyzcx,">e ti darei anche ragione... ma ti ripeto impedire il lavoro equivale a far fare la fame alla gente. gente che fino ad ieri, anzi anche oggi, ti paga le tasse e che devi, come governo TUTELARE non DISCRIMINARE.

ma nessuno impedisce il lavoro, ti vaccini e lavori semplice, oppure non ti vaccini e ci sono delle controindicazioni, ma non vedo forzature semmai le vedo al contrario voler per forza le stesse condizioni senza contribuire; questa e' liberta ma in tempi come questi non puoi pretendere di mettere sullo stesso piano chi si vaccina e chi no, io mi vaccino? dal tuo punto di vista corro un rischio, bene dovro pur avere qualche vantaggio a fronte del rischio che corro o no?

quando l'idraulico viene a fare il lavoro a casa mia io non gli mostro il tatuaggio ma non lo faccio entrare senza mascherina. e al film 7 minuti preferisco la canzone [7 seconds](https://www.youtube.com/watch?v=ZmnLou3lSAk)

ps io ho gia gli occhi verdi",Matinloc,2021-12-23T15:44:13,1,Italia,https://reddit.com/r/Italia/comments/rlenup/deleted_by_user/hpoyzcx/
rlenup,,hposq77,"e ti darei anche ragione... ma ti ripeto impedire il lavoro equivale a far fare la fame alla gente. gente che fino ad ieri, anzi anche oggi, ti paga le tasse e che devi, come governo TUTELARE non DISCRIMINARE.

questo cosa genera secondo te? che tutti sian contenti? a me se un idraulico che deve venire a fare un lavoro a casa mia pensi mi preoccupi se ha un tatuaggio o fuma sigarette? no, non me ne frega nulla, al massimo non fuma in casa mia.

&#x200B;

una volta che si iniziano a togliere ""DIRITTI"" (ed il diritto al lavoro è uno base) sulla base di... bho, qualsiasi cosa più seria o meno che sia... si sa come si inizia ma non si sa dove si arriva

oggi per un vaccino ""innocuo"" non lavori (ecchissene fattelo noo?), domani perché hai gli occhi verdi (echissene io li ho castani, mettiti una lente colorata), dopodomani perché ti puzza l'alito (ehhh una mentina che vuoi che sia) alla fine dove ti ritrovi? alla fine ti chiederai ""ma che è successo? come? quando?""

prova a guardarti il film ""7 minuti"" di Placido e cerca di immedesimarti non in chi accetta la perdita di quei 7 minuti ma di chi non lo accetta, una cazzata oggi, una domani",KB3168,2021-12-23T14:57:44,1,Italia,https://reddit.com/r/Italia/comments/rlenup/deleted_by_user/hposq77/
rm13a1,,hpkv0fo,"certo anche in america é molto comune in scuole private e nelle migliori pubbliche.
quello che peró é stato fatto in america negli ultimi 20 anni é stato sabotare queste competizioni in una maniera curiosa c é anche un documentario.

in pratica invece di parlare in maniera sensata é stato transofrmato in una sorta di rap battle in cui si parla velocissimo quasi quanto quelli che fanno le aste delle mucche e fa una sfilza di risoluzioni onu fino a raggiungere l inevitabile guerra termonucleare globale. letteralmente la maggior parte degli argomenti (marijuana legale vs no) vira verso un inevitabile crisi economica con le forze mondiali che iniziano a bombardarsi. una grande delusione da piccolo invece vidi un film di una scuola che sfidava i supercattivi della scuola dei ricchi nel dibattito aborto si (loro) contro no ( i fichetti di bel air) e li i dibattiti erano ancora il vecchio stile.


p.s. guarda la puntata sui dibattiti di community é esilarante",Abababababbbb,2021-12-22T17:30:31,2,Italia,https://reddit.com/r/Italia/comments/rm13a1/solo_io_trovo_le_vacanze_di_natale_o_estate_come/hpkv0fo/
rkwoqn,,hpco1eo,"Volere Volare   [https://it.wikipedia.org/wiki/Volere\_volare\_(film)](https://it.wikipedia.org/wiki/Volere_volare_(film))

Sono pazzo di Iris Blond [https://it.wikipedia.org/wiki/Sono\_pazzo\_di\_Iris\_Blond](https://it.wikipedia.org/wiki/Sono_pazzo_di_Iris_Blond)

Alfredo Alfredo [https://it.wikipedia.org/wiki/Alfredo\_Alfredo](https://it.wikipedia.org/wiki/Alfredo_Alfredo)",rhodigian,2021-12-20T22:39:02,1,Italia,https://reddit.com/r/Italia/comments/rkwoqn/romance_movie_suggestions/hpco1eo/
rjb329,,hp2gf15,Quanti premi sta vincendo questo film. Un bel ritorno al cinema per la Campion,MushroomTiny6104,2021-12-18T17:24:41,1,Italia,https://reddit.com/r/Italia/comments/rjb329/phoenix_critics_circle_awards_2021_il_potere_del/hp2gf15/
ri8mfe,,howndd6,"Non vedo l'ora di vedere il film con Denzel Washington, immagino che sia un Macbeth pazzesco",DonatellaSeville9,2021-12-17T11:44:39,1,Italia,https://reddit.com/r/Italia/comments/ri8mfe/annunciate_le_nominations_ai_black_reel_awards_i/howndd6/
rhpn9q,,howekd8,"l'equilibrio è sempre difficile ma ovviamente

sul vaccinarsi/non vaccinarsi come gesto di civiltà ci sarebbe da disquisire ognuno ha le sue motivazioni sia per farlo che non, ma non voglio entrarci

\--

la limitazione della libertà di lavorare è stato un atto gravissimo accettato, ed è questo che ha sconvolto me, troppo facilmente dalle persone.

oggi ti chiedono una cosa semplicissima e magari condivisibile: un vaccino

domani? mha chissà

prendi il film ""7 minuti"" di Michele Placido... 

7 minuti oggi per non chiudere e non licenziare nessuno cosa sono? nulla... 

ma 7 minuti oggi, domani altri 5, poi niente pausa pranzo, poi niente pausa pipì oppure ancora un timer ... e così via... 

alla fine sei diventato uno schiavo senza sapere né come né perché",KB3168,2021-12-17T09:56:56,2,Italia,https://reddit.com/r/Italia/comments/rhpn9q/covid_oggi_italia_locatelli_tamponi_a_vaccinati_e/howekd8/
ri8mfe,,hovi8fp,"I candidati di quest'anno per la categoria Miglior film sono:

The Harder They Fall
King Richard 
Passing
The Tragedy of Macbeth
West Side Story",awardseasonblog,2021-12-17T04:09:01,2,Italia,https://reddit.com/r/Italia/comments/ri8mfe/annunciate_le_nominations_ai_black_reel_awards_i/hovi8fp/
rhiqgq,,hosfab4,Ma di che parli? Per te condividere notizie vuol dire spacciare pubblicità? Non mi sembra che sono ripetute all'infinito...se il film riceve tante nominations a diversi premi lo si racconta ma che problema c'è?,DonatellaSeville9,2021-12-16T15:22:45,2,Italia,https://reddit.com/r/Italia/comments/rhiqgq/è_stata_la_mano_di_dio_candidato_per_il_miglior/hosfab4/
rhiqgq,,hoqqcgs,"E' stata la mano di Dio di Paolo Sorrentino ha conquistato la nomination ai Florida Film Critics Awards dopo quella ai Golden Globe, ai Critics Choice, ai St.Louis Film Critics Association Award e vinto il premio per il Miglior film internazionale ai Phoenix Film Critics Society Awards",awardseasonblog,2021-12-16T04:43:35,3,Italia,https://reddit.com/r/Italia/comments/rhiqgq/è_stata_la_mano_di_dio_candidato_per_il_miglior/hoqqcgs/
rg3vut,,hojl99j,"Ahaha senti io ho sempre pensato la stessa cosa. Cioè quel che pensa la maggior parte degli scienziati. Però ci sono dei però. Sia teorici, tipo una tecnologia in stile warp drive potrebbe ovviare al problema delle distanze ed è teorizzata dai fisici, sia fattuali come l'episodio del 2004 della Nimitz, o del 2014 sull'Atlantico sempre testimoniato da dei piloti di caccia americani e quindi con un alta credibilità, o gli episodi che coinvolgo molti testimoni come quello della scuola in Zimbabwe o in Australia. Oltretutto noi ci immaginiamo gli ET come nei film, ma questo è un limite che abbiamo.",ldv00,2021-12-14T18:49:07,1,Italia,https://reddit.com/r/Italia/comments/rg3vut/negli_usa_si_parla_sempre_di_più_di_ufo_e_del/hojl99j/
rfksw7,,hoegljd,"Dopo la nomination ai Golden Globe arriva per il film italiano E' stata la mano di Dio di Paolo Sorrentino un'altra preziosa candidatura ad uno dei Premi chiave dell'Awards Season, i Critics Choice Awards. La pellicola ha al suo attivo anche una candidatura ai Satellite Awards e ai St.Louis Film Critics Association Awards, oltre ad aver già vinto il Phoenix Film Critics Society Award per il Miglior film internazionale.",awardseasonblog,2021-12-13T17:23:12,1,Italia,https://reddit.com/r/Italia/comments/rfksw7/è_stata_la_mano_di_dio_di_paolo_sorrentino/hoegljd/
rfgf0j,,hodoayg,"Annunciati i vincitori dei Phoenix Film Critics Society Awards, i premi con cui i critici e i giornalisti dell'Arizona eleggono le migliori produzioni e performance cinematografiche della stagione.

Lo scorso anno ben 10 verdetti dei #PFCS Awards sono stati confermati agli Oscar:
film e regia (Nomadland), costumi (Ma Rainey’s Black Bottom), effetti speciali (Tenet), supporter femminile (Minari), supporter maschile (Judas and the Black Messiah), animazione e colonna sonora (Soul), scenografia (Mank), Internazionale (Another Round).

Quest'anno 2 film hanno vinto 5 premi a testa: 

-il dramma semi-autobiografico di Kenneth Branagh Belfast che ha vinto 5 premi: film, regia, supporter maschile Ciarán Hinds, script, giovane performance

-lo sci-fi di Denis Villeneuve Dune che ha vinto nelle categorie: colonna sonora, fotografia, montaggio, costumi, effetti

Tra gli altri vincitori spicca il primo premio dell'Awards Season al film italiano E' stata la mano di Dio di Paolo Sorrentino che ha vinto per il Miglior film internazionale",awardseasonblog,2021-12-13T14:04:40,1,Italia,https://reddit.com/r/Italia/comments/rfgf0j/ai_phoenix_film_critics_society_awards_il_film/hodoayg/
rbnj68,,ho8tih0,Si nei film di fantascienza... Lavoro nel campo e ti posso tranquillizzare che sicuramente non vedremo queste meraviglie nel 2040,Davu_85,2021-12-12T13:39:39,1,Italia,https://reddit.com/r/Italia/comments/rbnj68/wow_ecco_come_vivere_in_un_monolocale_senza_farsi/ho8tih0/
re352a,,ho4w6qc,"Annunciati i vincitori dei Boston Online Film Critics Association Awards, i premi con cui i critici on line di Boston scelgono i migliori film e le migliori interpretazioni della stagione cinematografica.

Quest'anno il magnetico adattamento di Jane Campion Il potere del cane ha vinto 7 premi: miglior film, miglior regia, miglior attore (Benedict Cumberbatch), miglior attrice non protagonista (Kirsten Dunst), miglior attore non protagonista (Kodi SmitMcPhee), miglior script, miglior fotografia. 

Segue con 2 premi tecnici lo sci-fi di Denis Villeneuve Dune che ha vinto per il montaggio e per la colonna sonora, quest'ultima in pole position per gli Oscar dopo aver già vinto numerosi premi tra cui l'Hollywood Music in Media Award, il Sunset Circle Award, il Washington DC Area Film Critics Association Award e l'Atlanta Film Critics Circle Award.

Tra i verdetti interessanti spicca quello per la miglior attrice assegnato a Kristen Stewart per l'apprezzato Spencer confermando il verdetto dei critici di Washington, di Atlanta e dei Sunset Circle Awards.",awardseasonblog,2021-12-11T16:26:21,1,Italia,https://reddit.com/r/Italia/comments/re352a/il_potere_del_cane_vince_7_boston_online_film/ho4w6qc/
rbz8fu,,hnra16p,"L’American Film Institute come ogni anno ha annunciato la lista dei 10 migliori film della stagione.
Lo scorso anno 6 film su 8 hanno ottenuto successivamente la candidatura agli Oscar nella categoria Miglior film: Nomadland,
Judas and the Black Messiah, Mank, Minari, Sound of Metal, The trial of the Chicago 7.
​
Ecco la lista di quest'anno:

CODA
Don't Look Up
Dune
King Richard 
Licorice Pizza 
Nightmare Alley
Il potere del cane 
tick..tick..Boom!
The Tragedy of Macbeth 
West Side Story 

SPECIAL AWARD: Belfast
Summer of Soul (… Or, When the Revolution Could Not Be Televised)",awardseasonblog,2021-12-08T19:45:19,1,Italia,https://reddit.com/r/Italia/comments/rbz8fu/afi_awards_2021_i_10_migliori_film_dellanno/hnra16p/
raw112,,hnlt92l,"Lo cercherò il film, grazie della dritta!",RiccardoBisoni,2021-12-07T15:56:21,1,Italia,https://reddit.com/r/Italia/comments/raw112/anglomerda_una_definizione_del_termine/hnlt92l/
raw112,,hnlqp4e,"Sisi,penso uno dei fattori sia che dopo 3 giorni in carica aveva dato lo stop alle ""enchanted torture"" usate post 9/11 dalla CIA,che si sono rivelate più o meno inutili.
Insomma un Nobel per la pace per porre fine a torture negli anni 2000,triste.
The Report è un film che ne parla.",planecompanyshort911,2021-12-07T15:37:27,4,Italia,https://reddit.com/r/Italia/comments/raw112/anglomerda_una_definizione_del_termine/hnlqp4e/
raam5z,,hniiszz,"Voglio vederlo, sembra un bel film solo dal trailer che mostra il giusto per stuzzicare l'audience.",Splatterh0use,2021-12-06T22:00:55,2,Italia,https://reddit.com/r/Italia/comments/raam5z/licorice_pizza_vince_5_atlanta_film_critics/hniiszz/
raam5z,,hnh00td,"Annunciati i vincitori degli emergenti Atlanta Film Critics Circle Awards (AFCC) co-fondati nel 2017 dai critici cinematografici di Atlanta Felicia Feaster e Michael Clark nel tentativo di colmare un vuoto nella comunità cinematografica locale e nella rappresentazione dei media di Atlanta sulla scena nazionale. 

Lo scorso anno 6 verdetti decretati dai critici di Atlanta sono stati confermati agli Oscar: film e regia (Nomadland), animazione e colonna sonora (Soul), internazionale (Another Round), script originale (Promising Young Woman).

Quest'anno l'omaggio alla Hollywood degli anni 70' con il film Licorice Pizza di Paul Thomas Anderson ha vinto 5 premi: miglior film, miglior cast, miglior script originale, miglior attrice Alana Haim, miglior supporter maschile Bradley Cooper

Segue con 4 premi il viaggio ipnotico di Jane Campion tra le pianure selvagge del vecchio West dal titolo Il Potere del cane che ha vinto nelle categorie: miglior fotografia, supporter femminile #KirstenDunst, miglior attore #BenedictCumberbatch, miglior regia.

Tra i verdetti interessanti spicca quello per il Best International Film laddove ha vinto la pellicola giapponese Drive my car dopo aver conquistato il premio per il miglior film ai NYFCC e quello per il miglior film Internazionale ai WAFCA, attestandosi per il momento come favorito di questa categoria",awardseasonblog,2021-12-06T16:04:23,1,Italia,https://reddit.com/r/Italia/comments/raam5z/licorice_pizza_vince_5_atlanta_film_critics/hnh00td/
ra51gy,,hng6qg6,"Anche a me sembra un azzardo. Credo che ci siano varie agevolazioni per chi ha figli e reddito basso. 

Non credo che ripaghi tutte le spese, ma ricordo un vecchio film in cui la coppia voleva (cit.) ""un attru figghiu!"" proprio per ricevere un contributo.

Però chissà, forse per loro stessi non vogliono ma per un bambino possono chiedere aiuto ai genitori (se sono più benestanti, che di solito è il caso).",neirein,2021-12-06T11:58:13,1,Italia,https://reddit.com/r/Italia/comments/ra51gy/sono_solo_io_a_non_capire_le_scelte_della_gente/hng6qg6/
r9usjy,,hnfths6,"Ti consiglierei di leggere siti e giornali italiani in maniera da capire che aria tira, anche qualche romanzo/film  recenti potrebbero essere una buona idea. 

 Con una laurea sei senz'altro avvantaggiato, una buona tattica potrebbe essere iniziare da te e poi fare tesi/ultimi anni qui.

Giornali:
www.ilpost.it

www.lastampa.it (ha diverse sezioni locali)


Film:

La pazza gioia

Smetto quando voglio

La terra dell'abbastanza 

Chiamami col tuo nome

Mia madre (ed in generale i film di Moretti)


Libri:

Quer pasticciaccio brutto de via Merulana, Gadda.

Qualcosa di Pirandello

Così fan tutti di Michele Dibdin

Il Gattopardo (essenziale)",4lphac,2021-12-06T08:54:48,2,Italia,https://reddit.com/r/Italia/comments/r9usjy/emigrare_in_italia/hnfths6/
r92lxy,,hn9bw5p,"Annunciate le nominations ai WAFCA, i premi con cui i critici e i giornalisti della Washington DC Area Film Critics Association, eleggono i migliori film e le migliori prove cinematografiche della stagione.

Quest'anno il dramma semi-autobiografico di Kenneth Branagh Belfast e l'adattamento del romanzo di Thomas Savage Il potere del cane di Jane Campion hanno conquistato 11 nominations a testa tra cui miglior film e miglior regia.

Seguono con 6 nominations:

- lo sci-fi di Denis Villeneuve Dune nelle categorie (regia, adattamento, scenografia, fotografia, montaggio, colonna sonora)

- l'omaggio di Steven Spielberg all'omonimo musical di Broadway del 1957 West Side Story nelle categorie (film, regia, supporter femminile, young performance, scenografia, adattamento)

I candidati per la categoria del Miglior film sono:

Belfast
The Green Knight 
Il potere del cane 
tick, tick...Boom!
West Side Story",awardseasonblog,2021-12-04T23:59:38,1,Italia,https://reddit.com/r/Italia/comments/r92lxy/belfast_e_il_potere_del_cane_conquistano_11/hn9bw5p/
r7rh3y,,hn6fvff,"Premi a mio parere meritatissimi, un film veramente bello (so che qualcuno non è d'accordo ma io preferisco questo a quello di Lynch).",zgido_syldg,2021-12-04T09:33:26,2,Italia,https://reddit.com/r/Italia/comments/r7rh3y/sunset_circle_awards_2021_dune_lepopea_scifi_di/hn6fvff/
r83zuo,,hn37z69,"Annunciate le noms ai Detroit Film Critics Society Awards, i premi con cui i critici e i giornalisti di Detroit scelgono i migliori film e le migliori performance cinematografiche della stagione.
Quest'anno a conquistare il maggior numero di candidature (5) è stato il remake del film francese La Famille Bélier, CODA di Sian Heder (adattamento, rivelazione, cast, supporter maschile, film)

Seguono con 4 nominations a testa:

-l'opera prima di Lin-Manuel Miranda tick,tick..Boom (adattamento, use of music, attore Andrew Garfield, regia)

-il biopic King Richard (supporter femminile Aunjanue Ellis, supporter maschile Jon Bernthal, attore Will Smith, film)

-la dark comedy di Adam McKay Don't Look Up (script originale, cast, regia, film)

I candidati per la categoria del Miglior film sono:

Belfast
CODA
Don't Look Up 
Cyrano
King Richard",awardseasonblog,2021-12-03T17:16:46,1,Italia,https://reddit.com/r/Italia/comments/r83zuo/detroit_film_critics_society_awards_il_remake/hn37z69/
r7rh3y,,hn1ny8p,"il nuovo dune ha fatto davvero cagare e chiunque non veda la manifesta superiorità del film di lynch non ha capito molto della storia

""passami l'acqua"" usato come addestramento per usare la voce sognifica non aver capito cosa é la voce.

la scena del bagno del barone dimostra quanto sia solo superfucie senza sostanza.


il bagno di lady jessica ha le pareti di cemento e le tute questo sono, tute. quelle del vecchio film sembrano funzionare veramente.

duncan idaho non ha che due linee nel primo libro e diventa fondamentale solo nella parte che non verra mai filmata

la cosa piu incredibile é che il vecchio veniva considerato ostico perché pretendeva di spiegare tutto creando difficolta nel seguire. in questo niente é spiegato e sembra facciano a botte per della paprika. sarei curioso di portare a vedere questo film a qualcuno che non ne sa nulla e vedere la sua faccia mentre i 7 nani camminano nel deserto al passo dello stronzo verso sticazzland nel finale di un film a metá.",Abababababbbb,2021-12-03T08:29:36,1,Italia,https://reddit.com/r/Italia/comments/r7rh3y/sunset_circle_awards_2021_dune_lepopea_scifi_di/hn1ny8p/
r7rh3y,,hn1895q,"Annunciati i verdetti dei Sunset Circle Awards #SCA2021, i premi assegnati da un ristretto e autorevole gruppo di critici americani alle migliori produzioni e performance cinematografiche dell'anno.

Quest'anno a conquistare il maggior numero di premi è stato l'epopea sci-fi di Denis Villeneuve, Dune che ha vinto in ben 6 categorie: film, regia, fotografia, colonna sonora, Scene Stealer, cast.

Seguono con 2 premi 3 pellicole:
-l'opera prima di Lin-Manuel Miranda (tick,tick..Boom!) (attore Andrew Garfield, Five Fire Director)
-il film di Nia DaCosta Candyman (horror, Five Fire Director)
-Il dramma semi-autobiografico di Kenneth Branagh Belfast (supporter femminile Caitriona Balfe e supporter maschile Jamie Dornan)

Tra i verdetti interessanti spicca Il premio per il miglior script ad Aaron Sorkin per Being The Ricardos (2°posto per Don't Look Up) e quello per la miglior attrice assegnato a Kristen Stewart per Spencer (2°posto per Nicole Kidman)",awardseasonblog,2021-12-03T05:26:40,2,Italia,https://reddit.com/r/Italia/comments/r7rh3y/sunset_circle_awards_2021_dune_lepopea_scifi_di/hn1895q/
r6cmv9,,hms9a2j,"Per l'Italia 🇮🇹 arriva la prima nomination della Stagione dei Premi americana: E' stata la mano di Dio di Paolo Sorrentino è tra i candidati ai Satellite Awards nella categoria Miglior film internazionale.

Ecco la lista dei nominati per il Best International Film:

A Hero (Iran)
Compartment No.6 (Finlandia)
Drive My Car (Giappone)
Flee (Danimarca)
Prayers for the Stolen (Messico)
The Good Boss (Spagna)
The Worst Person in the World (Norvegia)
Titane (Francia)",awardseasonblog,2021-12-01T11:30:12,2,Italia,https://reddit.com/r/Italia/comments/r6cmv9/satellite_awards_è_stata_la_mano_di_dio_di_paolo/hms9a2j/
qxd6wy,,hlhohoy,"Ah, il film preferito di Ricciardi!",[deleted],2021-11-21T09:11:18,1,Italia,https://reddit.com/r/Italia/comments/qxd6wy/il_metaverso_già_ci_avvolge_cosa_diventerà_la/hlhohoy/
qsr8ff,,hkg2m89,"ma una rapina finita male non é u film anzi é gia successo e proprio in riva al tevere. se era verso i navigli o cmq vicino l acqua avrebbe potuto essere un accidentale caduta, causa romantica pisciata, con alchohol e freddo che ti bloccano.
speriamo bene ma se sono qui hanno gia chiamato gli ospedali e sopratutto il suo cell",Abababababbbb,2021-11-13T11:13:59,2,Italia,https://reddit.com/r/Italia/comments/qsr8ff/deleted_by_user/hkg2m89/
qonr97,,hjpo3d8,"I am not from the USA to begin with. I guess you're somewhat right, especially in the film industry, but Europe is pretty far ahead when it comes to theatre and the live stage. Except for my country which is why I'm moving lol.",child_of_the7seas,2021-11-07T19:41:47,1,Italia,https://reddit.com/r/Italia/comments/qonr97/help_performing_arts_programs_in_italy/hjpo3d8/
qokoif,,hjnooic,"la capacità di Renzi di rendersi antipatico è un vero e proprio superpotere, quando è in programma il film Marvel sul supereroe fiorentino?  


SHISHMAN",katoitalia,2021-11-07T10:06:03,7,Italia,https://reddit.com/r/Italia/comments/qokoif/renzi_il_conto_corrente_e_la_tabella_incriminata/hjnooic/
qnw28o,,hjjg9jl,"Ti do una mia opinione personale da linguista, quindi prendila come vuoi.

\>su per giù capisco la situazione generale ma non ogni singolo senso di ogni frase

Questo è fondamentalmente lo step precedente a ciò a cui dovresti puntare, quindi sei già a buon punto.

Una persona che punta a studiare una lingua in un contesto non professionale, a mio avviso dovrebbe arrivare a capire il senso di ogni frase, anche se non capisce esattamente tutte le parole che ci sono dentro. Questo perché anche nella tua lingua madre spesso e volentieri si fa questa operazione, la conoscenza di tutte le parole non è indispensabile.

Se io ti dico, di fronte a una tavola imbandita ""Che *cornucopia* di delizie!"", pur non sapendo il significato di ""Cornucopia"" dal contesto, dal tono di voce e dalle altre parole puoi ben dedurre che stia facendo un'esclamazione di sorpresa positiva. Anzi, ironicamente se tu cercassi di focalizzarti troppo sulla parola, magari associandola a parole più comuni che potresti conoscere (es. corno o copia) potresti addirittura essere portato fuori strada dal significato originale.

Per le altre lingue vale lo stesso. Guarda film, ascolta musica in lingua originale. Come ti hanno consigliato l'ideale è guardare cose che ti piacciono e che magari già conosci in parte, così da poter fare delle associazioni e non annoiarti. Inoltre, un metodo che non ho ancora visto consigliarti ed è invece essenziale è la ripetizione.

Sebbene possa sembrare controintuitivo, è molto più utile (specie agli inizi) riguardare più e più volte lo stesso episodio per memorizzare e rendere tuoi gli schemi grammaticali e i contesti di utilizzo delle parole, rispetto a visionare sempre contenuti nuovi per assorbire più vocabolario. Ogni lingua ha le sue strutture sintattiche che rimangono fisse (similmente alla base italiana di ""Soggetto-verbo-complementi""). Una volta memorizzate quelle puoi poi sostituirci tutto il vocabulary nuovo che imparerai.",Rhoyan,2021-11-06T11:51:22,9,Italia,https://reddit.com/r/Italia/comments/qnw28o/italiani_e_linglese/hjjg9jl/
qnw28o,,hjjcfru,"Il mio consiglio, riguardati i tuoi film preferiti in inglese senza sottotitoli. Parti da quelli che ti ricordi a memoria e hai visto un sacco di volte. 

I sottotitoli sono utili per iniziare, ma ci sono meccanismi diversi nella comprensione con il solo ascolto. Conoscendo già il film, parti già conoscendo il senso delle frasi, vedrai che molto presto noterai una differenza enorme e inizierai a sentire anche cose nuove senza bisogno di sottotitoli.",Evehn,2021-11-06T11:09:04,3,Italia,https://reddit.com/r/Italia/comments/qnw28o/italiani_e_linglese/hjjcfru/
qg363m,,hi818np,Per i critici americani La grande bellezza ha vinto per la libertà del suo linguaggio cinematografico come riportato nelle recensioni che hanno seguito la proiezione del film. Poi ognuno può interpretare le vittorie come crede,awardseasonblog,2021-10-27T08:05:23,3,Italia,https://reddit.com/r/Italia/comments/qg363m/l_italia_ha_scelto_per_gli_oscar_2022_per_il_best/hi818np/
qg363m,,hi7zwkr,"la grande bellezza ha vinto perché aveva ""grande film italiano"" vibes, e per ragioni non necessariamente visibili agli anglosassoni lo è anche.",4lphac,2021-10-27T07:46:18,1,Italia,https://reddit.com/r/Italia/comments/qg363m/l_italia_ha_scelto_per_gli_oscar_2022_per_il_best/hi7zwkr/
qg363m,,hi7s7av,"È una domanda interessante perché in effetti La grande bellezza ha vinto per l'originalità del suo linguaggio cinematografico, mentre questo film è più lineare. In ogni caso È stata la mano di Dio è stato selezionato in tutti i Festival chiave che precedono l'Awards Season, il che dimostra la forte attrattiva da parte della critica americana. I suoi sfidanti più forti sono Iran, Giappone, Francia e Norvegia. La strada è lunga ma partiamo per lo meno con un buon candidato a differenza degli altri anni",awardseasonblog,2021-10-27T06:02:33,2,Italia,https://reddit.com/r/Italia/comments/qg363m/l_italia_ha_scelto_per_gli_oscar_2022_per_il_best/hi7s7av/
qg363m,,hi69nsw,Mi chiedo quale sia la probabilità che vinca due volte e con un film meno evocativo,4lphac,2021-10-26T22:27:44,2,Italia,https://reddit.com/r/Italia/comments/qg363m/l_italia_ha_scelto_per_gli_oscar_2022_per_il_best/hi69nsw/
qfd7q3,,hi0369a,">ci sono tipo il caso cucchi è un esempio

No, non ne esistomo. Il tipo ha parlato dopo 15 anni semplicemente perchè è diventato un caso mediatico di livello mondiale, addirittura ci stavano facendo un film.

Semplicemente la polizia gli ha tolto il divieto di parlare così da non far sembrare tutte le ffoo cattive. Proprio per creare un precedente in cui solo quegli agenti sembravano delle mele marce.

È piuttosto palese

Oltretutto la domanda è: se sapeva tutto perchè è stato zitto 15 anni permettendo che il nome della famiglia Cucchi venisse infangato di continuo e che loro vivessero un inferno giudiziario e mediatico? Come mai si è svegliato solo dopo che il caso è finito all'attenzione dell'UE ed è stato fatto un film distribuito in tutto il mondo?

Edit: stando alle sue parole è stato punito per aver parlato, se non è un sistema marcio e omertoso questo lol

Comunque non stiamo parlando di un supermercato ma del braccio armato dello stato, che dovrebbe garantire la sicurezza dei cittadini

Non sono proprio la stessa cosa",DragoSborra,2021-10-25T16:29:05,1,Italia,https://reddit.com/r/Italia/comments/qfd7q3/milano_manifestante_no_green_pass_colpito_al/hi0369a/
qbfuuo,,hhc71mx,Ah avevo capito “in Italia”. Comunque nella lista ci sono parecchi film non italiani…,crepaaaa,2021-10-20T08:14:45,1,Italia,https://reddit.com/r/Italia/comments/qbfuuo/deleted_by_user/hhc71mx/
qbfuuo,,hhc6qlv,Top 250 film _italiani_,quintilios,2021-10-20T08:09:58,1,Italia,https://reddit.com/r/Italia/comments/qbfuuo/deleted_by_user/hhc6qlv/
qbfuuo,,hhc60al,"Alla fine ci può anche stare, d’altronde è uno dei migliori film action del decennio.",crepaaaa,2021-10-20T07:58:43,1,Italia,https://reddit.com/r/Italia/comments/qbfuuo/deleted_by_user/hhc60al/
qbfuuo,,hhbwl1k,"Credo sia dovuto al fatto che i film di Bud Spencer siano più leggeri, e per questo poi la gente non va a recensirli su IMDb non ottenendo così i 10.000 voti minimi per essere inclusi nella lista.",crepaaaa,2021-10-20T05:49:35,1,Italia,https://reddit.com/r/Italia/comments/qbfuuo/deleted_by_user/hhbwl1k/
qbfuuo,,hhac7k1,"Sono contento che Antichrist sia ultimo in classifica, è un film tremendo",Fil1997,2021-10-19T21:51:43,1,Italia,https://reddit.com/r/Italia/comments/qbfuuo/deleted_by_user/hhac7k1/
qbfuuo,,hh9suzq,C'è John Wick ma non c'è nessun film con bud Spencer,quintilios,2021-10-19T19:40:34,2,Italia,https://reddit.com/r/Italia/comments/qbfuuo/deleted_by_user/hh9suzq/
q1yynh,,hfhymbj,"Mi sembra molto difficile.

Cominciamo col dire che dopo che una persona finisce di studiare e/o lavorare o si rilassa o si dedica alla cosa che più le interessa, e se fai lo scrittore devi competere per l'attenzione della gente con cose come: musica, video su Internet, film, videogiochi, altri tipi di letture saggistiche o professionalizzanti, serie TV, sport in streaming, podcast, hobby vari (sport, suonare strumenti, etc.). 

Ora, anche concentrandoci sulla piccola parte di queste persone che vuole leggersi un libro (non di saggistica o professionale), perché dovrebbero leggere il \*tuo\* libro? Hanno a disposizione un catalogo infinito di autori di capolavori, e allo stesso tempo hanno un catalogo infinito sia di autori contemporanei, sia di influencer che scrivono libri, e sia di scrittori completamente casuali (ho almeno due contatti su Instagram che pubblicano libri autoprodotti su Amazon con poesie cringe-erotiche di dubbio gusto, ma bene comunque per loro che ci provino). 

Per dire, la competizione è altissima se vuoi esordire nel 2021, e o sai di avere una buonissima idea e vuoi scommettere su quello (anche lì è difficile), oppure stai buttando tempo.  

Conviene forse fare qualcos'altro e parallelamente scrivere e provare ad emergere, senza aspettarsi troppo, secondo me. Un buon modo te lo dà Amazon se vuoi guadagnare pure qualcosa e vuoi avere una certa visibilità, altrimenti potresti pure distribuire il libro gratis. In ogni caso è difficile. 

P.S. Parlo con il ""tu"" ma è un ""tu"" impersonale.",CommunismBestWaifu,2021-10-05T16:53:00,4,Italia,https://reddit.com/r/Italia/comments/q1yynh/vivere_facendo_lo_scrittore/hfhymbj/
q0n9aq,,hf9awpu,"Per me un film puramente estetico, edonista. Gran bella prova di Bale e di gra supporto il cast di contorno. Ma nulla di più.",elf0curo,2021-10-03T18:55:24,2,Italia,https://reddit.com/r/Italia/comments/q0n9aq/deleted_by_user/hf9awpu/
pygwbd,,heua7s8,"Personalmente credo Youtube e piattaforme simili dovrebbero mettere un bell'avviso prima di mostrare ogni contenuto digitale di dubbia provenienza, come lo si fa per i film porno, horror, violenza, ecc. Questo almeno informerebbe il pubblico delle origine del contenuto digitale e del perché è stato marchiato come dubbia fonte.",Toygr,2021-09-30T12:08:11,2,Italia,https://reddit.com/r/Italia/comments/pygwbd/deleted_by_user/heua7s8/
pvacpw,,he8utqx,"No è che la gente ci casca perché come illustrato nei film holliwoodiani l’America è figa, le loro università sono le migliori e i più grandi geni vengano da là.",samuhel_,2021-09-25T17:47:46,2,Italia,https://reddit.com/r/Italia/comments/pvacpw/secondo_gli_esperti_della_fda_i_vaccini_covid19/he8utqx/
pser7m,,hdp3k7c,Su Amanda Knox è stato fatto un film in cui è vittima di un complotto di quei latinos degli italiani. Quindi tutto il mondo è paese.,GiorgioPerlasca,2021-09-21T08:47:16,9,Italia,https://reddit.com/r/Italia/comments/pser7m/i_media_italiani_spacciano_come_innocenti_i/hdp3k7c/
pr6pud,,hdigbkd,"Ok doppiaggio merda e chi guarda i film doppiati è rincoglionato, very edgy, molto originale.",[deleted],2021-09-19T21:12:03,1,Italia,https://reddit.com/r/Italia/comments/pr6pud/deleted_by_user/hdigbkd/
pr6pud,,hdi7oln,"Attenzione, io non ce l'ho con chi guarda i film doppiati, anzi io ritengo che siano le vittime principali di questa situazione ed hanno il sacrosanto diritto di avere un doppiaggio come si deve.

Dobbiamo però dire che quella dei doppiatori, in Italia è una casta. Non è possibile che per decenni, i protagonisti dei film americani abbiano parlato con la voce di Ferruccio Amendola, a prescindere dalla loro etnia.

Io ho letteralmente ricominciato a guardare il cinema quando ho scoperto i film in lingua originale o sottotitolati. I doppiatori italiani doppiano sempre a voce alta, anche quando i protagonisti parlano con voce normale o sottovoce. Col doppiaggio italiano, i personaggi italiani sembrano sempre agitati o arrabbiati, mentre ascoltati in lingua originale sembrano molto più sereni e pacati.",GiorgioPerlasca,2021-09-19T20:12:15,2,Italia,https://reddit.com/r/Italia/comments/pr6pud/deleted_by_user/hdi7oln/
pr6pud,,hdi12zo,"Ma sinceramente ti dà così tanto fastidio che la gente guardi i film doppiati? Non ci dormi la notte? Impara a rispettare i gusti della gente, ché la puzza di snob attraverso lo schermo del mio PC fra un po'

Tra l'altro ho pure scritto che ho visto roba in lingua originale...",[deleted],2021-09-19T19:29:34,1,Italia,https://reddit.com/r/Italia/comments/pr6pud/deleted_by_user/hdi12zo/
pr6pud,,hdhpw1h,"> Ecco un altro che siccome guarda i film in originale si ritiene più sveglio degli altri... 

Ecco un altro che si guarda pure i film italiani doppiati da persone diverse da quelle che compaiono sullo schermo e non ha ancora capito la correlazione tra la voce e la forma della faccia.",stefantalpalaru,2021-09-19T18:15:52,1,Italia,https://reddit.com/r/Italia/comments/pr6pud/deleted_by_user/hdhpw1h/
pr6pud,,hdhmvci,"Ecco un altro che siccome guarda i film in originale si ritiene più sveglio degli altri... siamo nel 2021, lasciate che ognuno si guardi le cose come cacchio gli pare, echecacchio (e parlo io che di roba in originale ne ho vista).",[deleted],2021-09-19T17:56:12,1,Italia,https://reddit.com/r/Italia/comments/pr6pud/deleted_by_user/hdhmvci/
pr6pud,,hdhf3ly,"""Eh, ma quelli che guardano i film in lingua originale vogliono solo darsi un tono!""",GiorgioPerlasca,2021-09-19T17:06:22,1,Italia,https://reddit.com/r/Italia/comments/pr6pud/deleted_by_user/hdhf3ly/
pr93fp,,hdhe3e0,Per i film di merda che fanno da 10 anni a sta parte starei a casa anche io,FarDade,2021-09-19T16:59:28,-2,Italia,https://reddit.com/r/Italia/comments/pr93fp/covid_e_vaticano_tredici_cardinali_contagiati/hdhe3e0/
pr6pud,,hdgew4r,Quanto gli dà fastidio agli yankee che altri hanno una storia millenaria! Devono distruggere i nostri monumenti nei film per sentirsi meglio!,GiorgioPerlasca,2021-09-19T12:30:05,2,Italia,https://reddit.com/r/Italia/comments/pr6pud/deleted_by_user/hdgew4r/
pqi1dj,,hdcmyy5,"Non riesco a capire come mai i film di una volta avessero una marcia in più.

Voglio dire: cast eccezionale, riprese per l'epoca all'avanguardia, una storia d'amore (attenzione, poco e quasi nulla di sesso), dialoghi da oscar e TANTE comparse",RepubblicanPatriot,2021-09-18T16:55:49,2,Italia,https://reddit.com/r/Italia/comments/pqi1dj/the_fall_of_the_roman_empire_1964_lantesignano/hdcmyy5/
pp82mm,,hd3vn1o,"Penso che sia meglio scrivere che non è dei tuoi gusti. Anche se dopo questo film non ho visto altro del buon Tarsem. Sicuramente questo film pecca di una trama abbastanza statica visto il materiale di partenza. Però dal lato visivo non fa mancare niente, anzi lì dove vi è la mancanza sembra che ci abbia messo più sostanza. Oltretutto è l'ultimo lavoro della grande Ishioka, che purtroppo ci ha lasciati qualche anno più tardi.",elf0curo,2021-09-16T18:04:51,1,Italia,https://reddit.com/r/Italia/comments/pp82mm/immortals_2011_la_titanomachia_secondo_tarsem/hd3vn1o/
po61fy,,hcun7j3,"Esiste la separazione tra potere legislativo, esecutivo e giudiziario. Walter Onichini ha deciso di avere sia il potere giudiziario che quello esecutivo. Ha emesso la sentenza e l'ha eseguita.

Nel 2021, in una nazione che vuole definirsi democrazia rappresentativa parlamentare, queste cose non dovrebbero succedere. Però, c'è un partito, amico dei venditori di armi, che promuove il farsi giustizia da soli, e tanti, dopo aver visto western ed altri film d'azione, ci cascano.",GiorgioPerlasca,2021-09-14T18:26:17,0,Italia,https://reddit.com/r/Italia/comments/po61fy/vi_chiedo_ora_una_cosa/hcun7j3/
pmh3jf,,hckmcoy,"Mi hai tolto le parole di bocca. Io io machismo,come la mascolinità tossica non so dove siano di casa,non sono mai stati minimamente anche solo insinuati all’interno del mio ambiente familiare,al massimo solo nell’ambito scolastico,ma ho sempre comunque percepito che fosse intrinsecamente sbagliato,e mi sono sempre stupito di come ad altri ragazzi questo non fosse proprio possibile da capire. Negli anni,più sono andato avanti,più molti eventi correlati al fenomeno culturale della mascolinità tossica,(come del patriarcato e della misoginia che ne conseguono) mi hanno portato ad avere molta più paura degli uomini che delle donne,come uomo questo mi ha aiutato ad entrare nel mondo femminile e a circondarmi di tante amiche,che ringrazio perché mi hanno sempre voluto bene e che mi hanno in qualche modo iniziato alle bellezze del mondo femminile,ma mi hanno proibito di stringere un rapporto d’amicizia con tanti ragazzi nel corso della mia vita,con cui comunque forse non avrei avuto un granché rapporto se queste sarebbero stati i fattori della nostra amicizia. Ho pochi amici maschi,ma buoni,ragazzi grandiosi,dei gran brav’uomini. Altri che ho conosciuto o mi hanno fatto accapponare la pelle o mi hanno proprio traumatizzato. Io credo sia tutto dovuto al fatto che noi abbiamo intrinsecamente paura della nostra anima,non sappiamo più come esserci in contatto,perché è incosciente,incivile perché non ha mai conosciuto il sentimento o l’emozione in certi casi. O magari mi sto solo girando un film e la verità che molti non sono mai andati oltre la denominazione comportamentale di mammiferi.",Adventurous-Ad-9284,2021-09-12T15:29:26,1,Italia,https://reddit.com/r/Italia/comments/pmh3jf/domande_sulla_psicologia_maschile_frasta_tipa_ci/hckmcoy/
pfc7zn,,hb75spd,"Il tuo datore di lavoro e famiglia sono dei cazzari da film di Fantozzi, e no, non è lecito quello che chiedono. Fossi in te chiarirei in modo neutrale col tuo capo spiegandoli la cosa non è pratica e se insiste chiedi sostegno all'Ispettorato Nazionale del Lavoro.",Splatterh0use,2021-09-01T15:35:56,1,Italia,https://reddit.com/r/Italia/comments/pfc7zn/datore_di_lavoro_mi_chiede_di_alzarmi_in_piedi/hb75spd/
pf3ld9,,hb2t6vg,"già, ora sono in cassa di integrazione fino a novembre, non è nemmeno l'azienda che mi paga. poi a novembre non so cosa succederà, hanno altre sedi in italia ben oltre i 60km.  
spero smart working, ma senza incarichi ha senso?

grazie per la tua attenzione, non ho visto il film di Zalone, rimediero!  
ciao!",leoNerd108,2021-08-31T16:54:47,1,Italia,https://reddit.com/r/Italia/comments/pf3ld9/rapporto_di_lavoro_strano/hb2t6vg/
pdrr0l,,hasrwpc,"La mafia è e sarà sempre un gruppo di codardi e vigliacchi punto, a volte mi da fastidio come i film romanticizzino la mafia italiana come chissà quale gruppo di persone che ruota attorno all'onore, alla famiglia, al rispetto, e ammetto che lo fanno pure bene. Nella vita vera però i mafiosi sono tutti viscidi codardi senza palle, spazzatura della società, rifiuti senza possibilità di redenzione.

Il fatto che così tante persone decidano anche di fare i sicari per loro, di dare la vita e finire in prigione per il resto dei propri giorni perché ""il boss l'ha ordinato"", e magari pensano pure di ricevere onore e gloria in questo modo e di aver dato la vita alla ""giusta causa"" fa capire anche quanto bassa sia l'intelligenza media di queste ""persone"". Animali tutti, dal primo all'ultimo.",nJacob8,2021-08-29T13:10:31,18,Italia,https://reddit.com/r/Italia/comments/pdrr0l/29_agosto_1991_limprenditore_siciliano_libero/hasrwpc/
pdrf5c,,has88j4,Credo di aver già visto questo film ^(/s),ByteEater,2021-08-29T09:02:40,1,Italia,https://reddit.com/r/Italia/comments/pdrf5c/subreddit_veneto_che_non_è_zona_deserticaturistica/has88j4/
p8qqp5,,h9t6y6i,"> non mi impressiona per nulla

Quel film che non hai visto ancora? Ma va...",stefantalpalaru,2021-08-21T17:29:01,1,Italia,https://reddit.com/r/Italia/comments/p8qqp5/il_nuovo_dune_di_villenevue/h9t6y6i/
p8qqp5,,h9sqi52,">.quando ho sentito ""la crociata"" e non il Sacro Jihad mi è sceso un po il magone e ho perso fiducia

Questo in effetti è terribile, non me n'ero accorto.

Giustamente Al Jazeera si offende per la cosa ( [https://www.aljazeera.com/opinions/2020/10/11/paul-atreides-led-a-jihad-not-a-crusade-heres-why-that-matters](https://www.aljazeera.com/opinions/2020/10/11/paul-atreides-led-a-jihad-not-a-crusade-heres-why-that-matters) )

Possiamo tuttavia sperare che sia una scelta solo per il trailer, e che nel film usino anche jihad.",Lupo_1982,2021-08-21T15:26:01,1,Italia,https://reddit.com/r/Italia/comments/p8qqp5/il_nuovo_dune_di_villenevue/h9sqi52/
p8qqp5,,h9so02c,da piccolo fui rapito dal film infatti poi da grande ho sviluppato un interesse enorme per la religione pur essendo più agnostico della merda,Abababababbbb,2021-08-21T15:06:38,1,Italia,https://reddit.com/r/Italia/comments/p8qqp5/il_nuovo_dune_di_villenevue/h9so02c/
p8qqp5,,h9sljho,"A me non ha fatto questa impressione, anzi personalmente ho apprezzato l'estetica che si è vista finora.

Ovviamente è questione di gusti, ma se fossi in te aspetterei prima di dichiararti deluso, giudicare un intero film dal trucco di un personaggio secondario è un po' affrettato :)",Lupo_1982,2021-08-21T14:47:32,1,Italia,https://reddit.com/r/Italia/comments/p8qqp5/il_nuovo_dune_di_villenevue/h9sljho/
p88j7o,,h9p25sh,Wow Phoenix ha fatto un nuovo film..grazie devo vederlo assolutamente adoro quest attore,AngelMedoux,2021-08-20T18:50:27,0,Italia,https://reddit.com/r/Italia/comments/p88j7o/oscar_2022_i_15_migliori_attori_da_tenere_docchio/h9p25sh/
p4gfr8,,h90218i,"Gli Stati Uniti d'America hanno finanziato ed armato i talebani: https://cdn.jpg.wtf/futurico/50/75/1386864867-50758b7d51d8bd35fda6aecd48df33bd.jpg?w=700

Nel film Rambo 3, il personaggio interpretato da Stallone combatte a fianco dei Mujaedin contro i sovietici: https://it.m.wikipedia.org/wiki/Rambo_III

Non ha forse ragione allora Gino Strada ad essere antiamericano?

Edit. Qui viene analizzata l'assistenza degli USA ai talebani: https://en.m.wikipedia.org/wiki/Allegations_of_CIA_assistance_to_Osama_bin_Laden",GiorgioPerlasca,2021-08-15T05:55:31,1,Italia,https://reddit.com/r/Italia/comments/p4gfr8/2007_la_bonino_attacca_strada_ha_agito_in_modo/h90218i/
p26fvv,,h8jjqhk,"Dove posso leggere o vedere la storia dei partigiani? Libri, film, documentario?",DianaPrince_YM,2021-08-11T15:14:54,4,Italia,https://reddit.com/r/Italia/comments/p26fvv/11_agosto_1944_i_partigiani_guadano_larno/h8jjqhk/
p17dzw,,h8cc4pf,"Io avevo letto che fosse questo il più piccolo d'Europa: https://www.puglia.com/noicattaro-teatro-piccolo/

Da capire quali siano i criteri di valutazione. 

A parte ciò, il teatro Nojano fu anche scelto nel 2019 per una scena del film Pinocchio di Garrone (e Benigni).",metalcoholicfreak,2021-08-09T22:41:27,2,Italia,https://reddit.com/r/Italia/comments/p17dzw/non_ci_crederete_mai_fate_una_ricerca_per/h8cc4pf/
p0zrbg,,h8a0i3p,"Ricordo solo che andò in onda su moltissimi canali nello stesso momento, la trama se non sbaglio era più o meno così, un ragazzo innamorato aveva bisogno di qualcosa per conquistare la ragazza, però per avere questa cosa deve fare un favore e così via dicendo, mi sembra che uno dei favori era procurarsi un vestito un altro era un quadro uno tipo una chitarra se non sbaglio pure un profumo. So di essere molto vago ma ripeto di aver visto questo film penso almeno 10 anni fa",Basanas,2021-08-09T12:15:35,1,Italia,https://reddit.com/r/Italia/comments/p0zrbg/film_italiano_di_cui_non_ricordo_il_titolo/h8a0i3p/
oyedxy,,h7sj4ep,"Invece sì che puoi, “cogito ergo sum”. Se hai una coscienza e senti di essere padrone dei tuoi pensieri vuol dire che esisti. 
Mentre non hai la certezza che ciò che sta attorno a te sia autentico come lo sei tu, soprattutto quando si parla di notizie che sono addirittura al di fuori della sfera di ciò che sperimenti di persona. E comunque anche ciò che sperimenti di persona non è detto che sia reale. Pensa al film matrix per esempio.",samuhel_,2021-08-05T11:15:46,-3,Italia,https://reddit.com/r/Italia/comments/oyedxy/islandarecord_di_casi_con_il_75_di_popolazione/h7sj4ep/
owdyp5,,h7fy5ax,"Dialetto milanese in TV? A parte quando trasmettono i film di Aldo, Giovanni e Giacomo non penso di averlo mai sentito.

Comunque mi riferivo alla parlata tipo ""che ce frega"", ""che je voi dì"", ""namo bene"", ""scià rotto er cazzo"" e cose del genere",[deleted],2021-08-02T16:08:07,1,Italia,https://reddit.com/r/Italia/comments/owdyp5/perché_il_romanesco_è_così_istituzionalizzato/h7fy5ax/
owdyp5,,h7fglhq,"Personalmente non sopporto gli accenti, vorrei che parlassero tutti l’italiano standard usato nei film stranieri doppiati. 
Comunque anche il lombardo è ricorrente nei mass media",samuhel_,2021-08-02T13:54:45,4,Italia,https://reddit.com/r/Italia/comments/owdyp5/perché_il_romanesco_è_così_istituzionalizzato/h7fglhq/
ostbnd,,h72cwn5,"Eh si, se indagini, patteggiamenti e processo per la lombardia film commission ci ha insegnato qualcosa è che la lega sceglie proprio male chi gli amministra i soldi.

Parte lesa.",SnooWords259,2021-07-30T09:48:01,2,Italia,https://reddit.com/r/Italia/comments/ostbnd/la_lega_avvia_una_raccolta_fondi_per_la_sardegna/h72cwn5/
oqx5jx,,h6k6t2k,"No, la mentalità del medio evo era profondamente diversa da quella di oggi. Chi pensa il contrario ha studiato la storia coi film di Hollywood.",GiorgioPerlasca,2021-07-26T06:45:15,1,Italia,https://reddit.com/r/Italia/comments/oqx5jx/progetto_terra_una_società_migliore/h6k6t2k/
or7sre,,h6hm39e,"Prima di tutto a te sta bene questa situazione? Se la risposta è no allora l'unica è parlarne direttamente con lui e spiegare tutto e vedere come evolve. Non puoi dire che siete la coppia perfetta se c'è la possibilità che questo equilibrio dipenda unicamente dal fatto che lui frequenta un'altra persona, quindi parla, si sfoga o che altro con la sua ex anziché con te.
Se io fossi in te avrei già chiuso una relazione del genere, non potrei mai accettare che la mia ragazza stesse in compagnia o sentisse il suo ex, condividendo film, ecc ecc e soprattutto messaggi come quello che hai citato.",foundghostred,2021-07-25T16:41:34,1,Italia,https://reddit.com/r/Italia/comments/or7sre/il_mio_compagno_e_il_rapporto_ambiguo_con_lamica/h6hm39e/
or7sre,,h6gfhnh,"Lui ha 40 anni. Guardano film a distanza ma sintonizzandosi, quindi lui spesso guarda documentari al tablet con lei mentre lei guarda lo stesso a casa propria. Non so cosa faccia la ragazza, o almeno non lo saprei minimamente se fosse per il mio compagno. Certo che so dove lavora il mio compagno. L'ultima domanda non l'ho capita e la risposta è no.",[deleted],2021-07-25T08:44:42,3,Italia,https://reddit.com/r/Italia/comments/or7sre/il_mio_compagno_e_il_rapporto_ambiguo_con_lamica/h6gfhnh/
or7sre,,h6gf5nn,"Potresti rispondere a queste domande?

- quanti anni ha il tuo compagno?

- in che senso guardano film e documentari insieme? Fisicamente insieme? E dove?

- non sai cosa faccia la ragazza nella vita o il tuo ragazzo? Non sai dove lavora il tuo ragazzo e cosa fa?

-sai se in passato, il tuo ragazzo ha prestato servizio come volontario per il ministero della difesa o per il ministero dell’interno?",samuhel_,2021-07-25T08:39:31,0,Italia,https://reddit.com/r/Italia/comments/or7sre/il_mio_compagno_e_il_rapporto_ambiguo_con_lamica/h6gf5nn/
oqe1mb,,h6geab2,"La paura dell’uomo (e donna) delle caverne era fondata. Alcuni animali sono predatori e giustamente sono prudenti.

Per quanto improbabile che sia tutto un mega complotto ai miei danni, non è da escludere. 
“Penso dunque sono”, ho una coscienza e quindi so di esistere. Mentre non ho la certezza che tutto ciò che è intorno a me sia autentico come lo sono io. 
Pensa al film Matrix per esempio.",samuhel_,2021-07-25T08:26:03,1,Italia,https://reddit.com/r/Italia/comments/oqe1mb/green_pass_a_giorni_alterni_chi_dimentica_è/h6geab2/
oqe1mb,,h6clhbj,">Sei morto per il dissanguamento

Se ciò fosse vero, chi mi ha accoltellato non potrebbe essere accusato di omicidio.

La causa della mia morte è stato l'accoltellamento, con la conseguente morte da dissanguamento. Tutto ciò perchè la causa della causa della mia morte è stato l'accoltellamento.

Questo è lo stesso motivo per cui tu puoi denunciare il tuo datore di lavoro se non ti dà, per esempio, un casco di protezione e ti cade in testa un qualcosa. 

>oppure se i paramedici fossero stati più tempestivi e più bravi non saresti morto dissanguato; saresti morto poi per altri motivi.

Il resto è praticamente supposizioni. Non puoi pretendere che qualcuno sia onnisciente delle pratiche mediche o toba così.

E ancora... se dovessimo seguire il tuo ragionamento, chi mi ha accoltellato non dovrebbe subire conseguenze.

Perchè ho fatto questo esempio? Il covid potrebbe non ucciderti sul colpo (ie: l'accoltellata) ma le sue conseguenze potrebbero (ie: il dissanguamento).

Edit: Per farti capire, nei film di polizia il coroner dice ""Causa della morte: Trauma da corpo contundente"", non ""Il cervello ha picchiato contro la scatola cranica"".",TestaOnFire,2021-07-24T09:35:25,3,Italia,https://reddit.com/r/Italia/comments/oqe1mb/green_pass_a_giorni_alterni_chi_dimentica_è/h6clhbj/
oojdvt,,h5zc4pr,"Il punto più basso mai raggiunto nella storia dell’Italia Repubblicana. Un’immensa vergogna con la quale le Istituzioni non hanno mai fatto veramente i conti, del resto basti vedere gli avanzamenti di carriera,all’interno dell’apparato Statale,della scellerata catena di comando (i veri e indiscutibili carnefici) che contribuì a rendere Genova un teatro di mattanza.

La visione del film “Diaz” (dal quale credo sia tratta l’immagine del thread) è sempre consigliata: non c’è nessun romanzamento,nessuna licenza poetica,nessuna “adulterazione”: pura e semplice denuncia sociale basata sulle testimonianze in sede processuale di chi quella notte (e quei giorni) li ha vissuti.",Ale9357,2021-07-21T08:27:11,1,Italia,https://reddit.com/r/Italia/comments/oojdvt/21_luglio_2001_a_genova_durante_lo_svolgimento/h5zc4pr/
oojdvt,,h5z7nej,"Il punto più basso mai raggiunto nella storia dell’Italia Repubblicana. Un’immensa vergogna con la quale le Istituzioni non hanno mai fatto veramente i conti, del resto basti vedere gli avanzamenti di carriera,all’interno dell’apparato Statale,della scellerata catena di comando (i veri e indiscutibili carnefici) che contribuì a rendere Genova un teatro di mattanza.

La visione del film “Diaz” (dal quale credo sia tratta l’immagine del thread) è sempre consigliata: non c’è nessun romanzamento,nessuna licenza poetica,nessuna “adulterazione”: pura e semplice denuncia sociale basata sulle testimonianze in sede processuale di chi quella notte (e quei giorni) li ha vissuti.",Ale9357,2021-07-21T07:38:04,1,Italia,https://reddit.com/r/Italia/comments/oojdvt/21_luglio_2001_a_genova_durante_lo_svolgimento/h5z7nej/
og44h0,,h4gxvr8,"Ho 26 anni e credo che a molti giovani come me piace il cinema, piacciono i film quindi, ma anche le serie TV, gli anime giapponesi, i fumetti e soprattutto la musica, non importa di che genere, e molto spesso tutte queste forme d'arte presentano dei temi di attualità molto forti. Proporrei quindi una sorta di discussione legata ai temi trattati nei vari film, serie o quant'altro, partendo dalla scena, dalla canzone, o dalla vignetta, per poi passare alle riflessioni personali dei ragazzi. Non so magari agli occhi di chi è più grande di me questa mia proposta può sembrare una stupidaggine, non saprei, ma questa è comunque un'idea.",ctod95,2021-07-08T13:19:03,2,Italia,https://reddit.com/r/Italia/comments/og44h0/suggerimenti_e_nuovi_punti_di_vista_per_un/h4gxvr8/
o1yyhj,,h23sy1f,"Ovviamente, non tradurranno anglicismi ormai storici come Bar, Film ecc. Sarebbe eccessivo. Oltre a difendere l'Italiano, vogliono dare all'Accademia della Crusca un potere normativo, in modo che possano intervenire quando serve.",_L3reX_,2021-06-17T16:23:27,1,Italia,https://reddit.com/r/Italia/comments/o1yyhj/petizione_verso_il_parlamento_per_diminuire_gli/h23sy1f/
nxqtnz,,h1i83aj,"Ehm mi sa che questo è un film mentale che ti sei fatto ahaha. 

Penso fosse semplicemente perché al momento ancora ci si mette la mascherina e dunque è per rappresentare la realtà attuale.",Talilinds,2021-06-12T11:25:48,3,Italia,https://reddit.com/r/Italia/comments/nxqtnz/litalia_è_un_paese_fondato_sui_lavoretti/h1i83aj/
nk0rjd,,gzdnv3e,">Allora, qui stai facendo un poco di confusione.

>Io mi trovo d'accordo con ciò che dici, ovvero che la nostra società è al momento ecologicamente insostenibile e che la tecnologia è fondamentale perché questo avvenga. Non mi trovi però d'accordo con questo futuro che a te sembra tanto un'utopia ma a me sembra copincollato da 1984.

La letteratura e l arte ispirano le invenzioni umane, cio che immaginiamo diventa prima o poi possibile. Non a caso il rinascimento ha provocato un impulso di progresso enorme, siamo sull orlo di un secondo rinascimento, dove l automatiozione svuota le fabbriche e permetterà sempre di piu alle persone di dedicarsi all arte e all umanismo ( il reddito universale è alle porte) ispirando ancor di piu  nuove idee e invenzioni.

>Ho scelto gli anni '90 come esempio perché ritengo che siano stati il punto massimo del mondo occidentale:

Certo ma capisci che non è sostenibile? Quindi non si puo fare! Mettiti nei panni di un africano che muore a 35 anni solo per permetterti di fare il tuo dolce stile di vita insostenibile

>Economia ai massimi storici non ancora dilaniata da diseguaglianze crescenti e welfare state ridotto ai minimi termini
Politica ancora quanto meno credibile, senza Trump e Qanon vari
Niente politically correct ossessivo ed esagerato
Libertà individuali non ancora intaccate dal clima post-11 settembre
Ottimismo per il futuro -> se hai tempo leggi il libro factfullness, ti accorgerai che il pessimismo è infondato e deriva da una conoscenza datata dei tuoi professori.
Catastrofe ambientale non ancora incombente -> l energia eolica e solare sono OGGI piu competitive rispetto al carbone, che è il combustible fossile piu a buon mercato, la sfida ambientale è in via di risoluzione.

>Ma la cosa più importante è che negli anni '90 esisteva ancora la fisicità e si stava molto di più insieme nel mondo reale. Perché puoi dire quello che vuoi, ma siamo esseri fisici e NECESSITIAMO della fisicità reale (e questa pandemia l'ha provato ancora una volta). 

Necessitiamo di vita reale, ma apprezzeremo la vita virtuale! Hai mai privato veramente a capire come evolve il metaverso, o parli per sentito dire?

>Ora, al contrario degli anni '90, mi sembra che invece di godersi la vita reale si stia sempre più incollati allo schermo del telefonino che parlare l'uno con l'altro, anche quando si è a 3 cm di distanza. Ti sembra normale? 

Normale rispetto a cosa? Agli anni 90? E negli anni 90 cosa dicevano I nostri nonni quando eravamo incollati al televisore? 

Harari sostiene che la vita migliore per un uomo è quella di cacciatore - raccoglitore! E sono in gran parte daccordo, quindi il loop continua fino a migliaia di anni fa.. per intentenderci un po come viene raccontato nel film midnight in paris.

>Poi oh, è solo una mia impressione, magari 30 anni fa gli adolescenti al posto di smartphone si rincoglionivano in egual misura davanti a televisione e videogiochi e mi sto sbagliando.
 ricordiamo tutti il passato e la gioventu in maniera ritoccata.

>E ora arrivo al punto: tu pensi veramente che una vita passata seduta al computer senza conoscere nessun essere umano nella vita reale sia degna di esser vissuta? 

Io apprezzo il fatto di poter incontrare persone da tutto il mondo e che hanno idee simili alle mie, impensabile negli anni 90.
Apprezzo il fatto che in futuro queste interazioni saranno sempre piu reali e dettagliate, preferisco spendere il mio tempo con like minded people, piuttosto che essere obbligato a uscire con il mio vicino di casa motociclista, questo per me è lusso e libertà!

>Va bene farsi venire gli occhi brilluccicanti per le capacità che l'evoluzione tecnologica e digitale può darci, ma un po' di scetticismo non farebbe male e anzi ci aiuterebbe ad usare quelle tecnologie per un vero miglioramento delle condizioni umane.

Lo scetticismo è sempre presente, mia nonna odiava I trattori che costringevano le persone a trasferirsi, mio papà odia Amazon, che a lui dire porta disoccupazione.. per me rimane molto utile e permette di liberare persone che altrimenti spenderebbero la vita in uno stock ( negozio) a caricare commissioni su I prodotti che rivendono, quando potrebbero darsi a attività piu utili.

Per finire, il cervello si puo ingannare e in un  futuro non troppo lontano vivremo una parte della nostra vita in un mondo virtuale, disegnato a misura d'uomo, molto meglio che vivere in una città inquinata, strizzato in un piccolo appartamento che serve solo a recarmi in poco tempo in un ufficio davanti ad un computer per 8h.

È facile aggrapparsi al passato ed è normale avere paura del progresso, la chiesa bruciava gli scienziati nel medioevo..

La nostra esperienza di vita e la nostra visione del mondo sono cosi diverse che non credo sia utile andare avanti a discutere, ma spero di averti dato un altro punto di vista.",RobertAlbers,2021-05-25T11:20:33,1,Italia,https://reddit.com/r/Italia/comments/nk0rjd/covid_e_limitazioni_un_pericoloso_precedente/gzdnv3e/
n6t3vt,,gxilbeh,"Esiste anche una consistente propaganda del capitalismo fatta di videogiochi, film, serie televisive, articoli, saggi storici, censure sui social network. Slavoj Zizek ha fatto un buon lavoro nello smascheramento di questa propaganda, nella quale vengono investiti miliardi ogni anno.",GiorgioPerlasca,2021-05-09T17:20:46,2,Italia,https://reddit.com/r/Italia/comments/n6t3vt/infortuni_sul_lavoro_sono_omicidi_programmati_per/gxilbeh/
n6fxxi,,gx7dnvb,"Passa più tempo nella natura,  prendi un cane , va a fare un giro un spiaggia,  siediti al bar a bere un caffè con un amico,  guarda un film divertente. E soprattutto chiedi aiuto professionale ad uno psicologo,  specialmente se hai pensieri suicidi. 
Io ho tanti alti e bassi , ma ho imparato a gestire sia la felicità che la tristezza,  e cerco di essere me stessa sempre , sia con le lacrime che con il sorriso. Prima fuggivo dalla tristezza,  la ignoravo,  ne avevo paura. Ora la accetto e la considero una parte di me , e non mi spaventa più. 
Non esistono anni migliori o peggiori,  esisti tu e la tua vita,  prenditi cura di te e circondati da persone che ti amano e che ami",BlueOrtensias,2021-05-06T22:09:32,10,Italia,https://reddit.com/r/Italia/comments/n6fxxi/come_vi_sentite_durante_il_giorno/gx7dnvb/
n5had1,,gx1xxkr,"Come detto in un noto film dello studio Ghibli, meglio porco che fascista",TonyX740,2021-05-05T18:01:58,8,Italia,https://reddit.com/r/Italia/comments/n5had1/milano_2021_perché_siamo_indifferenti/gx1xxkr/
myrmu7,,gvwtkg3,"La cultura giapponese mi ha sempre affascinato. 25 anni fa su italia7gold mi innamorai di cartoni come Ken il guerriero, Cityhunter, tigerman. C'erano poi tutti quei cartoni sui robottoni che fanno impazzire ogni bambino di qualunque epoca.

Crescendo ho perso completamente interesse per i cartoni giapponesi, non sopporto più l'esagerazione, la stereotipazione dei personaggi, il malatissimo rapporto fra maschi/femmine (un fondo di verità c'è anche però così è TROPPO). 

Eccezione per lo studio ghibli che invece amo tantissimo, davvero delle opere d'arte di film animati.

Ho però imparato ad apprezzare tutto il resto della cultura nipponica. E' molto riduttivo pensare che il Giappone sia solo videogiochi e cartoni animati.

Da noi (e forse anche nel resto del mondo) arriva un Giappone confezionato e stereotipato, quando invece c'è tantissimo da scoprire.

In conclusione sono sincero, non capisco la domanda. Sicuramente è dettata dalla giovane erà, ma come si può essere favorevoli o contrari ad una cultura? 

Piuttosto direi che come per ogni cosa essere superficiali porta a trarre conclusioni affrettate e pregiudizi.

I media fomentano poi questi luoghi comuni e i più grandicelli che sono alieni a questo nuovo trend fanno presto a tirare fuori il bigottismo.",Marcabruno,2021-04-26T09:17:51,1,Italia,https://reddit.com/r/Italia/comments/myrmu7/la_cultura_giappo_tra_i_giovani_doggi_pareri/gvwtkg3/
mw3phi,,gvh09k5,Perché i telegiornali hanno parlato di facebook e anche i film come feisbum e the social network.,GiorgioPerlasca,2021-04-22T18:10:30,3,Italia,https://reddit.com/r/Italia/comments/mw3phi/linsostenibile_ed_eterna_stupidità_dellalgoritmo/gvh09k5/
mw2t2y,,gvfvfms,"Se uscisse un film così domani, susciterebbe tantissimo scandalo! È un film che costringe le persone a riflettere!",GiorgioPerlasca,2021-04-22T13:16:54,2,Italia,https://reddit.com/r/Italia/comments/mw2t2y/logans_run_1976_la_genuina_fantascienza_degli/gvfvfms/
mul2gn,,gv6kfkk,"> Che privacy vuole avere sul luogo di lavoro

ah poi pure quello! L'ispettorato sul lavoro è severissimo sulle telecamere sul luogo di lavoro. Volevo mettere delle telecamere a lavoro come antifurto, ho lasciato perdere, c'è una valanga di scartoffie da compilare **anche nel caso in cui siano telecamere finte**, poi c'è da aspettare un'ispezione che verifichi che la privacy dei lavoratori non sia compromessa.

E poi comunque, sono inutili. Mettiamo che una telecamera inquadri un dipendente che mi apre il portafoglio e mi ruba 1000 euro in contanti. Anche se ho una ripresa in 4k 60 fps che lo inquadra chiaramente, non posso fare niente, anzi:

1. se il dipendente non era avvisato in modo ovvio che lì c'era una telecamera, sono io quello che rischia la denuncia

2. comunque anche se colto in flagrante a rubare anche 1000 euro in contanti, se con contratto a tempo indeterminato, non si può licenziare su due piedi come nei film americani ma c'è da chiamare un legale sborsare migliaia di euro (5-10k euro)",Magnetic_dud,2021-04-20T08:57:19,5,Italia,https://reddit.com/r/Italia/comments/mul2gn/ma_mettere_le_telecamere_addosso_alle_forze/gv6kfkk/
mt9lcy,,guzt01j,Tutti i regimi totalitaristi lo fanno. Ma ti ripeto relegare tutto a un film d'animazione con propaganda anticomunista mi sembra ridicolo.,elf0curo,2021-04-18T18:28:42,1,Italia,https://reddit.com/r/Italia/comments/mt9lcy/superman_red_son_2020_il_compagno_kryptoniano_il/guzt01j/
mt9lcy,,guzf7bk,"su youtube c è la versione animata del fumetto originale. a me i supereroi fanno cagare ma quel ""Red son"" lo ho visto almeno dieci volte. un film bellissimo. consigliato date un occhiata",Abababababbbb,2021-04-18T16:38:18,2,Italia,https://reddit.com/r/Italia/comments/mt9lcy/superman_red_son_2020_il_compagno_kryptoniano_il/guzf7bk/
mt9lcy,,guz2m4w,"Ma chi ha scritto che di per sé il concetto di sinistra sia sbagliato? Qui stavamo parlando dei totalitarismi sorti a inizio 900, Marx non era Lenin e Lenin non era Stalin. Qui nel film Superman invece che in Kansas viene trovato in Russia, punto. Si parla di distopia (o ucronia) del personaggio in sé!",elf0curo,2021-04-18T14:55:28,2,Italia,https://reddit.com/r/Italia/comments/mt9lcy/superman_red_son_2020_il_compagno_kryptoniano_il/guz2m4w/
mt9lcy,,guyzbdg,">Ma nel film non viene analizzato il comunismo, se non la faccenda dei gulag.

Pensa se fosse stato di destra! :-D

>Il comunismo non esiste più oggi è solo un fantasma di un'epoca che ormai si è estinta assieme a quei totalitarismi.

Questo lo scriveva Francis Fukuyama negli anni '90. Attenzione a cantar vittoria troppo presto, anche perché Vietnam, Cuba, Corea del Nord, Cina e Bielorussia esistono!",GiorgioPerlasca,2021-04-18T14:27:09,0,Italia,https://reddit.com/r/Italia/comments/mt9lcy/superman_red_son_2020_il_compagno_kryptoniano_il/guyzbdg/
mt9lcy,,guyyuro,"In realtà Millar è sempre stato un sinistroide, al contrario del destroide Miller. Ma nel film non viene analizzato il comunismo, se non la faccenda dei gulag. Per il resto viene trattato altro. Questa storia poi di propaganda anti-comunista è morta e sepolta. Il comunismo non esiste più oggi è solo un fantasma di un'epoca che ormai si è estinta assieme a quei totalitarismi.",elf0curo,2021-04-18T14:23:11,3,Italia,https://reddit.com/r/Italia/comments/mt9lcy/superman_red_son_2020_il_compagno_kryptoniano_il/guyyuro/
mliox0,,gtlrcn3,"So che mi prendi in giro, ma spero tu possa ascoltare la proposta di uno straniero online e guardare il film [Dominion](https://www.dominionmovement.com/watch). Può aiutarti a capire perché noi vegani siamo così insistenti e rompiscatole.",Pietro1203,2021-04-06T19:24:13,2,Italia,https://reddit.com/r/Italia/comments/mliox0/i_poteri_straordinari_dellessere_umano/gtlrcn3/
ml8hao,,gtkneak,"Certo che non sanno più a che aggrapparsi questi negazionisti della realtà. Non vale nemmeno la pena di discutere, uno è un tribunale l’altro David Punte /Mentana / Juanne Pili e i lanciafiamme dei film passati per notizia vera . 
Ma chissà quando la smetteranno di mettersi in ridicolo negando qualsiasi cosa .
Loro sono stipendiati per questo tu non so ma a questo punto ho dei dubbi sulla tua buona fede.

Dimmi c’è anche la sbufalata su [Elon Musk](https://www.google.it/amp/s/m.huffingtonpost.it/amp/entry/elon-musk-oggi-ho-fatto-4-test-covid-due-negativi-due-positivi-se-capita-a-me-puo-capitare-a-tutti_it_5fae4e98c5b6c582dacbe7f2/) che si sono inventati in merito ? Perché dopo un po’ fanno anche simpatia questi di Open",Keygen-informatica,2021-04-06T14:31:37,-1,Italia,https://reddit.com/r/Italia/comments/ml8hao/nessunacorrelazione_italiani_morti_dopo_il_vaccino/gtkneak/
mjyrnd,,gtds4k6,"Riguardo I Pink Floyd:

“I felt, at the time, that we'd had enough of concert films,” Maben told a Russian Pink Floyd fan site. “So the main idea of the film was to do a sort of anti-Woodstock film, where there would be nobody present and the music and silence, and empty amphitheater, would mean as much, if not more, than a million crowd.”

Having visited the Amphitheatre of Pompeii on vacation, Maben thought it was the perfect spot to capture the essence of the group, which was between their Syd Barrett and The Dark Side of the Moon eras. Filming for Pink Floyd: Live at Pompeii was held over a four-day period in the ancient Italian city, starting on Oct. 4, 1971.



Read More: Why Pink Floyd Played Pompeii Without an Audience [Link](https://ultimateclassicrock.com/pink-floyd-pompeii-anniversary/)",notlur,2021-04-04T20:36:00,4,Italia,https://reddit.com/r/Italia/comments/mjyrnd/altro_che_pink_floyd_a_pompei/gtds4k6/
mhqa4y,,gt09inb,"Annunciati i verdetti dei neonati Set Decorators Society of America Awards (#SDSA) i premi con cui il sindacato americano dei decoratori d'interni elegge le migliori realizzazioni per il cinema. 
Gli SDSA Awards celebrano il lavoro del decoratore e anche dello scenografo, ma non sono affiliati alla Art Directors Guild (ADG).

I decoratori di interni sono una delle due figure professionali appartenenti alla categoria Miglior Scenografia agli Oscar.


Nella categoria BEST ACHIEVEMENT IN DECOR/DESIGN
CONTEMPORARY FEATURE FILM ha vinto
#PromisingYoungWoman
Set Decoration: Rae Deslich
Production Design: Michael T. Perry

Nella categoria BEST ACHIEVEMENT IN DECOR/DESIGN
PERIOD FEATURE FILM ha vinto
#Mank
Set Decoration: Jan Pascale
Production Design: Donald Graham Burt 
(Candidati agli Oscar per la Miglior scenografia)

Nella categoria BEST ACHIEVEMENT IN DECOR/DESIGN
FANTASY/SCIENCE FICTION FEATURE FILM ha vinto

#Tenet
Set Decoration: Kathy Lucas
Production Design: Nathan Crowley
(Candidati agli Oscar per la Miglior scenografia)

Nella categoria BEST ACHIEVEMENT IN DECOR/DESIGN
MUSICAL/COMEDY FEATURE FILM ha vinto

#TheProm
Set Decoration: Gene Serdena
Production Design: Jamie Walker McCall",awardseasonblog,2021-04-01T07:45:11,1,Italia,https://reddit.com/r/Italia/comments/mhqa4y/set_decorators_society_of_america_awards_vincono/gt09inb/
me6rzs,,gsqfmqs,"Ok, wow, non sapevo ti facessi così tanti film. Io perdo tempo a cercare parcheggio? Il tempo che perdo è quello che passo sull’autobus, figurati se usassi la bici... vabbè guarda lascia stare... ho capito che sei una di quelle persone che crede di avere ragione senza essere in qualche modo aperta a idee divergenti dalle tue. Io ti ho fornito dati, ragionamenti, a quanto mi risulta, mentre tu non fai altro che parlare di quanto sei brava. E poi non mi sembra di aver in qualche modo proibitivamente escluso il tuo pensiero, ma solo di averti aperto a nuovi punti di vista, che poi sono i motivi per cui nel paese non viene ancora comunemente adottato uno stile di vita come il tuo. Ma d’altronde sono tutti stupidi o culi pesanti, no? Fate largo al genio... Poi per le batterie delle auto, dimentichi che se di colpo tutte queste sparissero, probabilmente dovrebbero essere utilizzate almeno quattro volte più biciclette di quante automobili vi sono ora in circolazione. Contando che il trasporto di risorse tramite rimorchi dovrebbe comunque continuare... vabbè. Comunque, resta nelle tue contraddizioni a cui non hai ancora fatto fronte nel tuo precedente commento, non mi interessa. Vedo che continui a non considerare la complessità della nostra realtà sociale, la nostra alienazione dal resto d’Europa. Ragioni come se l’Italia potesse permettersi una rivoluzione così repentina della società, e continui ad ignorare (all’apparenza) tutti questi fattori di cui in realtà sei perfettamente cosciente, solo per professare questa specie di tuo culto New Age. Io sono il primo a criticare questo paese, ma credo di parlare per tutti quando dico che l’ultima cosa che ci serve è gente come te, presuntuosa, che non fa altro che lamentarsi senza trovare una reale soluzione ai nostri problemi, che non fa altro che dire quanto gli altri paesi siano migliori del nostro (per quanto ovvia possa essere quest’affermazione). Allora fai un bel favore a tutti, se ti piace così tanto Berlino, vai lì e RESTACI. Lascia a quelle poche persone in cui permane ancora un briciolo di amor di patria tutte quelle lotte che devono ancora essere affrontate su questa terra, e fuggi. Fuggi dai problemi, invece che affrontarli.",New_Horizon10,2021-03-29T21:40:43,1,Italia,https://reddit.com/r/Italia/comments/me6rzs/zero_auto_private_nelle_città_italiane/gsqfmqs/
mdnz5i,,gsau9yo,"Sono d'accordo e speranzoso che vada sempre più a migliorare.   
C'è stata una forte spinta negli ultimi tempi sui temi della green economy, in generale dell'ecosostenibilità.   
Sentivo dire che già nel 2030 tante case automobilistiche passeranno all'elettrico (ok, facciamo 2040, ma la direzione è comunque quella).

Per gli spostamenti abituali casa-lavoro o casa-facoltà/scuola proprio non capisco la necessità di prendere l'auto solo per portare sé stessi (salvo chi ne ha bisogno per lavorare, come portare merci o i tassisti, certo). 

Quando ho iniziato a lavorare purtroppo il tragitto non era servito da mezzi pubblici.  
Ammetto di essere andato nelle giornate più brutte in auto, ma l'imbottigliamento nel traffico mi causava uno stress tale che avevo deciso di andare in motorino anche con la bufera...   
Ho cambiato casa, mi sono spostato fuori città e ho iniziato a fare il pendolare: da allora preferisco perdere tempo nel viaggio (dove posso leggere/giocare/ascoltare musica/appisolarmi/guardare un film) che stare nel traffico con rischio di incidente, stress e più spese.

Ora sono tornato in città, cambiato lavoro, ma continuo ad usare per gli stessi motivi i mezzi pubblici. Chiaramente non tutto è perfetto: capita che saltano le corse, capita di stare in piedi al caldo, capita il senzatetto che fa odore, capita il ragazzino con il cellulare e la musica a palla...  

Auto solo per spostamenti familiari!

Una domanda per i redditiani più attempati :) sbaglio o negli ultimi 20 anni il numero di vetture in giro è aumentato? Sarà che in media le vetture hanno guadagnato qualche centimetro in lunghezza ma trovare parcheggio sta diventando sempre più difficile...",Ryam87,2021-03-26T15:25:28,2,Italia,https://reddit.com/r/Italia/comments/mdnz5i/odio_le_automobili/gsau9yo/
mc8ngv,,gs3nvwf,"Se pensi che rischiamo l'estinzione entro 50 anni allora abbiamo già finito il discorso. Siamo al limite del terrapiattismo.

...e visto che sembra che hai conosciuto gli anni 70/80/90 dai film, guardati Fantozzi, pensi non sia uno spaccato di verità quel tipo di lavoratore?",Kintaro81,2021-03-24T22:03:27,1,Italia,https://reddit.com/r/Italia/comments/mc8ngv/pensiero_folle_di_un_ragazzo_disperato/gs3nvwf/
mc8ngv,,gs38guo,"Ciccio c'hai 18 anni, manco sei uscito da scuola e ti lamenti che la vita fa schifo? Hai mai avuto problemi in famiglia seri? Sei mai andato a lavorare in una città 60km da te per il turno notturno? Se tutto fa schifo, perché non fai qualcosa per migliorare? Se non il mondo, migliora te.
Anche io sono molto pessimista o negativo, ho 23 anni, ma sto cercando di mettermi in gioco. Vado all'università, ho lavorato per comprarmi i libri e iscrivermi, faccio il rider per tirar su qualche soldo. Non è facile per nessuno sta vita, non è come i film di Hollywood. In sto periodo siamo tutti solo e scontenti. Ma piangersi addosso penso sia peggio. Anche io sinceramente non ho mai fatto feste della Madonna ecc ma ho 23 anni, come dicono gli altri, c'è un limite? Se non scopi prima dei 18 fai schifo? So che avere una relazione con una persona a questa età (anche la mia eh) la si vuole, voler essere apprezzati o amati. È difficile trovare la persona giusta e detto sinceramente in sto periodo mi sento parecchio solo sotto tutti gli aspetti, ma che fare? Rimanere a giocare alla Xbox? No, darsi da fare e cercare di capire cosa si vuole. È difficile lo so.",Zen___Zero,2021-03-24T20:10:51,0,Italia,https://reddit.com/r/Italia/comments/mc8ngv/pensiero_folle_di_un_ragazzo_disperato/gs38guo/
mc8ngv,,gs2m3ki,"> gli anni '70, '80 e '90

peccato siano passati quegli anni e che non si possa tornare indietro, e tra l'altro è solo una percezione quella che possiamo avere su come si viveva in quel periodo, derivata più che altro da cultura pop e film.
un'era in cui non si pensava al futuro, e difatti è inizato da lì tutta la questione ecologia che irrimediabilmente andrà sempre peggio.

come te anch'io ho 18 anni e sicurezze non credo ci siano nel futuro, perciò meglio non pensarci o meglio non bisogna lasciare condizionare la propria vita solo da quello, non vievere la propria vita perché pensare sia inutile in prospettiva di un mondo sul baratro è peggio.

la questione covid, è al quanto grave, si poteva prevedere una eventuale pandemia e investire preventivamente sulla ricerca, ma molti si sono adagiati sugli allori e perciò siamo e saremo in questa situazione chissà ancora per quanto.

il covid oggettivamente ha portato via molte opportunità a tutti, ma piangere sul latte versato è uno spreco di tempo, bisogna adattarsi a quel che si ha e trarre il meglio, i guess.",mat_thw,2021-03-24T17:35:11,1,Italia,https://reddit.com/r/Italia/comments/mc8ngv/pensiero_folle_di_un_ragazzo_disperato/gs2m3ki/
mc8ngv,,gs29arh,"La tua situazione la stanno vivendo tutti gli adolescenti di questi 2 anni. E ti dirò di più: era così anche prima. E ti sorprendo ancora: potrai recuperare in futuro. La tua adolescenza è sfumata ? E allora? C'è  una legge che vieta ai 20enni di andare in discoteca o alle feste ?
Io sono una di quelle che oggi chiamano young adult. Ho 25 anni e non mi sono goduta la mia adolescenza perché pensavo a studiare, aiutare la mia famiglia e non dare fastidio. Tanto poi, pensavo, con la mia macchina me ne potrò andare dove vorrò e fare tutto quello che mi pare. Risultato: è arrivata la pandemia. Quindi non ho potuto farlo prima e non lo posso fare ora. Ricordati che c'è sempre chi sta peggio di te, quindi non fare il bambino frignone perché non hai potuto sballarti in discoteca. Detto questo, c'è sempre anche chi sta MEGLIO di te e l'adolescenza è stata come nei film di Hollywood. Chi lo ha detto che non potrai divertiti quando tutto sarà finito ? C'è un limite d'età?
C'è chi in questa pandemia ha perso ben di peggio.
Minacciare di togliersi la vita perché non ci si è potuti ubriacare qualche sabati sera mi sembra un po' esagerato.",KathyAna95,2021-03-24T16:05:53,25,Italia,https://reddit.com/r/Italia/comments/mc8ngv/pensiero_folle_di_un_ragazzo_disperato/gs29arh/
m8a653,,grom1cd,"Ho risolto da tantissimi anni sono 20 anni che ho rimosso l'antenna a casa poi ho rimosso pure la parabola e ora vado benissimo solo con le piattaforme streaming come Prime, Netflix etc..   film e serie tv sono le uniche cose che mi serve vedere.",Xuthar2,2021-03-21T08:43:01,2,Italia,https://reddit.com/r/Italia/comments/m8a653/vi_capita_trastullarvi_con_lo_smartphone_mentre_e/grom1cd/
m8ed0n,,gri1c04,"No and the auto-translate is shit.

Have you studied any Italian? Aside from some colloquialisms and antiquated phrases they speak fairly proper Italian. I'm A2 and I can tell what's going on most of the time.

In fact I'm going to use this movie to study from and I wanted to thank you for finding such an easy film to follow.",Observante,2021-03-19T17:18:02,1,Italia,https://reddit.com/r/Italia/comments/m8ed0n/im_looking_for_an_old_italian_movie_called_il/gri1c04/
m6qasx,,gr7qixi,"Possiamo ipotizzare che dalla scatola magica tra un figliuolo che fa un corteo di camion è un Mentana che mette scene di film catastrofici come servizi in esclusiva sia passato a livello subliminale un Giucas Casella che ... Guardami Guardami Guardami ? 
È una spiegazione logica ?",Keygen-informatica,2021-03-17T07:19:16,2,Italia,https://reddit.com/r/Italia/comments/m6qasx/continua_la_tv_a_dare_ordininon_siamo_piu_padroni/gr7qixi/
m17kng,,gqfk9sl,"Gran film, sono contento che ottenga un minimo di riconoscimento",DrMeatballsUngaBunga,2021-03-10T10:23:42,3,Italia,https://reddit.com/r/Italia/comments/m17kng/il_film_italiano_pinocchio_di_matteo_garrone_ha/gqfk9sl/
m0mv1q,,gq8zfmz,"Felice per Promising Young Woman, è un film necessario sulla condizione della donna",DonatellaSeville9,2021-03-08T20:09:06,2,Italia,https://reddit.com/r/Italia/comments/m0mv1q/producers_guild_of_america_awards_i_migliori_film/gq8zfmz/
m06uy6,,gq6rqip,"Il primo assomiglia al ""latino maccheronico"", la lingua di chi cerca di parlare in latino ma non ci riesce.

È usato nel celebre film ""L'Armata Brancaleone"", un film comico medievale e nella pagina di Facebook ""Feudalesimo e Libertà"", pagina comica che inventa un nuovo partito che vuole tornare al re e ai servi della gleba.

Non credo che potrebbe mai essere preso seriamente.

Armata Brancaleone: https://youtu.be/2sNGhZ9yKaU",Indiana_il_Cane,2021-03-08T07:10:13,2,Italia,https://reddit.com/r/Italia/comments/m06uy6/riesci_a_capire_queste_lingue_panromanze/gq6rqip/
luiz21,,gp6qc46,"A causa di centinaia di film e serie televisive in cui il protagonista era un gran cafone, ma tutte le donne gli correvano dietro. Pensa a Happy Days, Grease, Qualunquemente.",GiorgioPerlasca,2021-02-28T16:15:17,24,Italia,https://reddit.com/r/Italia/comments/luiz21/secondo_voi_perché_è_considerato_più_figo_essere/gp6qc46/
lttayg,,gp29tql,"Mi sapresti indicare il punto preciso che contiene offese o mancanza di rispetto per gli Stati Uniti?

Questo tipo di propaganda viene fatta anche in Italia, attraverso telegiornali, film e serie televisive.",GiorgioPerlasca,2021-02-27T19:34:37,13,Italia,https://reddit.com/r/Italia/comments/lttayg/no_comment/gp29tql/
ls47w3,,gop3vil,Un film di Dario Argento,GiorgioPerlasca,2021-02-25T12:12:53,16,Italia,https://reddit.com/r/Italia/comments/ls47w3/composizione_del_governo_draghi_per_ruolo_e/gop3vil/
lkx8ra,,gntuwbh,"In ritardo ma la colonizzazione dell'Albania e realizzata 

Durante dittatura in Albania, la gente ha guardato Italia come America. Guardavano TV e ascoltavano musica di nascosto. 


Negli anni 90,  quando sono nato io quindi dopo il comunismo tutti i programmi e film sono stati in italiano (film italiani ma anche doppiati) così la mia generazione ha imparato italiano. 
Mi ricordo che allora ci facevano vedere i film di Virna Lisi. 


Ho conosciuto Mina, Anna Oxa etc. Anzi mi ricordo che ho visto tutti i miei film d'infanzia in italiano. 
Non so cantare le canzoni dei film animati in albanese perché non li ho mai visti in albanese. 
Posso dire che stranamente la colonizzazione dell'Albania e realizzata con successo. 
Ultima ma non per l'importanza, anche il vecchio piano di Tirana ma anche questo nuovo e fatto dall'italia. (BOERI)",Hairy_leshist,2021-02-18T00:25:35,2,Italia,https://reddit.com/r/Italia/comments/lkx8ra/una_mappa_per_ricordare_i_crimini_del/gntuwbh/
ljv632,,gngyhsh,"Non amo Brunetta ne tutto cio che ha rappresentato. Vivo all’estero da 10 anni e le prese in giro a causa della nostra classe politica le ho sentite quotidianamente. Però prenderlo in giro per la sua statura fa esattamente il suo gioco. Nascondere dietro al bullismo mediatico subito, la sua lontananza con i problemi reali del paese giova più a Brunetta o chi per lui che a chi non lo ama.  Detto questo, l’Italia ha ancora perso il treno. Se in Europa un giorno si farà un film : mamma ho perso l’aereo, noi saremo alla quarta stagione.",Giovannicurcio,2021-02-14T22:00:55,3,Italia,https://reddit.com/r/Italia/comments/ljv632/brunetta_dove_lo_metto/gngyhsh/
lgkyo0,,gms1awm,"Annunciate le short-list dei 15 semifinalisti per 9 categorie degli Oscar 2021.

Il doc italiano Notturno di Gianfranco Rosi è stato inserito nella shortlist del Miglior documentario. In semifinale anche la canzone (Io Si (Seen) di Diane Warren, Laura Pausini e Niccolò Agliardi) e la colonna sonora del film La vita davanti a sè (Grabiel Yared), il trucco e parrucco del film Pinocchio di Matteo Garrone.",awardseasonblog,2021-02-10T03:37:22,1,Italia,https://reddit.com/r/Italia/comments/lgkyo0/shortlist_oscar_2021_4_chance_per_litalia/gms1awm/
len5wz,,gmgd0uv,"Il commediografo Ionescu, vedendo passare i sessantottini sotto le finestre di casa sua a Parigi predisse che sarebbero morti tutti notai, diventando ciò che tanto odiavano.  Come nelle favole, la maledizione è stata terribile ed i sessantottini sono effettivamente ""diventati notai"" ed i loro figli, che sfilavano gridando slogan no global a Genova, vent'anni dopo, sono ""diventati notai"" a loro volta.  Giusto qualche sera fa su La7 c'era ""Il grande freddo"", film sull'argomento che consiglio vivamente.",leaningtoweravenger,2021-02-07T15:39:20,2,Italia,https://reddit.com/r/Italia/comments/len5wz/un_solo_mondo_è_possibile/gmgd0uv/
lcaikg,,glzfn1k,"Scusami, non conosco quel film!",GiorgioPerlasca,2021-02-04T13:17:27,2,Italia,https://reddit.com/r/Italia/comments/lcaikg/secondo_voi_cosa_verrà_votato_per_primo_durante/glzfn1k/
lbjxw6,,glueigs,"Ancora una volta in Regione Lombardia avevano sbagliato a fare i calcoli. Questa volta è toccato ai tempi del piano vaccinale degli over 80 che sarebbe dovuto partire il 25-26 marzo secondo quanto annunciato dall’assessore alla Sanità Letizia Moratti sette giorni fa e invece partirà un mese prima, il 24 febbraio, secondo quanto rettificato dalla stessa Moratti ieri davanti ai consiglieri regionali. Una correzione in corsa obbligata, la seconda da quando è in carica dopo la figuraccia fatta sui vaccini da consegnare in base al Pil, perché buona parte delle altre regioni italiane avvieranno la campagna la prossima settimana o la seguente.

La Lombardia sarebbe partita ultima con uno sfasamento rispetto al resto del paese clamoroso. L’assessore ha spiegato il cambio di piano dicendo che dopo ulteriori precisazioni arrivate dal Governo «la nuova previsione ci consente di non andare più in sequenza, ma in parallelo» nella inoculazione dei tre vaccini disponibili.

Arriverà anche Astra Zeneca, le vaccinazioni in questo caso cominceranno fra il 25 e il 28 febbraio. A guidare le operazioni Fontana e Moratti hanno chiamato l’uomo della Provvidenza, Guido Bertolaso che torna a Milano dopo il passo falso dell’ospedale alla Fiera e il mezzo flop del suo omologo nelle Marche. Bertolaso dovrà trasformare il marketing politico esibito ieri in conferenza stampa in azioni concrete. Davanti ai giornalisti l’ex capo della protezione Civile non si è tenuto e in un crescendo dai toni epici ha promesso di vaccinare 10 milioni di lombardi entro giugno. Cosa che ovviamente tutti si augurano possa essere realizzata davvero, ma significherebbe vaccinare 55 mila persone al giorno in quattro mesi per arrivare ai 6.6 milioni di lombardi inseriti nella cosiddetta fase massiva di vaccinazione.

L’azzardo è fatto senza avere un piano esecutivo tra le mani e con le incertezze sull’approvvigionamento delle dosi. L’uomo che ha governato la Protezione Civile per 10 anni traghettandola nei grandi eventi – scandali annessi – ha definito la campagna lombarda «la più importante operazione di Protezione Civile mai realizzata in Italia». Non si capisce perché le altre regioni stiano vaccinando con dedizione e senza troppi proclami e qui l’operazione debba assumere sembianze da film colossal. L’eloquio del personaggio è questo però: «Darò tutta la mia vita per contribuire a risolvere i problemi del mio adorato paese» e «non prenderò nemmeno un euro per svolgere questo mio nuovo ruolo. Vaccinare gli italiani dovrebbe essere prima di tutto un piacere, soprattutto per tutti i medici e gli infermieri in pensione».

Nelle ultime ore era circolata anche la voce di una «via lombarda» alla produzione del vaccino, con Letizia Moratti impegnata a vagliare questa possibilità con le aziende farmaceutiche regionali, ma nulla: «Le aziende non ritengono che sia fattibile, mi è stata segnalata una complessità, le aziende non ritengono possibile dare delle risposte nei tempi tecnici necessari». Le opposizioni, che ieri si sono viste respingere la mozione di sfiducia contro Fontana, bocciano il piano lombardo e la giunta su tutta linea. «Moratti non ha dato alcuna indicazione sul piano organizzativo, non ha indicato chi contatterà gli anziani, quali strutture saranno utilizzate per i vaccini, quale personale sarà messo a disposizione.

Per l’ennesima volta la Regione insegue gli eventi e non pianifica nulla» ha detto la consigliera Pd Carmela Rozza. «La seconda operazione Bertolaso arriva al momento giusto per coprire le ennesime inefficienze della giunta Fontana-Moratti. Si parla di Bertolaso e non del fatto che la Lombardia partirà a vaccinare gli ultraottantenni un mese dopo il Lazio» commenta il capogruppo del pd Fabio Pizzul. «In questo momento alla Lombardia sembra mancare una bussola e un orizzonte, Moratti e Fontana se proprio non vogliono ascoltare noi opposizioni ascoltino i lombardi, i medici, le Ats, il personale sanitario e gli studenti. A loro devono restituire un presente e un futuro» dice Gregorio Mammì del M5S.",red_and_black_cat,2021-02-03T09:30:58,2,Italia,https://reddit.com/r/Italia/comments/lbjxw6/la_moratti_sbaglia_sul_programma_di_vaccinazione/glueigs/
l9xw6t,,gll6j43,"Lo consiglio caldamente, un film fantastico IMHO",alecro06,2021-02-01T11:34:37,3,Italia,https://reddit.com/r/Italia/comments/l9xw6t/better_pig_than_facist/gll6j43/
l8f65j,,glcn02l,"In questo caso il problema è la mentalità individualista che c'è. Quanti film e videogiochi ci sono in cui l'eroe solitario risolve tutto?

La realtà è che quando sei in difficoltà devi parlarne con chi ti sta vicino e chiedere aiuto.

Gli assassini di donne, invece, derivano dal fatto che le donne vengono viste come oggetti e non come persone.",GiorgioPerlasca,2021-01-30T08:42:25,6,Italia,https://reddit.com/r/Italia/comments/l8f65j/i_femminicidi_sono_un_po_troppo_enfatizzati/glcn02l/
l0vb80,,gjxvek7,Molto bello! Sembra la scena di un film!,GiorgioPerlasca,2021-01-20T13:10:16,3,Italia,https://reddit.com/r/Italia/comments/l0vb80/partita_dalla_siberia_passando_per_i_balcani/gjxvek7/
kx6g2c,,gjbrj31,Mi ricorda il film sul processo che Irving intento' contro una storica che lo accusava di negazionismo.,Loretta81,2021-01-15T08:43:56,3,Italia,https://reddit.com/r/Italia/comments/kx6g2c/il_professore_negazionista_e_la_vittoria_della/gjbrj31/
ktygba,,gj1g261,"Some explanations: A little guide for the perplexed: 01:45 - the song is called ""Five Minutes"", it's an old one, from the movie ""Carnival Night"" (1956), one of those movies that are traditionally being rewatched in Russia during New Year holidays. All other songs (except for Mamma Maria and the final one) are Italian-style covers of Russian hits of 2020, performed by Russian artists dressed as Italian pop-stars of the 1980s. 03:23 - Ivan presents his usual sidekicks from his evening show Vecherny Urgant. Matteo's real name is Dmitry Khrustalyov, the coma joke is a reference to an incident that happened to him this summer. No one knows what really happened, but they made a lot of jokes about it during the last season of the show. 04:02 - Gudini's real name is Aleksander Gudkov and it's probably mainly him (along with Urgant) that we must thank for the musical concept. He usually makes very funny musical mash-ups for the Urgant show. He also often invents the craziest music videos for Russian singers. You've probably seen him as an actor in several Little Big music videos. 04:29 - Allegra's real name is Alla Mikheeva, and she's hilarious. Her specialty in the Urgant show is ""news reporting"": she's very good in embarrassing people, feigning childish naivety and ignorance, but be careful, she's not dumb. The boobs are fake. 07:22 – “Pallini” is Aleksander Pal, professional movie actor. This year he starred in a comedy “Deeper” about a serious stage director who is forced to make porn films. 12:34 – “Ornella Buzzi”’s real name is Olga Buzova, she’s a TV presenter and a singer that we all love to hate because she’s really everywhere. But, as you see, she has a sense of humor. 13:11 – And now Alla lost her fake boobs. I guess they went with Buzova. 20:55 – Gigi’s real name is GeeGun, he’s a famous rapper who’s had a turbulent year: he was involved in several embarrassing situations in public (definitely being drunk), but he seems OK now. 21:30 – “sissante” is a funny childish Russian word for “tits”. 26:38 – Nikolay Baskov is a professional opera singer. He also probably is the only person involved who speaks Italian in real life. His “bastardo” is Danya Milokhin, a popular TikTokker. 31:41 – these girls are actresses who played in a very popular web-show called “Chiki” about four prostitutes living in a south region of Russia. The song that is performed later by Ivan Dorn was written (in Russian, of course) for this show. 32:40 – “Bukovki” (“little letters”) was one of only 2 or 3 kinds of pasta known in Russia in the 1980s (when Gudkov, Urgant and me were little kids). All other kinds that they were so deliciously enumerating moments before, were never known in Soviet Russia. 39:35 – “Enrico Carlacci” is Garik Kharlamov, a popular stand-up artist. His song may seem to make sense in Italian, but the joke is that it’s a set of Italian words that sound like dirty words in Russian. 46:52 – “Pippa il Secondo” is Philipp Kirkorov, one of the most eminent Russian pop-singers. He represented Russia in Eurovision in 1995: failed then, but was more lucky later as producer of Dima Bilan who came in 2nd. Maybe that’s why he’s named “Pippa the Second”. 48:49 – “La Soldinetta” (""A Little Coin"", Monetochka) is a real stage name of this amazing singer who’s very popular now in Russia. 49:29 – it’s a fragment of The Main Russian New Year Movie of All Times, “The Irony of Fate” (1975). The real part of dialogue is “- Do you think I’m irresponsible? – Time will show”. The joke, I guess, is about Russian (and any) movie dubbing that often mutilates the original. 49:50 – they sing a song from that same movie, “The Irony of Fate”, and it’s a beautiful cover, maybe the best of the show.",Arzamas5,2021-01-12T20:52:10,2,Italia,https://reddit.com/r/Italia/comments/ktygba/ciao_2020_spiegato_nei_dettagli/gj1g261/
ktsjlx,,ginsyub,"È come l'scenario di un horror film, bello.",lefranor,2021-01-09T15:17:13,6,Italia,https://reddit.com/r/Italia/comments/ktsjlx/e_poi_la_nebbia_calabria_paesaggio_invernale/ginsyub/
krvtuu,,gich4q4,"Ciao! l'unico link che sono riuscito a trovare è di torrent. Sai come funziona? È questo comunque: https://www.1377x.to/torrent/42359/Cristo-si-fermato-a-Eboli-DVDrip-Ita-Ac3-G-M-Volonte-TNT-Village/

Per il resto hai scritto tutto bene! L'unica cosa che ti posso segnalare è che si dice in nessun altro posto e non a nessun altro posto. Te lo dico senza pedanteria, è solo perché l'hai chiesto 😊

A parte torrent potresti usare un VPN che ti mostri come Italiana, ma è un'altra cosa e non saprei nemmeno come fare. Oltretutto non sarebbe gratuito.

EDIT: non ho scaricato il film da quel link, ma dovrebbe andare.",FabiusFrank,2021-01-06T21:08:12,2,Italia,https://reddit.com/r/Italia/comments/krvtuu/ho_bisogno_di_aiuto_non_posso_trovare_il_film/gich4q4/
ko8m9d,,ghpkdcg,"L’anima, se esiste un’anima allora essa esce dal nostro corpo al momento della morte, ma dopo dove va?
La risposta la danno le religioni, può andare in un altro corpo (induismo), andare in un mondo ultraterreno (cristianesimo) etc..
Ma può esserci qualcosa che gestisce queste anime, un dio (o più) oppure una sorta di energia che gestisce l’universo (un po’ come nel film avatar in cui c’è questa energia che gestisce la vita).
O l’anima non esiste e la nostra coscienza muore con il nostro cervello?
Le emozioni sono date solo dalle reazioni chimiche che avvengono nel nostro cervello?
E gli animali, anche loro sono vivi, loro la hanno un’anima?",TheDarkPatos__77,2021-01-01T13:26:36,2,Italia,https://reddit.com/r/Italia/comments/ko8m9d/anime/ghpkdcg/
