post_id,post_title,comment_id,comment_text,comment_author,comment_timestamp,comment_score,subreddit,permalink
18v6vu8,,kfr4gvl,Fox News è riuscita a salvarsi da cause per diffusione di notizie false sostenendo di non fare giornalismo ma intrattenimento… vedi te.,CriticalMany1068,2023-12-31T21:40:04,3,Italia,https://reddit.com/r/Italia/comments/18v6vu8/americani_che_spiegano_agli_italiani_cosa_succede/kfr4gvl/
18v6vu8,,kfq697r,"Fox News è forse l'esempio più estremo ma il tenore delle notizie negli States è più o meno simile, Fox News in aggiunta si concede teorie del complotto e simili.",Old_Harry7,2023-12-31T18:13:22,5,Italia,https://reddit.com/r/Italia/comments/18v6vu8/americani_che_spiegano_agli_italiani_cosa_succede/kfq697r/
18v6mm7,,kfpcdso,"Perché la gente si è rotta i coglioni di trovarsi su internet intasata costantemente di persone che si lamentano del mondo e di come la loro vita sia una merda. Io personalmente uso reddit per svagarmi, seguire notizie riguardanti il calcio, notizie di attualità o videogame che sono le mie 3 passioni principali; ma non posso scrollare 2 post nella home senza trovarmi puntualmente il post piagnucoloso della persona di turno che decide di sfogare tutta la sua frustrazione su Reddit, e siccome l’essere umano è (al contrario di ciò che dici) un animale sociale, leggere merda o cose brutte rovina l’umore di una persona che vorrebbe utilizzare quel social solo per svagarsi. Io personalmente non rispondo mai a quel tipo di commenti perché sono d’accordo che insultare a caso sia controproducente, preferisco ignorare quel post e andare avanti, ma la verità è che anche io mi sto stancando di trovarmi puntualmente post di gente depressa ogni 2 3 post che mi interessano effettivamente. Quello degli utenti che rispondono male a questo tipo di post non è altro che un atteggiamento di difesa nei confronti della costante negatività quotidiana che viene spreaddata su questo e altri social, non giustifico le loro azioni ma allo stesso tempo non le biasimo, abbiamo già i nostri problemi e leggere costantemente dei problemi altrui non ci aiuta ne conforta.",Scream0fTheSium,2023-12-31T14:57:33,1,Italia,https://reddit.com/r/Italia/comments/18v6mm7/perché_molte_persone_su_reddit_italia_hanno_la/kfpcdso/
18rxid4,,kfoa815,"Ma quindi la cultura è avere nozioni usa e getta sull attualità? Davvero? E oltre a usarla per fare lunghe discussioni politiche al bar per far vedere a tutti quanto ne sappiamo qual è lo scopo?

La cultura non c è e siamo d accordo ma questa non è cultura. È nozionistica varia fine a sé stessa.
Se i tuoi non la conoscono meglio per loro perché avranno meno battaglie esterne usa e getta con cui riempirsi la testa. 

Anni fa mi interessavo di politica, guardavo tutti i talk show, seguivo giornalisti che ritenevo vicini alla ""verità"" e commentavo sui social ogni polemica sterile esistente (cioè il 90% delle notizie che diciamolo, serve più a creare indignazione facile che altro).

Ero più acculturato? No, ero dipendente dal approvazione, dalla dipendenza dal gruppo e dall ego che dovevo riempire continuamente con nuove discussioni per sentirmi vivo.

Quante ore ho buttato solo per far parte di un qualcosa. I tuoi parenti non son ignoranti han solo capito che la cultura imposta è tutta forma ma ciò che ci serve alla nostra evoluzione non sta li.",Camera9_,2023-12-31T07:57:16,1,Italia,https://reddit.com/r/Italia/comments/18rxid4/davvero_cè_così_tanta_poca_cultura_in_giro/kfoa815/
18ul3m1,,kflfo20,Quelli decidono e poi interpretano le notizie e prove in base al risultato che vogliono ottenere. Dal momento che hanno annunciato il vaccino questi avevano già deciso che era un'arma di distruzione di massa,Jaded-Tear-3587,2023-12-30T19:42:12,7,Italia,https://reddit.com/r/Italia/comments/18ul3m1/patente_novax_ha_rovinato_il_pranzo_di_natale/kflfo20/
18ucoy7,,kfjtpno,"Full time, orari da ufficio, weekend liberi. Vivo da sola. 

Eeh... mi sembra di non avere mai abbastanza tempo libero! Ma è vero che ho tanti hobby. Corsi due volte a settimana, il mercoledì/giovedì esco con gli amici, tengo il weekend un po' più libero per gite fuori porta o per scrivere/disegnare. Di solito cerco di ottimizzare sfruttando al massimo gli spostamenti per andare e tornare dal lavoro (45 minuti di metropolitana), quindi leggo libri o recupero le notizie del giorno. Pulisco casa la sera o (quando lavoro da remoto) nei tempi morti/nella pausa pranzo. 

E niente... faccio un po' fatica, tanto più che vorrei iniziare ad andare in palestra l'anno prossimo.",Over-Acanthaceae-348,2023-12-30T13:07:52,3,Italia,https://reddit.com/r/Italia/comments/18ucoy7/come_gestite_il_tempo_e_siete_soddisfatti_del/kfjtpno/
18txd4h,,kfjo89r,"Minchia oh, ma che è tutta 'sta negatività? Manco foste dei mini Giacomo Leopardi...giuro che a volte condividete queste notizie giuste per far incazzare le persone",Unfair_Neck8673,2023-12-30T12:09:56,1,Italia,https://reddit.com/r/Italia/comments/18txd4h/altri_30000_dipendenti_google_a_breve_licenziati/kfjo89r/
18ud37s,,kfjkz54,Ricordo che l'Italia ha uno dei livelli di risparmio più alti di tutta Europa se non il più alto. Inoltre aio avviso c'è fin troppo pessimismo su quella che è la realtà economica del nostro paese. Pessimismo alimentato da false notizie date da giornali che tendono a uniformare le situazioni,1010110110110001,2023-12-30T11:30:43,3,Italia,https://reddit.com/r/Italia/comments/18ud37s/italiani_sulle_piste_da_sci_come_fate/kfjkz54/
18tt8j8,,kfjb6p9,"Madonna che nichilismo. Non ci vogliono una barca di soldi per leggere un libro, guardare YouTube o giocare ai videogiochi ma sono tutti hobby che possono dare molto di cui parlare.

Senza contare che se pensi veramente che una volta innamoratisi l'impegnativa finisca lì e poi si campi di rendita in una relazione ho delle brutte notizie per te.",nicktheone,2023-12-30T09:24:38,2,Italia,https://reddit.com/r/Italia/comments/18tt8j8/avere_degli_hobby_rende_sul_serio_attraenti/kfjb6p9/
18tzbii,,kfhjw1h,"Partito ad esplorare il regno di mio padre, di giorno in giorno vado allentandomi dalla città e le notizie che mi giungono si fanno sempre più rare. Ho cominciato il viaggio poco più che trentenne e più di otto anni sono passati, esattamente otto anni, sei mesi e quindici giorni di ininterrotto cammino. Credevo, alla partenza, che in poche settimane avrei facilmente raggiunto i confini del regno, invece ho continuato ad incontrare sempre nuove genti e paesi; e dovunque uomini che parlavano la mia stessa lingua, che dicevano di essere sudditi miei. Penso talora che la bussola del mio geografo sia impazzita e che, credendo di procedere sempre verso il meridione, noi in realtà siamo forse andati girando su noi stessi, senza mai aumentare la distanza che ci separa dalla capitale; questo potrebbe spiegare il
motivo per cui ancora non siamo giunti all'estrema frontiera…

Da “la boutique del mistero” di Dino Buzzati, scaricabile gratis dal seguente link:

https://francescoriolo.files.wordpress.com/2014/09/buzzati-dino-60-racconti.pdf",AlternativeAd6728,2023-12-30T00:14:41,4,Italia,https://reddit.com/r/Italia/comments/18tzbii/sono_qua_al_ritalia_per_praticare_il_mio_italiano/kfhjw1h/
18tqugt,,kfg9ejx,Ho notizie da darti…,AdOk3759,2023-12-29T19:18:29,2,Italia,https://reddit.com/r/Italia/comments/18tqugt/sono_dipendente_dal_porno_ama/kfg9ejx/
18tt8j8,,kfg2t5m,"La vita è una costante avventura ed un susseguirsi di eventi, a meno che non si viva una vita monotona casa-lavoro-casa (comunque anche a lavoro possono capitare cose che vale la pena raccontare) si troverà sempre qualcosa di nuovo da condividere, inoltre le passioni non sono statiche: gli sport vantano competizioni su base annuale, escono serie TV/film/videgiochi/anime/manga/musica ogni anno: parlare di notizie relative ad essi, personali previsioni o desideri possono espandere tutto quanto fino a che l'hobby in questione esisterà. Non saprei che altri esempi concreti fornirti, ma penso bastino",Electrical-Grab20,2023-12-29T18:38:46,6,Italia,https://reddit.com/r/Italia/comments/18tt8j8/avere_degli_hobby_rende_sul_serio_attraenti/kfg2t5m/
18szld2,,kfeav8x,"> Ho il terrore di aver buttato anni e soldi con l'università, per entrare in un mondo del lavoro (l'insegnamento) che sembra infernale.

Qui posso consolarti osservando che circa OGNI lavoro attuale è classificabile come infernale tra managerializzazione e degrado.

> Basti pensare a quanto sia difficile diventare un docente di ruolo o alle quasi quotidiane notizie di professori maltrattati (se non picchiati) da studenti o da genitori.

IMO questo aspetto è irrilevante, nel senso che sono voci di cronaca non dubito vere, ma estreme, che riguardano casi come ""hey, c'è stato un omicidio"" che si, esiste, ma è parte dell'esistenza e tocca una minimissima percentuale di soggetti.

> Aggiungiamoci anche che non credo nemmeno di essere portato. Non ho un carattere autorevole. Come farei a non farmi calpestare da 20 e passa ragazzini?

Qui sta a te. Se sei bravo non hai bisogno d'altro. I ragazzi sentono chi vale e chi no. Possono aver rispetto degli autorevoli, paura degli autoritari, essere bulli verso i deboli, ma sentono chi vale. Se hai fatto la scelta di insegnare perché ti piace lo sentiranno e non avrai problemi.

> Ho paura e vedo tutto nero in questo momento. 

Tranquillo/a vedo più nero di te. E no, non faccio l'insegnante...",ftrx,2023-12-29T10:30:03,1,Italia,https://reddit.com/r/Italia/comments/18szld2/mi_potreste_consolare/kfeav8x/
18rxide,,kfaienx,"Non manca la cultura (anche perché esistono diversi campi del sapere, uno può non sapere il significato di ""enclave"" ed essere espertissimo in matematica), anzi abbiamo un vasto panorama culturale in Italia. 

Sicuramente esistono molte persone in Italia che non sanno come funzionano le elezioni, come funziona la nostra tassazione oppure quali siano le regole fondamentali del codice della strada. Questo è un sapere basilare, necessario per vivere. Ma non credo che sia questo ad essere assente dalla vita dell'italiano medio.

Secondo me manca la curiosità, la voglia di imparare qualcosa di nuovo, di ascoltare persone su argomenti dei quali non si sa assolutamente niente. Se per la TV il discorso è un po' diverso (si possono guardare determinati programmi, a una determinata ora, quindi la scelta è limitata), su Internet le possibilità sono infinite grazie ai siti e ai divulgatori che parlano di qualsiasi argomento uno voglia. Ma evidentemente molti scelgono di non informarsi, nonostante questo.

Credo ci siano anche cause non dipendenti dall'interesse dell'individuo per quel dato argomento, come la mancanza di tempo, la difficoltà nell'uso di Internet e dei dispositivi tecnologici, propria in particolare degli anziani (non diamo a loro tutta la colpa, a 70 anni il cervello è meno elastico che a 20), e via dicendo. 
Per esempio, recentemente ho visto un video nel quale si citava uno studio/un'analisi, secondo il quale le persone tendevano ad evitare le notizie di cronaca anche per non demoralizzarsi davanti a tutto ciò che di brutto succede nel mondo. 

Per concludere, ribadirei che è davvero la voglia di conoscere ed informarsi (anche su argomenti diversi dall'attualità, come il cinema per esempio) a mancare in questo Paese. Mi viene da pensare che sia perché l'intrattenimento, spesso spicciolo, vende di più.",Lost_Perception2550,2023-12-28T17:31:20,1,Italia,https://reddit.com/r/Italia/comments/18rxide/davvero_cè_così_tanta_poca_cultura_in_giro/kfaienx/
18s0f0g,,kf9kiqw,"I regolamenti dell'università non li definirei ""notizie di attualità"".

Per quanto riguarda la situazione della borsa di studio, non vedo come informarsi sulla Cina dopo aver visto le borse di studio sia tanto diverso da avere già una cultura prima.

Diciamo che quello che sto dicendo è che non vedo molti vantaggi ad un assunzione di informazioni attiva, piuttosto che una reattiva in base ai bisogni specifici.

Io è 15 anni che non guardo un telegiornale, ma quando è partita l'invasione dell'Ucraina mi sono informato molto sulla storia e sulle motivazioni, perché genuinamente interessato.",does_it_really_matte,2023-12-28T13:49:03,1,Italia,https://reddit.com/r/Italia/comments/18s0f0g/non_me_ne_frega_nulla_dei_fatti_di_attualità/kf9kiqw/
18s0f0g,,kf9i1k2,"Si, certo, sono molto d'accordo. Rimane il fatto che fact-checkare le notizie non ti dà visione dei grandi eventi storici in arrivo. 

Tipo, l'invasione russa la di vedeva dal lontano 2014, ma quello che poi é successo nel 21 ha avuto ripercussioni globali che era difficile prevedere. Anche perché i contesti cambiano e la Cina del 2014 non é quella di oggi, e nemmeno l'Europa e gli USA (pensa solo all'imprevedibilità di trump presidente)",giorgio_gabber,2023-12-28T13:28:37,2,Italia,https://reddit.com/r/Italia/comments/18s0f0g/non_me_ne_frega_nulla_dei_fatti_di_attualità/kf9i1k2/
18rxide,,kf8t1mk,"Guarda pure io ho una memoria pessima ma quello che mi aiuta è leggere tanto le notizie (basta seguire un paio di giornali nazionali e internazionali sui social per essere aggiornati su quello che succede nel mondo), e sopratutto essere curiosi e farsi domande…per esempio sto guardando un film sulla prima guerra mondiale, metto pausa e vado a leggere su wiki di che periodo stiamo parlando, finito il film faccio ricerca su personaggi specifici e approfondimenti sulla storia etc…mi ricorderò tutta questa info da qui a un paio di mesi? Probabilmente no ☺️ ma a forza di farmi domande e continuare a informarmi sicuramente qualcosa rimarrà dentro",solitaSE,2023-12-28T08:44:07,1,Italia,https://reddit.com/r/Italia/comments/18rxide/davvero_cè_così_tanta_poca_cultura_in_giro/kf8t1mk/
18rxide,,kf8mje4,"E' abbastanza generalizzato e dipende tanto dagli ambienti che frequenti.  
io lo trovo assai più frequqnte tra i più giovani perchè non hanno l'abitudine di guardare la tv e non leggono i giornali. Le informazioni le trovano sui social che, come è noto, ci mostrano le informazioni che un algoritmo suggerisce di mostrarci e se seguiamo solo gossip, moda, ecc. difficilmente ci mostrerà notizie diverse come Assange, la politica, l'economia ecc..  
Se provi a leggere un articolo che parla di grande fratello o di gossip (giusto per fare due esempi) ti troverai di fronte ad un linguaggio semplice, apposta per quel tipo di lettore. Dove possono leggere la parola ""enclave"" in un articolo sul grande fratello?  
Ricordo una intervista a Camilleri dove dava le percentuali degli analfabeti totali e di quelli funzionali in Italia in cui si chiedeva come fanno a scegliere chi votare queste persone? Leggi le dichiarazioni e ascolta le interviste dei politici e capisci come stiamo messi.",Marchesebb,2023-12-28T07:23:58,1,Italia,https://reddit.com/r/Italia/comments/18rxide/davvero_cè_così_tanta_poca_cultura_in_giro/kf8mje4/
18s6drc,,kf7b780,"Io sto riguardando tutte le serie di X-Files su Disney+. 

Pago 100 euro di SKY ma lo posso tranquillamente chiudere, non guardo più dirette, neanche lo sport... È diventato uno schifo anche quello, tutto pilotato (e non nel senso del pilota che guida).

Per vedere qualcosa di interessante devo ricorrere a serie tv vecchie di 30 anni... È tutto un dire.

Quanto ai notiziari, oltre a dare solo brutte notizie (daltr'onde questa è la cronaca) sono tutti finemente preparati per modellare il pubblico in modo magistrale. Se esiste un TG che non sia controllato da qualche fazione politica fatemi sapere, io non ne trovo. Gli argomenti che mi interessano li cerco sulla rete tramite canali o informatori che ritengo affidabili.",N1k1k1,2023-12-28T00:56:46,2,Italia,https://reddit.com/r/Italia/comments/18s6drc/voi_cosa_salvate_della_televisione/kf7b780/
18s0f0g,,kf6ucwv,"Il fact checking è irrilevante perché anche con la verità in tasca, tu oggi non sai cosa cercare.

Penso alla Prima Guerra Mondiale, che tutti gli storici definiscono un conflitto talmente prevedibile da risultare inevtabile. Ma non è vero. Subito prima del conflitto i bond imperiali pompavano meglio dei BTP Italia, nessuno nei mercati si aspettava l'esplosione di una guerra tantomeno un conflitto mondiale.

Gli storici dicono cazzate? No, è che gli storici hanno una cosa che io che leggo il giornale non ho: 30-50 anni di distanza per guardare le cose a freddo e filtrare la marea di notizie-cazzate e trovare, magari, le vere notizie a pagina 7, quasi ignorate all'epoca.

Gli eventi, quelli che hanno effetto su di te perché ti cambiano il prezzo del latte al supermercato, sono sempre imprevedibili.

Una notizia può essere vera e allo stesso tempo può essere inutile. Leggere l'attualità è come cercare di costruire un puzzle in cui non hai la foto di riferimento, col giornaliaio che ti dà un pezzettino alla volta.",Hyper-rational,2023-12-27T23:04:02,8,Italia,https://reddit.com/r/Italia/comments/18s0f0g/non_me_ne_frega_nulla_dei_fatti_di_attualità/kf6ucwv/
18s6drc,,kf6iy6q,"Rai storia, rai scuola canale sottovalutato ma davvero valido, focus ( per i documentari non complottisti) , motor trend , Euronews per le notizie di stampo internazionale",Rosmarino-fresco,2023-12-27T21:52:22,2,Italia,https://reddit.com/r/Italia/comments/18s6drc/voi_cosa_salvate_della_televisione/kf6iy6q/
18rxide,,kf6hubm,"Succede che manca sempre di più una cultura condivisa, perchè non guardiamo più tutti il telegiornale alle 20e30 davanti alla tv. All'epoca della tv all'acculturato veniva il nervoso per il poco approfondimento dato alle notizie, mentre l'ignorante restava a bocca aperta nell'apprendere una notizia banale ma che da solo non si sarebbe mai cercato.

Al giorno d'oggi con internet ognuno entra in contatto con la cultura e la quantita di cultura che desidera. Chi ha sete di sapere si fa una cultura spropositata, chi non è interessato alla cultura non ne viene proprio a contatto, e a chi non ha basi di logica, filosofia e pensiero critico spetta un viaggio in un mondo parallelo: una discesa a spirale nei complottismi, nella paura e nell'odio.",Wooden-Bass-3287,2023-12-27T21:45:37,3,Italia,https://reddit.com/r/Italia/comments/18rxide/davvero_cè_così_tanta_poca_cultura_in_giro/kf6hubm/
18rxide,,kf62drr,">Come fa una persona a votare in modo sensato e facendo gli interessi sia propri che del Paese in cui vive (almeno, secondo il suo pensiero) se nemmeno sa chi sia il Presidente del Consiglio o si informi delle notizie di politica ALMENO UN MINIMO SINDACALE?

>E' ovvio che debbano votare tutti, e ci mancherebbe! E che a tutti debba essere fornita una certa istruzione (la ""cultura"" è altra cosa, ha per base il desiderio di sapere). Poi, però, ci vuole anche un minimo di collaborazione da parte della singola persona.

Faccio una parentesi.
Votare non è obbligatorio, anzi, ad ogni elezioni il numero di chi lascia scheda bianca o proprio non si presenta alle urne, non è proprio trascurabile.
Ci sono varie motivazioni, ma credo che sia anche sintomo di intelligenza ammettere il totale disinteresse e ignoranza verso un argomento che non si ritiene affine.
Certo, può sembrare sintomo di mancanza di cultura, ma chi lo dice che certi argomenti lo sono e altri no?

Tra l' altro reputo che la prima causa dell' ignoranza dilagante è l'incapacità di comunicare in modo semplice e comprensibile.",sixlaneve4_0,2023-12-27T20:12:50,1,Italia,https://reddit.com/r/Italia/comments/18rxide/davvero_cè_così_tanta_poca_cultura_in_giro/kf62drr/
18s6drc,,kf5uyek,"*Notizie di cronaca nera di cui sarebbe largamente sufficiente parlare per 5 minuti ma su cui si ricamano programmi di ore e giornate di programmazione, perché si aggiunge il dettaglio dell'unghia del mignolo sinistro e quindi si può continuare a far sguazzare un altro po' il pubblico in queste disgrazie* 

50 minuti di applausi. Diversi anni fa dovevo sorbirmi la Vita in Diretta, con tutti quei casi di cronaca propinati in serie senza il benché minimo filo conduttore, e già allora avevo dieci anni mi rendevo conto che era robaccia. Inoltre sono programmi che deformano molto la percezione che abbiamo del mondo; ci butto dentro anche molti telegiornali che sulla cronaca nera ci sguazzano.

Paradossalmente, direi che quanto più ci si allontana da ciò che è generalista, meglio è. Ci sono delle eccezioni, ma la tendenza è quella.",FanX99,2023-12-27T19:28:17,11,Italia,https://reddit.com/r/Italia/comments/18s6drc/voi_cosa_salvate_della_televisione/kf5uyek/
18rz57e,,kf5j69m,"> (scaricare è legale, distribuire no) 

All'atto pratico ci sono, in Italia, precedenti di gente arrestata o multata per aver condiviso un file tramite torrent? io ho solo sentito notizie di persone che vengono arrestate ma perchè gestiscono siti o servizi come il ""pezzotto"" che inevitabilmene generavano un redditto.",Dembrush,2023-12-27T18:18:15,4,Italia,https://reddit.com/r/Italia/comments/18rz57e/a_chi_diceva_di_comprare_youtube_premium_se_non/kf5j69m/
18s6drc,,kf5i77k,sia quello sia sentire le notizie che perdo online,Mother-Acadia-8050,2023-12-27T18:12:29,1,Italia,https://reddit.com/r/Italia/comments/18s6drc/voi_cosa_salvate_della_televisione/kf5i77k/
18rp4q3,,kf5ezaq,"Guarda che non sono la stessa persona a cui avevi posto la domanda sopra. 


Comunque secondo me sbagli a non valutare e pensare in base a ciò che vedi succedere o che ti accade nella tua vita privata, perché molto spesso le persone sono miopi fino a quando una cosa non le tocca personalmente. Prendo altri esempi (anche molto lontani da ciò di cui stiamo parlando): oggi si stampano sopra le sigarette un sacco di foto di tumori e malattie per far capire alla gente che il fumo fa male (evidentemente non bastavano tutte le ricerche e le notizie a riguardo), oppure pensa che quando von der Leyen venne invitata a visitare Lampedusa la scorsa estate.


Poi per me essere TROPPO perbenista è un male, ma non è mica un insulto.


Per rispondere alla tua domanda: secondo me non è esagerato, ma dipende dalla situazione: ovvero se il ladro entra e tu sei in casa e ti minaccia o minaccia tua figlia e si passa da furto a rapina, se ti difendi con un’arma PARI a quella dell’aggressore allora no, non è esagerato",blue_kashiwa,2023-12-27T17:53:28,1,Italia,https://reddit.com/r/Italia/comments/18rp4q3/mi_sono_entrati_in_casa_ma_non_capisco_alcune_cose/kf5ezaq/
18s0f0g,,kf4tb50,"Limitati ai siti delle agenzie di informazione (Ansa, Reuters, Afp, etc...) ti danno solo notizie così non rimani isolato dagli eventi del mondo.",AlphaCentauri10,2023-12-27T15:40:47,1,Italia,https://reddit.com/r/Italia/comments/18s0f0g/non_me_ne_frega_nulla_dei_fatti_di_attualità/kf4tb50/
18rxide,,kf4o0dh,"Da classicista e curioso penso di si. 

Infatti non è tanto la quantità di cultura a mancare ma la qualità.

Vengo e mi spiego: la cultura è semplicemente un sistema di credenze, conoscenze, assunti e in generale concetti che costituiscono l'orizzonte orientativo di una persona.

è quasi impossibile non avere cultura, persino contadini e poveri, che pure non avevano una formazione scolastica, avevano tuttavia una serie di taboo, convinzioni, piccole medicine, superstizioni...

Il problema ad oggi è che la cultura popolare di questo periodo è basata su questioni superficiali e contingenti, non radicata e soprattutto usa e getta.

Spesso quando sono su facebook leggo di gente che davanti a notizie che (legittimamente) possono incontrare il loro sdegno, reagiscono in maniera viscerale e contingente. Per loro quella è una coppia di f\*\*\*\*i, non due persone che hanno coronato un sogno d'amore. 

Invece in passato (la storia della cultura gay è molto interessante) spesso l'omosessualità era chiaramente inquadrata in strutture che per quanto negative avevano un suo fascino: nel 1700 per esempio erano omosessuali gli effeminati e i libertini, a rappresentare una visione consumistica e anticonformistica del sesso; nel medioevo l'omosessualità criticata da Pier Damiani altro non era che la pedofilia e fa sorpresa pensare come nel Rinascimento la sodomia facesse capolino negli atti dei pittori o fosse vista come un rivivere i fasti del passato (ovviamente non dai religiosi ma caso vuole che fossero sempre gli intellettuali, che sapevano il latino e il greco, ad avere pendenze in quell'ambito). 

Se un domenicano del rinascimento o un nobile del 1700 tornassero nel mondo moderno 100 a 1 saprebbero fare delle critiche molto intelligenti proprio perchè dotati di una formazione culturale complessa che permetterebbe loro di osservare i multiformi fenomeni del presente con grande elasticità (come il fatto che spesso una ragazza violentata viene insultata e quindi anche per questo l'aborto viene visto come il minore dei mali per questa citta). Magari, addirittura, sarebbero molto più propensi alla comprensione che al giudizio apprezzando le differenze.

Invece appunto ad oggi si tende a semplificare e ridurre: ogni singolo giudizio viene espanso a comprensione universale. Così come il like (bello sintetico) e l'insulto (che ve devo di su questo?) hanno sostituito la critica e il commento, la partecipazione e la contestazione. Proprio perchè, per criticare e sostenere, serve motivare la propria posizione. E molte persone vivono in un mondo dove non hanno dei reali motivi per commentare quello che dicono, semplicemente se lo trovano sotto gli occhi privo di una qualsiasi contestualizzazione e privi di un previo allenamento alla comprensione. D'altronde la scuola anche in questo non da' il buon esempio: molte lezioni sono semplicemente frontali, con il prof che parla e gli studenti che (non) ascoltano. Così come le fonti sono spesso consultate frettolosamente senza elaborazione. 

Tutto questo perchè la conoscenza e la comprensione del mondo hanno perso il loro carattere graduale, esperienziale, desiderabile e sono invece diventati dei pesi che rallentano e impediscono di sfruttare il tempo libero. Meglio fare dei video su tik tok arramazzati e ricevere velocissimamente la dopamina.",PolyhedronWW,2023-12-27T15:05:17,2,Italia,https://reddit.com/r/Italia/comments/18rxide/davvero_cè_così_tanta_poca_cultura_in_giro/kf4o0dh/
18s0f0g,,kf4i5lj,"[Hot take] Ma è ignoranza vera?

Tutti partiamo dal presupposto che informarsi sia la chiave per capire il mondo. Ma se io mi guardo alle spalle vedo che gli eventi che più hanno influenzato la mia vita sono stati totalmente imprevedibili, rendendo tutti i titoli di giornale letti completamente irrilevanti.

9/11, COVID, guerra in Ucraina. Il mio sistema empirico di comprensione del mondo tramite le notizie è risultato completamente inutile ed inadatto nel predirre, anche solo di un giorno, questi eventi. Quindi a che serve?

Paradossalmente credo di capire maggiormente il mondo da quando ho iniziato a fregarmene dell'attualità e mi sono rifugiato nella conoscenza vera, quella dei libri. Sento come se avessi rimosso un sacco di rumore e sia tornato alla fonte. Al momento della rinuncia mi feci la domanda: Ma a cosa sto rinunciando? E la risposta fu: Ad un flusso di informazioni non decifrabili se non con 10 anni di attesa e tanto senno di poi, composto al 70% da rumore e al 30% da informazione cruciale indistinguibile dal rumore.

Perché il titolo da solo non ti dà nessun strumento per interpretare quello che succede. L'opinion piece ci mette una pezza ma solitamente è estremamente parziale. Quel che resta alla fine è nozionismo a scadenza immediata.

Oggi come regalo di Natale preferirei un libro di Chomsky che un anno di abbonamento al New York Times.",Hyper-rational,2023-12-27T14:22:44,34,Italia,https://reddit.com/r/Italia/comments/18s0f0g/non_me_ne_frega_nulla_dei_fatti_di_attualità/kf4i5lj/
18s0f0g,,kf4h4gs,"mah, guarda, più che altro preoccupano i legami a doppio filo con la 'ndrangheta. 

regolarmente ci sono esponenti di fratelli d'italia indagati per 'ndrangheta (queste sì, sono notizie da tenere d'occhio), dei leghisti non sono informato, ma diciamo che associarsi a meloni non gli fa schifo, quindi significa che sanno e se ne fottono. 

forza italia e i legami con cosa nostra sono tristemente noti, grazie al fu b.

il pd non fa molta differenza, ma la ""compagnia bella"" la preferisco di gran lunga ai tre mafiosi.

che partito minore hai votato, se ti va di scriverlo?",Ok_Fold_8788,2023-12-27T14:14:46,2,Italia,https://reddit.com/r/Italia/comments/18s0f0g/non_me_ne_frega_nulla_dei_fatti_di_attualità/kf4h4gs/
18s0f0g,,kf4ef9e,"Giustissimo, ma francamente ritengo che le notizie propinate dai mass media divergano da paese a paese e mi sembrano sempre di parte",Left_Yogurt2017,2023-12-27T13:53:08,12,Italia,https://reddit.com/r/Italia/comments/18s0f0g/non_me_ne_frega_nulla_dei_fatti_di_attualità/kf4ef9e/
18s0f0g,,kf4e5en,"Complimenti per i tuoi successi più che meritati.

Le notizie diffuse dai mass media sono opportunamente distillate e modulate in modo a deprimere il popolino cosicché rimanga ignorante e spaventato, e non sia realmente attivo politicamente o controbatta gli ordini che riceve.",Particular_Nebula462,2023-12-27T13:50:53,4,Italia,https://reddit.com/r/Italia/comments/18s0f0g/non_me_ne_frega_nulla_dei_fatti_di_attualità/kf4e5en/
18s0f0g,,kf4dgne,"Anche io M30, e questa ""scelta"" l'ho fatta più di 10 anni fa, tra virgolette perché è stata una cosa organica e non una scelta ragionata che ho fatto a tavolino.

No TV, mai avuto social (tranne YouTube e occasionalmente il giro su reddit con account usa e getta), no telegiornali, le notizie grosse comunque si assorbono per osmosi.

Sono appassionato di storia e mi piace imparare quello che è successo nel mondo, ma di stare al passo con l'attualità di giorno in giorno mi sembra un grande spreco di energie, mi concentro su me stesso e sulle persone a cui voglio bene, che sono quelli che si meritano la mia attenzione e il mio tempo.

Sarà da egoista ma ovviamente non voto, diffido in maniera viscerale di qualsiasi figura politica, domestica o estera. Vedo come ultimamente irrilevante la mia opinione al riguardo.

Insomma mi faccio i cazzi miei, vivo sereno e voglio bene alle persone che mi stanno attorno.",does_it_really_matte,2023-12-27T13:45:15,5,Italia,https://reddit.com/r/Italia/comments/18s0f0g/non_me_ne_frega_nulla_dei_fatti_di_attualità/kf4dgne/
18s0f0g,,kf4cgb4,"Anche io personalmente mi lascio scivolare gran parte delle notizie. Per carità, per noia a volte i programmi trash della rai tipo affari tuoi me li guardo dopo esser stato obbligato a guardare il tg 1 con la mia famiglia, ma comunque trovo anche io che non ci si bisogna avvelenare con tutte le notizie che fioccano da ogni parte della TV e dell'internet, e che si bisogna prima di tutto pensare a sé stessi e a come ci si può migliorare dipendendo il meno possibile dal contesto che circonda la propria persona. Per me non dovrebbero criticarti se sei egoista, tanto un po' lo sono tutti (io di sicuro: le cose le faccio per me stesso, non per gli altri)",francino_meow,2023-12-27T13:36:42,4,Italia,https://reddit.com/r/Italia/comments/18s0f0g/non_me_ne_frega_nulla_dei_fatti_di_attualità/kf4cgb4/
18rtzyc,,kf46yc4,"K
Provo a non copincollare link dal primo sito di notizie che trovo almeno",SicilianSTR13,2023-12-27T12:46:46,5,Italia,https://reddit.com/r/Italia/comments/18rtzyc/quittare_reddit_italia/kf46yc4/
18rxide,,kf41k1q,"Credo che si stia facendo un po' di confusione circa le parole ""informazione"" e ""cultura"".

E' ovvio che nessuno possa sapere TUTTO. Socrate stesso diceva ""io so di non sapere"".

Ma da lì a ignorare in che mondo viviamo ce ne corre!

Come fa una persona a votare in modo sensato e facendo gli interessi sia propri che del Paese in cui vive (almeno, secondo il suo pensiero) se nemmeno sa chi sia il Presidente del Consiglio o si informi delle notizie di politica ALMENO UN MINIMO SINDACALE?

E' ovvio che debbano votare tutti, e ci mancherebbe! E che a tutti debba essere fornita una certa istruzione (la ""cultura"" è altra cosa, ha per base il desiderio di sapere). Poi, però, ci vuole anche un minimo di collaborazione da parte della singola persona.",Ercolina,2023-12-27T11:48:55,11,Italia,https://reddit.com/r/Italia/comments/18rxide/davvero_cè_così_tanta_poca_cultura_in_giro/kf41k1q/
18rxide,,kf3ylq3,"Sinceramente l'estrema politicizzazione di qualsiasi cosa cominciata anni fa con renzi ed i 5 stelle mi ha fatto venire il latte alle ginocchia di quel che succede nel mondo, che da quando non vivo più con i miei non ho mai più visto un telegiornale o letto notizie che non siano passate qua su reddit. Sono diventato completamente disinteressato di quel che succede nel mondo e più concentrato sul mio lavoro e le mie passioni",Impressive_Double_95,2023-12-27T11:13:57,47,Italia,https://reddit.com/r/Italia/comments/18rxide/davvero_cè_così_tanta_poca_cultura_in_giro/kf3ylq3/
18r9xjp,,kf3onp6,"Lavoro a Milano e non sono mai stato a Rio de Janeiro ma così su due piedi ti direi di no. A Milano farebbero di tutto per screditare la tua esperienza precedente per pagarti il meno possibile e darti un livello più basso. Poi per la città non so, a me non piace troppo, troppo asfalto, poco verde, strade malmesse.. poi ci sono anche eventi, un sacco di vita e di feste. A tanti piace a me non troppo, preferisco meno vita meno eventi ma con strade più percorribili e più sicurezza (diffida da chi dice che Milano é sicura), adesso da gennaio metteranno i cosiddetti city Angels che dovrebbero garantire più sicurezza ma ad adesso non sono una novità le notizie di stupri/risse/furti, anzi ci si é fatta l abitudine. Io ti direi anche si Europa, ma noi italiani non siamo troppo famosi per essere avanti nel lavoro stipendio/ore di lavoro fatte, soprattutto a Milano che si lavora come se non si avesse altro da fare (poi in campo finanziario é così in tutte le grandi città eh)",ChocoMilkshake99,2023-12-27T09:06:04,2,Italia,https://reddit.com/r/Italia/comments/18r9xjp/conviene_trasferirmi_in_italia/kf3onp6/
18rtzyc,,kf3n9ec,Pensi che r/Italy sia meglio? È soltanto un maledetto canale di ansa perché apparte post di notizie e raramente di altre cose i mod ti bloccano tutto,SicilianSTR13,2023-12-27T08:48:03,1,Italia,https://reddit.com/r/Italia/comments/18rtzyc/quittare_reddit_italia/kf3n9ec/
18rgsei,,kf2ypn3,"La differenza tra ieri e oggi riguardo i giornali è che ieri non c'era internet, oggi sì.
Il Corriere della sera è abbastanza vecchio come quotidiano, per chi ha la sbatta si può abbonare all'archivio storico e leggere articoli di 100 anni fa. È impressionante quante porcate della madonna raccontavano dato che nessuno poteva controllare.
Per dire che i quotidiani italiani sono sempre stati un po' una merda; con internet si sono sviluppati anche i titoli acchiappa click e la polarizzazione.
Audiweb controlla e certifica quante visite uniche mensili fanno i siti di notizie. Tgcom24 e fanpage.it sono fra i primi, due siti agli opposti per posizionamento ma entrambi senza morale ed etica, che dicono le peggiori cazzate pur di girare le notizie verso le loro narrazioni. 

Solo chi ha tanta sbatta di leggersi tanti quotidiani e seguire il settore sa cosa è successo veramente, la gran parte della popolazione se ne sbatte i coglioni di quale giornalista oggi ha deciso di masturbarsi e su cosa. E c'hanno ragione, giustamente.",blumaiyo,2023-12-27T04:26:28,27,Italia,https://reddit.com/r/Italia/comments/18rgsei/titolo_tizia_non_ha_mai_detto_che_i_commenti_come/kf2ypn3/
18qqez5,,kex4zhi,"Ho brutte notizie: Cruciani non pensa nulla di quello che dice, fa palesemente il bastian contrario per provocare. Ho la sensazione che tu sia proprio uno degli ascoltatori che prende il programma seriamente...",Clone11038,2023-12-25T23:29:47,11,Italia,https://reddit.com/r/Italia/comments/18qqez5/qual_è_la_vostra_opinione_sulla_zanzara/kex4zhi/
18qqez5,,kewpcok,"È una dipendenza, ormai sono 4 anni che la ascolto ogni giorno (in diretta o podcast). Capisco che non possa piacere a molti, ma per me è un modo di staccare dalla realtà, rilassarmi e avere 1.30h di completa follia. Inoltre mi permette anche di essere aggiornato sulle notizie del momento.
E poi Parenzo ha una comicità che mi fa troppo ridere.

La zanzara ti dà vitaaaa (cit. Roberto Il baffo da Crema)",noosal,2023-12-25T21:31:17,20,Italia,https://reddit.com/r/Italia/comments/18qqez5/qual_è_la_vostra_opinione_sulla_zanzara/kewpcok/
18qfkxy,,keunhz2,"Primo feed venti notizie ventuno ingiustizie e il popolo social che fa? si costerna, s'indigna, s'impegna poi getta la spugna con gran dignità.",Dorco_Pio,2023-12-25T10:44:28,6,Italia,https://reddit.com/r/Italia/comments/18qfkxy/secondo_voi_quale_sarà_il_trend_social_2024/keunhz2/
18p9xns,,kenxswj,"Luigi dall'Igna (capo ingegnere del reparto corse della Ducati) o Pecco Bagnaia (ha vinto il mondiale dopo aver rischiato di morire) o Sinner (si è migliorato mese  dopo mese con una dedizione al lavoro maniacale) o ancora meglio Mattia Aguzzi che ha preso al volo una bambina di cinque anni caduta dal balcone del quinto piano, ma purtroppo lui non è diventato famoso.

Il problema è che una ""persona dell'anno"" oltre a essere meritevole, deve anche essere famosa, caraterizzare l'anno e fare da ""ispirazione"". Purtroppo, ad eccezione dello sport, in Italia si parla troppo poco di notizie positive, e diventa difficile trovare una persona meritevole, che sia anche famosa. 

E\` emblematico che per diventare persona dell'anno, contino di più le parole che le azioni. Ma alla fine è giusto che in una società sempre più apatica e irrazionale, diventi persona dell'anno una persona come Elena Cecchettin a cui è capitata una disgrazia e si è sfogata a reti unificate. Un ottimo simbolo di questi anni di vittimismo e lamentela continua.",massimo-zaniboni,2023-12-23T22:05:20,7,Italia,https://reddit.com/r/Italia/comments/18p9xns/la_vostra_persona_italiana_dellanno/kenxswj/
18p2z64,,kenrr2c,"Da quando ho levato Instagram la mia vita ha fatto un salto qualitativo allucinante. Ci ho provato diverse volte in passato ma senza riuscirci. Ora ce la sto facendo perché ho eliminato la parte ""social"", trovando una sorta di compromesso: ho un profilo senza followers, non seguo persone che conosco e non pubblico niente. Lo tengo per leggere notizie oppure essere informata su mostre/programmazioni al cinema, oppure per i meme. Ma tutto il surplus del social (che è estremamente dannoso per quanto riguarda la mia sensibilità) l'ho eliminato e sto effettivamente meglio. 
Prima era tutto un confrontarmi. So benissimo che le persone cercano di mostrare l'immagine migliore, più vincente, di sé. Nonostante la mia lucidità e consapevolezza, continuavo a misurare la mia vita e il mio aspetto su quelli degli altri e non sentivo mai una completa soddisfazione.
Ora è già passato parecchio tempo e mi sento sinceramente in pace, cerco di trarre solo l'utile e lasciare perdere tutto il resto.",Sea_Mathematician691,2023-12-23T21:23:14,3,Italia,https://reddit.com/r/Italia/comments/18p2z64/la_logica_di_uso_di_instagram_rende_le_persone/kenrr2c/
18ooncm,,kem8gtj,"Io oramai guardo solo lo sport in italiano, il resto tutto in inglese (film, serie, documentari e CNN che è il mio riferimento per le notizie) o giapponese (anime), I doppiaggi sono imbarazzanti, per non parlare di come cambiano i titoli completamente a cazzo, una roba indegna",mala_r1der,2023-12-23T15:19:38,1,Italia,https://reddit.com/r/Italia/comments/18ooncm/doppiaggio/kem8gtj/
18p5u3c,,kem5pp4,"Penso risulti po’ strano per noi che abbiamo vissuto un epoca diversa, sicuramente avranno foto ricordo più belle delle nostre dove si vedeva che maldestramente cercavamo di coprire le nostre imperfezioni (con scarso risultato)

A differenza tua non penso che una ragazzina che ha imparato molto su come curare l’aspettò fisico sia stupida. Sono certa ci siano le ragazze più frivole ma anche quelle più studiose e acculturate (o loro devono essere per forza brutte notizie trascurate?)

Forse l’unico timore uomini adulti che non si fanno scrupoli a sessualizzarle, spero siano tutelate dai genitori e dalla società.",myr_95,2023-12-23T15:02:11,19,Italia,https://reddit.com/r/Italia/comments/18p5u3c/cosa_ne_pensate_delle_ragazzine_che_si_conciano/kem5pp4/
18p55jo,,keltjbz,"Più che il dare rilievo alle notizie, il credere a questo mucchio di ridicole superstizioni.",Explorer_Equal,2023-12-23T13:40:14,2,Italia,https://reddit.com/r/Italia/comments/18p55jo/il_cardinale_müller_boccia_la_linea_di_papa/keltjbz/
18p55jo,,kels2j7,"> mi fa incazzare che si dia ancora rilievo a queste notizie del cazzo nel 2024

Già, dovrebbero censurare parte della stamp- oh wait.",Wise_Stick9613,2023-12-23T13:29:27,1,Italia,https://reddit.com/r/Italia/comments/18p55jo/il_cardinale_müller_boccia_la_linea_di_papa/kels2j7/
18p5967,,kelqd3i,">Per le notizie crypto

Tra poco non andrà più tutto bene",gdmg92,2023-12-23T13:16:31,14,Italia,https://reddit.com/r/Italia/comments/18p5967/va_tutto_bene/kelqd3i/
18p5967,,kelq5d0,"Per le notizie crypto, gli spoiler di One Piece e i contenuti NSFW",curcio_pietro,2023-12-23T13:14:53,54,Italia,https://reddit.com/r/Italia/comments/18p5967/va_tutto_bene/kelq5d0/
18p55jo,,keloa5g,"A me non fa incazzare lui, che giustamente essendo cardinale dice cose da cardinale, mi fa incazzare che si dia ancora rilievo a queste notizie del cazzo nel 2024",_Dnikeb,2023-12-23T13:00:05,29,Italia,https://reddit.com/r/Italia/comments/18p55jo/il_cardinale_müller_boccia_la_linea_di_papa/keloa5g/
18p2z64,,kelfltj,"Si esatto, era comodo avere un overview delle notizie.  Comunque non so se da quel momento c'è stato qualcosa tra i due ma comunque non deve essere durato a lungo 😅",d_v_na,2023-12-23T11:43:36,2,Italia,https://reddit.com/r/Italia/comments/18p2z64/la_logica_di_uso_di_instagram_rende_le_persone/kelfltj/
18p2z64,,kelauar,"È così purtroppo. Senti questa storia che mi è stata raccontata da un'amica: una sua amica era in spiaggia e vedendo un ragazzo che le piaceva aveva cominciato a camminare un po' davanti a lui, cercando di farsi notare insomma, e lui effettivamente l'aveva notata, si guardavano ecc.. e fin qui tutto normale. Il fatto è che lì in spiaggia non hanno avuto nessun tipo di approccio, nessuno dei due si è avvicinato per parlare, ma la sera lei carica una foto fatta in spiaggia taggando il luogo, pensando che lui per trovarla andasse a cercare il posto e a vedere le storie che le persone che avevano fatto lì (pazzia).. ed effettivamente dopo un po' lui la trova e cominciano a parlare su Instagram. Voglio dire, ma perché non parlate dal vivo una volta che avete mostrato interesse reciproco? Praticamente entrambi con la stessa mentalità.

Detto questo anche io e la mia ragazza da un po' abbiamo disattivato gli account di instagram. L'unica cosa che pensavamo potesse mancarci era mandarci dei meme, notizie o contenuti che ci piacessero, ma alla fine  usando social come questo (reddit la mia vita) o Pinterest non sentiamo per niente la mancanza di Instagram.",d_v_na,2023-12-23T10:57:47,135,Italia,https://reddit.com/r/Italia/comments/18p2z64/la_logica_di_uso_di_instagram_rende_le_persone/kelauar/
18p19j0,,kel5yq6,"Secondo me ti conviene staccarti dal gas e mettere un fornello a induzione, paghi molto più di fisso che di consumi...

Detto questo aspetta finché non ti cambiano contratto loro, fanno sempre una proroga del mercato tutelato da anni, io mi feci fregare dalle notizie e son passato a quello libero spendendo molto di più",ABrandNewCarl,2023-12-23T10:08:54,2,Italia,https://reddit.com/r/Italia/comments/18p19j0/cambio_tariffa_gas_eni_fine_mercato_tutelato/kel5yq6/
18oqvdj,,kel2ta4,"Appunto, è sempre questione di moda e di chi pompa le notizie",matthaeusXCI,2023-12-23T09:36:29,2,Italia,https://reddit.com/r/Italia/comments/18oqvdj/quindi_da_quello_che_ho_capito_ritalia_è/kel2ta4/
18oqvdj,,kel09sr,Perché la gente non ha un radar per le ingiustizie e riceve solo le notizie che gli vengono fornite,imfcknretarded,2023-12-23T09:11:19,4,Italia,https://reddit.com/r/Italia/comments/18oqvdj/quindi_da_quello_che_ho_capito_ritalia_è/kel09sr/
18otll7,,kektsye,"Non leggo il cartaceo, ma seguo le notizie sui canali online dei giornali locali.",YamiCrystal,2023-12-23T08:06:39,1,Italia,https://reddit.com/r/Italia/comments/18otll7/leggete_ancora_il_giornale/kektsye/
18ooncm,,kek8bce,"Considerando che tu te la stai prendendo e insultando persone su un argomento come il doppiaggio, temo di aver brutte notizie per te /s",xmaken,2023-12-23T04:39:06,4,Italia,https://reddit.com/r/Italia/comments/18ooncm/doppiaggio/kek8bce/
18oi2qo,,kei3iyv,"Sputnik era un modello di rocket per lo spazio, non un giornale sovietico. 
Pravda credo che l’internet in Italia/EU lo blocchi. E comunque la Russia non è 100% pro Palestina in termine di notizie. 
Cerco di seguire molti giornalisti che sono in Gaza sul territorio",Tnh7194,2023-12-22T19:27:18,2,Italia,https://reddit.com/r/Italia/comments/18oi2qo/ci_pensate/kei3iyv/
18nc2ka,,kegqfzr,"fanno bene.

fossi preside io farei fare il ramadan a tutti quanti, così che possiamo imparare da culture diverse dalla nostra e arricchire la nostr anima di diversità vietando la ricreazione.

e inoltre una volta l'anno porteremo una capra a scuola per sgozzarla e ringraziare l'altissimo per il dono che ci ha fatto.

che schifo il presepe. d'ora in poi chiamiamoli cucù bambino, la beata vigile maria (mortacci sua m'ha multato perché non ho pagato il parcheggio sulle strisce blu), i re mangi e i marò che mi sono rotto a sentire queste notizie da entrambi gli schieramenti politici.",Worldly_Substance_62,2023-12-22T14:00:26,1,Italia,https://reddit.com/r/Italia/comments/18nc2ka/il_complotto_per_togliere_i_presepi_della_scuole/kegqfzr/
18o8bqa,,kefzaxt,"Mi pare che su reddit sia identico a facebook sinceramente, è un continuo postare notizie del cazzo che non fregano a nessuno e danno visibilita e interazioni a chi le crea. Cioè il livello di consapevolezza di come funzionano ste cose mi sembra uguale tra i boomer di facebook e i ragazzini di reddit sinceramente. caso ferragni dimostra.",ViolenzaSenile,2023-12-22T09:01:02,2,Italia,https://reddit.com/r/Italia/comments/18o8bqa/mini_riflessione_su_chiara_ferragni_affaire_rant/kefzaxt/
18o8bqa,,kefu3ml,"Immaginati alzarti al mattino, bevi un caffè, vai al bagno e poi con ancora il tuo pigiamino ti siedi davanti al tuo portatile. Hai una scelta da fare: Fare un buon lavoro o rendere i tuoi capi contenti parlando del fatto che Pino Giovazzi soffre di diarrea da 5giorni. Per scrivere un buon articolo dovresti fare ricerche, magari anche passare giorni o settimane a informarti su qualcosa (Non sai bene cosa, per ora) e sentire qualche esperto con la consapevolezza che chi scriverà di Pino probabilmente verrà lodato e ricompensato meglio di quanto farebbero con te se tu scrivessi il tuo bel articolo. 


Il modo per farli smettere è smetterla di cliccare o condividere notizie di merda, ma la gente (Specie su Facebook) legge un titolo, si incazza, condivide e da visibilità alla diarrea di Pino, quindi i giornali continueranno a fare 50articoli inutili sui suoi movimenti intestinali per cavalcare l’onda.",Ambitious_Bag5605,2023-12-22T07:53:23,6,Italia,https://reddit.com/r/Italia/comments/18o8bqa/mini_riflessione_su_chiara_ferragni_affaire_rant/kefu3ml/
18nq6ec,,kee9olr,"Alcune di queste credo seriamente possano funzionare, ma non vi dirò quali.


1. **Giustizia Infantile:** Il sistema giudiziario sarà amministrato esclusivamente dai bambini al di sotto dei dieci anni, garantendo una visione di giustizia pura, esente da preconcetti e corruzioni adulte.

2. **Educazione Futuristica:** L'istruzione sarà rivoluzionata con l'impiego di sistemi avanzati di intelligenza artificiale, quali ChatGPT, rimpiazzando gli insegnanti umani e inaugurando un'era d'istruzione superiore, efficiente e all'avanguardia.

3. **Disposizioni sui Trasporti:** Verrà considerata gravissima l'incapacità di manovrare un veicolo a una velocità minima di due chilometri orari durante le operazioni di parcheggio. Tale incompetenza sarà vista come una minaccia significativa alla sicurezza stradale, comportando la sospensione immediata della patente e il sequestro del veicolo.

4. **Libertà Turistica:** Tutte le sostanze psicotrope saranno legalizzate, promuovendo un turismo innovativo e senza restrizioni, in un trionfo della libertà individuale.

5. **Sanità e Responsabilità Personale:** Chi richiede cure mediche a causa di lesioni causate dall'uso improprio di petardi dovrà affrontare un superticket significativo, sottolineando la responsabilità individuale e disincentivando comportamenti negligenti.

6. **Rivoluzione Economica Digitale:** Le transazioni in contanti avranno un costo raddoppiato rispetto ai pagamenti digitali, con Satispay come metodo di pagamento ufficiale dello stato, abolendo l'uso delle carte di credito in favore di una più ampia digitalizzazione dell'economia.

7. **Sostenibilità Ambientale:** Sarà imposto un limite al consumo annuale di carburante per individuo, come misura essenziale per la tutela dell'ambiente e la lotta contro il cambiamento climatico.

8. **Riforma del Lavoro per il Benessere:** La durata massima della giornata lavorativa sarà fissata a sei ore, per promuovere un equilibrio tra vita lavorativa e personale e ridurre lo stress lavorativo.

9. **Edilizia Equa:** Sarà vietato possedere più di una casa per individuo, contrastando la speculazione immobiliare e favorendo una distribuzione più equa delle risorse abitative.

10. **Apertura Totale all'Immigrazione:** Verranno eliminati tutti i controlli sull'immigrazione, promuovendo una politica di accoglienza e integrazione senza precedenti.

11. **Laicità dello Stato e Dismantellamento delle Organizzazioni Religiose:** Tutte le associazioni religiose verranno sciolte e i loro beni redistribuiti, con procedimenti penali per truffa nei confronti dei membri delle organizzazioni.

12. **Integrità dell'Informazione e Lotta alle Fake News:** Chi diffonde notizie senza averne verificato le fonti sarà permanentemente escluso dal campo del giornalismo, dei blog e dei social media, in un tentativo di preservare la veridicità dell'informazione.

13. **Altre Disposizioni Sociali:**
    - L'abbandono di escrementi canini non raccolti comporterà per il trasgressore l'obbligo di consumarli.
    - Il costo del canone televisivo sarà proporzionale al volume medio in decibel.

E, di fondamentale importanza:
**Gogna Pubblica per l'Uso Improprio della Maiuscola:** Chi scrive esclusivamente in maiuscolo sarà soggetto a gogna pubblica.",centomila,2023-12-21T23:59:44,1,Italia,https://reddit.com/r/Italia/comments/18nq6ec/immaginate_di_essere_un_dittatore_buonopieni/kee9olr/
18m4bk6,,kee7a6h,"https://preview.redd.it/dav9zwiiiq7c1.jpeg?width=898&format=pjpg&auto=webp&s=21ed94da9e9bee3c71ee144d7054ced8d346c0cd

buone notizie, a volte",SGT_6K6,2023-12-21T23:42:55,1,Italia,https://reddit.com/r/Italia/comments/18m4bk6/a_proposito_di_youtube_e_pubblicità_fastidiose/kee7a6h/
18nvg9w,,kee1z90,"Non so molto della vicenda, mi informerò domani, quando ci saranno notizie più precise. Però sul discorso dell’americanizzazione della società europea, della perdita del senso di comunità e aumento dell’individualismo sono assolutamente d’accordo. Potrebbero non c’entrare col fatto specifico, ma sono perfettamente visibili comunque.",Arteyp,2023-12-21T23:06:00,8,Italia,https://reddit.com/r/Italia/comments/18nvg9w/sul_killer_di_praga/kee1z90/
18ny5tu,,kedrpmz,"C'è gente che cerca di evitare in tutti i modi le notizie su certi personaggi.

E poi c'è OP.",tlcd,2023-12-21T21:59:06,2,Italia,https://reddit.com/r/Italia/comments/18ny5tu/qualcuno_mi_spiega_cosa_ha_fatto_la_ferragni/kedrpmz/
18nohvc,,keceqx6,"Non un granché rispetto ad altre coincidenze, ma... In generale c'è un giorno all'anno in cui regolarmente mi succedono cose belle da 6-7 anni. Sono sicura sia ormai in gran parte auto-condizionamento (ormai parto già così di buon umore che nessuno potrebbe rovinarmelo), ovviamente; ma in quattro di questi sette anni sono arrivate novità o notizie oggettivamente ottime e fuori dalla quotidianità, e è sempre stata una bella giornata con pochi imprevisti e casino nei rimanenti tre anni 😂",vivianlight,2023-12-21T16:59:01,1,Italia,https://reddit.com/r/Italia/comments/18nohvc/coincidenze/keceqx6/
18nkczo,,kebpno7,"Ti dico cosa uso io, che ho un totale disinteresse per pallone e cronaca nera:

* Il Post
* NYTimes(Qualità altissima)
* La Stampa(meh, potrei cancellare l'abbonamento)
* Le Monde
* El Pais

A questo aggiungo Limes mensilmente.  


Per gli approfondimenti mi piacciono alcuni podcast tipo El Mundo al dia e Today in Focus del Guardian.

Di fonti di notizie ""indipendenti"" non ne esistono, devi informarti da più fronti e capire in che modo le fonti sono parziali e farti le tue idee da quel punto di vista.

Costa una fucilata ma se dovessi scegliere un'unica fonte per l'internazionale andrei per il financial times e bloomberg.",zoltankodaly_,2023-12-21T14:16:13,1,Italia,https://reddit.com/r/Italia/comments/18nkczo/cosa_usate_per_tenervi_aggiornati/kebpno7/
18nljy8,,kebixyh,"Le notizie vanno riportate fornendo link agli articoli o servizi in questione, in modo che le persone possano informarsi oltre il titolo.

Ban di 1 settimana per OP.

https://www.reddit.com/r/Italia/wiki/rules",Italia-ModTeam,2023-12-21T13:24:29,1,Italia,https://reddit.com/r/Italia/comments/18nljy8/in_una_scuola_di_padova_cambiato_il_nome_di_gesù/kebixyh/
18mzmpt,,ke8hx3q,"Cosa veloce, se sta legge per qualche motivo riesce a passare ci saranno centinaia di notizie di presepi rubati o distrutti perché al 100% proveranno a imporlo alle superiori e un botto di studenti si divertiranno a finire nei giornali con la conseguenza di al massimo una sospensione breve",ShitOnFascists,2023-12-20T21:27:56,2,Italia,https://reddit.com/r/Italia/comments/18mzmpt/non_toccate_il_mio_presepe_rant/ke8hx3q/
18mvz1s,,ke7nusz,I carabinieri possono far girare notizie false se serve alle indagini. Era capitato anche durante un altro caso famoso di cui no ricordo gli estremi. L'importante è che non portino prove false a processo.,TuttoDaRifare,2023-12-20T18:27:46,-1,Italia,https://reddit.com/r/Italia/comments/18mvz1s/quella_non_è_lauto_di_filippo_turetta/ke7nusz/
18mzmpt,,ke7nlr5,"Si, purtroppo è ormai l' unica reazione completamente sana a questo tipo di notizie.",unnccaassoo,2023-12-20T18:26:18,3,Italia,https://reddit.com/r/Italia/comments/18mzmpt/non_toccate_il_mio_presepe_rant/ke7nlr5/
18lwj4j,,ke7n4r2,Qui la ignoranza è beata perché ci guadagnamo solo ad ignorare notizie di merda,Marcocraft26,2023-12-20T18:23:29,1,Italia,https://reddit.com/r/Italia/comments/18lwj4j/sfogo_su_chiara_ferragni/ke7n4r2/
18mip24,,ke6tzt9,">non sarebbe piu semplice analizzare la questione invece di alzare sempre polveroni che ci dividono nelle nostre opinioni plasmate da notizie pro o contro un quesito!!??

sì ma è antieconomico per i """"""giornali"""""" e per l' """"""informazione""""""

senza scordarci della politica che coi problemi ci marcia senza risolverli, perché se li risolvi nessuno si lamenta più e nessuno ti vota",Higgo91,2023-12-20T15:27:03,2,Italia,https://reddit.com/r/Italia/comments/18mip24/anche_le_iene/ke6tzt9/
18mip24,,ke6swek,"Perfettamente d'accordo. Ti diro' che su Tiktok da circa sei mesi gia' giravano molti video di americani che lamentavano numerosi diversi attacchi sui media da parte di femministe e mi sono detto: ecco che fra un po' arriva anche qui. Ed eccoci che sul caso di una ragazza uccisa si è tenuto banco per un mese (mentre la povera donna incinta che è stata uccisa due giorni fa a Riese da un Kosovaro ne hanno parlato solo una sera), come prima i black live matter, chi decide le notizie vuole che ci sia questo attacco, poi fra un mese ci sara' qualche altro virus, poi altri nemici da odiare. E' banale, ti fai un giro su Tiktok (in inglese) e ne trovi tanti, sempre dagli USA che poi arrivano qua nel giro di un paio di mesi. Sembrerebbe (dico sembrerebbe) un sistema per diminuire la popolazione, odio tra sessi, (ma sempre benedette le relazioni omoswessuali), tutto è lecito, l'importante è che siano rapporti sterili, che non facciano figli. Facci caso, amore per i cani, i gatti, le piante, persone dell stesso sesso, importante non fare piu' figli. E il servizio sulla difesa personale, ridicolo pero' dato che da speranza ad una donna di salvarsi dando un paio di calci, oltretutto l'insegnante fai da te non era per niente atletica, vorrei vedere...ma dava solo consigli strampalati senza tener conto che nella realta' se una reagisce è probabile che poi faccia una fine ben peggiore a seguire quelle lezioni. Le iene è tv spazzatura, sembrano servizi ben fatti ma sono tutte ciofeche che non raccontano la verita' una volta su due. Noi maschi abbiamo vita piu' breve, lavoriamo in mestieri piu' umili, il tasso di suicidi maschili è altissimo, i senzatetto sono per gran parte uomini e per i femminicidi siamo tra gli ultimi posti nel mondo, percio', non credere a niente di quello che vedi su uno schermo, non piu'.",mimimomi1,2023-12-20T15:20:05,1,Italia,https://reddit.com/r/Italia/comments/18mip24/anche_le_iene/ke6swek/
18mr8zl,,ke6h36k,"Boh io in questo post, al contrario che in tutte le varie notizie è sbandierare varie in tv e su altri social da parte di influencer più o meno note, noto perlomeno la presenza di una fonte con un link funzionante.

""basta farsi un giro sulla rete"" per non vedere fonti menzionate ma solo dati buttati lì per fare clamore, ma ehi, chi sono io per farti cambiare idea",OperationMelodic4273,2023-12-20T13:57:36,2,Italia,https://reddit.com/r/Italia/comments/18mr8zl/la_violenza_domestica_non_è_una_questione_di/ke6h36k/
18mip24,,ke6gtlv,"Le iene non fanno più inchieste e notizie serie. Ormai sono al pari di striscia la notizia.

&#x200B;

Iene di ieri: servizi sulla mafia, politici ed altri ""intoccabili"" denunciati e portati in tribunale quasi per ogni indagine 

&#x200B;

Iene di oggi: ""Abbiamo fatto lo scherzone a questa celebrità! Non crederete alla loro reazione!"", ""Questa persona ha scritto una cosa molto brutta su internet! Andiamo a sputtanar-ehm a fare indagine giornalistica!""",Old-Luck1609,2023-12-20T13:55:34,1,Italia,https://reddit.com/r/Italia/comments/18mip24/anche_le_iene/ke6gtlv/
18mr8zl,,ke60wuw,"Ma di che dati parli? I dati sono chiari e dicono che la violenza domestica come problema nazionale riguarda la violenza sulle donne, punto. Lo dicono tutte le istituzioni, basta che apri Google e non trovi una e dico una cosa contraria (di notizie o istituzioni serie, il resto è fuffa). A negare sta cosa ce ne vuole di ottusità eh. Qui si mistifica la realtà perché si vuole attaccare una parte politica perché si è contrari, ma ci rendiamo conto? Ma invece di fare figure barbine, perché non ne fate anche voi un cavallo di battaglia vostro? Non credo che serva essere di destra o di sinistra per perseguire la verità. O no? Saluti e auguri",Ancient_Map8327,2023-12-20T11:28:52,-1,Italia,https://reddit.com/r/Italia/comments/18mr8zl/la_violenza_domestica_non_è_una_questione_di/ke60wuw/
18mip24,,ke5y2nm,"Beh è ovvio, tali notizie fanno audience e creano engagement ( coinvolgimento ) e quindi ci sguazzano --> fanno soldi.

In questi casi non mi viene altro in mente se non la canzone di Immanuel Casto- Killer Star, molto ""pesante"" ma benchè di 12anni fa non è cambiata la situazione.. https://www.youtube.com/watch?v=Y86vhKbQch8",AlessandrBoB,2023-12-20T10:54:08,1,Italia,https://reddit.com/r/Italia/comments/18mip24/anche_le_iene/ke5y2nm/
18mip24,,ke5vpi3,"Hai ragione anche io ho percepito questa cosa. Penso sia in parte legato alla grande frustrazione della gente in generale, e poi anche perché ora le informazioni viaggiano alla rapidità della luce e le notizie che fanno più share sono quelle ""pericolose"". Il mondo non è mai stato così sicuro come oggi ma la percezione che ci sia un pericolo dietro ogni cosa ha probabilmente fatto andare tutti sul piede di guerra. Bho quella è la spiegazione che ho provato a dare io",peterpanico,2023-12-20T10:23:35,1,Italia,https://reddit.com/r/Italia/comments/18mip24/anche_le_iene/ke5vpi3/
18moc1b,,ke5p7ms,Grazie mille <3 Sono queste le notizie che mi danno la forza per non fare errori nella vita.,Crocchetta_,2023-12-20T08:56:35,15,Italia,https://reddit.com/r/Italia/comments/18moc1b/divorzio_la_cassazione_per_lassegno_di/ke5p7ms/
18mip24,,ke5m3v1,"Direi che lo devono fare poichè ti ricordo che ci sono uomini violenti e donne incapaci di difendersi perchè non riescono a ""captare bene i segnali"" di una relazione tossica,molte donne soprattutto giovanissime non si rendono conto che l'eccessiva gelosia e controllo sono cose sbagliate anzi,le considerano cose normalissime e perfino una cosa di cui essere contente perchè significa che il ragazzo ci tiene.

È inutile nasconderlo,il femminicidio è un problema reale nel nostro paese,la maggior parte degli omicidi hanno come vittima una donna nella stra grande maggioranza dei casi. Basta dare una semplice occhiata ai dati.

Peccato che ci si lamenti di tutti questi programmi contro la violenza sulle donne ma non tanto delle notizie QUOTIDIANE di donne massacrate dai loro mariti e compagni.",sweet_traveller95,2023-12-20T08:15:38,-3,Italia,https://reddit.com/r/Italia/comments/18mip24/anche_le_iene/ke5m3v1/
18m4o16,,ke5lpom,"*- Perché non parlate di quelli delle altre donne o del resto?* Mi sembra, veramente, che delle altre donne si parli molto. Basta guardare le notizie di onlyfans sui vari repubblica, gazzetta etc 

\- *Perché poi esiste Onlyfans che è vendita di contenuti sessuali in cambio di un bonifico paypal. 70% su OF sono donne. Le donne guadagnano 78% in più degli uomini. L'85% dei top 10% sono donne.*  Ti sei mai chiesto il perché? Non sarà magari perché è la legge della domanda-offerta? Domanda=uomini, più domanda =più possibilità di mercato=creare offerta.

\- *Instagram twitter threads tiktok invasi da donne che vivono e guadagnano SOLO mercificando il corpo.*  Domanda>offerta

\- *Su twitch noi uomini siamo BANNATI se siamo in mutande ma è pieno di donne che si dipingono addosso da nude.*  Non ho mai visto crociate pubbliche di uomini che si lamentano di questo, in compenso ho visto crociate pubbliche di donne che si lamentano di non poter mostrare il petto nudo come gli uomini. Volete stare in mutande su Twitch? E allora fate casino, cazzo.

\- *Non ditemi ""è colpa degli uomini che le seguono"" perché è come giustificare l'abuso di una donna che esce con la gonna e ""se la cerca"". La maggior parte delle streamer fanno roba a sfondo sessuale o asmr, scollate con la telecamera che inquadra da alto verso il basso anche il 31 dicembre*. : Di nuovo, è la legge della domanda è dell’offerta.

\- *Poi vi lamentate che non esiste ""la parola tr\*\*\* al maschile"" (cit. di alessia lanza) quante volte vedete uomini prostituirsi alla stazione o sui siti di escort?*  Perchè la domanda di prostitute donne è più alta della domanda di prostituti uomini.

\- *Se non esiste la parola c'è un motivo. Come mai si sente spesso un ""tua madre è tr\*\*\*"" e non un insulto discriminatorio al padre?*  Eh, come mai? Secondo te perché?

\- *I pensieri sociali sono lo specchio della società stessa. Se esistessero prostituti allora faremmo insulti ai padri che lo prendono al cu\*\*.*  Non è esattamente così. I prostituti uomini esistono, innanzitutto. E sì, un padre che lo prende il culo viene insultato eccome. 

\- *E poi questa cosa ve la devono dire, il fatto che sia l' uomo a dover fare il primo passo a dover ""conquistare"" la donna, ad aprirgli lo sportello per ""galanteria"", a pagare la cena all'appuntamento, a regalare i fiori quando lei non se l'aspetta, mentre la ragazza è li ferma :* Io non so dove vivi tu, ma nel 2023 ci sono molte donne che si pagano i conti da sole. Esci da lu paesello per favore e cambia giri.

\- *che si fa cercare con la figa placcata in oro, e poi lui in cambio cosa ottiene? Una fidanzata.*  Ma una fidanzata non è proprio quello che vogliono tutti? /s 

\- *Questo non fa altro che far pensare agli uomini che la relazione dipende da loro, che sono loro a ottenerla e controllarla e fidatevi che è cosi* Esci da lu paesello per favore e viaggia un po’.

\- *Quindi inutile sbattere le chiavi se poi la vostra indipendenza la mandate a cagare davanti a 70€ di ristorante perché ""ceh amio se lui non offre allora io non lo calcolo"" perché il modo in cui vi ponete (alcune) come poco autonome/intraprendenti e sottomesse a lui che deve conquistarvi, ci fa vivere nella società in cui siamo oggi e che criticate*. Cristoiddio esci da lu paesello buco dove vivi e viaggia un po' ma in che posto vivi ???",__Oblomov,2023-12-20T08:10:33,1,Italia,https://reddit.com/r/Italia/comments/18m4o16/perché_le_donne_non_si_lamentano_di_certi/ke5lpom/
18ma3u8,,ke3bbho,"I media magari hanno le loro agende, peró un punto focale é sempre l'intrattenimento. Le notizie fanno ascolti, cosí come i drammi, le lacrime, le provocazioni e le sbruffonate iperboliche. Le dichiarazioni oltraggiose. 
E chi é il re incontrastato delle menzogne piú roboanti? Quale regime le spara piú grosse del Cremlino? É chiaro che lo mandano in onda. É talmente ridicola l'ondata di dichiarazioni palesemente false da essere fiction. Io lo ascolto, o sento le cialtronate dei senzavergogna di cui si circonda, e mi ribolle il sangue. 
Le emozioni vendono. Putin intrattiene. Zelenski, che chiede aiuto per salvare il suo paese, no.
Triste.",Rio_Immagina,2023-12-19T21:26:49,6,Italia,https://reddit.com/r/Italia/comments/18ma3u8/discorso_putin_vs_discorso_zelensky/ke3bbho/
18m5up5,,ke3a2u1,"Di base come dicevo non mi tocca neanche lontanamente...ci sono migliaia di influencers peggiori (tipo Logan Paul, che caga in testa a Ferragni e Fedez in quanto a soldi, e attivamente contribuisce ad aumentare i bulletti nel mondo e glorificare chi flexa i soldi facili e molto altro)

Le notizie di cui parli sono dei semplici post ampliamente boostati da telegiornali e dalla tragicamente terribile stampa Italiana + gli stessi haters tipo sto post 

Non sono d'accordo che senza gli haters non sarebbero nulla, chi segue e ""paga"" la Ferragni sono ragazzine, e proprio come i ragazzini che seguono Logan Paul, sono stupidi (ovviamente, data l'età). I panettoni etc sarebbero stati venduti lo stesso anche senza la beneficenza come dicevo.
Hanno fatto una cazzata (ripeto, sicuramente non per guadagnarci due soldi ma imo qualche problematica interna) e pagherà fino a rimetterci praticamente tutto il ricavato e più. In ogni caso ripeto ha fatto molto più di me quindi GG sia se siamo 36k o 1M. Un po' di shitstorm ci sta...una settimana di vangate al cazzo no",v_throwaway_00,2023-12-19T21:19:22,1,Italia,https://reddit.com/r/Italia/comments/18m5up5/purtroppoferragni_le_uova_di_pasqua_come_il/ke3a2u1/
18m4o16,,ke2inzz,"Survivorship bias delle notizie, se un'opinione non è controversa non se ne parla e non viene spinta dagli algoritmi. Nella vita vera invece se esci con gente a cui interessi guinamente la probabilità che abbiano grandi pretese nei tuoi confronti non è altissima, e se le hanno è un ottimo motivo per troncare i rapporti, dato che chiaramente ciò che OP cerca da quello che ho capito è una relazione alla pari e con rispetto reciproco. La roba di onlyfans invece è una puttanata, non conosco una singola ragazza nella vita vera che abbia un profilo OF, ma in sti rant la gente ne parla sempre come se anche loro zia fosse sulla piattaforma",BubyGhei,2023-12-19T18:35:01,7,Italia,https://reddit.com/r/Italia/comments/18m4o16/perché_le_donne_non_si_lamentano_di_certi/ke2inzz/
18lyljr,,ke2g6tu,"Ammetto che non sono riuscito a trovare notizie di minorenni eutanasizzati per problemi mentali velocemente, poi con più calma se ricordo farò una ricerca più approfondita. Porto alcune cose che però a me fecero cambiare idea e mettono paura per la slippery slope 

L'olanda prevede l'eutanasia dai 12 anni e vuole espanderla a tutte le età 

https://www.theguardian.com/society/2023/apr/14/netherlands-to-broaden-euthanasia-rules-to-cover-children-of-all-ages

Persone giovani fino a 20 sono state eutanasizzate per autismo

https://apnews.com/article/euthanasia-autism-intellectual-disabilities-netherlands-b5c4906d0305dd97e16da363575c03ae

Canada che valutava (non so se fu approvata) l'eutanasia per problemi mentali

https://www.bbc.com/news/world-us-canada-64004329",alexcarchiar,2023-12-19T18:20:19,5,Italia,https://reddit.com/r/Italia/comments/18lyljr/credete_che_leutanasia_dovrebbe_diventare_legale/ke2g6tu/
18m0jsg,,ke18t2u,"Definire teoria del complotto qualunque cosa che vada contro la tua visione politica non ti fa onore e, anzi, dimostra come i vari novax, terrapiattisti & co abbiano distrutto qualunque possibilità di sviluppare un pensiero critico in questo mondo. Soprassedendo a ciò, l’Antitrust indaga da quest’estate la signora Ferragni, si tratta semplicemente di far esplodere la notizia (utilizzando Mediaset - di FI, Rai - di FDI o qualunque giornale filo-governativo) e secondo te i giornali di opposizione dicono:”Eh no sti cazzi una delle notizie riguardanti una delle imprenditrici N*1 in Italia non la riprendo perché è leggermente di sinistra”.  Mi sembra proprio un complottone che Moro spostati",Itchy_Ambition_7009,2023-12-19T13:40:44,1,Italia,https://reddit.com/r/Italia/comments/18m0jsg/chiara_ferragni_dopo_il_pandoro_le_uova_di_pasqua/ke18t2u/
18kr92z,,ke143mn,"Non sono assolutamente d’accordo, vivo in Svezia da una vita e mi ci trovo molto meglio che in Italia. Per caso ci sei stato in Svezia o il tuo ragionamento viene solo dalle notizie che ci viene proposto? Perché definire una dei paesi più ricchi d’Europa terzo mondo c’è ne vuole.",RogerJohnson__,2023-12-19T13:01:42,1,Italia,https://reddit.com/r/Italia/comments/18kr92z/il_boicottaggio_di_tesla_in_svezia_si_sta/ke143mn/
18lb1nm,,ke0s31v,"Penso sia una questione di percezione oltre che di sistema.

Aneddoticamente, già durante la prima settimana dopo la mia nomina ho avuto a che fare con gente che sembra uscita dai film parodia anni 70, 'imprenditori' con canotta e catenone d'oro, spocchia e minaccia neanche nascosta di violenza.

Vertenze e (tentativi) di sputtanamento si fanno di continuo: l'opinione pubblica però è sostanzialmente mitridatizzata verso le notizie del mondo del lavoro, gli abusi e le violazioni di sicurezza. Quindi l'eco è oggettivamente infima, ed i colpevoli non sentono affatto l'ombra della riprovazione sociale.

Aggiungici un sistema di giustizia che, esattamente come scoraggia gli investimenti lato impresa, rende estremamente arduo ottenere giustizia lungo i canali giuridici per chi ne ha bisogno. 

Da qui spesso la tendenza a risolvere le cose in sedi conciliative, che sia nel tentativo obbligatorio pre-prima udienza o durante l'iter in Ispettorato del lavoro.

Tutto questo contribuisce fortemente a 'silenziare' il conflitto: tendenzialmente lo si combatte dietro le quinte, ed in luoghi dove si cerca di far più male alle imprese ""devianti"". Ad es., in sede di consultazione con gli enti pubblici committenti per intervenire sui bandi di gara e cercare di strappare impostazioni corrette circa costi del lavoro e CCNL applicabili.

Ovviamente, non sono metodi o risultati 'glamour' o spendibili come una gloriosa resistenza sulle barricate o un'occupazione di fabbrica. D'altronde, data la reattività dei cittadini e/o i lacci della 146/90, è anche un'opzione poco percorribile salvo eccezioni.",Next-Appointment-722,2023-12-19T10:54:48,1,Italia,https://reddit.com/r/Italia/comments/18lb1nm/ama_sono_un_sindacalista/ke0s31v/
18lhee6,,ke0oo9b,"""la rete non dimentica"" vuol dire che notizie, articoli, commenti e quanto altro restano, non spariranno come le opinioni di molti.

davvero dovevo spiegarlo?",jollanza,2023-12-19T10:10:57,1,Italia,https://reddit.com/r/Italia/comments/18lhee6/ferragni_darò_un_milione_al_regina_margherita_per/ke0oo9b/
18lejsv,,ke0izu3,"Da cattilico penso non sia rispetto ne per noi ne per il mondo religioso, il Papa deve seguire gli insegnamenti della Bibbia e delle sacre scritture.
Mi dispiace sentire queste notizie",Ale1107,2023-12-19T08:55:54,1,Italia,https://reddit.com/r/Italia/comments/18lejsv/papà_francesco_approva_le_coppie_gay/ke0izu3/
18lmghk,,kdymktl,Se queste notizie ti rendono contento.....,godofgame250,2023-12-18T23:26:13,-4,Italia,https://reddit.com/r/Italia/comments/18lmghk/prosperity_guardian_annunciata_la_coalizione_a/kdymktl/
18knl4h,,kdvndzf,"Dunque... Premessa sono RELATIVAMENTE del settore (sysadmin/architect, che NON si occupa di machine learning se non ai margini): penso che ""IA"" sia una buzzword alla moda per SPACCIARE per intelligenza ciò che potrei definire in italiano ""assemblatore di schemi regolari"" o in inglese ""pattern matching merging generator"" E NON È MANCO LA PRIMA VOLTA.

Ora è stato prima del mio tempo ma immagino anche tu avrai sentito parlare delle ""leggende del raggio della morte"" del tempo della guerra fredda, delle leggende su ""i satelliti che tutto fanno dallo spazio"" e via dicendo. Convinzioni popolari con un fondo di verità nel senso che mitizzano qualcosa attribuendogli un gazzilione di caratteristiche in effetti inesistenti.

Sono è l'IA? Beh prendi Stable Diffusion, quel che fa è essenzialmente avere una gigantesca base di dati, di immagini ad es., etichettate da umani, altri umani scrivono ""una descrizione testuale"", ovvero un insieme di etichette, lei fa la spremuta di tutte le etichette corrispondenti dal suo archivio dati. Quindi ha immagini di astronauta, ha l'equivalenza ""astronauta == essere umano"", ha persone a cavallo, prende l'immagine di uno a cavallo, ""veste"" questo d'astronauta e sputa il risultato alla ""domanda"" ""astronauta a cavallo"". In effetti NULLA SA di cosa sia una persona, un'astronauta, un cavallo, ... sono solo etichette, con delle relazioni tra loro, che corrispondono ad altre etichette, ovvero collezioni di bit che corrispondono ad altre collezioni di bit. Per questo ad es. trovi mani con 12 dita, arti extra, persone mini incastrate in altre ecc perché quel che fa il modello è solo distillare informazione, non sa cosa questa rappresenti nel mondo fisico, non conosce il mondo fisico.

LLM è lo stesso, al posto delle immagini ha le parole. Questo è ""migliore"" in media nei risultati perché le parole sono molte di più come base di dati delle immagini ed han una rappresentazione digitale univoca, ovvero ""ciao"" è un'insieme univoco di lettere sempre uguale mentre ""cavallo"" sono insiemi di bit, immagini, simili, ma non uguali. Però il modello è lo stesso e per questo spara spesso risultati che sono del tutto folli, falsi.

Se lo sai capisci, se non lo sai e fai ""domande stupide"", ovvero le più frequenti ti sembrerà magia, intelligenza ecc non diversamente da un antico romano messo davanti all'automobile o alla TV.

Dove andrà in futuro? Beh, se vuoi uno specchio per la società guarda la Cina di oggi. Hai ""il distanziamento sociale"" non per motivi sanitari ma per permettere un miglior riconoscimento facciale, i sistemi attuali han problemi a riconoscere un volto in una folla densa, meno se la folla è rata quindi i confini del singolo individuo sono meglio visibili. Hai la biometria, che sul piano dell'infosec è la password che tutti vedono scritta ma che tu non puoi cambiare e in caso di incidenti anche piccoli puoi perdere, ovvero è FOLLIA non alta sicurezza. Ma che serve di nuovo per monitorare meglio l'individuo che gioca come un bambino col tornello smart in stazione che solo guardandolo in faccia lo fa passare e lui passa tutto ringalluzzito che una macchina lo riconosce. Gli LLM potendo produrre testo ""passabile"" ovvero che il bipede medio entro certi termini non distingue da un articolo di giornale scritto da un umano saranno un ottimo modo di generare propaganda credibile, facendo emergere interi filoni di notizie su giornali apparentemente diversi, di aree politiche diverse ecc che la gente assorbendone uno e un altro poco alla volta crede come realtà. Qualcosa che il PR umano non può troppo realizzare perché materialmente non può scrivere così tanto. Con questi strumenti alcuni lavori saranno rimossi, roba di bassa lega tipo il controllo biglietti in certi luoghi, la raccolta rifiuti richiederà poche meno risorse perché al posto ""del giro"" si avran così tante cam da poter mandare ""a colpo"" solo sui cassonetti più pieni, poi mancano i nasi artificiali per l'odore ma questo al management non interessa. Miglioreranno alcuni aspetti della logistica, rostering e fitting ad es. ovvero tecniche per spostare merci, persone con minor consumo di risorse, infilare più carico in un solo furgone ecc. Non altro perché altro tecnicamente non c'è. È pubblicità.

MA ci sarà un aspetto tecnico-sociale importante: oltre alla realtà posticcia si potrà facilmente controllare l'IT perché ad oggi in casa sul tuo desktop poi ancora con immane fatica gestire la tua roba, ma in casa non ti addestri un modello semplicemente perché serve una base di dati enorme ed un tempo enorme di lavoro umano. Questo significa che più diffondi il modello spacciandolo come risposta anche a problemi che si risolvono assai meglio altrimenti, più tagli il piccolo e medio e costringi la gente a vivere sulle spalle dei giganti. Le cryptovalute sono analoghe, la blockchain come concetto un mega-libro-mastro che può solo crescere infatti è qualcosa che in poco tempo cresce così tanto che anche se lei è codice libero e te lo puoi usare in casa come vuoi, di fatto non hai più abbastanza risorse di calcolo per farlo e sei tagliato fuori vanificando l'aspetto ""aperto"" che c'è. Questo accade da ben prima ""dell'IA"", ma accelera e accelererà molto. Ai margini ""pattern matchers"" significa investimenti in borsa, in trading veloce, ancora più efficaci, mettendo anche questo ancora più in mano a 4 giganti.

Per questo servirebbe che la gente comprendesse il valore della proprietà e del computing desktop personale, ma come dire... Non accade...",ftrx,2023-12-18T11:24:53,2,Italia,https://reddit.com/r/Italia/comments/18knl4h/cosa_ne_pensate_dellai/kdvndzf/
18km5m5,,kdrzfly,"Due notizie, una brutta e una bella.
La brutta è che hai ragione, la bella e' come esci dalla Italia trovi un sacco di fica disponibile e che reputa gli uomini italiani come i migliori.
Quando sono in Italia e ho voglia di trombare,con due paroline: quanto vuoi? risolvo la pratica.",Romacaputmund,2023-12-17T17:41:03,-2,Italia,https://reddit.com/r/Italia/comments/18km5m5/come_mai_le_ragazze_sono_diventate_impossibili/kdrzfly/
18k518q,,kdrftj8,"Tutte le notizie locali vengono pubblicate sui loro domini di terzo livello, anche quelle che trovi nell'homepage principale.",Alessioproietti,2023-12-17T15:33:24,2,Italia,https://reddit.com/r/Italia/comments/18k518q/parabiago_incendia_il_presepe_e_scappa_a_rischio/kdrftj8/
18kef9b,,kdqql3t,"Ho avuto almeno sei account diversi (di cui tre per lavoro, sono un'illustratrice. Scrivo per dare un minimo di contesto) e... Si, ho avuto questo problema su ognuno dei miei profili. Anche su quelli dove investivo più tempo (perciò l'algoritmo era ""allenato"" a mostrarmi contenuti che fossero realmente di mio interesse) c'è sempre stato un numero spropositato di bots, spammers e gente che alla fine commenta o lascia il follow solo per riceverlo a propria volta. Anzi, gli small creators lo fanno quasi più dei bot; chiaramente non è neanche colpa loro, se la piattaforma penalizza un fumettista o un cantante perché non pubblica seimila reels al minuto e tu campi di quello, ovviamente devi cercare di stare a galla e quindi entri nel circolo vizioso del f4f. Temo che Threads farà la fine di quasi tutti gli altri social menzionati (bereal, Tumblr, etc), un grande polverone all'inizio e poi zero. No, non ci voleva molto a sistemare l'asticella per farlo funzionare bene - ma è ormai chiaro a tutti, penso, che queste piattaforme mirano alla monetizzazione quindi prediligono una fetta di popolazione che spende e investe per utilizzarle (penalizzando, dunque, le persone ""normali"" che come me o te non vanno a pagare per una spunta blu o rimuovere le ads, ma sono solo interessate a confrontarsi o leggere notizie etc.)",MacaroonPossible2881,2023-12-17T11:39:14,1,Italia,https://reddit.com/r/Italia/comments/18kef9b/threads_è_pieno_di_follow4follow/kdqql3t/
18kc5nv,,kdqmjt1,"Che assist meraviglioso (cit.)

Se ci sono degli aggiornamenti magari si, altrimenti ovviamente non me ne frega niente anche delle cose sopracitate per fortuna. Ma io parlo per me sull internet, chi non è mai sazio di notizie la penserà sicuramente al contrario",faratto_,2023-12-17T10:45:26,5,Italia,https://reddit.com/r/Italia/comments/18kc5nv/61_migranti_sono_morti_in_un_naufragio_al_largo/kdqmjt1/
18kc5nv,,kdqdgwd,"Mate siamo in italia, se posti notizie riguardo ad altri paesi metti  almeno un commento iniziale scrivendo un minimo di contesto. Altrimenti diventa la classica sparatoria del Texas che non interessa a nessuno",faratto_,2023-12-17T08:40:21,22,Italia,https://reddit.com/r/Italia/comments/18kc5nv/61_migranti_sono_morti_in_un_naufragio_al_largo/kdqdgwd/
18kc5nv,,kdqbyt0,"Notizie dal Giappone? Ok tutto e aiutarli, ma le notizie dei paesi esteri non credo ci riguardino",faratto_,2023-12-17T08:20:18,15,Italia,https://reddit.com/r/Italia/comments/18kc5nv/61_migranti_sono_morti_in_un_naufragio_al_largo/kdqbyt0/
18jwnn1,,kdq1i9a,"A parte che io non avrei accettato il contratto ( ma non sono del sud). Se in un  controllo ti chiedono notizie rispondi con la verità. Rischi coinvolgimento penale con le menzogne. Il tuo grande capo oltre ad essere un pezzo di m... Ti prende per il culo, è un evasore di m... É ricordati che un domani non avrai una pensione grazie al fatto che questo stronzo non versa i contributi. Io avrei già chiamato la finanza.",cippa33,2023-12-17T06:14:52,11,Italia,https://reddit.com/r/Italia/comments/18jwnn1/capo_di_azienda_mi_ha_chiesto_di_mentire/kdq1i9a/
18jw7xl,,kdno7au,"Breaking Italy, perché pur prendendo una posizione molto forte sulle notizie che riporta ( su cui si può essere d'accordo  o meno, non importa ) riesce comunque a informare su cosa sia realmente successo. 
Una volta abituati a un tale livello di chiarezza e completezza condensati in pochissimo tempo tutto il resto dell'informazione televisiva diventa una roba insopportabile.
Un buon riassunto delle notizie giornaliere lo fa anche Francesco Costa nel podcast Morning de Il Post ( vale lo stesso discorso fatto sopra, Costa esprime sue opinioni in merito, ma é chiaro quali sono le sue opinioni, che ovviamente non condivido sempre come é normale che sia, e quali sono invece i fatti come sono riportati dai giornali di cui fa la rassegna ). Quando guardo in tg metà delle volte non capisco neanche di che cazzo stanno parlando, per lo più sono commenti a caldo di qualche politico o partono a trarre conclusioni su fatti che non vengono spiegati se non in maniera sbrigativa. Però l'intervista al vicino di casa che dice che era un bravo ragazzo perché salutava sempre quella non può mancare.",ilkatta,2023-12-16T20:00:46,1,Italia,https://reddit.com/r/Italia/comments/18jw7xl/miglior_tg/kdno7au/
18jqay6,,kdngu8y,"Guarda il TG, leggi un giornale, leggi le notizie online... perchè qualcuno con un minimo di empatia vorrebbe portare al mondo un'altro essere umano? Uno che nascerà con microplastica già nella sangue e si beccherà sempre peggiori situazioni climatiche, econoniche, sanitarie... e poi due delle prime piante a soffrire il cambio climatico sono/saranno il cacao e il caffè. Nossignor",Gingerwix,2023-12-16T19:18:27,-1,Italia,https://reddit.com/r/Italia/comments/18jqay6/perché_non_si_fanno_figli_in_italia/kdngu8y/
18jw7xl,,kdn58fi,"La 7 è il meno peggio per una vaga idea sulle notizie principali anche se spesso omettono delle cose e la narrazione è sempre la stessa.
Cerca OttolinaTv su YouTube, miglior media di informazione",Solid-Bonus-8376,2023-12-16T18:12:20,-1,Italia,https://reddit.com/r/Italia/comments/18jw7xl/miglior_tg/kdn58fi/
18jqe9s,,kdmslb6,"Tieni l'offerta virtuale, come accettata :D

Ma pensala in questi termini: sapere è potere. Oggi NON siamo in grado di dire cosa farai tu domattina, ma siamo in grado di dire IN MEDIA cosa farà il grosso dei Cittadini ad un certo momento, non il singolo, non ""Mario Rossi farà questo mentre Giovanna Bianchi quest'altro"", ma a grandi linee lo sappiamo. Ora pensa alla borsa. Pensa solo al fatto che puoi avere svariati bot in effetti di un solo proprietario, un grande fondo che ha tutta la liquidità che vuole e questo fa girare notizie chessò su r/wallstreetbets o magari su qualche giornale che leggono Tayler e Durden di ZeroHedge e questa si amplifica perché conoscendo le relazioni sociali sanno mandarla ""ai nodi"" (agli umani nella rete sociale) giusti per farla riverberare, perché ne convinco uno e lui ne convince altri per me. I bot comprano o vendono generando PROVE apparenti della notizia, il grosso della mandria segue. Il fondo sa, quindi sa quand'è il momento per una forte spremitura in un short e via dicendo. Gli altri no.

Ora pensa ai film, la gente si ispira molto da questi, specie i giovani, le fasce meno acculturate che ""si godono il film"" ma non fan granché attenzione razionale ai messaggi che veicola. Se conosci bene dalla profilazione la popolazione di un paese, ne conosci l'umore del momento, mandi la notizia giusta qui, il film giusto li, l'intervista all'imbonitore del caso la, ... e beh, di fatto muovi la popolazione di un paese, certo non tutta-tutta, peschi a strascico, ma ahivoglia se peschi. Un es.? https://cryptome.org/2014/01/gchq-squeaky-dolphin.pdf come https://privacyinternational.org/blog/1293/squeaky-dolphin-sale-how-surveillance-companies-are-targeting-social-networks ecc. Domandati PERCHÉ si fa questo e avrai la risposta.

Ed ancora: https://paleofuture.gizmodo.com/larry-ellisons-oracle-started-as-a-cia-project-1636592238 come https://gizmodo.com/larry-ellisons-oracle-started-as-a-cia-project-1636592238 o https://www.cia.gov/library/readingroom/docs/CIA-RDP80-01794R000100230024-0.pdf ma anche https://www.theverge.com/2020/9/9/21429635/amazon-keith-alexander-board-of-directors-nsa-cyber-command oppure https://www.businessinsider.fr/us/microsoft-google-amazon-pentagon-law-enforcement-contracts-2020-7 piuttosto che https://unlimitedhangout.com/2021/04/investigative-reports/the-military-origins-of-facebook/ ma pensa solo alle notizie citate: che senso ha per la Marina USA comprare profilazione privata?

Pian piano vedrai che IL SINGOLO atto, la singola informazione, da sola o sul singolo individuo non valgono in media nulla. Ma presi a corpo, da mille rivoli, sono la dashboard vivente della società, nota la mappa muovere sul territorio è IMMENSAMENTE più facile.

Poi ripassa la storia, i sacerdoti caldei che predicendo le eclissi ed altri fenomeno celesti facevano proseliti e pensa al paragrafo qui sopra. Capisci che tra predire e far accadere, nel caso dei fenomeni sociali, la distanza è poca, ma l'effetto sociale è analogo.

Questo è il capitalismo di sorveglianza, il soft power.",ftrx,2023-12-16T16:57:56,3,Italia,https://reddit.com/r/Italia/comments/18jqe9s/per_un_buon_we_markettari_spaventati_che_la_gente/kdmslb6/
18j4wiw,,kdlmhq2,"Non sei l’unico con dubbi a riguardo perché per l’utente medio di reddit e piu facile fare battute anzicche pensare un attimino in più su una questione, faresti un ama con un account che potrebbe ricondurre a chi sei?! Risposte molto vaghe?! Sai che sarebbe facilissimo ritrovare notizie o altro?! Quindi visti che tu e molti altri geni sprizzate sarcasmo su questioni anche delicate, e credere di avere ragione secondo i vostri metodi intuitivi da sherlok sotto anfetamine saresti disposto a scommetterci su?",lifeislive10,2023-12-16T11:47:43,1,Italia,https://reddit.com/r/Italia/comments/18j4wiw/ho_assistito_ad_un_omicidio_ama/kdlmhq2/
18jobp4,,kdllhue,"L'apprendistato è già un indeterminato e se rimani incinta non puoi essere licenziata alla fine dell'apprendistato.

Ma verifica che non son notizie recenti le mie.",AostaValley,2023-12-16T11:36:52,1,Italia,https://reddit.com/r/Italia/comments/18jobp4/quanto_sarei_bastarda_da_1_a_10/kdllhue/
18iwshi,,kdggpdw,"Solo notizie su commissione a pagamento, il giornalismo e’ morto",sophemot,2023-12-15T12:54:39,5,Italia,https://reddit.com/r/Italia/comments/18iwshi/il_nuovo_sito_wwwitaliait_è_una_cagata_allucinante/kdggpdw/
18iwshi,,kdgdmz3,In realtà lo fanno. Sei tu che l'hai trovato. Fai una segnalazione a Repubblica. Nelle notizie contro il governo ci vanno a nozze (com'è giusto che sia).,SiboEnjoyer,2023-12-15T12:30:27,11,Italia,https://reddit.com/r/Italia/comments/18iwshi/il_nuovo_sito_wwwitaliait_è_una_cagata_allucinante/kdgdmz3/
18i7quo,,kdc35gt,"> Esiste un giornale che non giri un po' le notizie unicamente per fare scalpore e che sia il meno possibile sotto l'influenza di censura manomissione dei fatti?

Se ne trovi uno fammi sapere...

Se vuoi informarti leggi fianco a fianco:

 - Il Giornale ed il Manifesto

 - Liberation e Le Figaro

 - ZeroHedge e Jacobin Magazine

 - ...

In genere ogni paese ha giornali in inglese, almeno uno, persino l'Afganistan (Tolo News) ed è utile averlo nei propri feeds perché per leggere un giornale ti serve un feed reader e selezionare vari, da scorrere velocemente. PURTROPPO per questo oggi RSS/atom è in largo declino, ma c'è ancora. Sono in largo declino anche i client rss, ma se hai un homeserver TT-rss (che ha una community tossica, ma una UI adatta) serve bene su desktop come da mobile. In locale su desktop a basso sforzo RSSOwl è il meno indecente che conosco.",ftrx,2023-12-14T16:08:19,3,Italia,https://reddit.com/r/Italia/comments/18i7quo/giornali_affidabili/kdc35gt/
18hvmmi,,kd973r4,"La Gregoraci che legge e Volo che scrive.

E queste sono notizie.

Qualcuno ci bombardi.",jollanza,2023-12-14T00:30:41,15,Italia,https://reddit.com/r/Italia/comments/18hvmmi/elisabetta_gregoraci_legge_la_dedica_speciale_di/kd973r4/
18hk5wl,,kd90ka6,Cosa ne pensi delle notizie come i casi in cui le forze dell'ordine compiono mancato soccorso o abuso di potere?,Nik-42,2023-12-13T23:45:46,1,Italia,https://reddit.com/r/Italia/comments/18hk5wl/faccio_il_carabiniere_ama/kd90ka6/
18hk5wl,,kd7edlp,"Dipende dalle necessità del territorio, ultimamente che è periodo di furti in abitazione personalmente cerco di fermare auto di grossa cilindrata. Altre volte che non ho notizie particolari, obbiettivi specifici o non vedo qualcosa che ""non mi paga l'occhio"" vado semplicemente a caso.",Josif917,2023-12-13T17:35:17,54,Italia,https://reddit.com/r/Italia/comments/18hk5wl/faccio_il_carabiniere_ama/kd7edlp/
18gwwof,,kd72bvo,"C'è senz'altro un'alterazione della percezione da parte dei social e delle varie notizie che, seppur marginali nell'informazione ""ufficiale"", vengono alimentate e/o politicizzate sui social. Prendendo in considerazione un periodo più ampio, non mi dimenticherei che in Italia fino a 25-30 anni fa si rapivano le persone, esistevano i serial killer, le mafie ammazzavano persone per strada. Quindi il peggioramento rispetto a cosa, a quale altro parametro o arco temporale. La mia versione è che chi gli strilloni da social spesso sono persone non proprio disinteressate, propinano informazione che loro definiscono alternativa e in certi casi orientano parte dell'opinione pubblica su quelli che in realtà sono solo fatti di cronaca. Mi riferisco ai reati degli stranieri: se ne parla spesso in quanto è un dibattito politico (per la destra) e l'analisi spesso si ferma al passaporto (italiano vs straniero), non calcolando innumerevoli questioni (una su tutte il patto di Dublino che l'Italia ha firmato, andrebbe certamente rivisto ma ecc ecc). Gli stranieri fanno anche i lavori più umili, degradanti e sottopagati, che permettono a noi di avere la nostra bella salsa di pomodoro in offerta al supermercato. Molti di loro vivono in condizioni precarie in uno stato che li sfrutta e che non si applica molto (per usare un eufemismo) su serie politiche di integrazione. Valutare il semplice atto delittuoso senza vedere tutto quello che c'è dietro è dunque, a mio parere, talmente tanto riduttivo da mistificare la realtà",Ancient_Map8327,2023-12-13T16:21:23,1,Italia,https://reddit.com/r/Italia/comments/18gwwof/situazione_città_italiane/kd72bvo/
18hcuix,,kd6qkys,Brutte notizie per Narendra Mkdi.,After_Shave_Dancer,2023-12-13T15:05:29,1,Italia,https://reddit.com/r/Italia/comments/18hcuix/_/kd6qkys/
18he8q2,,kd6q8s0,"Non ho detto mica che é nazista, ho detto che queste notizie aiutano partiti estremisti a renderli piú presentabili.",One_Needleworker_190,2023-12-13T15:03:12,1,Italia,https://reddit.com/r/Italia/comments/18he8q2/prof_mostra_il_dipinto_a_scuola_proteste_e/kd6q8s0/
18g5sem,,kd3oo38,"Secondo me si tende a sottovalutare lo sviluppo, è vero che le batterie LiPo sono permalose e hanno tendenze incendiare, ma è anche vero che le LiFePo4 hanno migliorato tantissimo questo rischio, e più andiamo avanti più la tecnologia ci regala sicurezza.

Anche le prime auto a iniezione in caso di incidente si incendiavano spesso e se si rimaneva intrappolati era morte certa (io ho perso un amico così).

Abbiate fiducia nel progresso, da tecnico vi dico che molte delle notizie cattive sull'elettrico sono falsità messe in giro da chi ha evidenti interessi contrapposti.",N1k1k1,2023-12-12T22:48:00,5,Italia,https://reddit.com/r/Italia/comments/18g5sem/la_bolla_dei_veicoli_elettrici_è_scoppiata_è_la/kd3oo38/
18g5sem,,kd2izit,"Io personalmente mi fido sempre meno dei giornalisti tradizionali, soprattutto perché spesso trattano superficialmente i temi. Preferisco di gran lunga le notizie da fonti online strettamente specializzate.",Ukraina_Peremoge,2023-12-12T18:31:40,4,Italia,https://reddit.com/r/Italia/comments/18g5sem/la_bolla_dei_veicoli_elettrici_è_scoppiata_è_la/kd2izit/
18gnzba,,kd250e4,"Non capisco, cosa intendi per tg e giornali? Forse per il modo in cui vengono proposte le notizie? Intendi che tg e giornali sono di parte? Questo è assodato, ma torniamo sempre allo stesso concetto, cosa possiamo fare in merito? Non guardarli/leggerli e guardare/leggere solo quei media che riteniamo più obbiettivi, ammesso che abbiamo gli strumenti per poter prendere questa decisione. Io personalmente non ritengo di avere abbastanza strumenti per valutare, oltre al fatto che poi dipende dai punti di vista ovvero il concetto di bicchiere mezzo pieno o mezzo vuoto.",Pierr078,2023-12-12T17:06:15,4,Italia,https://reddit.com/r/Italia/comments/18gnzba/se_ti_da_fastidio_non_guardarecambia_canalefai/kd250e4/
18gkdai,,kd1bz5e,"Scusatemi ma ho letto un po’ di articoli e mi sembra il solito “costruire una polemica per farci un articolo”. Infatti non c’è alcun riferimento alla ‘sinistra’ ma solo a qualche anziano di Gavardo. Solo IlGiornale (guarda caso) è riuscito a tirare in ballo addirittura Saviano, perché se a Natale non spargi un po’ di odio, che Natale è ?

Comunque ci si lamenta tanto dei boomer che credono a tutto e dei giornalisti, ma a giudicare dai commenti non siamo differenti dai primi e ci meritiamo il livello attuale dei secondi. Anzi, quasi quasi apro una pagina Instagram e riposto notizie tipo questa è troppo facile dai.",Joao_Gaglio,2023-12-12T13:51:40,2,Italia,https://reddit.com/r/Italia/comments/18gkdai/la_parola_xmas_è_fascista_lo_dicono_i_bresciani/kd1bz5e/
18g5sem,,kd15m8r,"Scusa, da dove vedi provenire l’energia per sostenere un 20-30 milioni di auto elettriche, anche contando un upgrade (non update) dell’efficienza?

Perché senza il nucleare non è numericamente fattibile, a meno che non inizi a seminare centrali a carbone/gas in giro per l’Italia o non la compri dalla Francia (che, se la tua previsione si avvera, dovrà prima di tutto pensare al SUO fabbisogno).

C’è questa credenza popolare che l’Italia (o l’Europa) dopo la seconda guerra mondiale si sia svegliata e abbia detto “oh cazzo meglio costruire tutte le infrastrutture del mondo, che stupidi quelli prima che non l’hanno fatto” senza prendere in considerazione gli investimenti ultra stratosferici americani che volevano guadagnarsi la fiducia popolare in un’Europa divisa dalla cortina di ferro, e che hanno visto nei paesi devastati dalla guerra un buon ritorno nel breve/lungo periodo (fino a fine ‘70-inizio ‘80).

Questo è oltre il discorso perché non servono finanziamenti esteri per montare 10 colonnine nel mio condominio, SE e questo è un bel e grosso SE, la tecnologia è conveniente per gli utenti finali e per le varie compagnie intermediarie.

Credi che un’Arabia Saudita che ha veramente paura di una transizione full-electric non dimezzerà il prezzo del petrolio all’interno di partnership internazionali con clausole ammanettanti decennali? O che gli USA, noti investitori nel settore, che non si fanno troppi problemi a prolungare guerre per avere controllo dei condotti e riserve, che pompano miliardi nella tecnologia navale per il trasporto, darà l’indipendenza al suo più grande cliente (l’Europa)?

Forse credi ci sia più interesse finanziario nell’elettrico, ma la sola produzione di automobili non può rimpiazzare la prolungata dipendenza, costruiranno anche eolico e fotovoltaico per vendercelo?

Forse le tue idee funzionerebbero in un completo “free market” ma sappiamo tutti che anche teoricamente diventa difficile farlo funzionare e che quello in cui siamo decisamente non lo è.

“L’Europa spinge l’elettrico però! Quindi bene o male qui arriverà e saremo tutti contenti!”

Che elettrico arriverà? Non ci sono grosse produzioni in Europa (vediamo come andrà Musk vs Sweden), vedremo una battaglia al ribasso tra USA, Cina e India per il nostro mercato, o tra 10 anni usciranno le notizie di altri europarlamentari trovati con mazzette negli appartamenti, a loro volta “vittime” del lobbying che è perfettamente legale negli Stati Uniti?

Tutto questo è senza contare che diversi organi nazionali ed internazionali stanno pensando a come regolamentare il mercato del litio, a come le riserve trovate in Canada non basteranno (e se si costeranno il triplo visto il connubio rispetto dei diritti umani-monopolio), che nel lungo andare l’elettrico inquina di più dei termici di nuova (da 5 anni a questa parte) generazione, cosa importante visto che le persone ormai comprano un lifestyle, non un prodotto, che le barriers-to-entry sono molto più alte per la produzione di EV che di automobili a combustione, cosa preoccupante a meno che non vi siano ingenti e continui incentivi per la conversione, cosa che comunque taglierà fuori molti futuri possibili competitors, o che anche con l’atomico molti settori non saranno convertiti prima di 20-30 anni (pensiamo al traino super pesante su strada, l’aviazione, il complesso militare), il che farà necessariamente coesistere le catene di approvvigionamento, anche se un’espansione laterale è possibile per alcune aziende energetiche (quelle nazionali principalmente), le risorse saranno necessariamente divise in mantenimento di due infrastrutture, sviluppo di una e lenta conversione dell’altra, che sappiamo sarà più costoso del semplice sviluppo di una, tralasciando l’opinione popolare sull’atomico ed i recenti sviluppi in Germania, esemplificazione di come i grossi interessi esteri non si facciano problemi a fare propaganda mediatica sul lungo periodo assicurandosi di trarre profitto dalle tragedie e di insabbiare le loro.",Commercial_Repeat_59,2023-12-12T12:58:00,3,Italia,https://reddit.com/r/Italia/comments/18g5sem/la_bolla_dei_veicoli_elettrici_è_scoppiata_è_la/kd15m8r/
18edcsn,,kcxvc9n,"e' successa la guerra in iraq. Il punto e' che il ciclo di notizie e' semplicemente focalizzato su qualcosa finche' altro non succede. A quel punto si passa al nuovo scandalo, omicidio, o fatto mondiale. Oggi fanno un casino per Giulia. Tempo 2 mesi non la caghera' piu' nessuno.",FrigoALegna,2023-12-11T20:17:10,1,Italia,https://reddit.com/r/Italia/comments/18edcsn/statua_per_giulia_cecchettin/kcxvc9n/
18foymn,,kcxp0nz,"Cancellato FB ed Instagram. Ho messo Twitter per seguire i canali di notizie e Reddit per parlare e leggere degli argomenti che mi interessano. Vera la cosa che ti senti mentalmente più libero, posso confermare anche nel mio caso. Mentalmente più libero e maggior concentrazione verso la realtà",No_Cryptographer3590,2023-12-11T19:38:21,2,Italia,https://reddit.com/r/Italia/comments/18foymn/uscire_completamente_dai_social/kcxp0nz/
18fug8x,,kcxiyu5,"all'estero dove? in UK la situazione è abbastanza grigia con una classe dirigente che sembrava aver toccato il fondo con Boris Johnson ma che poi ha iniziato a scavare come un cane da tartufi. 

Mentre ero in Svizzera però ho guardato un TG per curiosità e praticamente c'erano solo buone notizie. Anche la crisi energetica coi prezzi del gas ecc che salivano era raccontata come un problema degli altri, con tanto di esperto intervistato che diceva che potenzialmente avrebbe potuto essere un problema, ma loro ci hanno pensato per tempo e tutto era sotto controllo. 

  
Quindi boh dipende dal paese ma mi sa che pochi hanno questo ottimismo per il futuro",T0raT0raT0ra,2023-12-11T18:58:27,4,Italia,https://reddit.com/r/Italia/comments/18fug8x/come_salvare_litalia/kcxiyu5/
18frxtt,,kcx9lpk,"Khaby Lame basato, aspetterò le notizie del divorzio",AcousticGymGoer,2023-12-11T17:07:42,4,Italia,https://reddit.com/r/Italia/comments/18frxtt/khaby_lame_linfluencer_italiano_più_pagato_al/kcx9lpk/
18fug8x,,kcwrq07,"Vero! Vivo anche io all’estero e qui non sento mai tutte queste notizie negative. 

Ogni volta che torno in Italia sento sempre una certa tensione nell’aria e negli occhi di tutti. 

Penso anche io che parte del problema sia l’informazione negativa.",Dazzling-Bug6600,2023-12-11T15:11:48,1,Italia,https://reddit.com/r/Italia/comments/18fug8x/come_salvare_litalia/kcwrq07/
18f9p4s,,kcwpdr0,"Il link che mi hai mandato spiega che una delle caratteristiche necessarie per farsi rimborsare è l'urgenza della prestazione. Purtroppo l'urgenza non è soggettiva ed è stabilita da dei timbri ecc....

Io avrei addirittura l'esenzione dal ticket perché ho una condizione medica ed una correlata percentuale di invalidità. Sto cercando di capire se ho più diritti in questo esatto contesto. Credevo di sì, ma fino ad ora non ho trovato notizie soddisfacenti. Giustamente l'esenzione dal ticket non è equivalente all'urgenza per come è la mia situazione.",you-arent-reading-it,2023-12-11T14:55:23,1,Italia,https://reddit.com/r/Italia/comments/18f9p4s/tutto_sta_migliorando_nel_mondosiete_daccordo/kcwpdr0/
18fug8x,,kcwoohp,"Sono d’accordo con te sul pessimismo dell’informazione, è la prima cosa che noto anche io quando torno dai miei. Secondo me è anche il primo motivo del perchè in Italia sono tutti pessimisti di natura, se sei bombardato di notizie negative costantemente, mentre quelle positive, che ci sono, vengono glissate non puoi che avere quella mentalità",Emotional_Explorer52,2023-12-11T14:50:25,4,Italia,https://reddit.com/r/Italia/comments/18fug8x/come_salvare_litalia/kcwoohp/
18fuw6r,,kcwhuq0,"L'unico modo è incrociare le notizie da più fonti.

Io posso consigliare ANSA, ADNKronos, il Post, BUTAC e Pagella Politica.",Zephyr_Petralia,2023-12-11T13:58:34,1,Italia,https://reddit.com/r/Italia/comments/18fuw6r/canali_di_informazione/kcwhuq0/
18foymn,,kcwdqus,"io è un anno che ho eliminato Facebook ed Instagram, più qualche altro social minore che usavo sporadicamente di cui manco ricordo tutti i nomi. Non ho cancellato in toto i profili ma sono solamente disattivati così da poterli riattivare temporaneamente per qualsiasi esigenza, ma di fatto è come non esserci più su quelle piattaforme. Sto molto meglio, la vita mi sorride ed ho scoperto che non sono minimamente indispensabili come le big tech vogliono farci credere. Continuo ad avere la mia vita come prima, ho anche disattivato tutta la sezione notizie sul mio smartphone. Ora mi limito ed entrare su Reddit per qualche minuto una volta al giorno, rigorosamente da Desktop, e a vedere solo determinati video su Youtube che mi interessano quando decido di vederli. Per il resto consiglio a tutti di eliminare qualsiasi social network perchè sono diventati delle slot machine che creano dipendenza e non più un modo per rimanere in contatto coi propri cari come il facebook del 2008.",Superb_Adeptness,2023-12-11T13:24:41,2,Italia,https://reddit.com/r/Italia/comments/18foymn/uscire_completamente_dai_social/kcwdqus/
18fqljq,,kcvvlvw,"Si, non avendo regolamentazione si comporta in maniera più simile ad un azione che ad una valuta. È sensibile alla domanda e offerta e quindi a tutte le varie logiche speculative. 

Spesso il valore della monete varia in base alla ""fiducia"" sulla tecnologia che sta dietro bitcoin, è quindi molto sensibile alle varie notizie.",Enhydralutris71,2023-12-11T10:00:38,2,Italia,https://reddit.com/r/Italia/comments/18fqljq/come_funzionano_i_bitcoin/kcvvlvw/
18foymn,,kcvtzfj,"Quando stavo sui social (escludendo reddit e whatsapp, che uso ancora) il mio algoritmo finiva per mostrarmi solo dibattiti scemi sulle razze e sul politically correct, ma fatti alla ""stereotypical american blue hair girl way"" (Insomma, discussioni con argomentazioni inesistenti, ostracismo, accuse infondate, generalizzazioni, cancel culture, visione del mondo in bianco e nero...). Nel migliore dei casi trovavo video di gente normale, ma riempita di insulti nei commenti. 

I social media sono generalmente intrisi di una cattiveria unica. È come frequentare quell'amico che si lamenta di tutto e non fa mai niente di utile. Dopo un po' ti stanca.
Ho cancellato prima tiktok, dopodiché ho cancellato pure instagram. Generalmente li ho trovati negativamente impattanti sulla mia vita, sia per come diffondevano e discutevano le notizie, sia per tutto il tempo che sprecavo inebetita davanti allo schermo.",Kourisaki_,2023-12-11T09:38:05,6,Italia,https://reddit.com/r/Italia/comments/18foymn/uscire_completamente_dai_social/kcvtzfj/
18f9p4s,,kcvtvkp,"Vedi, quando si dice ""migliora"" o ""peggiora"" si deve dire PER CHI. Per un ladro le buone notizie sono che i furti con successo aumentano, per le vittime l'opposto.

Il mondo d'oggi per i neoliberisti, ovvero i nazifascisti, migliora bene, da tanto tempo, per la popolazione... Quel miglioramento è come lo sviluppo delle new town nel III mondo, avviene li, tra la gente, ma non sono per loro.",ftrx,2023-12-11T09:36:36,1,Italia,https://reddit.com/r/Italia/comments/18f9p4s/tutto_sta_migliorando_nel_mondosiete_daccordo/kcvtvkp/
18eqmhw,,kcvt0uh,"Fintanto che il pubblico c'è, questi eventi esisteranno sempre e l'Italia ci ha sempre sguazzato su questo modo di fare. 

Se ti vuoi bene, dopo aver letto l'epilogo triste della notizie, ogni volta che leggi il nome della vittima, cambia il media e passa oltre, sarà cinico, ma è l'unico modo per non impazzirci o scelerarci sopra.",Mr87Robb,2023-12-11T09:24:34,1,Italia,https://reddit.com/r/Italia/comments/18eqmhw/buonismo_e_ipocrisia_ecco_cosa_ci_insegna_il_caso/kcvt0uh/
18foymn,,kcvs0o1,"Su facebook non accedo da diversi anni, ho lasciato Instagram recentemente perché si era venuto a creare una simbiosi di scroll continui di meme e contenuti di ""intrattenimento"" si fa per dire, che non lasciano nulla a lungo termine. Ritrovandomi due ore dopo, la sera, a chiedermi perché ho perso tempo che non mi ha fornito nulla invece che vedermi un film, leggere l'ennesimo libro lasciato a metà o finire un disegno, mi consumava. Quindi sto cercando di allontanarmi da tutto questo, ho riscoperto un sacco di tempo libero in più da usare appunto, anche solo per farmi qualche faccenda in casa e leggere un libro, trovando più soddisfazione.

Non mi sono allontanato da tutti i social ben inteso, o non starei a risponderti, sto trovando reddit tuttavia più interattivo e stimolante di guardare reel per ore, leggo notizie che non sia tramite i meme, pongo e rispondo alle domande, poi i miei amici circolano prevalentemente su discord quindi per rimanere in contatto necessito comunque di venire a patti con questa realtà, ma quantomeno posso dire che selezionare ed eliminare il superfluo mi sta facendo bene.",tylerdurden2395,2023-12-11T09:10:30,6,Italia,https://reddit.com/r/Italia/comments/18foymn/uscire_completamente_dai_social/kcvs0o1/
18foymn,,kcvr73a,"Io l’ho fatto per il mio benessere mentale: ero sola, in lockdown e tutti annunciavano matrimoni e figli. 

So che non è una buona ragione, ma questa è…
Guardavo solo le notifiche dei gruppi che seguivo (basta attivarle) e i compleanni, non scorro il feed da più di tre anni… 

L’unico che ho è Twitter/X per seguire più notizie da gente che mi interessa come artisti, scrittori e poche persone che mi fanno stare bene…

Non guardo neanche gli stati di whatsapp e non ne posto… se qualcuno deve farmi vedere qualcosa, mi manda la foto e bon, così mi evito di vedere cose di cui non me ne frega niente…",Princesss988,2023-12-11T08:59:00,2,Italia,https://reddit.com/r/Italia/comments/18foymn/uscire_completamente_dai_social/kcvr73a/
18foymn,,kcvn4hl,"Io non uso FB IG X da 6 anni e ho interazioni online con altre persone solo tramite Reddit e raramente nella sezione commenti di forum sul cinema o disgraziatamente su Youtube, quindi solo con sconosciuti.  
  
È migliorato il rapporto IRL con le persone perché:  
  
- Se conosci pincopallino una sera e lo trovi una bella persona, tante volte lo aggiungi sui social e questa opinione va a farsi benedire quando lo vedi postare qualcosa che non ti piace con i classici toni sprezzanti e arroganti tipici di chi scrive dalla tazza del cesso sentendosi un grande intellettuale. 
  
- Le conversazioni non vengono influenzate da quella strana sensazione e/o malizia del ""stiamo facendo un discorso su un argomento ma entrambi sappiamo tramite social quello che pensiamo, ma dobbiamo fingere che non sia così"" è un esempio ma ce ne sarebbero molti. 
  
- Non devi leggere sfoghi cringe di gente che conosci o vedere puttanate del tipo esci con una persona e quando torni a casa questa pubblica qualcosa riferito alla serata, più o meno sottointeso e che dovrebbe rappresentare quello che pensa realmente (non è facile da spiegare, ma c'è gente malata). 
  
Poi è migliorata tantissimo anche la visione del mondo e delle notizie in generale, si riesce a vedere tutto da un punto di vista più ""esterno"". 
  
Un esempio sono gli ultimi fatti di cronaca dove non essendo bombardati costantemente da opinioni, link, immagini, news, approfondimenti ecc, si può osservare la situazione con un occhio un po' più distaccato e rendersi conto di come funziona la macchina dei media senza farsi tirare in mezzo ad un dibattito sterile.  
Dal punto di vista antropologico è interessantissimo",GrotlakTG,2023-12-11T08:03:28,20,Italia,https://reddit.com/r/Italia/comments/18foymn/uscire_completamente_dai_social/kcvn4hl/
18ellmu,,kcvia0t,"Certo, hai ragione. Però chi viene lasciato via messaggio queste cose non le sa. Fa una differenza enorme poter dire di averci provato e vedersi un messaggio secco di addio. Magari il mio elenco non è esaustivo ma a tutte le ragioni (che tu hai mostrato esistere intrinsecamente nel lasciarsi) si aggiunge la mancanza di rispetto. 

Comunicare di persona che non c'è più ragione o volontà di continuare è un simbolo di rispetto, nella nostra società. Le notizie importanti, che siano dolorose o gioiose si trasmettono dal vivo. È come una regola sociale (o forse c'è una parola migliore per questo concetto), tipo una convenzione sociale.

Chi fa una minchiata si scusa di persona, perché le cose serie si dicono in faccia. Certo che in base alla minchiata/serietà delle cose può variare il livello di solennità della comunicazione in persona.

Però ecco, magari non cambia nulla dal punto di vista fattuale ma il fatto che si rompa una convenzione sociale così forte è considerabile come una mancanza di rispetto sopra altre mancanze di rispetto.

>Una differenza enorme: sai che non sono morto. Sai che me ne sono andato volontariamente

Si, qui mi sono spiegata male. Scusa. Intendevo tutta una roba strana, in sunto. Che differenza fa essere lasciati via post-it e non poter vedere mai più la persona o essere lasciati su WhatsApp e non vedere mai più quella persona. Ma il tuo punto, ora che hai risposto al mio primo commento, lo hai già fatto. Cioè, non fa differenza.",Suitable-Vanilla-605,2023-12-11T07:01:10,1,Italia,https://reddit.com/r/Italia/comments/18ellmu/sono_stato_lasciato/kcvia0t/
18fba8m,,kct21dz,"Un colloquio di lavoro che non ha seguito è esattamente come un appuntamento con una ragazza che poi sparisce: chiedere spiegazioni è imbarazzanti e da disperato (come diceva u/Electronic-Gate8799 )

Cerca altro, se nel frattempo non hai notizie passa oltre e sostieni altri colloqui.",Inside_Gap_9774,2023-12-10T20:02:37,5,Italia,https://reddit.com/r/Italia/comments/18fba8m/email_di_follow_up_al_recruiter/kct21dz/
18f3sua,,kcsogls,"> il fracking 

Il fracking è una porcata e tantissime comunità negli Stati Uniti (e probabilmente in altri posti ma è da lì che ho visto notizie) ne stanno pagando salatissime le conseguenze.

> la carne coltivata

Questa è un'esclusiva italiana. Non tirare il resto d'Europa in mezzo.",Charming-Run-9835,2023-12-10T18:38:06,2,Italia,https://reddit.com/r/Italia/comments/18f3sua/perché_in_europa_continuiamo_a_proibire_tecnologie/kcsogls/
18eqmhw,,kcso8tf,"Qui su r/italia siamo fortunatamente sulla strada giusta (secondo me), vedendo in questo modo il caso di Giulia Cecchettin. Ma reddit non è r/italia e reddit non è la vita reale; pensa a tutti i pensionati che ascoltano queste notizie e pensa a cosa possono pensare. Ti posso giurare che, nella vita, conosco molte più persone dalla parte dei giornali che persone con l'opinione di OP.

Quindi su questo sub sarà pure l'opinione meno controversa delle storia, ma in generale è abbastanza controversa.",Alberodi,2023-12-10T18:36:46,2,Italia,https://reddit.com/r/Italia/comments/18eqmhw/buonismo_e_ipocrisia_ecco_cosa_ci_insegna_il_caso/kcso8tf/
18eqmhw,,kcrjhtw,"Purtroppo i giornalai hanno bisogno di dare in pasto al popolo qualcosa. Che sia covid,che sia Ucraina,che sia l'ennesimo omicidio poco importa. Quello che importa al giornalaio medio è di sfamare   ed indirizzare l'opinione pubblica. Avete notato che oggi magicamente il covid è sparito? Avete notato che ora la Russia e la guerra sono usciti direttamente dai radar? Tra due mesi anche la povera Giulia passerà nel dimenticatoio e tutto si ripeterà con il prossimo caso da usare per indignare il pubblico (Gaza? boh) 

Però ho più paura di chi segue queste notizie rispetto a chi le pubblica, il secondo lo fa solo per soldi ma il primo lo fa solo per ossessione (verso cosa lo sà solo lui)",Samuele1994,2023-12-10T13:48:11,1,Italia,https://reddit.com/r/Italia/comments/18eqmhw/buonismo_e_ipocrisia_ecco_cosa_ci_insegna_il_caso/kcrjhtw/
18f1zjh,,kcrhyn2,"Guarda che se cerchi ""coppia omosessuale picchiata"" le prime notizie riguardano Milano e Pavia. Questo non significa che la stessa cosa non venga fatta al centro e al sud per carità, ma anche al nord alcune persone vengono aggredite perché gay.",napoletano_di_napoli,2023-12-10T13:33:47,4,Italia,https://reddit.com/r/Italia/comments/18f1zjh/perché_i_milanesi_italiani_sono_così_effeminati/kcrhyn2/
18f1zjh,,kcrdqfk,"Tu sei il chiaro analfabeta funzionale.

Dove vedi scritto: ""Tutto il nord é molto più avanzato rispetto al sud""? Capisco che sia difficile la comprensione del testo, ma almeno impegnati un attimo.

É fattuale che tu letteralmente non possa andare in giro conciato come andresti a Milano in certe città (in alcune non puoi neanche andare con una maglia di squadre non autoctone). Io notizie di gente picchiata perché omosessuale o vestita in maniera non convenzionale non le sento molto spesso in provincia di Bergamo, che dici? 

Ma poi dove hai visto che ho scritto Lega? Non ci vuole un master in fisica nucleare per capire che al sud tendenzialmente per certe persone é più difficile vivere in pace.

Dai su, collega il cervello agli occhi per cercare di comprendere quello che scrivo, provaci almeno",1_d4d5-2_c4,2023-12-10T12:50:58,-3,Italia,https://reddit.com/r/Italia/comments/18f1zjh/perché_i_milanesi_italiani_sono_così_effeminati/kcrdqfk/
18eqmhw,,kcqxhug,"Il trucco è smettere di dare peso a queste cose: anche solo il tuo commento alla situazione è continuare a darci peso: informarsi sulla cronaca e basta, questo è quello che si dovrebbe fare. E allora vedrai che questo genere di notizie spariscono, perchè il loro fine ultimo è guadagnarci su sta cosa",Far85,2023-12-10T09:15:37,13,Italia,https://reddit.com/r/Italia/comments/18eqmhw/buonismo_e_ipocrisia_ecco_cosa_ci_insegna_il_caso/kcqxhug/
18e8qkg,,kcqk6m7,"Ancora? Mio Dio basta, ma a sta povera cristiana la devono pure perseguitare anche nella morte a fare ste notizie una dopo l'altra che non fanno nient'altro che spingere le femministe tossiche ad odiare gli uomini, prossima volta a cosa toccherà? L'intervista al cane? Quel parente lontano che ha visto solo una volta? 
Sta storia è passata dall' essere un episodio tragico e triste ad una vera frustrazione, io mi sono sentito dispiaciuto alle prime tre notizie dopo la sua morte ma da li in poi è diventata insopportabile per quante volte la stanno portando avanti, e la cosa triste e che sta storia la riporteranno avanti per i prossimi anni, al prossimo grande femminicidio o alla prossima giornata delle donne, ormai sto episodio è diventato parte della storia Italiana e continueranno a ripeterlo.",Tootguy27,2023-12-10T06:20:30,1,Italia,https://reddit.com/r/Italia/comments/18e8qkg/lesasperante_strumentalizzazione_dei_media/kcqk6m7/
18ege36,,kcoyh27,"Non è che non si perderanno posti di lavoro: si perderanno quelli a cui comunque nessuno che abbia certe qualifiche o aspirazioni avrebbe mai aspirato.

Come qui: il giornalista professionista di alto livello sarà impegnato con importanti inchieste o editoriali di alta qualità letteraria, mentre a non scrivere più saranno quelli che come unico compito avevano quello di riportare un po' abbellite le notizie delle agenzie di stampa semplicemente per accumulare click al sito.",Mirieste,2023-12-09T22:28:50,4,Italia,https://reddit.com/r/Italia/comments/18ege36/axel_springer_licenzia_i_giornalisti_di_upday_e/kcoyh27/
18e8qkg,,kcour9s,"Il discorso che facevo non è la visione dell’informazione, ma come i media prendono spunto dai social e spingono con le notizie che più fanno tendenza in quel periodo. Poi può essere che alcuni media “spingano” su certe notizie, ma se fanno audience come la cronaca nera sopra citata (motivo del mio commento) è ovvio che continueranno con la “pornografia del dolore” come qualcuno giustamente commentava.
Il punto è che se davvero perdessero lettori non andrebbero avanti a martellare così, se martellano è perché fanno click, non credo proprio martellino contro i loro interessi.
L’importanza della notizia non è data dal media di turno che la comunica, ma dalla notizia stessa.
Mi parlano di cronaca nera, mi disinteresso perché non é importante (per me) approfondire l’argomento.
Mi parlano che gli USA hanno votato contro il cessate il fuoco nella striscia di Gaza? Già mi indigno un po’ di più.",Decapsy,2023-12-09T22:04:38,1,Italia,https://reddit.com/r/Italia/comments/18e8qkg/lesasperante_strumentalizzazione_dei_media/kcour9s/
18e8qkg,,kcnvbxk,"La 'media' non esiste per promulgare informazioni e notizie ma per creare spazi per la publicita'. E' quella che rende non le parole. La parole, significative o vuote sono il magnete, e se si cercano solo parole vuote non bisogna pagare tanto a chi li crea. Tutti sanno scrivere ma non tutti sono scrittori.",OccamsRazorSharpner,2023-12-09T18:25:24,2,Italia,https://reddit.com/r/Italia/comments/18e8qkg/lesasperante_strumentalizzazione_dei_media/kcnvbxk/
18e8qkg,,kcnofrf,"È perché la gente ADORA leggere queste ""notizie"" morbose",DevaBol,2023-12-09T17:42:23,1,Italia,https://reddit.com/r/Italia/comments/18e8qkg/lesasperante_strumentalizzazione_dei_media/kcnofrf/
18e8qkg,,kcnbihe,"Hai una visione bizzarra dell'informazione, i social non sono fonte delle notizie, ma uno strumento di condivisione di queste, come puoi vedere qui su Reddit. La maggior parte delle notizie proviene dalla stampa e dai media tradizionali, attraverso il lavoro di professionisti.

Il giornalismo viene spesso definito il **quarto potere**, proprio perché stampa e media in generale hanno la capacita di condizionare l'opinione pubblica. Non è un caso che nei regimi il controllo della stampa e dei media riveste un ruolo fondamentale.

Quindi ricapitolando, chi controlla la stampa ""controlla"" l'opinione pubblica. Nel sistema informativo italiano ma anche estero non sono affatto isolati i casi di grandi famiglie imprenditoriali o grandi gruppi economici, spesso legati alla politica e con interessi di vario tipo, che possiedono i media e li usano per influenzare l'opinione pubblica a loro favore.

>Che siano i giornali a detenere l’importanza delle notizie mi sembra assurdo,

A me sembra assurdo pensare il contrario.",AlphaArtax,2023-12-09T16:20:58,1,Italia,https://reddit.com/r/Italia/comments/18e8qkg/lesasperante_strumentalizzazione_dei_media/kcnbihe/
18e8qkg,,kcn7glm,"Bravo e tu riposta, così facciamo un milione di click noi tutti gli stronzi indignati e loro sono sempre più incentivati a farlo.

Il problema è chi le legge ste notizie, non chi le pubblica.",Dartagnan286,2023-12-09T15:53:56,2,Italia,https://reddit.com/r/Italia/comments/18e8qkg/lesasperante_strumentalizzazione_dei_media/kcn7glm/
18e8qkg,,kcmwpb7,"Vedo che ogni notizia “di moda” sui social finisce per essere argomento trattato e ritrattato dai media.
Poi se vai nel dettaglio può starci che qualche ricco privato si compri un giornale per cercar di far parlare di altro, ma ormai al giorno d’oggi se vogliamo informarci possiamo farlo tranquillamente anche senza Repubblica o quello che vuoi. Che siano i giornali a detenere l’importanza delle notizie mi sembra assurdo, infatti anche tu dici che Repubblica in teoria con questo articolo ha perso lettori",Decapsy,2023-12-09T14:38:34,1,Italia,https://reddit.com/r/Italia/comments/18e8qkg/lesasperante_strumentalizzazione_dei_media/kcmwpb7/
18c4j71,,kcmjx7b,No guarda ci sono notizie ovunque riguardo a queste tematiche. E comunque dire “non è vero” alle argomentazioni altrui denota una chiusura mentale e infantilità dell interlocutore. Direi che possiamo smettere di discutere.,geebeem92,2023-12-09T12:48:07,1,Italia,https://reddit.com/r/Italia/comments/18c4j71/litalia_è_uscita_dalla_via_della_seta_cinese/kcmjx7b/
18dxcga,,kcmhq1b,"Sì è uno schifo. I giornalisti son davvero solo dei pajacci che meriterebbero di essere messi al muro, hanno sempre fatto queste porcherie. L unica cosa che possiamo fare al momento è non cacare ste notizie",Atleta22,2023-12-09T12:23:39,1,Italia,https://reddit.com/r/Italia/comments/18dxcga/stanno_lucrando_sulla_morte_della_cecchettin/kcmhq1b/
18e8qkg,,kcm97w4,"Ormai la realtà è filtrata e mediata da questi media sempre più invasivi e capillari tramite i mezzi di oggi (internet di massa, social-media e smartphone, media tradizionali sempre più aggressivi).

Questa non è più informazione e diritto di cronaca, questo è puro “info-tainment” ad alto impatto emotivo al fine di creare continuo engagement e polemiche, che vuole dati e share, che vuol dire maggior introiti dalle inserzioni pubblicitarie, che vuol dire soldi. Punto. 

Qualcuno ci guadagna e la maggior parte della gente viene lobotomizzata da “notizie” a flusso continuo, di stampo sensazionalistico, che non fanno altro che alimentare sentimenti collettivi di ansia, preoccupazione, indignazione (che non trova nessuna reale capacità di reazione) e pure impotenza o apatia rispetto ai temi trattati. 

Non si negano i fatti della realtà odierna, ma c’è sempre una differenza tra i fatti nella loro cruda realtà e la narrazione che ne esce dai media di informazione. (Che spesso non è informazione).

Credo che ognuno di noi, per la sua sanità mentale, dovrebbe imparare a ridurre e porre seri filtri a tutta l’informazione odierna indifferentemente dal tema trattato.

E con l’IA sarà sempre peggio, sempre più difficile distinguere tra realtà e finzione di fake news. Mala tempora…",GuZz91,2023-12-09T10:32:37,9,Italia,https://reddit.com/r/Italia/comments/18e8qkg/lesasperante_strumentalizzazione_dei_media/kcm97w4/
18dxcga,,kcm682r,"Praticamente si.

&#x200B;

Molti giornali sfruttano il macabro perché vende.

&#x200B;

Se il giornalismo fosse riguardo informare e guidare la popolazione, non avremo solo cronaca nera o o fatti e guerre che interessano agli affari Americani (mentre tutte le altre guerre non sono toccate) come principali notizie ogni giorno.",Particular_Nebula462,2023-12-09T09:50:01,1,Italia,https://reddit.com/r/Italia/comments/18dxcga/stanno_lucrando_sulla_morte_della_cecchettin/kcm682r/
18e8qkg,,kcm14sg,"Dopo la storia del libro della nonna, sinceramente ho smesso di ascoltare notizie su questa storia.

Mi spiace per la ragazza, nessuno merita stalking psicologico (che uccide ancora prima del vero e proprio omicidio), ma ora si sta veramente esagerando, screen che spuntano senza contesto, persone che gia' sapevano, audio ecc.. si strumentalizza il tutto.

ripeto, spiace per la ragazza, ma questa e' pura merda",Aggravating_Crazy_65,2023-12-09T08:37:18,441,Italia,https://reddit.com/r/Italia/comments/18e8qkg/lesasperante_strumentalizzazione_dei_media/kcm14sg/
18dn9bz,,kcknuc9,E chi ti dice che io non ci abbia mai pensato leggendo notizie di donne che uccidono uomini? Però non sento il bisogno di mettermi sulla difensiva a frignare che io non ammazzo,lyraparledor,2023-12-09T00:36:53,2,Italia,https://reddit.com/r/Italia/comments/18dn9bz/i_veri_dati_sul_femminicidio_e_le_violenze_di/kcknuc9/
18dxcga,,kcknkzm,"I giornalisti vivono di queste notizie...letteralmente, si guadagnano da vivere. Ci manca poco che ammazzino loro le persone per farci 3 settimane di notiziari sopra.",ShirouBlue,2023-12-09T00:34:56,3,Italia,https://reddit.com/r/Italia/comments/18dxcga/stanno_lucrando_sulla_morte_della_cecchettin/kcknkzm/
18dxcga,,kckkqgd,"(premessa: parlare di questi argomenti è sempre complesso, non voglio sminuire la gravità dell'accaduto, né tantomeno mancare di rispetto, il mio è un semplice punto di vista)

diciamocelo, cose del genere accadono, si sa; non è che ci siamo accorti che la gente si ammazza dopo la morte di Giulia.

diciamocelo, se in un altro paese un folle avesse sterminato una scolaresca , ce ne saremmo sbattuti tutti il cazzo, media compresi.

diciamocelo, come detto da altri, la cronaca nera funziona sempre, e alla gente (tra tante virgolette) ""piace"" sentire notizie del genere.

Perché?

è molto semplice, perché alla gente piace puntare il dito e dire ""ah guarda, QUELLO è il cattivo, QUESTO è il problema"", è  più facile ignorare i mille problemi che attanagliano questo paese (stato e società) e avere un caprio espiatorio (e non intendo solo il colpevole).

è stato un evento terribile? assolutamente si

è stato un evento di tale importanza da parlarne così tanto? assolutamente no

ci stanno lucrando sopra? assolutamente si

glielo stiamo permettendo? assolutamente si",fffeall,2023-12-09T00:13:23,7,Italia,https://reddit.com/r/Italia/comments/18dxcga/stanno_lucrando_sulla_morte_della_cecchettin/kckkqgd/
18dxcga,,kckgurq,"Ah, se è per questo nemmeno del fatto che l'Italia è uscita della via della seta cinese. Io sono assolutamente convinto che in Italia abbiamo un serio problema con la qualità dell'informazione (senza voler arrivare al complottismo per cui ci tengono all'oscuro di alcune notizie volutamente). Si dà pochissimo spazio a notizie importantissime e tantissimo spazio a notizie minori. Non dico che non si dovesse parlare di Giulia Cecchettin, ma adesso ne stanno parlando davvero troppo, tutto ha un limite. Ma poi stanno tirando fuori gli argomenti più insignificanti, nonostante ci troviamo in un momento estremamente significativo dal punto di vista geopolitico.",Friendly-Musician-32,2023-12-08T23:44:12,10,Italia,https://reddit.com/r/Italia/comments/18dxcga/stanno_lucrando_sulla_morte_della_cecchettin/kckgurq/
18d1017,,kchpc0b,"Purtroppo mia madre ci è cascata qualche mese fa, e ha pagato 1000 ad una ricarica money. Il truffatore le ha detto che ero sotto sequestro per colpa di un mio amico che non aveva ridato dei soldi ad un malavitoso.

Ovviamente i miei genitori (65 anni) ci sono cascati con entrambi i piedi senza neanche provare a mandarmi un messaggio o fare una chiamata sui ben 2 telefoni che uso e che hanno per ogni emergenza (lavorativo e privato). Addirittura pensavano che avessi perso il lavoro è finito in un giro di scommesse.

Hanno capito che era una truffa perché dopo la prima ricarica alla prepagata gliene ha chiesta un’altra, a quel punto si sono insospettiti e hanno deciso di chiamarmi…ovviamente ho risposto e hanno capito cosa è successo.

Il giochino di questi truffatori è fare leva sul senso di pressione di un genitore, mia madre era in lacrime e mio padre stava per avere un infarto per questa cosa, ne erano convinti davvero e sono andati ne panico.

Se ne vergognano talmente tanto che non hanno deciso di denunciare.

Dopo una storia del genere sono convinto che mia madre debba essere in qualche modo controllata durante le sue attività mondane (il tizio palesemente scriveva come un analfabeta fin dal primo messaggio).
Inoltre ho piacevolmente notato che i miei genitori hanno 0 fiducia in me, nonostante abbia 30 anni e vivo da solo. La risposta che mi hanno fornito è stata “ah ma non si sa mai, se ne sentono tante in giro”… mi sono cascate le braccia 

Questa cosa mi ha dato un fastidio incommensurabile, in primis per i 1000€ che sono una somma veramente importante, e poi per il fatto che non posso più fidarmi dei miei genitori. 

Ad oggi cerco di aiutarli girandogli le notizie su questo tentativi di truffa, e gli ho detto chiamarmi SEMPRE in ogni situazione di dubbio. 

Ma che due coglioni",supedope,2023-12-08T12:13:26,2,Italia,https://reddit.com/r/Italia/comments/18d1017/scam_finto_figlio_su_whatsapp/kchpc0b/
18czh91,,kcfz7g5,"Penso sotto quello che sempre di tragedia si tratta.
Le buone notizie sono altri argomenti",xxxgoblin,2023-12-08T01:35:08,5,Italia,https://reddit.com/r/Italia/comments/18czh91/uccisero_la_vigilessa_laura_ziliani_allergastolo/kcfz7g5/
18csvr2,,kccrcix,"> Cosa vi porterebbe a reintessarvi alla suddetta? 

A me è sempre stato insegnato che andare a votare è un diritto e un dovere del cittadino. Se non c'è nessuno che ti rappresenta, fai scheda bianca, ma comunque vai a votare.

Ne consegue che ti interessi alla politica quando raggiungi l'età in cui dovresti votare.

>  Attraverso quale media sareste più propensi a trovare un “leader” da seguire (tradizionale - tv, libri / moderno - social)? Quale argomenti dovrebbe trattare tale partito per destare la vostra attenzione? 

In genere mi informo con le notizie, tv; mentre nei social si può vedere più facilmente se una persona è un ipocrita o un buffone.

Gli argomenti che mi stanno più a cuore sono sanità e sicurezza pubblica.",WinIcy5208,2023-12-07T11:42:29,2,Italia,https://reddit.com/r/Italia/comments/18csvr2/partecipazione_politica/kccrcix/
18c4j71,,kccfxym,"Ottime notizie. Seconda cosa buona del governo Meloni (per il resto, tralascio)",latflickr,2023-12-07T09:08:26,-1,Italia,https://reddit.com/r/Italia/comments/18c4j71/litalia_è_uscita_dalla_via_della_seta_cinese/kccfxym/
18bh74r,,kc8iwdb,"Comunque Vannacci ha avuto più pubblicità da chi lo prendeva in giro che dai (per fortuna pochi) fan

Poi ovviamente con il boom di articoli è riuscito ad arrivare alle notizie facebook dei boomer ingenui che lo hanno eletto a portavoce dei ""sani uomini di una volta""

Se la gente fosse stata zitta non avremmo un analfabeta funzionale fra i best seller del periodo",Forgotten_X_Kid,2023-12-06T15:27:02,1,Italia,https://reddit.com/r/Italia/comments/18bh74r/ma_secondo_vannacci_ladozione_non_dovrebbe/kc8iwdb/
18bh74r,,kc7vzdm,"Pubblichi articoli in che senso? Lo stato italiano non mette limiti sulla pubblicazione di libri ma lo fa sulla pubblicazione di notizie (ordine dei giornalisti etc), approfondisci perché così non so cosa tu volessi dire.",Uni01,2023-12-06T12:26:37,1,Italia,https://reddit.com/r/Italia/comments/18bh74r/ma_secondo_vannacci_ladozione_non_dovrebbe/kc7vzdm/
189s33i,,kc7i1wp,"Ma come ci si potevano aspettare buone notizie io non lo capisco fin dal 24 febbraio 2022...lasciare l'ucraina da sola a combattere la Russia, incitandola a non arrendersi perché ""l'economia russa è in ginocchio per le sanzioni"" e ""vi daremo armi indistruttibilie invincibili"" e ""addestreremo i vostri soldati con gli standard Nato"", senza avere la minima intenzione di intervenire qualora fosse andato storto qualcosa, è la tipica truffa all'occidentale...quante altre volte deve accadere prima di capire il giochino?",Beginning-Ad-9496,2023-12-06T09:31:06,1,Italia,https://reddit.com/r/Italia/comments/189s33i/stoltenberg_prepararsi_anche_a_cattive_notizie/kc7i1wp/
18b9gk9,,kc4usl5,"Di leggi contro la violenza sulle donne ne sono state fatte diverse, eppure continuiamo a leggere troppo notizie di uomini violenti che violano le (evidentemente inefficaci) misure cautelari per tornare a far del male alle donne, o che neanche si beccano queste misure e quindi sono liberi di aggredire, oppure ancora di donne che non denunciano mai (per diversi motivi).",MrAlagos,2023-12-05T20:16:46,-1,Italia,https://reddit.com/r/Italia/comments/18b9gk9/cui_prodest/kc4usl5/
18b8213,,kc4lsfr,"L’opposizione è una cagata al momento soprattutto con Starmer e i giornali……. Lasciamo perdere

Ci sono miliardi di “scandali” che escono su varie truffe e mancette in governo però alla fine non succede nulla. La gente un po come gli italiani si lamentano al pub (da noi al bar) però non fanno nulla. E la maggior parte dei giornali è posseduta dalle stesse compagnie, connessi a vari politici, è pubblica notizie palesemente false o esagerate verso le elezioni e la gente media che non ha né tempo ne sbatti di fare ricerche profonde vota per gli stessi politici",Tnh7194,2023-12-05T19:18:58,4,Italia,https://reddit.com/r/Italia/comments/18b8213/migranti_linghilterra_e_confusa_molto_confusa_rant/kc4lsfr/
18bdw6t,,kc3mdlw,"da Google:  
""Anamnesi: In medicina, la raccolta particolareggiata delle notizie che riguardano il paziente.""

Also ""I farmaci utilizzati nel trattamento dell'infezione da virus dell'HIV sono detti farmaci antiretrovirali, essendo l'HIV un retrovirus""  


Nel dubbio parlerei con tuo padre",peterpanico,2023-12-05T15:25:56,2,Italia,https://reddit.com/r/Italia/comments/18bdw6t/qualcuno_che_se_ne_intende_in_medicina_o_qualcosa/kc3mdlw/
18b9gk9,,kc2x2v0,"ma pare si stiano influenzando tra loro stesse, aggiungendo dettagli malati da giro a giro che fanno le notizie",Luigi_delle_Bicocche,2023-12-05T11:00:52,45,Italia,https://reddit.com/r/Italia/comments/18b9gk9/cui_prodest/kc2x2v0/
18b7ptg,,kc2wwua,E dire che con 2 guerre alle porte dell'Europa la crisi econima l'inflazione di notizie da dare ce ne sarebbero.. vuoi proprio che non c'era niente con cui riempire il giornale?,Mediocre_Echo8427,2023-12-05T10:58:34,2,Italia,https://reddit.com/r/Italia/comments/18b7ptg/la_maestra_che_ha_svelato_in_una_quarta/kc2wwua/
18ajgc2,,kc2shqm,"Sempre De André: 
""Prima pagina, venti notizie
Ventuno ingiustizie e lo Stato che fa
Si costerna, s'indigna, s'impegna
Poi getta la spugna con gran dignità""",lor_petri,2023-12-05T09:54:41,3,Italia,https://reddit.com/r/Italia/comments/18ajgc2/imbecillità_e_legittima_difesa/kc2shqm/
18b7ptg,,kc2nuv5,"Cazzo i problemi, per fortuna che ci sono i giornali a darci le notizie....",Jazzlike-Leather588,2023-12-05T08:47:01,199,Italia,https://reddit.com/r/Italia/comments/18b7ptg/la_maestra_che_ha_svelato_in_una_quarta/kc2nuv5/
18ae2fd,,kbzoyjp,"> Le separazioni servono per garantire la specializzazione in diversi rami di ognuna di queste (succede in tutto il mondo e si hanno notizie di questa cosa dai tempi, letteralmente, dei sumeri). 

Sicomeno. Mica son separate per aver ad es. l'Esercito fedele quando la Marina tradisce (cfr. Giappone storico), per evitare che tutto sia sotto un unico cappello...",ftrx,2023-12-04T19:14:12,1,Italia,https://reddit.com/r/Italia/comments/18ae2fd/vannacci_is_back_ed_e_stato_promosso_rant/kbzoyjp/
18ae2fd,,kbzcgri,"Il problema sono io che cerco di discutere con un bambino di 20 anni su come funzioni il mondo.

Le separazioni servono per garantire la specializzazione in diversi rami di ognuna di queste (succede in tutto il mondo e si hanno notizie di questa cosa dai tempi, letteralmente, dei sumeri).
Ogni controllo fiscale che mi è stato fatto me l'hanno fatto le fiamme gialle, quando sono andato a denunciare il furto della mia auto sono andato dai carabinieri e in autostrada i controlli me li fa la stradale; nonostante le fdo possano compiere atti simili tra di loro, sono separate per fare che ognuna di queste possa assolvere a ruoli particolari meglio delle altre.
Nelle forze armate è la stessa cosa, con la differenza che i carabinieri sono gli unici a svolgere il compito di polizia militare. Sinceramente dubito che troverò mai un pilota di carri armati al timone di un incrociatore o un paracadutista a guidare i computi degli artiglieri.

Ok, ora che teoria e pratica collimano, che cosa abbiamo imparato oggi bambini?",Dyne86,2023-12-04T17:59:32,1,Italia,https://reddit.com/r/Italia/comments/18ae2fd/vannacci_is_back_ed_e_stato_promosso_rant/kbzcgri/
189pire,,kbzbwq0,"seee milioni di dollari.

Leggiti le notizie americane. Pure la succede di continuo. E dato che la con un codice fiscale ti apri una carta dicredito al telefono, ci sono centinaia di migliaia di persone che sono finite in casini perché aprono carte di credito a loro nome.

C'è il famoso notpetya, fatto dagli ukraini nel 2018, prima che venissero santificati.",banana33noneleta,2023-12-04T17:56:15,1,Italia,https://reddit.com/r/Italia/comments/189pire/ci_risiamo_attacco_hacker/kbzbwq0/
18ahy4u,,kby4ehg,"tt-RSS come client RSS NON perché mi piaccia ma perché è il meno peggio che ho trovato gestibile col volume di post che raccolgo, essenzialmente mi interessa perché:

 - organizza i post per testata + cronologia, marcandoli letti solo scorrendo la pagina, visualizzando un'anteprima con malfunzionante ""Firefox reader"" per il grosso dei feeds che NON pubblica altro che titolo + pubblicità o al massimo micro-sommario per far click sul sito

 - lo uso sopra postgresql che come storage non si fa problemi con mari di roba

 - ha una scarna ma usabile ricerca per parole chiave, etichette ecc che non ha molta configurabilità, ma diciamo è meglio della media dei feedreader presenti

Essenzialmente: è una porcata in termini software e ha una community tossica, ma è come UI il meno peggio che ho trovato sinora. Ho provato di tutto, per la serie web Miniflux e Yarr ma entrambi mi fan perdere troppo tempo per i volumi che scorro, ho provato elfeed, ne fa perdere ancora di più e la sua integrazione in Emacs non è così comoda, poiché il suo storage si corrompe di tanto in tanto rompendo tutti i links, lato desktop classici Lifrea/RSSOwl non sono assolutamente comodi per grandi volumi ecc ecc ecc

Come workflow in Firefox con Grasp (by Dimitri Gerasimov / karlicoss / beepb00p.xyz) e Promnesia (stesso autore) e https://github.com/kuanyui/copy-as-org-mode salvo quel che mi interessa via https://github.com/ArchiveBox/ArchiveBox e pian piano raccolgo in org-mode (Emacs) argomenti che vedo emergere e lascio li con i link raccolti argomento per argomento.

Quando mi vien voglia approfondisco uno di questi, traccio fonti extra, le confuto come posso, seguo gli interessi/il denaro ecc e creo collegamenti tra argomenti e personaggi/enti ""di spicco"".

Non è rigoroso e han uno sviluppo ""a gusto"" non una copertura completa, ma già mi permette di conoscere non poco con sforzi relativi perché son cose che passo nel tempo libero e grazie alle note a far da ""salvataggio del contesto"" anche se annoto qualcosa oggi, lo recupero dopo mesi, non perdo il filo granché.

In genere raccolgo e riassumo su base settimanale, è un volume di notizie sufficiente. Mi vien anche bene ai margini per la borsa e non pesa tanto.",ftrx,2023-12-04T12:54:25,2,Italia,https://reddit.com/r/Italia/comments/18ahy4u/tre_notizie_tanto_per_aprire_la_settimana/kby4ehg/
18ahy4u,,kby1wwj,"Magari dovresti riflettere su chi quel destino ha causato... Di nuovo dalla mia personale strategia informativa:

 - sul governo fantoccio installato dall'internazionale nazista, ovvero neoliberista privato-pubblica anglofona, installato nel 2014 https://st.ilsole24ore.com/art/notizie/2014-12-02/l-ucraina-vara-governo-ministri-stranieri-selezionati-cacciatori-teste-202117.shtml

 - magari anche il Limes USA che commenta la preparazione della guerra, nel 2014, con i nazisti da loro armati e addestrati https://foreignpolicy.com/2014/08/30/preparing-for-war-with-ukraines-fascist-defenders-of-freedom/

 - un bel pezzo di Soros sul suo sito ufficiale del 1993 sulla prossima guerra della NATO, guerra-business, con la previsione di usare carne da cannone dell'est Europa poiché ad ovest gli Europei sono allergici a vedere tornare i loro pargoli in sacchi per cadaveri e potrebbero quindi non collaborare https://www.georgesoros.com/1993/11/01/toward-a-new-world-order-the-future-of-nato/

 - non male ai margini sul tema biolab e partecipazione OMS al golpe, con cenni ad altri golpi tentati (Georgia) vedasi il II paragrafo in fondo nella prima pagina e il primo paragrafo a pag. 4 https://2001-2009.state.gov/documents/organization/95251.pdf

 - aggiungi magari https://scenarieconomici.it/hunter-biden-ha-contribuito-a-garantire-milioni-di-finanziamenti-per-lappaltatore-statunitense-in-ucraina-specializzato-nella-ricerca-sui-patogeni-mortali-le-mail-che-lo-confermano/ come https://www.agi.it/estero/news/2022-03-26/ucraina-email-hunter-biden-contatti-con-biolab-a-kiev-16142911/

 - si potrebbe continuare con https://www.osce.org/files/f/documents/e/7/233896.pdf o andare ancora indietro al primo tentato golpe, questo fallito, https://doi.org/10.1111/j.1467-856x.2008.00343.x

Posso ancora andare molto avanti.

Ma direi che lo scenario lo ricostruisci SEMPLICEMENTE seguendo la stampa negli anni e tenendoti in locale, vuoi in un feedreader, vuoi con Zotero, vuoi con altro, le notizie rilevanti, pian piano collezionate, messe da parte ed etichettate. Poi cerchi per etichetta nel tempo. Il mondo prende un'altra faccia quando lo fai al posto di berti senza gran memoria la prima pagina di ogni giorno.",ftrx,2023-12-04T12:30:22,5,Italia,https://reddit.com/r/Italia/comments/18ahy4u/tre_notizie_tanto_per_aprire_la_settimana/kby1wwj/
18afyrf,,kbxrfap,"Tecnicamente è fattibile, preoccupa solo il ""modus operandi"" italiano : ad esempio la ferrovia Gela-Caltagirone è sospesa da anni per il crollo di un ponte...non si hanno notizie certe sul ripristino, la linea fs Ferrandina-Matera non è mai stata terminata...eppure c'è la stazione a Matera (sic)...cioè le incompiute  solo per restare alle fs sono tante, non scriviamo delle strade... Allora ad un ministro ""serio"" delle infrastrutture si  potrebbe chiedere l'elenco delle incompiute, quali sono da terminare, quali sono da abbandonare, tempi certi per le opere nuove ecc. ecc. ....lui invece fa solo propaganda in vista del voto europeo 2024.",Ok-Dirt-667,2023-12-04T10:25:03,1,Italia,https://reddit.com/r/Italia/comments/18afyrf/perché_la_gente_protesta_contro_il_ponte_sullo/kbxrfap/
189xpoa,,kbxqaxe,"Sentenza ridicola ma è ridicolo pure chi ne fa una questione di lotta tra uomo e donna, purtroppo di sentenze ridicole così siamo pieni sia che siano uomini colpevoli o donne colpevoli e sono il male del nostro sistema giudiziario.  
Al limite sono d'accordo con la questione del clamore mediatico ma è più una cosa da social.. al telegiornale non finiscono tutte le notizie mentre nei talk show a volte capitano anche questo tipo di notizie con donne colpevoli.",Donlaud,2023-12-04T10:09:43,1,Italia,https://reddit.com/r/Italia/comments/189xpoa/da_fuoco_alla_casa_dellex_per_i_giudici_non_è/kbxqaxe/
18a1s2c,,kbw6cvd,"Bisnonni si, e trisavolo la prima guerra mondiale penso

Uno qualche anno fa siamo andati al memoriale sul Piave, cercando di trovarlo. Mio padre (appassionatissimo di storia) risalì a tutti i registri di guerra, notizie etc.

La storia è incredibile",Gabryoo3,2023-12-04T01:06:20,1,Italia,https://reddit.com/r/Italia/comments/18a1s2c/i_vostri_bisnonninonni_hanno_combattuto_nella_2/kbw6cvd/
189s33i,,kbtzpz9,Le cattive notizie sono arrivate ad agosto quando si é capita la densità e l'estensione dei campi minati a sud,Slow-Secretary4262,2023-12-03T16:58:13,5,Italia,https://reddit.com/r/Italia/comments/189s33i/stoltenberg_prepararsi_anche_a_cattive_notizie/kbtzpz9/
189pyda,,kbt7byl,"Benvenuto nel mondo del giornalismo nel 21esimo secolo dove le notizie rilasciate sono quelle che portano click e visualizzazioni, che esse siano utili o meno.",-Miklaus,2023-12-03T13:27:07,9,Italia,https://reddit.com/r/Italia/comments/189pyda/mi_è_scattato_quacosa_in_testafilippo_turetta/kbt7byl/
189soi3,,kbt4a6w,"Io negli anni '10 ci ho passato gli anni del liceo e i primi 20 anni. Altro che spensieratezza. Mi venivano attacchi d'ansia e di panico. Per non parlare del fatto che è stato il periodo del boom di smartphone, social e ci terrorizzavano sempre con le notizie di ISIS ed ebola.",Key-Week-3774,2023-12-03T12:56:31,4,Italia,https://reddit.com/r/Italia/comments/189soi3/come_si_fa_a_tornare_alla_spensieratezza_dei/kbt4a6w/
189pyda,,kbswa5o,"Allora un conto è come procedono le indagini, un altro è come vengono presentate dai notiziari, un altro ancora è come i notiziari decidono di presentare le notizie. Il fatto che la notizia dell’autopsia coincide con l’interrogatorio non è detto che le due avvengano nello stesso momento. In realtà è del tutto improbabile. L’autopsia probabilmente è già stata effettuata ancora quando FT era in Germania.",edoardoking,2023-12-03T11:19:17,6,Italia,https://reddit.com/r/Italia/comments/189pyda/mi_è_scattato_quacosa_in_testafilippo_turetta/kbswa5o/
189pyda,,kbst4n6,"Ma basta. Non se ne può più.

Ci sono mille problemi, si potrebbero usare le notizie per informare ed educare il cittadino su temi estremamente importanti, invece è due settimane che la prima notizia è sempre qualche informazione in più su questo omicidio.",Overall-Ambassador68,2023-12-03T10:36:06,72,Italia,https://reddit.com/r/Italia/comments/189pyda/mi_è_scattato_quacosa_in_testafilippo_turetta/kbst4n6/
187m5k1,,kblfkji,">è trasversale nelle persone. Visto che a tanti non piace.


Il senso era che è trasversale tra tante persone differenti.

Gli spettatori della zanzara non sono tutti lo stesso prototipo di individuo.

>Al che ti ho fatto notare che l'intrattenimento trash è proprio quello che il tizio sopra di te intendeva con prendere casi umani a cui far dire cazzate per far sentire meglio far sentire meglio te

Maddai, è solo la vostra interpretazione.

Il trash può benissimo essere fine a se stesso, mica ci dev'essere per forza una ragione dietro la comicità.

A me il giusto miscuglio di assurdo e gretta umanità condita di ignoranza fa ridere.

Oh, pure south park alterna sketch con la merda ad alcune della satira più sagace che abbia mai visto.

>personalmente preferisco sentire una canzone o le notizie o una rubrica di curiosità vere o un podcast dove si intervista qualcuno che fa un lavoro e parla di quello che fa.  

Vuoi un'applauso?

O che forse non si possono seguire entrambe le tipologie di media?

Cioè, pare un'uscita scritta da mia mamma dai.

>Sopratutto perché ""posso chiamarti negro"" a un nero, non è che la vedo come una genialata. Posso dire ""Frocio, posso chiamarti così? Ma se il tuo fidanzato mangia piccante ti brucia il cazzo quando gli scopi il culo?"" E per me è solo volgarità, a quanto pare per te è intrattenimento trash.

>""Intervista a seky sheep lover, ma ti eccitano lo le fighe delle pecore, o ti masturbi sulla lana merino? Le televendite di coperte sono porno e ti viene barzotto, ammettilo scopaovini! Eh si mi sono accorto che mi piacciono pecore ma anche inculare i montoni e riempirmi il prepuzio delle palline di cacca"" e se non ti da ridere, beh agli occhi di molti (pure miei), Cruciani è esattamente così. Però probabilmente ti fa ridere.

È uno spaccato di follia di vita vera, ed è favoloso sentrlo alla radio senza filtri.

Di gente senza peli sulla lingua che fanno vite allucinanti ne è pieno il mondo; la zanzara le dà modo di esprersi senza filtri e giudizi.

C'è una bella [interviata](https://youtu.be/71XXo28ARF4?si=-DUCkgp7juVX0epA)  fatta da Shy a Crucciani che  consiglirei per farsi un'idea meno stereotipata del personaggio.",Sexy_Sheep_Lover,2023-12-01T20:33:51,1,Italia,https://reddit.com/r/Italia/comments/187m5k1/opinioni_su_la_zanzara/kblfkji/
1883p3b,,kbj5oa7,"Io leggo solo ""Buone notizie""",Spirited-Eggplant-62,2023-12-01T10:44:59,1,Italia,https://reddit.com/r/Italia/comments/1883p3b/dove_informarsi_correttamente/kbj5oa7/
1883p3b,,kbj4qlu,"Io suggerisco di informarsi su media lontani dal Paese. Io uso L'Economist che ha anche il vantaggio di essere settimanale. E siccome è un settimanale, leggi solo le notizie più importanti, a livello mondiale, e non sono attaccati all'ultim'ora. Ci sono approfondimenti sui temi principali e se eviti di leggere roba nazionale filtra solo quello che è veramente importante, cioè le beghe di nessuna importanza non arrivano.
Capisco che quello è un po' costoso, se vuoi il New York Times ha un abbonamento veramente vantaggioso e puoi leggere le notizie internazionali da lì. Evita le Breaking News e vai direttamente agli approfondimenti, la sezione internazionale e leggi lì, così eviti pure tutti i fatti di cronaca, il freddo d'inverno e il caldo d'estate e la dichiarazione del capogruppo di minoranza all'ennesima inutile commissione  del senato.",JoeBeatsMike,2023-12-01T10:32:45,1,Italia,https://reddit.com/r/Italia/comments/1883p3b/dove_informarsi_correttamente/kbj4qlu/
187m5k1,,kbj2ngc,"Questo senso dell'umorismo non è trasversale nelle persone. Visto che a tanti non piace.

Il tizio a cui hai risposto ha detto che è intrattenimento fatto per fa sentire meglio l'italiano medio

E ti hai risposto ""no, è solo intrattenimento trash""

Al che ti ho fatto notare che l'intrattenimento trash è proprio quello che il tizio sopra di te intendeva con prendere casi umani a cui far dire cazzate per far sentire meglio te. Come l'alieno di avanti un altro e il tizio che si veste di rosso di italia's got talent. O come ridere del Mac beccati sto cigno.

Ci sono persone, a cui il trash è queste robe ""becere"" per citarti, fanno cacare. 

Io personalmente preferisco sentire una canzone o le notizie o una rubrica di curiosità vere o un podcast dove si intervista qualcuno che fa un lavoro e parla di quello che fa.  Sopratutto perché ""posso chiamarti negro"" a un nero, non è che la vedo come una genialata. Posso dire ""Frocio, posso chiamarti così? Ma se il tuo fidanzato mangia piccante ti brucia il cazzo quando gli scopi il culo?"" E per me è solo volgarità, a quanto pare per te è intrattenimento trash.

""Intervista a seky sheep lover, ma ti eccitano lo le fighe delle pecore, o ti masturbi sulla lana merino? Le televendite di coperte sono porno e ti viene barzotto, ammettilo scopaovini! Eh si mi sono accorto che mi piacciono pecore ma anche inculare i montoni e riempirmi il prepuzio delle palline di cacca"" Agli occhi di molti, Cruciani è esattamente così""",were_meatball,2023-12-01T10:04:37,1,Italia,https://reddit.com/r/Italia/comments/187m5k1/opinioni_su_la_zanzara/kbj2ngc/
1883p3b,,kbizv7g,"I media riportano le notizie, e per quelle più o meno vanno tutti bene. Quello che poi va fatto è la rielaborazione della notizia, che inevitabilmente perde di oggettività e quella te la devi fare tu eventualmente ""aiutandoti"" con il pensiero di personalità per te autorevoli, che sono i cosiddetti opinion leader, fino a che non ti sei formato un pensiero tuo e per quello ti consiglio di leggere molti libri piuttosto che siti di news",GIOCATORE1,2023-12-01T09:25:45,1,Italia,https://reddit.com/r/Italia/comments/1883p3b/dove_informarsi_correttamente/kbizv7g/
1883p3b,,kbix38k,"\> esistono dei giornali più moderati? che ti informano un po' di tutto e  non ti bombardano di notizie riguardanti un solo argomento  ?

no. 

I giornali sono entità private il cui scopo non è informare ma guadagnare soldi.

le informazioni sono il mezzo con cui guadagnano soldi e poiché raccogliere e descrivere le informazioni costa soldi, i giornali cercano informazioni che costano poco e che potenzialmente possano interessare più persone possibili perché:

\- la notizia ti fa vendere più copie fisiche o ti fa raccogliere più click e questi numeri vengono monetizzano tramite la pubblicità (ads sull'articolo o spazio pubblicitario sul giornale fisico)

&#x200B;

teoricamente ci sarebbero degli organi di controllo sulla stampa e c'è molta dietrologia su cosa il giornalismo dovrebbe essere, eccetera eccetera ma è solo un gran fumo negli occhi",_samux_,2023-12-01T08:47:05,4,Italia,https://reddit.com/r/Italia/comments/1883p3b/dove_informarsi_correttamente/kbix38k/
1883p3b,,kbitekr,"Buona cosa che ho osservato del Post è che, quando esce una notizia bomba, sono spesso gli ultimi a pubblicare evitando così inesattezze e false informazioni tipiche delle “notizie flash”.",ettorecasini,2023-12-01T07:57:42,8,Italia,https://reddit.com/r/Italia/comments/1883p3b/dove_informarsi_correttamente/kbitekr/
1883p3b,,kbirmqb,A volte leggere notizie da giornali/testate notevolmente faziose aiuta a capire anche la linea di pensiero di una specifica parte politica. Anche questo secondo me è necessario per avere una informazione completa,giovix8,2023-12-01T07:35:00,5,Italia,https://reddit.com/r/Italia/comments/1883p3b/dove_informarsi_correttamente/kbirmqb/
1883p3b,,kbippl4,"Concordo sul Post (assieme ad ANSA e ADN Kronos).

La cosa migliore però, sarebbe incrociare le notizie. Informarsi da più fonti.",Zephyr_Petralia,2023-12-01T07:11:13,24,Italia,https://reddit.com/r/Italia/comments/1883p3b/dove_informarsi_correttamente/kbippl4/
1883p3b,,kbipkjz,"Anche ADNKronos.

Più che altro perché, essendo delle agenzie di notizie, sono la fonte a cui attingono gli altri quotidiani.",Zephyr_Petralia,2023-12-01T07:09:32,5,Italia,https://reddit.com/r/Italia/comments/1883p3b/dove_informarsi_correttamente/kbipkjz/
187huia,,kbg7oqd,"> e ho pure cercato di avere una discussione civile con te 

La tua discussione civile è stata letteralmente il pretendere di saperne di più di medici e dottori, e di gente che ha una laurea, o del ministro della salute, seppur tu stia facendo ancora le superiori.

Senza contare che il tuo secondo commento, dopo aver scritto il tuo primo commento che diceva che OGGETTIVAMENT tutti i cibi NON italiani fanno schifo o sono cibo spazzatura (discussione molto civile btw), è stato quello di dire che entrambi i miei genitori sono morti suicidati a causa mia.  


> Perché giustamente tu sei più affidabile di una fonte che prende le informazioni da testate giornalistiche

Una persona laureata su un argomento, specialmente se argomenti scieentific i come medicina e nutrizione, ne sa INDUBBIAMENTE 100 volte di più di una testata giornalistica.

La testata giornalistica non ha valore scientifico, e tantomeno Wikipedia che appunto prende notizie a destra e sinistra senza verificarne l'autenticità.

Se voglio una informazione con valore scientifico e veritiera allora prendo e vado su Pubmed, o il sito dell'OMS, IARC o Ministro della Salute, non su Wikipedia.  


> Eppure continui ad atteggiarti copiando persino il mio linguaggio  

Come fa una persona a non chiamarti immaturo quando esci con queste cose del tipo:

* Copi i miei atteggiamenti ed il mio linguaggio;
* I tuoi genitori sono morti suicidati a causa tua;
* Ti avverto, se non la finisci prendo provvedimenti;
* Ti ho linkato una fonta affidabile -> linka Wikipedia/Quora;
* Adesso non mi rispondi perchè ho ragione eh?
*  Sei scappato eh?

Di certo questi commenti non arrivano da una persona che ha 30 anni, ma mi pare ovvio.",RespectfulSleepiness,2023-11-30T20:16:14,2,Italia,https://reddit.com/r/Italia/comments/187huia/gli_italiani_hanno_rotto_il_cazzo/kbg7oqd/
187609g,,kbfqcan,"Meh. Anche la sinistra se la spasserebbe. Alla fine destra e sinistra sono la stessa cosa ormai. Magari anni fa, ma siamo onesti, la destra e la sinistra di oggi hanno sempre manipolato le notizie e spesso si sono pure divertite a farlo insieme. Sono abbastanza sicuro che lo rifarebbero chiamando in causa il patriarcato (cosa che purtroppo ha poco a che fare con il patriarcato), con la destra che dirà chissà quale stronzata e ci sarà di nuovo odio per un qualcosa che non cambierà assolutamente nulla, ma nel frattempo distrarrebbe la maggior parte degli italiani dal resto delle cose. Anche perché se avessero interesse ad aiutare la comunità metterebbero queste notizie in secondo piano di importanza (non che non venga citato il caso, ma che abbia leggermente meno valore o anche solo lo stesso valore delle altre, non che abbiano il monopolio e chissenefrega di tutto il resto) e in primo gli avvenimenti mondiali dato che influenzano tutti. 

Rimane comunque divertente osservare gli italiani prendersi ad insulti o colpe per un mese e poi dimenticarsi completamente dell'accaduto perché i giornali non ne parlano più. È magico, no?",Numerous-Let-444,2023-11-30T18:31:25,-2,Italia,https://reddit.com/r/Italia/comments/187609g/sono_stato_molestato_e_non_cé_un_servizio_a_cui/kbfqcan/
187h8fw,,kbfo07z,Nell'era dell'internet le notizie sono centuplicate e ne sei bombardato h24 è normale sembri più grave.,BlueEyes0WhiteDragon,2023-11-30T18:17:31,2,Italia,https://reddit.com/r/Italia/comments/187h8fw/realtà_virtuale_realtà_che_vivo_tutti_i_giorni/kbfo07z/
187609g,,kbfh28b,"Perdonami, hai visto il link che ho riportato sopra?
Sì, ci sono centri antiviolenza anche per gli uomini: sono di meno e non ricevono i soldi che lo Stato dà a quelli che accolgono solo donne perché essere convenzionati e quindi ricevere finanziamenti pubblici bisogna rispettare quello che dice la legge che ho linkato prima:

https://www.romait.it/centri-antiviolenza-convenzionati-anche-per-uomini-se-la-vittima-e-un-lui-e-un-tabu.html

Secondo me ripeto, non riusciremo mai a convi cere i media mainstream a cambiare narrazione su questo. Bisogna farsela da soli l'informazione e la cultura su questi casi e magari riuscire a dare un segnale politico, ma la vedo molto dura.
Ripeto anche che sui giornali di stampa locale notizie di uomini abusati da donne ce ne sono, ma non vengono riprese dai giornali nazionali per un semplice motivo: non interessano né alla politica né al pubblico tanto quanto quelli che vedono vittima donne (generalmente però giovani e belle...)",Suspicious-Ad9282,2023-11-30T17:36:05,5,Italia,https://reddit.com/r/Italia/comments/187609g/sono_stato_molestato_e_non_cé_un_servizio_a_cui/kbfh28b/
187ilep,,kbfb7h4,"Sei hai condotto uno studio sociologico in cui hai fatto un'ipotesi, raccolto dati ed intervitato almeno qualche centinaio di migliaia di persone per condurre un test statistico a validazione o meno dell'ipotesi nulla, ci piacerebbe che lo postassi.

Se hai letto due notizie tra una cacata e l'altra e ti è preso un sentimento di disagio e sconforto a quella che sembra una società in rovina, sei solo vittima della risposta giornalistica al fenomeno dei like (che persone come te mettono a notizie clickbait e zoccolette).  
In questo caso, per favore astieniti da ogni discorso sulla materia finchè non ti sei letto almeno 5 o 10 libri sull'evoluzione sociale dal 1945 ad oggi.

P.S. Persino un filmaccio di Stallone basta a smentire che la percezione delle nuove generazioni come violente sia cosa di ora.",InspectionNew5742,2023-11-30T17:00:42,2,Italia,https://reddit.com/r/Italia/comments/187ilep/generazione_violenza_il_fallimento_del_ruolo/kbfb7h4/
187ilep,,kbf91qb,"E anche oggi il vecchio di turno si è lamentato con un ""o Mores o tempora"" contro i ggiovani debosciati e deviati, così come hanno fatto i loro genitori ai loro tempi e così via fino ai babilonesi. 

La verità è che le muove generazioni non sono né meglio né peggio, solo diverse e le mele marce sono sempre esistite ma fino a una quindicina di anni fa le notizie di cronaca locale rimanevano confinate al giornaletto di provincia letto da un migliaio di persone se va bene, oggi viene tutto sparato sui social per fare click.",Loitering14,2023-11-30T16:47:41,1,Italia,https://reddit.com/r/Italia/comments/187ilep/generazione_violenza_il_fallimento_del_ruolo/kbf91qb/
187609g,,kbeaibb,"Ma che minchia dici? E poi anche se fosse, cosa ci sarebbe di sbagliato? Va bene solo quando i giornali di sinistra usano la morte delle donne per portare avanti una narrazione politica che una certa parte ha deciso di cavalcare? La morte e la violenza non dovrebbero essere politicizzate, giusto? Però chi è che ha iniziato questo costume? Non la destra, caro mio. E poi non mi sembra che i giornali di destra vadano a pescare notizie di questo tipo e le usino per almeno bilanciare la narrazione maggioritaria.
Sono due settimane che non si parla altro che di violenza sulle donne: ci siamo dimenticati della guerra in Ucraina, della guerra in Palestina, dei falsi in bilancio della Germania che stanno mettendo a rischio la tenuta dell'Unione Europea, degli attentati terroristici in Francia e Irlanda, e tu con il tuo commento sui giornali di destra vuoi fare intendere che quelli che sfruttano certe notizie per fare caciara politica siano loro? Cazzo, svegliati, fratello.",Suspicious-Ad9282,2023-11-30T12:47:00,2,Italia,https://reddit.com/r/Italia/comments/187609g/sono_stato_molestato_e_non_cé_un_servizio_a_cui/kbeaibb/
187609g,,kbe9p2o,"Sottoscrivo il consiglio di registrare le chiamate, ma pensare che ci siano giornali interessati o capaci di far scoppiare la polemica su questa vicenda è quantomeno ingenuo. È così da anni e la cronaca locale di tutti i giornali di tutta Italia è piena di notizie di uomini vittime di violenza da parte di donne, ma non scoppia e non scoppierà mai nessuna polemica.
Ragazzi, mi sembrate tutti cadere dal pero! Mannaggia la pupacchia è da secoli che questo schifo è noto ed ACCETTATO da tutti, da tutti.",Suspicious-Ad9282,2023-11-30T12:39:32,8,Italia,https://reddit.com/r/Italia/comments/187609g/sono_stato_molestato_e_non_cé_un_servizio_a_cui/kbe9p2o/
186vm7k,,kbdmhsa,"Il problema è che Marx filosofeggiava...in pratica ci ha pensato Lenin e poi Stalin, oggi Xi in Cina ...ad applicare la teoria...qui siamo in Italia il paese delle corporazioni sin dal Medioevo...e qui tocca viverci salvo emigrare ed adeguarsi al paese ricevente, di solito è un paese capitalista...qualche ragione ci sarà, non si hanno notizie certe di emigrazioni di massa verso paesi comunisti...ci sarà un motivo ?",Ok-Dirt-667,2023-11-30T07:48:47,-1,Italia,https://reddit.com/r/Italia/comments/186vm7k/sono_un_lavoratore_povero_e_non_ho_colpe/kbdmhsa/
186rybk,,kbdiq6o,"Questo genere di notizie serve proprio a questo, distogliere l'attenzione pubblica da cose serie. A media e politici non frega una mazza di questa ragazza o delle altre, anzi, più ne muoiono meglio è, ancor di più se in maniera orripilante, così avranno ""materiale"" per ancora tanto tempo. E quanto non ci saranno eventi da usare come strumento, ecco che spunta qualche sottosegretario o il Lollobrigida di turno che la spara grossa e su cui si può montare un'altra polemica.",Correct_Oil5838,2023-11-30T07:02:23,2,Italia,https://reddit.com/r/Italia/comments/186rybk/il_caso_dei_genitori_turetta/kbdiq6o/
186rybk,,kbcy6a5,"""donna bianca del nord laureanda a Padova "" non nell'accezione americana del termine,ma semplicemente è quella piu vicina al fruitore medio di notizie a cui importa sicuramente di piu della sorte di qualcuno di molto simile a se,rispetto chessò ad uno dei tanti bambini arabi o di tutti gli altri cazzi che succedono nel mondo",InnerAd8998,2023-11-30T03:44:18,2,Italia,https://reddit.com/r/Italia/comments/186rybk/il_caso_dei_genitori_turetta/kbcy6a5/
186rybk,,kbalcvq,"non come oggi, su questo ha ragione. Stanno facendo l emergenza femminicidi ""rubando"" le notizie all estero, tipo ""marito uccide moglie"" e poi è successo in spagna, perché fanno click facili. Intanto per dire, oggi hanno levato la tutela alle bollette, ma non si dice 🤷🏻",Mother-Acadia-8050,2023-11-29T18:24:56,5,Italia,https://reddit.com/r/Italia/comments/186rybk/il_caso_dei_genitori_turetta/kbalcvq/
186m1d3,,kbad9ua,"I tuoi compagni di classe sono dei ritardati. 
Tranquillo, anche i miei lo erano MA
Buone notizie: dovrai vedere questi geni solo fino alla maturita', al 95% ognuno prendera' la sua strada e non vi vedrete più (salvo le amicizie salvabili).
Se hai bisogno di aiuto o soffri di depressione parlane con i tuoi genitori (e si, c'è  il rischio che sottovalutino il problema). 
La depressione non non va presa sottogamba, e' una malattia vera e propria anche se non da molti riconosciuta come tale e soprattutto se gli episodi depressivi sono di lungo periodo e di grave intensita' consulta un professionista.",Honeyyumii,2023-11-29T17:38:09,1,Italia,https://reddit.com/r/Italia/comments/186m1d3/i_miei_compagni_di_classe_dicono_che_la/kbad9ua/
186rybk,,kb9wt0u,"A furia di ascoltare notizie ""fresche"" lo spettatore non fa più caso alle stranezze della versione ufficiale (per esempio l'aver portato il cadavere, non sanguinante nonostante il presunto accoltellamento, per centinaia di chilometri, senza ""sbarazzarsene"" alla prima occasione).

Inoltre il bipede medio non si accorge che un caso del genere sta distraendo da altre notizie piuttosto serie (Kiev bombardata, strage di innocenti in Palestina, ecc.).",elleessemenolaelle,2023-11-29T15:59:54,7,Italia,https://reddit.com/r/Italia/comments/186rybk/il_caso_dei_genitori_turetta/kb9wt0u/
186l9fh,,kb901q4,"Se odi la strumentalizzazione eccessiva inizia col leggere notizie dai giornali cartacei e solo se hanno titolo che ritieni noiosi.

Lamentarsi delle notizie ad effetto emotivo e come se noi uomini ci lamentassimo delle zoccole su Instagram. Siamo noi la causa di questo male.",InspectionNew5742,2023-11-29T11:47:36,1,Italia,https://reddit.com/r/Italia/comments/186l9fh/strumentalizzazione_eccessiva/kb901q4/
186m1d3,,kb8xko0,E poi ci chiediamo perché le notizie sui problemi maschili non facciano notizia,Hasd4,2023-11-29T11:19:12,-1,Italia,https://reddit.com/r/Italia/comments/186m1d3/i_miei_compagni_di_classe_dicono_che_la/kb8xko0/
18661ur,,kb62gxp,"Ho preso un iPad poche settimane fa. Un gioiello.
A casa uso solo quello, 10 ore di screen time senza ricaricare.
Ci ho messo libri e fumetti, poi tutti i social e navigazione. Notizie, ma anche YouTube se devo vedere un video dal divano.

Poi ho preso la penna per gli appunti da fare in ripetizioni.

Io non disegno, ma si fanno cose straordinarie con ProCreate. Su uno Android secondo me non ci disegni allo stesso modo.

Ovviamente se devi disegnare il modello giusto è iPad Air. Anche se sul divano il mini è perfetto",deltas911,2023-11-28T20:55:30,7,Italia,https://reddit.com/r/Italia/comments/18661ur/ha_senso_acquistare_un_ipad_nel_2023/kb62gxp/
185svc8,,kb56zhb,"Beh si guadagna con le interazioni , non con la qualità delle notizie , rende di più far cliccare la massa che si fa la guerra rispetto ad un saggio sociologico che leggerebbero in 10",Consistent_Turnip644,2023-11-28T17:50:27,4,Italia,https://reddit.com/r/Italia/comments/185svc8/la_storia_di_giulia_e_michele_infermieri_in/kb56zhb/
18543r5,,kb0llty,"mah guarda come notizie al tg si, e in alcune zone isolate in particolare si, ma non è diversa la situazione altrove in italia",xxxgoblin,2023-11-27T19:53:55,-7,Italia,https://reddit.com/r/Italia/comments/18543r5/qualità_della_vita_nelle_province_italiane/kb0llty/
18503ly,,kazeyag,"Massima solidarietà, purtroppo ti capisco! Io vengo da un paesino del nord (Emilia precisamente) e se devo riconoscere che per fortuna la situazione non è così tragica come da te, comunque ho sempre sofferto (e soffro tutt'ora, quando torno nei periodi di vacanza) di emarginazione in quanto ero quella tranquilla e che studiava con profitto anziché andare a spettegolare al bar e a bere (a 14 anni neanche compiuti) e che per questo si attirava le invidie e le maldicenze altrui (le ""cape"" del gruppo di bullette che mi avevano preso di mira mettevano spesso in giro notizie false su di me proprio per questo motivo). A volte da adolescente la gente mi si rivolgeva in modo da compatirmi solo perché non mi piaceva uscire con le comitive dei giovani del posto e perché preferivo quindi rimanere da sola. Molti fastidi sono venuti anche da una parte della mia famiglia che era imbarazzata dalle notizie false che giravano sui miei confronti e volevano costringermi ad andare con persone con cui non avevo assolutamente in comune e non avevano rispetto per me.
Sempre gli stessi familiari che due anni fa hanno attuato una vera e propria violenza psicologica nei miei confronti solo per il fatto che volevo andare a studiare all'università di un'altra città più grande (inizialmente perché il mio corso non esisteva, poi anche per scappare da questo clima ottocentesco a dirla tutta). Qui anche se non mi mancano altre difficoltà sto molto meglio e per certi versi mi sento più tranquilla, senza più la paura di esprimere pienamente me stessa. Purtroppo soffro di ansia dovuta a questo vero e proprio bullismo subito sin dall'infanzia, però voglio lavorarci e non darla vinta a questa feccia.
Tieni duro! 🤞🏻💪🏻",Uninterruptedindigo,2023-11-27T15:26:07,1,Italia,https://reddit.com/r/Italia/comments/18503ly/ma_i_paesini_sono_tutti_così_pieni_di_ignoranza_e/kazeyag/
1850ek3,,kaz0yth,"A parte il cattivo gusto di dare visibilità a un giornale come questo condividendone un link, il solo argomento interessante di questo articolo è l'insensatezza del fatto che chi non abbia già una residenza non possa chiedere una casa popolare. Forse una casa popolare serve prima di tutto a chi una casa dove vivere non ce l'ha. Ma in realtà anche questo problema può essere ovviato registrando la residenza preso qualche istituto di tutela dei senza dimora. E da qui, o il giornale dice cose a caso giusto per crear notizie dove non ce ne sono (sono più favorevole a questa opzione) oppure che i 30'000 euro siano finalmente utili a questa persona per chiedere una casa popolare forse non è poi così vero. Tanto più che viene precisato che tale persona si è rifatta il codice fiscale solo per ritirare i soldi, quindi le questioni fiscali non è che fossero una reale priorità come lo sarebbero per chi davvero vuole partecipare ad un bando pubblico.",Istintivo,2023-11-27T13:42:09,4,Italia,https://reddit.com/r/Italia/comments/1850ek3/senzatetto_vince_al_superenalotto_ora_posso_avere/kaz0yth/
185119t,,kayq327,"Mah, Pisa tolta porta a Lucca è sempre stata abbastanza degradata. 
Il centro ormai è da decenni abbandonato dai pisani, per loro profitto, migrando nei paesi intorno perciò chi rimane lì fondamentalmente è perché non può andare altrove. 
La percezione di peggioramento secondo me è data anche dalla aumentata diffusione di notizie degradanti per mezzo dei social network e Internet, ma se facciamo questa analisi su ogni singola città vi sarà un risultato simile.",Key-Welder1262,2023-11-27T11:58:50,7,Italia,https://reddit.com/r/Italia/comments/185119t/pisa_città_pericolosa/kayq327/
183oj64,,kaybt3v,"La vita non è sacra: la persona lo è. Lo spiego con un esempio:
Guardando il telegiornale ci si può imbattere molto spesso in notizie di cronaca nera (tipo: persona sul GRA si schianta con l'auto e muore); quando apprendi il fatto ti può certo dispiacere, ma quasi sicuramente non è un evento che ti segna nel profondo quanto, ad esempio, la morte di un parente o un amico.
E voi che ne pensate di questo pensiero? Io credo sia applicabile grossomodo in ogni caso, e voi?",francino_meow,2023-11-27T08:50:47,1,Italia,https://reddit.com/r/Italia/comments/183oj64/qual_è_la_tua_opinione_più_impopolare_su_un/kaybt3v/
18455g1,,kax2g2e,Le buone notizie non finiscono mai. Ci aspettano anni di bambagia…,Arteyp,2023-11-27T01:40:57,1,Italia,https://reddit.com/r/Italia/comments/18455g1/il_lavoro_non_basta_più_il_23_che_va_alla_caritas/kax2g2e/
184fe3m,,kavm1ix,"Ho pensato la stessa cosa XD 

Se ci arrivano notizie di fatti simili, abbiamo già un sospettato...",MadCatofKamurocho,2023-11-26T20:07:38,7,Italia,https://reddit.com/r/Italia/comments/184fe3m/cosa_trovate_attraente_in_un_ragazzouomo_e_cosa/kavm1ix/
1847a38,,kavie2c,"Il problema non è tanto il giornale, quanto il fatto che è la gente che per la maggior parte vuole leggere le notizie ""negative""...",kingzanella,2023-11-26T19:45:29,1,Italia,https://reddit.com/r/Italia/comments/1847a38/aprite_il_sito_di_repubblicait_e_trovatemi_una/kavie2c/
184gp04,,kavd6xv,"ho un aneddoto da raccontare: ho ""lavorato"" (gratis) per un giornaletto online che trattava serie tv, film e soprattutto videogiochi.. il mio compito era cercare sui siti stranieri notizie dell'ultim'ora e praticamente tradurre e trascrivere a parole proprie l'articolo per non farlo identico.. siccome io non avevo un cazzo da fare quel periodo e la cosa di scrivere articoli mi stava intrippando, ho cominciato ad andare sui siti delle software house, leggere le patch notes, i commenti degli utenti e quindi approfondire e dare opinioni sul lavoro degli sviluppatori. Ovviamente questo portava via molto più tempo e invece che fare 10 articoli al giorno come volevano loro ne facevo 2-3 che comunque al team (giovane) piacevano ed erano i più cliccati (quindi piacevano anche agli utenti). La cosa è finita che dopo la terza-quarta volta che mi hanno ripreso per il fatto che pubblicassi pochi articoli, li ho mandati a cagare (in senso buono, non ho sbroccato). Tutto questo per dire che alle testate non interessano gli approfondimenti o la qualità ma la quantità, ed io ne ho avuto la prova diretta sulla mia pelle.. peccato, è stata una bella esperienza ma certe dinamiche non le accetto e mai le accetterò",manu92x,2023-11-26T19:14:12,8,Italia,https://reddit.com/r/Italia/comments/184gp04/covid_e_polveri_sottili_ovvero_come_il_problema/kavd6xv/
184gp04,,kav74f4,"IMO la colpa non è dei giornalisti, ed è sbagliato fare questo collegamento. Il problema è nel sistema, che non contempla la verifica dell'informazione, ma si basa sullo sparare fuori notizie a velocità incompatibile con l'approfondimento.

E questo è particolarmente problematico con notizie ""complicate"" su argomenti che vanno compresi, come i risultati di studi scientifici (che peraltro non sono esenti da cialtroneria, ma qui divaghiamo)",sputnki,2023-11-26T18:37:40,3,Italia,https://reddit.com/r/Italia/comments/184gp04/covid_e_polveri_sottili_ovvero_come_il_problema/kav74f4/
1847a38,,kav5rql,Repubblica é a prescindere contro il governo in carica quindi non ne troverai mai per ora di notizie positive 😂,Persita23,2023-11-26T18:29:34,1,Italia,https://reddit.com/r/Italia/comments/1847a38/aprite_il_sito_di_repubblicait_e_trovatemi_una/kav5rql/
1848paq,,katy0dv,"Che bello, da quando ho disinstallato instagram tutte queste ""notizie"" utili le sto evitando, ringrazio reddit per farmi ricordare ogni giorno dove abito",fckchangeusername,2023-11-26T13:28:16,1,Italia,https://reddit.com/r/Italia/comments/1848paq/chiara_ferragni_corteo_femminista_a_milano/katy0dv/
1847a38,,kattbeb,"Ci sono mai state buone notizie, negli ultimi 20 anni?


Intendo per un impiegato italiano maschio etero.",ABrandNewCarl,2023-11-26T12:41:09,1,Italia,https://reddit.com/r/Italia/comments/1847a38/aprite_il_sito_di_repubblicait_e_trovatemi_una/kattbeb/
183htap,,katsqr7,"Non vuol dire niente. I dati non basta evidenziarli, serve anche saperli interpretare. I media coprono di più le cause SOCIALI che le cause naturali. Sulle prime si può intervenire culturalmente, sulle seconde no.
Non serve fare i complottisti della domenica ogni volta.
Detto questo è vero che i media influenzano le persone, in questo caso a furia di essere bombardati di notizie negative e che incutono timore la gente prima o poi ne risente e tende a generalizzare.",piselloduro,2023-11-26T12:34:52,1,Italia,https://reddit.com/r/Italia/comments/183htap/la_narrazione_non_è_la_realtà/katsqr7/
18455g1,,katrvqp,"Tra l'altro, per parlare un po' degli enormi privilegi maschili, [la Caritas sostiene che il 46% dei nuovi poveri sia un padre separato](https://www.ansa.it/piemonte/notizie/2022/05/04/padri-separati-nuovi-poveri-equilibristi-prova-ad-aiutarli_2ed398c1-32d1-4900-8e19-4ac2bbb5493e.html).

Però capisco che in un'Italia in cui si parla sempre e soltanto dei problemi maschili forse è chiedere troppo che venga data rilevanza a queste notizie.",Overall-Ambassador68,2023-11-26T12:25:06,33,Italia,https://reddit.com/r/Italia/comments/18455g1/il_lavoro_non_basta_più_il_23_che_va_alla_caritas/katrvqp/
183f9lv,,katneqc,"Guarda che omicidi e stupri sono solo l'estremo negativo dei problemi che ti ho esposto. Separare le due cose è assurdo. E' dallo scarso rispetto delle donne che nascono i fatti di cronaca e se non si ferma l'origine, non si fermeranno o diminuiranno MAI le notizie di morti e violenze sessuali.",Liar0s,2023-11-26T11:29:28,1,Italia,https://reddit.com/r/Italia/comments/183f9lv/ho_provato_gli_effetti_del_terrorismo_dei_media/katneqc/
1847a38,,katltma,">Repubblica

>Notizie

Pick one, my friend",leenobunphy,2023-11-26T11:08:12,22,Italia,https://reddit.com/r/Italia/comments/1847a38/aprite_il_sito_di_repubblicait_e_trovatemi_una/katltma/
183htap,,katib5t,"Dove comunque per ""gente"" intendo quelli dotati di un minimo di spirito critico, altrimenti avrei usato le parole ""volgo"" o ""popolino"" (che sono il target di queste notizie).",Nigel_Bligh_Burns,2023-11-26T10:21:00,1,Italia,https://reddit.com/r/Italia/comments/183htap/la_narrazione_non_è_la_realtà/katib5t/
1847a38,,kath6kb,Perché pensi ci debbano essere notizie positive?,borsadilatta,2023-11-26T10:05:35,3,Italia,https://reddit.com/r/Italia/comments/1847a38/aprite_il_sito_di_repubblicait_e_trovatemi_una/kath6kb/
1847a38,,katgm9l,Perché devo aprire un mega volantino con delle pseudo notizie all’interno.,fantasmeeno,2023-11-26T09:57:57,36,Italia,https://reddit.com/r/Italia/comments/1847a38/aprite_il_sito_di_repubblicait_e_trovatemi_una/katgm9l/
183htap,,katds3k,"Ma quindi signor OP secondo lei in media in che modo dovrebbero coprire tutte queste casistiche? Fare un bollettino morti ogni giorno? Ricordi quanto in fretta ha stancato quando si faceva con le morti del COVID? I giornalisti pubblicano ""notizie"" non ""fatti"", per questi ultimi c'è l'ISTAT.",DeepDown23,2023-11-26T09:19:06,1,Italia,https://reddit.com/r/Italia/comments/183htap/la_narrazione_non_è_la_realtà/katds3k/
183htap,,kas11k4,"Se tutte le fonte di informazioni mentono, ndo cazzo dobbiamo trovarle le notizie?? Dalla parrucchiera del paesino ?",blueberrysir,2023-11-26T01:32:23,1,Italia,https://reddit.com/r/Italia/comments/183htap/la_narrazione_non_è_la_realtà/kas11k4/
183t52y,,kar24lu,"Se è qualcosa dovuto alla pressione oculare da sforzo beh, allora dovrò ridimensionare l'allenamento. Grazie per l'esperienza, ho già la visita prenotata e non sto attualmente più allenandomi. Gli occhi sono più sensibili di quanto immaginassi, e purtroppo solo con questo caso, mi sono reso conto di quanto la salute oculare non sia scontata. Appena avrò notizie, dal dottore riscriverò!",W17CH3_R,2023-11-25T21:43:28,1,Italia,https://reddit.com/r/Italia/comments/183t52y/qualche_suggerimento/kar24lu/
183htap,,kaqhdiv,"Non è proprio giusto metter in relazione le due fonti. Se ho capito bene uno son i dati di morti, ok. Però l altro sono le notizie del telegiornale. Non mi aspetto che il telegiornale ogni giorno dica. Oggi son morte 10 persone per cancro o per malattie di cuore. Lo facevano durante Covid. A mio parere i due dati non son comparabili, e come confrontale mele e pere",Confident_Holder,2023-11-25T19:36:37,2,Italia,https://reddit.com/r/Italia/comments/183htap/la_narrazione_non_è_la_realtà/kaqhdiv/
183oj64,,kaq8gny,"Ogni Ottobre Novembre, in concomitanza con le leggi finanziarie, il governo di turno per coprire notizie scomode e preoccupanti alzando un polverone con il solito ""argomento divisivo"".  
Non fa eccezione il 2023. Risultati attualmente catastrofici, cosa succede? ;)",klem_von_metternich,2023-11-25T18:40:44,12,Italia,https://reddit.com/r/Italia/comments/183oj64/qual_è_la_tua_opinione_più_impopolare_su_un/kaq8gny/
183htap,,kapsoo9,Stimolare l’amigdala a chi legge/guarda le notizie li fa tenere incollati allo schermo,geebeem92,2023-11-25T17:00:23,5,Italia,https://reddit.com/r/Italia/comments/183htap/la_narrazione_non_è_la_realtà/kapsoo9/
183htap,,kapr1rd,"Ma quale ""narrativa"", cercano di fare soldi e basta. Infatti ci sono notizie sensazionali di sinistra come di destra (tipo gli immigrati), quelle da vecchi (tipo le baby gang), quelle per i complottisti (tipo il giornale che ha scritto tutto e e quelli per chi è non è antivax.

Non è che c'è un piano malvagio per far passare il gender eh. C'è solo i 4 soldi che ancora riescono a prendere.",Indiana_il_Cane,2023-11-25T16:49:43,7,Italia,https://reddit.com/r/Italia/comments/183htap/la_narrazione_non_è_la_realtà/kapr1rd/
183htap,,kapggr5,Guarda che le notizie si danno in base a quello che interessa alla gente ahahahahah sveglia siamo nel 2023,palace8888,2023-11-25T15:37:44,-3,Italia,https://reddit.com/r/Italia/comments/183htap/la_narrazione_non_è_la_realtà/kapggr5/
183htap,,kapadx9,"però ecco per trovare un senso a questo post e una sorta di morale: nel nostro paese sarebbe meglio che il servizio pubblico si occupasse di temi più rilevanti per i cittadini come l'alimentazione, l'abuso di quello e quell'altro, la sicurezza stradale etc. mentre in realtà cercano l'engagement del pubblico e i programmi che coprono il palinsesto sono 40% cagate frivole, 40% trattazione morboso dell'ultimo caso di cronaca nera, 15% altre notizie, 5% utili informazioni ai telespettatori. toh mettiamola così",Neuromante98,2023-11-25T14:53:23,28,Italia,https://reddit.com/r/Italia/comments/183htap/la_narrazione_non_è_la_realtà/kapadx9/
183htap,,kap4fmq,"Si parla di alcuni più di altri proprio perché al telegiornale dicono “notizie”. Che il signor Giorgio di 90 anni sia morto di attacco di cuore è triste, si, ma non è una notizia. Il fatto che di terrorismo ne muoiano così poche persone rende ogni morte per terrorismo un’anomalia, una notizia- che viene riportata dai telegiornali proprio perché così rara e spesso perché cambia il clima nel paese in cui è successo più che un attacco di cuore o morte per cause naturali possa.





Poi non so voi ma al tg che guardo io non chiudono la bocca sugli incidenti stradali",Maki_san,2023-11-25T14:06:19,6,Italia,https://reddit.com/r/Italia/comments/183htap/la_narrazione_non_è_la_realtà/kap4fmq/
183htap,,kap3xnc,Se dovessimo dare le notizie in base a “quanto interessa alla gente” esisterebbe solo la gazzetta dello sport,KingofBotswana,2023-11-25T14:02:04,12,Italia,https://reddit.com/r/Italia/comments/183htap/la_narrazione_non_è_la_realtà/kap3xnc/
183htap,,kaoxyig,"Certo che la narrazione non è la realtà. E c'è un problema di fondo che riguarda la mancanza di istruzione sufficiente a comprendere le sfumature linguistiche o comunicative con cui i media pongono dei bias sulle notizie. 

Al contempo, strumentalizzare dati per dare un giudizio, come fa OP, é fuorviante e manipolatorio.",Clone11038,2023-11-25T13:09:34,16,Italia,https://reddit.com/r/Italia/comments/183htap/la_narrazione_non_è_la_realtà/kaoxyig/
183htap,,kaowkah,"Ma cazzo c’entra l’humus culturale del paese? Pensi in altri pesi fanno più servizi sugli infarti che sul terrorismo?

Il tg racconta le notizie, un attentato è una notizia. Un infarto no.",KingofBotswana,2023-11-25T12:55:49,13,Italia,https://reddit.com/r/Italia/comments/183htap/la_narrazione_non_è_la_realtà/kaowkah/
183htap,,kaov7zs,"No, i media riportano solo notizie utili per la loro narrativa, in quanto schierati ed in mano a ricchi imprenditori. Ergo lo scopo non è informare, ma manipolare.",AlphaArtax,2023-11-25T12:41:32,10,Italia,https://reddit.com/r/Italia/comments/183htap/la_narrazione_non_è_la_realtà/kaov7zs/
183htap,,kaou3s9,"Il discorso è profondamente fallato logicamente.

Non c'è nessuna ragione sensata per cui i media dovrebbero coprire le morti secondo la loro distribuzione, anzi ce ne sono molte per cui NON dovrebbero farlo.

Poi ovviamente non dico che i media siano virtuosi, la ragione per cui si muovono è ovviamente lo share e l'attrattività che certe notizie hanno e sappiamo benissimo che le notizie di disastri e tragedie sono molto più attraenti per gli spettatori.",Gianni_R,2023-11-25T12:29:00,5,Italia,https://reddit.com/r/Italia/comments/183htap/la_narrazione_non_è_la_realtà/kaou3s9/
183ahzb,,kaophea,"A parte reddit (che uso per mmmm ricerche di mercato eh eh sì) ho chiuso tutti i social e telegram.

Le notizie le leggo da solo e mi faccio la mia idea.",Nigel_Bligh_Burns,2023-11-25T11:34:54,5,Italia,https://reddit.com/r/Italia/comments/183ahzb/la_dissonanza_cognitiva_a_cui_stiamo_assistendo/kaophea/
183ezg0,,kaom6aq,"Dovresti essere tu il primo a riflettere su alcuni punti:

1. la potenza assoluta dei media nel creare panico mediante opportuni dosaggi di ""notizie"" (ingigantendo questa, sminuendo quella, ignorando quell'altra)

2. il segreto di pulcinella quanto alle guerre batteriologiche (e i numerosissimi biolaboratori di ricerca, coltura, spedizione di campioni... gli americani nel 2022 ammisero di avere in Ucraina ""solo 45 biolab, giurin giurello, solo 45, non come dicono i russi!""

3. la crescente disponibilità della gente (specialmente a partire dagli eventi del 2020) ad accettare drastiche limitazioni della libertà, economiche, ecc., di fronte ad una minaccia _percepita_

4. il crescente mercato dei vaccini (se i media parlano tanto di un ""Nuovo Virus"" e di un conseguente ""Nuovo Vaccino"", bisognerà che lo Stato compri milioni e stramilioni di dosi per accontentare la gente!)

p.s.: i due misteriosi cinesi ricoverati a Roma nel gennaio del 2020 rimasero allo Spallanzani per 79 giorni. Un record mondiale per un'influenza. Inoltre c'è da chiedersi come sia stata rilevata la loro positività al cosiddetto Covid se il tampone fallisce nel riconoscere la presenza di un agente patogeno di cui ancora si attende la prova dell'isolamento secondo i postulati di Koch. Per capire cos'è accaduto bisognerebbe vedere cosa c'è scritto sulle cartelle mediche dei due cinesi ma la magistratura si guarda bene dal farlo...",erplioservais,2023-11-25T10:53:12,1,Italia,https://reddit.com/r/Italia/comments/183ezg0/cosa_pensate_del_nuovo_virus_che_sembrerebbe/kaom6aq/
183f9lv,,kaoilmw,"Sono d'accordo che i media distorcano un po' le notizie, infatti purtroppo bisognerebbe preoccuparsi più dei propri partner e conoscenti che degli sconosciuti, ma, cosa più importante, le storie a catena sulle molestie le ragazze non le trovano sui social, le vivono ogni giorno sulla propria pelle. È incredibile come questo fenomeno sia completamente invisibile per chi non lo subisce. Tutte le ragazze che conosco, e dico tutte, hanno un episodio, più o meno grave, da raccontare. Prima di lamentarti dell'effetto che questo ha per te , pensa quanto impatta sulla vita di chi queste violenze le subisce.",chirping_duck,2023-11-25T10:06:56,33,Italia,https://reddit.com/r/Italia/comments/183f9lv/ho_provato_gli_effetti_del_terrorismo_dei_media/kaoilmw/
182nzol,,kaobb1f,"E comunque, prova a filtrare per le ultime 24 ore, ci sono 3 notizie. Zero approfondimenti, zero reazioni da parte di qualsiasi ente, zero.",Pino082,2023-11-25T08:31:27,1,Italia,https://reddit.com/r/Italia/comments/182nzol/alberto_scagni_torturato_in_carcere_lindifferenza/kaobb1f/
182oipa,,kalbs6f,"Bho quello sarai tu, ci sono più denunce perché le notizie hanno svegliato il campanello dall'allarme nelle donne, che non stanno più lasciando correre ma stanno denunciando.",multiverse_succ,2023-11-24T18:08:38,1,Italia,https://reddit.com/r/Italia/comments/182oipa/accoltellata_dal_marito_per_aver_difeso_la/kalbs6f/
182oipa,,kal53wj,"Questo è il colmo, adesso è colpa delle notizie che questo uomo ha ucciso sua moglie, ma tu stai fuori, sisi certo, un violento che l'ha picchiata in passato, se non ci fossero state queste notizie avrebbero vissuto felici e contenti, io veramente non ho parole...",multiverse_succ,2023-11-24T17:23:57,1,Italia,https://reddit.com/r/Italia/comments/182oipa/accoltellata_dal_marito_per_aver_difeso_la/kal53wj/
182ntww,,kaka12d,"Amico, ma stai leggendo le notizie degli ultimi giorni? su che pianeta vivi? quanti stupri di gruppo fatti da ragazzi italiani, quante donne violentate e maltrattate giornalmente dai propri partner ed ex partner, quante ragazze sfregiate da acidi, bruciate vive, investiste?

Ancora che gridiamo all'immigrato... 

 ""sono già fuori liberi di vendere altra droga e molestare altre ragazze"" e intanto criminali con stupri alle spalle evadono dai domiciliari e cercano di terminare il loro operato.

Leggendo dal tuo profilo vedo che sei un redditor da 8 anni, quindi posso dedurre che te ne abbia almeno una 20ina eppure è strano... da quello che scrivi e come lo scrivi te ne avrei dati 3, carina questa cosa della distinzione tra età fisica ed età mentale vero?!",spam-attendibile,2023-11-24T13:31:59,-8,Italia,https://reddit.com/r/Italia/comments/182ntww/ho_visto_il_segno_con_le_quattro_dita_così_ha/kaka12d/
182oipa,,kak6gd9,"dire cultura patriarcale significa fare di tutta l'erba un fascio.
Purtroppo esistono elementi del genere, ma sono una minoranza, non a caso siamo tra i paesi europei col minor numero di femminicidi. Smettetela di strumentalizzare le notizie così",Nils_c,2023-11-24T12:57:30,4,Italia,https://reddit.com/r/Italia/comments/182oipa/accoltellata_dal_marito_per_aver_difeso_la/kak6gd9/
182oipa,,kak5rj9,"Allora visto che abbiamo appurato che non è una guerra tra sessi, noterai anche tu che quando si parla di suicidi, vittime di violenza domestica al maschile lo si fa soprattutto in contesti dove si parla di femminicidi e comunque vittime al femminile. Io personalmente, quando ci sono notizie che sensibilizzano queste notizie (al maschile) vedo sempre commenti solidali da ambo i sessi (me compresa). Ma la cosa che volevo sottolineare è di come nella vita di tutti i giorni chi minimizza e reprime la sofferenza al maschile, che prende in giro e fa come nulla fosse sono sempre le persone che alimentano sempre la stessa ideologia che cerchiamo di individuare e combattere, perché è fitta, vecchia di millenni e profondamente malsana. Perciò l'ideologia che vuoi combattere è proprio la stessa che combattiamo noi. 
Cerchiamo di costruire delle belle discussioni scevre dall'odio ma solo di aiuto, di ascolto e di comprensione",Nashirazi,2023-11-24T12:50:21,4,Italia,https://reddit.com/r/Italia/comments/182oipa/accoltellata_dal_marito_per_aver_difeso_la/kak5rj9/
182lm1b,,kak4w1u,"Non solo tu, in quanto uomo, sei parte del problema; anche io, in quanto donna, se vedo atteggiamenti molesti o battutine del tipo ""cagna"" o simili, devo intervenire. Elena Cecchettin è stata molto criticata, ma ha espressamente detto: ""È responsabilità degli uomini in questa società patriarcale, dato il loro privilegio e il loro potere, educare e richiamare amici e colleghi non appena sentano il minimo accenno di violenza sessista."" Per questo si parla di omertà, perché bisogna intervenire o denunciare affinché questi atteggiamenti non vengano socialmente accettati.

Potrai essere d'accordo o meno sul fatto che solo gli uomini debbano intervenire, ma queste affermazioni le ha fatte perché prima dell'omicidio Filippo Turetta controllava il telefono di Giulia. Se ascolti i messaggi vocali che inviava alle sue amiche, si vede quanto minacciasse di togliersi la vita ogni volta. Giulia stessa diceva nell'audio che le sue parole suonassero come un ricatto per tornare insieme. Si capisce che non solo questa situazione la stava esasperando, ma anche che non ha mai voluto accettare e rispettare la decisione di non volersi più vedere con lui. Lei si era confidata alla nonna dicendo: ""Era geloso, non mi lasciava vivere."" Era possessivo, e quando Giulia gli ha detto di non volerlo incontrare, lui è andato lo stesso.

Probabilmente tu non ti senti preso in causa o pensi ""anche le donne"" bene, impariamo da queste notizie che se vediamo atteggiamenti indipendentemente dal sesso che non vanno bene, anche da parte di una donna, per esempio possessiva o che picchia, è importante imparare a parlare e denunciare anche in questi casi. Anche le scenate di gelosia non vanno bene, manca un'educazione di base, imparare cosa sia la fiducia verso il partner, rispettare i suoi confini e non essere possessivi o invasivi.

Mi sembra veramente strano che ancora ci sia gente che afferma ""ma quale cultura dello stupro, non siamo nel 1800"" quando io personalmente, appena un mese fa, stavo preparandomi per l'esame della patente e davanti a me e alla mia istruttrice c'era un uomo che stava strattonando una donna. Non ti è mai capitato in discoteca o in luoghi affollati che a una tua amica venissero fatti commenti inopportuni? Alla mia amica l'istruttore di guida ha letteralmente chiesto se fa le orge o ""le donne sono brave a tenerlo"" per cambiare le marce. Tu non credi che ci sia una cultura dietro sbagliata? E di tutto il discorso che hai fatto hai parlato solo della parte estremista del femminismo.",Hopeful_Actuary_9844,2023-11-24T12:41:11,1,Italia,https://reddit.com/r/Italia/comments/182lm1b/non_sono_un_femminista/kak4w1u/
182oipa,,kak3gsq,"Non è una guerra tra sessi, e non è neanche una guerra a chi è più vittima, a quali numeri siano più alti e quali no. Non ci dimentichiamo che tutti questi numeri sono persone, il genere importa poco. 
Se vedi tutte queste notizie inerenti alla violenza sulle donne e perché se ne parla di più è perché c'è un problema enorme che ha delle radici ben impiantate dentro di noi che è importante riconoscere e cercare di cambiare. L'ideologia del patriarcato non è solo dentro gli uomini ma anche nella mente delle donne e ci rende tutti delle vittime chi più chi meno proprio perché questa ideologia è nociva, violenta e distruttiva. Non sentirti attaccato o zittito, anzi parla, dici la tua, sei stato vittima e quindi sai come ci si sente di fronte queste ingiustizie, ripeto non è una guerra tra sessi ma contro questa ideologia che promuove e giustifica la violenza.",Nashirazi,2023-11-24T12:25:35,1,Italia,https://reddit.com/r/Italia/comments/182oipa/accoltellata_dal_marito_per_aver_difeso_la/kak3gsq/
18278f2,,kak1c8a,"Certo ma nel 2023 i numeri del contrabbando sono crollati. È davvero un problema minore. 

Ricordo da ragazzino negli anni novanta era pieno di bar che vendevano sigarette di contrabbando, vivo al confine con la Svizzera e qua lo ""spallone"" era una figura mitologica nella tradizione folkloristica. Però ora sinceramente lo vedo molto molto meno, non mi viene in mente un singolo posto dove le posso trovare. Anche sul settimanale della FIT, che hanno ovviamente una politica di zero tolleranza per queste cose, ormai leggi solo notizie di furti e pochissime all'anno di tabaccai beccati a vendere sigarette di contrabbando.",rebaf1986,2023-11-24T12:00:52,1,Italia,https://reddit.com/r/Italia/comments/18278f2/ma_come_fanno_i_tabaccai_nella_mia_città_a_girare/kak1c8a/
182o01o,,kajrdc5,"Perché sono al soldo della lobby degli automobilisti...  
Un po' come quando nelle notizie si parla di ""Montecitorio"": lo fanno di proposito per spostare l'attenzione dai politici!!  


/s  


[https://it.wikipedia.org/wiki/Metonimia](https://it.wikipedia.org/wiki/Metonimia)",Sir_Crown,2023-11-24T09:45:41,4,Italia,https://reddit.com/r/Italia/comments/182o01o/la_timidezza_dei_giornalisti_nel_descrivere_le/kajrdc5/
1815otv,,kahxx87,"il femminismo esiste solo perchè il ""patriarcato"" lo permette, e non esiste ovunque il patriarcato non lo permette. siamo in un paese decisamente civilizzato e superiore alla maggior parte del resto del mondo, magari non siamo i primi in tutto ma ci sta. ci sta preoccuparsi di sopravvivere in un ambiente in cui le uniche notizie che fanno scalpore sono omicidi passionali e sembra che siano ovunque e costanti, ma in realtà quest'anno sono morte 112 persone cadendo dalle scale contro i 105 omicidi. la questione va rivalutata profondamente e con senno, quello che sta accadendo è una tremenda divisione tra uomini e donne, che non ha alcun fine costruttivo ma solo di rendere imbarazzanti i rapporti sociali, isolare i maschi e creare correnti di pensiero assolutamente insensate e circolari, creare dibattiti feroci che in realtà non occorrerebbero mai se non fossero pilotati da tutte queste notizie tragiche dalle quali siamo bombardati ogni volta che guardiamo la tv o apriamo i social. non si può arrivare ad ottenere del bene accusando 30.000.000 di persone solo perchè nati maschi come l'assassino, bisogna collaborare tutti assieme affinchè questi 105 non si ripresentino più.",Dindonsaltenelfoss,2023-11-23T22:59:31,2,Italia,https://reddit.com/r/Italia/comments/1815otv/sulla_questione_di_giulia_e_il_modo_di_affrontare/kahxx87/
181ww7t,,kahrj9t,"Sono sicuro che anche la spagna sia pieno di notizie di rapine, rapimenti, violenze, stupri e omicidi. Semplicemente non è premuroso andare in giro di notte da soli ad approcciare sconosciuti, che sia in Italia o qualunque altra parte del mondo.

Lo puoi fare certo, i centri città sono sempre vivi anche nelle ore tardi, spesso da giovani con gli amici o comunque gente ""a posto"", ma il rischio comunque è maggiore rispetto al giorno, e da soli è (come dicevo nel mio commento) come andare in auto senza cintura.
Normalmente non ne hai ""bisogno"", in quanto la maggior parte degli automobilisti comunque guidano bene e in sicurezza, ma il momento in cui qualche ubriaco ti fa un frontale ad alta velocità, li sono cazzi.

Quindi non mi dire che in spagna si socializza normalmente di notte e che in Italia c'è terrore, perché pure in Italia la brava gente è la normalità e pure in spagna ci sono gli stupratori, bisogna solo stare attenti, essere preparati, e magari non avere sfiga",Jfcerron,2023-11-23T22:10:43,2,Italia,https://reddit.com/r/Italia/comments/181ww7t/ragazza_aggredita_in_piazza_scala_a_milano_si/kahrj9t/
17zzah3,,kah819m,">Ovviamente parlo da maschio

>Adesso capisco che posti come reddit siano una valvola di sfogo per le ragazze appena sentono notizie del genere, ma da lì a fare di tutta l'erba un fascio mi sembra una cazzata.

Boh stai facendo anche te di tutta l'erba un fascio. Tutti i post che hai visto riguardo sta cosa sono fatti dai soliti dieci profili di estrema sinistra che continuano a pubblicare la stessa roba.
Sinceramente mi fa schifo tutto ciò che riguarda questo caso, ciò che è successo, il modo in cui sta venendo strumentalizzato e il fatto che la morte di una ragazza stia diventando una scusa per fare la guerra ai ragazzi o alle ragazze.
Ma svegliatevi Diosanto, mettetevi nei panni suoi o della sua famiglia e piuttosto siate dispiaciuti, è una tragedia.
L'unica cosa da fare è stare più attenti se qualche conoscente si trova in una situazione del genere, ma questa situazione sta diventando un circo online. Giornalisti e gente che per noia o soldi si mette a fare casino su una cosa del genere, boh",your-last_braincell,2023-11-23T19:50:07,1,Italia,https://reddit.com/r/Italia/comments/17zzah3/uomini_non_vi_siete_rotti_le_palle_di_tutti_i/kah819m/
181ww7t,,kafl387,"Bruh se la pensi così allora prima di leggere le notizie di cronaca nera aspetta che arrivino in tribunale, o hai bisogno di prove fotografiche come quei bravi ragazzi di Palermo  ?",truthfulbehemoth,2023-11-23T12:48:19,10,Italia,https://reddit.com/r/Italia/comments/181ww7t/ragazza_aggredita_in_piazza_scala_a_milano_si/kafl387/
181vzwg,,kafffd7,"L'unica strada che puoi provare ad effettuare è andare su questo sito: [https://www.att.com/deviceunlock/unlockstep1](https://www.att.com/deviceunlock/unlockstep1)

ma dubito fortemente che funzionerà. Leggo su altri commenti che ti interessa chiamare su rete Fastweb e usare iMessage, ma ho brutte notizie per te: iMessage non si può installare su iPhone 3G perché il sistema operativo non lo supporta. Così come il 99% delle applicazioni come Whatsapp etc, semplicemente il telefono è troppo vecchio e le app non sono più utilizzabili (hanno smesso di produrlo nel 2010, le app non sono supportate da quasi nessun telefono pre 2013)

Leggo anche che vuoi eventualmente sostituire la scheda madre: questo potrebbe potenzialmente funzionare, per 20-30 euro forse riesci anche a trovarla, ma sei in grado di smontare un iPhone 3G, sostituire la scheda madre e rimontarlo senza fare danni?

Dai retta a me, mettili in vendita su ebay come parti di ricambio, specificando che i telefoni funzionano ma sono bloccati e accettano solo sim AT&T, forse fai abbastanza soldi per comprarti un Brondi Amico che costa sui 100€ ed è compatibile con le app di messaggistica come whatsapp.",Jolly-Ad-4599,2023-11-23T11:46:26,2,Italia,https://reddit.com/r/Italia/comments/181vzwg/iphone_3g3gs/kafffd7/
181hyvo,,kaeritk,Le belle notizie di prima mattina,redmiki,2023-11-23T06:45:14,1,Italia,https://reddit.com/r/Italia/comments/181hyvo/ocse_buste_paga_in_aumento_ovunque_nel_secondo/kaeritk/
181k3ex,,kad46il,"quoto, penso di avere il problema che hai descritto.  


Se uno ha dipendenze da internet/social, tutto sembra noioso. Non ci si gode praticamente nulla.  


Il probelma e' il detox, non facile. Personalmente sono un ing elettronico/informatico, mi piace lavorare e sto sempre al computer.  


Questo porta ad avere a portata di mano siti di notizie e social.  


I vari blocker non funzionano, riesco sempre ad aggirarli.  


Il detox digitale non fa mai male, se ne dovrebbe parlare di piu'.",qoeletX,2023-11-22T22:45:42,1,Italia,https://reddit.com/r/Italia/comments/181k3ex/sentirsi_un_fallito/kad46il/
181dbsc,,kacf6ua,"Post troll, ma provo a prenderti sul serio.

> **È un covo di incel** 

Partiamo già bene...

> è quanto qualcuno possa sentirsi infastidito quando legge il termine ""Incel"" associato a questa 

Di fatto è un insulto ed essere insultati può dare fastidio.

>mi farà piacere vedere criticate argomentando se mi aiuteranno ad approfondire certi temi

Falso e lo sai bene. Hai già preso posizioni forti basate sul nulla, insultando tutti e chiunque non la pensi come te. Non risponderai mai a chi ti scrive argomentando perchè non ne sei in grado e lo sai.

> Non ci vedete un pattern? Vi sembra una situazione normale? Se sì, probabilmente fate parte del problema. 

Non siamo parte di nessun problema. Il gesto di uno non può essere causa di condanna per tutti.  
Ti arroghi il diritto di giudicare dall'alto i post che non ti piacciono ed i commenti che ti fanno bruciare il sedere, nonostante non ci siano insulti e siano ben argomentati, perchè non sei in grado di discuterli, non vuoi farlo, vuoi solo giudicare dall'alto del tuo cavallo.

> **Negli ultimi anni il numero di omicidi in Italia si è molto ridotto, mentre è rimasto costante il numero di donne uccise dal partner o dall’ex partner** 

Ottimi dati. Ma da qui a parlare di problema strutturale senza ricercarne le cause ce ne passa e tanto più a dare la colpa ad un genere.  
L'Italia è uno dei paesi dove meno succede ed eliminare completamente un crimine è impossibile, le utopie non esistono.

> Perché non parliamo dell'alta percentuale di suicidi degli uomini e dei lavoratori che non arrivano a fine mese? 

Infatti perchè non se ne parla? Puoi ironizzarci sopra, ma è indubbio che i media abbiano più interesse a fare views e click con certe notizie che non con altre. Inutile far finta che la questione non esista.

> Non dicono che tutti gli uomini sono brutti e cattivi 

Indirettamente l'hai già fatto. Non lo comprendi, ma lo stai già facendo.  
Se provassi a scendere dal tuo cavallo, toglierti dalla testa questa mentalità vittimista e paternalista, lo vedresti.

> E' vero che ogni uomo è un possibile assassino, sì, mi dispiace ma tecnicamente è così. 

Come anche le donne. Spiace dirtelo.

> Ho notato molti tratti in comune tra le opinioni finora discusse e un qualsiasi fenomeno di complottismo. 

Nessun complottismo. E' un fatto che i media e la politica cavalchino molto sta situazione, che sta venendo ripresa da più parti e che questo per forza di cose tolga un po' di spazio ad altre discussioni. Momentaneamente, ma è pur sempre così, d'altronde non si può mica sempre parlare di tutto sempre.

> questo post, come detto inizialmente, è più per me che per voi. Non so spiegare perché mi sia sentito in dovere di farlo, ma ormai l'ho fatto. Arrivederci. 

Sì, scappa pure sbattendo la porta e pretendendo che siano gli altri ad avere torto. Non mettere mai in discussione il tuo pensiero.

Sfogo ipocrita, arrogante ed ignorante.",il-Signor-No,2023-11-22T20:06:19,60,Italia,https://reddit.com/r/Italia/comments/181dbsc/è_un_covo_di_incel/kacf6ua/
181ba6k,,kacf5jg,"Il New York Times ti basta? https://www.nytimes.com/2022/09/26/health/top-surgery-transgender-teenagers.html
Oppure preferisci un intero studio di un’equipe medica? https://www.ncbi.nlm.nih.gov/pmc/articles/PMC9555285/
La chirurgia sui minori trans è stata VIETATA in moltissimi stati proprio perché veniva praticata, broccolo che non sei altro. Cercati le notizie sul Boston Hospital o sulla clinica Vanderbilt.
I casi sono due, o sei un bugiardo o sei troppo stupido per capire quello che dici.",Arteyp,2023-11-22T20:06:05,10,Italia,https://reddit.com/r/Italia/comments/181ba6k/basta_confondere_lidentità_sessuale_dei_bambini_è/kacf5jg/
180zqd3,,kac0g4s,"Per via del contesto sociale in cui è posizionato. Per capire la differenza tra il diverso impatto delle notizie (e del modo in cui i media sfruttano l'antagonismo da loro stesso creato) bisognerebbe avere finito le elementari e possibilmente avere un briciolo di sensibilità, empatia e comprensione dei tempi in cui si vive. Potrei essere meno aggressivo? Si, allo stesso tempo non sono tuo padre e non mi va di fare il suo lavoro al posto suo. Ho visto abbastanza commenti qua dentro da fare venire il vomito a chiunque non sia tanto rattuso da non arrivarci.",BurdPitt,2023-11-22T18:35:09,1,Italia,https://reddit.com/r/Italia/comments/180zqd3/omicidio_mattia_caruso_chiesto_ergastolo_per_la/kac0g4s/
180f4kv,,kabmojn,"Ci conto!

E, ovviamente, spero in BUONE NOTIZIE.",Ercolina,2023-11-22T17:11:31,2,Italia,https://reddit.com/r/Italia/comments/180f4kv/voglio_provare_questo_approccio/kabmojn/
17zkcge,,kab7ixb,"Semplicemente, non mi interesserebbe. Sia in un caso, che in un altro. Il vero problema è che la gente muore; come, è un’altro discorso.
E anche se fosse, non mi pare che delle altre 82 vittime per femminicidio se ne sia parlato. Come dei 43 uomini che sono stati uccisi dalle donne. 
I telegiornali e le notizie in generale, fanno vedere solo dei femminicidi perché c’è bisogno di sensibilizzare su questo argomento. Ma il problema della società, è che non fanno mai vedere l’altro lato della moneta. Non dicono mai le cose come stanno, ma dicono solo quello che li fa guadagnare. E che ti piaccia o meno, questa è la realtà, malgrado le donne vengono maggiormente minacciate, anche gli uomini vengono minacciati (anche se minor mente) dalle donne.",_TheShadowFox_,2023-11-22T15:38:23,1,Italia,https://reddit.com/r/Italia/comments/17zkcge/giulia_cecchettin_non_è_vittima_di_un_femminicidio/kab7ixb/
181bnz9,,kab6l5o,Siamo arrivati al punto di non poter più leggere le notizie quando si è al lavoro perché le pubblicità sono diventate NSFW.,Kernel_Paniq,2023-11-22T15:32:17,11,Italia,https://reddit.com/r/Italia/comments/181bnz9/la_credibilità_di_repubblica/kab6l5o/
18157ra,,kaazu4h,Queste maestre non fanno mente locale sul fatto che i bambini preferiscono giocare coi Gormiti anziché passare la vita sulle notizie tossiche al tg come facciamo noi adulti nevrotici. Povere anime.,Lord_VivecHimself,2023-11-22T14:46:41,1,Italia,https://reddit.com/r/Italia/comments/18157ra/elementari_giulia_e_il_minuto_di_silenzio/kaazu4h/
180mmvw,,kaakuy3,io mi chiedo perché non ci siamo state manifestazioni di questo tipo per notizie di femminicidi tra coppie di extracomunitari. perché ce ne sono state. non è che hanno paura di essere razzisti/e? chiaramente filippo era il carnefice perfetto: bianco di buona famiglia e insospettabile. la manifestazione è lecita e io la apprezzo ma mi chiedo se si voglia esprimere qualche tipo di messaggio 😂,Negus808,2023-11-22T12:48:23,-2,Italia,https://reddit.com/r/Italia/comments/180mmvw/padova_15000_persone_in_memoria_di_giulia/kaakuy3/
180kjfn,,kaahcak,"Guarda, dobbiamo allenarci a cogliere i segnali, perché tanto anche se sembrano perfetti per qualcosa trapela sempre. Uno con il quale sono uscita due volte parlava male di tutti quelli del paesino dove abitiamo, diffondendo anche notizie parecchio calunnianti. Parlava solo della ex che gli aveva rovinato la vita, mettendola in cattiva luce in tutti i modi, facendo la vittima è lamentandosi di continuo. Beh, sono stata onesta e ho detto che non volevo più uscire con lui, senza ghostarlo ne nulla. Ma ho il sospetto che abbia diffuso voci sul mio conto perché la gente che conosciamo in comune ha quasi smesso di salutarmi e mi guarda malissimo, gente che prima mi salutava col sorriso. Sono persone negative e bisogna essere spietate, quando vedi dalla prima uscita come si comportano si deve tagliare senza pietà. Sono i classici sfigati di merda che non si caga nessuno perché imbecilli.",Lieve_meisje,2023-11-22T12:14:28,3,Italia,https://reddit.com/r/Italia/comments/180kjfn/lancia_acido_contro_la_ex_e_la_ustiona_al_volto/kaahcak/
18157ra,,kaagmxk,"Io ho 16 anni e non mi importa più di tanto di questa cosa. Aspettate, prima che riceva la valanga di downvote, lo dico perché per carità, non ci provo mica piacere a sapere che una donna è stata uccisa da quello che credeva una brava persona, però alla fine sarà come tutte le altre notizie: massimo 3 settimane e, a meno che non la riesumino, sarà come non fosse mai esistito",francino_meow,2023-11-22T12:07:08,5,Italia,https://reddit.com/r/Italia/comments/18157ra/elementari_giulia_e_il_minuto_di_silenzio/kaagmxk/
180os3v,,kaa05wd,"Quello che ti è successo è orribile, ma giusto una domanda (non prenderlo come victim blaming ti prego) ma hai denunciato? Non ne hai parlato con genitori / amici?
Per me DEVE esserci un'educazione dei figli che è la cosa più importante di tutte, senza alcun dubbio ma allo stesso modo deve entrare in testa alla gente che deve denunciare subito.
Purtroppo ho paura che tu sia troppo in ritardo per farlo, ma se lo avessi fatto quel criminale ora (forse) sarebbe in galera.

Troppe volte sento dire ""Si sapeva che"" ""tutti sapevano che"" e non ci sono denunce, oppure denunce andate a vuoto, deve cambiare la cultura di tutti e anche delle forze dell'ordine.

Per il resto che hai segnalato sono abbastanza allibito, dalle mie parti non hi sentito robe simili per fortuna tranne per quanto riguarda le battutine sulle donne in cucina, ma di palpate di culi fischi e simili (nella mia compagnia) non sono mai avvenuti.

Però ci sono state tante notizie di pestaggi negli anni precedenti, e per fortuna sono tutti stati denunciati, ma tutti se la sono cavata magari con qualche settimana in strutture o al massimo domiciliari.",ITA_DEX,2023-11-22T08:38:57,1,Italia,https://reddit.com/r/Italia/comments/180os3v/oh_no_lennesimo_post_femminista/kaa05wd/
180tldf,,ka9uk5u,Ma dove cazzo e come le trovate. toccate l'erba. è come incazzarsi per i post alle notizie sui social. Un branco di disagiati/e che urlano.,BurocrateN1917,2023-11-22T07:28:04,-22,Italia,https://reddit.com/r/Italia/comments/180tldf/non_cè_nulla_di_male_ad_istigare_allodio_verso/ka9uk5u/
180os3v,,ka9re5h,"Non ho detto questo, ti inviterei a ragionare sulla questione di come vengono date questo tipo di notizie e la frequenza con cui vengono proposte dai mezzi di comunicazione. Non penso assolutamente che tu (o chiunque abbia una opinione diversa dalla mia) sia pazzo, ma credo che ci sia una manipolazione emotiva molto forte (e facile vista la delicatezza dell'argomento) con una narrazione che si discosta fortemente dai dati reali",Durdududun,2023-11-22T06:50:53,3,Italia,https://reddit.com/r/Italia/comments/180os3v/oh_no_lennesimo_post_femminista/ka9re5h/
180kctl,,ka8ksrb,"Quando si dice che un problema non è importante non si intende che non è una cosa negativa, ma che relativamente a tutti gli altri problemi è secondario, cioè che conviene spendere le proprie risorse a risolvere quelli perché a parità di impegno aiuterebbe più persone.

E no, risolvere più problemi contemporaneamente non è sempre un'opzione, l'interesse delle persone verso i problemi sociali è limitato, quasi quanto la loro attenzione, perciò discutere sul come risolvere un problema porta in maniera più o meno diretta ad ignorarne un altro (il caso più ovvio è quello dei media, che hanno una quantità limitatissima di notizie che possono trasmettere).

Sono abbastanza sicuro che un numero non esiguo di cittadini sia più informato sulla morte della povera Giulia che sull'operato del governo. Sarebbe ideale interessarsi ad entrambi gli argomenti, ma dovendo scegliere sarebbe preferibile il secondo.

Quindi, questo tuo commento:

>Stai anche intendendo, quindi, che il diritto a ma vita tranquilla non è di tutti

È abbastanza fuori luogo. È inteso nel commento a cui rispondi solo se si ignora totalmente il pensiero che c'è dietro, come se qualcuno potesse mai suggerire di ignorare un problema solo per starcene con le mani in mano, e non per risolverne un altro.",EclecticKant,2023-11-22T00:52:57,-2,Italia,https://reddit.com/r/Italia/comments/180kctl/39_femminicidi_non_105/ka8ksrb/
180os3v,,ka8hqsm,È legato ai fatti di cronaca. Anche io leggo poco la cronaca ma per caso girando i canali tv ho sentito parlare di due ex fidanzati scomparsi e mi sono chiesta il perché visto che chi è adulto a volte va a fare giri e vacanze ecc. Poi hanno trovato la ragazza morta e hanno capito che era stato il ragazzo. La sorella della ragazza ha deciso di non tacere e iniziare un movimento per educare le persone al rispetto delle donne ecc. Hanno anche fatto manifestazioni in piazze scuole e università. Per la verità anche prima di queste notizie le facevano ma questa volta forse perché era il caso di una donna e molto giovane (sulla '20ina) allora si sono fatti sentire. Penso sia positivo di fare manifestazioni a riguardo anche perché magari smuovono qualcosa anche nei corsi che fanno nelle scuole e in generale,Amazing-Mycologist-9,2023-11-22T00:31:14,1,Italia,https://reddit.com/r/Italia/comments/180os3v/oh_no_lennesimo_post_femminista/ka8hqsm/
180kctl,,ka7we2t,"Forse op sta parlando in situazioni in cui la donna non vuole essere ridotta a un oggetto sessuale non delle ragazze su instagram che mostrano i culi ma di approcci scomodi, palpate indesiderate o catcalling.
Non mi sembra una semplificazione usata a sproposito.

Forse un esempio irrilevante ma quando ero alle medie erano norma urla o suonate con il clacson o commenti scomodi quando uscivo con le amiche. 
Una mia amica più volte mi ha parlato di approcci indesiderati (per esempio un uomo la teneva per il braccio se non ricordo male).
Per esempio il momento in cui personalmente è stato il più disagiato è quando un uomo mi ha iniziato a toccarmi la gamba e a farmi i complementi in corriera a 15 anni tornando da scuola.
Ne avrei una marea di questi episodi, anche una mia amica a 15 anni le hanno palpato il culo in treno.

Sempre la mia migliore amica lavora in un pub non hai idea di quanti approcci scomodi riceva o insulti come ""puttana"", un'altra lavorava in pizzeria e le hanno fatto commenti sul suo culo, quando è andata a riferire il fatto si è sentita dire che ""l'hanno assunta propria per quello"" infatti poi si è licenziata.

Ricordo un fatto successo alle medie, una mia compagnia di classe veniva costantemente parlpata da un ragazzo e ricordo di quando è scoppiata a piangere in classe e di quanto disagio le provocasse questa situazione.

E molte donne vivono ogni giorno queste situazioni o casi peggiori riportati nelle notizie vedi il caso di Asia Vitale.
Io personalmente provo anche fastidio nel sentire che Elena Cecchettin stia strumentalizzando la situazione per fare politica quando sta denunciando un problema 

Che poi anche qui ""ma anche gli uomini"" nessuno lo ha messo in discussione, ma il problema non è solo se i casi di femminicidio ma una cultura sbagliata.

Ma poi seriamente mi sono stati fatti discorsi sulla donna che non dovrebbe fare la militare, il poliziotto, che devo OBBEDIRE da quando sono nata.
Sicuramente la mia opinione è influenzata da esperieze personali (sarò sfigata io).",Hopeful_Actuary_9844,2023-11-21T22:05:38,2,Italia,https://reddit.com/r/Italia/comments/180kctl/39_femminicidi_non_105/ka7we2t/
180m3j9,,ka7w3bd,">La maggior parte delle donne é stata vittima di abusi fisici, verbali o sessuali da membri del sesso opposto

Questo dato va dimostrato. E non può esserlo perchè è del tutto inverosimile. 

Un altra cosa, questa idea che esista un effetto domino fra uno sguardo di troppo e un femminicidio è supportato da qualcosa? 

La 'slippery slope' non era una fallacia? O va bene quando fa comodo?

&#x200B;

>Paragonare incidenti ad omicidi é scorretto da ogni punto di vista, e mi pare anche ovvio.

Ti parrà ovvio, ma hai torto. È perfettamente lecito paragonare due pericoli per capire quale sia il più probabile.

&#x200B;

>""Ribattere con ""eh ma guarda che i numeri veri sono più bassi"" viene interpretato come ""eh ma cosa vuoi che sia"" quindi minimizzare una realtà che a differenza degli omicidi in generale, con gli anni non é scesa.

Vedi questa è la cosa che più mi fa imbestialire. Tu menti, io ti correggo e alla fine lo stronzo sono io che minimizzo, quando in realtà sei tu che ingigantisci.

I 100 femminicidi sono una balla. È un dato falso. Non sto minimizzando, sto mettendo in evidenza una menzogna e questo è sacrosanto.

&#x200B;

>Allora non sarebbe bene cercare di risolvere i problemi diffusi che causano questi sentimenti di pericolo? Ed al contempo cercare un dialogo per diminuire l'ansiogenicità di certe notizie?

Cioè buttare in carcere i criminali e chiudere i giornali che scrivono cazzate? Si sono perfettamente d'accordo.

&#x200B;

>Vedi che allora il fulcro é il contesto socioculturale e non l'individuo

Mica ho detto che sono d'accordo. Infatti non sono per nulla d'accordo. Per me la responsabilità è tutta individuale. 

E a dirla tutta mi sono egregiamente rotto i coglioni di questa presunzione di sapere io cosa penso a partire dalla forma dei miei genitali, il colore della mia pelle, e il tipo di persona che mi piace scopare.",_Confidence_Is_Key_,2023-11-21T22:03:47,2,Italia,https://reddit.com/r/Italia/comments/180m3j9/reddit_mi_ricorda_perché_il_problema_della/ka7w3bd/
180m3j9,,ka7q8y2,"Il femminicidio é la punta dell'iceberg di un infinità di aggressioni non riportate difronte alla legge.
La maggior parte delle donne é stata vittima di abusi fisici, verbali o sessuali da membri del sesso opposto, quindi il fatto che temano certi contesti é più che ragionevole.

Paragonare incidenti ad omicidi é scorretto da ogni punto di vista, e mi pare anche ovvio.

>No. Correggendo il numero sto mettendo in evidenza che la paura non ha ragione di essere ed è del tutto una fabbricazione dei media. 

Non è ""solo fabbricazione"" ben prima dell'attenzione dei giornali le donne temevano ripercussioni fisiche e/o morte. Quello che intendevo io é che ""Ribattere con ""eh ma guarda che i numeri veri sono più bassi"" viene interpretato come ""eh ma cosa vuoi che sia"" quindi minimizzare una realtà che a differenza degli omicidi in generale, con gli anni non é scesa.

>Se le donne si sentono in pericolo non vuol dire che lo sono effettivamente.

Allora non sarebbe bene cercare di risolvere i problemi diffusi che causano questi sentimenti di pericolo? Ed al contempo cercare un dialogo per diminuire l'ansiogenicità di certe notizie?

>Al contrario è esattamente ciò che si intende. Al massimo si dice che lo siamo senza rendercene conto perchè siamo cresciuti nel patriarcato.

Vedi che allora il fulcro é il contesto socioculturale e non l'individuo",Rotulaman,2023-11-21T21:28:20,1,Italia,https://reddit.com/r/Italia/comments/180m3j9/reddit_mi_ricorda_perché_il_problema_della/ka7q8y2/
180kctl,,ka78a3q,"Sono totalmente d'accordo con te ma aggiungerei una cosa, ora non prendetemi male ma devo discutere di sta cosa per capire se sono io un bastardo che la pensa così o se sia condiviso.
L'altro giorno una bidella nella mia scuola è stata uccisa dal marito che poi si è suicidato, lasciando una bambina di 3 anni orfana. Tristezza generale. Ma a me, mentre facevamo il classico minuto di silenzio (di cui a me sfugge l'utilità ma non è questo il discorso) è sorto un dubbio: perché per questa donna che quasi nessuno di noi aveva mai visto facevamo il minuto di silenzio e per tutte le altre che muoiono tutti i giorni no? Le altri (e gli altri anche) sono stronzi? Non lo dico per cattiveria, ma effettivamente cos'ha di diverso questa donna dalle altre che muoiono?

Inoltre, per ricollegarmi al tuo discorso, stamattina alla radio ho sentito diversi aggiornamenti sul caso di Giulia Cecchettin, e poi, alla fine della carrellata, come fosse una cosa normale o casuale, ""ah si, un altro femminicidio a Fano"". E poi dopo hanno detto letteralmente trenta secondi di parole così e di quel caso non si parlerà praticamente mai più, almeno a livello nazionale. Perché, con tutto l'amore e il rispetto che si da ai familiari, perché c'è questa differenza, perché per una ci sono giorni e giorni di notizie e per l'altra trenta freddi secondi una mattina per poi abbandonare la notizia? Queste sono genuinamente domande che mi pongo e a cui non riesco a trovare una risposta.",DuckMitch,2023-11-21T19:39:49,1,Italia,https://reddit.com/r/Italia/comments/180kctl/39_femminicidi_non_105/ka78a3q/
180m3j9,,ka72n7c,"- molte delle denunce per stalking e molestie non vengono prese in considerazione. Mai sentito i report di ciò che dicono i carabinieri davanti a ciò? Molte delle donne uccise erano anche andate a denunciare prima dell'avvenimento. Dovresti seguire di più le notizie

- per molti psichologi è sintomo di vedere l'estraneo come inferiore ed un oggetto. Ma tu hai la laurea nella vita e va bene così.

- di fatto i video girano sempre, si diffondono a livello nazionale e diventano super famosi. Chissà perché, strano se nessuno lo trova giusto. Canali reddit e telegram pieni, ma non esiste il problema.",andreainvo,2023-11-21T19:05:57,4,Italia,https://reddit.com/r/Italia/comments/180m3j9/reddit_mi_ricorda_perché_il_problema_della/ka72n7c/
180kctl,,ka70jbf,"L'ultima parte che hai scritto non ha nessun senso. Inoltre ogni giorno ci sono notizie di violenze domestiche anche verso gli uomini, e non lo dico per sminuire quelle con vittime donne (lo devo dire per forza perché altrimenti secondo la gente il passaggio logico per niente logico è sempre questo), ma per dire che è sbagliatissima la retorica ""uomo carnefice, donna vittima"". Tantissime donne reputano uomini oggetti sessuali. Ora io non sono assolutamente il tipo che mette i like ai culi su Instagram, ma immagina di essere il classico diciottenne gen z etero, vedi nei feed di instagram culi e zinne costantemente. Come fai a non ritenere la persona in foto che ti mostra il culo, un oggetto sessuale? Sto dicendo che sia sbagliato mostrare il culo? No. Sto dicendo che noi stessi ci riduciamo a oggetti sessuali nel modo in cui ci poniamo e mostriamo. Anche io quando esco il sabato vestito tutto a puntino, un minimo fisicato, in teoria di bell'aspetto, mi rendo oggetto sessuale. Il problema non è ridurre qualcuno a oggetto sessuale, il problema è farsi accecare dagli ormoni e non vedere altro oltre al sesso. Questo per dire che questo discorso dell'oggetto sessuale è una semplificazione atroce usata a sproposito.",ffioca,2023-11-21T18:53:22,5,Italia,https://reddit.com/r/Italia/comments/180kctl/39_femminicidi_non_105/ka70jbf/
180kctl,,ka6xr4v,"Credo si sia utilizzata questa storia solo per portare avanti una tematica toccante. Le violenze domestiche che sono all'ordine del giorno. Stessa cosa se ci sono notizie di altro genere, bisogna sottolineare dove tutti sbagliamo e dove dovremmo andare. (solo nell'ultima settimana mi è capitato di parkare con 3 ragazzi su 4 che pensavano che la donna fosse un oggetto sessuale, è frustrante a lungo andare)",haruka1727,2023-11-21T18:36:45,5,Italia,https://reddit.com/r/Italia/comments/180kctl/39_femminicidi_non_105/ka6xr4v/
180kctl,,ka6nh3m,"https://www.interno.gov.it/sites/default/files/2023-11/08_settimanale_omicidi_al_12_novembre_2023.pdf

Tè visto che sei li che stai cercando notizie sui giornali",envosaviour,2023-11-21T17:35:10,2,Italia,https://reddit.com/r/Italia/comments/180kctl/39_femminicidi_non_105/ka6nh3m/
180kctl,,ka6mgpy,"A giudicare dal tuo tono parrebbe che sei alquanto serio. 
Tu pensi che le notizie dei giornali siano fonti attendibili? Ma ci sei o ci fai?
Hai mai sentito parlare di ISTAT? 
I giornali… ahahah ma senti questo 😂😂😂",envosaviour,2023-11-21T17:29:06,3,Italia,https://reddit.com/r/Italia/comments/180kctl/39_femminicidi_non_105/ka6mgpy/
180kctl,,ka6mej7,"ma esattamente perchè ti sei rotto il cazzo? rotto il cazzo di cosa? hai la coda di paglia? io sono un uomo eppure non mi sono rotto il cazzo di niente, sto leggendo tantissime notizie interessanti e macabre su questa tematica che seppur fanno riflettere, dentro di me non fa nè caldo ne freddo, semplicemente ignoro e vado avanti con la mia vita sapendo di essere un uomo rispettoso che non toccherebbe mai nessuno con un dito (che sia donna o uomo). Sei proprio sicuro sicuro di aver la coscienza pulita?

ah e poi nessuno ha mai detto che tutti gli uomini devono esplodere e roba del genere, queste son cazzate inventate da voi per motivi che non riesco a spiegarmi, semplicemente si sta anche mettendo in risalto l'indifferenza di MOLTI (non tutti), di fronte anche alle minime molestie e oggettificazioni che ogni singola donna ha ricevuto almeno una volta nella vita, la normalizzazione della possessività ( tu non vai da sola in discoteca, controllo del telefono etc.) e ti sfido a venirmi a dire che almeno questo non è un problema culturale",Ac_Namec,2023-11-21T17:28:44,30,Italia,https://reddit.com/r/Italia/comments/180kctl/39_femminicidi_non_105/ka6mej7/
180kctl,,ka6jv5t,"purtroppo si, ho sentito molte femministe dirlo, e io ho mostrato i fatti come stanno, con le notizie etc per cercare di farle aprire gli occhi, ma negano continuamente e trovano delle scuse",Elxes04,2023-11-21T17:13:28,-2,Italia,https://reddit.com/r/Italia/comments/180kctl/39_femminicidi_non_105/ka6jv5t/
zzgxdg,,j2d23tw,"Ma sticazzi. 

C'è sempre stato e ora i media ne parlano di più perché le notizie sulla guerra non fanno più presa e hanno stufato. Tra un paio di mesi tornano a parlare di migranti e poi di altre troiate distrattive.",xabie7,2022-12-31T09:50:42,16,Italia,https://reddit.com/r/Italia/comments/zzgxdg/il_covid_sta_tornando_che_ne_pensate/j2d23tw/
zyvogo,,j2d0e5k,"Leggo molto meno che in passato libri, più che altro perché per lavoro sono sempre al computer e quando non ci sono preferisco far qualcosa di un pelo più sportivo del girar le pagine, ma mi piace leggere, mio malgrado leggo moltissimo a monitor, testi (log, mail, notizie, report) la cui definizione più corretta è PATTUME che per natura non sono da leggere/comprendere nel 99% dei casi ma solo da ""ripulire dall'insensatezza pattumierica per cercare quelle 3 parole che possano veicolare un contenuto informativo, ammesso vi sia"" e questo guasta la mia lettura in genere avendo preso l'abitudine di saltogreppare contenuti testuali piuttosto che leggere con calma.

Limitatamente alla scuola: ho sempre letto di tutto ma libri a scuola non ne ho trovato nessuno in tutte le scuole di ogni ordine e grado che fosse interessante, all'università ho recuperato per caso VECCHI testi, per capirci roba che in origine doveva esser stata una dispensa ciclostilata se non addirittura poligrafata di qualche docente, con grafici a mano, qualche formula in ASCII art ecc che erano e sono un piacere da leggere, condensando in pochissimo concetti oggi spiegati in maniera pesante e noiosa in molto più testo e mentre oggi le spiegazioni sono conclusive come a dire ""sai questo, non hai altro da sapere"" in quei testi lasciavano aperte N vie di approfondimento...

Ergo: penso si legga meno perché l'offerta dei libri è salita, ma la qualità è crollata.

Comunque da qualcuno che il liceo lo finì tempo fa... Sappi questo: la società odierna è finanziaria, ovvero ogni cosa è merce, quindi è SGRADITO chi conosce, che non puoi metterlo in catena di montaggio mentre è lodato il mediocre. La formazione è stata poco a poco riformata in quest'ottica. Se a te non piace, benvenuto nel club, è un club vasto, ma purtroppo comunque minoritario e poco sociale, i suoi membri han la fastidiosa tendenza a non interagire tra loro...",ftrx,2022-12-31T09:27:06,1,Italia,https://reddit.com/r/Italia/comments/zyvogo/italiani_che_leggono/j2d0e5k/
zzc509,,j2b44ks,"uno di estrema destra , unooo di estrema...destra!!

non ho notizie di giulgattina però",danilson07,2022-12-30T23:13:09,3,Italia,https://reddit.com/r/Italia/comments/zzc509/zeb89_potrebbe_essere_considerato_ancora_un/j2b44ks/
zyjrc2,,j2aom5g,"E certo, è sempre tutto decontestualizzato, falsato dai giornali e dai media; i video YouTube, o i libri che ha scritto dove dice di essersi trasferito in Romania poiché lì le leggi contro il traffico umano sono più lenienti, anche quelli sono decontestualizzati? Argomenta, spiega come e perché.

E giacché, spiega anche qual è questa grande verità del Matrix che ha scoperto Tate e che non vogliono venga scoperta. 

>Trump cattivo!

Un riccastro che percula i disabili, che si vanta di come alle donne dovresti ""grab her from the pussy"", che ha leccato il culo a Putin in ogni maniera possibile, che ha formentato una guerra civile negli USA, che ha tentato un colpo di pur di non accettare di aver perso le elezioni. Si, direi che un uomo del genere, cattivo lo è. 

Vatti a guardare il January 6th committee piuttosto che tornare alla carica con ""e-e-e tu t-t-ti fidi dei m-m-media???"", i fatti sono tutti lì, alla portata di tutti, siete voi testardi, ignoranti e condizionati a non fidarvi di niente e nessuno che rifiutate, non di accettarli, ma proprio di apprenderli.

>Musk cattivo!

Un altro riccastro, famoso per essersene sbattuto le palle delle misure contro la pandemia, per aver mandato i propri lavoratori a lavoro nel mezzo di quest'ultima minacciando il licenziamento senza liquidazione alcuna, per aver diffuso disinformazione Covid, famoso per aver dato al sommozzatore che stava in quel momento rischiando la vita per salvare le vite di una scolaresca del ""pedo guy"" e ""child rapist"", per aver utilizzato tale situazione per uno stunt pubblicitario per i suoi razzi, famoso per la manipolazione di mercato, famoso per aver allentato terribilmente la moderazione su Twitter, bannato giornalisti che riportavano notizie sull'attacco contro sua moglie e suo figlio (attacco che si è poi rilevato falso secondo la stessa polizia), aver licenziato in massa i dipendenti Twitter, aver bannato gli utenti che postavano il suo fiasco allo show di Chappelle.

Ebbene si, direi che anche tale uomo un po' cattivo lo è.

>Tutti quelli che vanno contro alla narrativa popolare sono i cattivi, molto strano direi.

Strano lo è, in effetti. Domandati com'è che andate dietro a truffatori e riccastri che di voi si schifano e traggono grossi guadagni. Vi siete fatti convincere che c'è gente che va odiata per come è nata, per il colore della loro pelle, per come si vedono, e vi meravigliate di come tali narrative siano, giustamente, soppresse.

Vi radicalizzano, e voi nemmeno ve ne rendete conto. Sono i media cattivi, gli LGBTQ cattivi, gli ambientalisti cattivi. E via così.

Tirati fuori dal buco di odio e intolleranza nel quale ti hanno spinto, te lo dico per il tuo bene.",Iggy_Kappa,2022-12-30T21:28:36,2,Italia,https://reddit.com/r/Italia/comments/zyjrc2/andrew_tate_arrestato_in_romania_per_traffico_di/j2aom5g/
zy2cpn,,j29zk3k,">Mi sembra sottinteso che a mio parere non ha senso, si tratta di un thread di commento alla notizia, non mi pare necessario specificare all'inizio di ogni commento che quando scritto è l'opinione dell'autore del commento stesso. 

Quando si esordisce con ""Dibattito sterile che ha rotto il cazzo."" e si prosegue con ""Sinceramente sticazzi. Vuoi renderti ridicolo? È un problema tuo. Non ha proprio senso farne una questione politica"" non dà esattamente l'idea di esprimere un'opinione, eh?! Vuole enunciare un principio tassativo, che se una questione per lui/lei non ha senso, allora il governo non ne deve parlare. Perché sì, perché è così. 

Ogni tanto è necessario riportare i commentatori con i piedi per terra. 

>Ogni singolo commento qui dentro è un'opinione.

No, ci sono anche commenti che riportano notizie, oppure che linkano a siti che riportano fonti su singole affermazioni.",Melopsittaco,2022-12-30T18:46:25,1,Italia,https://reddit.com/r/Italia/comments/zy2cpn/il_ministro_sangiuliano_la_lingua_italiana_sia/j29zk3k/
zyvq28,,j283mhu,Il sistema del karma è molto poco indicativo per alcuni utenti. Se guardassi il profilo di pure-contact7322 penseresti che è uno che contribuisce in realtà farma karma con le notizie false o non verificabili e blocca chi glielo fa notare. Per me l'unica indicazione più o meno attendibile è il karma dai commenti.,mikej83,2022-12-30T09:05:38,7,Italia,https://reddit.com/r/Italia/comments/zyvq28/sono_nuova/j283mhu/
zy0vs7,,j23i33c,"No io mi ricordo benissimo quella sera, stavo seguendo le notizie in diretta e la ""narrativa"" dell'autogolpe è partita quando il golpe era ancora in corso.",Ok_Pin124,2022-12-29T11:29:00,11,Italia,https://reddit.com/r/Italia/comments/zy0vs7/noi_italiani_siamo_vassalli_degli_statunitensi/j23i33c/
zy0vs7,,j23gaco,"https://st.ilsole24ore.com/art/mondo/2016-07-18/turchia-governo-accusa-usa-il-tentato-golpe-ridateci-gulen--072651.shtml?uuid=ADQ8NNu&refresh_ce=1

Per le dichiarazioni dei golpisti basta leggersi le notizie flash istantanee delle dirette televisive di quel giorno.

""Promettiamo piena collaborazione col governo statunitense""

https://www.ilpost.it/2016/07/19/colpo-stato-turchia/",GiovanniBianchi97,2022-12-29T11:05:39,0,Italia,https://reddit.com/r/Italia/comments/zy0vs7/noi_italiani_siamo_vassalli_degli_statunitensi/j23gaco/
zw4p55,,j216bye,"no, se parli di berlusconi parli automaticamente di politica.

e poi proprio l’esempio di berlusconi fai… appena qualcuno riporta una notizia fattuale e verosimile di una cazzata che ha fatto poi ci sono le smentite e le controsmentite e non si capisce più dove sta la verità e dove la bugia.

e alla fine in realtà chi se ne frega. la maggior parte delle “notizie” di politica sono un’arma di distrazione di massa. si parla di cazzate e si nascondono i problemi seri. 

mi sa che hai una visione alquanto ingenua del mondo. soprattutto in politica non c’è una verità oggettiva, ti puoi solo schierare oppure fregartene del tutto o emigrare.",whyNadorp,2022-12-28T22:27:18,1,Italia,https://reddit.com/r/Italia/comments/zw4p55/esistono_sub_italiani_non_politicamente_schierati/j216bye/
zw4p55,,j2153vx,"ma cosa putin non rappresenta il popolo russo, ma chi te le racconta ste favole. la maggior parte dei russi sostiene putin ed è a favore della guerra. e sarebbe strano altrimenti visto che sono immersi nella propaganda e non hanno risorse per campare. chi ha potuto se ne è scappato. il popolo russo è sfruttato e tira a campare, non può permettersi il lusso di fare opposizione a un dittatore feroce come putin. 

e il divieto alla russia di partecipare a eventi internazionali e le sanzioni sono giustificati e come. o colpisci tutta la nazione o non colpisci nessuno. questa situazione è molto simile alla situazione che ha creato hitler nella 2da guerra mondiale cominciando a invadere paesi a caso. che avresti detto allora, che il popolo tedesco non c’entra niente? ma vatti a leggere un po’ di primo levi, va, altro che “notizie indipendenti”. impara la storia e non farti fare fesso a questo modo da “giornalisti” e “politici” che prendono soldi dagli oligarchi russi. che poi facciamo la stessa fine del popolo russo, schiavi di delinquenti psicopatici senza scrupoli.",whyNadorp,2022-12-28T22:18:47,1,Italia,https://reddit.com/r/Italia/comments/zw4p55/esistono_sub_italiani_non_politicamente_schierati/j2153vx/
zx639c,,j20iviu,"O magari sei tu il demente, e non sei in grado di vedere oltre un palmo dal tuo naso, e appena ti sbattono verità, e notizie verificabili in faccia, ricorri agli insulti personali perché sei troppo insulso per affrontare una discussione o ammettere di avere torto. Va' va' non ci mancherai sicuro. Tutti cOmPloTTisTi, è facile dare etichette, è difficile usare il cervello, soprattutto per chi ne ha poco.",bilbo-beggins,2022-12-28T19:50:47,1,Italia,https://reddit.com/r/Italia/comments/zx639c/mentre_noi_discutiamo_del_pos_a_30_o_60_euro_in/j20iviu/
zx7rk8,,j1zgxm3,"non solo i giornali, e non solo le notizie recenti,  ma anche libri (chi non conosce il passato non può capire il presente) e documentari d'inchiesta della Rai e di altri paesi.",vespa2,2022-12-28T15:38:27,1,Italia,https://reddit.com/r/Italia/comments/zx7rk8/italiani_autolesionisti_bollette_quadruplicate_ma/j1zgxm3/
zx6f4o,,j1yu2f9,Ormai non ho più la forza di incazzarmi quando leggo queste notizie,Alarming-Shame-11,2022-12-28T12:18:04,3,Italia,https://reddit.com/r/Italia/comments/zx6f4o/manovra_salta_il_piano_oncologico_nazionale_non/j1yu2f9/
zx57mv,,j1ytox1,Ste notizie a cosa servono? Qual'è la motivazione su cui dovrebbero far leva?,4rr094n70,2022-12-28T12:13:31,-3,Italia,https://reddit.com/r/Italia/comments/zx57mv/muore_sbranata_dai_suoi_cani_la_figlia_uno/j1ytox1/
zwluse,,j1ys4kg,">Fortuna che ci sei te ad illuminarci il sentiero. 

Io, ma anche tanti altri che esaminano le ""notizie"" e trovano solo spazzatura e vuoto spinto. [Uno](https://www.davidpuente.it/blog/2018/11/02/la-falsa-intervista-condivisa-dal-m5s-contro-jeroen-dijsselbloem/), e [due](https://www.butac.it/nooo-non-sono-fake-news/). La disinformazione a fine di lucro è un grave problema, nell'epoca del web e delle notizia diffuse con pochissimo tempo per verificare. 

>Morale della favola nessun giornalista e scrittore è morto suicidato nel 2014, 

La questione di quanti giornalisti ucraini si siano suicidati mi interessa relativamente. Qui mi interessano molto di più le fonti che porti, che sono semplicemente inaffidabili anche quando parlano di meteo.",Melopsittaco,2022-12-28T11:54:12,2,Italia,https://reddit.com/r/Italia/comments/zwluse/deputato_russo_muore_in_india_caduto_dal_terzo/j1ys4kg/
zvmdqh,,j1yel06,">Quindi queste autorità così totalitarie riportavano notizie reali a differenza delle nostre democratiche istituzioni occidentali le quali mentono sempre.

Tu menti sempre, prigioniero di utopie che non vedrai mai realizzate in vita tua. E quindi applichi la tua attitudine a mentire alle autorità, convinto che siano tutti al tuo livello.

Quando il flusso in uscita è così cospicuo, anche alle autorità interessate non serve più negare l'evidenza, è sotto gli occhi di tutti.",Melopsittaco,2022-12-28T08:48:29,1,Italia,https://reddit.com/r/Italia/comments/zvmdqh/il_26_dicembre_1991_il_soviet_delle_repubbliche/j1yel06/
zwssod,,j1y9wa9,"Lo smartphone è utile, ma la maggior parte delle cose la fai tranquillamente anche dal PC, basta alzarsi dal divano 😄 Io ho rimosso tutte le app dei vari social (se proprio ti serve puoi accedere da browser), se non hai l'icona pronta lì da cliccare ti assicuro che ci vai meno 😉 Altra nota: ci continuerai ad andare se non cambi il modo in cui li usi. Sei strapieno di pagine di meme? Toglile! Se veramente vuoi cambiare riempiti il feed di altro, come notizie di attualità, curiosità scientifiche, o quello che più ti piace (pagine che insegnano il francese ad esempio). Altro consiglio è rimuovere le notifiche, son lì per tenerti incollato.
Per leggere ti consiglio di prendere dei libri veri, per i giochi il PC o una console, è ovvio che se hai in mano il telefono poi ti viene da usarlo. In generale il consiglio è: qualsiasi cosa può essere fatta con o senza il cellulare ormai, ma non sei obbligato a usarlo. Certo, magari portarsi in giro il libro di francese non sarà così comodo, ma sarà meglio per la tua dipendenza (perché a essere onesti di questo si tratta)",LordNefas,2022-12-28T07:44:33,2,Italia,https://reddit.com/r/Italia/comments/zwssod/come_usare_al_meglio_il_proprio_smartphone_senza/j1y9wa9/
zwjuya,,j1xvssd,"Ecco il commento dell'anno!
Le pare normale che i transessuali che si prostituiscono lungo la via, si ritrovino a fare grigliate in un parco ( che era poco più di una aiuola ), nell'attesa tra un cliente e l'altro, con tutta la mercanzia in bella vista?
Se provassi io a fare una grigliata nel parco sotto casa, prenderei sicuramente una multa dai vigili urbani.

Le pare normale che ci siano esercizi commerciali che restano aperti H24 7/7, facendosi beffa dei regolamenti comunali sugli orari di apertura?
Chissenefrega di quello che vendono (anche se non capisco come facciano a sopravvivere, visto che vendono tutti la stessa roba e sono tutti attaccati tra loro, alla faccia della concorrenza! ), ma se c'è un regolamento sulle aperture e sugli orari per la vendita di alcolici in bottiglia, mi chiedi perché li nessuno controlli mai.

Clima sereno?
Ecco cosa si trova in quella via:

https://www.ticinonotizie.it/romano-la-russa-arrestato-scafista-in-viale-padova-a-milano-prevedibile/

https://www.ilgiorno.it/milano/cronaca/video-auto-marciapiede-via-padova-1.8396396

E questo solo nelle ultime due settimane, scavando bene su google si possono trovare notizie simili a cadenza mensile, o anche qualche reportage giornalistico, con tanto di foto e/o video.

Lei ci vive vicino, magari non ne ha la percezione, ma io ho parenti che vivono proprio al centro dell'occhio del ciclone e sono spesso a trovarli e vedo la situazione.",itamau87,2022-12-28T05:05:06,2,Italia,https://reddit.com/r/Italia/comments/zwjuya/migliore_città_italiana_per_un_giovane/j1xvssd/
zvmdqh,,j1wj6jq,">I giornali italiani nella loro quasi totalità fanno propaganda occidentale filo americana e filo NATO, mentono, riportano storie inventate spacciandole per notizie. No, non puoi prendere a riferimento i giornali italiani per dare veridicità a un evento.

Erano dati forniti anche dalle autorità.",Melopsittaco,2022-12-27T22:46:37,1,Italia,https://reddit.com/r/Italia/comments/zvmdqh/il_26_dicembre_1991_il_soviet_delle_repubbliche/j1wj6jq/
zvodzv,,j1v5rep,"Impossibile: non ho idea di come vengano date le notizie in Svezia.

Se dici che dai per scontato che ci sia un disegno politico quando viene omessa la nazionalità della persona, immagino che tu sappia di cosa stai parlando o che quantomeno tu abbia delle ragioni per pensarla così.

Di conseguenza, ti chiedo delucidazioni perché sono interessato a saperne di più.",ReginaDelleDomande,2022-12-27T17:16:39,0,Italia,https://reddit.com/r/Italia/comments/zvodzv/il_giornale_deve_sempre_mettere_lenfasi_su/j1v5rep/
zwdzgi,,j1ulsjj,"Inizia leggendo notizie e se leggi una parola che non conosci vai a vedere cosa significa. Cerca cosa basilari da ascoltare come video dove non parlano troppo velocemente. L'americano dovrebbe essere più semplice perché gli accenti inglesi sanno essere brutali per chi sta imparando 

Buona fortuna!",Strider2126,2022-12-27T14:56:46,2,Italia,https://reddit.com/r/Italia/comments/zwdzgi/potreste_consigliarmi_qualcosa_per_migliorare_il/j1ulsjj/
zw18mv,,j1u1z12,"Scusa eh, io leggo le notizie e vedo i video delle gare, le immagini delle premiazioni e sono ridicole, degli omaccioni che primeggiano in sport estremamente fisici come nuoto, rugby, sollevamento pesi eccetera. 
Per fare un esempio c'era sto tipo alto due metri nel rugby che si prendeva la palla e si faceva tutto il campo, sembrava di vedere le partite della parrocchia dove c'era il ragazzino a cui era partita prima la pubertà che vinceva da solo. Uno spettacolo veramente avvilente per tutti coloro che partecipavano e assistevano alla partita.

Non per avvilire i tuoi risultati sportivi, ma qua si sta parlando di professionisti veri, con equipe al seguito che lo fanno di professione. 

Che io sappia i trans ftm non hanno grandissimo successo nelle competizioni maschili, mentre di trans mtf che primeggiano in competizioni femminili ce ne sono parecchi

Cioè veramente, i fatti mi sembrano inclementi su questo particolare aspetto della questione. A me dispiace veramente molto che non si riesca nemmeno a dire serenamente nemmeno ciò che è palese.",Super_Clerk_6893,2022-12-27T11:42:15,3,Italia,https://reddit.com/r/Italia/comments/zw18mv/pro_o_contro_la_lgbt_perché/j1u1z12/
zvodzv,,j1tn8pf,"Secondo questa logica potrei chiederti perché non riportano il loro segno zodiacale del criminale allora. Perché nasconderlo? È una fatto anche questo.

Come puoi immaginare il punto è che nessuno assocerebbe questa informazione come una motivazione del crimine commesso. Quindi il mio problema è che spostiamo la conversazione sul fatto che questa persona sia straniera (con un enfasi su certi paesi con i quali c’è forte immigrazione).
Notizie come questa mettono molta rilevanza sulla provenienza in questo caso perché sanno che l’immigrazione è vista come il capro espiatorio dei problemi dell’Italia. Per cui molte persone finiscono per attribuire il crimine al fatto che questa persona fosse straniera, di fatto (consciamente o inconsciamente) sviluppano posizioni razziste.",fra_bia91,2022-12-27T08:16:32,-5,Italia,https://reddit.com/r/Italia/comments/zvodzv/il_giornale_deve_sempre_mettere_lenfasi_su/j1tn8pf/
zw4p55,,j1tiwsh,Hai provato ad iscriverti a notizie Ansia su Twitter?,M3r0vingio,2022-12-27T07:18:08,0,Italia,https://reddit.com/r/Italia/comments/zw4p55/esistono_sub_italiani_non_politicamente_schierati/j1tiwsh/
zvxh92,,j1rol8n,Se ne parlava già tempo fa. Al solito le notizie sono molto anticipare rispetto alla realtà.,SpigoloTondo,2022-12-26T21:37:56,2,Italia,https://reddit.com/r/Italia/comments/zvxh92/patente_a_in_7_ore/j1rol8n/
zvpisd,,j1r9010,"Per me tutto quello che rimane, una volta tolte tutte le cialtronerie da rivista è nulla.
Come per la maggior parte delle notizie",Apprehensive-Hand966,2022-12-26T19:40:24,-1,Italia,https://reddit.com/r/Italia/comments/zvpisd/italiani_di_reddit_qualè_la_vostra_opinione_su/j1r9010/
zv568r,,j1pl1qb,"Anime_tiddies e worldnews per leggere le notizie prima che arrivino ai TG, memes basta che cerchi e ti escono 20 suggerimenti, porno scrivi una categoria qualsiasi ed esiste, combatfotage e Ukrainewarreport se vuoi vedere com'è la guerra in Ucraina senza filtri, poi letteralmente qualsiasi topic ti venga in mente scrivi la parola in inglese è qualcosa salta fuori.",chris96m,2022-12-26T10:40:13,3,Italia,https://reddit.com/r/Italia/comments/zv568r/e_se_ti_chiedessi_di_descrivere_reddit/j1pl1qb/
zv6dk3,,j1nun1z,"Per la finanza per esempio ci sono moltissimi portfolio manager che condividono idee e discutono sulle notizie del giorno, si può imparare molto",Leto41,2022-12-25T23:18:03,1,Italia,https://reddit.com/r/Italia/comments/zv6dk3/meglio_reddit_o_twitter/j1nun1z/
zuwum3,,j1nen94,"Non ho amici nel mio paesino tristemente, con un mio vecchio amico ho litigato per ragioni personali e un altro mi ha appeso e non ho più sentito sue notizie da allora. All'uni ho stretto amicizia ma essendo in una città distante da me i treni dopo un certo orario non passano quindi uscire per quella città di sera è quasi impossibile per me. SI CAMPA e mi aggrappo per il momento al fatto che finita l'uni mi trasferirò in una nuova città per un nuovo inizio, possibilmente con la persona che amo!",Just-Mushroom1508,2022-12-25T21:06:40,2,Italia,https://reddit.com/r/Italia/comments/zuwum3/per_chi_vive_nei_cosiddetti_paeselli_come_vivete/j1nen94/
ztlw7v,,j1napve,">Stanno lentamente rimettendo il settore energetico sotto pieno controllo statale, i francesi sono avanti,

Era mai uscito dal controllo statale? 

>mentre per i tedeschi c’è stato un susseguirsi di notizie nei mesi autunnali riguardo alle rinazionalizzazioni, per ora parziali

Ma le notizie ci sono anche in Italia, nella scorsa legislatura il M5S voleva rinazionalizzare le autostrade e non so cos'altro, fra il dire e il fare, come dice il proverbio...",Melopsittaco,2022-12-25T20:36:24,1,Italia,https://reddit.com/r/Italia/comments/ztlw7v/italia_number_1/j1napve/
ztlw7v,,j1n8yp3,"Stanno lentamente rimettendo il settore energetico sotto pieno controllo statale, i francesi sono avanti, mentre per i tedeschi c’è stato un susseguirsi di notizie nei mesi autunnali riguardo alle rinazionalizzazioni, per ora parziali",Bianconos,2022-12-25T20:22:39,1,Italia,https://reddit.com/r/Italia/comments/ztlw7v/italia_number_1/j1n8yp3/
zsr4eo,,j1lkcfq,"> Altro tratto dei complottisti: quando sono messi alle strette, e non possono portare prove alle assurdità che dicono perché semplicemente non ne esistono, attaccano l'interlocutore con delle ideologie a casaccio. È vecchia, è vecchissima.

Questa è la classica teoria dello specchio: sei alle strette, non vedi via d'uscita, accusi l'altro di fare esattamente ciò che fai tu. Chiunque avrà la pazienza di rimontare due post soltanto dopo esser arrivato sin qui lo vedrà. Io ho fornito varie reference, di stampa generalista che se è schierata è schierata dall'altro lato, di report governativi e fatti storici. Tu non hai fornito nulla perché nulla hai da fornire non essendoci altro che notizie false di propaganda, la maggior parte già sbugiardate da tempo, e di nuovo ne ho citate alcune con reference, ovvero link. Non sai più che fare e quindi accusi me di fare quel che fai te.

> L'evidenza è solo che tu scrivi fregnacce. E di prove ne ho portate a sufficienza

Oh, quanti link hai postato in questa pagina? Quanti riferimenti bibliografici? Mi basterebbe un numero eh!",ftrx,2022-12-25T10:34:56,1,Italia,https://reddit.com/r/Italia/comments/zsr4eo/secondo_voi_quale_era_il_piano_originale_della/j1lkcfq/
ztw0j9,,j1jt7ju,"Immagino che tu sia un nativo/a, perché si parla di questi argomenti allora? Queste sono le notizie che circolano https://www.splcenter.org/news/2022/11/25/heritage-under-fire-native-americans-fight-culture-history-survival",ghhouull,2022-12-24T22:52:35,1,Italia,https://reddit.com/r/Italia/comments/ztw0j9/come_litalia_rappresenta_lamerica_ad_un_carnevale/j1jt7ju/
ztw0j9,,j1ig3u4,"Sai, essere dati del fascista così gratuitamemte fa un po' girare i coglioni. Quegli americani nel post originale hanno usato la foto di un carro di carnevale fatto da chissà chi come pretesto per dire tutto il cazzo che volevano. Si comportano come se all'Italia fosse dispiaciuta la morte di Mussolini e che ora abbiamo eletto un nuovo duce in modo da restaurare il regime e schiavizzare i neri.
Poi non è affatto vero che l'America è meno razzista dell'Italia. Se ne sentono decine e decine di notizie di afroamericani uccisi da poliziotti solo perché quel giorno gli giravano i coglioni. Non mi vengono in mente notizie del genere in Italia, farebbe molto scalpore. Poi, in prima persona, di episodi di razzismo in Italia non ne vedo e non ne sento parlare, nemmeno da parte di un mio collega di origini africane. A me pare che la disinformazione provenga da parte degli americani, che parlano dell'Italia come se ci vivessero.
Mi è anche venuto in mente un episodio scollegato riguardante un tentato colpo di stato da parte di un gruppo fascista nel 1970. Mi pare che l'America sapesse di questo colpo di stato e non disse nulla all'Italia, anzi sostenne i fascisti. Questo non c'entra niente, però ci tenevo a ricordare che l'America non è il paladino della giustizia che libera il mondo dal male come vuole far credere, piuttosto è un paese opportunista che pensa solo al suo benessere. Non che il resto del mondo sia meglio, sia chiaro, però gli americani dovrebbero proprio abbassare la cresta.",syrax54,2022-12-24T16:56:32,2,Italia,https://reddit.com/r/Italia/comments/ztw0j9/come_litalia_rappresenta_lamerica_ad_un_carnevale/j1ig3u4/
ztlw0l,,j1i4451,">Se raccogli narrativa e la segui non importa siano ""notizie vere"" o ""false"", importa quale sia la linea ""emotiva"" che viene trasmessa momento per momento, è da li che vedi l'ipocrisia.

Tipico è prendere un esempio del passato e puntare il dito contro l'ipocrisia; degli altri,  mai la propria.

Chi mette uno screenshot del genere invece è il salvatore del mondo, non uno che cerca voti positivi a buon mercato. Non può essere un ipocrita,  perché gli ipocriti sono invariabilmente quelli della stampa generalista.",Melopsittaco,2022-12-24T15:24:51,1,Italia,https://reddit.com/r/Italia/comments/ztlw0l/fidatevi_dei_professionisti_dellinformazione/j1i4451/
ztlw0l,,j1i3po8,">Ma scusa un giornale pubblica una notizia senza fondamento basata su voci non confermate, possibilità, mormorii etc. mi spieghi la differenza con novella 2000? Un giornale serio pubblica informazioni serie e ha il dovere di verificare le fonti. OP ha fatto bene a pubblicare quell'articolo perché il tempo sta dimostrando che si trattava di propaganda. 

Assolutamente no. Lo sapremo, forse, dopo morto. Nessuno ha accesso alla cartella clinica di Putin a parte il suo medico. Hai troppe sicumere. 

Banalmente è cambiato i contesto rispetto a maggio: ora che l'Ucraina ha riguadagnato terreno su molti fronti, anche se non tutti, ora che l'unica cosa che riesce a fare bene la Russia è bombardare dal cielo obiettivi civili (nessuno ha mai vinto una guerra con simili espedienti), i mass media occidentali e anche quelli ucraini si concentrano sulle difese più adatte, ad esempio i missili Patriot, e non sperano più in un cambio al vertice della Russia causa morte, una circostanza che secondo me vedrebbe al potere un presidente ancora più spietato e guerrafondaio, alla fine sono speranze mal riposte. Per quello ho scritto ""tempi sbagliati"": infierire su notizie passate che si sono rivelate fallaci o improbabili è facile come rubare una caramella a un bambino, lo potrei fare anch'io con decine di notizie di alcuni mesi fa, ad esempio le auto a guida autonoma.  Ma non è una buon motivo per rubare la caramella a un bambino. 

>Sono sicuro che ricordi bene la roid rage, il colpo di stato imminente, Putin sul letto di morte a lanciare la catastrofe nucleare. 

Non cambiare discorso e attieniti al presente articolo, che non parla né di letto di morte né di catastrofe nucleare. Non mi hai convinto sulle motivazioni per pubblicarlo.",Melopsittaco,2022-12-24T15:21:29,1,Italia,https://reddit.com/r/Italia/comments/ztlw0l/fidatevi_dei_professionisti_dellinformazione/j1i3po8/
ztlw0l,,j1i37wy,"Se raccogli narrativa e la segui non importa siano ""notizie vere"" o ""false"", importa quale sia la linea ""emotiva"" che viene trasmessa momento per momento, è da li che vedi l'ipocrisia.",ftrx,2022-12-24T15:17:21,1,Italia,https://reddit.com/r/Italia/comments/ztlw0l/fidatevi_dei_professionisti_dellinformazione/j1i37wy/
zu8ald,,j1hr9t6,">Scritto in un commento dove si definiscono Sinovac e Sinopharm ""acqua fresca"", LOL.

Poi mi spieghi che cosa c'è da ridere. 

Non ho le competenze per giudicare scientificamente sull'efficacia di un vaccino o sulla sua pericolosità, ma le scene viste in tv della situazione in Cina parlano da sé, non ci vuole mica la laurea per fare 2+2, sai? Basta aver fatto le prime classi elementari. 

Iniettare acqua fresca convinti che proteggerà dal contagio è un bell'autogol, non c'è che dire. Soldi buttati per la campagna vaccinale, e soldi investiti in assurdi confinamenti nei condomini per isolare il focolaio.  

>Mi risulta che lo Sputnik sia ancora in rolling review presso EMA. Ho idea che questo ritardo abbia a che fare con l'invasione dell'Ucraina, visto che alla fine dell'anno scorso si annunciò che sarebbe stata presa una decisione nel primo trimestre del 2022, ma non ho trovato notizie successive.

A questi punto credo che l'EMA sia soddisfatta dei vaccini di Pfizer e Moderna, se funzionano non c'è questa grande necessità di immettere sul mercato un terzo vaccino.  

Avevo letto tempo fa di documentazione sulle sperimentazioni cliniche che le autorità russe rifiutavano di fornire. Non so quanto possa andare avanti una pratica all'EMA, se il produttore del vaccino rifiuta di fornire tutte le informazioni.",Melopsittaco,2022-12-24T13:27:26,2,Italia,https://reddit.com/r/Italia/comments/zu8ald/sono_curioso_di_scoprire_la_vostra_opinione_dal/j1hr9t6/
zu8ald,,j1hpmlw,"> una propaganda di Stato indirizzata ai vaccini occidentali ha inevitabilmente finito per gettare discredito su tutti i vaccini, anche quelli prodotti in Russia.

Scritto in un commento dove si definiscono Sinovac e Sinopharm ""acqua fresca"", LOL.


>Lo Sputnik è stato venduto anche alla Repubblica di San Marino, non ho notizie di contagi fuori controllo là


Mi risulta che lo Sputnik sia ancora in rolling review presso EMA. Ho idea che questo ritardo abbia a che fare con l'invasione dell'Ucraina, visto che alla fine dell'anno scorso si annunciò che sarebbe stata presa una decisione nel primo trimestre del 2022, ma non ho trovato notizie successive.",ramarr0,2022-12-24T13:09:33,1,Italia,https://reddit.com/r/Italia/comments/zu8ald/sono_curioso_di_scoprire_la_vostra_opinione_dal/j1hpmlw/
zu8ald,,j1ho4wl,"> beh i vaccini pfizer e moderna hanno dimostrato di aver funzionato, sputnik e sinovax hanno dimostrato di essere merda e il soberana boh...

Sinovac; la Cina non ha solo il Sinovac, ha anche il vaccino sinopharm. E a vedere dai risultati, sono entrambi acqua fresca. 

Lo Sputnik è stato venduto anche alla Repubblica di San Marino, non ho notizie di contagi fuori controllo là, potrebbe essere una coincidenza, o magari un minimo di effetto lo ha. Anche San Marino di recente è passato a Pfizer, comunque, secondo me sanno che con la guerra in corso e le sanzioni che continuano la qualità delle forniture farmaceutiche non è garantita. So che in Russia ci sono stati fenomeni di false vaccinazioni, spesso con la complicità delle autorità sanitarie, perché una propaganda di Stato indirizzata ai vaccini occidentali ha inevitabilmente finito per gettare discredito su tutti i vaccini, anche quelli prodotti in Russia. Un'operazione maldestra come poche, che ha prodotto solo un basso numero di immunizzati reali in Russia, e un alto numero nelle statistiche ufficiali.",Melopsittaco,2022-12-24T12:52:31,1,Italia,https://reddit.com/r/Italia/comments/zu8ald/sono_curioso_di_scoprire_la_vostra_opinione_dal/j1ho4wl/
ztlw0l,,j1hknzf,">Invece ha molto significato. 

Non ne ha. Fuori contesto è una battuta di spirito camuffata da dibattito, e si basa sull'effetto ""screnshot del titolo""; fosse stata solo testuale non avrebbe attratto quelle visualizzazioni.  

>È importante vedere gli articoli in prospettiva. Un po' come ora si riguardano gli articoli giornalistici all'indomani della guerra in Vietnam e si vede quanto di parte è la stampa. Per non ripetere gli stessi errori.

Io stesso in passato ho messo qui articoli di giornale di alcuni decenni fa, per ricordare episodi poco noti oppure questioni che si trascinano ancora adesso. Non direi mai che non si debbano richiamare episodi del passato. 

Ma quella notizia figlia della propaganda di guerra è girata l'*espace d'un matin*, come dicono i francesi, poi è stata abbandonata... magari per riportare altre notizie incontrollate della stessa propaganda di guerra, chissà, ma il singolo titolo, isolato, a distanza di 7 mesi non ha più nulla di interessante. 

Tra l'altro Putin è circondato da una cortina di filtri dell'informazione, come tutti i presidenti: personalmente non credo affatto a quella notizia, ma se fosse vera non potremmo comunque saperlo, almeno finché Putin non è morto e qualche indiscrezione sulle cause potrebbe trapelare. Partire dall'assunto che sia falsa per dare contro al mondo dell'informazione è persino un po' sbrigativo, nessuno ha accesso a informazioni sulla salute di Putin, significherebbe che i servizi di sicurezza russi non sanno fare il loro mestiere.",Melopsittaco,2022-12-24T12:08:58,1,Italia,https://reddit.com/r/Italia/comments/ztlw0l/fidatevi_dei_professionisti_dellinformazione/j1hknzf/
ztlw0l,,j1hdt3u,"Bimbo sai vero che insultare gli altri non ti dà ragione, vero? Vero che reddit è na bolla , ma non farti illudere.h

>Chi ha detto che Putin è pazzo?

Ora ti spiego , quando vuoi dare a qualcuno del pazzo ma non puoi, perché anche il più ritardato lettore(ma non i redditors medi) inizierebbe a farsi 2 domande sull' parzialità delle tue notizie; devi inventarti qualcos'altro.

Tipo che beve e fa' il bagno nel sangue di Cervo (nessuna fonte attendibile ovviamente Perché è tutta propaganda Ucraina), e cosa può essere se non pazzo uno che beve il sangue di Cervo.

>"" Eheh, quello si mangia i sassi per curarsi

>""Ah è pazzo...

>""NOOOOOOOOOOO, non ho detto che è Pazzo""

Si chiama propaganda, Sveglia Bimbo che la propaganda è bipartisan. La usano tutti non siamo nei film della Marvel.",prosciuttoeMeloni,2022-12-24T10:31:41,1,Italia,https://reddit.com/r/Italia/comments/ztlw0l/fidatevi_dei_professionisti_dellinformazione/j1hdt3u/
zt9p79,,j1g8ri1,"Sempre di caccia di selezione si tratta, è indipendente dalla specie.
Leggi come viene fatta nella tua regione per i dettagli, nella mi ti posso dire che vengono abbattuti capi selezionati da osservatori veterinari dell'asl competente che prima osservano e poi decidono sia i bersagli (vengono scelti per svariati motivi, i cinghiali, ad esempio,  vengono selezionati sia perché fanno danni ma soprattutto per cercare di contenere la peste suina che è una piaga non riconosciuta dal grande pubblico) che le modalità in base al territorio (quindi o chiamano la squadra di cinghialari competente per territorio, che deve rispondere, o usano altri mezzi, tra i quali trappole o fucili con tranquillanti).
Ma di spiegare questo, ai giornalai nostrani, non importa, fa più indinniazione scrivere di guerriglie urbane tra cacciatori e cinghiali, immaginare ecatombi di animali selvatici e gente che passava di lì per caso, colpita mentre chi deve fare l'abbattimento sbava in preda ad una frenasia animale e omicida.

Con questo modo di riportare notizie da parte di quelli che ormai sono attivisti a tutti gli effetti, non si va da nessuna parte, si creano solo spaccature e andrà a finire come in america, dove viene politicizzato TUTTO senza entrare nel merito.

Ci sarebbe altro da contestare a questo governo, cose anche giuste, ma si lreferisce ridicolizzare l'avversario invece.",SilverFox11th,2022-12-24T02:35:50,2,Italia,https://reddit.com/r/Italia/comments/zt9p79/domani_mi_faccio_il_porto_darmi/j1g8ri1/
ztlw0l,,j1fqh90,"Né uno né l'altro (perché, nello specifico, non esiste): è stupido chi ha creduto alla notizia.

Come le notizie che avesse 6 mesi di vita, come le notizie che l'economia russa sarebbe collassata, come le notizie che costruiscono missili coi chewing-gum o qualsiasi altra cosa.

""Siamo una squadra fortissimi e il nemico è una merdaccia che sta per essere schiacciata"" è, da sempre, il fulcro della propaganda. Andarci dietro è stato da stupidi.

(Poi ci sarebbe da parlare del fatto che una democrazia, con supposta libertà di stampa, si è ritrovata ""magicamente"" a fare questo tipo di propaganda sui maggiori media mainstream per farsi anche altre due domandine sulla ""libertà di stampa"")",UserXtheUnknown,2022-12-24T00:06:32,1,Italia,https://reddit.com/r/Italia/comments/ztlw0l/fidatevi_dei_professionisti_dellinformazione/j1fqh90/
ztpi6v,,j1f5ey0,Penso che il mondo sia sempre stato una merda solo che oggi le notizie girano più velocemente.,AccaEmme,2022-12-23T21:23:51,24,Italia,https://reddit.com/r/Italia/comments/ztpi6v/un_uomo_spara_nel_cuore_di_parigi_tre_morti/j1f5ey0/
zsr4eo,,j1du4xe,"Beh qui non è questione di passato, nel commento che ti ho suggerito di cercare (cerca cia.gov nella pagina o se non vuoi il cerca [1]) sono attuali, pubblicati da enti governativi o paragovernativi USA.

Per capirci non sono io che nel 2004 ha scritto ""per il 2020 prevediamo che la Cina sia diventata un nemico e che per batterla dobbiamo usare i suoi metodi da noi, fermando lo sviluppo delle Democrazie, imponendo la società operaio-militare, ad es. partendo da un'emergenza pandemica, succhiando asset UE per il nostro tornaconto"" ma il DNI (Department of National Intelligence) USA che ha sparso questa frase in molte pagine di report, ma che se solo scorri ben comprendi.

Non sono io ad aver scritto che la guerra in Ucraina è ottimo modo per demolire l'UE ed indebolire la Fed. Russa per impedire una loro partnership ma la RAND, il think tank del complesso militare-industriale USA.

Non sono io ad aver scritto che sono gli USA ad aver creato l'ISIS per rovesciare dittatori locali, vedi Op. Timber Sycamore ma varie fonti USA tra cui esponenti politici e di intelligence.

Non sono io che ha pubblicato operazioni di propaganda basandosi su notizie false monitorate in tempo reale per far digerire realtà posticce alla popolazione ma varie fonti ufficiali tra i leaks del progetto squeaky dolphin del GCHQ britannico al Min. degli interni giapponese [2] e via dicendo. Non sono manco io a dire che da decenni si usano, creano, alimentano teorie del complotto assurde apposta per far si che queste facciano proseliti e si possa accostare a questi (evidentemente fuori di testa) i Cittadini informati e non allineati che le porcate le osservano e fan osservare a terzi. Così tu denunci uno scandalo da fonti pubbliche e finisci bollato al volo come credente rettiliano-sciochimicaro. Oh, certo non è affatto vero, ma nel mare magnum di notizie i più ci credono vedendo che comunque ""il pensiero è allineato"" PER ALCUNI ASPETTI creati apposta per questo dalle PR.

[1]  https://www.reddit.com/r/Italia/comments/zsr4eo/comment/j1d8x7o/

[2] parti da https://en.wikipedia.org/wiki/Squeaky_Dolphin e questa traduzione dal Giapponese https://nordot-app.translate.goog/973917552334143488?_x_tr_sl=auto&_x_tr_tl=it&_x_tr_hl=fr&_x_tr_pto=wapp",ftrx,2022-12-23T15:59:14,1,Italia,https://reddit.com/r/Italia/comments/zsr4eo/secondo_voi_quale_era_il_piano_originale_della/j1du4xe/
zta1s4,,j1d5ih1,"Considera due cose prima di convincerti di una realtà o falsità: Sardegna == isola, ovvero accesso con mezzi di trasporto aeronavali che han le LORO policy e tracciamento di ciò che portano mentre in generale come fa il singolo Comune attraversato a sapere cosa lo attraversa?

Memento un trasporto eccezionale DEVE presentare un programma di viaggio a vari soggetti, un carro funebre è un veicolo generico, viaggia con le sue ruote, senza scorte, segnalazioni o altro.

Ne consegue che FORSE qualcuno può raccontarti quella dell'uva (osservare notizie di scandali del comparto vari), in alcuni casi particolari (viaggi via mare o aria) puoi avere vincoli particolari di passaggio da porti/aeroporti o confini di Stato. Non altro.",ftrx,2022-12-23T12:39:11,7,Italia,https://reddit.com/r/Italia/comments/zta1s4/tasse_assurde/j1d5ih1/
zsoy2z,,j1bi7g3,Comunque la parte più bella di queste notizie sono i commenti..,Just_Cook_It,2022-12-23T01:59:46,1,Italia,https://reddit.com/r/Italia/comments/zsoy2z/reddito_di_cittadinanza_durigon_sulle_modifiche/j1bi7g3/
zrtnn0,,j18caz3,">Magari vi siete persi il passaggio peggiore di questa legge ..e non è che possano sparare in città, bensì NELLE ZONE PROTETTE, anche a specie PROTETTE, senza limiti di tempo (anche fuori al periodo venatorio che diventa come per magia...tutto l'arco dell'anno). Avete presente le OASI del WWF dove, dopo decenni di sacrifici e investimenti(finanziamento UE), alcune specie sono tornate a nidificare?

stai continuando a diffondere notizie errate. Qui si parla di controllo della fauna da parte delle guardie non dei cacciatori che potranno andare nei parchi e sparare ai fenicotteri",That_Willingness7051,2022-12-22T12:24:12,0,Italia,https://reddit.com/r/Italia/comments/zrtnn0/approvato_lemendamento_far_west_si_potrà_sparare/j18caz3/
zsewuy,,j18c4d2,"Non c'entrano i TIR, c'entra il modello umano urbano vs quello della grande riviera.

Se siamo concentrati in pochi posti (città, grandi) servono ""dorsali"" tra queste (vedasi i problemi della rete autostradale da rifare non rifattibile in pratica vs quelli affrontabili delle singole strade extraurbane da rifare) e una marea di forniture dal resto del mondo a questi posti specifici, ovvero una logistica IMPONENTE al posto di una distribuita. Un inquinamento IMPONENTE concentrato che altera la natura locale vs uno distribuito che globalmente altera meno e localmente ancora meno. A Milano ci sono MILIONI di bocche da sfamare quindi milioni di tonnellate di cibi e beveraggi che non possono esser prodotti in loco ma che devono continuamente affluire in loco, scarichi enormi che inquinano pesantemente il territorio circostante, alterazione del bioma al punto che puoi identificare la firma microbica di ogni grande urbe [1] e questo è molto più pesante per la natura di una popolazione distribuita. La città inquina più che vivere sparsi: http://www.newgeography.com/content/006840-high-density-and-sustainability e non solo https://www.helsinkitimes.fi/finland/finland-news/domestic/20911-residents-of-helsinki-have-larger-consumption-footprint-than-many-others.html

Non solo: questo è insostenibile per noi. La densità impedisce l'evoluzione, ogni singolo progetto o è troppo costoso o praticamente impossibile annullando ogni residuale vantaggio di scala.

Traduzione: la NARRATIVA che se viviamo tutti vicini-vicini nelle smart-cities spacciate come https://youtu.be/p-9X8Z2kJt8 mentre in realtà sono https://www.theguardian.com/world/2021/sep/19/why-greeces-expensive-new-migrant-camps-are-outraging-ngos è una narrativa creata per fabbricare schiavi, non per l'ecologia. È creata per togliere pian piano ogni risorsa al singolo che la dà via volontariamente contro servizi (oggi rinunci all'auto per il trasporto pubblico, domani alla lavatrice per quella a gettone, poi alla cucina per il cibo pronto a domicilio e via via la tua casa diventa una stanza in cui dormire, pronto per https://www.ansa.it/sito/notizie/ansa_eventi/2022/12/13/tecnologia-solidale-donne-e-uomini-che-cambiano-in-meglio-il-presente_21d9cd36-de44-404d-b0be-adf2c619d00c.html senza manco accorgertene oramai in trappola come quelli che ""eh, il condominio costa meno perché le spese sono divise"" smentiti poi dal valore del ""termoautonomo"" negli annunci immobiliari, dai teleriscaldati ""ah, costa poco e non hai problemi"" che ora strillano per i prezzi ennuplicati e via dicendo.

L'ecologia non è vivere ALIENI nella natura, ovvero isolati in ambienti artificiali, ma integrati nel pianeta di cui facciamo parte. Quindi la bici elettrica per girare tra il vicinato in riviera ha pure senso, ma dire che sia meglio ecologicamente vivere tutti insieme in pollai ad alta densità è omettere di dire PER CHI è meglio, e non per l'ecologia ma per l'economia neoliberista.

Oggi è necessario fare quel che stiamo facendo:

 - esodo urbano verso case nuove fuori, ovvero immobili ""classe A"", che rispondono oggi ai bisogni di oggi e domani saranno adeguabili a quelli di domani, ma non fatto da 4 gatti che possono permetterselo e han capito l'antifona, bensì su scala per mantenere la Democrazia mantenendo una classe media, ad es. con un 110% apposito: lascia l'appartamento per vivere fuori, ""classe A"" e lo Stato pagherà gran parte dell'opera. I primi che possono sono telelavoratori e pensionati, già oggi coorti dove la classe media è maggioritaria ma poche abbastanza da poterlo fare senza finire con carenze di materiali che fermano i cantieri. Dietro ai primi vanno servizi alla persona, supermercati, ristoranti, servizi assistenziali e domestici ecc ovvero altre persone e dietro a loro altre ancora, ad una velocità e modalità sostenibile.

 - sviluppo della mobilità AEREA a corto raggio, vedi il succitato report EASA/McKinsey ma anche n altre notizie [2] a tema che mostrano come ""chi innova a questo sta puntando"", perché in un mondo che cambia (aumento eventi meteo estremi, per deurbanizzare moti non facili da predisegnare della popolazione ecc) non fai una rete stradale stabile, quindi ti servono alternative.

 - sviluppo del telelavoro/teledidattica per tutti gli eligibili

 - (ri)sviluppo di un'economia DI SUSSISTENZA locale che NON TOGLIE il commercio ma lo rende meno necessario specie in forme Just-in-time di evidente insostenibilità, es. https://committees.parliament.uk/committee/78/foreign-affairs-committee/news/175140/the-more-reliant-we-are-on-others-the-less-resilient-we-are-as-a-nation/

Se al posto di farlo in una piccola élite lo si organizza su una cerca scala restiamo paesi evoluti e democratici, così torniamo al neofeudalesimo.

[1] https://doi.org/10.1016/j.cell.2021.05.002

[2] es a caso

https://www.ilsole24ore.com/art/vertiporto-roma-primi-test-fiumicino-nel-2024-taxi-volanti-capitale-AEbL1c5B

https://www.ilfattoquotidiano.it/2022/09/26/suzuki-nuovi-investimenti-sulle-auto-volanti-insieme-a-skydrive/

https://www.ilsole24ore.com/art/il-patto-hyundai-rolls-royce-puo-coronare-sogno-dell-aereo-elettrico-AEzcLXnB

https://www.bbc.com/news/technology-60072194

https://www.varmatin.com/economie/dans-les-coulisses-de-la-fabrication-dune-voiture-volante-a-sophia-antipolis-729458

https://www2.deloitte.com/content/dam/Deloitte/nl/Documents/consumer-business/deloitte-nl-cip-elevating-the-future-of-mobility.pdf

https://www.bbc.com/future/article/20201111-the-flying-car-is-here-vtols-jetpacks-and-air-taxis

https://www.nytimes.com/2021/06/12/technology/flying-cars.html",ftrx,2022-12-22T12:22:10,2,Italia,https://reddit.com/r/Italia/comments/zsewuy/qual_è_il_veicolo_elettrico_più_sostenibile/j18c4d2/
zsewuy,,j181tp0,"Onestamente questa è pubblicità, non perché sia in se falsa, ma perché prende UN aspetto assumendo non ve ne siano altri in generale.

Premessa: sono un EX cittadino di grandi urbi, passato alle Alpi, recente nuovo (solo) formale [1] proprietario di auto elettrica, ho fatto questa scelta per varie ragioni alcuni anni fa e qui ne riporto un po' di riflessione ed esperienza sul tema, non è solo IDEA, sono anche fatti.

Il problema è banale: il bipede singolo può ad es. ""vivere a km0"" ovvero in capsule-hotel/goshiwong urbano e comprare ogni singola cosa dai negozietti del circondario, muovere col trasporto pubblico, fare la differenziata ecc. MA per permettere a lui d'aver questi servizi c'è dietro una certa infrastruttura, questa assai più inquinante del cittadino in campagna che fa la spesa a km, magari *almeno in parte* da vendor locali.

Qualche es. random:

 - in città facevo la spesa almeno una volta a settimana e spesso compravo cosine ogni giorno. Questo garantito da cambio a gasolio che macinano km ogni giorno per rifornire l'urbe e li macinano da tanto più distante in media quanto più grande è l'urbe poiché tanta gente in poco posto == tanto territorio per sfamarla, parlo in media ovviamente. Qui faccio la spesa circa una volta al mese, anche qui il supermercato è rifornito da camion a gasolio, ma qui compro anche da vendor locali, per es. compro il maiale (coscia, spalla, pancetta) qualche volta L'ANNO, macino e budello in casa salsicce, faccio salami, quando ho finito i budelli hamburger, qualche pancetta distesa o arrotolata. Congelo quando pronti, porzionati. Traduzione ENORMEMENTE MENO imballi e molta meno logistica. Compro il vino con le mie damigiane da due vendor locali, imbottiglio in vetro a casa, sempre le stesse riciclate. Ancora minor logistica e imballi. Vari formaggi e baguette compro e congelo: non tutto si può ma quel che si può esce OTTIMO. Meno imballi grazie alla quantità, meno logistica. La luce? f.v. domestico IMPOSSIBILE per spazio in urbe, e casa nuova, di nuovo impraticabile in urbe essendo impraticabile rifare condomini al netto delle classi energetiche e bisogni attuali;

 - faccio persino MENO km perché pur facendo raggi maggiori tra telelavoro e socialità diversa, nessun tempo perso in sensi unici, traffico ecc qualche volta i km son poco di più, qualche volta poco di meno e in kWh/100km sono DI MENO che in urbe, si sul serio;

 - le infrastrutture sono MENO critiche, quindi richiedono minor rapidità di intervento e quindi minori costi, ovvero risorse, operative, per dire non serve una costosissima metro, non solo costosissima da fare ma anche da mantenere. Non ci sono trasporti pubblici che O non coprono il 100% dei bisogni (sempre) perché sarebbe insostenibile far girare mezzi vuoti 24/7/365 O van COMUNQUE accoppiati ad auto private che coprono quel che il trasporto pubblico non copre;

 - fuori dall'urbe c'è spazio per evolvere. Avete presente i ponti che cadono a pezzi? Beh, quando le infrastrutture furono costruite si insegnava che il CA ben fatto è come roccia, durerà migliaia di anni. Poi le migliaia son scese al centinaio per stabilizzarsi sulla cinquantina, MA in zone dense evolvere è un macello. Come rifate condomini a fine vita e rischio crollo in posti quasi inaccessibili? Come si rifà l'autostrada ove non c'è più viabilità alternativa capace di soddisfare l'utente? Fuori dall'urbe l'economia NON È DETTO SIA, MA PUÒ ESSERE distribuita. In urne no. Perché credete si punti così tanto alla mobilità aerea? [2] perché possiamo farla: se facciamo piazzole tra A e B possiamo farlo e spostare A e B in giro. L'aria come l'acqua sono strade. Mentre al suolo siamo nella m* perché non sappiamo come rifare infrastrutture stradali CONCENTRATE che stan arrivando a fine vita.

Per farla breve: l'urbe densa moderna nell'era moderna serviva per l'economia di scala: 10 vetrai in pochi km == prezzi bassi grazie alla feroce concorrenza, ma anche specializzazione ""senti, io son bravo a tagliar lastre, tu a far telai, ci mettiamo d'accordo per far in due le finestre, a costo minore e fatica minore per entrambi?"", ma anche innovazione perché le idee circolano. Oggi tutto questo è essenzialmente scomparso. Ovvero oggi i vantaggi dell'urbe sono QUASI SCOMPARSI gli svantaggi schizzati alle stelle. Questa è la visione d'insieme da fare. Il dettaglio del singolo viaggio è irrilevante pesato a questa scala.

[1] formale ma non sostanziale al netto del pattume crapware connesso al vendor con aggiornamenti OTA, gestione remota del veicolo dai suoi server PARZIALMENTE offerta anche a me via crapplicazione se voglio ecc ma qui sarebbe un altro tema, quello dell'IoT non già come ""dispositivi intelligenti"" ma ""dispositivi che pur venduti a qualcuno restano di fatto sotto il controllo del venditore, lasciando eventuali responsabilità e problemi al formale proprietario"".

[2] es. https://www.easa.europa.eu/sites/default/files/dfu/uam-full-report.pdf o tutte le altre notizie su ""vertiporti"" e droni per trasporto umano, piccola logistica ecc recenti",ftrx,2022-12-22T10:11:40,2,Italia,https://reddit.com/r/Italia/comments/zsewuy/qual_è_il_veicolo_elettrico_più_sostenibile/j181tp0/
zrwc4i,,j161mk4,">La notizia è stata scritta oggi 21 Dicembre 2022, 18.06  
>  
>""Adidas ha davvero sospeso la collaborazione con Balenciaga dopo la campagna scandalo?""

Che non è la notizia che hai dato tu. Non hai mai parlato della fine della collaborazione fra Adidas e Balenciaga, ammesso di fine si tratti.  

Poi di notizie di Balenciaga quando si parla di moda ce ne saranno sempre, ed eventualmente ci sarà un rimando all'accaduto. Ma nessuno a 21 giorni dallo scandalo fa un papiro di 50 righe per raccontare quello che tutti hanno già letto, anche qui su reddit Italia.  

>Sparisci, te lo ripeto per la seconda volta!

Se no?",Melopsittaco,2022-12-21T22:45:34,1,Italia,https://reddit.com/r/Italia/comments/zrwc4i/scandalo_balenciaga_promuove_la_pedofilia/j161mk4/
zr3ptn,,j13i02f,7 anni in Danimarca. Quando sento notizie dall’Italia mi sembra che sia indietro di qualche secolo. Non tornerei mai a vivere in Italia. Turista finché vuoi.. ma viverci no,Dorjcal,2022-12-21T12:01:35,14,Italia,https://reddit.com/r/Italia/comments/zr3ptn/se_aveste_scelta_lascereste_litalia_per_lestero/j13i02f/
zpuvyf,,j0ymklq,"Io non ho mai sentito una teoria anti ccp in vita mia. La colpa di tutto è sempre l'America. Ogni tanto leggo notizie dei canali collegati a Epoch Times e lì sì c'è un po'di complottismo anticinese ma io le ho lette solo attraverso canali occidentali. In Cina mai sentito, è sempre gli stranieri portano il covid, l'America ci invade, il Giappone ci attacca, la NATO eccetera eccetera",GretaThunbergonewild,2022-12-20T11:26:02,2,Italia,https://reddit.com/r/Italia/comments/zpuvyf/e_sempre_colpa_degli_stati_uniti/j0ymklq/
zpuvyf,,j0vx02d,"""Sintomi"" dell'analfabetismo funzionale: 

* incapacità di comprendere adeguatamente testi o materiali informativi pensati per essere compresi dalla persona comune: articoli di giornale, contratti legalmente vincolanti, regolamenti, bollette, corrispondenza bancaria, orari di mezzi pubblici, cartine stradali, dizionari, enciclopedie, foglietti illustrativi di farmaci, istruzioni di apparecchiature;
* scarsa abilità nell'eseguire anche semplici calcoli matematici, ad esempio riguardanti la contabilità personale o il tasso di sconto su un bene in vendita;
* scarse competenze nell'utilizzo degli strumenti informatici (sistemi operativi, uso della rete, software di videoscrittura, fogli di calcolo, ecc.);
* conoscenza dei fenomeni scientifici, politici, storici, sociali ed economici molto superficiale e legata prevalentemente alle esperienze personali o a quelle delle persone vicine; tendenza a generalizzare a partire da singoli episodi non rappresentativi; largo uso di stereotipi e pregiudizi;
* scarso senso critico, tendenza a credere ciecamente alle informazioni ricevute, incapacità di distinguere notizie false dalle vere e di distinguere fonti attendibili e inattendibili.

Come vedi, hai appena descritto le caratteristiche tipiche dell'analfabeta funzionale riportate nel punto 3.

Il tuo amico deve pur aver tratto queste sue conclusioni sugli USA da qualche parte o tramite qualcuno che l'ha fuorviato.

Il non voler sentir ragioni o comunque il rifiuto nel confrontarsi e approcciarsi in maniera costruttiva alle opinioni altrui rientra sempre nell'AF",MariuxReloaded,2022-12-19T20:35:20,1,Italia,https://reddit.com/r/Italia/comments/zpuvyf/e_sempre_colpa_degli_stati_uniti/j0vx02d/
zp47zv,,j0vgbbu,Non sono notizie molto diffuse ma Maradona era pedofilo e ha avuto problemi a riconoscere i propri figli quindi direi che non e' del tutto corretto,Serious_Courage6582,2022-12-19T18:46:16,1,Italia,https://reddit.com/r/Italia/comments/zp47zv/argentina_campione_del_mondo_la_coppa_è_per_lui/j0vgbbu/
zpmxw7,,j0tpt7s,Non è consentito condividere screenshot delle notizie. Condividete i link!,GiorgioPerlasca,2022-12-19T09:54:49,1,Italia,https://reddit.com/r/Italia/comments/zpmxw7/ennesimo_incidente_mortale_a_roma_per_due/j0tpt7s/
zp65b8,,j0rtt8r,"Friendly reminder che il modo migliore per mostrare il dito medio più grosso possibile a mentecatti come loro, Putin e altra gente testa di cazzo è di seguire il più possibile uno stile di vita sostenibile.

Comprate fotovoltaici da mettere sopra casa (che ora costano pochissimo), auto elettriche (che ora costano meno di molte auto normali se consideri il primi 2 anni di gas e bollo), votate sia a livello nazionale che soprattutto a livello locale per una migliore attenzione all'ambiente da parte della società in cui vi trovate, considerate installare una pompa di calore invece che una caldaia o un fornello a induzione.

&#x200B;

Ognuno di questi coglioni con deliri di onnipotenza ha potere solo e solamente perché dipendiamo così stupidamente tanto dai combustibili fossili, pure ora a fine 2022 quando pure le Nazioni Unite dicono che è una pazzia continuare. Guardate che schifo di mix energetico ha l'Italia da decenni, e guardate che fine ci abbiamo fatto a credere ciecamente alle balle di Putin e ai suoi servi sociopatici italiani che riportavano notizie per lui. Ogni tanto mi viene da pensare a chissà quanto meno saremmo stati influenzati dalle sanzioni se almeno una sola volta avessimo avuto ambientalisti con un minimo di potere decisionale al governo, o anche solo qualcuno che riuscisse a portare cambiamenti decenti in quel lato.

&#x200B;

EDIT: Se vi interessa argomenti come questo e volete sentire più italiani parlare di ambiente, io e un gruppo di persone abbiamo aperto il sub r/AzioneClimatica. E' ancora piccolo ma siamo in crescita e proviamo comunque a discutere",Fix_a_Fix,2022-12-18T22:59:25,6,Italia,https://reddit.com/r/Italia/comments/zp65b8/il_qatar_minaccia_il_parlamento_ue_se_chiudete_le/j0rtt8r/
zous97,,j0p4n99,"Papà Francesco ok, ma Papà Castoro invece? Da quanti anni non si hanno sue notizie?",Soncino,2022-12-18T10:34:05,77,Italia,https://reddit.com/r/Italia/comments/zous97/papà_francesco_ho_già_firmato_le_mie_dimissioni/j0p4n99/
zo97xh,,j0miof7,"Vabbè chiaro, l’ANM è contraria a qualsiasi cosa gli tolga potere, come ogni associazione di categoria. Bisogna vedere se le riforme vanno effettivamente a mettere i bastoni tra le ruote all’azione giudiziaria o vogliono davvero porre un freno a comportamenti errati come i processi mediatici e l’eccessivo filtrare di notizie.",Bianconos,2022-12-17T20:13:26,21,Italia,https://reddit.com/r/Italia/comments/zo97xh/per_gli_esperti_cosa_pensate_della_riforma_della/j0miof7/
zo4k26,,j0ljrvz,"Specializzando in psicoterapia here. Come ti hanno detto già altri utenti, per la tua situazione è più adeguato uno psicoterapeuta, ma mi sentirei di dirti che l’orientamento forse è quello di cui puoi preoccuparti meno: che sia cognitivo comportamentale, sistemico, fenomenologico, psicoanalitico o altri modelli seri se vuoi affrontare i tuoi problemi ci devi investire tempo e forze, e questo a prescindere dal tipo di psicoterapeuta che hai davanti. 
Piuttosto, prova a chiedere tramite passaparola o notizie (amici, o anche il tuo medico di base, comunque persone di cui ti fidi) se conoscono un terapeuta bravo: è più la competenza del professionista che il modello a fare la differenza.

In ogni caso, in bocca al lupo.",ItWick,2022-12-17T16:09:57,8,Italia,https://reddit.com/r/Italia/comments/zo4k26/psicologo_o_psicoterapeuta/j0ljrvz/
znjok7,,j0kjxhx,"Perché avere una sola fonte quando posso usare un conglomerato di notizie come google news?

Quando trovo un titolo clickbait, vado di report e blocco la fonte. Quando appare un argomento che non mi interessa, ""vedi meno notizie di questo tipo"" o come è scritta l'opzione per nascondere gli argomenti simili

E quando una notizia mi interessa ma voglio vedere più punti di vista, ci sta il tastino ""vedi reportage completo"" per vedere la stessa notizia da diverse fonti",Dersemonia,2022-12-17T09:57:38,1,Italia,https://reddit.com/r/Italia/comments/znjok7/quali_sono_i_vostri_quotidiani_online_preferiti/j0kjxhx/
znjok7,,j0kinsa,"Il Fatto. E direi anche La Verità, sono serio. Certo non per lo stile giornalistico o i titoli beceri,  ma perché mette in risalto notizie che altri tralasciano. Va ""filtrato', ma amplia la panoramica sulle notizie",MBoz79,2022-12-17T09:39:30,1,Italia,https://reddit.com/r/Italia/comments/znjok7/quali_sono_i_vostri_quotidiani_online_preferiti/j0kinsa/
znh1fk,,j0ke4ri,"Voglio fare un appunto a chi vedendo lo stato dei media parla di propaganda ucraina. Ora, la propaganda di guerra esiste ed è un fatto però questo tipo di qualità di informazioni da parte dei media a me sembra più cercare il titolo più scandaloso e più acchiappa click e pubblicarlo tanto chi se ne frega.

Funziona da tempo così anche per la nostra cronaca interna e per le notizie politiche.

È sicuramente una situazione particolare perché abbiamo notizie da tutte le parti ma che spesso sono solo copia-incolla e alla fine le fonti restano non verificate ma vista la quantità di giornali/testate che battono la notizia è facile che gli si attribuisca fondamento.",HearBreath,2022-12-17T08:35:27,2,Italia,https://reddit.com/r/Italia/comments/znh1fk/ucraina_sulla_camera_di_tortura_dei_bambini_i/j0ke4ri/
znh1fk,,j0ke2dh,ne sparavano di immense. interi giornali faziosi che pubblicavano notizie false. napoleone la carriera l ha fatta con i giornali favorevoli anche di più che con la sua strategia.,Babab173,2022-12-17T08:34:32,1,Italia,https://reddit.com/r/Italia/comments/znh1fk/ucraina_sulla_camera_di_tortura_dei_bambini_i/j0ke2dh/
znh1fk,,j0i04ft,">Io credo che in passato i giornali ne sparassero ancora di più, solo che non c'erano mezzi per scoprirlo

Questo sicuro, visto che mancava la rapidità che ha internet per fare fact checking prima di andare in stampa.

Ma al tempo stesso con la sola carta stampata non c'era nemmeno la necessità di dover pubblicare all'istante una notizia, né di fare titoli roboanti e fuorvianti per notizie minori perché sarebbero andate nelle pagine interne e non avrebbero attirato lettori. Quindi il problema principale che hanno le notizie online non c'era",Simo__25,2022-12-16T19:59:39,1,Italia,https://reddit.com/r/Italia/comments/znh1fk/ucraina_sulla_camera_di_tortura_dei_bambini_i/j0i04ft/
zna1s1,,j0fxzz6,"> è gravissimo che un pugno di miliardari controllino piattaforme su cui si veicolano gran parte, in prospettiva la maggioranza, delle notizie e del dibattito pubblico del mondo occidentale

calma con tutto questo antisemitismo",le_mon_face,2022-12-16T10:24:21,0,Italia,https://reddit.com/r/Italia/comments/zna1s1/twitter_ha_bannato_giornalisti_critici_di_musk_e/j0fxzz6/
zna1s1,,j0ftcvo,">Intanto, ribadisco la mia posizione storica che è *gravissimo* che un pugno di miliardari controllino piattaforme su cui si veicolano gran parte, in prospettiva la maggioranza, delle notizie e del dibattito pubblico del mondo occidentale.

Come si diceva una volta, ""il problema è nel manico"": è sicuramente più grave che l'informazione e una buona maggioranza dei giornalisti abbia fondato la propria visibilità su Twitter.",[deleted],2022-12-16T09:17:24,5,Italia,https://reddit.com/r/Italia/comments/zna1s1/twitter_ha_bannato_giornalisti_critici_di_musk_e/j0ftcvo/
zmifz6,,j0fry9a,"semplicemente non c'entra a quale partito politico PENSI di appartenere, se sei un coglione, coglione rimani a prescindere.

scommetto che la metà delle persone che dicono di essere di destra o di sinistra non sanno un cavolo di politica e soprattutto vedo i ultra 50enni che si fanno abbindolare da notizie stupide e palesemente click-bait che cambiano in due secondi il loro pensiero riguardo un determinato argomento...

(pensa che sono ucraina e ogni giorno devo sentire questo discorso ipocrita sul fatto che i cittadini ucraini vengono costretti a fare la guerra e che appunto dovrebbero porre fine alla guerra donando tutto alla russia; ma io mi chiedo, se fosse successa una cosa del genere in italia, gli italiani avrebbero gentilmente donato tutto il loro patrimonio culturale e le città più importanti al paese attaccante senza nemmeno provare a salvare il proprio paese? e poi facciamo tutti i patriottici seduti sul divano...dai)",devils4sh4,2022-12-16T08:57:16,2,Italia,https://reddit.com/r/Italia/comments/zmifz6/perché_le_persone_politicamente_di_sinistra_sono/j0fry9a/
zmuf6r,,j0fnzqf,Spronare le persone su Reddit non serve a nulla. Ignorano totalmente le indicazioni dei moderatori. Questo avviene sia con le richieste di evitare di inviare screenshot alle notizie che alle richieste di fornire fonti alle varie mappe.,GiorgioPerlasca,2022-12-16T08:02:37,1,Italia,https://reddit.com/r/Italia/comments/zmuf6r/non_si_possono_più_postare_immagini/j0fnzqf/
zmifz6,,j0bpt34,"Anch'io ho riflettuto su questo tema, e credo che il concetto chiave sia ""in base al proprio pensiero politico"". Secondo me il fatto che la sinistra sia così debole, istituzionalmente parlando, è proprio per il fatto che ognuno si sente libero di avere la propria visione politica ed essere il referente politico di se stesso, in parole povere, mentre a destra si tende di più ad accorpare ed egemonizzare l'ideologia, delegando il pensiero politico ai leader e facendolo proprio in un secondo momento, senza filtrarlo più di tanto.

Vero è che abbiamo anche un problema a farci un'idea in generale su tutto ciò che dovrebbe essere considerato ""di sinistra"", perché i media mainstream (specialmente nel nostro paese) non ci aiutano: i giornali di destra fanno i titoloni per perculare la sinistra, i giornali di ""sinistra"" sono stati ridotti a bollettino delle notizie che tanto piacciono agli industriali per prendere di mira i poveri. Da quel che noto, quindi, è che la sinistra non ha più un riferimento nei media tradizionali, e il web è pieno di insidie (e cazzate irrilevanti).

E non sono gli unici fattori, a mio avviso. Ce ne sarebbero tantissimi, e andrebbero analizzati da persone competenti, fatto sta che non credo sia ipocrisia, quanto confusione e mescolanza di idee e concetti che dovrebbero essere invece contestualizzati e analizzati attraverso un pensiero critico che, ahimè, è venuto a mancare durante le trasformazioni sociali degli ultimi 30 anni.",kapamoraski,2022-12-15T14:20:20,3,Italia,https://reddit.com/r/Italia/comments/zmifz6/perché_le_persone_politicamente_di_sinistra_sono/j0bpt34/
zlu7g3,,j0awzz4,"Prova a rivolgerti ai sindacati o al tuo superiore che gestisce i pagamenti per vedere se è possibile fare pressioni, nel frattempo informati su un prestito. 

Io ho lavorato per 4 mesi in una scuola e mi hanno pagato regolarmente i primi 2, poi erano finiti i soldi e ho dovuto aspettare 6 mesi per avere le ultime due mensilità. Ogni settimana telefonavo alla DSGA per chiederle notizie, e lei sollecitava il Ministero.",LuceLoi,2022-12-15T09:05:53,1,Italia,https://reddit.com/r/Italia/comments/zlu7g3/averlo_saputo_prima/j0awzz4/
zl6rml,,j06lq6r,"Un'opportunità solo se hai la possibilità di mettere pannelli fotovoltaici e batterie d'accumulo per ricaricarti l'auto a casa tua.

Altrimenti se ti devi affidare a colonnine etc etc una inculata pazzesca.

Prima ti attirano coi costi di ricarica ridotti/nulli in promozione poi arriveranno le belle notizie.

Io al momento una elettrica pura la prenderei , ripeto, solo se potessi ricaricarla a casa mia e senza dovermi attaccare alla corrente di una azienda.

Senza parlare del costo ancora molto esoso",Scarsocontesto,2022-12-14T13:18:19,2,Italia,https://reddit.com/r/Italia/comments/zl6rml/le_auto_elettriche_sono_un_bluff_o_unopportunità/j06lq6r/
zla36x,,j05zgtj,"Fammi sapere come va, è un'operazione che mi ha sempre incuriosito parecchio, aspetto notizie.",turry91,2022-12-14T08:44:31,0,Italia,https://reddit.com/r/Italia/comments/zla36x/sto_pensando_di_farmi_unoperazione_di/j05zgtj/
zku06o,,j01m85s,Non va bene inviare screenshot delle notizie. Inviate i link per favore.,GiorgioPerlasca,2022-12-13T12:45:30,1,Italia,https://reddit.com/r/Italia/comments/zku06o/ma_che_cos/j01m85s/
zkjk6l,,j01h84c,">Probabilmente perché la città è nata come forte a stella

No, ahahaha, non c'entra niente, e qui la pianta originaria è esagonale, non a stella, ti confondi con Palmanova. 

L'hanno ricostruita così in seguito al terremoto dell'11 gennaio 1693, che l'aveva rasa al suolo. Non si sa la forma della pianta precedente, o almeno, io online non ho trovato nulla, so per certo che la costruzione della nuova città iniziò già dopo tre mesi e grazie a Carlo Maria Carafa Branciforti, principe di Butera, con l'aiuto di Michele da Ferla. Gran parte degli abitanti provenivano dal vicino borgo completamente distrutto di Occhiolà, e anzi, forse un centro abitato a Grammichele prima del terremoto non c'era proprio, le notizie sono scarse.",[deleted],2022-12-13T11:54:25,9,Italia,https://reddit.com/r/Italia/comments/zkjk6l/litalia_ha_diverse_città_e_paesi_meravigliosi/j01h84c/
ziphcd,,izx5iug,"io per ciecamente intendo che danno credito a un'accusa debunkata da anni che, tra l'altro, non porta nessuna prova se non fantasie, su dei banali centri di servizi cinesi sul nostro territorio, che sono credibili come i discorsi di un ubriacone al bar.
Safeguard Defenders è la promotrice di questa bufala, io mi informerei bene sulla ennesima ONG del NED che produce disinformazione per destabilizzare la Cina.

In molti thread ci sono i discorsoni super argomentati e dettagliati, con buoni ragionamenti e fact-checking. Ma appena si parla della Cina all'improvviso neanche più le fonti e prove delle notizie si controllano",Narrow_Move_4254,2022-12-12T14:42:19,1,Italia,https://reddit.com/r/Italia/comments/ziphcd/italy_accused_of_turning_a_blind_eye_to/izx5iug/
zjqlod,,izwsogc,"Sono contenta che sia serena e spero che ora possa dedicare il tempo, serenamente, a prepararsi per entrare nel mondo del lavoro di ciò che ha studiato, se le interesserà ancora farlo.
C'è molto da domandarsi, però, su questa storia.
Siamo uno dei paesi con meno laureati d'Europa (correggetemi se sbaglio), ciononostante, il nostro paese sembra non averne bisogno perché a onor del vero nei settori che tutt'ora hanno più ""giro"" spesso non vengono nemmeno richieste...
Ciononostante, sono abbastanza convinta che formarsi sia sempre importante, più per ""mettersi al riparo"" dai rovesciamenti che il mercato del lavoro può avere sul lungo termine, e una formazione varia e continua può senz'altro aiutare. Chi lo sa. Non nego però che queste notizie mi lascino un po' di amaro in bocca.",cheneso_,2022-12-12T12:53:16,2,Italia,https://reddit.com/r/Italia/comments/zjqlod/uno_su_mille_ce_la_fa_da_laureata_a_spazzina/izwsogc/
ziphcd,,izwe4zp,"Allora prima di tutto, il downvote per una cosa del genre è proprio da moccioso. Due, la Cina ha notoriamente le mani in pasta con l'intento di disinformazione in mille cose ed è risaputo. Non fare la morale sulla psicologia delle notizie.

Hai scelto una fonte discutibile. Punto.",caprera,2022-12-12T09:49:24,0,Italia,https://reddit.com/r/Italia/comments/ziphcd/italy_accused_of_turning_a_blind_eye_to/izwe4zp/
ziphcd,,izsix4v,"Signor utente educato. Lei mi fa delle domande a cui io non ho la capacità ne l'interesse di rispondere inoltre la sua domanda a mio avviso è poco pertinente. 
Il fatto che io non so rispondere alle sue domande strampalate non significa che lei abbia ragione. Le ho linkato due articoli ove si evince il fatto che questa storia è una fake che gira da ben due anni. Se non ha altre domande da pormi le faccio i più sentiti auspici. Buona continuazione, faccia attenzione alle notizie non verificate.",AccaEmme,2022-12-11T15:06:47,-1,Italia,https://reddit.com/r/Italia/comments/ziphcd/italy_accused_of_turning_a_blind_eye_to/izsix4v/
zhv70r,,izrnhcq,"""le notizie"" sono esattamente quello che definisce la percezione della gente.",v1cio,2022-12-11T09:28:26,2,Italia,https://reddit.com/r/Italia/comments/zhv70r/in_questo_periodo_in_cui_stiamo_guardando_i/izrnhcq/
zhv70r,,izrncn5,"Quantomeno prima di scrivere ste cose leggi le notizie. Vai a dire che la percezione non coincide con la realtà al tipo accoltellato in corso Buonas Aires. Ci sono decine di articoli che riportano le violenze avvenute ieri durante i ""festeggiamenti"".

Poi se per te violenza e aggressioni vanno bene abbiamo punti di vista differenti.",TommyGiuri,2022-12-11T09:26:33,2,Italia,https://reddit.com/r/Italia/comments/zhv70r/in_questo_periodo_in_cui_stiamo_guardando_i/izrncn5/
zhosir,,izps8jv,"Non so se vale come racconto “raccomandato”.

L’anno scorso facevo la commessa in un negozio. Mi avevano promesso il posto facendomi sfacchinare come un mulo. In realtà manco lo volevo il posto ma sono fatta così: ho un vago senso del dovere.
Un giorno arriva una tizia, ex commessa salita di grado, a fare stage come nei direttorice con il nostro direttore. Totalmente incapace, perennemente attaccata al telefono, pettegola e maligna e soprattutto con il gusto dell’ orrido in fatto di abbigliamento (era un negozio di fast fashion) e con la mascherina sotto il mento. Una cretina patentata.
Piuttosto basita mi domando che cosa dovrebbe avere sta tipa rispetto ad un’altra qualsiasi delle mie colleghe. Anche la stagista era più professionale ed educata.

Un giorno entro in magazzino. Sono abbastanza silenziosa e discreta per natura. Mentre controllo della merce mi vedo sbucare lei tutta imbarazzata e subito dopo il direttore…
In sostanza si erano andati a nascondere in qualche meandro del magazzino. Non credo a parlare del più e del meno.

Dopo questa uscita non sono più riuscita a sapere se mi avrebbero rinnovato il contratto o meno. Il direttore taceva. Lei sogghignava ogni volta. Un giorno si è avvicinata a me ed alla mia collega dicendo, con aria vaga:” so che in nel negozio xy cercano… chissà io manderei un CV”

Penultimo giorno di contratto lei e lui mi chiamano in ufficio mentre sono in cassa. Vado sperando di avere finalmente notizie riguardo al contratto. Mi vedo arrivare lei con il solito ghigno e lui appresso. Mi avevano chiamato solo ed esclusivamente per riordinare i camerini (facendomi lasciare la cassa con i clienti). Le mie colleghe basite quanto me.

Morale della favola mi hanno aggiornato del contratto l’ultimo giorno nel momento della timbratura di uscita liquidandomi con un “sei troppo vecchia” (avevo 31 anni)

Dopo un anno, disperato perché non a caso nessuno vuole lavorare in quel negozio, il direttore mi richiama per fare delle sostituzioni estive e di malattia. Gli dico di sì. Lo chiamo il giorno prima dell’inizio del contratto dicendogli che rinunciavo al posto lasciandolo in alto mare con le assunzioni. 

Lei è diventata direttrice di un altro punto vendite ed ha visto bene di andare in maternità un mese dopo aver avuto il posto. 

Io sono stata a casa, senza lavoro, per un anno.
Ma ben contenta di non averli più rivisti.
Rinuncio ai soldi, mi tengo la dignità.",[deleted],2022-12-10T22:52:52,6,Italia,https://reddit.com/r/Italia/comments/zhosir/il_mio_primo_scontro_con_un_raccomandato/izps8jv/
zh8mfc,,iznusqk,"Al gatto non piace la macchina, quindi se vuoi portarlo con te lo devi per forza convincere e metterlo in una scatola di cartone o la gabbietta apposita che presumo non hai.
Se lo vuoi portare a casa o no, dipende solo da te. Ovviamente se usciranno delle notizie sul fatto che non si trova più un gattino allora  lo restituirai al proprietario.
Detto ciò se lo vuoi portare a casa tua magari hai intenzione di adottare un animale e non lo sapevi? Non avrai perso tempo o fatto qualcosa di sbagliato se dopo questo fatto deciderai di tenerlo o restituirlo al proprietario <3",Deep-Archer-2480,2022-12-10T14:42:23,1,Italia,https://reddit.com/r/Italia/comments/zh8mfc/trovato_gatto_cosa_fare/iznusqk/
zhm247,,iznp0pr,"Ma chi ha detto di smettere di utilizzarla? 

Bisogna smettere di prenderla come detentrice di notizie affidabili, perché innumerevoli esempi passati mostrano che non lo è.",[deleted],2022-12-10T13:53:22,2,Italia,https://reddit.com/r/Italia/comments/zhm247/ecco_un_motivo_per_chi_ancora_ne_avesse_bisogno/iznp0pr/
zhm247,,iznc5nw,"Il funzionamento di Wikipedia è sempre stato questo, affermare nel 2022 che ció possa essere fonte di diffusione di notizie errate equivale ad affermare che l'acqua sia bagnata. 

Per il resto, l'articolo è di una banalità sconcertante, riporta un'argomentazione che tutti si sono sentiti rivolgere ogni volta che a scuola hanno citato Wikipedia come fonte per una ricerca piuttosto che un sito improbabile con fonti non dichiarate e sminuisce il lavoro che viene fatto gratuitamente dalla community di Wikipedia. 

Se un babbeo si è impegnato tanto per diffondere una falsa notizia su Wikipedia non è che adesso tutto il lavoro che viene fatto su quella piattaforma è merda.",peopeopeopeo10,2022-12-10T11:27:47,6,Italia,https://reddit.com/r/Italia/comments/zhm247/ecco_un_motivo_per_chi_ancora_ne_avesse_bisogno/iznc5nw/
zgrk8v,,izm2blk,"Vero, anche se arrivano le prime notizie di mie coetanee che sono incinte.",Laurer93,2022-12-10T02:31:04,1,Italia,https://reddit.com/r/Italia/comments/zgrk8v/qual_è_la_cosa_più_normale_che_non_vi_è_mai/izm2blk/
zgebr0,,izkn5g7,"Nessuno ha mai gestito la situazione in questi anni. Nemmeno il governo Draghi ha preso in mano la questione quando è stata presentata  nonostante fosse fondamentale per ottenere i fondi europei (secondo le notizie al TG).

È un tema troppo scottante che nessuno vuole tra le mani, destra o sinistra che sia se c'è una cosa che hanno in comune è l'abilità a scarica-barile.",PlateImpossible191,2022-12-09T20:17:08,2,Italia,https://reddit.com/r/Italia/comments/zgebr0/il_governo_non_sa_cosa_fare_con_le_concessioni/izkn5g7/
zgwhdm,,izjh92g,"Figurati, vuol dire che ricevere un'iniezione di vaccino statisticamente non è associato a un'incidenza di effetti avversi differente dal ricevere un'iniezione di soluzione fisiologica. Del punto di vista di analisi dei dati, praticamente tutti gli effetti collaterali seri avrebbero una correlazione temporale ma non causale con il vaccino e si sarebbero verificati anche se si fosse iniettata fisiologica (o forse anche se non si fosse iniettato niente). Un po' come quando un anno e mezzo fa uscivano le notizie sui giornali ""investito da un'auto mentre era di ritorno dall'hub vaccinale"".",chopoffyourhead_,2022-12-09T15:47:46,6,Italia,https://reddit.com/r/Italia/comments/zgwhdm/dovrei_fare_il_vaccino_antinfluenzale_e_la_4a/izjh92g/
zgqyaz,,izj0unb,"Inviate i link alle notizie, non dei render 3D.",GiorgioPerlasca,2022-12-09T13:49:33,1,Italia,https://reddit.com/r/Italia/comments/zgqyaz/collaborazione_tra_italia_gran_bretagna_e/izj0unb/
zg2p9h,,izin3aj,"Ah paragoniamo Genova all'Iran? Ma fai sul serio?   


Il mio tempo ha valore e non ho tempo di andarti a trovare le centinaia di notizie sulla violazione dei diritti umani in Iran.   


Poichè le notizie te le devi trovare da solo non lo farai... compito a casa.   


Mi raccomando non andarci e non farci andare nessuno dicendo che è un paese civile e sicuro altrimenti con le mie povere tasse devo pagare qualche milione pure per te e per chi casa a queste fandonie.",Pure-Contact7322,2022-12-09T11:33:55,1,Italia,https://reddit.com/r/Italia/comments/zg2p9h/iran_paese_civile_e_sicuro_eseguita_la_prima/izin3aj/
zgairw,,izii45h,"No, semplicemente non gliene frega una mazza delle tue notizie. Sei tu iper-sensibile.",Zephyrus257,2022-12-09T10:27:54,2,Italia,https://reddit.com/r/Italia/comments/zgairw/oggi_una_persona_mi_ha_defollowata_su_instagram/izii45h/
zfgax4,,izexuf1,"Ascolto alle notizie da ""il giornale di repubblica"" podcast quotidiano.",parttimepicker,2022-12-08T16:47:02,1,Italia,https://reddit.com/r/Italia/comments/zfgax4/whom_should_i_listen_to_in_order_to_learn_perfect/izexuf1/
zfuxyg,,izdw2tr,"Un ex-socio, su cui riponevano fiducia, agì in maniera non professionali a livello giornalistico (fonti mio cuggino, notizie falsate), venne scoperto, il canale si scusò e lo cacciò.  
Tanto è bastato ai cultori NPC dei professionisti dell'informazione (che lo fanno di continuo, senza correggersi) per metterli in croce vita natural durante",BaffoStyle,2022-12-08T11:41:14,7,Italia,https://reddit.com/r/Italia/comments/zfuxyg/la_malainformazione_in_italia/izdw2tr/
zf289f,,izbylor,">No va beh ma lomo hai davvero citato the gray zone come fonte? HAHAHAHAHAH

Citerei anche altro, peccato che i giornali pro-establishment rifiutano di scrivere notizie contro l'Ucraina. La foto presente nell' articolo è reale però, e corrisponde a una precisa persona, facilmente verificabile.

Le leggi che il governo Ucraino sta passando per criminalizzare certe forze politiche si trovano su fonti ufficiali.

Ho già postato un report dell'ONU in cui si parla chiaramente di quello che sto dicendo. 

Venite qua a sparare stronzate senza nemmeno non dico postare fonti, ma neanche rispondere nel merito.

Spero veniate pagati, se no siete casi gravi.",TheBrognator97,2022-12-07T23:56:47,1,Italia,https://reddit.com/r/Italia/comments/zf289f/zelensky_persona_dellanno_per_il_financial_times/izbylor/
zexwz0,,iz98kf7,"Opinione non molto popolare ma alla fine l'Italia è uno stato che affonda la maggior parte della sua tradizione nella religione cristiana.
Mettere il crocifisso in classe è una cosa fine a se stessa e semplicemente impone un simbolo religioso, quindi dovrebbe essere tolto (non mi risulta che nella realtà sia veramente così). Ma le tradizioni, anche se sono ""cristiane"" sono comunque tradizioni italiane. Io non ho fatto la cresima e non facevo in generale religione, ma quando durante l'ora alle elementari si addobbava l'albero rimanevo volentieri. Lo stesso quando durante l'ora di arte facevano le decorazioni natalizie e il presepe. Trai disegnini da appendere al vetro c'era anche Gesù bambino? Be', alla fine quella è l'origine del natale... 
Se vuoi togliere tutti i riferimenti culturali e le tradizioni che hanno un'origine cristina dalla scuola, ho delle brutte notizie per te.",Iuiuuca,2022-12-07T12:27:32,15,Italia,https://reddit.com/r/Italia/comments/zexwz0/litalia_essendo_uno_stato_laico_in_tutte_le/iz98kf7/
zewaoi,,iz8zg4m,"Che cazzata a 13 anni ci si spaventa per un horror tanto da sentirsi male?? Nel 2022?! Sicuro o le notizie riportate sono esagerate o i ragazzini facevano finta, come accadeva spesso alle medie almeno da me. Letteralmente io ed i miei compagni di classe alle elementari giocavamo a God of War su Ps2 e ridevamo ai corpi squartati, a 9 anni. Figuriamoci a 13 eddai su",HotelinJapann,2022-12-07T10:30:09,6,Italia,https://reddit.com/r/Italia/comments/zewaoi/cremona_il_film_horror_in_terza_media_nellora/iz8zg4m/
ze45t7,,iz79txb,"Personalmente  il maidan nel 2013 ma emotivamente è ora ogni giorno  ho paura di adormentarmi perche dal 24 febbraio  che mi sono adormentato  alle 4 di mattina e iniziata la guerra e da allora io faccio fatica a stare tranquillo  faccio finta con mia moglie  che vada tutto bene ma dentro mi sento morire mi sento male perché ogni giorno leggo le notizie del mio comune di origine e spesso  mi rendo conto che uno dei miei compagni  non ce  più... quando ero in piazza Maidan no avevo così paura nemmeno quando ci sparavano i cecchini ora ho paura , la paura che il male arrivi a me ...",Ukraina_Peremoge,2022-12-07T00:08:17,1,Italia,https://reddit.com/r/Italia/comments/ze45t7/post_serio_qualè_la_cosa_più_spaventosa_che_tu/iz79txb/
zd77qr,,iz5te6a,La vera domanda è perché Google li aggrega tra le notizie,TuttoDaRifare,2022-12-06T18:19:01,2,Italia,https://reddit.com/r/Italia/comments/zd77qr/ma_è_legale_scrivere_queste_miate_come_è/iz5te6a/
zddtkh,,iz5iq6s,"Per me la colazione è sacrosanta e come da rituale un'oretta la dedico solo a quello, nel mentre mi leggo le notizie o guardo qualche puntata di una serie TV. Fatto questo in dieci minuti mi vesto e mi lavo e alle 6.30 sono a lavoro. Se ho qualcosa da prepararmi lo faccio la sera prima così da essere sicuro di non dimenticarmi nulla e sono anche più tranquillo.

E pensare che c'è gente che la colazione non la fa proprio!",EdoFanty,2022-12-06T17:12:09,1,Italia,https://reddit.com/r/Italia/comments/zddtkh/ma_voi_la_mattina_quanto_tempo_ci_mettete_a/iz5iq6s/
ze1udp,,iz4cnrx,"leggo notizie di braccia di donatori impiantate su amputati, perché non viene fatto anche in Italia?",Puzzled_Reference_76,2022-12-06T11:25:58,-1,Italia,https://reddit.com/r/Italia/comments/ze1udp/palermo_il_pitbull_le_strappa_il_braccio_adesso/iz4cnrx/
zddtkh,,iz4c68u,"Sveglia alle 6.00, alle 6.45 sono in auto. Doccia, colazione mentre ascolto le notizie alla radio, poi mezz'ora in auto fino al lavoro",rotondof,2022-12-06T11:19:31,1,Italia,https://reddit.com/r/Italia/comments/zddtkh/ma_voi_la_mattina_quanto_tempo_ci_mettete_a/iz4c68u/
zd77qr,,iz476jb,Notizie su Schumacher essere tipo,Gabryoo3,2022-12-06T10:06:36,2,Italia,https://reddit.com/r/Italia/comments/zd77qr/ma_è_legale_scrivere_queste_miate_come_è/iz476jb/
zd77qr,,iz43kc6,"non ricordavo fosse una signora anziana, mi aveva colpito la cosa perchè a un certo punto più che un giornale reale mi sembrava di leggere il daily bugle con le notizie scandalistiche su spiderman.... Cristo, capisco che un giornalista debba portare a casa la pagnotta ma così è essere senza vergogna.",Perfect-Cockroach,2022-12-06T09:10:22,3,Italia,https://reddit.com/r/Italia/comments/zd77qr/ma_è_legale_scrivere_queste_miate_come_è/iz43kc6/
zddtkh,,iz3oe4j,"Quando ho lezione alle 8:

Sveglia alle 6:05 

Mi alzo dal letto verso le 6:15 dove quei 10 minuti ammiro il soffitto (mai chiudere gli occhi perché anche con 200 sveglie rischio di addormentarmi)

Fino alle 6:40 in bagno per sciacquarmi la faccia, dare una riordinata ai capelli e poi anche una cagata(ovviamente momento multitasking per vedere notizie,e notifiche varie sul telefono)

6:40/6:45 Caffè e se ho voglia colazione con qualcosa di rapido

6:50 esco di casa per il bus delle 7 


Quando ho lezione alle 10 invece essenzialmente faccio la stessa routine svegliandomi alle 7:55 per poi finire con il bus delle 9",Castigames69,2022-12-06T05:44:33,1,Italia,https://reddit.com/r/Italia/comments/zddtkh/ma_voi_la_mattina_quanto_tempo_ci_mettete_a/iz3oe4j/
zddtkh,,iz3nw7q,"Quando ero in smart working mi svegliavo alle 7:45 per essere operativo alle 8.

Ora che ho cambiato lavoro mi sveglio alle 6 (se non salto le sveglie), faccio colazione con calma (sempre se mi sono svegliato in orario). Mentre mangio scrollo Instagram, reddit, leggo notizie.
Parto di casa alle 6:50 e sono a lavoro per le 7:20 se non becco traffico/incidenti.
La cagata mattutina delle 8 in punto la faccio a lavoro.",KosmoKrato,2022-12-06T05:39:05,1,Italia,https://reddit.com/r/Italia/comments/zddtkh/ma_voi_la_mattina_quanto_tempo_ci_mettete_a/iz3nw7q/
zd77qr,,iz2ilkh,"o mio dio l'ho intravvisto anche io non so dove xD chi andava a pensare che fosse inventato, ho detto poverino. avevo eliminato del tutto le notizie su Google ma oggi ho notato che si sono riattivate in qualche modo e non ci ho fatto caso, quindi deve essere da lì",Ridytattoo,2022-12-06T00:00:14,2,Italia,https://reddit.com/r/Italia/comments/zd77qr/ma_è_legale_scrivere_queste_miate_come_è/iz2ilkh/
zd77qr,,iz26lia,"Uno che esce su Bing nella pagina delle notizie è tizio che si sa essere etero (spesso calciatori)con notizia tipo "" guarda chi è il suo compagno"".",EggCreative230,2022-12-05T22:33:39,1,Italia,https://reddit.com/r/Italia/comments/zd77qr/ma_è_legale_scrivere_queste_miate_come_è/iz26lia/
zd77qr,,iz224om,"Ni.

Mesi di notizie merda bloccate e ancora mi propina calcio, gossip e MERDA.

Ho imparato a riconoscere velocemente i clickbait invece che lui a non propormeli porca la mignotta",PantaReiNapalmm,2022-12-05T22:02:28,2,Italia,https://reddit.com/r/Italia/comments/zd77qr/ma_è_legale_scrivere_queste_miate_come_è/iz224om/
zddtkh,,iz1itb9,"Io mi sveglio alle 8,55 e alle 9 sono al pc 😂 tra una mail e l’altra mi preparo la colazione e mi vesto ahaha se ho tempo e ho dormito tanto mi sveglio mezz’ora prima così ho tempo di prepararmi. Per me dormire è sacro e nn mi interessa leggere le notizie o farmi bella ahah non sono priorità",Chiara_Lyla84,2022-12-05T19:56:30,2,Italia,https://reddit.com/r/Italia/comments/zddtkh/ma_voi_la_mattina_quanto_tempo_ci_mettete_a/iz1itb9/
zd77qr,,iz1gx83,"si esatto, apri l'applicazione di Google, premi l'icona in alto a destra del tuo profilo, vai su impostazioni, risultati personalizzati e disattivi il pulsante che c'è

molte persone non lo fanno, credo perché sia comodo non aprire Google e trovarsi la barra di ricerca lì pronta, ma queste notizie mi disgustano così tanto che ho dovuto disattivarla",marzacane,2022-12-05T19:44:39,2,Italia,https://reddit.com/r/Italia/comments/zd77qr/ma_è_legale_scrivere_queste_miate_come_è/iz1gx83/
zddtkh,,iz19c6c,"Direi un'oretta, qualcosa di meno se mi preparo lo spuntino da portar via e i vestiti la sera prima, ma mi piace comunque fare colazione con calma mentre scorro le notizie del giorno.",lone_direwolf86,2022-12-05T18:55:49,1,Italia,https://reddit.com/r/Italia/comments/zddtkh/ma_voi_la_mattina_quanto_tempo_ci_mettete_a/iz19c6c/
zd5k92,,iz0tnir,"Continui a non capire il testo, hai evidenti difficolta ,potrei fare un gesto altruistico e pagarti un sostegno alla tua istruzione .... rileggitelo che sei l'unico che non ha capito.

ora sto flexando cosi ti  accontento :))

ah e  per  precisare so cresciuto senza un euro e fino a ieri contavo i soldi a fine mese e non mi sono fatto nessuna vacanza per anni quindi so  bene cosa significa e so bene quanto sia sopravvalutato  e usato il denaro come capro espriatorio(se avessi tot farei sarei etc etc....molto diversa poi la realta ma finche non provi non puoi capire ) . conosco gente senza un euro molto piu felice di me per svariati motivi.

se ti da cosi fastidio sentire dire agli altri la frase ""i soldi non sono importanti"" evidentemente ne hai molti pochi e ne soffri la situazione complice lo stato in cui siamo ci sono passato anche io e anche io ho provato quella rabbia da povero contro i ricchi e il sistema ....rabbia da fame non lucida ....Impara a stare al mondo e a giocare la partita che la vita  e il sistema ti ha concesso invece di sfogare  le tue frustrazioni sugli altri , altrimenti rimarrai un italiano medio lamentoso davanti il tg delle 20 :)

guardati le altre risposte e  i down che hai al tuo post e fatti un esame di coscienza si tratta di buon senso

hai letto probabilmente solo la prima parte come da buon italiano qualiquista lettore di titoli di notizie fb",rossi46go,2022-12-05T17:15:40,2,Italia,https://reddit.com/r/Italia/comments/zd5k92/viaggiare_da_soli_parliamone/iz0tnir/
zd77qr,,iz0h9xx,"Guarda, basta mettersi 10 minuti, scorrere il feed e bloccare definitivamente tutti i siti con notizie clickbait. In poco tempo raddrizzi l'algoritmo.",scamix_,2022-12-05T15:52:55,10,Italia,https://reddit.com/r/Italia/comments/zd77qr/ma_è_legale_scrivere_queste_miate_come_è/iz0h9xx/
zd77qr,,iz0f0d2,"Qualche settimana fa ho visto  ~~un articolo ""Incredibile Enrico Papi non ce l'ha fatta, il saluto dal palinsesto""~~ l'articolo in foto ed in realtà smetteva semplicemente di condurre un programma. Ho solamente uno screen alla mano:

https://preview.redd.it/4pqaddt7454a1.jpeg?width=1080&format=pjpg&auto=webp&s=dd4bdf82d8dbcbc3b7abf576188f704a366249c7

Fun fact: Microsoft News (o come si chiamano le notizie presentate dalla pagina ""Nuova scheda"" di Edge) sono un tripudio di sterco, scracio e carta vetrata usata

EDIT: Ho tolto il titolo che ricordavo male e messo lo screen che ho ritrovato",MarvelousJarro,2022-12-05T15:37:24,50,Italia,https://reddit.com/r/Italia/comments/zd77qr/ma_è_legale_scrivere_queste_miate_come_è/iz0f0d2/
zd25hf,,iz07wg1,Sono più interessato sul perché ci siano così tante notizie di bambini morti subito sotto,ELOgambit,2022-12-05T14:44:30,9,Italia,https://reddit.com/r/Italia/comments/zd25hf/come_far_avere_ai_figli_dei_famosi_italiani/iz07wg1/
zd77qr,,iz04llz,"l'unica cosa che si può fare è disattivare quella sezione di Google. io l'ho tolta, ne avevo pieni i ball di queste notizie inutili e mendaci che mi ritrovavo, che mi portavano via memoria e batteria del telefono per nulla",marzacane,2022-12-05T14:18:31,12,Italia,https://reddit.com/r/Italia/comments/zd77qr/ma_è_legale_scrivere_queste_miate_come_è/iz04llz/
zd0b3d,,iyzewrt,La ragione principale per quanto mi riguarda sono le notizie che leggi ogni tanto di Tizio che andava a funghi ed è stato impallinato perché qualche demente dal grilletto facile l'ha scambiato per un cinghiale.,Oscaruzzo,2022-12-05T09:11:57,16,Italia,https://reddit.com/r/Italia/comments/zd0b3d/so_già_che_verrò_crocifisso_ma_secondo_me_la/iyzewrt/
zcd033,,iywmfgz,">In un evento in Francia, sarebbe inopportuno esaltare la lotta dei francesi contro i tedeschi, nella prima o nella seconda guerra mondiale, e viceversa. 

Perché Francia e Germania fanno parte della UE. E certo che è inopportuno rigirare il dito nella piaga. 

Il Regno Unito è uscito, la von der Leyen sarà pur libera di prendersi le sue piccole rivincite? 

>Per fortuna non si tratta di un test di intelligenza.

Oh, adesso, siccome posti molte notizie credi di essere più intelligente di tutti.",[deleted],2022-12-04T19:08:54,5,Italia,https://reddit.com/r/Italia/comments/zcd033/ursula_von_der_leyen_associa_il_dominio_inglese/iywmfgz/
zc9kzk,,iyw7rve,"Un peccato, la potenzialità c’era, per un periodo era anche consigliato da Simone di Nova Lectio ed altre persone affidabili nel campo dell’informazione libera ed imparziale, ma il fondatore sta bruciato di cervello. Descrizione del profilo su YouTube “libero pensatore nomade”, palese modo per dire “Ho idee che stanno sul cazzo a tutti perché sono stronzate”.

C’è stato un periodo in cui seguivo le notizie del giornale personalmente, ma è evidente che il fondatore ha aumentato la sua influenza sugli articoli. Un peccato perché gli articoli qualche tempo fa non erano così male. Probabilmente su certi argomenti è ancora affidabile, ma poca roba ormai, tanto vale seguire fonti migliori",TestohZuppa,2022-12-04T17:34:29,2,Italia,https://reddit.com/r/Italia/comments/zc9kzk/litalia_nazionalizza_la_raffineria_russa_lukoil/iyw7rve/
zbk0wp,,iyswqg8,Che notizie hai sui dormitori per senza tetto a Verona?,notsostrong134,2022-12-03T22:23:45,-4,Italia,https://reddit.com/r/Italia/comments/zbk0wp/verona_il_sindaco_tosi_le_panchine_servono_agli/iyswqg8/
zbi8ac,,iysbl2d,"Ma sei te che hai tirato fuori che “la ricerca si fa così” hahahaha

Non ho le competenze per poter dire che i soldi sono buttati e che scientificamente Hyperloop è una merda cosa ti devo rispondere? Semplicemente non parlo di cose che non so. Ma è normale che in un processo di estrema innovazione le cose non vadano sempre lisce, non ci vedo nessuna truffa o soldi buttati. Dubito che Musk si sia presentato con una pistola costringendo dei governi ad investire 

Visto che faccio cherrypicking, aspetto con ansia le notizie di denunce e class action contro Musk il grande truffatore",MTT420_00,2022-12-03T19:54:35,1,Italia,https://reddit.com/r/Italia/comments/zbi8ac/solo_io_penso_che_elon_musk_sia_un_pazzo/iysbl2d/
zba43j,,iyrkgx1,"Grazie per la segnalazione, non capisco perché definisci l'articolo di Repubblica un click bite. Produrre notizie costa, il lavoro dei giornalisti va pagato, perché dovrebbero lavorare gratis? 

L'articolo originario dà un quadro della situazione più problematico di quello della sintesi su Repubblica:

Multiple legionnaires allege light weapons, including Western-provided arms, go missing. Legionnaires suspect specific commanders of misappropriation.
Soldiers claim certain commanders threaten them with guns, bully them, and harass them, including sexually.
Soldiers accuse particular commanders of stealing their personal equipment.
For flagging the leadership’s wrongdoings as well as for being sick, soldiers allegedly get kicked out of the Legion under made-up pretexts like being spies or deserters.",notsostrong134,2022-12-03T16:47:22,-4,Italia,https://reddit.com/r/Italia/comments/zba43j/armi_usa_rubate_e_rivendute_saccheggi_volontari/iyrkgx1/
zbcurm,,iyramrc,"Sono non-notizie per non-lettori in cui quello che interessa è la mistificazione, non certo fare capire come funzionano le cose in tempo di guerra. Si rivolgono a persone disposte a lottare solo per se stesse e quindi destinate al fallimento.",RedBalaklava,2022-12-03T15:40:34,1,Italia,https://reddit.com/r/Italia/comments/zbcurm/ucraina_kiev_nega_il_diritto_allobiezione_di/iyramrc/
zba43j,,iyqgy18,"Fake news.. palesemente notizia falsa finanziata da qualche oligarca russo o direttamente da Putin.
Noi in Ucraina stiamo difendendo i valori di civiltà è democrazia... il bene vince sempre sul male

Jokes
Occhio a postare queste notizie che si viene subito attaccati come filorussi. Lo dico per esperienza, specialmente su reddit. non puoi andare contro la narrativa dei media",Zealousideal-Hurry58,2022-12-03T10:33:08,0,Italia,https://reddit.com/r/Italia/comments/zba43j/armi_usa_rubate_e_rivendute_saccheggi_volontari/iyqgy18/
z9zztz,,iyog6tt,"Il dato tragico é che tu parli di spunto di verifica pur ignorando che le notizie che tu citi sono state verificate e smontate una ad una da mesi. Non solo ignorante, anche saccente",albertayler,2022-12-02T22:29:32,1,Italia,https://reddit.com/r/Italia/comments/z9zztz/la_corte_costuzionale_ha_ribadito_la_legittimità/iyog6tt/
zafa73,,iymuuk0,"Dopo il Colorado hanno legalizzato più di una trentina di altri stati spesso con leggi ancora più permissive

Hai sentito notizie ingigantite da proibizionisti che si aggrappano agli specchi perché sono stati ridicolizzati dalla realtà",arricupigghiti,2022-12-02T16:02:05,8,Italia,https://reddit.com/r/Italia/comments/zafa73/brescia_duro_colpo_allo_spaccio_la_finanza/iymuuk0/
zafa73,,iymf3ol,"Adesso le altre notizie del giorno: un possibile incendio nella caserma dei Carabinieri di Firenze si è rivelato essere un'emissione spontanea di non ben precisate sostanza chimiche dall'odore piuttosto insolito. La questura ha annunciato di non avere diramato nessun ordine a riguardo.

Ed ora al traffico: un corteo non autorizzato di autovetture appartenenti alle forze dell'ordine è stato visto sfilare nel centro di Firenze, gli abitanti del luogo hanno affermato di aver udito frasi ingiuriose provenienti dagli altoparlanti delle autovetture, come: ""Passa la canna"" e ""Metti sotto la vecchietta!""",Aurex86,2022-12-02T14:08:19,0,Italia,https://reddit.com/r/Italia/comments/zafa73/brescia_duro_colpo_allo_spaccio_la_finanza/iymf3ol/
zae3da,,iyludu6,">Also, il senso del post?

Il ragazzo ha pagato, è un redazionale, alla fine. L'intervista è reale, ma farsi pubblicità al di fuori dei canali usuali fa comodo a tutti, e i giornali sono tutti in crisi, non possono più fare gli schizzinosi. 

Negli ultimi anni ho notato la presenza di interviste del genere a varie categorie di persone, e hai ragione, l'interesse da un punto di vista giornalistico, perlomeno per un quotidiano generalista e incentrato sulle notizie di politica e di cronaca, è molto vicino allo zero. Diverso sarebbe per un giornale di soli pettegolezzi, o di costume e tendenza. 

Incidentalmente anche il corrispettivo femminile, pubblicato alcuni giorni prima sempre sul *Corriere*, ha pagato: https://torino.corriere.it/notizie/tempo-libero/22_dicembre_02/annalisa-oddone-ho-aperto-un-profilo-su-onlyfans-ero-stanca-di-due-lavori-per-vivere-38eec524-4ab5-41d8-8cb5-a2a8381c7xlk.shtml",[deleted],2022-12-02T10:20:49,3,Italia,https://reddit.com/r/Italia/comments/zae3da/samuele_non_sono_gay_ma_giro_video_per_uomini_su/iyludu6/
z9j1pd,,iylp6it,"Io seguivo il bollettino quotidiano che mandavano tramite telegram, non riuscivo a guardare la TV per le troppe notizie covid dipendenti e mi sono fatto una cultura su YT.",Dakem94,2022-12-02T09:02:48,1,Italia,https://reddit.com/r/Italia/comments/z9j1pd/questi_anni_di_pandemia_hanno_causato_tanti_danni/iylp6it/
z9kd3q,,iyjzx7t,"Ogni volta che leggo questo notizie, e leggo certi commenti mi rendo conto di quanto sia fortunato ad avere una famiglia che mi ha supportato SEMPRE in tutto e per tutto. Quando a 28 anni ho deciso di mollare un lavoro sicuro con contratto indeterminato per provare a seguire il mio sogno di fare musica e lavorare nel cinema, mia madre è stata solo che felice e pronta a supportarti (io non mi son mai fatto pagare niente, né dei miei studi né dei materiali, però vivo sempre a casa sua), mio padre purtroppo non c'è più da un po', ma sono abbastanza sicuro che avrebbe reagito allo stesso modo.
Mi dispiace veramente tanto leggere certi vostri commenti che dicono che i genitori li sottopongono a continue vessazioni se non sono perfetti con i tempi.
Se posso dirvi la mia, il tempo di lavorare c'è anche dopo che avete finito quello che dovete finire con i vostri tempi. Tanto vale provare a fare qualcosa che si ama.
È ricordate che spesso è volentieri chi vi parla così, è invidioso perché si accorge che la sua vita è stata ""gettata al vento"".",andrewlebowski,2022-12-01T23:26:51,5,Italia,https://reddit.com/r/Italia/comments/z9kd3q/riccardo_è_morto_per_la_bugia_sulla_laurea_la/iyjzx7t/
z9me3x,,iyjj9kc,"Perché tipicamente alla cartella di disegnini porno dai un nome tipo r/worldpolitics per non destare sospetti. Per contrasto, hanno chiamato il sub di notizie anime titties.",coverlaguerradipiero,2022-12-01T21:30:33,5,Italia,https://reddit.com/r/Italia/comments/z9me3x/la_sorprendente_propaganda_del_partito_comunista/iyjj9kc/
z9j2wu,,iyibni0,"Ogni volta che vedo video o sento notizie riguardanti gli stati uniti mi sorprendo di come quelle bestie ignoranti non so siano ancora estinte. Qua parlo un po' dell'umanità in generale, ma gli americani sono proprio più stupidi della media!",Big-Manner9414,2022-12-01T16:50:40,0,Italia,https://reddit.com/r/Italia/comments/z9j2wu/obesità_negli_usa/iyibni0/
z8u7em,,iyhtc6e,"Se ci arrendiamo alle ingiustizie in questo modo, tanto vale spararsi subito un colpo in testa e via. Se cambierà qualcosa, sarà proprio perché qualcuno condivideva le notizie.",_redman17,2022-12-01T14:44:30,1,Italia,https://reddit.com/r/Italia/comments/z8u7em/in_palestina_le_forze_israeliane_hanno_demolito/iyhtc6e/
z9n2x8,,iyhpznu,"Il fatto è che già esiste qualcosa di molto meglio: YouTube.
Per fare divulgazione il video editato e caricato è 100 volte meglio. Al massimo un commento delle notizie del giorno si può fare ogni giorno, ma divulgazione vera e propria la vedo dura da fare tutti i giorni in diretta.",katresi,2022-12-01T14:18:49,3,Italia,https://reddit.com/r/Italia/comments/z9n2x8/pensiero_estemporaneo_mentre_sono_sul_cesso/iyhpznu/
z9kd3q,,iyhcc0g,"Posto le notizie che mi interessano, riprese dai giornali che leggo. Non sei obbligato a leggerle né a condividere con me le tue scelte di lettura.

Grazie.",notsostrong134,2022-12-01T12:09:46,9,Italia,https://reddit.com/r/Italia/comments/z9kd3q/riccardo_è_morto_per_la_bugia_sulla_laurea_la/iyhcc0g/
z9gtxs,,iygvyn9,"Bisnonno andato in Etiopia durante gli anni della guerra, mai avuto più notizie.",Ok-Aardvark-9029,2022-12-01T08:14:58,1,Italia,https://reddit.com/r/Italia/comments/z9gtxs/ma_voi_sapete_dove_sono_sepolti_i_vostri_bisnonni/iygvyn9/
z8r6u6,,iyf6dzg,">Va bene ma una traduzione letterale non sempre è la migliore

Bizzarra teoria. Quale sarebbe la traduzione migliore, scusa? Forse lasciare tutto in una lingua che il 99 % degli italiani finge di conoscere, ma non conosce?

>e sta di fatto che feste del delirio è una descrizione sbagliata o almeno imprecisa degli eventi

Sembra quasi che l'abbia coniata io. Ti informo che questa locuzione è nata verosimilmente nel Regno Unito, e negli anni Sessanta, io all'epoca abitavo in Italia ed ero troppo giovane per interessarmi alle feste. Ti rivelo un segreto: un madrelingua inglese che la sente senza essere stato esposto a notizie di cronaca sul fenomeno ha la stessa identica percezione di un madrelingua italiano che sente ""festa del delirio"".

E pure la traduzione in italiano non è che sia questa enorme novità, eccola in una rivista del 1998, *Kos*: [https://www.google.it/books/edition/Kos\_cultura\_medicina\_scienze\_umane/zgcpAQAAIAAJ?hl=it&gbpv=1&bsq=%22festa+del+delirio%22&dq=%22festa+del+delirio%22&printsec=frontcover](https://www.google.it/books/edition/Kos_cultura_medicina_scienze_umane/zgcpAQAAIAAJ?hl=it&gbpv=1&bsq=%22festa+del+delirio%22&dq=%22festa+del+delirio%22&printsec=frontcover)",Curious-Voice1732,2022-11-30T22:58:00,1,Italia,https://reddit.com/r/Italia/comments/z8r6u6/la_controversa_norma_sui_rave_party_le_feste_del/iyf6dzg/
z8u7em,,iyex6nw,"Ma sei scemo? E certo allora smettiamo di scrivere giornali o di guardare il telegiornale, tantk non serve a niente dire le notizie, mica cambiano le cose",masr223,2022-11-30T21:53:07,5,Italia,https://reddit.com/r/Italia/comments/z8u7em/in_palestina_le_forze_israeliane_hanno_demolito/iyex6nw/
z8u7em,,iye51gr,"ma perchè continuate a riportare ste notizie? tanto non fa nulla nessuno.

Ad una certa bisogna arrendersi che alla fine gli israeliani spazzeranno via tutti i palestinesi dalla palestina e fine.",Scarsocontesto,2022-11-30T18:51:25,-7,Italia,https://reddit.com/r/Italia/comments/z8u7em/in_palestina_le_forze_israeliane_hanno_demolito/iye51gr/
z81oow,,iycxitw,"Sono 20 anni che si leggono queste notizie, perché le riforme sono cominciate nel 98! Ma preparai a cosa, che conosco fior di ingegneri che, nel migliore dei casi, dopo 20 anni di lavoro guadagnano 1700 euro al mese con contratto da metalmeccanico? E questi sono i fortunati, perché di ingegneri con lavoro a chiamata, precari, o partita iva col datore di lavoro che non paga, ne conosco dozzine, solo a Torino. Pensi che i precari siano solo persone con la terza media? Io ho laurea in legge magistrale e parlo tre lingue alla perfezione (italiano, tedesco e e inglese) con tanto di certificati e esperienza all’estero e, quando lavoro, lo faccio on contratto precario o piva. Secondo te, che altro avrei dovuto fare, per prepararmi meglio, studiare da astronauta? In compenso, i miei capi boomers é un miracolo se sanno fare la o senza il bicchiere, addirittura confondono art base del cod civile e si offendono se glieli correggi. L’occasione fa l’uomo ladro e se questa é la situazione é semplicemente perché, al contrario di altri paesi civili, i nostri legislatori la permettono.",Dynamitenerd,2022-11-30T13:57:52,1,Italia,https://reddit.com/r/Italia/comments/z81oow/la_notizia_del_bonus_di_natale_è_lennesima_prova/iycxitw/
z81oow,,iycwplh,Saranno 20 anni ormai che si leggono queste notizie.. A maggior ragione conviene studiare e prepararsi per non fare quella fine,sunurban_trn,2022-11-30T13:51:07,1,Italia,https://reddit.com/r/Italia/comments/z81oow/la_notizia_del_bonus_di_natale_è_lennesima_prova/iycwplh/
z81oow,,iyctica,"Ah ma figurati, la mia vita la vivo comunque. Però leggo le notizie, vedo com'era in passato e mi parte la combinazione Mosconi-Hitler-Yosemite Sam.",FringoloFrangolo,2022-11-30T13:22:39,1,Italia,https://reddit.com/r/Italia/comments/z81oow/la_notizia_del_bonus_di_natale_è_lennesima_prova/iyctica/
z8mit3,,iycmlqp,Qanon usano ste notizie per supportare le proprie teorie del complotto è un dato di fatto.,AndreaCicca,2022-11-30T12:14:28,9,Italia,https://reddit.com/r/Italia/comments/z8mit3/balenciaga_si_è_cacciata_in_un_guaio_il_post/iycmlqp/
z8ntan,,iyciqz2,"Che sarebbe lo stesso dell'invitarla a casa tua e quella ti da una botta in testa.

Non ci sono le recensioni in quei siti? Altrimenti ci vai con abbigliamento povero, soldi contati e avvisi un tuo amico che ""se non hai notizie entro 2h chiama la polizia""",r_m_z,2022-11-30T11:29:14,8,Italia,https://reddit.com/r/Italia/comments/z8ntan/come_andare_da_una_escort_in_modo_affidabile_e/iyciqz2/
z81oow,,iych8rr,"Ma basta leggere fb cazzo....Siete peggio delle spugne, con certe ""notizie"".",Zonalimitatore,2022-11-30T11:09:59,1,Italia,https://reddit.com/r/Italia/comments/z81oow/la_notizia_del_bonus_di_natale_è_lennesima_prova/iych8rr/
z81oow,,iyapkjh,Notizie che sono armi di distrazione di massa. Guardiamo il parlamentare che si regala l'ipad in modo da ignorare i buchi neri della spesa pubblica.,ba0lian,2022-11-30T00:17:06,6,Italia,https://reddit.com/r/Italia/comments/z81oow/la_notizia_del_bonus_di_natale_è_lennesima_prova/iyapkjh/
z8358n,,iya19b1,"Penso sia più o meno così (ma non sono un esperto né di Storia né di Politica):

Suppongo che sia possibile solo se la società riesce ad isolarsi al punto da rendere inimmaginabile il **concetto** di consenso popolare (tipo Nord Corea). I casi di Italia e Germania si sono basati sul consenso popolare, almeno all'inizio. Poi è entrata in gioco la macchina della repressione di Stato, e a quel punto bastava il consenso di quelli che in Italia chiamavamo gerarchi. A quel punto direi che più che sul consenso questi regimi si basassero sull'indifferenza. **Non serve che le persone siano d'accordo** con quello che viene fatto... basta che non gli interessi abbastanza da intervenire. Da un certo punto di vista questo è simile a ciò che succede oggi in Russia (dove, non so se hai letto le notizie) pare che nessuno protesti più contro la guerra.",Emanuele002,2022-11-29T21:27:23,1,Italia,https://reddit.com/r/Italia/comments/z8358n/puo_esistere_una_dittatura_o_autocrazia_senza_il/iya19b1/
z700z8,,iy7qan3,"""Cazzomene cazzi loro"" è esattamente ciò che penso quando leggo/sento che tizio ha ammazzato caio perché gli doveva 10mila euro e utili notizie simili",sunurban_trn,2022-11-29T11:04:52,0,Italia,https://reddit.com/r/Italia/comments/z700z8/perché_esiste_la_cronaca_nera/iy7qan3/
z700z8,,iy7oz2j,"Perche fanno audience, come le notizie sul calcio etc.

Sono di fatto inutili e spesso controproducenti, e creano un vero e proprio problema sociale. ma ormai sono traino storico e culturale del mondo news.",Randyknob,2022-11-29T10:46:38,1,Italia,https://reddit.com/r/Italia/comments/z700z8/perché_esiste_la_cronaca_nera/iy7oz2j/
z700z8,,iy7mj2y,"Sei un sociopatico bro lol.   
Al di là di tutte le motivazioni che ti sono state date e che hai liquidato con un semplice ""cazzomene cazzi loro"", è giusto che vengano rese pubbliche questo genere di notizie perché in tantissimi casi certe cose accadono perché lo stato fallisce nel proteggere i suoi cittadini, quindi esprimere pubblico cordoglio è veramente il minimo.   
Lo sport coinvolge milioni di persone ma non tutte come nel caso di un fatto di cronaca, quindi bisognerebbe dare meno spazio a queste notizie e relegarle in canali appositi per i tifosi",Charlene_Morgan,2022-11-29T10:11:24,3,Italia,https://reddit.com/r/Italia/comments/z700z8/perché_esiste_la_cronaca_nera/iy7mj2y/
z700z8,,iy7mdbb,Semplice distrazione dalle notizie davvero importanti.,Martss0,2022-11-29T10:09:09,2,Italia,https://reddit.com/r/Italia/comments/z700z8/perché_esiste_la_cronaca_nera/iy7mdbb/
z73nw9,,iy7liay,"Grazie per il tuo commento! Sarei curioso di avere altre notizie su ""cosa si mangiava prima"" se le hai, mi incuriosice molto.

Nella mia PERSONALISSIMA esperienza, ho provato più di una volta trovare farina di frumento ""forte"" (ad alto livello di glutinina e gliadina) coltivata in Italia. Pare che semplicemente il suolo e il clima italiani non siano adatti alla coltivazione di quel tipo di frumento. Ci potrebbero essere altre ragioni, ma al momento questo è quello che ho scoperto parlando con i coltivatori diretti della pianura padana.

ERGO, la farina di frumento ""debole"" è buona solo per fare roba industriale secca:  
\- biscotti  
\- merendine industriali  
\- crackers  
\- piadine

STRANAMENTE, è esattamente quello che l'industria ci invita a mangiare in maniera copiosa. E STRANAMENTE, ho passato tutta la mia infanzia con tonnellate di biscotti e pubbilicità della Mulino Bianco.  
Benché non sia detto che a priori questo tipo di consumo faccia male, consiglio vivamente, come si dice qua sopra, di ridurne il più possibile il consumo regolare.",sweetsuicides,2022-11-29T09:56:34,2,Italia,https://reddit.com/r/Italia/comments/z73nw9/colazione_dolce_o_colazione_salata_perchè_siamo/iy7liay/
z700z8,,iy7h6j9,"Ormai i tg dedicano un quarto del tempo a notizie legate al governo, il resto alla cronaca, gossip e calcio. 
È così che si hanno i ""cittadini informati"".",PadreMaronn0,2022-11-29T08:51:15,1,Italia,https://reddit.com/r/Italia/comments/z700z8/perché_esiste_la_cronaca_nera/iy7h6j9/
z79hg0,,iy7d3fx,Io ho sempre pubblicsto le grandi notizie. Certo che non pubblicherò mai ad esempio' 'Milan Samp 1 1 pareri' perché c'é un sub apposta.,NachoGarySanchez,2022-11-29T07:52:44,4,Italia,https://reddit.com/r/Italia/comments/z79hg0/terremoto_juve_si_dimette_tutto_il_cda_lascia/iy7d3fx/
z700z8,,iy6d4c7,"Arrivo tardi ma te la butto lì: 
 
Certe cose hanno un utilità estremamente palese che non capisco manco come possa sfuggire, per dire: 
Se tizio X accoltella Y e fugge, magari diffondere la faccia di X per trovarlo ha una certa utilità. 
Se tizio X strangola la sua ragazza perché questa lo voleva mollare, magari ti è utile come reminder che la violenza sulle donne è ancora vomitevolmente diffusa. 
Se tizio X pesta a morte tizio Y perché nero, stessa cosa ma col razzismo. 
Applicabile a pressoché qualsiasi tipo di discriminazione per altro. 
 
L’esposizione mediatica inoltre permette a persone che magari hanno informazioni di farsi avanti. 
Magari non c’entri niente col crimine ma per caso ti capita di vedere qualcosa che può tornare utile alla polizia, ma se non sai manco che il crimine c’è stato di certo non glielo vai a dire. 
 
Si può discutere di come la cronaca nera venga presentata, indubbiamente, ma non mi puoi venire a dire che non serve perché a te non interessa. 
 
Flash news, non tutto deve essere fatto in funzione di cosa interessa a te. 
A me dello sport me ne sbatte meno che della collezione di francobolli del mio trisavolo, le notizie sportive per me sono quanto di più futile esista al mondo, ma mica mi lamento se i notiziari parlano di sport. So di non esistere solo io sul pianeta.",yasyark,2022-11-29T02:01:52,5,Italia,https://reddit.com/r/Italia/comments/z700z8/perché_esiste_la_cronaca_nera/iy6d4c7/
z6x5h1,,iy4c6lh,"Punto uno, non hai capito che siamo tutti italiani per un pezzo di carta oggettivamente. Se per te avere la cittadinanza non significa appartenere a un popolo, mi sa che le idee te le devi chiarire tu. E comunque visto che anche gli olandesi devastano città per il calcio, questi mi sembrano perfettamente integrati.

Gli hooligans sono specificatamente inglesi, poi il termine viene applicato anche ad altri tifoserie, ma sono nati in Inghilterra e identificano principalmente i tifosi inglesi violenti, fai un giro su wikipedia se non ci credi. Se non specifichi lo stato di appartenenza, il termine generico indica quelli inglesi.

Io non ho mai detto di poter spiegare la violenza lol.
Ho solo sottolineato il razzismo che accompagna queste notizie, se l'avesse fatto un altro gruppo etnico, non ci sarebbe tutto questo clamore

E comunque ci sono stati scontri fra ultras anche ieri in Italia. Ma questi sono italiani nati e cresciuti quindi non fanno notizia, perché si sa, la cultura italiana è la migliore e soprattutto non violenta 🤷🏻‍♀️",Najka42,2022-11-28T17:34:19,2,Italia,https://reddit.com/r/Italia/comments/z6x5h1/terrore_ad_amsterdam_guerriglia_urbana_dopo/iy4c6lh/
z6x5h1,,iy425br,"Ahem.

Punto uno, quindi anche tu e chiunque altro italiano (io compresa) è ospite in Italia.

Punto due, hai mancato la /s. Comunque se vai solo per appartenenza di sangue, a un popolo, ho brutte notizie per te. 

Punto tre, gli hooligans sono solo esclusivamente i tifosi estremisti inglesi. 

Tenta di nuovo.",Najka42,2022-11-28T16:27:03,0,Italia,https://reddit.com/r/Italia/comments/z6x5h1/terrore_ad_amsterdam_guerriglia_urbana_dopo/iy425br/
z682gd,,iy3cm4g,"E allora vedi che la soluzione esiste 😅

Beh, sentendo le notizie di attualità sarebbe giustificata anche la paura, io ne avrei fossi donna.. va beh, la tua soluzione è semplice, sempre considerando che fosse quella la motivazione per la quale hanno allontanato il ragazzo",BrownMantis,2022-11-28T13:05:21,0,Italia,https://reddit.com/r/Italia/comments/z682gd/sono_stato_cacciato_dai_camerini_di_un_negozio/iy3cm4g/
z67cqn,,iy0myh8,"1200-1400 euro sono uno stipendio medio in Italia. Se ti aspetti ti entrare nel mondo del lavoro e guadagnare molto di più ho brutte notizie per te (ovviamente salvo casi dove sei altamente specializzato in determinati ruoli specifici (ingegnere aerospaziale ed entri in Leonardo, caso estremo lo so ma è per fare un esempio).

Prima di guardare al danaro, il mio consiglio è che tu possa guardare anche a due fattori che ritengo fondamentali dopo anni di lavoro:

1) ambiente lavorativo (con chi/cosa lavorerai)

2) se quel lavoro/materia ti piace davvero, perché dovrai farlo per tutta la vita. Fare qualcosa che ti fa anche guadagnare 3000 euro al mese per tutta la vita ma che ti fa cagare a striscio ti uccide la salute.",Sahlokn1r,2022-11-27T21:14:21,10,Italia,https://reddit.com/r/Italia/comments/z67cqn/diventare_fisioterapista_in_italia_ha_senso_o_si/iy0myh8/
z5g2tt,,ixz5pe7,"Questo post chiaramente non aveva articoli di riferimento, tanto che ha flair ""cabaret"", sennò sarebbe stato con flair ""notizie"".

Che palle mi tocca lasciare anche r/Italia dopo r/italy.

Saluti.",dska22,2022-11-27T15:11:40,1,Italia,https://reddit.com/r/Italia/comments/z5g2tt/salvini_è_sempre_più_un_meme_dalla_home_di/ixz5pe7/
z5czok,,ixynj62,"A me sembra di essere stato invece bombardato di notizie sul caso, peraltro comprensibilmente: è un parlamentare che vede coinvolti dei familiari in una vicenda potenzialmente davvero pesante. 

Non voglio suggerire il banale ""non poteva non sapere"", non sta a me, quella che mi è dispiaciuta è la reazione del deputato: patetica, ridicola, indegna.

Un mese fa non sapevo nemmeno chi fosse questo tizio e francamente, da quello che ho visto finora almeno, non ne avevo bisogno.",PassWordizle,2022-11-27T12:15:09,3,Italia,https://reddit.com/r/Italia/comments/z5czok/caso_aboubakar_soumahoro_ma_non_vi_sembra_che_i/ixynj62/
z5yt3s,,ixylp0n,"Ti dirò, spesso in realtà non è neanche colpa di Google, tranne ovviamente nei casi in cui ha interesse a falsare le ricerche.

Mettiamo caso che io cerchi notizie su qualcosa accaduto in Italia: troverai sopra tutte le ricerche un sito di notizie che non per forza contiene quella notizia, ma anche una simile. Quel sito che vedi in cima a tutto anche se non è direttamente pertinente è il sito che ha PAGATO (e spesso neanche poco) per essere in cima alla lista. Google quando mette le ricerche in cima alla lista se pagano capisce poco di cosa tratta nello specifico il sito, ma ci mette l'etichetta ""notizie"". 

Quindi per fare in modo che il sito venga visto dal numero di persone prestabilito (è un range che aumenta o diminuisce in base a quanto paghi, non sarà mai un numero preciso) Google te lo farà vedere anche se non è ciò che cerchi nello specifico.

Perché dopo la prima pagina è tutta fuffa? Perché lì ci sono i siti meno visitati, che spesso per attrarre gente mettono fake news o robe non verificate.",LorexITA,2022-11-27T11:51:12,3,Italia,https://reddit.com/r/Italia/comments/z5yt3s/da_ridere_preoccupante_criticabile_google_falsa_i/ixylp0n/
z566e4,,ixwpxe1,"Quando leggi notizie del genere ti rendi solo conto che la scuola ha fallito. Come fa un ragazzino di 11 anni a vivere una situazione del genere a scuola, il luogo della formazione e della cultura che dovrebbe formarti come cittadino del domani? 

Il bullismo ormai è diventato solo un tema da compitino di italiano e momento di ""pausa scolastica"" per far vedere film o video di sensibilizzazione che produce scarsi risultati.
Non è mai stato preso seriamente e mai lo sarà. 
""Eh sò ragazzi""",rainey_mort,2022-11-26T23:46:48,7,Italia,https://reddit.com/r/Italia/comments/z566e4/bullismo_11enne_vessato_da_tre_compagni_i/ixwpxe1/
z59jcq,,ixvexor,"Nelle redazioni il nome della signora era il segreto di pulcinella, perché prima di darlo a Report si era rivolta al *Fatto quotidiano* e forse ad altri giornali ancora. A volte non è necessario scomodare la tecnologia e le tecniche di analisi forense, basta una confidenza dall'amico giornalista (e tutti i poliziotti hanno amici giornalisti, perché alcune notizie arrivano prima a loro che agli organi di Stato).",Curious-Voice1732,2022-11-26T18:01:27,2,Italia,https://reddit.com/r/Italia/comments/z59jcq/indagata_la_fotografa_dellincontro_tra_renzi_e_i/ixvexor/
z47931,,ixqe3jq,Ma per fortuna che le notizie sono fesserie del genere e non sparatorie o rapine.,OrobicBrigadier,2022-11-25T14:21:44,2,Italia,https://reddit.com/r/Italia/comments/z47931/notizia_degna_di_essere_pubblicata_sul_giornale/ixqe3jq/
z1h74b,,ixnuu01,"il fatto (e scusate il ritardo per questo commento, mi è sorto in mente soltanto adesso) è: prima tutti nascondevano e nessuno divulgava notizie scomode (i ""bei vecchi tempi"" ─ sarcasmo ─ dei regimi e segreti di stato), poi con la libertà di stampa tutti si sono messi a fare allarmismo, perché ciò che fa notizia attira gente e sembra che stiano a fare chissaché anche nelle sciocchezze (il cosidetto sensazionalismo), e adesso qualsiasi notizia che cita qualcosa di scomodo per qualcuno o realmente pericoloso viene etichettata come allarmismo. non so, forse vogliono tornare ai regimi, oppure è soltanto tanta confusione mentale diffusa a livello di specie.",7OVO7,2022-11-24T21:56:44,1,Italia,https://reddit.com/r/Italia/comments/z1h74b/arrivano_i_batteri_superresistenti_agli/ixnuu01/
z3oznx,,ixnsnvk,"Si ma l’autrice dell’articolo la critica la muove soprattutto verso i giornalisti italiani che hanno ripreso la notizia dando per scontato che sia vera, mentre lei fa le stesse identiche cose, se non peggio, visto che lei prende le notizie dal New York Times e da per scontato che siano vere.",kubagol1,2022-11-24T21:39:22,4,Italia,https://reddit.com/r/Italia/comments/z3oznx/fakenews_se_i_media_italiani_facessero_come_lap/ixnsnvk/
z3czil,,ixmzq88,">Non ne sono molto a conoscenza a riguardo, se sapresti darmene, sarei curioso di approfondire qualcosa

Greenpeace, WWF, Legambiente, le centinaia di associazioni locali, Fridays For Future. Ognuna con fondi enormi dietro, e l'unica che più o meno ha portato veramente ad un minimo di qualcosa in tempi minimamente ragionevoli sono stati FFF con le proteste. 

 

>Basta protestare in modo intelligente, senza andare a fare chissà quali dimostrazioni

Non sarebbero proteste, allora, ma semplici manifestazioni. Che tra l'altro vengono fatte regolarmente da anni.

&#x200B;

>Questo lo dici tu che non capiscono cose

E che differenza ci sarebbe tra dire quello e dire che sono immaturi? In quel contesto si intende che falliscono nel comprendere cose per via della loro età, il che però perde un po' di correttezza se si considera che in mezzo alle proteste erano anche molto presenti ricercatori con dottorati di ricerca.

> Di sicuro non ho votato a destra. Hai cortesemente qualche link di materiale sull'educazione ambientale?

 Bene che non hai votato a destra, si apprezza sempre. Se l'inglese non è un problema suggerisco moltissimo il canale youtube di Ecosia ed il loro blog. Sono il motore di ricerca che usa tutti i profitti per combattere la deforestazione e in generale aiutare l'ambiente (gli stimo molto e ho pure visitato la loro sede a Berlino, gente veramente in gamba che ci crede). Altri canali bellini sono **Adam Something** (focus sopratutto sull'architettura urbana e la creazione di città sostenibili), ""**DW planet A**"" è parte di una rete giornalistica tedesca e riporta notizie fatte molto bene sull'ambiente nel loro canale (in inglese), consiglio molto.  

In Italiano non ne conosco moltissimi ma la pagina insta di **FFF** ogni tanto pubblica cose interessanti su eventi locali, che credo sia importante leggere ogni tanto (tipo i lavori orrendi che vogliono fare alla tangenziale di Bologna). Consiglio anche fortemente i due documentari su Netflix di David Attenborough  ""**A life on this planet**"" ""**Breaking Boundaries**""

Sicuramente ce ne sono molti altri ma questi sono un buon inizio e danno già una buona formazione. Rileggendo effettivamente ho usato toni troppo cattivi e avrei potuto esprimermi in modi migliori. Scusa, è praticamente tutto il giorno che discuto qua sopra e ci sto perdendo la testa. Mi sa che è ora di fare una pausa da Reddit e starci lontano per qualche giorno",Fix_a_Fix,2022-11-24T18:03:25,1,Italia,https://reddit.com/r/Italia/comments/z3czil/gli_attivisti_per_il_clima_mettono_in_conto_di/ixmzq88/
z2yzrb,,ixlno1t,"E DIGLIELO!

""Guarda l'idea mi incuriosisce ma non mi sento pronta per una relazione""

Raga comunicate con le persone, anche se dovete dare brutte notizie c'è sempre il modo corretto di darle.",MrMoro25,2022-11-24T11:07:15,3,Italia,https://reddit.com/r/Italia/comments/z2yzrb/lex_e_la_relazione_seria/ixlno1t/
z2oa6v,,ixhiq45,"Io sono straconvinto che la crisi della sinistra sia dovuta **principalmente** ai giornali. In un’era in cui l’attivismo e la partecipazione alle sedi di partito è stata sostituta dalla *readership*, i giornali o l’editoria e i media in generale dovevano/devono svolgere la funzione di coinvolgimento. 

Mi ricordo L’Unità di Furio Colombo, brava persona per carità, ma che vuoto! Non c’erano notizie o approfondimenti, solo perifrasi anti-berlusconiane che va bene una, due, tre volte, poi erano fotocopie. Il periodo in cui Padellaro creò il Fatto Quotidiano (la sinistra legalista, cioè il minimo tecnico di sinistra che pur veniva a mancare). 

Veltroni, che in fondo non è stato proprio un Che Guevara (anzi fu quello che si dimise dal PD dopo qualche mese dall’averlo fondato…), durante la guida all’Unità creò un legante culturale incredibile durante gli anni 90, riempiendo le case della produzione musicale e cinematografica della storia della cultura italiana e mondiale. Ogni sabato ci si confrontava con un film di Rosi, di Kasdan, di Pasolini, etc. e difficilmente si bevevano le paraculate che fanno a stento a dire oggi i vari Giannini.

Repubblica Milano online sembra un’appendice un po’ triste di Vogue. I giornali ex-prestigiosi sono spam da anni. Un paio di settimane fa ho visto un’”intervista” di Gramellini e Vecchioni a D’Alema, *infastidito dalla sua stessa presenza, disciamo* e non era un incubo, l’hanno fatta veramente. 

L’unica cosa bella, bella veramente, che c’è adesso nei media tradizionali è *via dei Matti numero 0*, che evita l’attualità quasi completamente. Anche *Belve* è fantastico, ma rimaniamo nel disimpegnato. 

Siamo nel deserto 🌵",logosfabula,2022-11-23T14:19:43,14,Italia,https://reddit.com/r/Italia/comments/z2oa6v/lunità_rinasce_per_la_quarta_volta_saremo_un/ixhiq45/
z1uay0,,ixh1lpi,"1) I giornali locali generalmente riportano solo notizie di cronaca quindi sono fatti raccontati così come sono successi, che stai dicendo? Se adesso andassi su Repubblica, il Corriere o qualche altro grande giornale nazionale troverei il solito articolo di politico o a sfondo politico biased.
2) no, i politici su Twitter parlano al loro elettorato quindi dicono chiaro ciò che pensano e come chi li sostiene vuole sentirli parlare. I giornali poi scelgono cosa evidenziare o come farli apparire.
3) uso incorretto dello ""sticazzi"".",[deleted],2022-11-23T11:35:31,1,Italia,https://reddit.com/r/Italia/comments/z1uay0/restare_aggiornati_sulle_attualità/ixh1lpi/
z26ej5,,ixgofdv,"> Non se dopo il primo ti prendi un secondo gatto, e poi un terzo, e poi un quarto, e via dicendo...

Io ho già deciso che dopo che il mio gatto muore, non prenderò mai più un animale domestico. Troppi sacrifici per un ritorno misero.

> inquini per mantenere una forma di vita che non genera alcun guadagno alla società.

in realtà è dimostrato che avere un gatto, soprattutto l'azione di accarezzare un gatto mentre te ne stai sul divano, rilassa e stimola il rilascio di endorfine. E una vita meno stressata è un guadagno calcolabile per la società.

> Aggiungo che tendenzialmente avere e mantenere un figlio sta diventando sempre più costoso, ma così facendo si andrà verso una situazione in cui gli unici ad avere figli saranno i più ricchi, che tendenzialmente inquinano di più.

Da qui in avanti, sono tendenzialmente d'accordo con te. Se parliamo solo dell'Italia. 

Ma se guardi altrove, dove il tasso di crescita è ancora più forte che da noi, vedi situazioni es. in America dove il bestiame e soprattutto il pollame, viene cresciuto in condizioni disumane per fare grandi numeri (e grandi inquinamenti) per sostenere il consumo della popolazione Americana. 

In India e altri paesi dell'est, la crescita della popolazione porta al continuo disboscamento con conseguente sottrazione dei habitat a specie animali che non sanno più dove scappare con conseguente notizie tipo orsi o tigri che attaccano villaggi ai confini di nuove zone requisite da noi umani.

E' pacifico che gli umani sono troppi, il problema è che in Europa  (e in Giappone) l'abbiamo capito, ma in Africa e Asia la crescita non si ferma.",pascalbrax,2022-11-23T08:27:35,1,Italia,https://reddit.com/r/Italia/comments/z26ej5/qual_è_la_vostra_opinione_impopolare_che_farebbe/ixgofdv/
z1uay0,,ixeazqd,"Guarda il TG, leggi Reuters, iscriviti ai subreddit di notizie o dei paesi che ti interessano. Ogni volta che nominano roba che non hai sentito te la cerchi su google. Alla fine le notizie importanti é quasi impossibile non sentirle.",youareright_mybad,2022-11-22T20:08:48,1,Italia,https://reddit.com/r/Italia/comments/z1uay0/restare_aggiornati_sulle_attualità/ixeazqd/
z1uay0,,ixe9i4u,"Consiglio spassionato: leggi le notizie sule agenzia di stampa (ansa, associated press ecc) e studia/approfondisci gli argomenti che ti piacciono di più. 
Il giornalismo italiano fa pena sia per il livello basso dei giornalisti stessi che per le linee editoriali. Inoltre le solite famiglie controllano larga parte dei media e influenzano a loro piacimento il racconto della realtà. 

Il livello successivo è leggere i giornali stranieri e in particolare il Guardian.",mrp_TheFarmer,2022-11-22T19:59:01,1,Italia,https://reddit.com/r/Italia/comments/z1uay0/restare_aggiornati_sulle_attualità/ixe9i4u/
z1uay0,,ixe4hv6,"Da quando mi è scaduto l'abbonamento annuale a la republica e hanno messo il cookie Wall, ho scoperto che rainews fa un buon servizio di notizie, ma manca tutta la parte dell'approfondimento. 

Per quello puoi consultare ilpost, linkesta, internazionale, politico.eu (inglese).",rosidoto,2022-11-22T19:26:07,2,Italia,https://reddit.com/r/Italia/comments/z1uay0/restare_aggiornati_sulle_attualità/ixe4hv6/
z1rzj5,,ixd6hs4,"anche perchè altrimenti , anche oggi con le partite in contemporanea dovremmo di fatto bloccare tutti i segnali dei telefoni nello stadio così che non arrivino notizie dagli altri campi? se uno vuole barare , bara",Smoker252000,2022-11-22T15:42:42,1,Italia,https://reddit.com/r/Italia/comments/z1rzj5/qualche_anima_pia_mi_spiega_perché_nel_calcio_non/ixd6hs4/
z1uay0,,ixd69in,"Ti consiglio caldamente 

WillMedia per un accesso leggero e a prova di ignorante (tipo io) per ricevere buoni spunti da approfondire. Li trovi sui social ed hanno già diversi podcast su Spotify come the essential per notizie quotidiane di 5 minuti, grano per i risparmi, globally per politica globale.. Eccetera.

Per notizie sempre digeribili e talvolta più ""locali"" mi piace seguire Shy di Breaking Italy, di cui trovi il canale principale su YouTube, e alcuni podcast su Spotify. 

Vedrai che poi gli algoritmi potrebbero intuire i tuoi interessi e suggerirti cose simili (sul tubo non è detto perché al momento promuove quello che fa guadagnare maggiormente la piattaforma quindi molta fuffa e pochi canali utili, su Spotify invece funziona bene) e ce ne sono davvero tante di questi tempi! 

Spero di esserti stato utile",_LP_ImmortalEmperor,2022-11-22T15:41:05,7,Italia,https://reddit.com/r/Italia/comments/z1uay0/restare_aggiornati_sulle_attualità/ixd69in/
z14sc9,,ixc5c1f,l'ennesimo Julian Assange?  notizie come queste dovrebbero essere LARGAMENTE DIFFUSE sui media generalisti!![gif](emote|free_emotes_pack|scream),NewTownNewPeople,2022-11-22T09:45:37,3,Italia,https://reddit.com/r/Italia/comments/z14sc9/il_discorso_davanti_ai_giudici_di_iljá_jašin_in/ixc5c1f/
z0y39k,,ixa8lpk,"Ma infatti ci pensavo giusto stasera mentre scrivevo la risposta ad un altro commento, tecnicamente è fatto meglio il tg ucraino, lì i servizi sono localizzati e non si vede un giornalista leggere le notizie da un foglio.",Thunder_Beam,2022-11-21T22:50:03,2,Italia,https://reddit.com/r/Italia/comments/z0y39k/alla_fine_si_è_visto_dove_è_finito_rai_english/ixa8lpk/
z14sc9,,ix8xkmp,"Dall'articolo: 

>Il 7 novembre, il politico d'opposizione russo Il'já Jašin, deputato del distretto Krasnoselsky di Mosca è intervenuto di fronte ai giudici nel corso del processo a suo carico a Mosca. Jašin è stato arrestato lo scorso 27 giugno. A luglio le autorità russe hanno aperto un procedimento penale contro di lui dopo una diretta su YouTube in cui il deputato d'opposizione aveva detto che le truppe russe avevano ucciso civili a Bucha. Jašin è stato incriminato per aver diffuso ""notizie false sull'esercito sulla base dell'odio politico"".",Personal_Options,2022-11-21T17:34:25,11,Italia,https://reddit.com/r/Italia/comments/z14sc9/il_discorso_davanti_ai_giudici_di_iljá_jašin_in/ix8xkmp/
z0jkvh,,ix8pe2a,">Peccato che tu abbia scritto ""frustato del cazzo"", e non in forma dubitativa.

Certo, perché tu ""disadattato"" lo intendevi come un complimento. Dai su, non prendiamoci in giro, non andare in giro a trattare la gente come se fosse scema se non vuoi che reagisca.

>Lo so bene che in questo momento sono su reddit, come so che su reddit sono quasi tutti favorevoli al nucleare e fuori da reddit no

E allora perché ti stupisci del mio commento? Perché non vai a rompere il cazzo anche a tutti gli altri che hanno espresso la mia stessa opinione? 

>Io ti porto notizie dal mondo fuori da reddit

Ma pensi che viva sotto un tombino? La vogliamo smettere con questo luogo comune dei giovani ignoranti che non si informano? Continui a trattarmi come un coglione, e io continuo ad invitarti ad andare a quel bel paese (fuori da Reddit, dato che a quanto pare ti piace tanto)

So benissimo che la popolazione non lo vuole il nucleare, e che continueremo ad andare a carbone, a comprare l'energia dalla Francia (che indovina? La produce a nucleare) e a fare la figura degli idioti. È uno degli infiniti motivi per cui voglio andarmene.

Non penso di cambiare proprio niente con le mie opinioni, né ho voglia di farlo, volevo solo condividerla per, chissà, magari provare ad avere una discussione intelligente con qualcuno che non mi tratta come lo scemo del villaggio. Avresti potuto essere un po' più cortese e io avrei volentieri elaborato e portato avanti la discussione, e invece no.",TheFfrog,2022-11-21T16:39:23,1,Italia,https://reddit.com/r/Italia/comments/z0jkvh/rifare_il_referendum_per_il_nucleare/ix8pe2a/
z0jkvh,,ix8np4a,">Oh beh, allora siamo a posto, neanche frustrato è un insulto!

Peccato che tu abbia scritto ""frustato del cazzo"", e non in forma dubitativa.

Sono sempre più convinto di aver colto nel segno, rifiuti la realtà in cui vivi e non hai altro modo per sfogarti che attaccare quelli che te lo fanno notare. La verità offende.

>""fUoRi dA rEdDiT c'È uN mOnDo!!1"" però stai su Reddit, che tragedia.

Magari pensi anche di essere originale con queste parodie...

Lo so bene che in questo momento sono su reddit, come so che su reddit sono quasi tutti favorevoli al nucleare e fuori da reddit no, lo frequento da più di te. Io ti porto notizie dal mondo fuori da reddit, appunto, visto che so guardare anche da quella parte: se tu non le vuoi accettare, corrobori ancora di più la mia ipotesi.",Canella_Bruneri,2022-11-21T16:27:39,0,Italia,https://reddit.com/r/Italia/comments/z0jkvh/rifare_il_referendum_per_il_nucleare/ix8np4a/
yzz00h,,ix7p2ho,"scrivo sintesi di tutti punti che hai detto:

1. vogliono far fuori tutto i musulmani - governo indiano non fatto nulla (azione/legge ecc.). Se hai sentito qualche ministro, hanno parlato per se (e non da parte del governo).
2. minoranza religiosa che alza la voce è chiamata terrorista - dico sempre che conta azione (e non solo parole). Se qualsiaci persona fa violenza contro popolo/stato, sarà terrorista (senza contare suo religione)
3. protesta agricola i Delhi - basta cercare ""Commissione nominata dalla Corte Suprema per le leggi sull'agricoltura"" e ti esce 85% in favore come ho detto.
4. PM non ha messo piedi in Punjab -la mancanza di sicurezza sua non è qualcosa di cui andare fieri
5. situazione in Punjab - ultime notizie dopo enissimo omicidio è che il governo ha vietato l'esposizione pubblica di armi e canzoni che glorificano la cultura e la violenza delle armi e ha anche ordinato una revisione di tutte le licenze di armi
6. Sikhism - i guru che non pregavano i dei indu/ Akal purakh/ Diwali (e non BandiChorDiwas o Kali Diwali) - non so se conosci i esperti in quello ma basta cercare SikhSeva Puneet Sahani e puoi sapere tutta la verita
7. Sidhu moosewala - ucciso da un gangster (e questa parla come punto 5. del situazione in Punjab che governo li non riesce gestire)",vizorOfQuake,2022-11-21T11:29:41,0,Italia,https://reddit.com/r/Italia/comments/yzz00h/pm_meloni_trending_in_india_subreddit/ix7p2ho/
z086bb,,ix5afcf,"Attenzione, notizie dalla Curia: l'offerta minima per il matrimonio è elevata a 19.900 euro.",xaamov,2022-11-20T21:21:46,5,Italia,https://reddit.com/r/Italia/comments/z086bb/bonus_matrimonio_proposta_lega_20mila_euro_per/ix5afcf/
z0ac94,,ix4s1x1,Ho letto notizie molto diverse da quelle che riporti. Aspettiamo e vediamo.,GiorgioPerlasca,2022-11-20T19:21:06,0,Italia,https://reddit.com/r/Italia/comments/z0ac94/russia_lancia_missile_nucleare_senza_testata/ix4s1x1/
yzzkog,,ix376qk,"noccapito. non ha senso quello che hai detto, scusami... sembra che tu stia dicendo che in quel sub ci siano notizie finanziarie buone perché non sono ""filtrate"" dalle classiche opinioni dei media di internet, che a dir tuo, sono patetiche. almeno, così è come l'ho letto. in generale, solo il fatto di consigliare un subreddit del genere, qualunque sia il motivo, è imbarazzante. fine.",bringme-mymoney,2022-11-20T11:56:53,1,Italia,https://reddit.com/r/Italia/comments/yzzkog/inflazione_al_118_su_base_annua_come_fa_la_gente/ix376qk/
yxy9o0,,ix33jiy,">Certo che esistono, ma ripeto, per tutte quelle cose non fattuali, chi decide cosa è vero o è falso?

La scienza, la legge...

""I vaccini non funzionano"" è una frase falsa sotto ogni punto di vista, specialmente quello logico-matematico.  
Uso questo esempio per farti capire cosa intendo: lasciar dire che ""siccome ci si contagia lo stesso *allora* sono inutili"" è una conclusione falsa, perchè LASCIA INTENDERE un'inutilità del 100%. Siccome la gente è stupida, va protetta dal ""lasciato intendere"". Altrimenti inizia a credere a qualunque cosa, e quando questo accade, non sono solo affari loro, ma ci andiamo di mezzo tutti, perchè siamo una società, che lo si voglia o no.

Nel tuo altro esempio, se dici ""è un crimine"" è falso anche lì sotto ogni punto di vista, perchè non c'è nessuna legge che lo dica. ""Dovrebbe essere vietato"" è già più accettabile, DI PER SÉ, se non fosse che dire una roba del genere scatena flame, perchè ti attiri insulti da una parte e liberi i cani sciolti dall'altra, quelli che invece sono contro qualunque diritto e si sentono legittimati nel picchiare i gay che si baciano in piazza.

Perchè questo è quello che succede, se non l'hai ancora notato: quando sale un governo di destra, che pur NON DICENDO ""sparate agli immigrati"" (anche perchè non lo pensano davvero) lo lasciano intendere per ammiccare ad un certo tipo di elettorato, il quale, seppur in minoranza, è abbastanza numeroso da fare danni enormi (esempio: Traini) poichè queste poche persone poi si sentono legittimati da quei ""wink wink senza però dire"".

Se questo discorso non è chiaro, non so, ma hai mai frequentato forum e così via? Ci sono posti dove è persino proibito parlare di calcio, perchè genera flame. Ecco, io non voglio assolutamente arrivare a quell'assurdo, ma nemmeno voglio che siano permesse frasi che generano flame immediato o che ammiccano pur senza dirlo a falsità che poi finisco per pagare nella vita reale. Twitter non è ""il mondo"", è una community, e va moderata. Quella non è censura, altrimenti stiamo dicendo che Twitter è un media (quindi andrebbe regolato come tale, e indovina un po', tra le tante cose andrebbe fatto anche fact-checking, e quindi lo stesso identico filtro alle notizie di cui stiamo parlando) oppure che sia un diritto inalienabile, cosa che però cozza col fatto che è un'azienda privata, e non un servizio pubblico, e non c'è ""scelta"" dato che non c'è altro di simile oltre a Twitter a cui l'utenza può rivolgersi se questo fosse un diritto inalienabile",ReverseSocrates,2022-11-20T11:07:21,1,Italia,https://reddit.com/r/Italia/comments/yxy9o0/cosa_ne_pensate_di_twitter_attualmente/ix33jiy/
yzzkog,,ix31wju,">r/wallstreetbets (consiglio di seguire il subreddit per tutte le notizie di carattere finanziario filtrate dalla mente autistico-memetica dell'internet) 

spero questo sia uno scherzo",bringme-mymoney,2022-11-20T10:43:53,33,Italia,https://reddit.com/r/Italia/comments/yzzkog/inflazione_al_118_su_base_annua_come_fa_la_gente/ix31wju/
yzlqcz,,ix12hjl,"Finalmente delle belle notizie. Bisogna avere gente qualificata al governo, con sani principi e alta moralità. Prima abbassava troppo il livello generale, invece così è perfetto, spero proprio che confermino il tutto.

E io che pensavo stupidamente che lo avessero messo li solo per le pari opportunità, invece ha un curriculum come si deve.",The-Bestia,2022-11-19T22:42:21,11,Italia,https://reddit.com/r/Italia/comments/yzlqcz/vi_racconto_linferno_delle_coop_gestite_dalla/ix12hjl/
yz6jjg,,iwz6fu1,"un tipo fa un tweet falso spacciandosi per casa farmacautica (grazie spunta blù a 8 dollari), casa farmaceutica perde miliardi per suddetto tweet, la persona con la quale stavo discutendo non ci crede e gli dico di andare a controllare ma lui risponde con il ""non è sempre vero quello che si trova in giro"" perché non riesce a comprendere la differenza tra notizie vere e false.",pompous_grapefruit,2022-11-19T14:22:44,2,Italia,https://reddit.com/r/Italia/comments/yz6jjg/ritorno_di_trump_su_twitter_siete_daccordo/iwz6fu1/
yyjs1o,,iwylaxg,"Ma tu seriamente ti pensi che twitter abbia un impatto sulle elezioni?

Attacchi quotidiani dei neoliberisti democratici... Intendi le notizie su come licenzi metà personale, e poi si chieda perché le cose smettono di funzionare? Di come dopo averli licenziati abbia chiesto loro di ritornare? Di come volesse far pagare 8€ al mese? (Ironico come la sua libertà di parola si sia rivelata a pagamento) 

Ma si, Muschio è molto intelligente, non si nota per il suo ego grande quanto l'universo intero, da come parli poi sembri 100% un complottista, ti prego esci un po' di casa.

Hanno vinto le mid terms anche senza twitter tra l'altro 🤷

Edit: ho visto il post, e mi fa rendere conto di quanto stai messo male

Bro una poll su istagram non rappresenta l'intera popolazione americana 💀💀 

Fra le persone che hanno risposto (prob qualche migliaio) il 54 per 100 vuole Trump, spiegami come abbia inpatto su 300M di persone?

Ragazzi ragazzi perché spendiamo 20M per le elezioni? Facciamo una poll su twitter 🤡🤡🤡",Topol1no_Qu3lloV3ro,2022-11-19T10:11:31,1,Italia,https://reddit.com/r/Italia/comments/yyjs1o/dopo_i_licenziamenti_arrivano_le_dimissioni_di/iwylaxg/
yz6jjg,,iwyec0t,"Vi rendente conto che ha più volte incitato alla violenza, diffuso false notizie e pure pubblicato informazioni secretate su Tweeter vero?",TestaOnFire,2022-11-19T08:27:48,8,Italia,https://reddit.com/r/Italia/comments/yz6jjg/ritorno_di_trump_su_twitter_siete_daccordo/iwyec0t/
yz6jjg,,iwyebub,"Vi rendente conto che ha più volte incitato alla violenza, diffuso false notizie e pure pubblicato informazioni secretate su Tweeter vero?",TestaOnFire,2022-11-19T08:27:43,13,Italia,https://reddit.com/r/Italia/comments/yz6jjg/ritorno_di_trump_su_twitter_siete_daccordo/iwyebub/
yyjs1o,,iwxxmaz,"Veramente a me sembra che la direzione abbia chiaramente detto di accettare o andarsene..

Pazzesco il giornalismo come rigira le notizie.
Che vomito.
Naturalmente di Elon Musk non me ne potrebbe fottere meno...",BsgRacetrack,2022-11-19T04:56:30,1,Italia,https://reddit.com/r/Italia/comments/yyjs1o/dopo_i_licenziamenti_arrivano_le_dimissioni_di/iwxxmaz/
yxy9o0,,iwvjz9k,"Negli ultimi anni, la quantità di bot e troll lo hanno reso praticamente inutilizzabile, se non in modalità lurker per le notizie.",GiorgioPerlasca,2022-11-18T17:55:03,2,Italia,https://reddit.com/r/Italia/comments/yxy9o0/cosa_ne_pensate_di_twitter_attualmente/iwvjz9k/
yxpg2e,,iwvexi5,io mi sono ripromesso che non guarderò questi mondiali e più escono queste notizie più porterò avanti il mio proposito,RedBlack100x100,2022-11-18T17:21:18,1,Italia,https://reddit.com/r/Italia/comments/yxpg2e/linviato_di_una_tv_danese_ai_mondiali_in_qatar/iwvexi5/
yxy9o0,,iwuv8li,"\> Dove cazzo sei stato sti tre anni?

Quelle che oggi i ""fakt ciekers indibendendi"" bollano come fake, saranno domani le notizie riportate in sordina in decima pagina da tutti i giornali. Non ti stupire di questi invasati, ci saranno sempre.",Apprehensive_Step499,2022-11-18T15:07:14,1,Italia,https://reddit.com/r/Italia/comments/yxy9o0/cosa_ne_pensate_di_twitter_attualmente/iwuv8li/
yxy9o0,,iwuepic,"Lo uso e lo usavo per vedere ciò che dicono i vari leader politici e per vedere le ultime notizie. Per ora si può ancora fare. 

Per quanto riguarda il nuovo management penso che elon musk sia ""full of shit"", per dirlo all'americana. Come, per altro, molti avvocati del ""free speech"", che si traduce in censura o meglio filtro a trazione conservatrice, una sorta di ""tradizionalmente corretto"".",No_Attempt_4387,2022-11-18T12:52:31,1,Italia,https://reddit.com/r/Italia/comments/yxy9o0/cosa_ne_pensate_di_twitter_attualmente/iwuepic/
yxn08t,,iwr6yub,"Certo, era questo il problema principale dell'istruzione italiana. Meno male che ci sono loro. Tanto che senso ha insegnare qualcosa di pratico per la vita adulta quando puoi ascoltarti le notizie in veneto?",AdeButBlue,2022-11-17T19:08:13,1,Italia,https://reddit.com/r/Italia/comments/yxn08t/la_proposta_della_lega_insegnare_il_veneto_nelle/iwr6yub/
yxy9o0,,iwr6tzi,"Semplice, conciso, legittimo, fai bene.
Perché, se posso? Troppe notizie da ""Ehi, abbonati se vuoi leggere?""",Vytostuff,2022-11-17T19:07:20,2,Italia,https://reddit.com/r/Italia/comments/yxy9o0/cosa_ne_pensate_di_twitter_attualmente/iwr6tzi/
yxy9o0,,iwr669h,Lo usavo prima per leggere un po' tutte le notizie e continuo a farlo.,MerkoITA,2022-11-17T19:02:56,3,Italia,https://reddit.com/r/Italia/comments/yxy9o0/cosa_ne_pensate_di_twitter_attualmente/iwr669h/
ywwzvy,,iwnb0zc,"Leggo molto inglese, da sempre. Tipo il 90% delle notizie.",boring--planet,2022-11-16T22:17:41,2,Italia,https://reddit.com/r/Italia/comments/ywwzvy/difficoltà_ad_esprimersi/iwnb0zc/
ywwftn,,iwn72hq,"E onestamente preferisco questo.
La non si può parlare di niente tranne che di notizie sulla politica usa.

C'è più spazzatura? Si.
Ma almeno c'è qualcosa",WH0ll,2022-11-16T21:50:53,9,Italia,https://reddit.com/r/Italia/comments/ywwftn/a_genova_un_uomo_è_morto_dopo_essere_stato/iwn72hq/
ywwftn,,iwlu6j5,"BREAKING NEWS: Benito Mussolini dichiara guerra a Francia e Gran Bretagna.

Seguitemi per restare aggiornati sulle notizie di attualità.",CapitalistFemboy,2022-11-16T16:28:04,17,Italia,https://reddit.com/r/Italia/comments/ywwftn/a_genova_un_uomo_è_morto_dopo_essere_stato/iwlu6j5/
yvuogf,,iwkxxqb,">Finchè esistono persone bigotte serviranno notizie che diffondono le cause di tale bigotteria, può essere che a te non importi (sai che novità su reddit) ma ovviamente a molte persone fa ancora bene leggere tali cose per abituarsi a un mondo in cambiamento che rifiutano di accettare.",notsostrong134,2022-11-16T12:10:59,1,Italia,https://reddit.com/r/Italia/comments/yvuogf/se_uno_si_mette_assieme_o_si_sposa_con_uno_del/iwkxxqb/
yvuogf,,iwkp36c,"Notizie di matrimoni e divorzi sui vip ce ne sono sempre state, come mai ti infastidisce proprio quella su un matrimonio gay?",[deleted],2022-11-16T10:15:23,1,Italia,https://reddit.com/r/Italia/comments/yvuogf/se_uno_si_mette_assieme_o_si_sposa_con_uno_del/iwkp36c/
yw78bx,,iwjaptm,"In realtà subito dopo mi ha ringraziata ""comunque"" per averle mandato tutto e niente, ho ringraziato a mia volta per cortesia. Pensavo che fosse una battuta perché non funziona mai niente nel nostro ateneo, al momento me la sono spiegata tipo ""questo inverno moriremo congelati perché i riscaldamenti saranno spenti"", anche se mi è sembrata un po' esagerata lol mi sono detta che magari aveva semplicemente avuto un giornata no, invece poi vedendo le notizie ho capito meglio ahah",Bella_dlc,2022-11-16T01:20:51,3,Italia,https://reddit.com/r/Italia/comments/yw78bx/ucraina_due_missili_russi_caduti_in_polonia_due/iwjaptm/
yw5ogo,,iwipa10,">Quindi credevi all'articolo, ok, bene.

Credevo? L'articolo di *Affari italiani* dice la verità, magari con un po' di polemica di troppo, ma ripeto, non ci piove: a quella data le notizie di morti sotto il teatro di Mariupol erano inventate, nessuno conferma dall'ucraina.

Inutile che attorcigli la logica alle tue personali opinioni: quella non cambia. Una bugia non diventa verità per fatti avvenuti successivamente.

>Che non riporta fonti da dove ha ottenuto tale informazione

Nessuna fonte: solo la constatazione che gli ucraini, Zelens'kyj per primo, non parlavano di morti a quella data. Né parla di morti l'articolo di Reuters che ho citato.

Non ho bisogno di una fonte per affermare che oggi non c'è stato un golpe in Svizzera e non si è verificata un'eruzione del Krakatoa. Chi fa l'affermazione deve portare fonti, non io.

>I numeri detti in articoli precedenti non ho idea da dove vengano né come sono arrivati,

Sono arrivati dalla fantasia dei giornalisti, da chi altri? Non dalle autorità ucraine, sicuramente.

To', te ne cito un paio, visto che fai lo scettico:

[https://www.ilriformista.it/bombe-sul-teatro-di-mariupol-e-strage-cerano-piu-di-mille-persone-rifugiate-mosca-scarica-sul-battaglione-azov-286987/](https://www.ilriformista.it/bombe-sul-teatro-di-mariupol-e-strage-cerano-piu-di-mille-persone-rifugiate-mosca-scarica-sul-battaglione-azov-286987/)

[https://www.open.online/2022/03/17/ucraina-mariupol-teatro-bombardato-scritta-bambini/](https://www.open.online/2022/03/17/ucraina-mariupol-teatro-bombardato-scritta-bambini/)

>Rimane il fatto che quello che fa ipotesi campate in aria sei anche tu con i polacchi vagabondi.

Ancora con questo commento di tre ore fa? Devi avere la fissa. Ora, da bravo, una polemica sull'ipotesi del flogisto. Devi mostrare la mondo che era sbagliata, altrimenti non fai bella figura.

>Buona notte.

E sogni d'oro, flogisto permettendo.",Canella_Bruneri,2022-11-15T22:40:09,0,Italia,https://reddit.com/r/Italia/comments/yw5ogo/la_russia_attacca_un_nostro_alleato_uccidendo_due/iwipa10/
yw5ogo,,iwi4go4,">Il modo in cui hai scritto il commento originale è ambiguo e sembrava alludessi al fatto che i polacchi fossero entrati in ucraina.

Il primo commento accennava proprio a questa eventualità **come ipotesi**, ma parlavo di comuni cittadini polacchi, attenzione, non di militari. Il fronte di guerra non c'entra nulla, c'entrano le notizie a volte date con troppa fretta. Un precedente, fra i molti: 

https://www.affaritaliani.it/mediatech/ucraina-nessun-morto-al-teatro-di-mariupol-giornali-italiani-spazzatura-786509.html

Nel secondo commento ho spiegato che è confermato che è stata colpita una fattoria in territorio polacco, quindi le vittime erano a casa loro.",Canella_Bruneri,2022-11-15T20:23:34,0,Italia,https://reddit.com/r/Italia/comments/yw5ogo/la_russia_attacca_un_nostro_alleato_uccidendo_due/iwi4go4/
yw5ogo,,iwhx6r5,"Tratto da un recente meme su NCD:

Tu guardi i media per aggiornarti sulle notizie di 5 giorni fa

Io guardo i post di NCD per predire le notizie che accadranno fra 5 giorni

Non siamo uguali",P3ktus,2022-11-15T19:37:26,3,Italia,https://reddit.com/r/Italia/comments/yw5ogo/la_russia_attacca_un_nostro_alleato_uccidendo_due/iwhx6r5/
yvuogf,,iwggp23,"Finchè esistono persone bigotte serviranno notizie che diffondono le cause di tale bigotteria, può essere che a te non importi (sai che novità su reddit) ma ovviamente a molte persone fa ancora bene leggere tali cose per abituarsi a un mondo in cambiamento che rifiutano di accettare.",Pedantic_Phoenix,2022-11-15T13:41:43,5,Italia,https://reddit.com/r/Italia/comments/yvuogf/se_uno_si_mette_assieme_o_si_sposa_con_uno_del/iwggp23/
yv94wi,,iwg8cx7,Bias della disponibilità + giornali che ci tartassano con la cronaca/notizie negative = percezione completamente distorta della realtà (vale anche per le notizie negative sempre in tendenza su r/Italy),valtorcurve,2022-11-15T12:22:09,4,Italia,https://reddit.com/r/Italia/comments/yv94wi/homicide_rate_by_country_oc/iwg8cx7/
yvuogf,,iwg5p76,"Quando non leggeremo più sui giornali notizie del genere, sarà il segno che avremo fatto il level up come società perché davvero a nessuno fregherà più nulla, non ci saranno discriminazioni (legali e sociali) e la cosa interesserà soltanto ai diretti interessati e al loro cerchio di conoscenze, come è al momento per le coppie eterosessuali.

Se pubblicano ste notizie è perché fanno click e nei commenti si scatena di solito il cagaio. Big money.

Fino ad allora si andrà avanti così, perché evidentemente è ancora necessario.",Kollus,2022-11-15T11:52:09,12,Italia,https://reddit.com/r/Italia/comments/yvuogf/se_uno_si_mette_assieme_o_si_sposa_con_uno_del/iwg5p76/
yvbiuu,,iwdlkd3,"Siete pregati di condividere i link alle notizie, non i screenshot di canali Telegram.

Inoltre, è necessario mantenere il titolo originale della notizia.",GiorgioPerlasca,2022-11-14T21:20:10,1,Italia,https://reddit.com/r/Italia/comments/yvbiuu/ce_lavete_proprio_davanti_al_naso_eppure/iwdlkd3/
yud4zc,,iwcj5nc,"Mi spiace che si sia arrivati ad insultare una persona, è sempre sbagliato usare violenza verbale. Ma onestamente queste notizie dei giovani prodigio universitari hanno rotto i coglioni. Non hanno nessuna funzione utile, al massimo demoralizzano studenti con scarsi rendimenti. La cosa che poi è più scandalosa è come dopo una settimana i giornali pubblichino notizie di studenti universitari che si sono suicidati per la vergogna di non aver terminato gli studi, senza nessun ritegno.",mezdiguida,2022-11-14T17:11:06,4,Italia,https://reddit.com/r/Italia/comments/yud4zc/carlotta_rossignoli_chiude_il_profilo_instagram/iwcj5nc/
yurimx,,iwchbe8,"Breaking news: ""persone che guadagnano sfruttando leggi dell'anteguerra e i pochi controlli non vogliono perdere il loro metodo di guadagno illegale"" invece le notizie interessanti al servizio delle 12.",ema-__,2022-11-14T16:58:48,3,Italia,https://reddit.com/r/Italia/comments/yurimx/ormai_da_anni_guai_a_chi_tocca_taxi_e_balneari_la/iwchbe8/
yud4zc,,iwb2id5,"Secondo me è una buona cosa che le notizie su avvenimenti scandalosi e forse anche un po' illegali (perchè accorciare una laurea in medicina mi sembra poco umanamente fattibile), facciano parlare tanto, invece del solito ""eh si sa che è così"" e fare finta di nulla",tha_proshootto,2022-11-14T08:48:58,7,Italia,https://reddit.com/r/Italia/comments/yud4zc/carlotta_rossignoli_chiude_il_profilo_instagram/iwb2id5/
ytsa3o,,iw7qeca,"Dato che bisogna fare le premesse qua su plebbit prima di parlare.

Fatti tutti e tre i vaccini, ma ormai di fronte a ste notizie una cosa sola.

STICAZZI",alabarda89,2022-11-13T16:41:56,0,Italia,https://reddit.com/r/Italia/comments/ytsa3o/covid_studio_con_reinfezioni_può_raddoppiare_il/iw7qeca/
ytcvdi,,iw6yp2i,">Ieri è uscito dal carcere ma nell'ultimo post del sub racconta di andare spesso a correre col labrador e di incrociare la stessa ragazza che gli sorride ogni volta.

Tolto che in Italia queste notizie sono piuttosto rare, ci sarebbero articoli di giornale a dirlo perché sarebbe sicuramente collegato ad un qualche evento tragico di 20 anni fa.

E invece nulla lmao",[deleted],2022-11-13T12:59:41,2,Italia,https://reddit.com/r/Italia/comments/ytcvdi/ventanni_fà_ho_ucciso_i_miei_genitori_e_i_due/iw6yp2i/
yqcu2t,,ivxub6a,"Ti rispondo io dato che pure-contact non sapendo cosa rispondere si è nuovamente eclissato.

Non ci sono due post in particolare, nelle scorse settimane io e qualche altro utente abbiamo messo in discussione la veridicità di parecchi post di denuncia fatti da op (basta che apri il suo profilo e capirai) che riportavano sempre notizie scandalose ma prive di fonti attendibili. Siccome su internet ogni cosa è una stronzata se non ha una fonte almeno dimostrabile, alcuni utenti si sono risentiti di come pure-contact gettasse fango a secchiate su certi argomenti senza fornire però le prove dell'esistenza di tali notizie. Cercando sui principali organi di informazione tali notizie erano vecchie di anni o non verificabili quindi io ed un altro utente abbiamo iniziato a chiedere le fonti nei suoi topic più controversi e pure-contact che fondamentalmente è uno che ricicla notizie vecchie o false per farmare karma, si è eclissato come ha fatto in questo post oppure si è arrampicato sugli specchi parlando di fonti supersegrete di cui lui non poteva parlare.

Potrai immaginare che se un luogo, un popolo oppure un'etnia hanno dei problemi e sono spesso ""vittime"" di post più o meno polemici nei propri confronti e spunta il genio che spala altra merda, per giunta falsa, le cose tendono a peggiorare. Siccome a me questo sub piace molto e nel tempo non ho mai tentato di difendere Napoli a spada tratta ma solo di smontare qualche luogo comune di troppo o difendere il difendibile, vorrei evitare che chi vive lontano dalla mia città possa credere alle cazzate che posta pure-contact. Siccome però lui si è definito varie volte un adulto che ragiona, ha ragionato talmente tanto che ha preferito bloccare chi metteva in dubbio le sue ragioni (così non c'è possibilità di replica.. sicuramente un comportamento da adulto /s) ed ha creato questo insulso post dove, ancora una volta, non sta nemmeno rispondendo.",Prestigious-Gap-5050,2022-11-11T12:36:34,2,Italia,https://reddit.com/r/Italia/comments/yqcu2t/ho_bloccato_poco_fa_due_utenti_del_tag_campania/ivxub6a/
yr17z8,,ivw9bpz,">La norma impone l’atto pubblico, non il notaio. 

Ho trovato notizie diverse sul web, il notaio è imposto dall'art. 1350 del codice civile: 

https://www.avvocatogratis.it/diritto-privato_/1844-effetti-compravendita-immobiliare-senza-il-notaio.html

Ha fatto scalpore il caso di Pordenone, di una coppia di ex coniugi che in fase di divorzio aveva venduto l'immobile senza notaio:

https://noiradiomobile.org/divorzio-congiunto-e-separazione-consensuale-ammissibile-il-trasferimento-dei-beni-senza-notaio-corte-di-cassazione-sezioni-unite-civile-sentenza-29-luglio-2021-n-21761/

Ma si tratta di casi molto particolari, e tra l'altro mi sa che quello che non hanno speso in notaio lo hanno speso in avvocati. Tanto vale...",Canella_Bruneri,2022-11-11T01:54:28,1,Italia,https://reddit.com/r/Italia/comments/yr17z8/perché_non_organizzarci_per_abolire_la_casta_dei/ivw9bpz/
yr9z5d,,ivvkg1v,"Pfff senti che stai a di. Te auguro che te, tua madre, tuo padre, tuo fratello e tuo figlio vi troviate fuori di casa perché quello di questa cerchia di persone che porta il pane a tavola, perde il lavoro. 

Poi ti promettono una casa (di merda) per anni senza mai darti reali notizie. Infine un bel giorno, l ennesimo sotto il ponte a congelarti, vicino allo sfinimento con qualche familiare malato gravemente, decidi di andare a prendertela da solo/a

Per poi ricevere quel mare di manganellate che ora stai augurando al prossimo stronzo che fa quest errore.

Ma quando capirate maledetti che la casa nel 2022 è diventata un bene di lusso? Che se te stai a scrive su reddit lo devi al culo che se so fatti prima di te? Che se anche sei a casa tua pagata e con i soldi in tasca lo devi al fatto che non hai dovuto vivere sotto a un ponte per 3/4 della tua vita perché ""papà lavorava ma da quando è stato licenziato ci hanno levato tutto""?

Perché pensate che tutto questo non possa accadere al tuo vicino di casa, al tuo migliore amico?
Non sono più i roaring nineties, siamo nel pieno della crisi come fai ad esprimere un concetto cosi limitato e violento? Perché sarai la solita mezza calzetta egoista tipico italiano che ""ah ma nell orto mio tutto bene quindi chissenefotte""

Sei la rovina di tutti noi. Empatia e ne usciamo insieme, egoismo e si torna a vedere la nave che affonda",Trent_Bennett,2022-11-10T22:44:27,10,Italia,https://reddit.com/r/Italia/comments/yr9z5d/padova_manganellate_della_celere_dopo_uno/ivvkg1v/
yr9z5d,,ivv6a63,Vivo per vedere queste notizie,Azotac9,2022-11-10T21:06:18,2,Italia,https://reddit.com/r/Italia/comments/yr9z5d/padova_manganellate_della_celere_dopo_uno/ivv6a63/
yr9z5d,,ivtpldj,">primo, non tutti possono permettersi un affitto e mobili. Ovviamente.

E quindi si è giustificati ad agire illegalmente? Non potersi permettere affitto e mobili dovrebbe condonare l'occupazione illecita? Allora se ho fame e rubo cibo al supermercato non devono farmi nulla? Io non credo. Prendi e provi a cercarti un lavoro, oppure prendi e provi ad ottenere sussidi dallo stato. Oppure prendi e vai alla caritas, oppure prendi e vai da un parente. Di scelte di vita legali ce ne sono, e se proprio non ti piacciono o non sono disponibili  vai a lavorare a nero, giusto per rimanere in tema illegalità, e da lì parti e costruisci qualcosa.

> le case in disuso spesso sono in condizioni peggiori.

E... quindi? Togliendo il fatto che non è detto, ho visto certe case in affitto che avrebbero fatto rabbrividire molte persone, ma anche se fosse? Va bene occuparle? Allora di giustificazioni per l'illegalità se ne trovano a bizzeffe.

""Fa bene a pagare in nero i dipendenti, i costi per le imprese sono assurdi"";

""Fa bene a rubare auto vecchie e rovinate, tanto probabilmente ha fatto un favore ai proprietari così se la comprano nuova"";

""Ah si si apriti un conto alle Cayman così non paghi le tasse che sono troppo alte"";

Ragionamenti folli, sì, come quello di condonare l'occupazione perché la casa è ""peggiore""

> ogni tanto può venire una manica di gentiluomini a manganellarti 

Sarà che stai facendo qualcosa di illegale? La butto lì. Fosse ""ogni tanto"", non le occuperebbero. A meno che con ""ogni tanto"" tu non intenda ""ogni lustro"", allora ti darei ragione, ma non credo sia il caso o le sentiremmo più spesso queste notizie.

Non potersi permettere il costo della vita non giustifica nulla, e anche se lo facesse, come e chi dovrebbe decidere se quella persona lo sta facendo perché è la sua ultima spiaggia? Purtroppo non viviamo in un'utopia.",MarvelousJarro,2022-11-10T15:21:46,17,Italia,https://reddit.com/r/Italia/comments/yr9z5d/padova_manganellate_della_celere_dopo_uno/ivtpldj/
yr348j,,ivsy8go,"In realtà a screditare l'interlocutore sei stato tu citando come 3 possibilità che qualcuno non fosse d'accordo con te 

1 stupidità
2 malafede
3 reati

Quindi meno vittimismo grazie

Detto questo ho replicato in maniera semplice a quello che hai scritto, e ti ho citato come esempio del perché le notizie vengono divulgate in una certa maniera e non in un'altra",Thormanos,2022-11-10T11:28:37,1,Italia,https://reddit.com/r/Italia/comments/yr348j/alberto_genovese_le_nuove_accuse_altre_violenze/ivsy8go/
yr348j,,ivst4uw,Un esempio del perché i giornali danno le notizie così : per fare credere a tipi come lui di essere uno psicologo sul campo coinvolto nell'investigazione,Thormanos,2022-11-10T10:22:17,5,Italia,https://reddit.com/r/Italia/comments/yr348j/alberto_genovese_le_nuove_accuse_altre_violenze/ivst4uw/
yr348j,,ivsr527,"Ma quanto è figo essere talmente giovane che le notizie di due anni fa sono sconosciute? Mi manca da morire questa sensazione del ""tutto è nuovo"" che ogni teenager prova. Invecchiare è una merda.",Repulsive-Toe-8826,2022-11-10T09:53:24,2,Italia,https://reddit.com/r/Italia/comments/yr348j/alberto_genovese_le_nuove_accuse_altre_violenze/ivsr527/
yqcu2t,,ivsqedn,"ho queste notizie che saltano fuori a random sul cell e sono sul PC . linkare è difficile , ma generalmente vengono da pagine tipo ""[tuttonapoli.it](https://tuttonapoli.it)"" o roba così",pompous_grapefruit,2022-11-10T09:42:32,1,Italia,https://reddit.com/r/Italia/comments/yqcu2t/ho_bloccato_poco_fa_due_utenti_del_tag_campania/ivsqedn/
yqcu2t,,ivsk21q,"io non so perché sono giorni che nei feed di google notizie vedo pagine di Napoli che accusano città come Firenze e compagnia bella a caso. 

che sta succedendo?",pompous_grapefruit,2022-11-10T08:11:47,2,Italia,https://reddit.com/r/Italia/comments/yqcu2t/ho_bloccato_poco_fa_due_utenti_del_tag_campania/ivsk21q/
yqioep,,ivopjcb,Attendo tue notizie,futuristicsoup,2022-11-09T14:33:29,3,Italia,https://reddit.com/r/Italia/comments/yqioep/alla_fine_ho_realizzato_il_gioco_alcolico_sulla/ivopjcb/
yq5hg7,,ivo970l,"Sì infatti, non ho capito perché nelle notizie ormai vedo sempre sta tizia. Ma chi cazzo è?",TuttoDaRifare,2022-11-09T12:15:17,5,Italia,https://reddit.com/r/Italia/comments/yq5hg7/negli_ultimi_tre_anni_col_covid_di_mezzo_carlotta/ivo970l/
yq5hg7,,ivo2bf8,"Non so cosa ti aspetti quando vai su siti di condivisione di notizie ed opinioni. Il meccanismo verrà alimentato in ogni caso, se non da me o da te, dal prossimo fesso che apre questo subreddit o la sua pagina di Instagram. Chi non vuole dargli attenzione o accrescere la discussione attorno a questo meccanismo e questo tipo di persone non dovrebbe commentare nemmeno qui.

Rich gets richer, questa si fa viaggi quando gli pare e si laurea con la lode comunque, ed è pure furba a creare il drama attorno al fatto che lei si è impegnata tanto e non ha dormito, poverina. Le cose stanno così, e visto che siamo qui e fare finta di niente non cambierà il fatto che lei ha ottenuto un'altra volta quello che voleva, tanto vale discuterne e chiaccherare tra di noi sull'argomento.",HexPhoenix,2022-11-09T10:54:01,6,Italia,https://reddit.com/r/Italia/comments/yq5hg7/negli_ultimi_tre_anni_col_covid_di_mezzo_carlotta/ivo2bf8/
ypoe1q,,ivo1x1m,"Hai letto di recente notizie di castrazioni di neri negli Usa? 

E ci sono stati quotidiani italiani che hanno raccontato la notizia a tinte forti, come se avessero dovuto scrivere un volantino?",Canella_Bruneri,2022-11-09T10:48:55,1,Italia,https://reddit.com/r/Italia/comments/ypoe1q/accadde_oggi_65_anni_fa_negli_usa_vengono/ivo1x1m/
ypu57f,,ivnymef,"A me sinceramente non frega un cazzo perché ci stavo per seguire un po' di notizie, però non hanno un regolamento. Ti bannano a seconda se ciò che scrivi se a loro piace ok, altrimenti fuori. Anche se ti esprimi in modo civile.",green_rajon,2022-11-09T10:02:07,1,Italia,https://reddit.com/r/Italia/comments/ypu57f/removed_by_reddit/ivnymef/
yqcu2t,,ivnwrca,"Sono uno dei due utenti che hai bloccato ed ho registrato questo account solo per poterti rispondere, poi non lo userò più dato che non mi interessa perdere altro tempo con questa storia.

**Inizio con il dire che bloccare chi ha opinioni diverse dalle tue è l'esatto contrario del discutere civile e che questo post è ancora più penoso dei tuoi post spazzatura.**

Ti invito a verificare se nello storico del mio account c'è un qualche post dove io ho difeso a spada tratta la mia superbistrattata città di Napoli oppure ho sempre cercato di smontare solo le false accuse dai karma farmers come te che su 100 post fatti 95 sono spazzatura inutile e 5 sono interessanti.

Il sud ha un sacco di problemi non lo nego ma non è tutta merda come tu e quelli che postano solo per far karma dicono. I tuoi post sono fini a se stessi, non promuovono il dibattito basta guardare quanta gente ti ha risposto al topic della modella di medicina dicendoti che mancava il contesto. Se tu credi di essere questo super giornalista stai fallendo su tutta la linea e con questo post stai dimostrando di essere un bambinone immaturo. Tieniti i tuoi blocchi, sono felice di non leggere più nel feed i tuoi post di merda, mi spiace solo di non poter più cercare di smontare le tue false notizie.. **sempre e rigorosamente prive di fonti!**",Prestigious-Gap-5050,2022-11-09T09:34:26,4,Italia,https://reddit.com/r/Italia/comments/yqcu2t/ho_bloccato_poco_fa_due_utenti_del_tag_campania/ivnwrca/
ypsmcc,,ivlttjp,"Sono al 6° anno di medicina e ho preso 30 all'esame di psichiatria, queste informazioni non sono notizie nuove e se chiedi a qualunque psichiatra ti dirà le stesse esatte cose. E te le deve dire, perché altrimenti il paziente avrà effetti collaterali (e smetterà di prendere le medicine senza dirtelo --> fallimento terapeutico) oppure si cercherà le info su google, vedrà che fanno male (cazzata) e smetteranno di prenderle o saranno sospettosi e non le prenderanno volentieri (fallimento terapeutico 2).",AlexMars95,2022-11-08T22:16:22,16,Italia,https://reddit.com/r/Italia/comments/ypsmcc/sono_ricoverata_in_psichiatria_chiedetemi_quello/ivlttjp/
ypic8j,,ivkt4wf,"Davvero? Non lo sapevo. Beh, buone notizie",Voynimous,2022-11-08T18:22:08,1,Italia,https://reddit.com/r/Italia/comments/ypic8j/ragazze_di_famiglia_bene_escort_per_gioco_e_per/ivkt4wf/
ypic8j,,ivkmb0k,"Io non sono stressato... sono stufo di vedere queste notizie e di leggere mocciolosi che non sanno ancora quanti calci in faccia prepara la vita per loro.
Poi effettivamente non dovrei accalorarmi così in quanto per l'appunto ci penserà la vita, ma è anche giusto che poi non possano dire "" non me lo aveva spiegato nessuno"" viviamo nel era delle pandemie e della morte del buon senso...se gli sembra oggi una scelta intelligente?... perché  si dovtebbe occupare di loro la sanità pubblica poi? Tanto pagano gli altri.",yoriu,2022-11-08T17:38:26,-1,Italia,https://reddit.com/r/Italia/comments/ypic8j/ragazze_di_famiglia_bene_escort_per_gioco_e_per/ivkmb0k/
ypoe1q,,ivkcq6f,">È un articolo editoriale, non di cronaca.

Ma assolutamente no, gli editoriali sono molto più lunghi, e non vengono pubblicati in fondo a pagina 8, come in questo caso, nella sezione ""ultime notizie"".",Canella_Bruneri,2022-11-08T16:37:03,0,Italia,https://reddit.com/r/Italia/comments/ypoe1q/accadde_oggi_65_anni_fa_negli_usa_vengono/ivkcq6f/
ypoe1q,,ivkaqdf,">Sei tu che hai chiamato politico insultare tre militanti del KKK che hanno evirato qualcuno.

Non stava bene chiamarlo cafone. E *L'unità* era un organo politico. 

Prima regola del giornalismo: le notizie si danno per informare il pubblico, non per comunicare quanto ci faccia schifo questo o quello. A quello scopo esistono le reti sociali e, nel 1957, esistevano i circoli e i bar di quartiere. Interessante reperto storico, quindi, ma giornalismo pessimo.",Canella_Bruneri,2022-11-08T16:23:50,0,Italia,https://reddit.com/r/Italia/comments/ypoe1q/accadde_oggi_65_anni_fa_negli_usa_vengono/ivkaqdf/
yox8tp,,ivjbr46,Purecontact che parla dell'affidabilità delle fonti e di verifiche delle notizie.. ora sono pronto all'apocalisse. Non pensavo che in una vita avrei potuto vivere una pandemia e pure questo.. è il colmo!,Dal-Shaloth,2022-11-08T11:50:11,0,Italia,https://reddit.com/r/Italia/comments/yox8tp/il_governo_vuole_tagliare_le_tasse_per_le_partite/ivjbr46/
ypdww4,,ivj36re,Guarda se hai tanti soldi e segui notizie sai che vivere in un paese in guerra è sempre peggio che in uno come l'Italia e fai qualsiasi sacrificio per dare ai tuoi posteri un futuro migliore.,alebruno0,2022-11-08T09:53:05,2,Italia,https://reddit.com/r/Italia/comments/ypdww4/la_famiglia_siriana_abbiamo_pagato_70000_dollari/ivj36re/
yoecly,,ivea6n9,"si il terzo centrocampista francese a segnare contro l'Inter, mai sentito un articolo che calcola questi ""record"" o ""notizie"" lol. Se lo facevano sulla mia squadra mi sarei messo a ridere cestinando il giornalista, a te piace così va bene.",Pure-Contact7322,2022-11-07T09:46:57,1,Italia,https://reddit.com/r/Italia/comments/yoecly/la_juve_incensata_dai_giornali_come_se_avesse/ivea6n9/
ynu6x1,,ivcjjct,">Questa è una triste situazione legata alla solitudine, perché entrambi i protagonisti, loro malgrado, di questa vicenda erano persone, con una vita ""professionale"" ( studio o lavoro) di tutto rispetto, il ragazzo stava studiando con buoni risultati

Forse conosci notizie che non hanno divulgato: alle *Iene* riportavano che il ragazzo lavorava nell'azienda edile del padre, c'era anche una sua fotografie mentre faceva il muratore. Nessuno studio.

>e l' uomo era comunque un professionista ,

Professionista in che cosa, di preciso? Non vorrei che fossi caduto anche tu nella definizione del testimone Alberto Biggiogero di ""libero professionista"": incalzato dall'avvocato di parte civile, aveva spiegato ""molto libero, e poco professionista"". No, non ha aggiunto che faceva un mix, quello lo aveva già detto in precedenza.",Canella_Bruneri,2022-11-06T23:26:55,1,Italia,https://reddit.com/r/Italia/comments/ynu6x1/suicidi_a_catena_dopo_il_giovane_di_24_anni_che/ivcjjct/
ynu6x1,,ivc7gpb,">Non ancora. Istruttoria in corso. Richiesta di archiviazione non vuol dire che venga accettata. 

Io ho letto che l'archiviazione per le altre ipotesi di reato è stata effettuata. Hai notizie diverse?",Canella_Bruneri,2022-11-06T22:01:30,3,Italia,https://reddit.com/r/Italia/comments/ynu6x1/suicidi_a_catena_dopo_il_giovane_di_24_anni_che/ivc7gpb/
ynriou,,ivbftf9,perché legge le notizie sui giornali monezza.,anyspeed,2022-11-06T19:04:57,5,Italia,https://reddit.com/r/Italia/comments/ynriou/il_genio_twitter_si_finge_maguire_grazie_alle/ivbftf9/
ynoh2m,,ivbd1nv,">Cosa c'entra che non siano persone del passato?

Il tempo è gentiluomo. Poi, sia chiaro, non difendo Putin, ma certe cose non hanno senso. Opinione mia. 



>magari hanno anche dei nuovi compagni di classe ucraini che scappano dalla guerra

È così, ma hanno anche dei compagni russi che magari subiscono le notizie in altro modo, e scrivere su degli striscioni che il loro paese è una merda è qualcosa di cui vale la pena riflettere insieme. 


>e il tuo primo pensiero è ""buu, le parolacce""

Ecco, aspettavo con ansia la frecciatina, l'accusa. Abbastanza tipico di chi vuole accusare gli altri della sua propria indignazione ostentata, poi magari non è il tuo caso e me ne scuso. Ti stupirà, non mi crederai, ma il mio primo pensiero è stato esattamente parlarci, per avere un confronto aperto sul tema. I miei colleghi invece hanno ritenuto figo che loro facessero quelle cose e non hanno ritenuto necessario alcun commento perché 'so ragazzi. Non mi indigno per due parolacce, sai com'è, lavoro alle medie 😅 facevo presente il modo a parer mio poco sensato con cui i miei colleghi hanno gestito una serie di episodi che ha fatto anche rimanere male alcuni alunni. E a me dispiace se i miei alunni ci rimangono male, vorrei che fossero sereni tra di loro e sono favorevole all'integrazione tra tutte le varie culture che ci sono a scuola. Lasciare quegli striscioni senza dir nulla mi ha dato l'idea che la reazione, emozionale e assolutamente giustificata da parte degli alunni, sia stata gestita in maniera altrettanto emozionale dagli adulti, per quanto possa sembrare una piccola cosa a chi non ha lavorato lì e non ha vissuto tutto l'anno. Ci sta, ho solo riportato un fatto.


>C'è la guerra e tu pretendi che la reazione della scuola pubblica ad esternazioni emozionali dei ragazzi sia ""ricordatevi il galateo e le buone maniere""?

Preferisco la razionalità all'emozionalità, e non per il galateo, ma perché un mancato controllo delle emozioni non ci fa bene. Giusto lo sfogo, ma se ne doveva parlare.


>È inqualificabile

Ho sempre una grande ammirazione verso coloro che sanno con tutta questa certezza cosa è giusto, e che rispondono alle opinioni altrui con sentenze. Okay.",cheneso_,2022-11-06T18:47:28,1,Italia,https://reddit.com/r/Italia/comments/ynoh2m/dalla_manifestazione_slava_ukraini_convocata_da/ivbd1nv/
ynu6x1,,ivaovad,Fiero di non offrire views a notizie e programmi su queste stronzate che ricordano molto le lotte fra gladiatori o animali al colosseo,730avs,2022-11-06T16:09:36,64,Italia,https://reddit.com/r/Italia/comments/ynu6x1/suicidi_a_catena_dopo_il_giovane_di_24_anni_che/ivaovad/
ynmq25,,iva8zjf,">L'importante è crederci

Non so come dirtelo, *non si tratta di crederci*, è la realtà. Non è che se ti ficchi le dita nelle orecchie e ti metti a strillare come un ossesso la realtà diventa tutto ciò che desideri.

>Poi bellissimo ""è uscita la notizia"" come se le notizie uscissero per caso.

Ahh, ecco, gombloddo? È questo il tuo argomento? Azz...

>È dal 2014 che la Russia ha cercato una sponda diplomatica in Europa

Invadendo la Crimea, finanziando i terroristi separatisti e supportandoli sul campo? Forse comincio a capire, tu ed io abbiamo una diversa interpretazione per diplomazia.

>per l'attuazione e il rispetto degli accordi di Minsk, volutamente e colpevolmente ignorata.

La faccia tosta, dopo aver ignorato gli accordi del memorando di Budapest invadendo il suolo Ucraino per primi. La Russia non è in nessuna posizione per chiedere il rispetto di nessun accordo, a maggior ragione se per arrivare a tale accordo si ha finanziato e aiutato i separatisti che ora pretendi ricevano autonomia.",Iggy_Kappa,2022-11-06T14:19:30,8,Italia,https://reddit.com/r/Italia/comments/ynmq25/lol_vol2/iva8zjf/
ynmq25,,iva6s3t,"L'importante è crederci. Comunque hai una sicumera tipica di chi non studia che non ti gioverà molto nella vita. Poi bellissimo ""è uscita la notizia"" come se le notizie uscissero per caso. Cioè siamo proprio senza le basi.
È dal 2014 che la Russia ha cercato una sponda diplomatica in Europa per l'attuazione e il rispetto degli accordi di Minsk, volutamente e colpevolmente ignorata. Non è che te arrivi oggi nel 2022 e dopo aver letto 2/3 titoloni di ridicoli giornalai pensi di insegnare la storia a me che seguo la situazione ucraina dalla rivoluzione arancione del 2004, studiando su libri e su materiale specialistico e non sui giornaletti e sui talk show come va di moda oggi. 
Raccontati la realtà che più ti piace e va bene così. I libri ci sono, se vuoi studia sennò sinceramente mi frega meno che zero.",shorelorn,2022-11-06T14:03:01,-4,Italia,https://reddit.com/r/Italia/comments/ynmq25/lol_vol2/iva6s3t/
ynmq25,,iva3tic,"Ma io non è che ""penso"" queste cose, sono fatti, sono realtà, che magari a te è scomoda, e quello è un altro discorso. 

C'è stato il tentativo diplomatico con Putin. Nei giorni prima dell'invasione, nel corso dell'invasione, ed ancora oggi; è notizia di pochi giorni fa che Biden, il mostro *Yankee*, ha mediato con Zelenskyy per farlo desistere dalla posizione secondo la quale non ci sarebbero state più trattative fin tanto Putin fosse rimasto a capo del Cremlino. Ma queste notizie non fanno comodo alla narrativa senzazionalistica secondo la quale ""la via diplomatica non è stata applicata"", eh?",Iggy_Kappa,2022-11-06T13:39:41,13,Italia,https://reddit.com/r/Italia/comments/ynmq25/lol_vol2/iva3tic/
ynmq25,,iv9vcpj,"Non so dove prendi queste notizie... ma sono frutto di una lettura errata. Gli Ucraini sono in una fase di consolidamento nelle terre riconquistate e di ""shaping"" dei prossimi territori oggetto di offensiva. E' così sia per l'asse di Kharkiv che di Kherson. E questo avviene perchè sanno molto bene come condurre una guerra, al contrario dei russi. Le uniche ""cariche"" che stanno fallendo sono quelle russe verso Bakhmut e da Kreminna verso ovest.",Imaginary_Western141,2022-11-06T12:23:25,26,Italia,https://reddit.com/r/Italia/comments/ynmq25/lol_vol2/iv9vcpj/
ynkvk8,,iv9m1a4,"Non tu OP, l'ultimo interrogativo era rivolto al giornale. Hanno tradotto un articolo di un giornale australiano, forse addirittura una lettera di un lettore, e rimbalzato la notizia. È sempre interessante sapere le opinioni altrui, ma questa è equivalente a dichiarare un tweet di un tipo qualsiasi che dichiara le banane esseri senzienti come notizia di alto profilo. Da quel che ho letto non è nemmeno un'iniziativa ""formale"" di un gruppo di amanti di cani, è l'opinione di un singolo individuo a cui peraltro non sta seguendo alcuna azione effettiva. Va bene che sono le notizie della domenica, però...",sbubolina,2022-11-06T10:30:20,1,Italia,https://reddit.com/r/Italia/comments/ynkvk8/avere_un_figlio_o_avere_un_cane_dovrebbe_essere/iv9m1a4/
yn5s61,,iv9hry0,">Sono entrambi problemi, entrambi devono essere affrontati.

Nel caso della studentessa, sono stati affrontati nella maniera peggiore: regalandole pubblicità gratuita, anziché cercare di danneggiarla realmente con un esposto alla magistratura riguardo alle irregolarità nella laurea. 

A vedere da come reagisce non sembra minimamente preoccupata della situazione, ha le spalle coperte, e a naso direi che anche l'università San Raffaele le ha: 

https://milano.repubblica.it/cronaca/2022/11/05/news/carlotta_rossignoli_laurea_medicina_in_anticipo_polemiche-372974606/

Condivido l'accusa di benaltrismo se rivolta a un ministero o a un'autorità cittadina, nel loro caso si presume che non siano in grado di affrontare 10 o 20 problemi in contemporanea. Sull'indignazione... be', i lettori hanno una limitata capacità quotidiana di assorbimento delle notizie, e se i media scremassero un po' le notizie da sparare in prima pagina, il dibattito nazionale ne gioverebbe.",Canella_Bruneri,2022-11-06T09:29:27,3,Italia,https://reddit.com/r/Italia/comments/yn5s61/meno_del_19_delle_scuole_al_sud_ha_il_certificato/iv9hry0/
ymxbx3,,iv7n62n,"Si ma di base sono abbastanza stufo di avere i social intasati da queste notizie inutili. Altri esempi che posso portare sono le persone di Elon Musk e Kanye; va bene tutto. E poi la cosa principale è che tutte ste polemichette non portano a nulla di costruttivo, come nel caso de ""il"" o ""la"" presidente. Ma che cazzo me ne frega lol",ErSigna,2022-11-05T22:53:28,-9,Italia,https://reddit.com/r/Italia/comments/ymxbx3/influencer_si_laurea_a_23_anni_in_medicina_al_san/iv7n62n/
yn5s61,,iv7j0ci,"Perdonami, avresti un link sul crollo dell’aula a Genova? Ci vivo e studio, ma non ne ho sentito parlare e online trovo solo notizie sul crollo dell’aula magna di Cagliari, ma nulla su Genova.",l0507,2022-11-05T22:22:59,4,Italia,https://reddit.com/r/Italia/comments/yn5s61/meno_del_19_delle_scuole_al_sud_ha_il_certificato/iv7j0ci/
yn5s61,,iv76y79,Deve essere il singolo cittadino a pretendere che certe notizie vadano a fare in culo,730avs,2022-11-05T20:54:52,4,Italia,https://reddit.com/r/Italia/comments/yn5s61/meno_del_19_delle_scuole_al_sud_ha_il_certificato/iv76y79/
ymxbx3,,iv6r12k,"In linea generale sarei d'accordo con te, ma ci sono due fattori da tenere in considerazione:
- si sta parlando di una persona che un domani dovrà curare delle persone. Se veramente esistono facilitazioni a fronte di donazioni, è giusto che la cosa venga fuori onde evitare di trovarci medici incompetenti.
- i giornali continuano a dare risalto a questi influencer, parlano solo di loro con notizie al limite del demenziale: ma perché?",sixlaneve81,2022-11-05T19:03:19,7,Italia,https://reddit.com/r/Italia/comments/ymxbx3/influencer_si_laurea_a_23_anni_in_medicina_al_san/iv6r12k/
ymr76u,,iv6ik3o,">ma che ne so a me sta cosa fa comunque ribrezzo.

Probabilmente hai iniziato a leggere le notizie di cronaca da pochissimo. Prima o poi fra le notizie leggi di tutto, e gli agenti di polizia, così come i carabinieri, sono finiti a processo per una vastissima gamma di reati compiuti fuori servizio, non solo reati sessuali. Ricordo in particolare il generale Francesco Delfino — oh, dico, un generale nell'arma da 41 anni, suppongo con uno stipendio dignitoso — che è stato condannato per truffa ai danni di una famiglia di cui era amico, durante il sequestro Soffiantini: 800´000 euro percepiti illecitamente. Andato in pensione col grado di generale, una volta che la condanna divenne definitiva venne degradato a soldato semplice. E stendiamo un velo pietoso sulla vicenda della banda della Uno Bianca.",Canella_Bruneri,2022-11-05T18:05:05,3,Italia,https://reddit.com/r/Italia/comments/ymr76u/open_poliziotto_accusato_di_aver_fatto_sesso_con/iv6ik3o/
ymr76u,,iv6c40k,"Ciao OP, sono di Lucca e ti linko un sito di notizie locali:  


[https://www.luccaindiretta.it/cronaca/2022/11/04/atti-sessuali-con-minori-denunciato-un-poliziotto/319091/](https://www.luccaindiretta.it/cronaca/2022/11/04/atti-sessuali-con-minori-denunciato-un-poliziotto/319091/)

  
[https://www.luccaindiretta.it/cronaca/2022/11/05/abusi-sessuali-su-minori-anche-alloratorio-si-allarga-lindagine-sul-poliziotto/319211/](https://www.luccaindiretta.it/cronaca/2022/11/05/abusi-sessuali-su-minori-anche-alloratorio-si-allarga-lindagine-sul-poliziotto/319211/)  


La qualità della scrittura può essere altalenante ma non pubblicano notizie false, hanno fonti di prima mano essendo proprio di qui.",Xad00m,2022-11-05T17:21:41,7,Italia,https://reddit.com/r/Italia/comments/ymr76u/open_poliziotto_accusato_di_aver_fatto_sesso_con/iv6c40k/
ymm8c4,,iv61fzw,"Ma io mi diverto un mondo a percularli questi, è fantastico come ripetono a pappagallo la propaganda russa incuranti delle notizie che escono e fanno regolarmente la figura dei coglioni :D",ersentenza,2022-11-05T16:10:24,3,Italia,https://reddit.com/r/Italia/comments/ymm8c4/oggi_manifestazione_per_la_pace_a_roma_attese_100/iv61fzw/
ymr76u,,iv5eqc9,"Purtroppo è l'1% che fa casino. Ogni giorno vengono arrestati rapinatori, mafiosi, assassini, pirati della strada ma raramente si sentiranno notizie riguardo questi. Al contrario l'1% smerda tutti e fa notizia. Che poi realisticamente non è nemmeno uno su cento quanto forse uno su dieci mila",Emilio_Cesare,2022-11-05T13:16:49,4,Italia,https://reddit.com/r/Italia/comments/ymr76u/open_poliziotto_accusato_di_aver_fatto_sesso_con/iv5eqc9/
ym73qj,,iv50kz5,"Leggi, quanti più libri possibile, ti aiuteranno a raggiungere uno dei lussi più grandi, specialmente in un’epoca in cui le notizie ci bombardano da ogni direzione: 
la capacità di ragionare con la propria testa.

E non negare mai la musica, come diceva qualcuno: senza musica il mondo sarebbe un errore.",Zemiriel,2022-11-05T10:39:09,3,Italia,https://reddit.com/r/Italia/comments/ym73qj/consigli_di_vita_per_ragazzo_di_25_anni/iv50kz5/
ym5wg7,,iv4w6nh,"Ma davvero credi che protestare sul gra o in un museo in modo così plateale serva a sensibilizzare 'laggente' sul tema ambientalista, nel 2023..?!?

Questi hanno proprio sbagliato tutto: tempistiche (se fossimo nel 2004 ancora ancora, ma oggi che siamo bombardati 24/7 di notizie sul clima..?!? really..?!!);

comunicazione (rompi le palle a chi lavora o rischi di rovinare un'opera d'arte e la colpa è della 'ggente' che non capisce..?!? Io boh..);

obiettivi (ma andare a protestare davanti ad un ministero, ad una fabbrica, ad una sede di partito, no?! Troppo rischioso?!)

Non basta che *'se ne parli - bene o male basta che se ne parli!'*, questa fase è superata abbondantemente, questi sono indietro con i tempi e con il cervello.",Just_Cook_It,2022-11-05T09:34:50,1,Italia,https://reddit.com/r/Italia/comments/ym5wg7/gente_del_gruppo_che_lancia_le_zuppe_sui_quadri/iv4w6nh/
ym3aum,,iv2q0oi,"Proprio in questi giorni sto chiedendo un rimborso ad un venditore fuffaldino quindi AMA e ti do notizie fresche.

Se hai pagato con PayPal vai alla pagina della transazione e apri una pratica (clic su Segnala un Problema). Scrivi di nuovo tutto cominciando dal principio come hai fatto qui su reddit e aspetta la risposta del venditore.     
A questo punto, dopo la loro risposta converti la pratica in reclamo. Compare una finestra popup dove PayPal ti chiede di spiegare i motivi per cui chiedi il rimborso etc. dopodiché con la calma ti rispondono. 

Gli addetti di PayPal si basano solo su quello che leggo o nella pratica, oltre a quello che dice il venditore in sua difesa, quindi è importante dare tutti i dati, essere precisi (ad es., ""il volantino ""PECCATO NON ESSERCI"", allegato alla mail del 5 ottobre"" piuttosto che ""un volantino"", anche se PayPal quel volantino non lo vedrà mai) mantenere un linguaggio educato e riportare i fatti lasciando fuori giudizi e sarcasmo.

Importante per il rimborso, spiega come il cambiamento di programma, unito alla superficialità con cui i venditori hanno trattato la cosa, é stato tale che non puoi sentirti tranquilla ad andare ad un'altro dei loro eventi per via delle tue esperienze precedenti, quindi non puoi accettare biglietti, non ci vuoi più avere a che fare.

99% riavrai i tuoi soldi. Facci sapere.",_DepletedCranium_,2022-11-04T20:52:00,2,Italia,https://reddit.com/r/Italia/comments/ym3aum/secondo_voi_ho_qualche_speranza_di_farmi/iv2q0oi/
ylsvf0,,iv2nfs6,"Concordo. Alcuni mesi fa ho letto l'articolo della più giovane avvocatessa d'Italia: dopo un articolo la storia è morta li.
Qui da me è diventata notizie la condanna per mafia da parte di uno gruppo di giovani giudici (età media sui 30 anni e qualcosa)....notizia che non è andata oltre al giornale locale",sixlaneve81,2022-11-04T20:34:39,5,Italia,https://reddit.com/r/Italia/comments/ylsvf0/la_storia_della_studentessa_prodigio_che_a_quanto/iv2nfs6/
yjme9u,,iv2l48f,"Diversificando i siti di informazione, seguendo direttamente i profili di più giornalisti, politici, scienziati... verificando sempre le fonti, e possibilmente ignorare catene di WhatsApp e Facebook... 
In generale ritengo non esiste sempre una verità assoluta, e chi riporta/pubblica notizie anche in buona fede potrebbe peccare di soggettività, quindi confrontare e farsi una propria opinione fondata su fatti ed esempi è l'unica strada...",Fa85IT,2022-11-04T20:19:06,1,Italia,https://reddit.com/r/Italia/comments/yjme9u/come_vi_informate_su_ciò_che_succede/iv2l48f/
ym6x74,,iv29c83,Della serie notizie di cui si poteva fare a meno,Typical_Thing9344,2022-11-04T19:00:08,5,Italia,https://reddit.com/r/Italia/comments/ym6x74/con_tutti_i_soldi_che_hai_usi_il_seggiolone/iv29c83/
ylzhfl,,iv1wanj,"grazie di averlo postato, questa é una delle notizie piú preoccupanti per il futuro dell´Europa, altro che la Meloni che cambia gli articoli dei documenti...i tedeschi si sono mostrati piú di una volta ostili al supporto all´Ucraina, hanno ceduto dopo molte pressioni, sono le principali vittime dell´esplosione del NS II, stanno per vendere una parte del porto di Amburgo ai cinesi (ossia nel cuore dell´Europa) e distaccandosi dalla linea atlantista della guerra fredda con la cina vogliono tenere il piede in due scarpe. Allo stesso tempo hanno messo sul mercato interno 500 mld al tempo del corona, 100 per rifare l´esercito e 200 per ""aiuti"" alle imprese e alle famiglie (che ora che il gas sta deprezzando non serviranno piú). Potrebbe essere la fine dell´Europa",albertayler,2022-11-04T17:35:52,2,Italia,https://reddit.com/r/Italia/comments/ylzhfl/scholz_incontra_xi_jinping_per_rafforzare/iv1wanj/
ylsvf0,,iv0bz2o,"Chissà, magari si comprano anche le notizie.",FireTriad,2022-11-04T10:21:17,5,Italia,https://reddit.com/r/Italia/comments/ylsvf0/la_storia_della_studentessa_prodigio_che_a_quanto/iv0bz2o/
yl95t4,,iv075tc,"Mi dispiace per loro, non hanno le capacità per rendersi conto del danno che stanno causando al tema dell'ecologia, non ce la fanno. Si stanno facendo odiare come pochi, stanno facendo incattivire tutti contro il tema del clima.

Una persona normale vede queste notizie e non si immedesima nel manifestante, si immedesima nel povero lavoratore che è imbottigliato nel traffico, nel malato che sta andando in ospedale, nella madre che deve andare a prendere i figli a scuola. E si carica di rabbia.

La verità è che:
1. o non sono abbastanza intelligenti per capire cosa stanno facendo;
2. o non gliene frega nulla della causa, ma vogliono soltanto sentirsi appartenere a qualcosa.",Overall-Ambassador68,2022-11-04T09:13:57,7,Italia,https://reddit.com/r/Italia/comments/yl95t4/lol/iv075tc/
ylrsq1,,iv0428g,"Con la dichiarazione del figlio che si pente, pure.

Le notizie che fanno bene al regime.",jollanza,2022-11-04T08:26:47,9,Italia,https://reddit.com/r/Italia/comments/ylrsq1/papà_scopre_20_grammi_di_marjuana_nei_pantaloni/iv0428g/
yleydl,,iuy5ecr,"Qualcuno invia notizie, qualcuno commenta.

È meglio se chi invia la notizia fornisce una fonte attendibile alla notizia.

È meglio se chi commenta fornisce le fonti delle informazioni che scrive nei commenti.",GiorgioPerlasca,2022-11-03T21:27:28,2,Italia,https://reddit.com/r/Italia/comments/yleydl/popolo_di_reddit_sono_nuovo_qualcuno_che_mi/iuy5ecr/
yktznv,,iuwqysp,">In alcune nazioni i documenti semplicemente non sono conformi a quelli richiesti da noi, quindi discrimini le persone per le inefficienze della loro nazione.

Qua sono d'accordo, ma é una questione burocratica che si puó risolverr facilmente.

>In altri non te li danno validi per l'espatrio, volutamente. Queste notizie però le filtrate.

Chi le filtra? Penso tutti sappiano che a Cuba non ti danno documenti per l'espatrio, che la Cina concede una sola cittadinanza (o la cinese o Quella del tuo ""nuovo"" paese) eccetera.",marlenesdottir,2022-11-03T16:06:33,2,Italia,https://reddit.com/r/Italia/comments/yktznv/meloni_se_fai_la_spola_tra_le_coste_africane_e/iuwqysp/
yl0a27,,iuwn29h,Un goloso di notizie…? Che pietas,LevJveL,2022-11-03T15:41:05,5,Italia,https://reddit.com/r/Italia/comments/yl0a27/pontedera_professore_colpisce_con_un_pugno_lo/iuwn29h/
yktznv,,iuw9rrx,"Ma voi fate sempre finta che il mondo sia tutto normale e ordinato.

In alcune nazioni i documenti semplicemente non sono conformi a quelli richiesti da noi, quindi discrimini le persone per le inefficienze della loro nazione.

In altri non te li danno validi per l'espatrio, volutamente. Queste notizie però le filtrate. Essere gay nel paese sbagliato, per esempio, porta a questo. Così ti possono perseguitare per bene in patria.

In casi anche peggiori, tu gay sei proprio un criminale, quindi sei in galera senza documenti. Se scappi e vieni in Italia, l'Italia ti deve trattare come un criminale, perchè ""per la nazione di provenienza lo sei, e chi siamo noi per giudicare le leggi degli altri""

QUESTO 

È

SBAGLIATO

Dovrà capitare a voi prima che ve ne rendiate conto",ReverseSocrates,2022-11-03T14:11:32,-1,Italia,https://reddit.com/r/Italia/comments/yktznv/meloni_se_fai_la_spola_tra_le_coste_africane_e/iuw9rrx/
yjxnfl,,iutvl1z,"Ma come si fa ad affermare con questo livello di certezza cose come “a nessuno in quegli ambiti frega del metodo”??? Dove sta scritto che “semplicemente urlare e insultare è un metodo di convincimento più efficace e veloce”???

“O si fa così o non si fanno questi sport” è solo una opinione. Credo di comprendere il punto di vista, non capisco però come si riesca a elevarlo a verità assoluta, né il bisogno di farlo in commento a notizie di violenze e umiliazioni.

Per questo ti hanno dato del boomer.",RMattiae,2022-11-02T23:51:11,3,Italia,https://reddit.com/r/Italia/comments/yjxnfl/ancora_racconti_di_abusi_nella_ginnastica_ritmica/iutvl1z/
yjc5f9,,iura46l,"L’odio che hanno alimentato contro questa cosa totalmente personale è assurda. 
La gente veramente crede di avere l’oracolo e pretende di sapere tutto solo perché lo ha sentito in tv, nonostante questa stessa facesse girare notizie assolutamente false (es. i vaccini prevengono il contagio). 

E no, una persona che non si vuole fare QUESTO vaccina non è no-vax. Che etichette del cazzo.
E lo dico da vaccinata.",TransportationNo6850,2022-11-02T13:28:25,1,Italia,https://reddit.com/r/Italia/comments/yjc5f9/da_cittadino_non_mi_farei_curare_da_un_medico_che/iura46l/
yjc5f9,,iur38q1,"La popolazione del tuo paese a quanto ammonta? E ""moltissimi"" cosa vuole dire? Il 10% della popolazione del paese? Il 20%? Il 50%?

Per quanto mi riguarda, anche solo guardandomi un pò in giro, fra miei amici, conoscenti, i conoscenti dei conoscenti, e gente che abita nella mia città, ogni singolo caso in cui si è parlato di gravi ripercussioni a seguito del vaccino si è poi rivelato essere una bufala per scammare un qualche compenso con la classica causettina micragnosa.

Di nuovo, il sentito dire non ha alcun peso, specialmente se chi sparge queste notizie agisce in malafede.",maxiderpie,2022-11-02T12:31:55,1,Italia,https://reddit.com/r/Italia/comments/yjc5f9/da_cittadino_non_mi_farei_curare_da_un_medico_che/iur38q1/
yj0l2q,,iunkd8o,Ma scusi mi sono arrivate notizie della sua necrofilia sta spergiurando che esse erano menzogne?,ushanka-e-vodka,2022-11-01T18:03:00,3,Italia,https://reddit.com/r/Italia/comments/yj0l2q/lho_comprato_a_venezia_ma_non_so_cosa_significhi/iunkd8o/
yj4xw3,,iun6pmg,"Più che intaccare la libertà di parola andrà a mettere a rischio la veridicità e la credibilità di alcuni tweet e soprattutto notizie, perché, come tu stesso la spunta ti eleva e, in un certo senso, rende tutto ciò che dici credibile. Ora tu immagina 2000 bot russi(ma anche cinesi, americani, e, perché no, anche italiani), che spammano fake news e vengono anche avvallate dalla spunta blu, non ci si capirebbe più nulla",Davide_Montoni,2022-11-01T16:37:06,2,Italia,https://reddit.com/r/Italia/comments/yj4xw3/twitter_20_dollari_al_mese_per_la_spunta_blu_the/iun6pmg/
yj0pjz,,iummwbc,si ma scusa apparentemente questi leggono i giornali e fanno le norme sull'onda delle notizie... se tu parti in questo modo dai subito l'impressione di non avere un programma un progetto da seguire. L'impressione è che questa non sappia minimamente cosa fare.,OceanBottle,2022-11-01T14:24:06,0,Italia,https://reddit.com/r/Italia/comments/yj0pjz/reato_di_rave/iummwbc/
yifcq0,,iuip9uk,"Ok boomer, passa la tua vita a ripostare notizie su reddit",MaTija4720,2022-10-31T17:03:06,-4,Italia,https://reddit.com/r/Italia/comments/yifcq0/governo_approva_giro_di_vite_sui_rave_party/iuip9uk/
yifve9,,iuike45,"Ahimè, bisognerebbe spammare commenti di questo tipo tutte le volte che qualcuno riporta notizie riguardo leggi e sentenze senza sapere nulla di diritto...",albj14,2022-10-31T16:30:43,52,Italia,https://reddit.com/r/Italia/comments/yifve9/ragazzi_ragazzi_ra_ga_zzi/iuike45/
yiau7k,,iui16c8,"Già dal genoma si può sicuramente tirare fuori qualcosa di interessante.
Chi 2 anni fa tirava fuori la questione del laboratorio semplicemente si era creato un complotto basato su nulla, oggi bisogna vedere cosa esce.

Detto anche che appena escono paper e notizie bisogna prendere le cose con le pinze, ancora ricordo la gente che sbroccava per la questione del grafene.",AndreaCicca,2022-10-31T14:19:07,2,Italia,https://reddit.com/r/Italia/comments/yiau7k/usa_commissione_dinchiesta_del_senato_il_covid_è/iui16c8/
yhovxy,,iuhilkb,le curve calcistiche hanno criminali al loro interno. al prossimo Tg1 per questa e altre clamorose notizie,lnz56,2022-10-31T11:38:27,1,Italia,https://reddit.com/r/Italia/comments/yhovxy/intersampdoria_la_denuncia_dei_tifosi_calci/iuhilkb/
yhpccr,,iuh473c,"Che i giornali sempre più spesso pubblichino notizie di getto per accaparrarsi click è risaputo. E' anche vero che non possiamo però credere ad un twit o ad un post di instagram solo perché è contro.

Le fonti devono sempre essere autorevoli ed in questo gioco a chi pubblica prima i giornali hanno perso molta della loro credibilità, ma non per questo ne hanno acquisita le fonti anonime o sconosciute",rotondof,2022-10-31T08:19:12,18,Italia,https://reddit.com/r/Italia/comments/yhpccr/imparate_ad_informarvi_sia_sugli_avvenimenti_che/iuh473c/
yhgthb,,iuh39b1,">Chissà come reagiresti se dalla bielorussia partissero attacchi missilistici su kyev...

Beh ho delle notizie per te...",large_rooster_,2022-10-31T08:04:38,6,Italia,https://reddit.com/r/Italia/comments/yhgthb/la_russia_ha_bloccato_di_nuovo_il_grano_ucraino/iuh39b1/
yhpcmi,,iuf47qc,… trovo interessante leggere in rete che Hitler fosse vegetariano e animalista… chissà se si tratta di fake news o di notizie frutto di studio e ricerca profonda… quanto agli estremismi… non mi sono mai piaciuti: mi ricordano il fanatismo religioso… per il resto… vi amo quasi tutti… sia belli che brutti ❤️,betaloserfootfag,2022-10-30T21:12:28,1,Italia,https://reddit.com/r/Italia/comments/yhpcmi/manifestazione_vegan_for_animals_and_planet_a/iuf47qc/
yhi0gh,,iuemotc,"No, visto che esistono poliziotti di merda come quelli di Cucchi (e migliaia di altri casi che non hanno avuto spazio nelle notizie perché le famiglie non avevano soldi), e che l'intero sistema giudiziario ti è contro nell'ottenere un minimo di giustizia se dovesse succedere, e pure legislatori e degli interi ministeri si batteranno per anni per difendere quelle persone di merda, e anche se riesci a proseguire su tutto come la famiglia Cucchi, solo dopo 20 anni vedrai gente in carcere come minimo mi verrebbe da pensare che forse io drogato l'ultima cosa che dovrebbero fare è ascoltare il poliziotto medio, dato che il rischio non vale minimamente la pena in nessun possibile modo. 

E dopo un po' diventa semplicemente logico e una decisione pure scontata stare alla larga da chiunque sia vicino alle forze dell'ordine ed evitarli al costo dell'overdose o di perdere una mano. 

Ma tranqui, concordo che non è un bell ambiente da avere nella nostra società. Semplicemente piuttosto che dare dei coglioni a gente che semplicemente non vorrebbe rischiare di morire senza conseguenze per gli assassini, ho votato la sorella di Cucchi e cerco di fare quello che posso per avere poliziotti meno merdosi per strada",Fix_a_Fix,2022-10-30T19:16:16,-3,Italia,https://reddit.com/r/Italia/comments/yhi0gh/rave_party_in_migliaia_in_arrivo_a_modena_linea/iuemotc/
yhi6z5,,iuec4di,Ah non serviva a questo postare le notizie su r/Italia e r/Italy ?,Dio_delle_bertucce,2022-10-30T18:06:42,4,Italia,https://reddit.com/r/Italia/comments/yhi6z5/università_meloni_rilancia_il_prestito_donore_gli/iuec4di/
yhi6z5,,iue5nks,Possiamo non farmare karma a caso e smettere di mettere notizie che si trovano sulla pagina di google grazie,Affectionate_End_240,2022-10-30T17:24:48,5,Italia,https://reddit.com/r/Italia/comments/yhi6z5/università_meloni_rilancia_il_prestito_donore_gli/iue5nks/
yh8a9l,,iudz2y6,"Siamo ancora in tempo. Leggevo notizie dagli stati uniti, lì se non hai la macchina non vivi. E quando lo stato prova a fare qualcosa, la gente si ribella - vedere la corsia che hanno sottratto alle auto in centro a New York",Svartdraken,2022-10-30T16:40:29,3,Italia,https://reddit.com/r/Italia/comments/yh8a9l/la_libertà_di_circolazione_viene_garantita_solo/iudz2y6/
yhcq99,,iud1g6z,">dato che verrà comunque abolito indipendentemente dalle notizie che lo screditano.

Mi dispiace PD, ma Salvino è già passato da ""abolizione Totale"" a ""pausa"". Alla fine si è scoperto che rivederlo come intende il CDX fa risparmiare 2-4 miliardi.spicci considerato che abbiamo buttato 1 miliardo di soli vaccini scaduti/regalati.",notaplanedude,2022-10-30T12:19:18,1,Italia,https://reddit.com/r/Italia/comments/yhcq99/la_magistratura_ha_un_problema_ma_dirlo_fa/iud1g6z/
ygtpz6,,iucex8y,"Ecco invece l IQ che non ha finito la scuola dell’obbligo però che sa per certo che tutto quello che ci raccontano i poteri forti è falso, giornali e la TV cercano di manovrarci, di creare il pensiero unico, soltanto i giornali autonomi e le notizie dai paesi dittatoriali sono quelle giuste e di sicuro non sono propaganda!!1!1!!1                     Che pagliaccio",International-Bed735,2022-10-30T07:15:57,2,Italia,https://reddit.com/r/Italia/comments/ygtpz6/la_russia_accusa_uk_di_aver_fatto_esplodere_nord/iucex8y/
ygts1v,,iub4gmr,"Fonti sul ""trainante per l'economia nazionale""? 

Non voglio affermare di avere la verità assoluta ma notizie come questa ""https://corrieredelveneto.corriere.it/veneto/economia/22_giugno_02/salari-record-negativo-veneto-7700-euro-sotto-media-nazionale-b15b4722-e1e6-11ec-af46-759c9bd8f3cd.shtml""
Mi fanno pensare che il Veneto tanto trainante non può essere.

Poi non credo che il Veneto abbia leggi molto più favorevoli della Lombardia verso grandi aziende, perciò il PIL pro capite non può essere falsato più di tanto",EclecticKant,2022-10-29T23:41:26,3,Italia,https://reddit.com/r/Italia/comments/ygts1v/sono_un_indipendentista_veneto_ama/iub4gmr/
ygtpz6,,iuazuc5,"Già solamente ripostando ste notizie aiuti la loro circolazione... È così che si diffondono le fake news...

Echecazzo, non abbiamo veramente imparato nulla neanche dalla pandemia vero? 

E poi chiunque potrebbe essere stato. Seguendo i tuoi ragionamenti potrebbe essere stato il popolo di Atlantide che volevano un pò di gas anche loro per scaldarsi.",TestaOnFire,2022-10-29T23:04:40,10,Italia,https://reddit.com/r/Italia/comments/ygtpz6/la_russia_accusa_uk_di_aver_fatto_esplodere_nord/iuazuc5/
ygjx84,,iuaupqe,"Hai perfettamente ragione. I siti di parte come quello da te citato sono obiettivi, riportano le notizie in modo fattuale e distaccato. 

Ad esempio, carnisostenibili.it è un sito che fa informazione neutrale. Si vabè, è gestito dalle associazioni nazionali di industria della carne e dei salumi, ma non importa, è un dettaglio.",rosidoto,2022-10-29T22:24:15,0,Italia,https://reddit.com/r/Italia/comments/ygjx84/cosa_pensate_dellenergia_nucleare_io_sono_100_a/iuaupqe/
yg42oh,,iuadkg2,"non c'e' niente da fare, Reddit si scaglia su queste notizie e crea un echo chamber anche in Italia. Il tipo e' famoso nella scena nudisti hippie... ora per Reddit e' un MAGA...",GiuseppeMercadante,2022-10-29T20:19:01,1,Italia,https://reddit.com/r/Italia/comments/yg42oh/aggredito_in_casa_il_marito_di_nancy_pelosi/iuadkg2/
rr6jdy,,hqepe44,"Notizie vecchie, bastava informarsi e questa info gira da tanto. Le mascherine di stoffa sono quasi inutili da sempre, ma riducono comunque la quantità di fluidi esternata e hanno comunque la loro utilità, anche se relativamente piccola.",Pinols,2021-12-29T13:39:22,6,Italia,https://reddit.com/r/Italia/comments/rr6jdy/drleana_wencnn_medical_expertle_mascherine_di/hqepe44/
rqd37n,,hqb5uwf,"io quella foto non l'ho mai vista associata a bergamo

sentiti libero di postare link a giornali (o copie archiviate se credi nel complottismo delle notizie che vengono riscritte postdatate) che mostrano quella foto associandola a bergamo",Magnetic_dud,2021-12-28T18:52:38,1,Italia,https://reddit.com/r/Italia/comments/rqd37n/morto_di_covid_mauro_da_mantova_il_no_vax_reso/hqb5uwf/
rqgehv,,hqau7p8,"La pandemia non sarà mai finita. Non so se te ne sei accorto ma ogni tanto emergevano notizie di varie possibili pandemie. C'era l'aviaria, la swine flu, l'ebola. Questi fenomeni sono frequenti, ma come dimostrato dalla storia quasi mai evolvono in crisi globali. 

D'ora in avanti, quando qualsiasi cinese starnutisce ci sarà qualcuno che starnazza ""non si sa mai"" e giù di controlli. E se ti opponi ovviamente sarai considerato come uno problematico.",BucolicoAlcolico,2021-12-28T17:35:51,2,Italia,https://reddit.com/r/Italia/comments/rqgehv/postcovid_ed_emergenza_una_riflessione_di_un/hqau7p8/
rnv3oj,,hpuzdh2,"Concordo.
Ci sono moltissime tematiche, notizie, curiosità, argomenti di nicchia, e tanto altro. E la gente che commenta ed il modo di commentare dipende dal tipo di sub.",pietrologa,2021-12-24T23:04:26,5,Italia,https://reddit.com/r/Italia/comments/rnv3oj/reddit_peggio_di_fb/hpuzdh2/
rmak5a,,hpt9w45,"Ah! terrible! Uno che dice la verità senza inzuccherarla! Meglio chi ci prende per il culo ma almeno con notizie piacevoli, tipo Trump",wearsAtrenchcoat,2021-12-24T14:51:42,1,Italia,https://reddit.com/r/Italia/comments/rmak5a/william_henry_gates_iii_manda_gli_auguri_di_natale/hpt9w45/
rnib29,,hpt0ps9,">Notizie come questa non sono per far godere i vaccinati

In un mondo perfetto magari, dove le persone hanno un alto senso civico e rispettano le opinioni di chiunque.",16F628A,2021-12-24T13:26:46,1,Italia,https://reddit.com/r/Italia/comments/rnib29/covid_morto_lex_senatore_no_vax_bartolomeo_pepe/hpt0ps9/
rnib29,,hpsvjop,"Se parliamo di preoccupazione non posso fare che chiedermi quante persone l'ex senatore ha fatto preoccupare quando lui diceva che Covid è una bufala e vaccinarsi è inutile o pericoloso. Ma ancora più importante è chiedersi quante persone possono essere salvate da malattia o addirittura morte attraverso una notizia sui media. Secondo me fra la preoccupazione di certi e la chiarificazione delle conseguenze del novax, la seconda vince sempre. 

E comunque se non puoi avere preoccupazioni le notizie non leggerle perché il 90% sono preoccupanti, fra guerre, carestie, violenza, ed altro",wearsAtrenchcoat,2021-12-24T12:29:19,1,Italia,https://reddit.com/r/Italia/comments/rnib29/covid_morto_lex_senatore_no_vax_bartolomeo_pepe/hpsvjop/
rnib29,,hpsuq2j,"io non credo che questo tipo di notizie diano informazione, danno solo preoccupazione.

chi non vuole vaccinarsi ha il suo motivo etico, politico o religioso che sia.

scegliere di ""trasmettere"" preoccupazione invece di risolvere i dubbi (cosa migliore) dovrebbe essere la loro scelta di vita.

piuttosto che mettere il terrore della morte a chi ha terrore di un vaccino.

io non diro la mia posizione per privacy, ma sappi che io non credo che questo sia il giusto metodo di agire.

""o ti mangi la minestra o ti butti dalla finestra"" non è una scelta logica.",flackoluke,2021-12-24T12:19:05,1,Italia,https://reddit.com/r/Italia/comments/rnib29/covid_morto_lex_senatore_no_vax_bartolomeo_pepe/hpsuq2j/
rnib29,,hpsugdt,"Perché ci sono migliaia, decine di migliaia, di persone che come lui credono che il vaccino faccia male. Notizie come questa non sono per far godere i vaccinati ma per aiutare quelli che sono stati corbellati da notizie false, a capire che non vaccinarsi è pericoloso",wearsAtrenchcoat,2021-12-24T12:15:42,1,Italia,https://reddit.com/r/Italia/comments/rnib29/covid_morto_lex_senatore_no_vax_bartolomeo_pepe/hpsugdt/
rnib29,,hpstyxp,"basta fare ste notizie dimmerda, la persona, a prescindere da che faceva o non faceva, è morta.

che cazzo di bisogno c'è di scrivere ""ex senatore no vax""?

perchè così si becca il danno oltre alla beffa??

ma veramente vi attaccate a ste cose?",flackoluke,2021-12-24T12:09:24,1,Italia,https://reddit.com/r/Italia/comments/rnib29/covid_morto_lex_senatore_no_vax_bartolomeo_pepe/hpstyxp/
rmak5a,,hpm7o7a,"Possiamo smetterla con lo spam di anglomerda? C'è praticamente tutto reddit per saziarsi se uno vuole, ma almeno qui, possiamo avere solo notizie e discussioni riguardanti cose nel nostro paese?  
Già non è che si capisca mai molto cosa succede in italia, se poi ci distraiamo dietro alle stronzate dell'anglomerda si capisce anche meno.",zeando,2021-12-22T23:03:26,7,Italia,https://reddit.com/r/Italia/comments/rmak5a/william_henry_gates_iii_manda_gli_auguri_di_natale/hpm7o7a/
rlenup,,hplzdvd,"Vedo che i casi in Svizzera stanno aumentato notevolmente, e l'aumento dei decessi in genere avviene dopo 2/3 settimane. 

Non sono al corrente delle politiche in Svizzera, ma tu cosa faresti sapendo che se ritardi la pandemia va fuori controllo, specialmente dato che dalle prime notizie sembra che persone con solo due vaccinazioni non siano poi così protette?

Aspetti? E se gli ospedali si riempiono poi che cosa fai? Ricorda che ogni azione che prendi ha un ritardo di 2/3 settimane, se gli ospedali sono sotto stress, è già troppo tardi.

Per esempio vedo che la Svizzera ha restrizioni simili al regno unito: non mi sembra che la situazione vada molto bene da quelle parti, hanno iniziato ad aumentare le restrizioni",MareVacanzeMonti,2021-12-22T22:03:34,1,Italia,https://reddit.com/r/Italia/comments/rlenup/deleted_by_user/hplzdvd/
rlenup,,hph4j30,"Non c'è nessuna bugia in quel tweet.

Le autorità cinesi dichiarano. Quindi al massimo prenditela coi cinesi.
Non è stata trovata evidenza. Non è esclusa. Non è stata dimostrata (dai cinesi che non vogliono dimostrarla). È ben diverso.

Chi sta facendo lo stronzo qui sono i cinesi, che come sappiamo hanno cercato il più possibile di rallentare la diffusione delle notizie a riguardo e di minimizzare.

Ricordo che le prime notizie di questa cosa sono arrivate nel mondo occidentale il 31 Dicembre, dopo un mese che un medico di Wuhan aveva incautamente osato segnalare che c'era qualche problemino coi casi di polmonite. Son quindi iniziati i tentativi di sfondare il muro di gomma cinese di cui qua l'OMS sta riportando le dichiarazioni.

Già il 30 Gennaio, prima ancora che i politici italiani invitassero i cittadini ad andare a fare aperitivi in tranquillità e forse quando tu stesso ancora non avevi fatto caso ad alcuna notizia a riguardo, l'OMS dichiarava il covid un'emergenza internazionale.",White_Lord,2021-12-21T21:30:24,1,Italia,https://reddit.com/r/Italia/comments/rlenup/deleted_by_user/hph4j30/
rjybun,,hpb0cxz,"Che poi è anche un lavoro fatto bene, ha postato tutte le peggiori notizie degli ultimi tempi.",notlur,2021-12-20T15:45:59,1,Italia,https://reddit.com/r/Italia/comments/rjybun/rcampania_bandito_da_reddit/hpb0cxz/
rjls33,,hp4zq2q,"Si è scritto a mano ma ho anche quello digitale, ma il QR che ho su quello non è accettato come green pass, è una cosa della California. 
Sto 2 settimane, e avevo pensato di andare all’ussl6 visto che sono in Veneto ma i loro sistemi sono stati hackerati (davvero assurdo). Tutte le notizie che trovo online sono contrastanti e so già che troverò gente al ristorante che non sa nulla di cosa è accettato o meno.
Ad esempio io volevo andare a vedere Juventus-Napoli ma hanno scritto sul sito che se non hai il green pass con il QR non ti fanno entrare.",Mancho07,2021-12-19T05:49:31,0,Italia,https://reddit.com/r/Italia/comments/rjls33/visito_litalia_dopo_due_anni_come_faccio_il_green/hp4zq2q/
rhiqgq,,hosr491,"Comunque per la cronaca se c'è la categoria Spettacolo evidentemente si possono condividere notizie sul cinema anche se per te sono ridicole. Seconda cosa non credo ci sia un limite di condivisione, se ha avuto molti voti, forse la notizia è di interesse. Quanto alla pubblicità hai fatto un buco nell'acqua perché il blog non è monetizzato infatti non ha i banner. Ragion per cui prima di iniziare le tue battaglie ridicole, studia. 😅🤣🤣",MushroomTiny6104,2021-12-16T16:41:07,2,Italia,https://reddit.com/r/Italia/comments/rhiqgq/è_stata_la_mano_di_dio_candidato_per_il_miglior/hosr491/
rhiqgq,,hosftbv,"Oddio ma che polemica inutile stai facendo. Se non ti piacciono queste notizie inutili come dici tu..non le leggere nessuno ti obbliga, ma veramente stai facendo? Ma sai che cosa è la libertà di espressione? O decidi tu quali sono le notizie che devono essere condivise e quali no?",MushroomTiny6104,2021-12-16T15:26:21,3,Italia,https://reddit.com/r/Italia/comments/rhiqgq/è_stata_la_mano_di_dio_candidato_per_il_miglior/hosftbv/
rhiqgq,,hosfab4,Ma di che parli? Per te condividere notizie vuol dire spacciare pubblicità? Non mi sembra che sono ripetute all'infinito...se il film riceve tante nominations a diversi premi lo si racconta ma che problema c'è?,DonatellaSeville9,2021-12-16T15:22:45,2,Italia,https://reddit.com/r/Italia/comments/rhiqgq/è_stata_la_mano_di_dio_candidato_per_il_miglior/hosfab4/
rhiqgq,,hosebpi,"> Mi piace essere aggiornata sui premi

Quante volte al giorno? https://old.reddit.com/user/awardseasonblog/submitted/?sort=new

Non è meglio se sottoscrivi direttamente al blogspam, se ti appassionano così tanto queste notizie ridicole ripetute *ad infinitum* per spacciare pubblicità?",stefantalpalaru,2021-12-16T15:16:06,-1,Italia,https://reddit.com/r/Italia/comments/rhiqgq/è_stata_la_mano_di_dio_candidato_per_il_miglior/hosebpi/
rgdvb9,,homu22x,"Credo sia semplice.. è merda, tu offenderesti mai una merda? è come dire che l'acqua è bagnata lol scherzi a parte, non parlo di politica avendone bassa competenza ma tra gli ""artisti"" come i maneskin che fanno notizie di ""scandalo"" per cosa viste già 40 anni (vedi queen, ziggy stardust\\david bowie ma anche renato zero) greta thunberg che è la prima blablatrice mondiale e fedez che sta diventando la versione family friendly di ozzy non credo ci sia molto da dire, na manica di pagliacci",PolCorGyn,2021-12-15T11:49:32,2,Italia,https://reddit.com/r/Italia/comments/rgdvb9/perché_ci_sono_persone_o_gruppi_musicali_che_non/homu22x/
rgbqsa,,hojadih,"Non so la risposta storicamente precisa, ma…ci vuole 6 ore per fare il pane, forse di più negli secoli passati. Rafferma rapidamente, e dopo di questo non si può mangiarlo o ammorbidirlo. Allora 20 minuti non è abbastanza tempo. Poi, si può tenere la pasta in forma secca e cucinarla quando vuoi. Le prime notizie della pasta si trova nel medioevo in Sicilia, probabilmente portato dagli arabi, che avevano bisogno di alimenti che non erano deperibile nel caldo del deserto. La pasta secca di grano era diffuso nel sud, specialmente in Sicilia e Napoli, e ha avuto il suo “momento” durante le carestie del ‘600. Nel nord la pasta era solitamente fata da uova, legato alla “lagana” di Roma antica, pasta di uova piatta e stratificato. La pasta fresca si può cucinare in 3 o 4 minuti, e dopo l’invenzione della gramola e trafila, e se pensi al cibo settentrionale, richiede meno tempo che la polenta, per esempio.

E visto che ne stiamo parlando, smettiamo di propagare questo mito del pasta orientale scoperto da Marco Polo. Si, ha incontrato il “noodle” nell’oriente, ma la pasta era già in Italia, specialmente nella cucina meridionale.

Ci sono forse delle inesattezze in questo saggio maccheronico, ma penso che sia adeguato alla domanda.",video_dhara,2021-12-14T17:38:07,10,Italia,https://reddit.com/r/Italia/comments/rgbqsa/how_did_pasta_become_such_a_popular_dish_in_italy/hojadih/
restps,,ho9w1rd,"WOW un articolo dell'autorevolissima testata giornalistica magdy67, sicuramente tutte notizie prese direttamente sul campo",Magnetic_dud,2021-12-12T18:11:02,3,Italia,https://reddit.com/r/Italia/comments/restps/gas_explosion_in_sicily_leaves_at_least_three/ho9w1rd/
rd632j,,ho06ffh,"Si fa un’eccezione per notizie rilevanti , qualche giorno fa gli abbiamo sbattuto la porta in faccia https://www.reddit.com/r/Italia/comments/rb2o3n/il_parlamento_italiano_ha_votato_contro_lasilo/?utm_source=share&utm_medium=ios_app&utm_name=iossmf",Keygen-informatica,2021-12-10T16:41:57,1,Italia,https://reddit.com/r/Italia/comments/rd632j/julian_assange_can_be_extradited_to_us_to_face/ho06ffh/
rd632j,,ho031hx,"> si possono postare notizie non in italiano, che non riguardano fatti o persone italiane?

Sì, se lo si fa con l'atteggiamento giusto: https://i.imgur.com/37dKndF.png",stefantalpalaru,2021-12-10T16:19:34,1,Italia,https://reddit.com/r/Italia/comments/rd632j/julian_assange_can_be_extradited_to_us_to_face/ho031hx/
rd632j,,hnzxnf3,"Scusate, senza polemica, giusto per capire: si possono postare notizie non in italiano, che non riguardano fatti o persone italiane?",guidocarosella,2021-12-10T15:42:54,1,Italia,https://reddit.com/r/Italia/comments/rd632j/julian_assange_can_be_extradited_to_us_to_face/hnzxnf3/
rbok85,,hnpdom1,"La cosa che mi preoccupa ancora di più sono quelli che festeggiano per ste notizie.
Gli auguro di finire nei centri estivi per mussulmani in Cina.",planecompanyshort911,2021-12-08T11:05:18,0,Italia,https://reddit.com/r/Italia/comments/rbok85/rsf_preoccupazione_per_libertà_di_stampa_in_italia/hnpdom1/
rawkus,,hnmky3e,"Ok. Hai ragione. Ciao.
(Eppure era una ricerca semplice)

https://www.agi.it/economia/news/2020-08-29/pa-sprechi-valgono-doppio-evasione-fiscale-9516146/

https://www.repubblica.it/economia/2020/08/29/news/cgia_evasione_fiscale_sprechi_pa-265747968/

https://www.corriere.it/economia/aziende/19_settembre_14/cgia-lo-stato-inefficiente-piu-sprechi-che-evasioni-af48ba96-d6fe-11e9-ab72-4c8b2c66efe5.shtml

https://www.secoloditalia.it/2020/08/cgia-gli-sprechi-dello-stato-ci-costano-la-bellezza-di-200-miliardi-il-doppio-dellevasione-fiscale/

https://www.adnkronos.com/cgia-in-pa-sprechi-valgono-doppio-dellevasione-fiscale_18ZGnzGtuzSgEd3M83wqJb

Poi se vuoi, ci sono sempre ImolaOggi, La Verità e Il Giornale sul quale leggere le notizie. Buone banane.",RilkesSpectre,2021-12-07T19:17:46,0,Italia,https://reddit.com/r/Italia/comments/rawkus/dove_stafinendo_il_valore_del_lavoro/hnmky3e/
r4w7yq,,hmnecr8,ti do ragione peró penso che da sempre il monetizzare la notizia sia stato un fattore. ricordo le lettere di zodiac facevano impennare le vendite in maniera mostruosa credo che anche al tempo si buttasse un occhio al profitto. ho sempre pensato che il giornalista che le riceveva ne abbia falsificate alcune per rimanere rilevante ma qui parliamo d altro. credo che su questo punto tu abbia ragione ed oggi il giornale e le notizie sj basino solo sul clickbait,Abababababbbb,2021-11-30T11:03:21,2,Italia,https://reddit.com/r/Italia/comments/r4w7yq/serve_una_comunicazione_di_guerra_mario_monti/hmnecr8/
r4w7yq,,hmlf55e,"> meglio dare le notizie in un certo modo più chiaro, sicuro e veritiero

Difficile, quando la verità non si conosce o si pensa che le menzogne siano più utili per tranquillizzare la gente.

Vedi anche la sceneggiata di spruzzare disinfettanti a base di cloro sulle strade delle città, inquinando di più l'aria, per dare l'impressione che si sta facendo qualcosa per fermare la pandemia.

> se è falso allora puoi dirlo anche al WHO

""Preliminary investigations conducted by the Chinese authorities have found no clear evidence of human-to-human transmission of the novel #coronavirus (2019-nCoV) identified in #Wuhan, #China🇨🇳."" - [WHO, 14 gennaio 2021](https://twitter.com/WHO/status/1217043229427761152?s=20)

""It was issued on the same day the WHO’s technical lead on Covid-19, Maria Van Kerkhove (a US immunologist) gave a press briefing in Geneva warning of precisely the opposite – the potential for rapid spread. Concerned that her briefing conflicted with the initial Chinese findings, a middle-ranking official told the social media team to put out a tweet to balance the Van Kerkhove briefing."" - https://www.theguardian.com/world/2020/apr/18/caught-in-a-superpower-struggle-the-inside-story-of-the-whos-response-to-coronavirus",stefantalpalaru,2021-11-29T23:32:42,1,Italia,https://reddit.com/r/Italia/comments/r4w7yq/serve_una_comunicazione_di_guerra_mario_monti/hmlf55e/
r4w7yq,,hmldd8q,"> Ma ti lavi le mani quando arrivi a casa e sei tranquillo di non aver rischiato il contagio, vero?

E dove avrei scritto che se te le lavi non ti contagi? Stiamo parlando in italiano, si? Ti puoi contagiare anche toccandoti la faccia,  se è falso allora puoi dirlo anche al WHO, io non ho parlato di quale sia la causa principale di diffusione.

Il punto principale era che è inutile dare notizie a palla, far parlare opinionisti in TV che confondono solo, meglio dare le notizie in un certo modo più chiaro, sicuro e veritiero. Poi se tu non capisci la differenza fra questa cosa e pensare di sapere tutto allora hai ragione ""Non c'è argomento che può muovere la vera fede di chi ha già capito tutto e lo trova pure semplice..."". 

Stammi bene ;)",giogit,2021-11-29T23:19:34,1,Italia,https://reddit.com/r/Italia/comments/r4w7yq/serve_una_comunicazione_di_guerra_mario_monti/hmldd8q/
r53x6c,,hmkqp7m,">Pro tip: ho spento il cervello sulle notizie della pandemia dal giorno in cui ho fatto la seconda dose del vaccino. Non mi frega più nulla davvero.

Stessa cosa per me. Il mio dovere l'ho fatto, non c'è altro che io possa fare e non ho la minima intenzione di mettermi una calzamaglia blu con mantello per volare nelle case dei no-vax come fanno i paladini dei social network e di r/Italy.",16F628A,2021-11-29T20:43:59,24,Italia,https://reddit.com/r/Italia/comments/r53x6c/perche_tutti_si_concentrano_a_limitare_la_nuova/hmkqp7m/
r53x6c,,hmkpws1,Pro tip: ho spento il cervello sulle notizie della pandemia dal giorno in cui ho fatto la seconda dose del vaccino. Non mi frega più nulla davvero. Tutto questo mi ha già causato gravi problemi psicologici,DoomerVarianteDelta,2021-11-29T20:38:43,26,Italia,https://reddit.com/r/Italia/comments/r53x6c/perche_tutti_si_concentrano_a_limitare_la_nuova/hmkpws1/
r4w7yq,,hmjf1va,"A parte che meglio lasciar stare Facebook con le notizie. Ma poi ancora io non includo TUTTO, io ho chiaramente parlato di notizie scientifiche qua la scienza c'entra ma non totalmente visto che si tratta di indagare come il virus sia nato e la scienza di certo non può guardare le azioni dei singoli nel passato o nel futuro, quella si chiama magia si fa con le sfere di cristallo. La scienza qui è sempre stata chiara sempre detto per le caratteristiche del virus è almatemte probabile che sia naturale e non artificiale ma nulla si esclude perché non ci sono prove. E ancora, invece di buttare sempre la è facile da capire che ci son cose su cui non si può dibattere o ipotizzare, come per esempio il fatto che il virus esista ecc ecc. Mo possiamo continuare a sbattere la testa al muro ma i fatti non cambiano.",giogit,2021-11-29T15:20:15,1,Italia,https://reddit.com/r/Italia/comments/r4w7yq/serve_una_comunicazione_di_guerra_mario_monti/hmjf1va/
r4w7yq,,hmj8urx,"Se non ci si ferma solo al messaggio superficiale e al personaggio, come si fa sempre, ed invece si ragiona un attimo sul messaggio in se magari si riesce a vedere che forse non ha tutti i torti. Premetto che la libertà di stampa è santa ma quel che mi chiedo quanto sia giornalismo e quanto sia spettacolo? Durante tutta la pandemia abbiamo assistito a virologi e dottori che parlavano in modo sparso, senza contare articoli di giornale che pretendevano di dare notizie su temi poco conosciuti a chi scriveva, i risultati sono stati in alcuni casi articoli non propriamente corretti e informazioni contrastanti fra di loro che hanno contribuito solo a confondere molte persone e questo non aiuta ne nella gestione della pandemia ne nella tutela di se stessi. Quindi magari controllare le notizie nel senso di regolare e non di oscurare verità al pubblico ma di garantire linearità e veridicità non sarebbe stata poi una così cattiva idea, e questo in questo caso lo si potrebbe fare, si parla di fatti scientifici e non di opinioni.

Ma purtroppo anche il giornalismo è diventato uno spettacolo quindi vale di più chi fa più click e ascolti e questo non va bene durante una emergenza.

Capisco che Monti sia antipatico e non piaccia, io non ne sono un fan o sostenitore, ma questo non mi impedisce di ragionare su quel che dice.",giogit,2021-11-29T14:32:01,3,Italia,https://reddit.com/r/Italia/comments/r4w7yq/serve_una_comunicazione_di_guerra_mario_monti/hmj8urx/
r40vol,,hmf4s4a,"lo vedete il fantasma che cammina nella stanza? E' il fantasma delle notizie INFORMATE (non ce lo dicono!). Ogni No-Vax non fa altro che aggiungere un lenzuolo sullo spettro, ed ad ogni straccio aggiunto quest'ultimo sembra diventare sempre più reale. Con il 90% degli articoli scritti da fonti affidabili (e certificati) non si capisce come sia possibile l'onnipresenza del fantasma, forse dicono alcuni, pare essere dotato del dono dell'ubiquità.",Fobis0,2021-11-28T17:13:40,-7,Italia,https://reddit.com/r/Italia/comments/r40vol/le_giustissime_ragioni_dei_no_vax_per_cui_non_si/hmf4s4a/
r2ke3z,,hmdn5fh,Non bisogna leggere notizie.  Dovrete ormai continuare a ricevere dosi fino a quando lo diranno loro.  Mai fare domande.,TonyToya,2021-11-28T08:10:09,0,Italia,https://reddit.com/r/Italia/comments/r2ke3z/covid_israele_rischio_quinta_ondata_si_ipotizza/hmdn5fh/
r3gezb,,hmdfdpe,"Per via di notizie come questa https://www.ilpost.it/2021/11/25/napoli-murales-altarini-camorristi/

Per me fare una statua a un criminale è una cosa inconcepibile 

Mi spiace perché anche se viene parlata la stessa lingua e c'è la stessa cittadinanza, quando leggo notizie su Napoli mi pare di leggere roba da altro continente.",Magnetic_dud,2021-11-28T06:39:17,1,Italia,https://reddit.com/r/Italia/comments/r3gezb/why_every_italian_sub_hates_napoli/hmdfdpe/
r3h7nv,,hmbuou3,"Queste notizie mettono il sorriso in faccia a certa gente,
Poveri loro.",planecompanyshort911,2021-11-27T22:42:12,2,Italia,https://reddit.com/r/Italia/comments/r3h7nv/covid_famiglia_no_vax_sterminata_dal_virus_in_sei/hmbuou3/
r3epi9,,hmaa5bp,Anche Mediaset ha media shopping. Di cosa stiamo parlando? Dovreste invece cercare di smontare la vededicita delle notizie o provare l'inefficacia dei prodotti venduti. Altrimenti state criticando per criticare,FarDade,2021-11-27T15:59:04,-2,Italia,https://reddit.com/r/Italia/comments/r3epi9/il_noto_blog_byoblu_presenta_la_propria_linea_di/hmaa5bp/
r0puln,,hlvbwra,"Perché hanno deciso unilateralmente di avere una impostazione tipo Google news. Poche notizie decise da pochi e tutto il resto nel cestino.

Su reddit sono i downvote apposta, se un post è spam o off topic sarà sommerso, imho non c'è un bisogno maniacale di controllo assoluto come fanno

Invece no, stanno 24 ore su 24 a fare refresh impostato a new e non appena esce un post fuori dai parametri, bam, eliminato",Magnetic_dud,2021-11-24T06:09:26,16,Italia,https://reddit.com/r/Italia/comments/r0puln/perché_su_ritaly_non_si_può_postare_una_mazza/hlvbwra/
r0puln,,hlu0avk,"Non mi è mai piaciuta l'impostazione a giornale di quel sub. Molte notizie manco riguardano l'italia, perchè dovrei andare su italy per leggerle?

Speravo che questo sub diventasse il nuovo sub nazionale italiano, ma ancora siamo lontani...",F7U12DO,2021-11-23T23:34:17,28,Italia,https://reddit.com/r/Italia/comments/r0puln/perché_su_ritaly_non_si_può_postare_una_mazza/hlu0avk/
qw0sbn,,hl124hu,"il daily mail è un sito di propaganda spicciola di destra. Esaltano casi isolati come fossero comuni, distorcono notizie, inventano cose mai successe. Se leggi spazzatura del genere ci credo che poi inizi a scrivere delirii come il tuo titolo",Chobeat,2021-11-17T20:01:30,7,Italia,https://reddit.com/r/Italia/comments/qw0sbn/ci_sono_sempre_più_etichette_relative_al_genere/hl124hu/
quli75,,hku54al,"Ma solo io non ci vedo nulla nei Maneskin? cioè tutte le notizie  da scalpore a parer mio viste e riviste, ""si sono fotografati nudi"" già visto, ""si veste da donna"" già visto, la musica pure alla fine è rock sentito e risentito e i testi nemmeno mi sembra poi cosi complessi ,anche quelli visti e rivisti, insomma assolutamente nulla di nuovo, poi magari io non sono un critico musicale e sono io a non capirci un cazzo, ma ogni cosa che fanno fa notizia come se fossero i primi ad aver ""osato"" quando non sono nemmeno i secondi ma quarantaseiesimi tipo",PolCorGyn,2021-11-16T10:08:33,2,Italia,https://reddit.com/r/Italia/comments/quli75/il_successo_dei_måneskin_spiegato_dai_dati/hku54al/
qtu36z,,hkmp998,"Se ci si iscrive, è perché c'è dell'interesse al contenuto.
Sono iscritto a più di una decina. Non le leggo tutte, ma almeno rimango nel loop di notizie interessanti e uso lo smartphone a volte anche in modo un po' più efficiente.

Cheers.",MicheleMerelli,2021-11-14T20:14:46,1,Italia,https://reddit.com/r/Italia/comments/qtu36z/una_freschissima_newsletter_settimanale_sul_futuro/hkmp998/
qt4ix4,,hklpzda,"Riguardo al primo aspetto il problema sta\` proprio nel presupposto di Maometto come uomo che da solo ha inventato l'Islam. Per i Musulmani Maometto era un uomo si, ma è stato scelto da Dio per trasmettere il suo messaggio, questo messaggio è stato trasmesso attraverso l'arcangelo Gabriele: 

Maometto, raccontò che la rivelazione era stata preceduta da sogni con forti connotazioni spirituali. Furono proprio questi sogni a sospingere Maometto, benestante e socialmente ben inserito, verso una pratica spirituale molto intensa e sono quindi considerati anticipatori della rivelazione vera e propria. Dunque Maometto, come altri ḥanīf, cominciò a ritirarsi a cadenze regolari in una grotta sul monte Hira, vicino alla Mecca, per meditare. Secondo la tradizione, una notte intorno all'anno 610, durante il mese di Ramadan, all'età di circa quarant'anni, gli apparve l'arcangelo Gabriele (in arabo Jibrīl o Jabrāʾīl, ossia ""potenza di Dio"": da ""jabr"", potenza, e ""Allah"", si rivolse a lui con le seguenti parole:  
  
« Leggi, in nome del tuo Signore, che ha creato, ha creato l'uomo da un grumo di sangue! Leggi! Ché il tuo Signore è il Generosissimo, Colui che ha insegnato l’uso del calamo, ha insegnato all'uomo quello che non sapeva»  
  
Preso dal panico fuggì a precipizio dalla caverna in direzione della propria abitazione e, nel girarsi, raccontò di aver visto Gabriele sovrastare con le sue ali immense l'intero orizzonte, e lo sentì rivelargli di essere stato prescelto da Dio come suo Messaggero (rasūl). Da lì per un periodo di 10 anni a cadenze l'arcangelo Gabriele gli rivelò il Corano.  


Continuando due ulteriori prove che vengono considerate dai musulmani della verità della rivelazione sta\` nel fatto che il califfato Rashidun riuscì a sconfiggere sia l'Impero Persiano che quello Bizantino (Per dare la proporzione della cosa sarebbe come se gli Inuit sconfiggessero dasoli la Russia e L'America), oltre al fatto che il Corano parla di aspetti scientifici scoperti inseguito molti secoli dopo, il tutto partito da un uomo analfabeta in uno degli angoli più sperduti della terra, come avrebbe potuto fare tutto ciò un uomo solo?.

&#x200B;

Riguardo al fatto che l'Islam non sia cambiato credo di averlo già spiegato nella risposta precedente dal punto di vista storico e sociologico trascurando l'aspetto teologico che può essere condiviso o meno. 

&#x200B;

Riguardo al secondo aspetto vi sono due errori di fondo, il primo riguarda il fatto che Dio non sia mai stato su questa terra: 

 Dio, entità completamente trascendente, esiste senza avere luogo poiché è egli stesso il luogo della sua esistenza; insostanziale, incorporeo, non definibile e non raffigurabile. Tutto l'esistente, di cui è il creatore ex-nihilo, non è altro che un suo segno, una sua manifestazione e un suo riflesso attraverso cui egli si rende conoscibile:  
  
“Io ero un tesoro nascosto e volevo essere conosciuto. Ho creato le creature per essere conosciuto.”

Il secondo riguarda la percezione della considerazione della donna: 

Nell'Islam, crediamo che uomini e donne siano diversi, e per questo non possono essere trattati allo stesso modo, questo significa però che devono essere trattati equamente in funzione delle loro differenze. Pensa alla famiglia, ogni persona ha un ruolo prescritto da Allah SWT per far crescere la famiglia serenamente e con amore. Allah SWT ha fatto queste differenze in modo che potessero bilanciare la nostra società in questo mondo, questo significa che le differenze devono essere rispettate e né la donna né l'uomo hanno meno dignità dell'altro ed entrambi devono lavorare insieme e amarsi a vicenda per far funzionare questo . Altrimenti Dio avrebbe creato una società piana e insignificante con un identico sesso, invece non l'ha fatto. Alla fine pensa ad ʿĀʾisha, nonostante fosse una donna i suoi Hadith erano considerati importanti e veritieri (se non di più) come quelli di altre fonti maschili. Ciò dovrebbe dimostrare che fin dai primi giorni l'Islam ha portato dignità nell'oscurità della Jahiliyya (Periodo dell'ignoranza prima dell'Islam), in un periodo in cui le bambine venivano sepolte vive e le donne erano considerate proprietà dell'uomo, Maometto pbuh, portò il messaggio dell'Islam e pose fine per sempre a questi barbari pratiche alla luce della rivelazione del Corano.  
  
Ti lascio con alcuni esempi:  
  
Nella Sura Bani Israel (17:31), è stato rivelato: ""Non uccidere i tuoi figli per paura della povertà; dai loro sostentamento e anche te stesso; sicuramente ucciderli è un grande errore.  
  
""Un verdetto simile è stato dato nella Sura Al-Inaam (6: 151) e la Sura Al-Inaam (6: 40) dice:"" Sono davvero perduti coloro che uccidono le loro figlie stupidamente. ""   
  
  
Il Profeta Muhammad \[PBUH\]  aveva sua moglie Fatima, e nutriva un profondo amore per lei. Infatti nel Corano (42:23), è stato rivelato: ""Di' (O Muhammad, all'umanità) non ti chiedo alcuna ricompensa per (illuminare le persone con il messaggio di pace) tranne l'amore per i parenti più stretti"".  
  
  
PS: Gli studiosi concordano sul fatto che ci sia bisogno di 4 donne o 1 uomo per la testimonianza è legato al fatto che le donne a quel tempo non possedevano alcuna conoscenza tecnica su certe questioni, quindi il fatto che ci sia la necessità di 4 donne non è in quanto sono donne ma perché  non avevano alcuna conoscenza tecnica su quel tema quindi non sono state considerate fonti attendibili, ma questo vale per entrambi i sessi

&#x200B;

Per finire una donna nell'Islam si copre per umiltà e per se stessa, coprendosi e mostrando solo il suo volto difronte agli uomini non sarà vista o giudicata per le sue curve o le sue cosce, ma per il suo carattere e la sua anima. Inoltre serve ad evitare che uomini estranei la guardino in modo improprio mettendola a disagio e svilendola, il Corano ci dice solamente di coprirci per queste ragioni ma non in che modo: Hijab, Burqa e Niqab sono soli modi diversi di fare questo in base alla cultura.

Purtroppo molte notizie che vedi sulle donne in Arabia Saudita o Pakistan sono dettate dalla cultura locale che L'islam ha sempre cercato di sradicare sin dai tempi della Jahiliyya, nell'Islam Dio incoraggia le donne a studiare, a realizzarsi e a vivere degnamente senza tralasciare il loro ruolo per il benessere della comunità\` e punisce severamente gli uomini che le maltrattano o le relegano.

&#x200B;

Spero di averti risposto in modo soddisfacente :)",[deleted],2021-11-14T16:27:55,1,Italia,https://reddit.com/r/Italia/comments/qt4ix4/se_avete_qualsiasi_domanda_sullislam_sarò_felice/hklpzda/
qsc3um,,hkg0zza,"Non è solo quello.

In italia chi ruba una mela finisce in carcere, chi få estinguere le mele al massimo viene sgridato.

Il divario tra pene per i reati delle diverse classi sociali, è troppo preciso per essere solo frutto dell'incapacità caotica del legislatore.

Edit.

Esempio.

Se il Sig. Nessuno non paga una multa, si trova il frigorifero pignorato.
Se uno sportivo o artista deve milioni di euro al fisco, si trova un accordo.

L'opinione pubblica legge queste notizie e le assorbe, fermentandole inconsciamente in rancore e sensazione di impunità.

Questo aumenta il disagio e la voglia di emulazione del malfattore impunito.

Edit 2.

In Italia è la mentalità che non va.
Vi raccontano che per cambiare le cose ci vorrebbe una revisione integrale del sistema, ma in realtà spesso basterebbe un legge di due righe.

Ma sarà sempre tutto inutile se non formate in maniera diversa la mentalità delle nuove generazioni, attraverso educazione e buon esempio.",Brainprouser,2021-11-13T10:50:49,2,Italia,https://reddit.com/r/Italia/comments/qsc3um/deleted_by_user/hkg0zza/
qqqz69,,hkcafv5,"I moderatori hanno parlato. 

""É possibile moderare i contenuti No Vax contenenti Fake News provenienti da siti assolutamente non attendibili"" 

Risposta:

""No""


(Badare bene che io non ho citato alcun ""presunto sito"". Era un discorso generale il mio. 

Ma COMUNQUE, anche analizzando la loro risposta, il sito che secondo loro ""riporta notizie da altri siti piú che legittimi"" da loro citato, ha sezioni editoriali come:

 ""ATTUALITÀ

COVID

UFO

NUOVO ORDINE MONDIALE""


Un classico sito di news scientifiche attendibili insomma.",JeanClaudVanRAMADAM,2021-11-12T15:20:56,0,Italia,https://reddit.com/r/Italia/comments/qqqz69/moderare_i_contenuti_no_vax_appello_ai_moderatori/hkcafv5/
qqqz69,,hk3c45b,"Zi, quali notizie""pro-vax"" sono fake news?",were_meatball,2021-11-10T17:32:59,1,Italia,https://reddit.com/r/Italia/comments/qqqz69/moderare_i_contenuti_no_vax_appello_ai_moderatori/hk3c45b/
qqqz69,,hk2euv4,"Non si limita a ""riportare"" le notizie, le distorce e omette informazioni importanti. Questo si chiama fare disinformazione.

Visto che la disinformazione ci sta costando molto a livello nazionale sarebbe il caso di limitarne la diffusione, anche perchè il sito stesso lo impone.",impulse201,2021-11-10T13:44:15,6,Italia,https://reddit.com/r/Italia/comments/qqqz69/moderare_i_contenuti_no_vax_appello_ai_moderatori/hk2euv4/
qqqz69,,hk2csjw,"Ma vedi di andartene un po' affanculo. 

Non mi vieni a dare dell' ignorante senza portare uno straccio di prova che smonti quello che dico. 

Sei talmente fissato sulla tua idea da non renderti conto che la realtà è più complicata di come la vedi e invochi censura contro ciò che non è in linea col tuo pensiero e generalizzi definendo tutto come fake news. 

Abbiamo rappresentanti del CTS che vanno a dire che la terza dose fornirà dai 5 ai 10 anni di copertura senza mostrare uno straccio di dato o prova a sostegno di quello che dicono, ma per te da censurare sono quelli che discriminatoriamente definisci NOVAX solo perché decidono di esercitare il loro diritto di non farsi un vaccino non obbligatorio. Anche se sono vaccinati contro tutto il resto. Anche se sono vaccinati bidose ma non vogliono la terza. Di che cazzo stai parlando? 

Se hai modo di dimostrare  che l'informazione non è esatta o non confermata, fallo, altrimenti se non ti piace l'argomento downvota e vai avanti ma non venire a rompere i coglioni chiedendo di censurare i contenuti in base a quello che passa il pensiero mainstream o in base a quello che pensi tu. 
Sai quante volte capita a noi di essere bombardati di notizie non veritiere o non dimostrate? 
La pandemia dei NOVAX.
Le piazze che creano focolai.
Le TI piene di non vaccinati.
Il vaccino che immunizza
Il vaccino che protegge
Il vaccino monodose col richiamo.
Potrei continuare


Le persone come te sono peggio di quelle che divulgano fakenews: avete un vostro cerchiosega mentale autorafforzante che vi porta a essere estremisti nel modo di pensare, agire e vedere le cose.. Non mi stupirei di vederti denunciare tuo zio non vaccinato alle autorità qualora la società in cui vivi lo ritenesse opportuno.

Tu invochi censura su reddit basandoti sulle linee guida che consigliano ai mods di filtrare le fakenews. Il lavoro enorme che dovrebbero fare per farlo adeguatamente e separare le fake perpetuate da entrambe le parti dalle notizie reali però non lo calcoli e non calcoli nemmeno l'assenza di dibattito sul tema che questo comporterebbe. 

Pensi solo che ti dà noia vedere certe cose e le etichetti quindi ""fake news"" che ti disturbano: in realtà, però, il fastidio che senti e solo quello della sveglia che suona.



Ora ti ho dato un po' di elementi per segnalarmi ai mods così che possano procedere con una spedizione punitiva nei miei confronti e alimentare così il tuo cerchiosega.

Se così non fosse, per me e per tutti quelli che ti daranno fastidio, puoi tranquillamente fare quello che sto per fare io adesso: bloccali e ciao. Idiota.",FarDade,2021-11-10T13:27:18,1,Italia,https://reddit.com/r/Italia/comments/qqqz69/moderare_i_contenuti_no_vax_appello_ai_moderatori/hk2csjw/
qqqz69,,hk2bhib,"Noi non possiamo piegare il sub in base a cosa ci piace o meno  e non ci sembra corretto privare le persone delle informazioni, soprattutto se leggendo i contenuti ci rendiamo conto che il presunto sito di Fake altro non è che un aggregatore di notizie RSS che riporta la notizia da altri siti più che legittimi. 

Se ritieni che le persone abbiano bisogno del filtro perché non abbastanza argute per capire/verificare ciò che è giusto e ciò che è sbagliato probabilmente hai sbagliato subReddit",Keygen-informatica,2021-11-10T13:16:07,1,Italia,https://reddit.com/r/Italia/comments/qqqz69/moderare_i_contenuti_no_vax_appello_ai_moderatori/hk2bhib/
qqqz69,,hk28ydr,"Nutrire legittimi dubbi sui vaccini non può essere considerato reato, a meno di ripristinare il nazismo.

Etichettare sprezzantemente come ""no-vax"" è razzismo della peggior specie, di quello a cui manca solo la svastica.

I non credenti nel vaccino possono avere posizioni anche molto diverse. Solo una minoranza crede in certe assurdità. La maggioranza, come detto sopra, _nutre dubbi legittimi,_ fondati sui fatti - politici, sanitari, [notizie dai media](https://esclusacorrelazione.it) e anche studi scientifici.

Invocare la censura contro i non credenti della neo-religione vaccinale non cambierà i fatti.",Giampiergiangiacomo,2021-11-10T12:53:22,3,Italia,https://reddit.com/r/Italia/comments/qqqz69/moderare_i_contenuti_no_vax_appello_ai_moderatori/hk28ydr/
qq5b0b,,hjzxr5k,"Se questa è la qualità degli articoli di questo sito, preferisco le notizie che dipendono da qualcuno.

Questo tipo di clickbait manco fanpage... ed è tutto dire.",Rhoyan,2021-11-09T23:07:24,1,Italia,https://reddit.com/r/Italia/comments/qq5b0b/infertilità_bambini_511_anni_dopo_vaccini/hjzxr5k/
qq3iwv,,hjyns6n,"Ma quali prove?! Ma dove cazzo le hai viste le prove? Due notizie prese da internet senza fonti NON SONO PROVE! Ci vogliono anni, ANNI, di ricerche per racimolare dati, e moltissimi dati danno qualche prova che deve poi essere confermata. Il tutto ovviamente dopo DECINE DI ANNI di studio.

Ma tu si, tu hai trovato le prove. Su internet.",PhoenixPFR,2021-11-09T17:59:36,3,Italia,https://reddit.com/r/Italia/comments/qq3iwv/le_ondate_non_dipendono_dai_non_vaccinati_lo/hjyns6n/
qq5b0b,,hjymmg0,"Qualsiasi cosa ci sia scritta nel sito, non è leggibile. Comunque sta stancando questa storia. Tutti a scrivere e divulgare notizie come fossero esperti per poi fare la figura degli imbecilli. Se non ne capite nulla, fate un favore all'umanità, state zitti. Anche di penna, zitti.",PhoenixPFR,2021-11-09T17:52:06,2,Italia,https://reddit.com/r/Italia/comments/qq5b0b/infertilità_bambini_511_anni_dopo_vaccini/hjymmg0/
qq3iwv,,hjyhgfw,"Ragazzi, è inutile litigare con questa gente.
Basta vedere come risponde ai commenti. 

Segnalate il post e il profilo dell'utente. 

Diffondere Fake News sui vaccini in questo periodo storico è criminale (oltre ad essere da idioti) 

""Notizie Indipendenti""..
Ahahahah
Madonna che ritardo",JeanClaudVanRAMADAM,2021-11-09T17:18:24,6,Italia,https://reddit.com/r/Italia/comments/qq3iwv/le_ondate_non_dipendono_dai_non_vaccinati_lo/hjyhgfw/
qq3iwv,,hjxvgb4,"Ah yes... Notizie Indipendenti...

Scusa ma tu fai la spesa presso Negozio Sicuro?",TestaOnFire,2021-11-09T14:47:54,10,Italia,https://reddit.com/r/Italia/comments/qq3iwv/le_ondate_non_dipendono_dai_non_vaccinati_lo/hjxvgb4/
qizihr,,hin2u78,ma che cazzo di notizie di merda,flackoluke,2021-10-30T13:29:42,3,Italia,https://reddit.com/r/Italia/comments/qizihr/confermato_lorario_di_un_posto_al_sole_la_cgil/hin2u78/
qfd7q3,,hi0ooip,"Ti sei perse le notizie di lavoratori in sciopero( Piacenza, Prato) pestati? Anche in USA.",red_and_black_cat,2021-10-25T18:55:49,2,Italia,https://reddit.com/r/Italia/comments/qfd7q3/milano_manifestante_no_green_pass_colpito_al/hi0ooip/
qde0mn,,hhm1reu,"Temo che potrebbe diventare un social in grado di accogliere ed esaltare tutto ciò che non viene ben visto negli altri. Estremismi e fake news di ogni genere, razzismo e ignoranza. Verrebbero probabilmente segnalati e bannati tutti coloro che pubblicheranno informazioni sensate e rintracciabili, che possano screditare tutta la fuffa presente. Sono combattuto tra l'ignorarlo completamente, per non favorirlo nei numeri di iscritti e di riferimenti su altri social, e tra l'iscrivermi solo per sbilanciare il peso dell'idiozie che compariranno con notizie e commenti appartenenti al mondo reale.",Istintivo,2021-10-22T12:33:16,4,Italia,https://reddit.com/r/Italia/comments/qde0mn/cosa_ne_pensate_di_truth_social/hhm1reu/
q9uwzi,,hgz8o4h,grazie ma penso che sia un dovere confutare le notizie che si leggono o si sentono in giro e poi parlarne discuterne ecc..,Turbulent_Property_4,2021-10-17T12:47:00,1,Italia,https://reddit.com/r/Italia/comments/q9uwzi/il_governo_si_è_arreso_whirlpool_conferma_i/hgz8o4h/
q99b2b,,hgyfuwc,"Permabannato pure? Ma non ha senso

Posso leggermente capire la censura su Italy, i mod vogliono l'equivalente di una home page statica con contenuti selezionati, ma su informatica non ha senso

Se permabanni (?????) chi posta link a blog e notizie di settore cosa rimane?

Post come ""aiuto il mio pc non si accende più, cosa fare?"", seguito da 10 richieste di chiarimenti, e OP che non si fa più vivo per chiarire

Mi ricordo una volta un post interessantissimo su come sono stati implementati i vari OTP degli spid, che sarebbe stato impossibile da trovare sui siti americani che guardo di solito, ma al momento non è un sub al quale è piacevole iscriversi, troppi post di aiuto dove OP sparisce sempre e non collabora nemmeno",Magnetic_dud,2021-10-17T06:38:05,5,Italia,https://reddit.com/r/Italia/comments/q99b2b/perchè_i_moderatori_italiani_bannano_non_di/hgyfuwc/
q79zm1,,hgiimjy,"Ma guarda, non hai proprio bisogno di prendermi per mano e portarmi in giro perché conosco benissimo i circolini conservatori che si fomentano con le notizie più selettive e parziali per confermare la loro tunnel vision ideologica. 
Proprio per questo ti consiglio di frequentare anche gente normale, ogni tanto",RadioTraining3322,2021-10-13T18:26:20,0,Italia,https://reddit.com/r/Italia/comments/q79zm1/tamponi_gratuiti_per_i_portuali_i_lavoratori_di/hgiimjy/
q5y7j3,,hg96thy,"Ottima riflessione, secondo me. Stavo proprio formulando un pensiero simile nel leggere le notizie e sentire le dichiarazioni dei vari leader. Anch'io ho trovato piuttosto stonato come siano saltati tutti a bollare come ""fascista"" la manifestazione, per quanto riprovevoli fossero stati alcuni atti.

Personalmente detesto abbastanza il movimento ""no green pass"". Mi sembra che nasca da presupposti opportunisti e sbagliati, ma riconosco che sia comunque un movimento vasto e trasversale che raccoglie anche persone genuinamente preoccupate sul tema. Secondo me è giusto che tali persone possano trovare modo di espressione anche pacifica e che alcuni loro dubbi possano essere accolti come legittimi (con tutti i limiti, ovviamente), senza essere completamente demonizzati, come sta succedendo in questo caso. Temo che il rischio sia di fratturare altrimenti questa fetta di società e radicalizzare i più ostinati.

Detto questo, la condanna di vandalismi e frange fasciste deve essere assolutamente ferma e unanime. Ma ho trovato la reazione di politici e media in qualche modo sproporzionata, o troppo affrettata nel caricare di significato simbolico un atto puramente barbarico, ma anche poco consequenziale.",RadioTraining3322,2021-10-11T17:56:50,5,Italia,https://reddit.com/r/Italia/comments/q5y7j3/riflessioni_sui_fatti_di_roma_matteo_saudino/hg96thy/
q36y3o,,hfq6k94,"""Ciao, abbiamo rimosso il tuo thread.  
Non offre Spunti di Discussione / Meme - Clicca qui per leggere la regola  
English: No points to discuss / Memes - Click for the full rule""

perché insomma un organo non è censore d.o.c. se non ha qualcuno che valuta le notizie che posti reputandole utili per una discussione o meno.",b14ck34g13,2021-10-07T13:36:08,2,Italia,https://reddit.com/r/Italia/comments/q36y3o/meanwhile_sul_sub_innominabile/hfq6k94/
q0bpnw,,hfc1ufo,"Sì, in parte. Ma a me sembra che molti, se non la maggior parte, dei giornali non abbiano avuto bisogno di molte pressioni o intimidazioni per diventare quello che diventarono.  La cosa non sorprende considerando che , non dimentichiamo, la maggioranza degli italiani sostenevano Mussolini e il fascismo.  Quello che mi sorprende è che, mi sembra, TUTTI i media diventarono pro-fascismo, non c’era neanche un giornale che riportasse le notizie senza essere di parte, tanto meno contro.",wearsAtrenchcoat,2021-10-04T10:13:09,1,Italia,https://reddit.com/r/Italia/comments/q0bpnw/3_ottobre_1935_le_truppe_italiane_invadono/hfc1ufo/
pzlubu,,hf2mefx,"A mia moglie è stato diagnosticato un tumore alla tuba, è stata informata della sua condizione e le è stata proposta una terapia. Lo stesso è successo a una mia cugina, cancro al fegato. Questa è la prassi normale dalle esperienze che ho avuto.
Notizie sui tumori ne trovi finché vuoi in rete, ma è molto meglio chiedere all'oncologo o al medico di base.",red_and_black_cat,2021-10-02T07:33:15,1,Italia,https://reddit.com/r/Italia/comments/pzlubu/diagnosi_di_cancro_informazioni/hf2mefx/
pxqc4i,,heql8kp,"Perche molti di voi sembrano avere un brivido di felicità quando c'è da commentare notizie sul meridione? Che poi ho letto commenti di nordici soddisfatti, patriottici di un nord ""che lo tiene duro"" citando un settentrionale celebre; basta una ricerca sul google ([link](https://www.openpolis.it/i-livelli-di-indebitamento-dei-comuni-italiani/)) per notare che fino al 2016 era Genova la citta con il debito piu alto (ma non ricordo scandali o commenti a riguardo come quelli letti contro i napoletani), notare poi che al secondo posto c'è torino con pochissimi euro di differenza e anche che addirittura in percentuale dal 2018 ha avuto un incremento del debito nettamente superiore a quello napoletano. 

C'è qualcuno che di Napoli ne vuole parlare sul serio o viene solo usata dalle destre per aiutare l'autostima (poca, a giudicare dagli espedienti) settentrionale?",notlur,2021-09-29T16:16:07,3,Italia,https://reddit.com/r/Italia/comments/pxqc4i/il_debito_del_comune_di_napoli_si_aggira_intorno/heql8kp/
pv15r9,,hekkb29,Il silenzio riservato a certe notizie è quello che più colpisce,Cignononbianco,2021-09-28T07:48:38,2,Italia,https://reddit.com/r/Italia/comments/pv15r9/in_piemonte_fra_i_lunghi_filari_di_alberi_da/hekkb29/
pvacpw,,he8u9us,Il titolo è una puttanata e tu sei responsabile della diffusione di notizie false e pericolose,pigreco314,2021-09-25T17:43:39,12,Italia,https://reddit.com/r/Italia/comments/pvacpw/secondo_gli_esperti_della_fda_i_vaccini_covid19/he8u9us/
pur77z,,he51l6d,"vuoi un consiglio spassionato? **vai dalla Guardia Di Finanza e denuncia il tutto**, il fatto che ti abbia fatto un contratto in nero, che non ti vuole restituire la caparra (in nero), che ti abbia mandato un amico che si è finto poliziotto... quest'ultima la cosa più grave di tutte, si rischia la galera!

poi fatti dare una copia della denuncia e parla con la signora (la criminale) magari per telefono, e dille  che sei andata dalla polizia a denunciarla, hai il verbale e che riceverà notizie dal tuo avvocato ( anche se non hai un avvocato fai finta, bleffa).

vedrai che ti restituirà la caparra in breve tempo e potrai chiudere questa storia.

&#x200B;

Per la prossima volta : **FAI SEMPRE E UN CONTRATTO**! il contratto serve proprio per evitare queste situazioni.

auguri e tienici aggiornati.",Personal_Options,2021-09-24T21:11:16,30,Italia,https://reddit.com/r/Italia/comments/pur77z/mi_sento_offesa_qualche_consiglio/he51l6d/
pqi87t,,hdb3g7a,"Tra le varie attività che il Covid ha interrotto o posticipato, c’è la campagna del governo ungherese contro i rom. Prima di marzo 2020 si stava già diffondendo una nuova ondata di notizie che avrebbero gradualmente segnato la svolta dalla propaganda anti-lgbtq al nuovo nemico interno e forse erano già pronti i manifesti. Cartelli come «è giusto dare soldi a chi non vuole lavorare?» dovevano affiancare e lentamente sostituire i famosi manifesti blu con scritte gialle che chiedono «Sei arrabbiato con Bruxelles» e un emoji (proprio quelle dei sistemi di messagistica on-line) a cui esce il fumo dal naso, «Vuoi che ritornino i tempi di Gyurcsány?» e la faccina che impreca, «Vuoi alzare il salario minimo?» con faccina sorridente. Non è uno scherzo, si tratta di consultazioni nazionali indette ufficialmente dal governo e pagate con soldi pubblici, in cui i cittadini sono chiamati a esprimersi su domande il più delle volte tautologiche o pretestuose utilizzate da Fidesz come campagna elettorale a costo zero e dimostrazione del consenso popolare.

Si consideri che l’Ungheria ha la più alta percentuale di popolazione di origine rom tra gli stati europei e una delle più antiche. Nel 2011 il governo di Budapest ha censito 315.583 cittadini di origine tzigana, corrispondenti al 3,18% della popolazione totale (circa 10 milioni). Tuttavia, non è raro imbattersi in percentuali molto più alte e su alcuni siti si parla addirittura del 6-8%, in constante crescita.

L’Ungheria invecchia, come tutti gli stati Occidentali, si fanno meno figli e l’unica comunità che prospera demograficamente è quella dei rom. Quindi, quale migliore bersaglio in un momento di difficoltà economica caratterizzato dall’indebolimento progressivo della piccola borghesia cittadina e l’innalzamento del costo della vita?

Poco importa se in realtà i rom d’Ungheria vivono ghettizzati e segregati. Le loro case nell’VIII distretto di Budapest, a Dioszegi utca, sono catapecchie fatiscenti mangiate dall’umidità e dalla puzza malsana delle fogne mai riparate, nel nord, a Ózd e a Salgotarjan (dove raggiungono 1/3 della popolazione cittadina) sono ai margini dell’abitato, separate da larghi viali da quelle degli “ungheresi” e spesso non servite dalla rete idrica ed elettrica. Nell’est, a Miskolc il governo locale ha attuato tra il 2014 e il 2015 una campagna di sfratti e demolizioni che ha devastato la zona delle “vie numerate” lasciando macerie e degrado e costringendo oltre 120 famiglie a emigrare con “compensazioni” che andavano dai 6.000 euro (per abbandonare la propria casa di proprietà) a zero. Circa cinquanta di queste famiglie hanno chiesto e ottenuto asilo in Canada e ora vivono oltreoceano. Altre, poche, sono rimaste, e la maggior parte si sono spostate nella zona rurale di Lyukoban utca, appena fuori città, lontano dagli occhi dell’amministrazione bianca.

Fin dalle scuole elementari è prassi comune separare i discenti di famiglia rom dagli “ungheresi” e sono molto poche le scuole che rifiutano questo modello etnico. Queste misure determinano indirettamente comportamenti razzisti anche in chi non avalla il sistema. Se le classi dei rom sono le peggiori nessuno avrà interesse a iscrivervi i propri figli. Giocoforza, la percentuale di abbandono scolastico è altissima così come la conseguente disoccupazione.

A ciò si aggiunga la trovata geniale del governo in carica di istituire i “lavoratori sociali”. Si possono vedere quasi dovunque in Ungheria, gruppi di quattro o cinque persone, spesso donne, che indossano il gilet catarifrangente e si occupano di tagliare l’erba nei parchi pubblici o di altri lavoretti simili. Il compenso arriva massimo a 200 euro al mese e ci sono anche dei requisiti per accedervi. I vantaggi per i politici sono molteplici: si risparmiano soldi per gli stipendi dei lavoratori qualificati, si utilizza l’iscrizione alle liste come leva per il voto di scambio (tant’è che molte comunità rom votano per Fidesz), si insinua negli ungheresi non rom l’idea che lo stato aiuti solo gli “altri” e si mantengono intere famiglie legate a piccoli gruppi di potere locali in cambio di un misero obolo.",red_and_black_cat,2021-09-18T07:51:48,1,Italia,https://reddit.com/r/Italia/comments/pqi87t/la_campagna_del_governo_ungherese_contro_i_rom/hdb3g7a/
popd75,,hczodxi,"Credo che ci siano gruppi di no vax che sono solo gente normale con alcuni dubbi e ansie ma tutti i gruppi più vocali e attivi hanno forti tendenze fasciste. Sui social parlano quasi esclusivamente di quanto si considerano oppressi di religione e di come vorrebbero commettere violenza contro le istituzioni.

Spesso uno singolo di questi elementi non è necessariamente un indicatore di tendenze fasciste ma quando sono tutti insieme e sono l'unica cosa che postano sui profili salvo l'occasionale commento razzista sulle notizie in quel caso ritengo sia abbastanza ragionevole assumere che abbiano tendenze fasciste",Giocri,2021-09-15T19:54:01,2,Italia,https://reddit.com/r/Italia/comments/popd75/no_vax_bersani_molti_sono_fascisti/hczodxi/
po1bem,,hcxftxn,"Sto cercando di conciliare questa informazione che mi hai riportato (grazie)

e le numerose storie di sanitari e pazienti che riportano frequenti e spesso gravi danni.

Un modello che mi pare stare in piedi è questo: chi ha avuto danni dalla prima dose, spesso rifiuta la seconda (comprensibile nel caso di morte, ma in fondo anche nel caso di gravi danni all'apparato nervoso o cardiocircolatorio, per fare due esempi). Coloro che si sono fermati ad una dose sono relativamente pochi, ma tra loro l'incidenza di danni deve essere alta, e per loro non c'è questionario ""automatico"".

I dati riportati quindi, sono la somma dei risultati del questionario ""automatico"" e dei casi dichiarati  ""per proprio impulso"" direttamente ad AIFA da chi rifiuta la seconda dose (o da chi ha subito danni a seguito della stessa).

Relativamente pochi, tra chi rifiuta la seconda dose, ha volontà e conoscenza sufficienti a fare una pur breve segnalazione all'AIFA. (tra l'altro, se quanto scritto qui [https://www.aifa.gov.it/content/segnalazioni-reazioni-avverse](https://www.aifa.gov.it/content/segnalazioni-reazioni-avverse) risulta vero, la segnalazione prima di essere registrata passa per almeno un \*gatekeeper.

&#x200B;

Questo, a mio avviso, potrebbe essere una  spiegazione della discrepanza tra il dato Eudravigilance e l'aneddotica.

&#x200B;

A meno di non credere ad una cospirazione volta a diffondere notizie false.

&#x200B;

Certo che sono vaccinato.",rhodigian,2021-09-15T08:43:19,1,Italia,https://reddit.com/r/Italia/comments/po1bem/non_è_vero_che_secondo_eudravigilance_ci_sono/hcxftxn/
po61fy,,hcup3o2,"Dalle bene le notizie

Da TGCOM24 (nota emittente komunista) :

allora imbracciò il fucile e sparò due volte: il secondo proiettile colpì il ladro al fianco e lo ferì gravemente. 

**Poi lo caricò in auto e lo abbandonò in un campo**, dove fu trovato e portato in ospedale.""

Cristianamente ovviamente .Sventolando un crocefisso",SILVESTRINO,2021-09-14T18:38:53,2,Italia,https://reddit.com/r/Italia/comments/po61fy/vi_chiedo_ora_una_cosa/hcup3o2/
pnxgp5,,hcudtp7,"Scusa, ma se tu mi chiami NoVax e io richiamo Covidiota, dove pensi che andrà a finire il dibattito? 

La notizia l'ha pubblicata ansa, io l'ho solo rilanciata, su un social. O devo rilanciare solo le notizie che piacciono a te per non essere sciacallo? 

La cosa assurda è che, la notizia di per sé non da un indicazione di un eventuale correlazione ma dice che sarà richiesta autopsia.

La cosa ancora più assurda è che, da come parli, Tu sembri sicuro che se questa ragazza, che aveva una malattia congenita, certo, ma alla quale è stato consigliato il vaccino,(o perlomeno i suoi medici non le hanno sconsigliato di farlo) se non si fosse vaccinata sarebbe comunque morta?

Io no. E non ritengo che sia fare sciacallaggio dare visibilità al caso visto che anche i suoi genitori, che hanno richiesto l'esame autoptico, vogliono vederci chiaro.",FarDade,2021-09-14T17:23:30,-1,Italia,https://reddit.com/r/Italia/comments/pnxgp5/giulia_lucenti_morta_a_16_anni_il_giorno_dopo_il/hcudtp7/
po0yw0,,hct3ikw,Si prega di non inondare il subreddit. Si ricorda che per le notizie relative al Covid c'è il subreddit /r/Coronavirus_Italia,GiorgioPerlasca,2021-09-14T11:35:51,1,Italia,https://reddit.com/r/Italia/comments/po0yw0/gli_esperti_e_il_vaccino_covid_in_gravidanza/hct3ikw/
pk8znq,,hcazqrw,"Premesso che sono vaccinato e che mi sta sul cazzo il green pass e tutto il giochino mediatico dietro sto cazzo Corolla Virus MA in Olanda è tutto uguale all’Italia al momento, quindi non so dove prendi le notizie tu MA cerca una fonte migliore.",shutthephuqup,2021-09-10T12:40:42,1,Italia,https://reddit.com/r/Italia/comments/pk8znq/deleted_by_user/hcazqrw/
pk8znq,,hc7eo5w,Cavolo ho detto che se prendi notizie di 2-3 mesi fa e le confronti tra loro vedreai benissimo che si contraddicono da sole. E non ho capito che cosa ti avrei messo in bocca ma ok,TopoPlayer,2021-09-09T17:34:43,1,Italia,https://reddit.com/r/Italia/comments/pk8znq/deleted_by_user/hc7eo5w/
pk8znq,,hc78e1b,"Non mettermi parole in bocca, quello non l’ho mai detto. 
Che differenza fanno le notizie di 2-3 mesi fa rispetto ad ora? Perché sarebbero più importanti di quelle di adesso? 

Non mi hai risposto a nessuna domanda e non hai spiegato il tuo punto di vista",Mancho07,2021-09-09T16:51:26,1,Italia,https://reddit.com/r/Italia/comments/pk8znq/deleted_by_user/hc78e1b/
pk8znq,,hc74662,"Ma allora si vede che sei tu che non sai ragionare, io voglio che ti svegli, che PROVI a pensare, che cerchi di porti domande, recuperati notizie di 2 o 3 mesi fa, (forse) capirai da solo che si contraddicono da sole. Come cavolo fai ad essere d'accordo con gente come Draghi e Conte? Come?

Sono quelli come te che portano i ditt\*\*\*\*\* al potere.

(Scusa gli asterischi ma sai, se scrivi parole come quella ti oscurano quindi... già.)",TopoPlayer,2021-09-09T16:22:10,1,Italia,https://reddit.com/r/Italia/comments/pk8znq/deleted_by_user/hc74662/
ph68v9,,hbi1let,Dimensione suono Roma per la musica perché non passano pubblicità. Altrimenti Rai radio per le notizie,Fil1997,2021-09-03T22:19:43,2,Italia,https://reddit.com/r/Italia/comments/ph68v9/allora_quale_è_la_tua_radio_preferita_italiano/hbi1let/
pfqfny,,hbf2hil,"Si, potrebbe sembrare così, ma se approfondiamo le notizie in merito scopriamo che una vera indagine statistica in merito non esiste: esistono solo dichiarazioni della Moratti o di anestesisti di vari ospedali che possiamo ritenere affidabili, per carità, ma non sono dati statistici e non vanno trattati come tali. Dati statistici in merito non ne esistono perché Istat e iss non stanno registrando i ricoveri separatamente.
Fintanto che la popolazione non è completamente coperta, sarà facile additare i non vaccinati e dire che sono loro a intasare le terapie intensive, ma la vera prova del fuoco la avremo durante la stagione invernale quando la campagna vaccinale sarà arrivata a numeri attorno 90% della popolazione. 
Per me allora sarà assurdo sostenere che i numeri sono alti come ( o più ) gli anni precedenti, dando la colpa ai non vaccinati.

Per quanto riguarda la riapertura, sono d'accordo con te, vaccini o no: in entrambi i casi (sia che la mia tesi sia corretta sia che la tua tesi sia corretta) una cosa per me è palese: a fronte dell'aumento dei casi, lo strumento del Greenpass si è dimostrato inefficiente se non controproducente (a causa dell'effetto ""liberi tutti"") ai fini del contenimento della pandemia, ma questi è sicuramente OT",FarDade,2021-09-03T06:53:48,1,Italia,https://reddit.com/r/Italia/comments/pfqfny/medico_morto_dopo_vaccino_covid_perizia_esclude/hbf2hil/
pgy5zw,,hbf1sle,"Scusa Perlasca ma... tu che cazzo ne sai? Se vuoi tirare merda su un personaggio pubblico che ti sta sulle scatole, almeno evita di ricicciare notizie e porta dati di fatto altrimenti fai solo la figura del ciccolataio livoroso. Che ne sai che l'orologio vale 30 mila euro? Immagino di Audemars Piguet ce ne siano diversi modelli, che ne sai che quello in particolare vale quella cifra? Che ne sai che i soldi non sono guadagnati e l'orologio gliel'ha regalato il babbo riccone? E se anche fosse, quale sarebbe stata l'occasione? Magari è stato un regalo per aver conseguito una sudata laurea dopo anni di studio. Ma mettiamo anche che l'abbia ricevuto in dono senza meriti particolari: perché uno che gira con automobili e orologi di lusso non ha la minima idea di quello che succede nel paese reale? Ma devo davvero menzionarti Berlusconi (dio se lo porti via quanto prima): uno che navigava nei miliardi era sintonizzato con il paese reale come nessuno.",pigreco314,2021-09-03T06:44:52,5,Italia,https://reddit.com/r/Italia/comments/pgy5zw/roman_pastore_candidato_con_calenda_afferma_che/hbf1sle/
pgcy91,,hbavpsu,siamo tutti fortunati ad essere vivi oggi e a condividere buone notizie gli uni con gli altri,sorellelosaraofficia,2021-09-02T11:13:28,1,Italia,https://reddit.com/r/Italia/comments/pgcy91/clizia_incorvaia_aspetta_un_figlio_da_paolo/hbavpsu/
pgel6z,,hbav25h,Saranno pure colossi ma tanto mettono gli stagisti a copiare le notizie da reddit.,F7U12DO,2021-09-02T11:06:02,8,Italia,https://reddit.com/r/Italia/comments/pgel6z/linformazione_è_nelle_mani_di_pochissimi_altro/hbav25h/
pedbke,,hawkigc,A me non interessa non essere tracciato a me interessa leggere le notizie inerenti a quello che cerco e non robe tipo “Barbara D’Urso impeccabile”,Far_Ad9865,2021-08-30T07:51:57,1,Italia,https://reddit.com/r/Italia/comments/pedbke/articoli_suggeriti_di_google_un_po_a_caso/hawkigc/
pahpvi,,ha5kums,"Non solo quelli italiani. Tutti i sub nazionali sono così, delle anticamere per commentare sulle notizie, una sorta di curva di tifosi.  Con le occasionali varietà di grafici con poco contesto e qualche bella foto.  
Gli altri sub sono troppo specifici per avere una qualunque discussione generale. E' tutto diviso per bolle di interesse. Ma la quasi totalità di internet è così. (la parte popolare di internet molto di più) Le eccezioni sono rare oasi.",zeando,2021-08-24T12:38:55,3,Italia,https://reddit.com/r/Italia/comments/pahpvi/cronaca_nera_a_gogo/ha5kums/
pahpvi,,ha58ckg,"Però ha ragione, guardare gli ultimi 4 post ha poco senso. È inevitabile che su un sub più piccolo ci siano meno contenuti degli utenti, le notizie invece quelle sono. La differenza è che se tu volessi scrivere un thread d'opinione da una parte puoi farlo e dall'altra no",parrot_powerrr,2021-08-24T10:23:30,1,Italia,https://reddit.com/r/Italia/comments/pahpvi/cronaca_nera_a_gogo/ha58ckg/
pahpvi,,ha50hrv,"Non mi risulta. Accanto ai thread di notizie (giusto che ci siano a mio avviso) ce ne sono altri di contenuto vario e la gente posta senza il cappio della moderazione tossica che rimuove a discrezione senza fornire spiegazioni (almeno per ora...).

E in ogni caso parliamo di un sub che per ora ha decisamente meno iscritti rispetto a quello cui ci riferiamo: crescendo il numero di utenti attivi,crescerà anche la varietà delle tematiche trattate.

Intanto c’è uno spazio in lingua Italiana dove si può discutere in maniera più libera, e questo è già un deciso passo avanti.",Ale9357,2021-08-24T08:29:45,3,Italia,https://reddit.com/r/Italia/comments/pahpvi/cronaca_nera_a_gogo/ha50hrv/
pahpvi,,ha4w6d3,"Se,per esempio, su un certo sub con 300mila e passa (presunti) iscritti, i “moderatori” continuano a cancellare qualsiasi cosa non gli aggradi, è ovvio che il tutto si riduce al “contenitore di notizie”.

Siccome ho già i miei contenitori di notizie, ho abbandonato quel postaccio senza chissà troppo rimpianti. Tra l’altro, la qualità dei commenti ai thread è scesa di pari passo con quella della moderazione.",Ale9357,2021-08-24T07:26:46,15,Italia,https://reddit.com/r/Italia/comments/pahpvi/cronaca_nera_a_gogo/ha4w6d3/
oz6sco,,h83xfxd,"*A relevant comment in this thread was deleted. You can read it below.*

----

I giornali dovrebbero essere asettici e riportare solo le notizie, senza commentarci sopra. Il problema è che questo non vende e non fa condividere sui social. 

E non esiste un giornale che sia oggettivo al 100%, io ne seguo relativamente pochi e sono anche orgoglioso di come li ho scelti, più fattuali possibili ma la perfezione non esiste. [[Continued...]](https://www.resavr.com/comment/no-pro-vax-non-16786418)

----


*^The ^username ^of ^the ^original ^author ^has ^been ^hidden ^for ^their ^own ^privacy. ^If ^you ^are ^the ^original ^author ^of ^this ^comment ^and ^want ^it ^removed, ^please [^[Send ^this ^PM]](http://np.reddit.com/message/compose?to=resavr_bot&subject=remove&message=16786418)*",resavr_bot,2021-08-07T23:08:35,1,Italia,https://reddit.com/r/Italia/comments/oz6sco/noprovax_non_se_ne_esce_più/h83xfxd/
oz16id,,h7y4i1p,"Avevo sentito di questa cosa, ma non mi sono mai documentato bene.

Il sito svizzero è perché tra notizie a pagamento e altre boiate è sempre più difficile trovare fonti!",GiorgioPerlasca,2021-08-06T15:49:22,2,Italia,https://reddit.com/r/Italia/comments/oz16id/hiroshima_commemora_76esimo_anniversario_del/h7y4i1p/
oz6sco,,h7y471i,"Veri esperti che in più si comportino come tali.  
Tempo fa ho visto un'intervista ad un premio nobel francese che da ""esperto"" dava delle notizie completamente fuori da ogni logica...",_i_v_a_n_,2021-08-06T15:47:15,4,Italia,https://reddit.com/r/Italia/comments/oz6sco/noprovax_non_se_ne_esce_più/h7y471i/
oz6sco,,h7xr3zf,">comincino a dare solo notizie verificate e farle commentare da veri esperti

Praticamente cosa avveniva prima che si decidesse di trasformare la televisione da mezzo d'informazione a strumento d'intrattenimento",[deleted],2021-08-06T14:13:58,2,Italia,https://reddit.com/r/Italia/comments/oz6sco/noprovax_non_se_ne_esce_più/h7xr3zf/
oz6sco,,h7xoo1o,"L'unica soluzione è che telegiornali e quotidiani chiedano scusa per tutte le volte che hanno diffuso menzogne e tutte le volte che hanno ospitato opinionisti incompetenti e comincino a dare solo notizie verificate e farle commentare da veri esperti.

Questo renderà notiziari e quotidiani molto più noiosi, ma non se ne esce altrimenti.",GiorgioPerlasca,2021-08-06T13:55:22,15,Italia,https://reddit.com/r/Italia/comments/oz6sco/noprovax_non_se_ne_esce_più/h7xoo1o/
oz0554,,h7wxkz7,"Eh! 

Si potrebbe anche cambiare rotta e mettere solo notizie sulla Ferragni e video di gatti pucciosi! :-D",GiorgioPerlasca,2021-08-06T08:55:48,2,Italia,https://reddit.com/r/Italia/comments/oz0554/schiacciato_in_un_cantiere_della15_morto_operaio/h7wxkz7/
oynrem,,h7vmbnj,Notizie da Puffolandia,Keygen-informatica,2021-08-06T00:44:41,-3,Italia,https://reddit.com/r/Italia/comments/oynrem/il_green_pass_è_discriminazione/h7vmbnj/
oye5af,,h7uls20,">  immagino che poi la Russia è piu brava a nascondere determinate notizie

In Argentina?",stefantalpalaru,2021-08-05T20:08:04,1,Italia,https://reddit.com/r/Italia/comments/oye5af/la_variante_delta_mette_in_crisi_la_russia/h7uls20/
oyedxy,,h7slatp,"Se vai sul sito epidemiologico del governo italiano, puoi vederti tranquillamente i dati, e constatare che OP ha ragione. La percentuale di morti sotto ai 40 anni e senza malattie pregresse è qualcosa come lo 0.7% dei morti totali, quindi stai dicendo un mucchio di cazzate.
E hai il coraggio di usare la parola ""notizia"", lol. Abbastanza ridicolo. 

Comunque ti consiglio di tornartene su r/italy . Si vede dal livello dei tuoi commenti che arrivi da quel buco di culo di sub, facci un pensierino magari 


EDIT: Quando si parla di ""notizie"" è buona usanza pubblicare anche un link che rimandi ad essa, altrimenti quella ""notizia"" perde ogni suo valore, non credi?",TheGumBoy,2021-08-05T11:40:13,-1,Italia,https://reddit.com/r/Italia/comments/oyedxy/islandarecord_di_casi_con_il_75_di_popolazione/h7slatp/
