post_id,post_title,comment_id,comment_text,comment_author,comment_timestamp,comment_score,subreddit,permalink
18vddfx,,kfqv4u2,"Premettendo che la funzione del compito a casa sia fissare le conoscenze apprese in classe, ammetto che molti colleghi le usano per sopperire alla mancata applicazione in classe (vuoi perchè il tempo è poco, vuoi perché i tempi di apprendimento di 25 e passa studenti sono difficili da armonizzare e quindi si sta 40 minuti su un singolo argomento). Mai assegnato compiti per le vacanze, li trovo una presa in giro: nel migliore dei casi, verranno fatti in fretta e furia 1/2 giorni prima della vacanze, nel peggiore da mamma e papà. Un altro discorso è l'estate dove un pochino di compiti ci sta bene.",Silly-Patience3559,2023-12-31T20:42:51,5,Italia,https://reddit.com/r/Italia/comments/18vddfx/troppi_compiti_durante_le_feste_di_natale/kfqv4u2/
18vddfx,,kfqp5fw,"Per me i compiti delle  vacanze di Natale sono inutili. Sono letteralmente due settimane, 14 giorni, forse anche meno a seconda di come gira il calendario; un giorno è Natale e lo passi coi parenti, qualche altro giorno in famiglia o lontano da casa ci scappa, il 31 bene o male si fa qualcosa e l'1 ci si riposa, praticamente se uno ha dei compiti deve farli ogni giorno che non è Natale, Santo Stefano o Capodanno.

D'estate ok, per tre mesi bisogna tenere la mente allenata, ma per 11-14 giorni se uno si riposa non succede niente, se davvero uno torna a scuola che non si ricorda niente e non sa fare più niente, i compiti di Natale non avrebbero comunque aiutato.",ViaNocturna664,2023-12-31T20:06:37,5,Italia,https://reddit.com/r/Italia/comments/18vddfx/troppi_compiti_durante_le_feste_di_natale/kfqp5fw/
18ve7pt,,kfqkqtu,"Sul nove facevano qualche estate fa all'ora di cena un programma che si chiamava tipo ""ce l'avevo quasi fatta"" che raccontava storie americane di gente fuggita dalla prigione latitante per un tot periodo",sBrrtou97,2023-12-31T19:39:58,2,Italia,https://reddit.com/r/Italia/comments/18ve7pt/miglior_modo_per_evadere/kfqkqtu/
18s1f7r,,kfpuon6,"Anche io ho amici in valsassina, tutti over 50 (ormai over 60)

Ma sempre inpraticabile senza automobile (ci metto meno a piedi che coi bus, almeno taglio)

I miei hanno la casa ai resinelli, a volte ci vado quando voglio staccare da tutto. Estate esclusa, non sono molto frequentati. tutte le case intorno a quella dei miei sono di coppie di 50/60/70enni. una coppia ha una figlia di 15 anni che ora vive in america per erasmus.

In pavia ho avuto modo di scambiare chiacchiere con giovani (che gestiscono caffetterie e torrefazioni) realta' che nel lecchese non esistono manco col binocolo. Ero l'unico a fare specialty in prov di Lecco, e l'unico a fare specialty in Monza-Brianza. Venivano solo gli stranieri a bere il caffe'.

Parlando con le persone di pavia/pavia sud si trovano con gruppi, e anche pavia offre stagioni di classica non male... mentre da me concerti organo sul lago (e in valsassina) frequentati solo da over 60. c'era una associazione per la classica ma ha chiuso durante la pandemia.",seth_golden_apple,2023-12-31T17:00:12,1,Italia,https://reddit.com/r/Italia/comments/18s1f7r/a_capodanno_sarò_solo/kfpuon6/
18v62vn,,kfpqq32,"A me è capitato quest'estate di perderlo per quei 2 minuti di anticipo e oltre gli 8 euro di biglietto buttati, dover mettere i soldi di benzina autostrada e parcheggio per non far tardi a un pranzo al mare 🥲🥲🥲",barring__,2023-12-31T16:34:40,1,Italia,https://reddit.com/r/Italia/comments/18v62vn/shitposting_treno_regionale_in_anticipo_n5655/kfpqq32/
18v3uo3,,kfp67xs,"Soprattutto dove abito vi é una percentuale di umidità alle stelle, perché suggerisci di aspettare l estate, non é meglio agire il prima possibile?",DejKri,2023-12-31T14:09:09,1,Italia,https://reddit.com/r/Italia/comments/18v3uo3/tamponare_momentaneamente_perdita/kfp67xs/
18v3uo3,,kfoz6kx,"Così, all'aperto, in questa stagione... ci vorranno mesi perché il solaio si asciughi tutto... tra un po' inizierà a scrostarsi la pittura. Aspetta l'estate per sistemare tutto.",bgmdn,2023-12-31T13:05:11,1,Italia,https://reddit.com/r/Italia/comments/18v3uo3/tamponare_momentaneamente_perdita/kfoz6kx/
18ufwec,,kfo9r00,"Quest'estate sulla cima del Gaustatoppen, nel cuore della Norvegia meridionale, abbiamo pagato due waffle e due caffè con carta.

I ristoranti di alta montagna (perché chiamarli rifugi è un insulto per i veri rifugi) sono ladri evasori come gli altri.",Yuppiduuu,2023-12-31T07:51:37,14,Italia,https://reddit.com/r/Italia/comments/18ufwec/ve_la_lascio_qui/kfo9r00/
18us4kh,,kfml59b,"urcaaaa sogno pazzesco!
1) the ocean dei sunny day real estate
2) queen of peace dei florence and the machine 
e per chiudere
3)] lavorare stanca del teatro degli orrori

poi tutti a fare schifo, offro io.",AzelMeadows,2023-12-31T00:05:28,1,Italia,https://reddit.com/r/Italia/comments/18us4kh/la_fatina_ti_ha_trasformato_in_una_rockstar_e/kfml59b/
18ul3m1,,kfml45f,Ah io quest'estate con mio fratello ho avuto una brutta discussione per sta situazione. Pazienza,R0van_,2023-12-31T00:05:16,1,Italia,https://reddit.com/r/Italia/comments/18ul3m1/patente_novax_ha_rovinato_il_pranzo_di_natale/kfml45f/
18ts6s8,,kfmdf24,"Già. Era tutto diverso. Dal Natale all'aria di primavera, dal colore dell'estate e dalle giornate in piscina. Sarà l'effetto di crescere... e anche il fatto che in questa vita tutto passa velocemente e i momenti belli, se non i più belli della nostra vita come nel nostro caso, passano più velocemente di tutti!",Due-Dot-5368,2023-12-30T23:15:06,1,Italia,https://reddit.com/r/Italia/comments/18ts6s8/solo_a_me_mancano_gli_anni_delle_elementari_medie/kfmdf24/
18ufwec,,kfld61r,"Questa estate i miei figli avevano già il gelato in mano...

""eh no le carte qui non funzionano"". 

(avevamo pagato la cena 30mt accanto con carta ovviamente). 

Restituisco i gelati e la signora inizia ad uralre come una pazza. 

Ce ne andiamo ad una volta in auto mio figlio di 11 ci domanda.. ""ma quella era una Karen?""",New-Balance-245,2023-12-30T19:27:04,249,Italia,https://reddit.com/r/Italia/comments/18ufwec/ve_la_lascio_qui/kfld61r/
18ufip9,,kfl7xxs,Io ho rinunciato tanto tempo fa.. poi adesso per Natale non riesco ad andare già da un po' quindi mi salvo.. poi vabbeh alcuni anni li ricevo quando vado in estate,Mediocre_Echo8427,2023-12-30T18:55:22,1,Italia,https://reddit.com/r/Italia/comments/18ufip9/regali_del_cazzo_di_natale_basta/kfl7xxs/
18ujxky,,kfl32k9,"La mia pasquina è scappata di casa e non è più tornata
Sono tornato da lavoro e lei non c’era più era già scappata in passato
Ma non è più tornata. Quando penso a lei la immagino libera a prendere il fresco d’estate sopra ad una quercia coperta dal fogliame",Baffomoretti69,2023-12-30T18:25:53,3,Italia,https://reddit.com/r/Italia/comments/18ujxky/superare_un_lutto/kfl32k9/
18ud37s,,kfl100y,"Io ho cominciato in zone appenniniche che conoscevo benissimo andandoci in bici d’estate. In Trentino ho fatto uscite tranquille in val senales, passo resia, solda, cervino ma tranquillo che è più facile trovare itinerari facili che difficili premesso un grado buono di preparazione e tecnica",Rasputeen_,2023-12-30T18:13:18,2,Italia,https://reddit.com/r/Italia/comments/18ud37s/italiani_sulle_piste_da_sci_come_fate/kfl100y/
18s1f7r,,kfkvv2v,"Senti, ciccio, visto che potrei essere tua mamma ti chiamo così, lo sai che sei veramente indisponente? E meno male che dovrei maturare solo io! (cosa peraltro vera, TUTTI dobbiamo maturare nel tempo).

Ma chi cavolo ha scritto che non puoi avere vita sociale se non hai la patente? certo ti penalizza, inutile dire il contrario, ma contento tu contenti tutti.

Dai colleghi giovani sento spesso parlare, ad esempio, di passeggiate in montagna o, comunque, a piedi e in bici. Potresti provare col CAI, sempre che la presenza di ""vecchiacci"" non ti dia troppo fastidio. 

Siccome pure io amo la musica classica vado spesso ad eventi (a Milano ce ne sono tanti GRATIS o a pochissimo prezzo, per esempio d'estate nei cortili, oppure all'Abbazia di Chiaravalle, o ancora a Cascina Monluè, d'inverno nelle chiese ecc) e vedo un sacco di gente, di ogni età.

Visto che ti interessa l'ambiente, sappi che un sacco di persone giovani (e anche ""vecchiacce"", vedi la sottoscritta) hanno le medesime preoccupazioni, ed esistono molte associazioni pro ambiente.

Ah, l'unico che non conosce vegetariani e vegani devi essere tu. Per esempio la ragazza che fa volontariato con me (insegnamento dell'italiano a persone straniere) è vegana ed ha 29 anni. Dolente dirti che è anche felicemente fidanzata.

Ecco, anche tra i volontari in vari campi ci sono tanti giovani.

Sempre a Milano ci sono a volte eventi di meditazione, lo so perché una mia amica ci va, e anche qui ci sono persone, tra l'altro prevalentemente donne, di ogni età.

A me pare tu non abbia che l'imbarazzo della scelta. 

Ma, dammi retta, sii un po' più gentile col tuo prossimo.

Saluti.",Ercolina,2023-12-30T17:41:55,2,Italia,https://reddit.com/r/Italia/comments/18s1f7r/a_capodanno_sarò_solo/kfkvv2v/
18ud37s,,kfjxb63,"Dipende dove vai, da quello che ho capito ti riferisci alle Dolomiti, posto forse più costoso dell'Italia, a Madesimo un giornaliero costa un po' più della metà, in Val Gerola costa meno della metà, se poi se della zona e vai a sciare tutta la stagione ti fai lo stagionale, o annuale se aperti anche d'estate e vuoi fare anche attività estive, e diventa più sostenibile

Lo sci è sempre stato uno sport non esattamente economico, vuoi per l'attrezzatura (anche se basta comprarla usata e tenerla per anni), vuoi per il costo delle piste se non si abita vicino, vuoi per le lezioni se non si ha qualcuno che possa insegnare al costo di una birra

C'è chi sceglie di sciare invece di altre spese, c'è chi arriva a 0 ogni mese, c'è chi ha i soldi",AlexiusRex,2023-12-30T13:41:09,3,Italia,https://reddit.com/r/Italia/comments/18ud37s/italiani_sulle_piste_da_sci_come_fate/kfjxb63/
18ud37s,,kfjozus,Se non fosse per lo sci alpinismo e per l’estate avrei già venduto la casa in Trentino,Rasputeen_,2023-12-30T12:18:44,7,Italia,https://reddit.com/r/Italia/comments/18ud37s/italiani_sulle_piste_da_sci_come_fate/kfjozus/
18tt8j8,,kfjbnij,"Scusa non per fare il cagacazzi ma una giornata ha 24 ore. Otto le togliamo per dormire, otto le togliamo di lavoro e ne togliamo pure due per il viaggio andata ritorno. Ti rimangono sei ore al giorno da spendere in altre cose. Al di là dei discorsi sul fatto che sia poco tempo una volta che ci metti dentro tutte quelle incombenze quotidiane comunque ore vere di tempo libero ce ne sono da spendere in hobby. Senza contare poi ovviamente i weekend.

Io l'estate faccio un lavoro stagionale che mi occupa anche più di dodici ore al giorno, tutti i giorni senza riposi ma in un modo o in un altro il tempo per leggere un po', vedere un film o giocare a qualcosa lo trovo. Ad un certo punto staccare dalla routine e fare qualcosa di diverso diventa questione di salute mentale oltre che di divertimento.",nicktheone,2023-12-30T09:30:49,3,Italia,https://reddit.com/r/Italia/comments/18tt8j8/avere_degli_hobby_rende_sul_serio_attraenti/kfjbnij/
18tyw0k,,kfj8hz1,"Da quanto state insieme? 



Io sto con la mia compagna da 6 anni circa, all'inizio anche noi trombavamo 2/3 volte al giorno, specialmente il periodo in cui vivevamo a due ore e mezzo di corriera l'uno dall'altro e ci vedavamo 2 weekend al mese.



Poi siamo andati a convivere (4 anni fa il prossimo aprile) e da li la quantità di prestazioni è calata sempre di più. Ora come ora va a periodi, d'inverno e in piena estate trombiamo meno, magari 4/5 volte al mese, a volte anche meno perchè d'inverno siamo più stanchi per via del lavoro e d'estate io sono inavvicinabile per via del sudore. Primavera e autunno che sono i periodi piu easy per entrambi anche 2/3 volte la settimana.



Confrontandomi con amici tutti mi hanno comunque confermato che trombano meno da quando convivono",ziostraccette,2023-12-30T08:50:24,14,Italia,https://reddit.com/r/Italia/comments/18tyw0k/donne_quante_volte_a_settimana_e_normale_farlo/kfj8hz1/
18tsyal,,kfhemad,"Se parli dei boxer cani ne ho uno - almeno il mio è stupido, ma é affettuso e leale. Se parli dei boxer (stile americano che ""libera"") io li uso ogni tsnto d'estate coi pantaloncini e, per quanto preferisco boxer brief (quelli che ""compattano"" e tengono tutto fermo in posto) allora sono comodissimi, soprstutto quando ci sono 40 gradi e arriva la brezza che ti rinfresca tutto la sotto. Gli slip li odio, dopo poch si smollano e mi esce tutto - niente sta sul posto.",Squidantian,2023-12-29T23:38:40,1,Italia,https://reddit.com/r/Italia/comments/18tsyal/i_boxer_sono_stupidi_change_my_mind/kfhemad/
18tyn7z,,kfh66mq,"Tranquilla 😂 l'avevo sentito anche io ma ad onor del vero non ho mai controllato! Onestamente, a me non da fastidio. Mi ci sono abituato, è abbastanza caratteristico vedere l'alba alle 10 di mattina in inverno o il tramonto a 11:30 di sera in estate. Come va con la scuola?",ZioWafer,2023-12-29T22:42:03,2,Italia,https://reddit.com/r/Italia/comments/18tyn7z/è_stupido_ma_qualcuno_vuole_chiacchierare/kfh66mq/
18tyn7z,,kfh4wz6,"È carina dai, è molto diversa dall'Italia in generale. Ci sono le giornate con 20 ore di luce in estate e con 5 ore di luce in inverno e ti ci devi abituare, d'altro canto però non abbiamo 45C d'estate😂 
Oltre al clima diverso, i servizi funzionano abbastanza bene e si vive bene. Io mi sono trasferito qua subito dopo la laurea per lavorare, ho optato per emigrare direttamente 🙌 tu che fai?",ZioWafer,2023-12-29T22:33:51,2,Italia,https://reddit.com/r/Italia/comments/18tyn7z/è_stupido_ma_qualcuno_vuole_chiacchierare/kfh4wz6/
18tojpo,,kfgoply,"Diciamo che tanto o poco è relativo. Però sapere che quel 700€ sarà più o meno quanto spende un cittadino di quel paese (Italia) per farsi un'intera vacanza in estate, è un dato che fa abbastanza riflettere.",Own-Practice90,2023-12-29T20:51:34,6,Italia,https://reddit.com/r/Italia/comments/18tojpo/turismo_di_lusso_2023_record_per_milano/kfgoply/
18tt8j8,,kfglt0l,"Essere in generale persone attive che fanno cose rende attraenti... Ma come essere colti o saper ragionare sulle cose più disparate, conoscere molte cose, saper dialogare di tutto e avere qualcosa da insegnare agli altri. Poi perdonami la franchezza, ma sta cosa di chiedere ""che hobby hai?"" mi sa più di una domanda da compito di inglese o di cosa che si chiede da adolescenti. Io mai da adulto mi sono sognato di chiedere a una ragazza: quali sono i tuoi hobby?... Cioè l'ho sempre trovata una domanda ridicola ma so di essere strano io. Nel senso, l'hobby cos'è? È quell'attività che scegli per la vita, che ti cataloga nell'albo di quegli hobbisti, tipo un secondo lavoro non retribuito e che devi fare tot ore a settimana per essere definito tale? Ma magari puoi chiedere che ti piace fare nel tempo libero per ora...già lo trovo più sensato... Magari è estate e vado a pesca, poi me lo chiedi dopo 2 mesi e mi sono infognato con gli scacchi, magari posso avere una passione per la fotografia che coltivo quando ho lo sbatti e d'inverno che non ho sbatti di fare niente ti rispondo come farebbero tutte ste ragazzine che ti chiedono degli hobby: ""leggo e guardo film"" che a mio parere è come rispondere a cosa fai nella vita con: respiro e mangio.",DueAd2067,2023-12-29T20:33:52,1,Italia,https://reddit.com/r/Italia/comments/18tt8j8/avere_degli_hobby_rende_sul_serio_attraenti/kfglt0l/
18tk841,,kfggbcw,"""Navigare "" non so neanche se sia una vera marca sinceramente. Quelli che comprato in Thailandia poi sono molto buoni per l'estate ma non riccordo la marca (non penso ci sia manco in Italia). Sinceramente di solito li prendo a caso, ho preso dei cv e degli armani e mi somo durati tipo 4/5m mesi",Balrog_96,2023-12-29T20:00:28,1,Italia,https://reddit.com/r/Italia/comments/18tk841/parliamo_di_cose_serie_i_migliori_boxer_che/kfggbcw/
18tqugt,,kffy0ke,"Diciamo che è da quanto facevo le medie che il problema si iniziò a delineare in modo lieve (il weekend non uscivo mai, rifiutavo di uscire con la mia famiglia ed amici pur di passare la giornata da solo a masturbarmi; d’estate avevo molto tempo libero da solo quindi mi masturbavo anche 6-7 volte al giorno; durante i normali giorni di scuola in cui dovevo studiare mi masturbavo comunque minimo 3 volte al giorno). Ora ho 23 anni ma la cosa è migliorata al punto che mi masturbo mediamente non più di un’ora/un’ora e mezza al giorno.",AdOk3759,2023-12-29T18:10:14,2,Italia,https://reddit.com/r/Italia/comments/18tqugt/sono_dipendente_dal_porno_ama/kffy0ke/
18ti41f,,kffjn2r,"Arriva lì a vedere il posto e c'è muffa di inverno, e di estate è un forno perché non c'è circolazione d'aria.

Ringraziano i Tunisini.",TheCatLamp,2023-12-29T16:43:46,1,Italia,https://reddit.com/r/Italia/comments/18ti41f/non_si_affitta_ai/kffjn2r/
18tk841,,kff52du,"Mutande tutta la vita.
I pantaloncini li uso in estate",Fluffy_Can9823,2023-12-29T15:11:42,1,Italia,https://reddit.com/r/Italia/comments/18tk841/parliamo_di_cose_serie_i_migliori_boxer_che/kff52du/
18fsikg,,kff0g2n,"Scusa in Corsica ci sono stato questa estate e di nudo non ho visto praticamente nessuno, nemmeno sulle spiagge segnalate come tali. Sono andato in agosto, è vero, però mi è sembrato strano. Tu che zona hai frequentato? Grazie",Eotvoshaslosttheplot,2023-12-29T14:39:30,1,Italia,https://reddit.com/r/Italia/comments/18fsikg/avete_mai_provato_il_naturismonudismo/kff0g2n/
18t3oc6,,kfcfgyv,Compra kg di bigattini e piazzali tatticamente o lanciali dalla finestra. In estate col caldo diventano mosche,xxxgoblin,2023-12-29T00:32:39,1,Italia,https://reddit.com/r/Italia/comments/18t3oc6/come_sabotare_un_locale_notturno/kfcfgyv/
18sqdls,,kfc9pbs,Presa questa estate a Cassola per arrivare a Venezia. Molto comoda.,DidIfuckedItUp,2023-12-28T23:53:52,1,Italia,https://reddit.com/r/Italia/comments/18sqdls/pedemontana_veneta_la_strada_dei_record_settima/kfc9pbs/
18rxgvw,,kf9u0jw,"Si certo, 3 giorni fa era Natale, fra 3 giorni è capodanno, poi fra un mese magari deve laurearsi o è impegnata per scrivere la tesi, più c'è San valentino, poi dopo 2 settimane magari è il suo compleanno, poi è estate e che fai la lasci prima delle vacanze? E via finché è di nuovo natale e siamo punto a capo.

Lasciarsi è una merda comunque, posso capire lasciare IL giorno di Natale, il compleanno o 2 ore prima di fare un esame, ma il resto sono tutte stronzate, si fa quando si deve fare",Sad_Weight_5700,2023-12-28T14:59:34,1,Italia,https://reddit.com/r/Italia/comments/18rxgvw/mi_ha_lasciata_il_giorno_dopo_di_natale/kf9u0jw/
18s093n,,kf8zva1,"Mi sembra che tu stia confondendo la tematica strettamente immobiliare con una di carattere più generale afferente al - declinante - valore di acquisto degli stipendi. 

&#x200B;

Il tema è poi certamente molto più spinoso quando riferito agli hub economici.

&#x200B;

Tieni presente che in realtà la difficoltà di vivere a Milano con stipendi bassi è molto meno marcata che in città come Londra, New York, Singapore, Parigi, ...

&#x200B;

Tutte le capitali economiche hanno lo stesso problema. Tuttavia in quelle più famose, tipo Londra per capirci, il real estate ha un problema aggiuntivo: gli acquisti finanziari.

Multimilionari e miliardari comprano case con lo scopo di investire, non di abitare. Questo genera ovviamente un aumento anomalo dei prezzi. Da una parte è un indicatore dell'attrattività della città e delle sue potenzialità, quindi è positivo. Dall'altra però rende quelle città inarrivabili per chi ci deve lavorare, riducendo quindi (in parte) l'efficienza gestionale della città.

&#x200B;

Milano questo secondo problema lo vive ancora in maniera ridotta (seppur in aumento). 

&#x200B;

Il comune denominatore di questi problemi è l'aumento della forbice tra la upper class e middle /lower. Non ho idea di come si possa contenere, ma mi sembra evidente che non dovrebbero ""esistere"" (in termini economici naturalmente) persone come Musk, Bezos, Murdoch, i vari petromiliardari, ecc.

Però questo è un altro discorso 😉",mc3744,2023-12-28T10:11:10,1,Italia,https://reddit.com/r/Italia/comments/18s093n/perché_milano_non_si_trova_dentro_una_bolla/kf8zva1/
18s4gkg,,kf8yowg,"Che bello impinguinarsi a 40° in Estate a Milano per 1700€ al mese😍😍😍

 Che stupidini i paesi del nord europa dove preferiscono garantire equilibrio vita lavoro ai dipendenti e paghe adeguate ai dipendenti al posto di imporre ai dipendenti di spendere 200€ per un completo dopple ganger fatto da un bengalese sottopagato🤭

Infatti, noi abbiamo paghe in crescita da 30 anni loro invece hanno economie in stagnazione🤓",Lopsided-Pop-885,2023-12-28T09:56:06,2,Italia,https://reddit.com/r/Italia/comments/18s4gkg/perché_queste_cravatte_non_sono_più_popolari_da/kf8yowg/
18s4gkg,,kf8d9t1,Bravo! Vacci te al lavoro a Milano in estate col completo. Boomer,Lopsided-Pop-885,2023-12-28T05:44:33,4,Italia,https://reddit.com/r/Italia/comments/18s4gkg/perché_queste_cravatte_non_sono_più_popolari_da/kf8d9t1/
18rxgvw,,kf85bx7,"Mi dispiace tantissimo. Mi è successo qualcosa di simile questa estate, ma sono stato io a doverle tirare fuori le parole. Come hanno detto altri, taglia i contatti, archivia le foto in un vecchio hard disk, niente follow sui social. Ci vorrà un po', ognuno ha i suoi tempi, io ancora ci soffro, ma già meno. Buona fortuna e un abbraccio forte!",thetk9,2023-12-28T04:34:05,2,Italia,https://reddit.com/r/Italia/comments/18rxgvw/mi_ha_lasciata_il_giorno_dopo_di_natale/kf85bx7/
18s66mx,,kf61i5u,"Guarda io questa estate ho pagato un the freddo da 0.2l,  4 euro. Al supermercato con 4 euro ci riempio la vasca di the freddo. Volevo chiedergli se potevano mettersi un fazzoletto sul viso o un passamontagna giusto per entrare meglio nella parte del ladro",Mediocre_Echo8427,2023-12-27T20:07:29,1,Italia,https://reddit.com/r/Italia/comments/18s66mx/i_prezzi_al_sud_scontrino_confronto/kf61i5u/
18rezsq,,kf5wz6j,"Ad essere onesto non sono l'unico della mia compagnia che si fa (anzi, ormai si faceva) una distanza del genere tutti i giorni per andare a lavoro, chi più chi meno.
Pure io, tendenzialmente, preferivo il treno senz'altro d'estate in cui le giornate erano più lunghe e riuscivo ad impiegare il tempo leggendo o facendo altre cose per me durante il viaggio, mentre il tempo passato in macchina era letteralmente sprecato (o almeno lo preferivo finché non ho dovuto iniziare a fare l'adulto e a occuparmi anche di altre cose oltre al lavoro, ma rimarrò sempre un grande sostenitore della comodità dei treni).
E se abitassi in città preferirei fare un'ora di mezzi piuttosto che incazzarmi tutte le mattine al volante, ma purtroppo l'opzione ""no macchina"" non è sempre praticabile",MatteoMaster,2023-12-27T19:40:27,2,Italia,https://reddit.com/r/Italia/comments/18rezsq/perché_volete_la_tredicesima/kf5wz6j/
18ryvy3,,kf5n65g,"non mi racconti nulla di nuovo, io ho un'azienda nel settore legno per edilizia e vedo cose che voi umani... pilastri portanti dimenticati, quote sballate, addirittura quest'estate il progetto di una casa in legno con un locale senza aperture e quindi inaccessibile 🤣
quando l'ho fatto gentilmente notare all'arch. mi ha detto ""ah, si lo so vediamo poi sul momento""",Amazing-Instruction1,2023-12-27T18:41:52,2,Italia,https://reddit.com/r/Italia/comments/18ryvy3/domanda_su_acquisto_di_nuova_pompa_di_calore_per/kf5n65g/
18s4271,,kf5m18n,"Guarda, mi dispiace leggere della tua esperienza. 
Sono tanti soldi ed è umiliante ti capisco perché ci sono QUASI cascato pure io in questo stesso identico metodo di truffa. 

Accadde questa estate su Facebook Marketplace, non avendo mai avuto brutte esperienze non ho esitato nel acconsentire di “anticipare” i soldi per il presunto postino che avrebbe ritirato il pacco per conto suo. Per me era una cosa nella norma dato che dove stavo io, cioè a Londra, era un servizio usato molto frequentemente dalle compagnie di spedizione. La cosa che lo ha tradito però è stato il fatto che dovevo anticipare IO, come venditore, i soldi che lui avrebbe dovuto mettere in primis. Poi avevo controllato il sito di poste italiane per confermare l’esistenza di questo servizio e non c’era nulla che lo menzionasse.
Mi insospettì e chiesi pareri alla mia fidanzata, lei ha capí subito che c’era qualcosa che non andava quindi feci subito qualche ricerca su Google, se questo metodo di truffa fosse usato e famoso, infatti si rivelò tale. Bloccai immediatamente il truffatore senza prima però mandarlo a fanculo. 

Pensa a questo, sono solo soldi, li puoi riguadagnare con il tempo. È umiliante? Si cazzo, però l’importante è che sei in salute e che questa esperienza ti sarà solo da lezione per il futuro. Tra qualche anno ci riderai sopra


ps. Diffida sempre di metodi di pagamento/spedizione che vanno al di fuori della piattaforma usata. Deve essere un NO categorico.",avesonn,2023-12-27T18:35:09,2,Italia,https://reddit.com/r/Italia/comments/18s4271/sono_stato_truffato_storia_lunga_e_triste_di/kf5m18n/
18rp4q3,,kf5ezaq,"Guarda che non sono la stessa persona a cui avevi posto la domanda sopra. 


Comunque secondo me sbagli a non valutare e pensare in base a ciò che vedi succedere o che ti accade nella tua vita privata, perché molto spesso le persone sono miopi fino a quando una cosa non le tocca personalmente. Prendo altri esempi (anche molto lontani da ciò di cui stiamo parlando): oggi si stampano sopra le sigarette un sacco di foto di tumori e malattie per far capire alla gente che il fumo fa male (evidentemente non bastavano tutte le ricerche e le notizie a riguardo), oppure pensa che quando von der Leyen venne invitata a visitare Lampedusa la scorsa estate.


Poi per me essere TROPPO perbenista è un male, ma non è mica un insulto.


Per rispondere alla tua domanda: secondo me non è esagerato, ma dipende dalla situazione: ovvero se il ladro entra e tu sei in casa e ti minaccia o minaccia tua figlia e si passa da furto a rapina, se ti difendi con un’arma PARI a quella dell’aggressore allora no, non è esagerato",blue_kashiwa,2023-12-27T17:53:28,1,Italia,https://reddit.com/r/Italia/comments/18rp4q3/mi_sono_entrati_in_casa_ma_non_capisco_alcune_cose/kf5ezaq/
18ry8j9,,kf5b551,"Allora cerca casa a Galatina.

In estate, ti piacerà un casino. Ed il sabato sera ci metti 39 minuti per arrivare in centro a Lecce.",senegal98,2023-12-27T17:30:45,1,Italia,https://reddit.com/r/Italia/comments/18ry8j9/ma_questi_affitti_al_sud_e_lo_stesso_in_tutta/kf5b551/
18ry8j9,,kf4v9qo,Mah sarà ma io ho iniziato a guardare case la scorsa estate ..una mi piaceva ma la richiesta è un po' alta.. non avevo fretta quindi continuo a cercare. La casa era già in vendita da 5-6 mesi.. ad oggi è ancora invenduta allo stesso prezzo.. e come quella anche diverse altre... Alcune avevo chiesto indicativamente all'agenzia se erano trattabili erano state già vendute a prezzo pieno.. io sta bolla non la vedo nemmeno da lontano...,Mediocre_Echo8427,2023-12-27T15:53:28,2,Italia,https://reddit.com/r/Italia/comments/18ry8j9/ma_questi_affitti_al_sud_e_lo_stesso_in_tutta/kf4v9qo/
18p465s,,kf4kq7y,"Seriamente, sei scontento che le temperature non sono come tu le vuoi? Volevi più neve quest anno o meno neve? Questa estate era troppo calda o meno calda di quello che volevi? Il clima cambia costantemente. Abbiamo avuto più di un era glaciale. Ringrazia che non siamo in mezzo ad una di quelle. Di cosa ti girano le palle esattamente?",Personal_Football_57,2023-12-27T14:41:57,1,Italia,https://reddit.com/r/Italia/comments/18p465s/ma_18_gradi_in_inverno_e_normale_e_poi_con_il/kf4kq7y/
18ra93s,,kf3tco3,"Nelle ""tue"" zone non so dirti granché ma considera come primo criterio non la casa ma le carte della fibra ottica: ove trovi coperto cerca se ci sono supermercati e altre minime attività in zona, dai un colpo veloce di street view per farti un'idea di come sia muoverti li [1] POI scelte le macroaree ""qui potrebbe andare"" cercate se ci sono case possibili. 

Quando le trovi, perché a 40k di roba ""demolita ma ancora col tetto"" non dubito ne trovi (il problema sono i costi dei lavori per poterci poi vivere) valuta l'alluvionabilità/franabilità locale, ove sei ragionevolmente al sicuro da ambo i rischi valuta che sia la casa o almeno un po' di terreno annesso pieno sud senza ombre specie d'inverno quando il sole è basso. Ti serve per il fotovoltaico e questo serve per ragioni economiche non poco (testimonio in persona, ci faccio il 50% dei miei consumi annui e con la convergenza a elettrico vuol dire molto), poi valuta il suolo (se roccia non è il massimo, se terra con roccia relativamente profonda è ok, vedi le carte INGV) all'ultimo la casa.

Con budget ristretto è possibile imbarcarsi in un'avventura rischiosa, costosa, ma che potrebbe pure funzionare: sistemare poco alla volta un immobile, anche rifacendone alcune parti in toto. Dipende da cosa sapete fare, quanto tempo riuscite a ritagliarvi lavorando e quanti ANNI siete disposti a sudare per arrivare alla casa. Nel caso un po' sappiate/vogliate imparare, siate ""molto pazienti"" verso condizioni scomode per alcuni anni, beh, si può risparmiare non poco. Ad es. una casa con soffitti alti, grande, con i muri che comunque stan in piedi si può da se far un sottofondo sui pavimenti in legno, pannellare sopra, mettere dello stratificato. Avrai ""qualche rumore"" nel tempo, ma è confortevole e alla portata di un bricolatore generico, idem il controsoffitto. Li passano gli impianti, si mette isolante. Se puoi sacrificare un po' di muro con contropareti sempre legno/cartoncesso di nuovo puoi rendere come nuovo un vecchio muro da solo/in 2 bricolatori generici. Fai tu gli impianti, al massimo fai rifare la fogna (VENTILATA) ad un idraulico e voi fate poi gli scarichi locali ed i carichi locali. Fare così in proprio prende anche un paio d'anni, ma al posto di costare chessò 80k costa 15k. Facendo da voi non serve tirarli fuori subito.

Con la premessa che è bene PROGETTARE a priori ogni singolo lavoro anche se è noioso, sembra inutile, è più difficile che arrivar sul posto e mettersi a farlo senza un disegno ecc ecc ecc io per spender meno ho fatto varia roba da me e di facciate nel farlo ne ho prese.

È anche importante aver un posto dove stare pro-tempore MENTRE si costruisce, perché se vivi dentro il cantiere è un suicidio, errore vissuto in persona: ogni cosa diventa molto più complicata perché standoci ti serve l'acqua, ti serve la luce, il frigo, ... quindi non sei libero di far tutto prima di portar l'acqua, la luce ecc tanto stai altrove.

Questo è il grosso dei consigli pratici. Cos`i facendo la voce di costo maggiore sono le finestre, che oggi come oggi costano una fucilata, chiedere preventivi a caso per farsi un'idea, poi gli impianti ma di base facendo un poco alla volta ad es. trovi split con tubi precaricati di gas (es. Airton) che puoi montare da te senza nessuno strumento particolare. In zone calde possono anche scaldare, d'estate fan il loro. Se anche compri un mono/dual perché di più non puoi coprirai la casa poco alla volta e così facendo avrai forse un filo d'estetica di meno, ma anche più macchine che se una si guasta l'altra funziona. Per scaldare alle brutte soffri con una stufetta a pellet del brico pur sapendo che son soldi buttati. 'Somma di opzioni ce ne sono anche con budget non proprio adatti, ma avendo ben chiaro TUTTO a priori, incluso sapendo che ""tutto"" si rivelerà falso qui e la e sapendo che ci vogliono mesi senza vedere alcun progresso a priori, sapendo che prima di arrivare ad uno stato di comfort servirà qualche anno. Ovvero partendo MOLTO carichi e con la concezione che beh, è una scelta di vita che potrebbe e idealmente dovrebbe servire per decenni a venire, quindi qualche anno al confronto sembra eterno nel durante ma tanto lungo davvero non è.

[1] per dire da mia nonna nell'appennino ligure sono 1000m, qui 1030m, siamo quasi alla stessa latitudine, sembrerebbero circa due luoghi uguali, solo che qui le strade si fanno a 80-90km/h ben fatte e ben tenute, sono in un altopiano, la sono strade iper-tortuose e piene di buche infilate in posti che franano spesso. Qui muovermi di 30km è come fare 5km in una grande città, la è come farne 20.",ftrx,2023-12-27T10:07:07,2,Italia,https://reddit.com/r/Italia/comments/18ra93s/trasferimento_in_un_piccolo_borgo_italiano/kf3tco3/
18rp4q3,,kf3s610,"Da noi sono entrati questa estate. Ci eravamo appena trasferiti quindi non avevamo roba di valore, ma sicuramente è stato un errore non cambiare subito il portone d'ingresso.
Il tempo di uscire un'ora a fare la spesa che ci sono entrati portando via solamente 2 switch e la ps5 con annessi controller e cavi, lasciando i portatili e tablet sul tavolo.
Tutti i ferramenta richiedevano 3 mesi per qualsiasi tipo di lavoro, lasciandoci senza troppi rimorsi senza una porta che si chiudesse. Se non avessimo chiesto a giro per dei numeri di emergenza e privati, saremmo arrivati ad inverno senza porta.
Chiaramente non abbiamo chiuso occhio per almeno il primo mese, nonostante avessimo comprato una telecamera, quindi capisco la tua paura.
Ah e sì, i dispositivi elettronici sono ""tracciabili"" solo quando sono connessi a internet, quindi una switch l'hanno scovata 3 mesi dopo in Georgia :)",Phrasant,2023-12-27T09:51:36,7,Italia,https://reddit.com/r/Italia/comments/18rp4q3/mi_sono_entrati_in_casa_ma_non_capisco_alcune_cose/kf3s610/
18rb4iv,,kf2a94c,"L'idiota non parlava, era affetto quindi da ritardo gravissimo, oppure poteva essere una persona affetta da qualche tipo di disturbo psicomotorio e un più lieve ritardo mentale con uso della parola.

""*La storia anzitutto: nell’estate del 1798 alcuni cacciatori incontrano un bambino dell’età apparente di undici-dodici anni, nelle foreste del Tarn, dipartimento situato nella zona meridionale del Massiccio centrale. Il bambino è completamente nudo, solo e incapace di parlare. Poi si scoprirà che era già stato individuato l’anno precedente, e catturato, ma era riuscito a fuggire...Nel saggio della
Décade si pone la domanda: Victor si trova nelle note condizioni di arretratezza psico-affettiva solo per la vita solitaria che ha condotto, o non si riscontrano
piuttosto malformazioni o malattie fisiche?...""*

Morale: Victor era un idiota.

*""L’idiota è un soggetto che solo a prezzo di straordinari sforzi e con grande
fortuna è possibile recuperare al normale circuito della comunicazione inter-soggettiva; egli si trova in un luogo estremamente povero di parole, se non
completamente vuoto, popolato esclusivamente da grugniti, da gesti inconsulti, in cui il dialogo terapeutico, fatto esclusivamente o quasi di parole, non ha
motivo di esistere. La mancanza di capacità discorsiva diventa, con un atto di
arbitrio, assenza di facoltà intellettive""*

Da: http://siba-ese.unisalento.it/index.php/segnicompr/article/viewFile/4658/4029

L'imbecille era affetto da qualche disturbo psichiatrico o aveva un lieve ritardo mentale.",GodGuyr,2023-12-27T01:19:51,34,Italia,https://reddit.com/r/Italia/comments/18rb4iv/alcuni_pazienti_di_un_ospedale_psichiatrico_di/kf2a94c/
18rivyt,,kf1tt14,"una vera merda, uno dei peggiori anni della mia vita, questa estate ho seriamente pensato di non farcela

non vedo l'ora che finisca",danilson07,2023-12-26T23:23:07,3,Italia,https://reddit.com/r/Italia/comments/18rivyt/recap_2023_come_è_andato_il_vostro_anno/kf1tt14/
18r48wi,,kf1c9nf,"Ho pochi amici, single da sempre, ho una bella famiglia di cui sono grata.

Nel fine settimana ogni tanto esco con quei pochi amici (di solito con una delle mie migliori amiche e il suo fidanzato), uscite abbastanza noiose comunque. Quando lavoravo quest’estate ho fatto qualche serata figa con i miei colleghi.

Viaggio da sola, vado a fare shopping e a prendere il cibo che mi piace. Vorrei iniziare a fare qualche sport ma non so quale. Di solito sto bene, ora sto bene, a volte crollo però. Ho molta paura di quando la mia famiglia non ci sarà più. Però se guardo le mie coetanee in una relazione penso che assolutamente non è quello che voglio ora, mi fa piacere per loro che sono felici ma ora voglio essere libera. Solo non capisco perché sono sola, cosa c’è di sbagliato in me, non credo di essere così brutta o cattiva da non piacere mai a nessuno. 

Sto seguendo un corso professionale e cerco di laurearmi. Magari vorrò andare a vivere un po’ all’estero finito il corso. Altri piani non ne ho.

Mia madre pensa che io sia lesbica probabilmente, o che abbia qualche problema perché in effetti non è normale che a 22 anni sono vergine.",Puzzled_Throat_7474,2023-12-26T21:26:11,2,Italia,https://reddit.com/r/Italia/comments/18r48wi/facciamo_parlare_i_disagiati/kf1c9nf/
18r9xjp,,kf0xgdh,"Un mio carissimo amico ha la fidanzata brasiliana che ha ancora la famiglia li, quindi ci tornano almeno un paio di volte l'anno. La domanda che devi farti è se puoi fare il tuo lavoro in Italia. E se dove puoi farlo la situazione è cosi migliore che il brasile. A Milano dove il lavoro si trova se non abiti in zone di lusso, quasi inacessibili per uno stipendio da dipendente non dirigente, c'è un degrado crescente. E se sei abititata al brasile d'estate a Milano diventi matta. Se invece vai in zone dove c'è poca criminalità e un bel paesaggio, Liguria e Toscana ad esempio, il lavoro che fai è difficile trovarlo",speremmu,2023-12-26T19:50:24,3,Italia,https://reddit.com/r/Italia/comments/18r9xjp/conviene_trasferirmi_in_italia/kf0xgdh/
18r48wi,,kf0ss83,"Ho giusto un po’ di amici che vedo più o meno spesso a seconda del periodo, se ci sono esami o no, se è inverno o estate, e che a volte ho un po’ paura di perdere di vista. Dubito avrò mai una ragazza. Spero che studiando medicina riuscirò a trovare un buon lavoro e, dato che non parto messo malissimo quanto a situazione economica,  magari riuscirò a mettermi comodo in poco tempo: è la mia unica consolazione oltre alla lettura e al cinema che sto cominciando ad apprezzare.",adamofabbro,2023-12-26T19:20:07,1,Italia,https://reddit.com/r/Italia/comments/18r48wi/facciamo_parlare_i_disagiati/kf0ss83/
18ra93s,,kf0s3ue,"Se posso, valuta la Francia, tra 06 e 83, io mi ci trovo assai bene, per la casa farete per forza un mutuo, ma lo fareste anche in Italia, però almeno hai due elementi che in Italia non credo siano trovabili:

 - servizi sul territorio, non solo in urbe

 - età media fuori dalle città NON da pensionati soltanto

Tira aria di crisi anche qui, ma tra qui e l'Italia qui è un paradiso sul piano lavorativo. Solo la sanità riesce ad essere MOLTO peggiore, sul piano medico. Il francese medio NON è urbanocentrico, quindi ci sono giovani sparsi anche fuori dai centri, c'è un territorio sviluppato. Il clima non è male, troppo caldo d'estate in costa, ma nulla paragonato a Roma, la vita è piacevole.",ftrx,2023-12-26T19:15:48,2,Italia,https://reddit.com/r/Italia/comments/18ra93s/trasferimento_in_un_piccolo_borgo_italiano/kf0s3ue/
18rbhsc,,kf0awco,"Sembra veramente buono, 32GB di ram paradossalmente non li ha neanche il mio computer fisso che posso usare di rado 😂
Probabilmente opterò per questo sperando che non fori i 750W con l'alimentatore che se no mi fa saltare la corrente quando d'estate accendo i condizionatori
Grazie di tutto, sei stato veramente utile",FoxWorn3365,2023-12-26T17:24:56,1,Italia,https://reddit.com/r/Italia/comments/18rbhsc/consigli_per_un_computer_portatile_nuovo_decente/kf0awco/
18r9xjp,,kf037tm,"1) 4k lordi per 14 mensilità fanno 56k di RAL, che mi sembrano onestamente tanti per una posizione non dirigenziale anche a Milano;

2) L'Italia è il buco del culo dell'Europa. Piuttosto impara il tedesco e trasferisciti in Germania o impara il danese e trasferisciti a Copenhagen. In Italia poi ci andrai in vacanza d'estate.",MeGuaZy,2023-12-26T16:33:56,1,Italia,https://reddit.com/r/Italia/comments/18r9xjp/conviene_trasferirmi_in_italia/kf037tm/
18r8l0j,,kezuva3,ventilatori d'estate o salvare trenta morbillioni di persone ??,UnfathomableVentilat,2023-12-26T15:36:02,1,Italia,https://reddit.com/r/Italia/comments/18r8l0j/prezzo_medio_allingrosso_del_mwh_in_europa_nel/kezuva3/
18r9xjp,,kezu4vq,"È difficile darti un consiglio definitivo: molto dipende dalle aspettative e progressioni di carriera che potresti avere. 

Provo a elencare i pro e i contro di Milano v. Rio 

1) nettamente più sicurezza (checché ne dicano coloro i quali sostengono che Milano è una favela: fatevi un giro a Rocinha, poi ne parliamo) 

2) sicuramente le possibilità migliori di carriera che l’Italia può al momento offrire se ti occupi di finanza

3) l’unica città davvero internazionale che c’è in Italia (anche Roma lo è ma per motivi diversi)

4) folta comunità brasiliana e quindi molti ristoranti  brasiliani (se già non lo sai, Milano è gemellata con San Paolo)

5) clima infame: caldo e umido d’estate, freddo e umido in inverno

6) affitti molto alti: però magari già ora sei abituata a pagare molto anche a Rio 

7) io amo milano e ci vengo più o meno ogni 10 giorni (per dire: giovedì 28 e venerdì 29 sono a Milano per il signing di un’operazione che seguo da 3 anni): è una città che è cambiata molto (in meglio) negli ultimi 20 anni. Però vivo a Roma. 

Ho visitato Rio e ne sono tuttora innamorato. Ciò detto non ci vivrei mai. Questi per dirti che se scegli un posto dove vivere, devi viverci un po’: non basta esserci stato bene da viaggiatore.",Quiet-Shop5564,2023-12-26T15:30:44,49,Italia,https://reddit.com/r/Italia/comments/18r9xjp/conviene_trasferirmi_in_italia/kezu4vq/
18r5cay,,kezmmu3,"Non per forza ma parlando con loro sono all'ospedale un giorno si e un giorno no. Basterebbe smetterla di pensare che la vita dei vecchi sia davanti a tutto, pensare a reinvestire risorse, non è che i vecchi sono God Mode e devono ricevere tutto e sempre. Mia nonna avrà pesato negli ultimi 10 anni sul SSN tanto quanto 15 giovani (cifra a caso per dare l'idea di quanto ci sia stata) e non ha mai lavorato in vita sua. Ovviamente ha pure una pensione da più di trent'anni, mio nonno retributivo prende 2.5k di pensione ogni mese da 35 anni.

Tutte queste risorse per due persone la cui vita sociale fondamentalmente si limita al pranzo di natale e il cui contributo alla collettività è il taxi pagato per andare in ospedale e la spesa alla coop. Ripeto, gli voglio un bene enorme, ma sono oggettivo qua, se vogliamo sopravvivere come società prima o poi questo dovrà cambiare o andiamo tutti giù.

Giusto per rincarare ancora di più essendo vecchi e non avendo problemi di soldi tengono il riscaldamento a 24 gradi d'inverno e l'aria condizionata sempre accesa d'estate così ci becchiamo sia l'impatto economico che quello sull'ambiente, oltre a guidare una Punto euro zero del 96.",BoAndJack,2023-12-26T14:32:01,1,Italia,https://reddit.com/r/Italia/comments/18r5cay/boomer_genitori_anziani_e_la_vita_si_fa_difficile/kezmmu3/
18r5yo6,,kezifa4,"Beh, posso dirti che ho lasciato la grande città per la montagna e NON gradisco tornare in città manco per far visita ai parenti...

Dalle mie nuove parti i cani scorazzano liberi, ovviamente cagano, ma è nel terreno e si scioglie senza problemi, l'uso di cambiarsi scarpe per entrare in casa è meno diffuso che in Svezia o Russia o Giappone ma c'è. I vicini ""incivili"" ci sono, ma sono in casa loro, al massimo si sente SE non hai finestre a tenuta quando in estate fan feste fino alle 4 del mattino, nel mio caso ho finestre abbastanza adatte a non sentir nulla...

Quindi ci si passa sopra semplicemente perché c'è spazio. Non ci si pesta i piedi anche se la società decade ovunque.",ftrx,2023-12-26T13:55:49,1,Italia,https://reddit.com/r/Italia/comments/18r5yo6/stanco_del_mancato_senso_civico/kezifa4/
18qilau,,kezhb3b,"Beh, da ex Polimi, stato a Milano solo per quello, residente all'estero da illo tempore posso ribattere per punti

> Migliori trasporti pubblici d'Italia

Il trasporto collettivo è SVENTOLATO come cosa positiva quando in effetti è positivo solo per chi ci marcia sopra economicamente muovendo bestiame della sua stessa specie, mungendo questo ed il pubblico per far quadrare conti altrimenti non sostenibili. Ovvero lodare il trasporto collettivo equivale a lodare lo sfruttamento degli umani, da umano sfruttato.

> C'è tutto

Opinabile. Il grosso dell'industria se n'è andato.

> c'è qualsiasi tipo di persona tu cerchi

Ho trovato persone simpatiche, ma le ho trovate in un mucchio di altri posti del mondo...

> ci sono le opportunità migliori d'Italia

Opinabile: è una ""capitale economica"", quindi hai tipicamente maggior offerta, ma anche maggior domanda, in regimi asfissianti di competizione, non lo vedo granché positivo, è come quelli che van a Parigi perché c'è più opportunità, poi si fan furbi e van altrove perché c'è si meno offerta, ma quella che c'è è caso per caso di miglior qualità e con minor competizione e sfruttamento.

> stipendi più alti

Mettili in relazione al locale costo della vita

> multinazionali

Non direi sia positivo...

> migliori università

Si, il Polimi se la racconta bene, come immagino le altre, peccato che nei fatti non siano tanto migliori...

Ora veniamo ai lati negativi:

 - densità eccessiva, largamente sopra la soglia limite per l'economia di scala, perso il grosso delle industrie con la rivoluzione logistica (anni '80), in corso di emorragia per il telelavoro, quel che resta è una popolazione sempre più impoverita e disperata, questo aumenta il numero di sfruttabili da raccattare, vuoi per far pagare a peso d'oro cessi in affitto, vuoi per fargli fare lavori indegni ecc, ma appunto il grosso è questo: poveri e disperati;

 - nessun margine di sviluppo, per densità eccessiva, dimensione, senso fisico di pigiarsi in quel posto;

 - clima ORRIDO, invivibile in estate, soggetto ad alluvioni regolari, non confortevole in inverno, inquinatissimo;

 - costo della vita in rapporto agli stipendi di un livello che rivaleggia con le zone povere delle puglie, dove almeno han altro in termini ambientali/umani...

'Somma ""zero"" è un termine strano in un universo infinito ma...",ftrx,2023-12-26T13:45:53,2,Italia,https://reddit.com/r/Italia/comments/18qilau/milano/kezhb3b/
18qkvxg,,kez59tp,"In questi giorni dovrebbero esserci parecchi esami giusto? Nel dubbio impegnati e buona fortuna amico🗣️🔥
È difficile trovare lavoro subito dopo aver finito l'Uni, sai ci sono un sacco di curriculum da mandare, scelte da fare e roba varia, però provaci💪
Tieniti in forma fra, starai sempre meglio🍴
Anche in'università c'è molta gente da conoscere, e ci starai altri 5 mesi, poi al ""Lavoro"" Da te detto, l'Estate... Ci sono molte opportunità 🐶🍣🗣️🔥",Awsc12032,2023-12-26T11:34:03,1,Italia,https://reddit.com/r/Italia/comments/18qkvxg/quali_sono_i_vostri_obbiettivi_per_il_2024/kez59tp/
18r3861,,keyya5m,"Sì. Beh non adesso, in estate. Adesso sono tutte ibernate.",_Dnikeb,2023-12-26T09:58:05,24,Italia,https://reddit.com/r/Italia/comments/18r3861/scena_horror_sulla_mia_auto/keyya5m/
18r2i4w,,keypi3h,"Ciao! Io ho sempre e solo utilizzato Airbnb. Nell'estate 2022 ho girato con due miei amici la Provenza in macchina, mentre nel 2023 abbiamo viaggiato con la stessa modalità in Germania; in entrambe le occasioni abbiamo prenotato una stanza diversa ogni giorno (tra l'altro la mattina stessa per la notte).

Noi ci siamo sempre trovati benissimo. Puoi trovare stanze di hotel, appartamenti interi o singole stanze; sta a te leggere bene la pagina della casa e confrontarla con le tue esigenze. Ad esempio, noi cercavamo sempre il bagno privato; per il resto ci accontentavamo. 

Ad ogni prenotazione puoi aggiungere i tuoi amici, così sul profilo comparirà lo storico delle tue prenotazioni, puoi guardare la prenotazione quando vuoi e gli host potranno vedere chi sei e cosa gli altri host hanno detto di te (i padroni di casa, infatti, possono lasciare recensioni sugli ospiti).

Non abbiamo mai avuto problemi particolari.

Solo una volta (ma ti parlo di una casa su una ventina in due viaggi) la host aveva accettato la prenotazione, quindi i soldi ci erano stati detratti, ma ci aveva contattato subito dopo dicendo che non aveva fatto in tempo a pulire la casa. Ovviamente ci siamo arrabbiati perché non volevamo stare in una casa che - per quanto ci assicurava non fosse lercia - non era stata pulita. Lei però non poteva cancellare la prenotazione, altrimenti avrebbe avuto una ""multa"" da pagare. Abbiamo contattato il servizio clienti che - assicuro - è davvero molto efficiente. Alla fine abbiamo tenuto la casa per scelta, altrimenti avrebbero potuto cancellare la prenotazione, e in più ci hanno fatto uno sconto sulla prenotazione successiva per il disturbo.

Sinceramente preferisco Airbnb a Booking, a partire anche solo dall'interfaccia, molto più chiara.",perelaz,2023-12-26T07:53:18,2,Italia,https://reddit.com/r/Italia/comments/18r2i4w/mi_spiegate_come_funziona_airbnb/keypi3h/
18qlex8,,kewagte,"Il mercato e' cambiato. In oltre l'economia locale che ha come modello un affitto piu a lungho termine da pochi d'anni fa si e' aggiunto Airbnb che offre affitto a corto termine e che offre meno rischio. Il turista fa una settimana o due e se' ne va. Si ci sono rischi che affittano a dei cretini ma Airbnb offre aiuto e assicurazioni ai propietari che di normale non hanno.

So di proprietari che non affittano piu a lunga durata invece mettono la casa o l'appartamento su Airbnb e in una sola estate prendono piu di quanto se affitano normalmente. C'e anche chi ha fatto modifiche struturali minime separando un apparatamente in camera che gli rende ancora di piu. 

Conosco personalmente uno che e' stato lento ad aumentare l'affitti. Ha 3 appartamenti a Roma. Ma alla fine a dovuto aumentare che con i prezzi di tutto che aumentano doveva mantenere se stesso. Uno degli inquilini se ne andato e non ha ancora trovato un altro e adesso ha meno reddito di prima e sta pensando di vendere.

Come mercato capisco come functiona. Non vuoldire che mi piace. Non credo che l'economia e' una cosa naturale. Credo sempre che l'insieme e' meglio che da soli ma il mondo oggi premia l'individuo.",OccamsRazorSharpner,2023-12-25T19:43:49,6,Italia,https://reddit.com/r/Italia/comments/18qlex8/litalia_degli_affitti_impossibili_39_in_otto_anni/kewagte/
18qf1hf,,kew9skm,"Innanzitutto se vuoi che la relazione parta da solidi presupposti, conviene che cominci ad essere sincero con la tua ragazza (ma visto che starai fino a fine estate quasi fuori, non so). Se lei ti dovesse davvero ritenere uno sfigato/fallito perché non hai una vita sociale, beh, evidentemente non è la persona giusta con cui avere a che fare. In ogni caso esistono persone che scelgono scientemente di stare soli il venerdì/sabato a guardare un film o leggere un libro. Andare in una grande città ti aiuterà relativamente se poi tornato in patria la situazione resterà la stessa, avresti potuto conoscere la cerchia di amicizie e conoscenze sue, non c'è nulla di male. Oltretutto non è nemmeno detto che una volta separati poi sarà tutto come prima.",Superquadro,2023-12-25T19:38:51,1,Italia,https://reddit.com/r/Italia/comments/18qf1hf/ho_una_ragazza_ma_non_ho_una_vita_sociale_lei_ha/kew9skm/
18pu751,,kew836z,"Fino a poco fa ero al Lago di Scanno, e con i suoi 13 gradi, erano rimasti solo pochi sputi di neve. Ora dai parenti a Pescara e sembra una serata primaverile.
Direi che ormai ci possiamo scordare dell'inverno e la neve. Solo estate tutto l'anno 🔥🔥🔥",ViewtifulBANJO500,2023-12-25T19:26:43,1,Italia,https://reddit.com/r/Italia/comments/18pu751/ma_che_cazzo_di_vigilia_è/kew836z/
18pu751,,kevd4mz,"e la stronzata del giorno l'ha detta  [**AndreBellu22**](https://www.reddit.com/user/AndreBellu22/)   
l'Italia non è un paese freddo...nel senso che d'estate fa un caldo boia, e d'inverno in pianura si raggiungono tranquillamente gli 0 gradi, d'altronde è un paese mediterraneo, quindi a differenza di paesi nord-europei dove si va (andava) abbondantemente sotto zero e le loro estati erano la nostra primavera, lo si può definire caldo (e grazie ar'cazzo)",Pheralg,2023-12-25T15:32:26,1,Italia,https://reddit.com/r/Italia/comments/18pu751/ma_che_cazzo_di_vigilia_è/kevd4mz/
18qgfr9,,kev1w4z,"Se qualcuno è interessato a giochi di società, in zona Lecce, mi contatti, c'è un bel gruppo di giocatori che si ritrova 1/2 volte la settimana per la maggior parte dei mesi dell'anno (estate esclusa).",redditiscucked4ever,2023-12-25T13:47:52,8,Italia,https://reddit.com/r/Italia/comments/18qgfr9/ho_creato_un_subreddit_per_aiutarvi_a_fare/kev1w4z/
18pu751,,keupn0q,"A questa stagione MI VA BENISSIMO, in estate invece mi va MALISSIMO...",ftrx,2023-12-25T11:16:03,1,Italia,https://reddit.com/r/Italia/comments/18pu751/ma_che_cazzo_di_vigilia_è/keupn0q/
18qai8y,,keuhydb,"Correva l'estate 2015, Ero in un piano abbandonato di un condominio insieme a un mio amico, stavamo giocando a fare i ghost hunters cercando di registrare presenze con in iPhone. A un certo punto io chiedo ""c'è qualcuno?"" tre volte, non sento niente, chiudo la registrazione e andiamo a casa. Riascoltandola, però, subito dopo il terzo ""c'è qualcuno?"" si sente un ""si"".

La registrazione è [questa](https://drive.google.com/file/d/0B1YdB1IanK5gQVQ2bDR1ajNIZ2M/view?usp=sharing&resourcekey=0-FzLHpwGoYZnoSO-nMos24g)",_Dnikeb,2023-12-25T09:21:21,5,Italia,https://reddit.com/r/Italia/comments/18qai8y/vi_sono_mai_capitate_esperienze/keuhydb/
18pzumm,,keu7utw,"Racconterò anche la mia esperienza per solidarietà. 

Avevo credo 13 anni, era estate, a pomeriggio inoltrato ero sempre in campagna con i miei cugini a fare casino. Un giorno ci viene voglia di tirare giù un albero solo con una fune e le mani. Io sono l'addetto alla fune e tiro più forte che posso, e con la corda tesa arrivo praticamente al bordo del terrazzamento, fin quando mio cugino si accorge di avere un piede sulla fune, lo alza ed io volo all'indietro. 

Avevo credo 13 anni, era estate, in quel periodo ero fissato con le granite, ma soprattutto con uno dei suoi ""condimenti"", lo sciroppo alla menta. Quel giorno volli provare una cosa nuova, bermi direttamente lo sciroppo alla menta, senza ghiaccio o acqua, liscio. Ne bevvi tipo mezza bottiglia. 

Avevo credo 13 anni, era estate, e mi trovavo a tirare una corda quando gli effetti di quello sciroppo si manifestarono nel momento in cui mio cugino sollevò quel piede, manco stesse azionando lui le mie funzioni corporali. Volai all'indietro facendo cacqua nelle mutande.",darioshi19,2023-12-25T07:00:12,1,Italia,https://reddit.com/r/Italia/comments/18pzumm/convivere_con_il_sapere_di_essere_una_persona_che/keu7utw/
18pu751,,keu536q,"Magari poco correlato, ma ho già caldo per questa estate",PullHereToExit,2023-12-25T06:25:42,1,Italia,https://reddit.com/r/Italia/comments/18pu751/ma_che_cazzo_di_vigilia_è/keu536q/
18q4xev,,keth2og,"No infatti sta cazzata degli arabi in sicilia come motivo perchè i siciliani sono diversi è un'enorme minchiata, gli arabi si sono mischiati pochissimo con la popolazione, non sono mai stati accettati e quando poi sono arrivati i normanni sono stati cacciati o massacrati allegramente. Se i siciliani in media possono risultare leggermente più scuri (ma pochissimo eh secondo me non c'è quasi differenza) è perchè moltissima gente sta tutta l'estate a rosolarsi in spiaggia. Ma per dire io sono bianchissimo così come il 95% della gente che conosco",Head-Preparation-838,2023-12-25T02:30:01,8,Italia,https://reddit.com/r/Italia/comments/18q4xev/persona_americana_più_sana_di_mente_be_like/keth2og/
18pu751,,ket8vcy,"Ma sempte che vi lamentate siete, meglio il caldo l estate, tutto l anno, vattene al polo nord vedi come passi il natale li",eros73pasicilia,2023-12-25T01:17:22,1,Italia,https://reddit.com/r/Italia/comments/18pu751/ma_che_cazzo_di_vigilia_è/ket8vcy/
18pu751,,kerwhlb,Tranquillissimo poi arriva l'estate,asalerre,2023-12-24T19:21:39,1,Italia,https://reddit.com/r/Italia/comments/18pu751/ma_che_cazzo_di_vigilia_è/kerwhlb/
18pqk4f,,keruwd6,"Palma di Maiorca, estate 2018. Non aggiungo altro 🤣🤣",vipuzzailculo,2023-12-24T19:11:19,2,Italia,https://reddit.com/r/Italia/comments/18pqk4f/scrivete_qualcosa_su_di_me_come_se_mi_conosceste/keruwd6/
18pu751,,kerrzy2,"Beh, nell'emisfero sud le stagioni sono invertite, anche se in Australia è estate perpetua, quindi si fanno le grigliate di Natale in giardino",Kyasupa_99,2023-12-24T18:52:20,7,Italia,https://reddit.com/r/Italia/comments/18pu751/ma_che_cazzo_di_vigilia_è/kerrzy2/
18pqsgm,,kero04w,"A parte che OP parlava di un aspetto musicale, che mi sembra una questione diversa. Non è che se non mi piacciono i tormentoni allora non mi piace l'estate.

Vuoi un applauso perché non lavori per 10 giorni? Io ho un giorno e mezzo di ferie, non riesco a camminare tra le strade per un mese, l'atmosfera di natale mi sta sul cazzo e se per te la cosa è dovuta a meccanismi psicologici disfunzionali mi sa che sei un po' rapido a saltare alle conclusioni",I_mean_bananas,2023-12-24T18:25:54,4,Italia,https://reddit.com/r/Italia/comments/18pqsgm/le_canzoni_di_natale_mi_stanno_sulle_palle/kero04w/
18pu751,,kern4f1,50 gradi in estate e ci abbracciamo,Leo-Bri,2023-12-24T18:19:57,2,Italia,https://reddit.com/r/Italia/comments/18pu751/ma_che_cazzo_di_vigilia_è/kern4f1/
18pu751,,kercau4,"Beata l'ingenuità di quelli che gioiscono dei 30 gradi ad ottobre e dei 15 a Natale a Milano... ignorando quello che ci aspetta non solo l'estate che viene, ma anche nei prossimi anni/decenni.",Boring_Pineapple3344,2023-12-24T17:05:24,2,Italia,https://reddit.com/r/Italia/comments/18pu751/ma_che_cazzo_di_vigilia_è/kercau4/
18pu751,,keqtukr,"Magari il mio corpo ha iniziato a sentire le temperature in modo sbagliato, però quest’anno mi è sembrata l’estate meno calda e l’inverno meno freddo.",styvee__,2023-12-24T14:49:44,2,Italia,https://reddit.com/r/Italia/comments/18pu751/ma_che_cazzo_di_vigilia_è/keqtukr/
18pu751,,keqja2u,"Lo so, purtroppo essendo lontani dall'equatore avremo sempre sbalzi termici tra Inverno ed Estate. Però vabbè, sognare è gratis.",LordBruschetta,2023-12-24T13:16:36,-3,Italia,https://reddit.com/r/Italia/comments/18pu751/ma_che_cazzo_di_vigilia_è/keqja2u/
18pu751,,keqiz49,"Non penso funzioni così, se a dicembre avremo 25-30 gradi in estate ne avremo 50-55 (alias desertificazione e migrazione in posti più freddi, guerre climatiche, fame, morte ecc.)",Maleficent_Rub_309,2023-12-24T13:13:32,17,Italia,https://reddit.com/r/Italia/comments/18pu751/ma_che_cazzo_di_vigilia_è/keqiz49/
18p465s,,keqdkg4,E niente... Preparo le provviste di acqua per l'estate?,ilkatta,2023-12-24T12:14:06,1,Italia,https://reddit.com/r/Italia/comments/18p465s/ma_18_gradi_in_inverno_e_normale_e_poi_con_il/keqdkg4/
18pqsgm,,keqcqkw,Le canzoni di natale sono la piaga del Natale come le canzoni estive sono la piaga dell'Estate.,Front-Elk3194,2023-12-24T12:04:07,1,Italia,https://reddit.com/r/Italia/comments/18pqsgm/le_canzoni_di_natale_mi_stanno_sulle_palle/keqcqkw/
18pnkdk,,keqaptk,"Non controllano la positività alle droghe, a meno che non hai atteggiamenti o comportamenti “strani” che possano insospettire gli addetti.

Esempio di questa estate: andando a Tenerife un tizio era palesemente fuori come un caco e non lo hanno fatto salire in aereo 😂

Per il resto evita di portare qualsiasi cosa, quando non vedi i cani antidroga va tutto bene, ma quando li vedi è già troppo tardi :D",Constant-Impress-150,2023-12-24T11:38:20,2,Italia,https://reddit.com/r/Italia/comments/18pnkdk/controlli_areoporto/keqaptk/
18pqsgm,,keq3kv1,"Io passo tutta l'estate ad ascoltare tormentoni demmerda, non toccatemi le canzoni di natale porca di quella puttana. Le campanelline tutta la vita siiiiiiiiiii. Ferieeeeeeee",Leather_Pomelo_6124,2023-12-24T10:00:20,14,Italia,https://reddit.com/r/Italia/comments/18pqsgm/le_canzoni_di_natale_mi_stanno_sulle_palle/keq3kv1/
18pfeyn,,keq19ey,"Le mie più sentite condoglianze. Ho perso mio padre 6 anni fa (ne aveva 52). 

La vita non sarà più la stessa, su questo mettiti l'anima in pace. C'è da dire però, che dopo alcuni mesi, cominci a pensare ad altro, e la vita va avanti. 

Sembra brutto a dirlo, ma la verità è che il dolore diminuisce fino ad un punto X, ma non passa mai. L'unica soluzone è distrarsi, pensare ad altro.

Purtroppo o per fortuna la vita ti darà tante altre cose a cui pensare. Per me è stata una curva fluttuante. Dopo tre mesi inizi a pensare ad altro ogni tanto, dopo quattro un po' di più, dopo sei un po' di più.

Mio padre è morto a settembre e penso che la ""luce"" in fondo al tunnel ho iniziato a vederla dopo tre/quattro mesi, verso gennaio, per poi uscire completamente dal tunnel verso l'inizio dell'estate.

È anche vero che oguno è diverso, e che io avevo 16 anni, però tieni duro. Sembrano frasi fatte, perché oltre a quello non c'è niente da dire, o da fare per alleviare queste cose. Il tempo, forse un po' di psicoterapia e un po' di chiacchiere sono l'unica cosa che possono aiutare.

Un abbraccio.",Prestigious_Tennis,2023-12-24T09:27:47,1,Italia,https://reddit.com/r/Italia/comments/18pfeyn/mia_madre_se_nè_andata/keq19ey/
18p1e3x,,keox5tl,"Sinceramente lo capisco benissimo, soffro di depressione e per quanto provo a rialzarmi e darmi dignità, una volta finita l'estate tutti chiudono i battenti e passare l'inverno a sopravvivere di paghetta ti fa sentire tutto il peso di essere una solo ""una bocca in più da sfamare"". Ne ho passati tanti di momenti in cui la stavo per fare finita per lo stesso motivo, poi chissà che cazzo avrà passato in più quel ragazzo... brutta storia.",Ok-Hope6387,2023-12-24T02:29:30,2,Italia,https://reddit.com/r/Italia/comments/18p1e3x/tasso_di_fecondità_in_italia/keox5tl/
18p1e3x,,keove2d,"Sono sarda, purtroppo già oggi la Sardegna è un ""grande parco estivo"", praticamente trovo lavoro solo d'estate nel turismo e appena le strutture chiudono i battenti devo vivermi l'inverno ad elemosinare paghetta. Inutile dire che non c'è possibilità di crescita qui. Industria al collasso, mio padre ex-saldatore in un'acciaieria ha rischiato la cassa integrazione; poca, pochissima apertura mentale nei confronti del progresso quando grazie al paesaggio prettamente collinare abbiamo dei venti così potenti che potremmo potenzialmente arricchirci con il solo uso dell'eolico. Governo e sindaci orientati più al turista che al cittadino, letteralmente ho visto paesini imporre tasse e prezzo della vita esorbitanti basandosi sui redditi dei ""finti residenti"" che hanno comprato sì la casa ma vivono tutto l'anno in nord Italia e scendono in paese sì e no due settimane in estate. Tutti qui si lamentano e nessuno vuole cambiare, i sardi si estingueranno e la Sardegna diventerà solo un grosso villaggio turistico fine a sé stesso.",Ok-Hope6387,2023-12-24T02:15:31,3,Italia,https://reddit.com/r/Italia/comments/18p1e3x/tasso_di_fecondità_in_italia/keove2d/
18p5u3c,,keofwi4,"Boh non voglio giudicare, ma se proprio devo essere onesta la maggior parte delle teenagers che vedo in giro sono come le descrivi tu. D'estate si vestono in modo a mio avviso volgare ed eccessivo. Shorts corti ormai mutande, pancia scoperta, non so secondo me si è un po' persa la misura, ciò che è appropriato.",Goldenscarab_7,2023-12-24T00:17:06,1,Italia,https://reddit.com/r/Italia/comments/18p5u3c/cosa_ne_pensate_delle_ragazzine_che_si_conciano/keofwi4/
18p465s,,kemwez9,"A questa stagione non mi lamento di sicuro, d'estate invece si...",ftrx,2023-12-23T17:49:45,1,Italia,https://reddit.com/r/Italia/comments/18p465s/ma_18_gradi_in_inverno_e_normale_e_poi_con_il/kemwez9/
18p465s,,keml5fi,"Che è esattamente come dire che i 45°C dell'estate scorsa non sono nulla di strano perché il caldo in estate è un fenomeno usuale.

Non c'è assolutamente niente di usuale in queste temperature.",_Dnikeb,2023-12-23T16:39:16,9,Italia,https://reddit.com/r/Italia/comments/18p465s/ma_18_gradi_in_inverno_e_normale_e_poi_con_il/keml5fi/
18p465s,,kem1yn8,"Sarà un'estate tosta. 

Poi in generale mi preoccupano i raccolti. Ok che importiamo tante materie prime, però i prezzi secondo me si alzeranno e quando pure i paesi da cui importiamo avranno problemi, non sarà una situazione facile.",Fabio_451,2023-12-23T14:38:29,24,Italia,https://reddit.com/r/Italia/comments/18p465s/ma_18_gradi_in_inverno_e_normale_e_poi_con_il/kem1yn8/
18p1e3x,,kel4i55,Sono stata in Sardegna per la prima volta questa estate e mi sono innamorata. Volevo andarci a vivere. Terra meravigliosa,francisocean23,2023-12-23T09:54:09,19,Italia,https://reddit.com/r/Italia/comments/18p1e3x/tasso_di_fecondità_in_italia/kel4i55/
18p1a9v,,kel14ep,"Vero, io sono tornato dall’oriente con famiglia al seguito. Di solito lo faccio una volta l’anno, generalmente d’estate ma dopo il covid era giusto tornare anche a Natale e prendere la nuova variante",GRIS0,2023-12-23T09:19:35,15,Italia,https://reddit.com/r/Italia/comments/18p1a9v/momento_rshowerthoughts_nei_prossimi_3_giorni_in/kel14ep/
18p0h7i,,kekuicg,"Disorganizzazione, macchinari senza protezioni, rischio di farsi male, 35 gradi in estate e 12 in inverno, alzare carichi pesanti, eseguire ciclicamente sempre le stesse cose, paga di 1300/1400 euro che se vado a vivere da solo devo decidere se cambiare le gomme alla macchina o mangiare.

Ho lavorato lì per 1 anno perché dovevo pagare un master nel mentre e appena ho potuto me ne sono andato.",Curious_Silver_7211,2023-12-23T08:13:39,16,Italia,https://reddit.com/r/Italia/comments/18p0h7i/quale_il_vostro_massimo_di_sopportazione_sul/kekuicg/
18mo354,,kehgbuy,Black hats: “ That is free real estate”,Comfortable_Pace_965,2023-12-22T16:58:05,1,Italia,https://reddit.com/r/Italia/comments/18mo354/fondiamo_un_sito_di_incontri_basato_sul_ral_in/kehgbuy/
18odljw,,kehg5bj,Vabbè sai come funziona.....come d'estate con i cani che mordono.......,D35trud0,2023-12-22T16:56:58,1,Italia,https://reddit.com/r/Italia/comments/18odljw/ľitalia_è_un_covo_di_ladri/kehg5bj/
18oajos,,kegkxcv,"Ti racconto un episodio: di estate le donne spesso hanno abiti succinti e molto corti, una un giorno mentre gli facevo lo shampoo “allungata” si è iniziata a toccare il seno, sussurrandomi che gli piaceva l’idea di avere un rapporto con un ragazzo più giovane io avevo 17 anni lei 35",GarbageStock2193,2023-12-22T13:15:07,17,Italia,https://reddit.com/r/Italia/comments/18oajos/sono_un_barbiere_ama/kegkxcv/
18occa1,,kegfd0g,"Quest'estate moriremo, a meno che non succederà già in """"""primavera""""""",erasmulfo,2023-12-22T12:22:05,-1,Italia,https://reddit.com/r/Italia/comments/18occa1/17_gradi_a_dicembre/kegfd0g/
18nuso0,,keg4wf9,"Dove e quando? È una foto di quest'estate? 

Certo che questo sub sta diventando Instagram...",Former_Villager666,2023-12-22T10:15:49,1,Italia,https://reddit.com/r/Italia/comments/18nuso0/sardinia_italy/keg4wf9/
18mr9ga,,kefyoa4,"Lancia delta modello dal 2009 in su, la ho dal 2015 e non ho mai avuto problemi, tranne uno all’aria condizionata la scorsa estate. Consuma poco, viaggi comodo visto che devi andare al sud 

Usata con 60/70 mila km costa poco, ovvio però devi vedere che sia messa bene, la mia ha 175 mila km e può tranquillamente farne ancora il doppio a vedere dai social e da chi ha la Delta.

Se devi fare un viaggio da nord a sud con una clio, polo, yaris ecc ecc c’è da diventare matti",YarisGO,2023-12-22T08:52:38,1,Italia,https://reddit.com/r/Italia/comments/18mr9ga/consigliatemi_una_macchina_usata_da_comprare_che/kefyoa4/
18nroyi,,kee81lj,"Fatica

Sudore d'estate, freddo e acqua d'inverno

Non puoi fare la spesa, portare i figli a scuola.

È un ""mezzo di trasporto"" in cui manca il motore, anche i migranti appena possono la abbandonano a favore del monopottino.

Rischi la vita

Io mon ho mai capito come mai all'esteo ci vanno, capisco il bus se vai in centro o sei povero ma la bici è il peggio del peggio se non devi fare max 2km, l'unico vantaggio è l'assoluta centezza di poter fare quel che vuoi in termini di semafori/ preferenziali / zone pedonali e contromano",ABrandNewCarl,2023-12-21T23:48:16,9,Italia,https://reddit.com/r/Italia/comments/18nroyi/perché_così_pochi_italiani_utilizzano_la_bici_per/kee81lj/
18nroyi,,ked1onj,"Perche' in molte citta', specie in Emilia Romagna, le coop hanno oliato le amministrazioni pubbliche per creare grandi centri commerciali alla periferia della citta', uccidendo di fatto tutti i supermercati locali. Se devi fare la spesa, ti serve l'auto. A quel punto usi l'auto per tutto.

Diciamo le cose come stanno: la bici di per se' non ha molto senso. Se devi andare al bar, ci vai a piedi. Se devi andare in un altro posto che non sia il centro, siamo gia' in regime alcuni km su strade spesso a ciottoli. Lo fai d'estate se vivi in citta' e il posto in cui andare e' in centro, ma per il resto un cazzo. Resta poi il problema che la bici non e' a mantenimento zero. Si bucano le gomme, va gonfiata, eccetera. Tutta roba che prontamente devi fare quelle rare volte che dici ""ma dai, c'e' bel tempo, son tanti mesi che non esco, vado in bici"".

Quindi tutto cio' lascia una sola opportunita' per la bici: andare al lavoro. Andare al lavoro tutti i giorni in bici presume che tu possa farlo. Dipende molto da dove vivi, dove lavori e la strada che devi fare per arrivarci. Alcune persone possono farlo. Altre no. Se vivi fuori o lavori fuori, o hai necessita' di gestire cose intermedie durante il tragitto (tipo, gia' che ci sei vai a fare spesa, o vai a prendere i figli dal doposcuola) che cazzo ci fai in bicicletta?

la bicicletta funziona solo se l'intero sistema di trasporti e' basato sulla bicicletta. Ovvero funziona solo ad Amsterdam. Smettiamola di pensare che possiamo tutti vivere come ad Amsterdam. E' ridicolo.",FrigoALegna,2023-12-21T19:18:09,3,Italia,https://reddit.com/r/Italia/comments/18nroyi/perché_così_pochi_italiani_utilizzano_la_bici_per/ked1onj/
18nr2qt,,kecgupd,"Sempre usato jeans estate e inverno visto che per lavoro devo avere i pantaloni lunghi, dopo il covid uso solo pantaloni in tessuto e d'inverno tuta ma rimane comunque ""elegante"" e non si nota. 

Pro e contro dei jeans:

Pro - durevoli, accostamento con qualsiasi cosa

Contro - caldi d'estate, freddi d'inverno, poca personalizzazione dei colori, non elastici quindi scomodi specialmente se prendi 1/2 kg in più",Inside96,2023-12-21T17:11:46,1,Italia,https://reddit.com/r/Italia/comments/18nr2qt/ama_nel_2023_non_ho_mai_messo_i_jeans/kecgupd/
18ni3h6,,kebcv7k,"Si vede che non avete mai avuto sete veramente
Lavorate in mezzo ad un campo in piena estate e vi bevete anche l'acqua della formetta altro acqua panna acida",F_rank96,2023-12-21T12:30:38,1,Italia,https://reddit.com/r/Italia/comments/18ni3h6/lacqua_vitasnella/kebcv7k/
18ni3h6,,keb0n0k,La golosità dell'estate,Kalix,2023-12-21T10:10:21,17,Italia,https://reddit.com/r/Italia/comments/18ni3h6/lacqua_vitasnella/keb0n0k/
18n1xjx,,keamomf,"Boh ci sta, ogni situazione è diversa. Io non avendo ne mutuo ne auto preferisco aver maggior tempo libero. Fatto sta che avendo comunque un lavoro da 18 ore alla peggio puoi integrarlo con ripetizioni private se avessi bisogno di più soldi. Inoltre considera che durante l'estate ricevi lo stipendio per stare al mare...non so che lavoro tu faccia ma dubito hai una comodità simile",Kelbhen,2023-12-21T07:10:47,1,Italia,https://reddit.com/r/Italia/comments/18n1xjx/diventare_insegnanti_nel_2023_pare_una_presa_in/keamomf/
18mur2p,,ke8gsya,"Non si capisce se sei uomo, donna o non-binary. 

Se sei un uomo vai in tutti i ristoranti, pizzerie, osterie, macdonalds e bettole e chiedi di fare il lavapiatti. Qualcuno che ti dà lavoro lo trovi e paga tranquillamente una stanza. Ma se vuoi qualche soldo in più puoi fare il rider, andare al mercato alle 5 a scaricare casse di frutta a petto nudo etc. imparare tutti i cocktail a memoria in tre ore e lavorare in un bar alla sera, insomma il limite è solo la tua fantasia.

Se sei una donna purtroppo non trovi come lavapiatti ma come cameriera ma se non hai bella presenza hai molte meno possibilità. Se proprio sei brutta puoi solo fare le pulizie. In ogni caso metti in conto che da donna sarai sottopagata e la stanza ce la paghi solo in periferia e a malapena ci paghi l'autobus per andare al lavoro. Poi non avrai i soldi per mangiare. Puoi integrare facendo pulizie a nero, babysitting, portando a spasso i cani mentre dai ripetizioni su zoom perché si sa che il multitasking è donna. L'opzione migliore è sposarsi uno ricco oppure un idraulico. Ma poi devi sperare che non sia uno psicopatico con le manie di controllo o che non beva. 

Se sei non-binary non esisti. Che lavoro vuoi trovare? Al massimo puoi stare a casa con i genitori che ti mettono la candeggina di nascosto nell'acqua perché credono che tu sia autistic* e che la cura consista nell'ucciderti psicologicamente o fisicamente il più in fretta possibile.

Chiunque tu sia, fai di tutto per stare il più possibile fuori casa. Cerca lavoro con alloggio, tipo in trentino stagione invernale, al mare estiva. Comincia ora a cercare per l'estate, i posti di lavoro seri si cercano adesso. Così quando a maggio gli imprenditori si lamenteranno che non trovano personale da sfruttare tu potrai andare fiera/o/u di essere stata/o/u un* dei primi a farsi sfruttare. 

Ah non dimenticarti di dare un occhio anche al magico mondo delle navi da crociera. Puoi non vedere le facce della tua famiglia per mesi e risparmiare sull'alloggio.",bifrost44,2023-12-20T21:21:08,1,Italia,https://reddit.com/r/Italia/comments/18mur2p/abito_in_una_famiglia_estremamente_tossica_e_sono/ke8gsya/
18mrk8y,,ke8bayq,"Ciao mare di Casadei ( e Casadei in generale). È da quando ho 0 anni che i miei zii hanno un cd di canzoni varie dell’orchestra di Raoul Casadei, la ascoltavamo ogni anno d’estate, durante il viaggio per le vacanze al mare. Mi ricorda la tristezza giovanile di dover abbandonare la villeggiatura al mare nella nostra città del cuore, e sapere che non l’avrei rivista per un anno. Ora riascoltandola mi fa venire tutte le bellissime vacanze che abbiamo fatto insieme, e mi fa venire una nostalgia tremenda",Wavingbranches,2023-12-20T20:48:00,2,Italia,https://reddit.com/r/Italia/comments/18mrk8y/canzoni_italiane_con_cui_siete_cresciuti/ke8bayq/
18myzx6,,ke86vbr,"Ci si passa per andare al bivacco Borroz che è in pratica un rifugio non custodito. In estate è un po' affollato. Ma in primavera e in autunno è uno dei miei posti preferiti.  Da lì poi si può andare a Champorcher o al vallone delle Laures e poi a Pila o a Cogne.

Quelle zone, insieme alla Valpelline, posso dire di conoscerle come le mie tasche.",AostaValley,2023-12-20T20:21:14,3,Italia,https://reddit.com/r/Italia/comments/18myzx6/qualcuno_che_vive_offgrid_in_italia/ke86vbr/
18mzmpt,,ke80cge,"loro sono quella cosa li, sono quelli che ogni anno devono salvare il presepe.
fa niente se nelle scuole non c'è il riscaldamento, se gli studenti e gli insegnanti si rifiutano di entrare in aule a 15 gradi , per non parlare del caldo d'estate, o se gli insegnanti sono costretti a far fare ginnastica ai bambini per non fargli sentire il freddo. il presepe anche quest'anno è salvo",ilkatta,2023-12-20T19:42:20,7,Italia,https://reddit.com/r/Italia/comments/18mzmpt/non_toccate_il_mio_presepe_rant/ke80cge/
18my7i6,,ke7p94m,"Ci sono anche quelli, che in estate provano a nuoto ad attraversalo da riva a riva.",Maleficent-Trick8930,2023-12-20T18:36:07,4,Italia,https://reddit.com/r/Italia/comments/18my7i6/31_dicembre_questanno_da_solo/ke7p94m/
18lxvm0,,ke5taar,Io onestamente le vedo un po' uniformate e naive. Nati e cresciuti in estate.,Good_Anywhere1616,2023-12-20T09:51:43,1,Italia,https://reddit.com/r/Italia/comments/18lxvm0/secondo_voi_le_nuove_generazioni_possono_fare_il/ke5taar/
18mozc5,,ke5qg0x,"Se noti, al netto della puzza d'ascella, ecc., in estate gli odori sono maggiormente percepibili e la mia ipotesi è che il caldo favorisca la propagazione delle particelle in virtù della loro maggiore vibrazione e fluidificazione.",In_der_Tat,2023-12-20T09:13:14,10,Italia,https://reddit.com/r/Italia/comments/18mozc5/lodore_dellacqua_calda/ke5qg0x/
18mou3o,,ke5q1y8,"I baltici sono fantastici, in particolare la Lituania che ho visitato 4 volte, in tutte e 4 le stagioni. Vilnius nel periodo natalizio è magica mentre il resto della Lituania, soprattutto Nida e Klaipėda, vanno viste assolutamente in estate",brando1710,2023-12-20T09:08:01,1,Italia,https://reddit.com/r/Italia/comments/18mou3o/sono_stato_in_75_nazioniterritori_semi/ke5q1y8/
18lwk9w,,ke5efcs,Io ci ho comprato il mio Galaxy A54 quest' estate. prezzi ragionevoli. Arrivato in tempo. Pagato senza PayPal ma c'è l'opzione se vuoi,testiclekid,2023-12-20T06:41:49,2,Italia,https://reddit.com/r/Italia/comments/18lwk9w/comprare_da_sito_poco_conosciuto_cazzata_o/ke5efcs/
18m5up5,,ke3739u,"Si ma pensaci bene, quando ti dicono che fanno un trasloco nello stesso palazzo perchè la casa di prima è “troppo piccola” e fai vedere in dettaglio il nuovo cinema, la nuova mega sala, la nuova astro cabina armadio, non è che c’è il rosik, è che tu hai basato una carriera sul generare invidia e sull’essere invidiata/o, e va tutto bene fino a quando i tuoi fan pagano a rate le tue costosissime ciabatte per l’estate, va un po’ peggio quando l’engagement è a favore degli “haters”. Non è la prima ne sarà l’ultima shitstorm, ma ripeto, Senza gli “haters” questi due non sarebbero nessuno, lo sanno e ci surfano benissimo su sto sistema del nulla cosmico. Il Fatto è che sta volta hanno fatto davvero una cappellata.",mag_creatures,2023-12-19T21:01:18,2,Italia,https://reddit.com/r/Italia/comments/18m5up5/purtroppoferragni_le_uova_di_pasqua_come_il/ke3739u/
18m0jsg,,ke18t2u,"Definire teoria del complotto qualunque cosa che vada contro la tua visione politica non ti fa onore e, anzi, dimostra come i vari novax, terrapiattisti & co abbiano distrutto qualunque possibilità di sviluppare un pensiero critico in questo mondo. Soprassedendo a ciò, l’Antitrust indaga da quest’estate la signora Ferragni, si tratta semplicemente di far esplodere la notizia (utilizzando Mediaset - di FI, Rai - di FDI o qualunque giornale filo-governativo) e secondo te i giornali di opposizione dicono:”Eh no sti cazzi una delle notizie riguardanti una delle imprenditrici N*1 in Italia non la riprendo perché è leggermente di sinistra”.  Mi sembra proprio un complottone che Moro spostati",Itchy_Ambition_7009,2023-12-19T13:40:44,1,Italia,https://reddit.com/r/Italia/comments/18m0jsg/chiara_ferragni_dopo_il_pandoro_le_uova_di_pasqua/ke18t2u/
18m0jsg,,ke16wmn,"Lungi da me difendere i Ferragnez pur apprezzando molto quello che fa Fedez con Muschio ultimamente ma cadere così in una campagna di controcomunicazione della Meloni che, casualmente, fa venir fuori tutta sta merda (uscita quest’estate) durante Atreju dove può fare la sua bella conferenza stampa CASUALMENTE il giorno dopo uscita ‘sta notizia. Daje rega siete meglio di così.",Itchy_Ambition_7009,2023-12-19T13:25:32,-29,Italia,https://reddit.com/r/Italia/comments/18m0jsg/chiara_ferragni_dopo_il_pandoro_le_uova_di_pasqua/ke16wmn/
18lix4m,,kdy2ie0,"E come ce la metti la pezza?

Se cerchi ci sono articoli di questa estate che già parlavano della cosa (prima della sentenza quindi) e già la Ferragni era l'imprenditrice che sfrutta i momenti di debolezza della gente per fare cosi.

Poteva scusarsi in quel momento, avresti potuto scrivere un post del tipo 'Ecco! Ha ammesso di aver fatto pubblicità ingannevole sfruttando i bambini malati'.

Ormai il danno era fatto, appunto, che ne fosse conscia o no. Avrà provato a cavarsela con la sentenza ma chiaramente le è andata contro, quindi niente.",robertogl,2023-12-18T21:20:24,7,Italia,https://reddit.com/r/Italia/comments/18lix4m/chiara_fraudagni_e_il_pandoro_della_discordia/kdy2ie0/
18l880z,,kdxmfps,"Sinceramente parlando, il ""testdisk"" non lo faccio neanche a pagamento! 😂
Ho un'azienda fidata di recupero dati e, SE COMMISSIONATO DAL CLIENTE, inoltro tutto il materiale a loro.

Per quello che intendi tu, sinceramente, sono un tipo abbastanza corretto e non mi piace spulciare nei dati personali della gente, anzi, sensibilizzo molto l'argomento con gli amici stretti e faccio conservare ""meglio"" dati sensibili o zozzerie.

Poi, per tutelarmi, ho installato una sorta di dash cam su ogni postazione (ne ho 4, con SD da 256 GB che registano fino a 4gg continuamente) ma fortunatamente non sono mai servite con nessun cliente.

Credimi, avrei l'opportunità di sapere vita morte e miracoli dalla gente, ma:
1. in negozio non c'è mai tempo
2. se ti becca il cliente ci fai una figura di merda colossale e rischi di chiudere (mi ricordo un servizio delle iene sul PC di belen, a proposito)
3. per le seghe c'è pornhub, non servono le foto mosse contenute nella cartella ""estate 2017"", ahahahah 😂",SeaInteresting144,2023-12-18T19:45:02,1,Italia,https://reddit.com/r/Italia/comments/18l880z/sono_un_tecnico_informatico_su_smartphone_e_pc_ama/kdxmfps/
18l7b1t,,kdx9myy,"Guarda secondo me finché sei ""di nicchia"" non gli spicci delle pubblicità a stimolarti a continuare. Uno dovrebbe puntare più sul diventare un personaggio pubblico, i soldi arrivano comunque dopo che sei conosciuto. O ancora dovrebbero essere finanziati proprio da chi li segue ed apprezza i contenuti. Le pubblicità ovunque ed a prescindere incentivano solo la quantità più che la qualità  (ad esempio tutti quei canali che fanno reaction I quali personalmente reputo più fastidiosi delle zanzare in piena estate)",International-Lie710,2023-12-18T18:29:14,1,Italia,https://reddit.com/r/Italia/comments/18l7b1t/youtube_è_impazzito/kdx9myy/
18kpx8v,,kdwxvd1,"Pensa in Pakistan  è usanza comune coprire le donna con il burka. Sono assolutamente utili, basta body shaming, cat calling, scottature indesiderate in estate e infine pure stop geologia! Sbm",Fuzzy-Marsupial-5933,2023-12-18T17:18:53,1,Italia,https://reddit.com/r/Italia/comments/18kpx8v/cose_che_danno_fastidio_solamente_a_voi_ma_che/kdwxvd1/
18l4xvz,,kdwiw56,"Il mio conto è semplicemente che di base per affittarla dovrei spendere sui 50k€ perché comunque terrazzi (sopra i garages, in larga parte scoperti) e poggioli (intorno ai due piani, terra e primo) sono da rifare, le piastrelle muovono, le scale esterne han i gradini che ballano ecc. I bagni sono se non da rifare almeno da sistemare, le cucine idem, mia nonna aveva diviso la casa in due piani come fossero due appartamenti, uno per piano, ma le cucine sono con stufa economica e legna ""combinato gas"" di bombola che faceva la Zoppas illo tempore fa che ovviamente non sono a norma né interessanti da usare. Il camino è da metter un inserto, è di quelli a fuoco aperto, l'acqua calda serve un boiler elettrico sennò c'è da accender la caldaia anche d'estate. La calderina comunque è da rifare, almeno il bianco da dare, un po' di roba da sistemare, altro emergerà di sicuro. Questo è MENO di 50k€ ma dato la casa se voglio affittarla come minimo devo offrire dei comfort extra, come minimo devo mettere una VMC è una casa fatta male, senza vuoto sanitario, MOLTO umida, e devo mettere degli split. Arrivo ai 50k€. Questo su una casa che PER ORA se posso puntare a 150k è tanto. Se voglio invece sistemarla che vada bene anche per viverci per l'inverno ovvero isolarla, cambiar finestre, porte ecc beh... Sono ai prezzi d'oggi anche sui 100k... Che senso ha muovermi?

Ora mia nonna al tempo l'aveva pagata circa NULLA perché la prese con un mutuo in un'epoca in cui era meglio fare un mutuo e tenere i soldi FERMI sul conto che il C/C rendeva di più di interessi del costo del mutuo, ma per me è un asset che all'eredità aveva un valore teorico ben maggiore di quello attuale. Se fossi preso per la gola potrei svendere ma altrimenti non ha senso. Ho già genitori anziani, ancora sani, ma che vedo invecchiare e che non vogliono schiodarsi dalla città dove vivono, non han altri figli ed io sono a ~400km da loro, con un confine di stato in mezzo... 'Somma non mi pare il caso.

Poi banalmente non vedo perché il Comune non possa mandarmi al TARI via PEC.",ftrx,2023-12-18T15:46:15,2,Italia,https://reddit.com/r/Italia/comments/18l4xvz/mi_sono_reso_conto_di_non_essermi_mai_registrato/kdwiw56/
18l4xvz,,kdvvrtb,"È una casa di montagna in una ex località turistica di quando mia nonna la comprò che per affittarla va rimessa in ordine, e ci ho provato con il 110% ma non ho trovato imprese interessate al tempo, e non ho motivo di svendere 230m² di casa + garages + 5000m² di terreno solo perché è un periodo in cui sono zone morte, o di spendere 50k€ per risistemarla e affittarla forse qualche settimana l'anno via AirBnB o Booking, dovendo pure ogni volta tornare sul posto a vedere cosa mi lasciano in casa...

Parlo di un immobile alle pendici del Beigua, Comune di Sassello. La zona oggi come oggi è morta. Non nevica più per sciare, la gente non va più a per funghi sul serio, la caccia non tira più. Ma è anche una zona fresca d'estate e non così fredda in inverno. Mi aspetto che in 10-15 anni il telelavoro si diffonda anche in Italia e di conseguenza quelle zone ora senza manco ADSL diventino connesse e appetite. Non val quindi la pena svendere o investire in lavori MOLTO costosi senza incentivi oggi. Mentre pagare un 2k di euro anno tra assicurazioni, IMU, tari, luce ed acqua può valere la candela ed è una spesa che mi posso permettere. Secondariamente vivo all'estero ma siamo in un mondo in sfacelo chi sa se un domani dovessi rientrare. Visto che posso permettermelo non vedo perché dovrei svendere per un Comune che non sa usare una fottuta PEC nel 2023.

Le alternative sono così fatte: una casa vicino, 500m più in la, simile per dimensione e caratteristiche, han provato a venderla per DIECI anni, sono partiti da cifre folli 800k. Sono scesi a 150k e alla fine han concluso DIECI anni dopo a 130k LORDI. Tu che faresti?",ftrx,2023-12-18T12:53:03,1,Italia,https://reddit.com/r/Italia/comments/18l4xvz/mi_sono_reso_conto_di_non_essermi_mai_registrato/kdvvrtb/
18l4yj7,,kdvq5g1,"\> servzio di verifica delle operazioi finanziarie fatte con l mio nome

Fallo!

io prima di iniziare l'Uni (era il 2000) ho fatto due anni di lavori stagionali (bagnina e barista in estate/ Raccolta delle mele/ tuttofare sugli impianti sciistici) Bellissime esperienze, ho conosciuto un sacco di gente che non avrei conosciuto, si creano dinamiche particolari. Il mio consiglio è di farlo, io lo rifarei! E lo consiglierò ai miei figli quando sarà ora.",EmeraldasHofmann,2023-12-18T11:56:22,3,Italia,https://reddit.com/r/Italia/comments/18l4yj7/anno_sabbatico_dopo_le_superiori/kdvq5g1/
18l4yj7,,kdvmf8i,Ci ho già lavorato un'estate a Foggia... Discriminato in quanto Barese ahahhahah,Consistent-Fun7564,2023-12-18T11:13:30,14,Italia,https://reddit.com/r/Italia/comments/18l4yj7/anno_sabbatico_dopo_le_superiori/kdvmf8i/
18khpd7,,kdva8xr,"Il mio compagno ne ha piantati 3 negli ultimi anni. In pochi mesi la pianta può radicare e crescere, ma non aspettarti frutti, ci vuole più tempo e il clima adatto.

Noi le teniamo dentro in inverno e fuori sul balcone con esposizione a sud l’estate.",PickOneBiscuit,2023-12-18T08:32:04,1,Italia,https://reddit.com/r/Italia/comments/18khpd7/ore_1447_inizia_il_progetto_ananas_che_vi/kdva8xr/
18kggrm,,kduxlvm,"Affrontavo lo stesso discorso con un amico qualche giorno fa. Mi ricordo qualche anno fa, le magliette basic di decathlon da €2.99 ti duravano per un po’ senza scolorirsi o sformarsi (ne ho ancora in giro qualcuna di quelle “vecchie”. Quelle nuove, oltre a costare di più (5 euro tondi) dopo due lavaggi perdono completamente la forma.
Certo, mi direte “cazzo pretendi da 3 euro di maglietta?” Ma da tenere in inverno sotto la felpa o in estate, dove mi cambio almeno 3 volte al giorno, fanno veramente comodo…
Comunque si, la qualità é cambiata decisamente in peggio. Ma penso che sia un po’ il trend generale del periodo, visto che non l’ho notato solo sulle magliette",Haunting_Depth_1033,2023-12-18T05:59:08,1,Italia,https://reddit.com/r/Italia/comments/18kggrm/tshirt_di_qualità_post_serio/kduxlvm/
14l5piu,,kdsuag6,"5 mesi dopo a cazzo di cane mi sono trovato su questo post, ho trovato il tuo commento e il tuo istinto caritatevole mi ha spinto ad aprire il tuo profilo. Bene, mi hai reso la serata migliore, sono contento esistano altre persone come me che soffrono il caldo in maniera assurda. È dicembre, ci sono 8 gradi ma io se dormo vestito ho caldo. D'estate soprattutto la notte la si sopravvive con il ventilatore alla massima potenza sparato sulla carne nuda.",__MadAlex,2023-12-17T20:47:24,2,Italia,https://reddit.com/r/Italia/comments/14l5piu/grindr_perchè_no/kdsuag6/
18khygu,,kdsp4o3,"Uso il buon vecchio Here We Go, che però ha la tendenza a farti attraversare sterrate tibetane, anche all'ultimissimo aggiornamento.

Il fatto è che le strade vengono mappate in modo passivo, cioè facendo big data sulla lista delle posizioni GPS dei singoli cellulari android e apple.

Dunque il proprietario di una casa che ha un tratto di strada privato e normalmente chiuso su un lato (entra lato sud, ma se c'è traffico entra lato nord aprendo il cancello col telecomando), farà suo malgrado risultare quella strada come attraversabile dalle auto in entrambi i sensi perché varie volte l'anno ci si è spostato a più di 20 km/h. Google o Apple raccolgono l'informazione e la rivendono (o se la copiano a vicenda).

Quando sono nel dubbio, mi ci sposto con Street View per vedere che tipo di strada è. Molte volte sono tornato indietro dopo centinaia di metri di discesa stretta e ripida perché... era tarda estate e la vegetazione aveva reso impossibile capire in che direzione proseguire. Con grande gioia della frizione e della retromarcia, e un'imprecazione più colorita ogni 5 centimetri fino al punto in cui ho potuto rimettermi in carreggiata.",CercatinoMonca,2023-12-17T20:16:14,3,Italia,https://reddit.com/r/Italia/comments/18khygu/quale_navigatore_usate/kdsp4o3/
18kg7wc,,kdsc5ti,"non so quanti anni hai le esperienze ecc , se puoi e vuoi quest estate ho ricevuto una chiamata formazione da me e contratto per il nord italia , in poche parole si parla sempre di emigrare però sai che per un mese hai l’opportunità di essere formato nella regione",Alternative-Gur1055,2023-12-17T18:57:33,2,Italia,https://reddit.com/r/Italia/comments/18kg7wc/voglio_cambiare_il_2024/kdsc5ti/
18khpd7,,kdrfjm6,"Io dopo 3 anni ho ottenuto un ananas grande un po' di più di una palla da tennis. In inverno l'ho tenuto in casa, in estate al sole diretto. Poi un inverno l'ho trascurato e sono marcite le radici. Ah, ovviamente va concimato, altrimenti molto difficile che faccia qualcosa.",Trifulau,2023-12-17T15:31:26,6,Italia,https://reddit.com/r/Italia/comments/18khpd7/ore_1447_inizia_il_progetto_ananas_che_vi/kdrfjm6/
18k3inn,,kdrdqkj,"Io non ho il cane,devo dire però che bisogna sapere  cosa significa averlo,è un impegno che bisogna prendere e non quando arriva estate lasciarlo nel canile o in autostrada perché da fastidio,purtroppo molte persone lo hanno perché è diventata una moda",ILLUSIONIST64,2023-12-17T15:18:24,1,Italia,https://reddit.com/r/Italia/comments/18k3inn/quelli_che_disprezzano_gli_animali/kdrdqkj/
18jwnn1,,kdrbpgq,"Mi fanno spaccare dal ridere le persone che vivono sopra il Po che parlano di sindacati ecc ecc

Raga sveglia, voi conoscete il sud solo perché ci venite la settimana di ferragosto in estate. Per il resto non è un problema risolvibile dal singolo, considerando poi che troppi fanno spallucce e al sud, a ritrovarti condannato dalla società, picchiato, l'auto vandalizzata e gente che ti entra in casa basta appunto un minimo di ribellione.

Io sono il primo che segue tutte le regole, il risultato? Sono disoccupato perché non accetto questi giri con soldi in nero e cazzi vari. Se devo lavorare devo farlo per dormire tranquillo la notte, non con l'ansia che prima o poi resto inculato per ritrovarmi costretto a proteggere persone dalla mentalità mafiosa tanto comune da queste parti.

La mia soluzione? Il prossimo mese emigro all'estero.

C'è poco altro da fare, sono problemi che devono essere risolti dallo Stato centrale, devono fare controlli al tappeto per far uscire a galla tutte queste situazioni, altrimenti l'Italia non la risollevi. I singoli cittadini sono solo vittime di questo sistema e chi si ribella nel migliore dei casi è costretto ad andarsene (e ne conosco a decine di coetanei 30enni che hanno fatto vertenza e ora vivono in Australia, a Milano, Parigi, Stoccarda, Londra, Copenhagen, perché gli imprenditori hanno fatto girare presto la voce e nessuno voleva più assumere queste persone), nel peggiore dei casi finiscono in una bara a tempo indeterminato.

Comunque sì, prova a sentire un sindacato. Saprai meglio di me come funzionano i sindacati al sud, pura perdita di tempo per farti silurare.",MrShinzen,2023-12-17T15:03:05,-1,Italia,https://reddit.com/r/Italia/comments/18jwnn1/capo_di_azienda_mi_ha_chiesto_di_mentire/kdrbpgq/
18khpd7,,kdraovf,"Tsk, in estate come si fa a sopravvivere sennò? Sarà il solito milanese che crede che siamo tutti scimmie",Jewbacc4,2023-12-17T14:55:17,18,Italia,https://reddit.com/r/Italia/comments/18khpd7/ore_1447_inizia_il_progetto_ananas_che_vi/kdraovf/
18kggrm,,kdqxdaa,"Prova le fruit premium io mi ci trovo bene con quelle bianche, ce l'ho da quest'estate, le uso quasi sempre e reggono bene i lavaggi. Le ho prese su amazon",Buciodeculo,2023-12-17T12:58:35,3,Italia,https://reddit.com/r/Italia/comments/18kggrm/tshirt_di_qualità_post_serio/kdqxdaa/
18izi5h,,kdqx6kh,"Si chiaro che varia da posto a posto, peró dove sto io (riviera romagnola) pervade parecchio la mentalitá del ""d'estate devi farti il culo senza orari e a testa bassa, perché i lavori estivi sono così e basta"". Tant'è che se provi a lamentarti anche un pó delle condizioni di lavoro vieni spesso tacciato come sfatigato e debole dai tuoi stessi colleghi, come fosse una gara a chi si spezza di piú la schiena. Praticamente si accetta con piacere un sistema di sfruttamento come fosse una prova della propria forza d'animo. Con gran piacere dei titolari chiaramente.",guglielmo2000,2023-12-17T12:56:37,1,Italia,https://reddit.com/r/Italia/comments/18izi5h/esperienze_di_lavoro_penose_da_cui_siete_scappati/kdqx6kh/
18k3inn,,kdqwpeb,"Si ma tu che ti compri il samoyedo/husky/ cane lupo invece del bastardino, oltre alle beghe morali se non lo prendi da allevamento a suon di grandi soldi non credo che lo compri con l’obiettivo di farlo soffrire l’estate… sei egoista e ti piace il batuffolo",TURBINEFABRIK74,2023-12-17T12:51:39,4,Italia,https://reddit.com/r/Italia/comments/18k3inn/quelli_che_disprezzano_gli_animali/kdqwpeb/
18jzys8,,kdov1nt,Abbi pietà. Almeno al mare/lago o d'estate facci respirare i piedi.,Riccardo4838,2023-12-17T00:26:16,7,Italia,https://reddit.com/r/Italia/comments/18jzys8/sei_limperatore_del_mondo/kdov1nt/
18k2xyo,,kdolnnr,"Questa estate ho fatto l'animatore turistico, con le clienti era estremamente facile, rifiuti ne ho beccati veramente pochi... Però apparte una volta sono sempre stato io a fare il primo passo e ad approcciare a freddo...

Questa era la prima volta che approccio per strada però per esempio in autobus pubblico una volta mi è andata bene come pure al villaggio sarò stato con una 15ina di ragazze tutte approcciate a freddo.",Consistent-Fun7564,2023-12-16T23:21:45,2,Italia,https://reddit.com/r/Italia/comments/18k2xyo/approcciare_ragazze_a_freddo_per_strada/kdolnnr/
18k2xyo,,kdol4tq,"No. Assolutamente no. 

Negli anni 90 ho approcciato una, mai vista, chiedendole di farmi il favore di presentarmi le amiche , indicando le tette, siamo stati insieme una estate. Io . Lei. E. Le sue tette.

Ora mi beccherei, se son fortunato, solo un vaffanculo. 

I tempi cambiano. Evolutivamente vinche chi meglio si adatta.",AostaValley,2023-12-16T23:18:09,14,Italia,https://reddit.com/r/Italia/comments/18k2xyo/approcciare_ragazze_a_freddo_per_strada/kdol4tq/
18ju63z,,kdojiul,"abbiamo perso nostro padre durante l'estate del 2016 ma a quel punto lui e nostra madre sono già separati. Nel Natale 2016 nostra mamma, che è una narcisista tossica, non riesce (forse non vorrebbe) capire perché non avevamo voglia di festeggiare il Natale. per farla breve, ha insistito per un triste pranzo di Natale in un buffet in cui io e i miei fratelli siamo andati solo per farla sentire meglio perché non riesce ad accettare la verità che siamo in lutto per nostro padre. Non che lei sia arrivata a capirlo anche oggi.",UnlimitedAnxiety,2023-12-16T23:07:28,4,Italia,https://reddit.com/r/Italia/comments/18ju63z/il_mio_peggior_natale/kdojiul/
18jz2sx,,kdo3j0m,"Ero anch'io nella tua stessa situazione, alla tua età i miei amici erano praticamente tutti sposati con figli, e quindi nei weekend ero praticamente sempre solo (eccetto qualche cena ogni tanto). D'estate stessa cosa.
Poi a 30 ho conosciuto quella che poi diventò la mia ragazza e poi moglie. Ora ho figli e tutto quanto.
Non perdere la speranza",mirkolawe,2023-12-16T21:29:31,14,Italia,https://reddit.com/r/Italia/comments/18jz2sx/solitudine_sabato_sera/kdo3j0m/
18jobp4,,kdmba14,"Fallo, dato che è quello che vuoi e che è un tuo diritto.

Però poi non venire qui a piangiate perché non ti hanno rinnovato il contratto dopo la prossima estate, la possibilità di essere bastardi deve essere bilaterale.

E tutti quanti, visto l’ampiamente condiviso approccio, non stupiamoci se le aziende non assumono facilmente donne in età da figli.",tekanet,2023-12-16T15:08:30,-4,Italia,https://reddit.com/r/Italia/comments/18jobp4/quanto_sarei_bastarda_da_1_a_10/kdmba14/
18jpsip,,kdlv2jt,"Vivo in una casa ossatura lignea, ma non prefabbricata, in zona decisamente più fredda in inverno (minima-minima -25, media ""fredda"" tra gennaio e febbraio -15/-18, oggi -8 al mattino) e poco meno calda in estate (picchi di 33-35) PER MIA FORTUNA con enorme escursione termica per cui di notte è sempre fresco, se nella più calda delle estati si arriva a 17 la prima parte della notte è tanto, in media è 12-14.

Note sul legno:

 - i rumori passano MOLTO di più che nel CA, ora ti immagino punti ad un piano solo quindi ti interessa poco, ma sappi che anche il mero camminare su una scala, una lavatrice ecc si sente decisamente di più, per me non è un problema, ma dipende da persona a persona;

 - l'acqua è un problema (nel senso di perdite eventuali) perché il legno in se si fa poco per allagamenti occasionali, ma l'isolante che si inzuppa è letale, quindi specie nel prefabbricato pensa a controllare come sono fatti ed ev. a far modificare/modificare tu per risparmiare (molto) gli impianti di carico dell'acqua, in particolare meno giunte ci sono meglio è, se puoi aver tubi dentro guaina che possano ridurre il danno nel caso ecc;

 - l'esterno è bene NON sia legno, ovvero niente mode nordiche di assi orizzontali variamente trattate e montate ma pannelli tipo fermacell powerpanel o simili, meno legno c'è SIA all'acqua SIA al sole meglio è;

 - la fondazione ASSOLUTAMENTE con vuoto sanitario. Niente ""vespai"", massicciate di vetro cellulare ecc, che la casa sia ALMENO un metro sopra terra, poi che sia su micropali e travatura metallica, soletta in CA, ... poco importa ma che sia sollevata.

A tema impianti:

 - che l'acqua sia scaricabile completamente, ovvero guarda che giri fanno i tubi, da te non gela, ma una botta di gelo può sempre arrivare e se non ci vivi tutto l'anno quella volta non sarai li a scaricare l'impianto. Che sia anche comodo accederci, non una seracinesca un metro sotto terra che ci vuole un ferro apposta per aprire/chiudere e se si rompe serve lo scavatore. Valuta anche una seracinesca di carico e scarico motorizzata (costano una ventina di euro al pezzo, sono normali valvole a sfera a mezzo giro con un motorino sopra che le chiude o apre e che puoi sganciare se serve;

 - immagino NON ci sia fogna, come da me, nel caso OCIO alla fossa, che abbia una AMPIA zona di drenaggio di tubo forato specie se sei su terreno poco permeabile (argilla, roccia, marna ecc);

 - se sei su suolo roccioso ocio alla messa a terra, che sia posata una GENEROSA treccia di rame sotto la casa e ben sparsa, possibilmente tendendo alla direzione dove va l'acqua quando piove;

 - osserva su cosa ti montano i bagni, WC, bidet ecc che siano su strutture in cui puoi intervenire, non roba che devi demolire mezza casa per arrivarci.

Sul design: i vetri serve che siano ampi a sud alle nostre latitudini MA coperti dal sole alto estivo, ovvero o tenda avvolgibile o altro adatto a lasciar passare il sole basso invernale, ma che il sole estivo manco tocchi il grosso della facciata sud. Valuta pergole ecc. Ocio ad ev. impianti solari, il f.v. bene, la PdC messa in zona protetta (non in pieno sole, ma se ci scaldi anche non troppo a nord, meglio ad est (sole al mattino, meno caldo per l'estate, meno freddo per l'inverno). NON bene solare termico specie quelli con il pallone integrato sul tetto che sono una ricetta per aver qualcosa di rotto. Non sottovalutare comunque anche la copertura, anche con banale tenda avvolgibile di bambù delle finestre ovest DALL'ESTERNO perché alla sera il sole picchia ancora e non gradisci l'effetto serra sul vetro.

A parte ciò quel che isola dal freddo lo fa anche dal caldo, la VMC è necessaria, e se è a doppio flusso è cosa buona, almeno a recupero passivo, se puoi mettine una attiva che d'estate basta da sola per la maggior parte del tempo e quando non basta aggiungi uno split, d'inverno per le temperature che dichiari se la casa è ben vetrata e orientata non ti serve un'aria-acqua per scaldare. Facci MOLTA riflessione perché è la voce di costo e comfort maggiore che avrai e non vivendoci è una voce che pesa ancora di più.",ftrx,2023-12-16T13:07:57,2,Italia,https://reddit.com/r/Italia/comments/18jpsip/casa_prefabbricata_cosa_devo_guardare/kdlv2jt/
18jmyan,,kdlnhqq,"Ha tantissimo senso e dimostra che gli umani sono solo animali che seguono programmi preimpostati, e che dipendono anche dalla luce del sole.

Estate= Più sole=più ottimismo ed attività= ci si aspetta più sesso, in modo che sia primavera quando si partorisce.

Dicembre= massimo buio = depressione = pensieri suicidi (per questo è stato inventato il festeggiare vicino al solstizio, per distrarre le persone dal suicidio).

È tutta una questione meccanica.",Particular_Nebula462,2023-12-16T11:58:10,1,Italia,https://reddit.com/r/Italia/comments/18jmyan/calendario_del_disagio_di_ritalia/kdlnhqq/
18izi5h,,kdjgp8j,"Estate 94, ho 17 anni e voglio andare in vacanza in interrail con gli amici, ma i miei non mi danno nulla, perciò mi trovo un mese di lavoro a luglio in una fabbrica. Il primo giorno arrivo alle otto del mattino puntuale, mi si presenta un responsabile che non mi chiede neppure il nome e mi viene assegnato un posto in catena di montaggio, così inizio a posizionare pezzi presi da una cesta sul nastro trasportatore di fronte a me, se i pezzistannoper finire suono un campanello e arriva lo stesso personaggio con un transpallet.

Avevo già lavorato le precedenti estati nella piccola impresa artigianale di uno zio e non mi dispiaceva la beata ignoranza del lavoro ripetitivo, tra le varie mansioni che mi capitava di fare mi pareva quello con il miglior rapporto fatica-rendimento. Tuttavia non mi aspettavo il rumore assordante, la catena era sviluppata come un serpente con ponti per scavalcare bel mezzo e tra presse, attrezzi e sfiati pneumatici, cuscinetti e motori dei nastri, c' era un inferno di minimo 80db costante, nessuno portava i tappi, era quasi impossibile parlare senza urlare e di fatto non ti potevi mai fermare per non creare un buco sul nastro che avrebbe incasinato le lavorazioni successive. Il tipo viene a portare i pezzi dopo un'ora circa gli chiedo se è possibile portare i tappi e quando potrei andare in bagno,  lui ride e risponde ""Ogni tre ore pausa pisciata e sigaretta, se il principino è d' accordo"".

Alle 11 e mezza torna e non mi accorgo che è dietro di me,  mi tira una scoppola e urla: ""Te biondo, vai in pausa e torna qui tra dieci minuti spaccati sennò ti faccio pisciare sangue per tre giorni"". ""Agli ordini capo!"" ho risposto sorridendo e sono schizzato fuori ad accendermi una sigaretta, l' ho finita, ho preso il motorino e sono andato sul fiume a fare il bagno con gli amici e poi a vedere i mondiali al bar. La sera stessa ho saputo da conoscenti cosa era successo in seguito al mio atto di ribellione giovanile: non vedendomi tornare mi hanno cercato ovunque fino ad ora di pranzo, allora il cellulare lo avevano solo il titolare ed i dirigenti, e in seguito ad una riunione dei capi si era deciso di fare un richiamo allo stronzo che mi aveva messo le mani addosso e di chiudere da ora in poi il cancello del piazzale. 

Un mese dopo in un ristorante uno sconosciuto di mezza età mi si avvicina sorridendo e si presenta come un mio grande ammiratore e si rivolge ad una dozzina di persone al tavolo accanto presentandomi come ""quello che a mezza mattina del primo giorno se n'è andato"", mi invitano a sedere e scopro che è la cena di un gruppo di operai di un'altro reparto della stessa fabbrica e inizia una serie di brindisi di liquore che mi ha fatto dimenticare quasi tutto il resto della serata. La mattina successiva mi sono svegliato in camera mia e indossavo una maglietta con il logo della fabbrica e le firme di tutti i presenti, da qualche parte a casa dei miei dovrei averla ancora.",unnccaassoo,2023-12-15T23:27:26,8,Italia,https://reddit.com/r/Italia/comments/18izi5h/esperienze_di_lavoro_penose_da_cui_siete_scappati/kdjgp8j/
18j51g6,,kdi4363,"Mi interessa dalle 9 alle 18 dal lunedí al venerdí. Mi interessa crescere professionalmente, efficentare il mio lavoro ed avere piú responsabilitá. Non mi interessa lavorare di piú.

Quello degli straordinari non pagati é un evento canonico. Dopo aver preso la batosta ho imparato velocemente che bastava dare l'impressione di farli e, sapendo di avere un po' di flessibilitá con gli orari, iniziai a fare 9:30-18:30 (anziché 9:00-18:00). In quel periodo mi fecero i complimenti per la mia ""dedizione al lavoro"".

p.s. OP io vivo il tuo sogno e confermo che si sta bene. Lavoro 4/6 ore al giorno e almeno la metá sono di call/presentazioni. Ho fatto call mentre facevo i lavori di casa, dal supermercato, dal parco e anche mentre attendevo l'auto dal meccanico. Prossima estate voglio aggiungere anche la spiaggia alla lista.",F7U12DO,2023-12-15T18:51:15,7,Italia,https://reddit.com/r/Italia/comments/18j51g6/parliamo_di_lavoro_ma_quanto_vi_interessa/kdi4363/
18j0oos,,kdh33an,È colpa del caldo. Se fuori ci sono 30 gradi a Novembre immagina la temperatura all'interno di un tubo da 50cm che viaggia a 3mt di profondità e nel quale passa di continuo merda a fiotti. Per questo motivo in estate se ne vedono tante pure fuori città.,mikej83,2023-12-15T15:22:42,1,Italia,https://reddit.com/r/Italia/comments/18j0oos/vivere_in_mezzo_alle_blatte/kdh33an/
18j0oos,,kdh0oj5,"Ma in realtà credo sia un fenomeno degli ultimi anni... La mia casa è vecchia e non ha mai avuto problemi simili, eppure quest'estate io, i miei vicini e anche altri in paese abbiamo subito un'invasione di blatte. Casa mia non è mai stata l'emblema della pulizia devo ammettere ma di bestie del genere in giro non ne ho mai viste... Secondo me c'entra qualcosa l'annata particolarmente calda. Perfino di zanzare ogni tanto ne vedo ancora in giro, fate voi. Mai successo prima d'ora.
Cmq abbiamo risolto con pesanti dosi di insetticida sparso ovunque: stipiti delle porte, angoli, tombini, scarichi... Tutto imbottito di insetticida in polvere. Probabilmente abbiamo causato qualche disastro ambientale ma almeno niente più blatte.",Menarrosto,2023-12-15T15:08:33,2,Italia,https://reddit.com/r/Italia/comments/18j0oos/vivere_in_mezzo_alle_blatte/kdh0oj5/
18j0oos,,kdgypy3,"Io ne ho viste 2 questa estate e ho subito chiamato la disinfestazione (fortunatamente sembra aver risolto il problema)

Potresti chiamarla e prendere appuntamento in un giorno in cui tua mamma non c'è, tanto ci mettono poco. Costa sui 100/150 euro che dovresti anticipare per poi farti ridare da tua madre a fatto compiuto",Franzineve,2023-12-15T14:56:45,2,Italia,https://reddit.com/r/Italia/comments/18j0oos/vivere_in_mezzo_alle_blatte/kdgypy3/
18j0oos,,kdgw54b,Sono quelle piccole? In estate vedo quelle grosse che pure volano e quando lo fanno diventano una minaccia.,V41ngl0ry,2023-12-15T14:40:45,2,Italia,https://reddit.com/r/Italia/comments/18j0oos/vivere_in_mezzo_alle_blatte/kdgw54b/
18iwshi,,kdgej9n,"🤣🤣🤣🤣

Giusto, non ci avevo pensato!

Mah, magari organizzerò una gita a Cagliaris. Anzi, Callaris, suona meglio. 

Ah, e magari qualche giorno in estate a Puerto Ciervo, dicono che sia bello.",Sam-2305,2023-12-15T12:37:35,36,Italia,https://reddit.com/r/Italia/comments/18iwshi/il_nuovo_sito_wwwitaliait_è_una_cagata_allucinante/kdgej9n/
18i4xk3,,kdff406,"Secondo me se inviti Salvini al Papeete queste estate e gli offrì un numero sufficiente di mojito e magari gli sussurri nell'orecchio pieni poteri, fa il bis",Mediocre_Echo8427,2023-12-15T05:36:28,1,Italia,https://reddit.com/r/Italia/comments/18i4xk3/le_ultime_48_ore_di_giorgia_epic_fail_rant/kdff406/
18ihdky,,kdfe6iv,"Guarda quest'estate ero nel tratto dell'A1 a due corsie sotto Firenze, avevo appena superato un autoarticolato, ne avevo un altro poco avanti quindi una situazione in cui non ritorni in prima corsia, però vedo arrivare da dietro uno visibilmente più veloce di me quindi mi sono spostato per farlo passare e questi mi ha ringraziato. Quindi magari non sono tutti dei ritardati gli sfanalatori folli della terza corsia.",thprk,2023-12-15T05:27:26,3,Italia,https://reddit.com/r/Italia/comments/18ihdky/stereotipi_sui_possessori_di_auto/kdfe6iv/
18ibm1l,,kdc8dcj,"Si. In terza liceo ero così innamorata di una mia prof da impegnarmi talmente tanto a fare schifo nella sua materia, così da poter essere rimandata e poter trascorrere più tempo con lei durante i corsi di recupero in estate. Se questo non é amore. Ho rischiato l'anno per quella donna. A distanza di molti anni nutro ancora un sacco di affetto per lei, ancora ci sentiamo di tanto in tanto!",zauberberg06,2023-12-14T16:40:40,3,Italia,https://reddit.com/r/Italia/comments/18ibm1l/siete_stati_mai_innamorati_della_vostra_insegnante/kdc8dcj/
18i66no,,kdbo87l,"Posso parlare solo per il cammino classico nel nord della spagna. E una bella esperienza e lo consiglio - ma ci sono cose da considerate:

1. L'idea romantica di ostelli non prenotabile per l'amicizia con altri viaggiatori ha un lato scuro: Se arrivi al paese finale del giorno e non ci sono più letti, *devi* per forza andare altre 5 km o sperate che trovi un'albergo. Questi ostelli sono anche perfetti per pigliarsi Cimici di letto. Può capitare anche con abergi normali, ma e peggio negli ostelli. Io consiglio prenotare albergi.

2. icontri la gente interessante da tutto il mondo e tutti tipi - sopratutto per pranzo e cena (anche senza ostelli).

3. Caminare 25km / giorno va pratticato per ameno 6 mesi ogno altro weekend, anche per usare bene le scarpe prima di partire. Per noi, anche con la prattica, i primi 3 giorni erano durissimi e dovevamo fare un giorno di pausa il terzo giorno. Dopo era più facile - secondo me il corpo a questo punto capisce che sei serio/a e attiva un programma vecchio di camminata. Non sentivamo più tanto la stanchezza durante la giornata - ma stai attento se ti fermi il pomeriggio - pissibile che non ti alzi più.

4. Gli ultimi 100 kilometri sono una esperienza molto diversa - perche devi timbrare per gli ultimi 100 kilometri per ricevere il certificato. In prattica, eravamo sempre in pochi nel pezzo prima.. tranquilli, sereni... ogni tanto non c'era un bar or un super per comprare acqua per 5 kilometri. arriviamo a 100 km, diventa un casino: arrivano pullman che buttano fuori milliaia di persone e c'e una infrastruttura - e anche un pò un'atmosfera - di Rimini in estate. Se lo facciamo un'altra volta (questo portogese), evitiamo gli ultimi 100km.

Senti ogni grammo di peso sulle spalle. Pensavamo di aver' portato il minimo possibile. Ma i primi giorni abbiamo regalato cose per trovare il minimo reale :)

Tutto sommato una sperienza fantastica, ma fai la prattica e pensaci se vuoi usare ostelli o alberghi.",Alvinum,2023-12-14T14:30:24,1,Italia,https://reddit.com/r/Italia/comments/18i66no/cammino/kdbo87l/
18hko98,,kdar271,"Sono anche io di Genova, anche se vivo all'estero da 9 anni e torno a Genova circa una volta all'anno.
Genova è da anni in mano a lobbisti che aiutano gli amici e gli amici degli amici, ma vengono regolarmente rivotati ad ogni elezione, forse perché le alternative sono ridicole.
Credo sia la città italiana con la più alta densità di supermercati, oltre alla miriade di nuove costruzioni residenziali, permesse promettendo che miriadi di turisti avrebbero invaso la città in estate.

Mah",akelge,2023-12-14T08:39:55,8,Italia,https://reddit.com/r/Italia/comments/18hko98/i_tassisti_bolognesi_sono_da_eliminare/kdar271/
18he8q2,,kdaiia2,"Ma porca miseria il prof era stato ammazzato dal ceceno ed era stato segnalato dagli alunni. Alle medie sei ancora giovane ma le cose le capisci non sei stupido!

Inoltre qua non sto generalizzando sto solo condannando questo episodio. Se tu non ti senti di condannarlo e lo tolleri allora sei tu in difetto e col prosciutto sugli occhi. Perché da qui poi si va nelle moschee estremiste e si diventa lupi solitari e si ammazzano i turisti come in Belgio questa estate. Che senso ha non contrastare l’estremismo.

Se fossi tu a insegnare dove hanno ammazzato il prof avresti chiesto trasferimento durante la ricreazione",ImaginaryZucchini272,2023-12-14T06:51:58,6,Italia,https://reddit.com/r/Italia/comments/18he8q2/prof_mostra_il_dipinto_a_scuola_proteste_e/kdaiia2/
18hg75t,,kd7om0j,"È una spinta a consumare, casualmente la 13esima è sotto natale e la 14esima è sotto l'estate.

La persona media ahimè è miope, per essere molto gentile, magari ha difficoltà a far quadrare i conti ma se gli dai un tot di soldi in mano in periodi propizi se li sputtanano al volo senza pensarci",frombucodiculocity,2023-12-13T18:37:21,1,Italia,https://reddit.com/r/Italia/comments/18hg75t/tredicesima/kd7om0j/
18hko98,,kd7klth,"Sono andato in trasferta a Napoli quest'estate per lavoro, mi sono mosso solo in taxi e dovevo rendicontare tutto, quindi Uber e via.  
Sapevo cosa pagavo e non dovevo sganciare contante, uno ha provato a chiedermi 1-2 € in più come extra la mia risposta è stata se vuoi li aggiungiamo alla corsa (al di la che pagava l'azienda) e la risposta nono vabbè lasciamo stare.  


Se devo scegliere se una società estera non paghi le tasse non mi interessa, mi interessa però che la categoria con più evasori in italia le paghi fino all'ultimo centesimo.",DeltaMachinae,2023-12-13T18:13:03,6,Italia,https://reddit.com/r/Italia/comments/18hko98/i_tassisti_bolognesi_sono_da_eliminare/kd7klth/
18hfpe3,,kd6yxfw,Ci sono tornata giusto quest'estate ed è proprio bella! Poi stare sul verde ad ammirare i laghi... L'unica pecca è la qualità dell'aria della pianura padana 🥲,Maleficent_art28,2023-12-13T15:59:50,2,Italia,https://reddit.com/r/Italia/comments/18hfpe3/quale_la_città_più_bella_ditalia/kd6yxfw/
18gi47n,,kd5spjv,"Guarda che non è una gara eh

Era solo per dirti che abbiamo anche noi una bella serie di lati negativi, l'ho pure detto in fondo al testo.

Fidati che avete più supporto tra di voi, ci sono già esempi in questo thread 
Vedi ad esempio u/trentaduesimo come già sputa tossicità a priori.  Ti pare che se una ragazza apre un topic sul suo stato sociale pessimo, ci siano altre ragazze che le vanno contro? Ma quando mai? Anzi, se non è maleducata nell'impostare il suo problema,  ha anche tutta la parte maschile a supportarla .

I locali sono palesi, su, la frase sulle locandine ""le ragazze entrano gratis"" si trova almeno nella metà delle discoteche. Seriame, non neghiamo l'evidenza.  Dove c'è dress code ( che sarebbe pure illegale se non è una festa privata ), ragazzi costretti a camicia e pantalone senza strappi anche jn estate, ragazze che si possono vestire lettera come vogliono.

Poi ripeto, mi fermo qui perché per me non è una gara, ma come dicevo, molte non se ne rendono davvero conto da quanto sono abituate. E ci sta, lo stesso vale per noi per alcune cose.

Peace out.",aRandomForeigner,2023-12-13T09:41:30,1,Italia,https://reddit.com/r/Italia/comments/18gi47n/amiche_fidanzate_che_ti_abbandonano/kd5spjv/
18goz1x,,kd5d1ko,"Se per servizio intendi il cassiere sbagli, ho lavorato in un supermercato quest' estate è comunque il cassiere alle casse veloci lo dobbiamo mettere.",woofer94,2023-12-13T06:21:57,1,Italia,https://reddit.com/r/Italia/comments/18goz1x/perchè_non_tutti_i_supermercati_hanno_le_casse/kd5d1ko/
18giuzh,,kd47qd5,"_ Scopare bene
Scopare bene, questa è la prima cosa
Cercare un'altra donna
Un'altra casa che non sia troppo vuota
Per ritornare di sera
E non sentirsi ancora soli, ancora più soli
In questa notte d'agosto, ogni stella al suo posto lassù
In questa notte di strada quella che manca sei tu
In questa estate romana
Di musica e fotografia, ancora più mia_",xxxgoblin,2023-12-13T00:59:35,1,Italia,https://reddit.com/r/Italia/comments/18giuzh/la_mia_relazione_sta_finendo/kd47qd5/
18gw01u,,kd3h1m5,"Io faccio l’esatto opposto. Caffè d’inverno e tè caldo durante l’estate, entrambi rigorosamente senza zucchero.",Melon_Mann,2023-12-12T21:59:39,1,Italia,https://reddit.com/r/Italia/comments/18gw01u/cosa_bevete_al_mattino_prima_di_andare_a_lavorare/kd3h1m5/
18gw01u,,kd37k2h,"In estate essendo che fa caldo: moka da 2/3 amaro con poco latte
Inverno: una tazzina di tè verde oppure the nero al limone, tutto senza zucchero",misscioppi,2023-12-12T21:02:08,1,Italia,https://reddit.com/r/Italia/comments/18gw01u/cosa_bevete_al_mattino_prima_di_andare_a_lavorare/kd37k2h/
18dp1m6,,kd1ktfb,"Guarda, io mi sono trasferito in America a 20 anni 5 anni fa, da solo. Nel corso di questi anni, per la maggior parte bloccato in usa siccome stavo prendendo la greencard, ho realizzato tante cose. 
L’Italia e il sud europeo hanno una mentalità tutta loro. 
Per millenni le condizioni ambientali e climatiche del side europeo sono state molto più favorevoli che in altre zone del mondo. 
Per millenni uva, olive, grano e frutta sono cresciuti in italia senza troppo bisogno di lavoro fisico umano in confronto a paesi come la Germania in cui se non ti rompi le ossa a lavorare ti muori di freddo e di fame d’estate in inverno. 
Questa “fortuna” ha creato una civiltà basata non tanto sul lavoro fisico quanto sul lavoro mentale. 
Mentre in Germania i barbari si mangiavano a vicenda a Roma l’impero aveva filosofi, pensatori, politici e molti più ruoli intellettuali rispetto al resto del mondo. 
In poche parole gli italiani sono sempre stati bravi a parlare, a lamentarsi, a filosofeggiare i problemi e trovare soluzioni spirituali e civili più che tecniche e materiali. 
Purtroppo ci portiamo ancora dietro questa mentalità e per questo gli italiani in generale non sono così inclini al lavoro tecnico di corporations e mega aziende quando altri paesi lo sono. 
Non siamo cresciuti col bisogno di lavorare d’estate per sopravvivere d’inverno, ma semplicemente a goderci l’estate e anche l’inverno perché questo il clima del nostro paese ci ha consentito per millenni.",LoreKK97,2023-12-12T14:56:13,1,Italia,https://reddit.com/r/Italia/comments/18dp1m6/il_vero_problema_dellitalia/kd1ktfb/
18gex0u,,kd1f4rm,"Ho vissuto 4 anni ad Amsterdam per studiare all’università. Sono partito con il classico atteggiamento da diciottenne deluso del suo paese con la certezza di non tornare mai più in Italia. Dopo quattro anni era giunto il momento di mettere su la mia attività e nonostante tutte le difficoltà che ben conosciamo nel farlo in Italia ho deciso di tornare e stabilirmi qui. Se devo costruire qualcosa (il mio ambito di lavoro si occupa molto del benessere del prossimo) preferisco farlo nel mio paese, aiutare la mia comunità, tutto ciò nonostante le difficoltà. Aggiungo inoltre che i miei genitori hanno una certa età e voglio essere presente durante la loro vecchiaia invece che vederli un paio di giorni a Natale e una settimana d’estate.",TheRedKnightShadow,2023-12-12T14:15:43,2,Italia,https://reddit.com/r/Italia/comments/18gex0u/vivere_allestero_è_bello_ma/kd1f4rm/
18eqtuz,,kcy5j6n,"Appunto: I costi di lavorazione sono alti.
Se tu la marijuana la devi coltivare in serra con una giusta temperatura giusta luce, essiccarla nel giusto modo, i costi lievitano.
Poi se tu la coltivi solo d'estate e la vai ad essiccare al sole, buon per te",sixlaneve4_0,2023-12-11T21:18:31,1,Italia,https://reddit.com/r/Italia/comments/18eqtuz/perché_la_legalizzazione_della_cannabis_in_italia/kcy5j6n/
18fnhof,,kcxy5ma,"D'estate mangiamo la pizza tutte le domeniche in una pizzeria molto ""alla mano"", dove te la servono direttamente sul vassoio di cartone, non c'è il coperto e le pizze ancora costano na cosa quasi accettabile (5 la margherita, 7.50 la capricciosa)",GeneraleRusso,2023-12-11T20:34:07,1,Italia,https://reddit.com/r/Italia/comments/18fnhof/quanto_spesso_mangiate_fuori/kcxy5ma/
18fznk3,,kcxtlan,"Non mi è mai capitato di dover corteggiare ragazze per un motivo o per l' altro sono riuscito sempre a fidanzarmi/uscire con ragazze grazie ad amici e situazioni comuni. Fino a quest' estate che ho ""dovuto"" o voluto provarci, in quanto single e senza rapporti da tanto tempo. Sono andato a presentarmi e conversare con due tipe(ovviamente in due momenti diversi), la prima stupita perché, a sua detta, nessuno è mai andato a presentarsi ""sfacciatamente"" chiedendole se voleva uscire a farsi due passi o bere qualcosa (nonostante, a mio parere era una bella ragazza), ad ogni modo mi diede buca ![gif](emote|free_emotes_pack|facepalm) L altra ragazza da cui sono andato a presentarmi ecc. C e stata e siamo andati a berci una cosa, lei era da sola io con un gruppo di amici/amiche, parlando del più e del meno anche nelle uscite dopo (Spoiler: ci vediamo da agosto e tutt' oggi continuiamo) mi ha detto che non è venuta lei perché si prendeva male visto che eravamo in diverse persone a parlare e chiedermi di uscire/fare qualcosa. Vero? Non vero? Possibile, nemmeno io credo che sarei andato se era con un gruppo di amici e amiche, certo è che se ti interessa una persona cerchi di cogliere il momento in cui è sola. Bo sticazzi avevo voglia di scrivere non rileggo magari ho scritto sgrammaticato ma spero si capisca. Conclusione finale, gli uomini non ci provano spesso, o se ci provano lo vanno ad appoggiare in discoteca alle tipe ubriache. Palle in mano( non letteralmente pls) e andate a parlare alle tipe che vedete in giro se vi sembrano interessanti. Pace",LeftEveryone,2023-12-11T20:06:36,2,Italia,https://reddit.com/r/Italia/comments/18fznk3/e_vero_che_i_ragazzi_hanno_smesso_di_corteggiare/kcxtlan/
18fv6a8,,kcxkuem,"Non è assolutamente vero, te lo dico da ventenne

Non dico di vivere estraniato dal mondo, ma a 20km da una città è il meglio. Affitti bassi ma puoi velocemente raggiungere tutta la vita che si trova in città

Inoltre se trova un posto vicino ad un lago (Garda o Maggiore) avrà una enorme vita per tutta l'estate con dei posti ottimi anche di inverno. Ho girato molte città e molti locali ma il miglior cocktail bar che io conosca si trova in una topaia poco conosciuta, quindi non è necessariamente vero che si vive solo in città",DaviLance,2023-12-11T19:11:22,1,Italia,https://reddit.com/r/Italia/comments/18fv6a8/qualè_la_città_migliore_in_italia_è_come_fai_ad/kcxkuem/
18fb9nj,,kcx5gi4,"Vedi non è questione di età (BTW ho 37 anni, al tempo ne avevo 33, e avevo da un 8 anni almeno una VMC in casa BEN CONTENTO) anche perché le finestre in media MANCO LE APRO.

Però le uso alle volte perché devo passare qualcosa da dentro a fuori, perché gradisco la luce del sole quando c'è ecc. Non solo. Alle volte qualcosa si guasta. Per questo ho fatto una casa nuova, classe A, con VMC inizialmente a recupero passivo, poi termodinamica rendendomi conto dell'assurda (e costosa) scelta errata iniziale (maledicendo il termicista) MA ho anche messo una stufa a legna in salone (stagna, con aria primaria dal vuoto sanitario della casa, da appena 4kW ma a LEGNA intera), perché se tutto va storto ho modo di scaldarmi in inverno. Allo stesso modo se la VMC si guasta ho la possibilità di aprir le finestre. Per lo stesso motivo ho messo in garage avendo spazio due cubotti da 1000l con pompetta e pallone pressurizzato a pugno di gomma per aver acqua che dall'acquedotto riempie i cubotti con banale rubinetto a galleggiante, ma in casa mi arriva dalla mia pompa, escludibile se si guasta ovviamente, così:

 - non rimango senz'acqua in caso di problemi

 - ho l'acqua ad una temperatura abbastanza costante, non calda come piscio in estate, non gelida in inverno

 - non rischio danni da colpi d'ariete

ecc ecc ecc",ftrx,2023-12-11T16:41:38,2,Italia,https://reddit.com/r/Italia/comments/18fb9nj/non_è_il_reno_che_ci_separa_dai_barbari_è_la/kcx5gi4/
18fsikg,,kcwxufc,"Sono stato in una spiaggia nudista per la prima volta quest'estate con la mia ragazza a Corfù. Devo dire che nonostante fossi uno dei più giovani completamente nudo (27 anni), l'ho trovata un'esperienza  simpatica. Di sicuro da rifare ! L'unico problema sono state le erezioni involontarie, causate sopratutto in acqua dopo qualche bacino e abbraccio con la mia ragazza. Però dopo qualche bracciata sprint tutto apposto.",darklizard_46,2023-12-11T15:52:41,26,Italia,https://reddit.com/r/Italia/comments/18fsikg/avete_mai_provato_il_naturismonudismo/kcwxufc/
18fv6a8,,kcwrvex,"Pro: 
- Città da quasi 200k abitanti che la rende a misura d’uomo 
- Trasporto pubblico sufficiente e ciclabili ovunque (essere in pianura aiuta)
- Buona Università 
- criminalità bassa (anche se è peggiorata negli anni)
- vicina a Milano
- Stazione Alta velocità in cantiere
- Si mangia bene
- presenza di aziende importanti in quantità (Barilla, Chiesi, Dallara, robopac…)
- Affitti che sono aumentati ma rimangono ancora nel regime del sostenibile
- Alta qualità della vita
- Nonostante non sia una capitale europea è comunque abbastanza ricca di eventi durante l’anno (qualcosa da fare c’è sempre).
- La città è molto pulita, gli spazzini dell’IREN sono bravissimi lavorano H24.

Contro:
- Persone simpatiche come un tampone covid in culo di traverso (noi parmigiani non siamo conosciuti per la simpatia) e sì, abbiamo la puzza sotto il naso.
- Clima di merda: Freddo e pungente di inverno, caldo e afoso da Giugno a metà settembre, della serie se cammini per 100m d’estate devi farti una doccia quando torni.
- parlata di merda
- mentalità provinciale sotto alcuni punti di vista",PirateNo2827,2023-12-11T15:12:50,10,Italia,https://reddit.com/r/Italia/comments/18fv6a8/qualè_la_città_migliore_in_italia_è_come_fai_ad/kcwrvex/
18fnhof,,kcwnec4,"È molto difficile che vada a mangiare fuori, salvo ovviamente quei 10/14 giorni di vacanza in estate, per il resto è veramente raro che vada a mangiare fuori. Tralasciando che ho due amiche contate, non ho ancora la patente per andare dove voglio, anche per un fattore economico. Devo dire che tra tutti i posti da mangiare vicino casa mia il ""ristorante"" di Ikea è quello dove mangio bene e spendo davvero poco, diciamo che è il più fattibile",Forsaken_Foot_661,2023-12-11T14:41:09,1,Italia,https://reddit.com/r/Italia/comments/18fnhof/quanto_spesso_mangiate_fuori/kcwnec4/
18fsikg,,kcw5q28,"Si oramai ogni estate passo più tempo possibile in spiagge e laghi con zone apposite dove praticarlo senza dar fastidio ad altri

Se sei in Toscana nel caso ti posso consigliare un paio di posti.",radagast861,2023-12-11T12:07:42,7,Italia,https://reddit.com/r/Italia/comments/18fsikg/avete_mai_provato_il_naturismonudismo/kcw5q28/
18f2r6r,,kcvzib1,"Tutt'ora io mi sento in colpa quando prendo malattia, per motivi gravi sia chiaro.

Però in passato mi è capitato di sentirmi accusare di ammalarmi ""apposta"", purtroppo ho la dismenorrea quindi mi capita spesso di avere dolori così forti che mi capita di dover stare a casa anche 1/2 giorni al mese soprattutto in estate.
Mi hanno fatto stare talmente male che andai a lavorare lo stesso anche da malata.

Risultato?

Sono svenuta una volta per strada e un'altra in ufficio, la seconda volta ero addirittura sola perché la mia capa non ci stava, quindi ero là buttata in un angolo che non riuscivo manco a formare due parole per chiamare un ambulanza.

In realtà tu puoi anche prenderti malattia per un banale mal di testa o stress è un tuo diritto, il problema è questo paese dove si lavora per l'onore e per la gloria, manco per i soldi.

Ehh poi si sa le persone ogni tanto hanno sto brutto vizio di ammalarsi...",BlueEyes0WhiteDragon,2023-12-11T10:53:16,1,Italia,https://reddit.com/r/Italia/comments/18f2r6r/perche_abbiamo_paura_di_prendere_i_giorni_di/kcvzib1/
18fet22,,kcvwmvx,"ma cerrrrrto, lasciamo solo perdere che:

\-  nel 2020 e 2021 ci siano state un'enormità di manifestazioni contro Nethanyahu (che oltre a essere un fascista è un ladro e un corrotto e un incapace -- molte di queste proteste furono anche sulla gestione catastrofica del COVID), 

\- che quest'estate contro la riforma giudiziaria (n'altra fascistata) ci fossero ripetute manifestazioni di decine e decine di migliaia di persone, 

\- che dopo il 7 ottobre ci siano state manifestazioni e aperto dissenso per la gestione della crisi e degli ostaggi... 

e però ""sonobanana33"" ha sognato diversamente quindi niente, raga, a monte - se in Israele critichi il governo ti blindano.",_qqg,2023-12-11T10:14:44,3,Italia,https://reddit.com/r/Italia/comments/18fet22/che_ne_pensate_degli_stati_uniti_che_bloccano_la/kcvwmvx/
18fi152,,kcvl9yp,Nell’emisfero sud è estate,Unhappy-Stranger-336,2023-12-11T07:39:16,1,Italia,https://reddit.com/r/Italia/comments/18fi152/paesiposti_più_caldi_ditalia_in_inverno/kcvl9yp/
18f7jga,,kcukpw4,"Faccio l’ultimo anno di università, ormai non credo che valga la pena di cercare amicizie che nella migliore delle ipotesi dureranno solo nel periodo universitario… è quasi certo dovrò andare a vivere altrove per lavoro dal prossimo anno. La zona in cui vivo non ha particolari attività, anzi da quello che vedo non c’è proprio nessuna attività… solo il mare d’estate c’è… che però non è comunque una cosa che permette di conoscere gente nuova",AdventurousTie8034,2023-12-11T02:04:09,1,Italia,https://reddit.com/r/Italia/comments/18f7jga/per_chi_non_trova_la_ragazza/kcukpw4/
18f7jga,,kctaxg6,"Per ora, dato che devo terminare i miei studi universitari quest'estate, se tutto va bene, non posso spostarmi. Terminati gli studi suppongo che sarò costretto a spostarmi altrove per lavoro, anche se non so bene dove... 

Sui soldi diciamo che, ho sempre avuto paura di essere sfruttato solo economicamente quindi non tendo a mostrare questa cosa per fare colpo, perchè so che se si punta solo sui soldi finisce spesso molto male...",AdventurousTie8034,2023-12-10T20:57:04,2,Italia,https://reddit.com/r/Italia/comments/18f7jga/per_chi_non_trova_la_ragazza/kctaxg6/
18ca496,,kct6sux,"Avevo alcuni compagni di classe dell'Ohio, erano persone davvero gentili, ma non ci sono stato. Sono andato ad Ann Arbor (MI) una volta, ma durante l'estate. La mia impressione dalla tua regione è che fa molto freddo o sbaglio?",LiveFreeOrDie-IT,2023-12-10T20:31:40,1,Italia,https://reddit.com/r/Italia/comments/18ca496/vivo_in_svizzera_ma_ho_vissuto_anche_negli_stati/kct6sux/
18f7jga,,kct1voa,"Sono uno studente universitario e se tutto va bene completerò i miei studi entro questa estate, ho già una laurea. Nello studio ho ottenuto ottimi risultati, ma tutto questo sembra perdere ogni valore dal momento che sono impossibilitato a godere della vita nel momento in cui nessuna ragazza mi vuole. Questa mancanza la percepisco come tanto grande da annullare ogni mio successo e ogni cosa positiva che ci sia nella mia vita",AdventurousTie8034,2023-12-10T20:01:36,6,Italia,https://reddit.com/r/Italia/comments/18f7jga/per_chi_non_trova_la_ragazza/kct1voa/
18f7j31,,kcsa8ak,"Da almeno 15 anni quasi nessuno assume minorenni in estate, inoltre vivono in una zona dove non ci stanno tantissimi lavori estivi.",ItalianBest,2023-12-10T17:07:16,-2,Italia,https://reddit.com/r/Italia/comments/18f7j31/secondo_voi_questo_è_maltrattamento/kcsa8ak/
18f2r6r,,kcrmptb,"Ah si, quello è ciò che pensavo quando sono stato male l' estate scorsa ( era un periodo dove in tanti siamo stati male e/o in ferie, peró i turni continuavano ad essere disorganizzati,  poca gente per la mole di lavoro che avevamo).
Peró il mio senso di colpa era rivolto principalmente ai miei colleghi di turno che erano bravi e simpatici. Noi eravamo gli sfigati del secondo  turno, e se andava storto qualcosa nel primo, o mancava qualcuno, o mancava gente nel reparto confezionamento, eravamo nella merda.

Diciamo che io avevo la fortuna/sfortuna di avere ottimi colleghi. Peccato per la merda che era il secondo turno, perchè alla fine non era male li.",Vegetto_ssj,2023-12-10T14:16:59,2,Italia,https://reddit.com/r/Italia/comments/18f2r6r/perche_abbiamo_paura_di_prendere_i_giorni_di/kcrmptb/
18e9ta5,,kcnn5sp,"Spesso uno dei lati negativi di abitare nei paesini è proprio questo, i furti sono piú semplici da attuare visto che la densità abitativa è bassa e passi inosservato. I carabinieri servono piú paesi insieme e impiegano tanto tempo per arrivare.

Rubare in un condominio in città è fattibile ma qualche anno fa ci aveva provato un ladro ed è stato subito sgamato dall'anziano ummarell del primo piano. Soprattutto i condomini pieni di anziani o immigrati che per ragioni economiche non riescono ad andare in vacanza, d'estate hai sempre qualcuno che vigila.",Bakura92,2023-12-09T17:34:23,1,Italia,https://reddit.com/r/Italia/comments/18e9ta5/furti_in_casa/kcnn5sp/
18dq5oa,,kcnhlb5,"Io sono in condizioni simili alle tue, sebbene il mio problema non sia principalmente sulla memoria. Le categorie protette però dovevano affidarti a un tutor, con cui avresti dovuto fare un percorso per trovare un lavoro che ti avrebbe soddisfatto e che saresti stato in grado di fare. Per la cosa dell’ umiliazione io non la penso così, ti stai guadagnando il pane in maniera onesta, fai un lavoro fisico, che prevede anche sacrifici, come levatacce alla mattina e lavorare anche sotto la pioggia, vento, neve o sole cocente in estate. Se ti vergogni di dire che fai lo spazino perché suona poco figo, di che ti occupi di waste management. Ti abbraccio.",Cantarena,2023-12-09T16:59:15,1,Italia,https://reddit.com/r/Italia/comments/18dq5oa/31_anni_netturbino_categoria_protettami_sento_un/kcnhlb5/
18e9ta5,,kcmoost,"Successe anche dalle mie parti venti anni fa, guarda caso qualche mese dopo che aveva aperto un negozio di allarmi in paese; e, guarda caso, dopo che tutti nella mia zona si decisero a mettere l'allarme, tentativi di furto spariti, finiti, puff, come fino a quell'estate e come da quell'estate in poi. Insistevano poi, visitavano le stesse case più volte, se non riuscivano ad entrare facevano dispetti e danni fuori. Il complotto a cui credo di più, più di Marilyn Monroe che è stata suicidata, è che gli installatori di allarme non stavano facendo gli affari sperati perché in fondo la gente lo sapeva che dalle mie parti potevi letteralmente dormire con la porta aperta (scrivo letteralmente perché è capitato che siamo andati a dormire dimenticando il portone spalancato)",zuppaiaia,2023-12-09T13:34:43,15,Italia,https://reddit.com/r/Italia/comments/18e9ta5/furti_in_casa/kcmoost/
18e9bu8,,kcml9eg,"Scusa ma... Di solito al lavoro hai il parcheggio, il parcheggio in giro ti serve quando fai delle commissioni, che difficilmente durano giornate intere...

> una schiavitu di macchina

Dipende dall'uso, in termini generali OGNI auto nuova, sorvegliante e telecontrollabile è una schiavitù, ma in termini pratici, nuovo per nuovo, ad es. per il mio use case sono 1800€ di gasolio in meno l'anno, alcuni comfort extra:

 - ci alimento (poco, max 3kW) la casa in emergenza con la debole funzione V2L bricolata su un inversore di fonte che alimenta l'ACin dell'inverter principale di casa;

 - passo in alcune ZTL liberamente, ho a macchia di leopardo parcheggi gratis in zone ""blu"" ecc;

 - piacere di guida, con accelerazione da sportiva di gamma e guida lineare e sorniona al contempo;

 - faccio il pieno a casetta, ci sia sciopero od altro, in parte dal f.v. domestico ovvero a ripagare l'impianto;

 - d'estate accendo l'A/C da remoto e posso lasciarla accesa ORE per aver l'auto sempre fresca, consuma l'1% di batteria l'ora e anche parcheggiato non ""impesto di gas"" nessuno;

 - ho 230V@3kW max con me ovunque vada con l'auto, basta attaccare la presa T2 con ciabatta dall'altro lato, non che sia sto gran benefit, ma ad es. dovevo far dei buchi per spostare la cassetta della posta dove lo spazzaneve non la schiaccia e li ho fatti con un tassellatore elettrico, il mio trapanino a batteria non ce l'avrebbe fatta.

Alla fine tra gli incentivi (6000€ quando la presi, 7000€ quest'anno, a vedere l'anno prossimo) ed il risparmio carburante spendo come per una endotermica nuova, ed i bonus sono graditi.

Qui ci son stati vari scioperi dei benzinai, io non ho avuto problemi, non li avrei avuti comunque, ho 1000l di gasolio in cubotto in garage, ma per dire, potevo muovermi ovunque senza scioperi. L'ho usata UNA volta per alimentare casa, per ora quindi non utilissimo, ma con un mondo sempre meno stabile dei servizi... Ci parcheggio gratis in città quando torno a trovare i miei e trovo qualche parcheggio in costa anche in estate, l'A/C da remoto la uso parecchio in estate. Nel 99% dei casi carico in casa, altrimenti ho rapide autostradali ovunque vada, in Italia costosissime in Francia convenienti che in 10' mi dan quel che serve per completare il viaggio. Non la vedo granché schiavizzante.",ftrx,2023-12-09T13:01:58,3,Italia,https://reddit.com/r/Italia/comments/18e9bu8/tagliando_parcheggio_disabili_si_o_no/kcml9eg/
18ea4t1,,kcmaqs5,semplicemente non avrai fatto un cazzo e avrai passato l'estate (abbondante) a fumare. Potrebbe essere anche il motivo per cui i tuoi famigliari hanno rotto i legami con te.,85francy85,2023-12-09T10:53:56,1,Italia,https://reddit.com/r/Italia/comments/18ea4t1/ho_appena_realizzato_di_non_ricordare/kcmaqs5/
18dmcmd,,kcjk58m,"Si, chiamasi ""Donne"".

In inverno tutte coperte, in estate tutte nude.

*laughs in facebukke boomer joke*",1_d4d5-2_c4,2023-12-08T20:01:41,1,Italia,https://reddit.com/r/Italia/comments/18dmcmd/esistono_piante_che_perdono_le_foglie_destate/kcjk58m/
18dtptq,,kcje5cv,"A mio Zio piaceva sudare, d’estate in auto non abbassava i finestrini, e zero aria, aveva anche una sauna in bagno, ma stare in macchina con lui era peggio del bagno turco!",Babydrive90,2023-12-08T19:23:04,1,Italia,https://reddit.com/r/Italia/comments/18dtptq/quali_sono_le_cose_più_strane_che_vi_rendono/kcje5cv/
18dtptq,,kcjdr4u,Entrare in una macchina parcheggiata al sole d'estate,LegitimateMission6,2023-12-08T19:20:34,3,Italia,https://reddit.com/r/Italia/comments/18dtptq/quali_sono_le_cose_più_strane_che_vi_rendono/kcjdr4u/
18dmcmd,,kci1aac,"Molte piante annuali come le graminacee (o alcune solanacee come le patate) hanno un ciclo detto autunno vernino ovvero che (in pochissime parole) vengono piantate in autunno e raggiungono la maturità (e in seguito la senescenza, che puoi vedere come una caduta delle foglie) in estate. Per quanto riguarda le poliennali non ne conosco, anche perché biologicamente parlando non ha molto senso per una pianta poliennale vegetare d’inverno.",hallcourtney,2023-12-08T13:59:16,2,Italia,https://reddit.com/r/Italia/comments/18dmcmd/esistono_piante_che_perdono_le_foglie_destate/kci1aac/
18d6scb,,kchof3o,"> Il mio punto è, non c’è un modo per spendere 2,5 miliardi riducendo il fabbisogno nazionale di 1,5GW piuttosto che spenderli per aumentare la produzione? Secondo me si.

Il tuo è un punto ragionieristico, di quei ragionieri che ci han portato al massacro e continuano a non capire perché. Non riusciremo MAI a convergere ad elettrico SOLO con nucleare e rinnovabili, ridurre i consumi è necessario. Il punto è che non abbiamo abbastanza risorse. Il petrolio si stima basti ancora per un venti anni, il gas forse per 40, il carbone più o meno anche. Non ci vorrà di meno per cambiare.

Non è che possiamo produrre tanto da commerciare energia o ridurre i consumi tanto da poter andare a rinnovabili, senza stoccaggi validi peraltro.

Per questo dobbiamo investire in nucleare IN MASSA, nucleare SOLO PUBBLICO (per questo la Francia ha ricomprato EDF mandando a cagare l'UE che non voleva. Per garantire energia per fornire energia, non per far stra guadagnare qualcuno, e no, non abbiamo al momento alcuna altra via nota e tentabile. NON POSSIAMO ALIMENTARE IL PAESE già ai consumi attuali per capirci.

> Per quanto riguarda il consumo di carne, mi fa strano osservare che una persona informata come te non sappia che quella dell’allevamento è una delle industrie più energivore a livello globale. Tralasciando le emissioni di co2, che sono in verità il problema principale, allevare un animale per anni ha un consumo notevole di energia ed è uno dei modi più inefficienti di produrre proteine per l’alimentazione umana.

Siccome sono sia informato che razionale so che queste sono PALLE partorite da PR interessate per uno scopo preciso: togliere la possibilità di produrre cibo a piccoli e medi soggetti, accentrandolo in mani giganti. Con la scusa dell'inquinamento, come le rinnovabili sono spinte con la scusa dell'ecologia, che è una scusa, il motivo per cui si spingono è industriale e nient'affatto ecologico. Vedi allevare è FACILE e si fa un po' ovunque nel globo. Questo permette a chiunque di produrre un po' di cibo. Controlla il cibo e controllerai l'umanità. Come lo controlli? Con l'entomofagia, le proteine coltivate ecc perché quelle il piccolo non le fa. Le fa solo il gigante che controllando queste controlla il mondo: se ti ribelli non mangi e hai perso le filiere medie e piccole sparse che ti permetterebbero di mangiare durante una rivolta. Come Industrie 4.0 serve a togliere il controllo delle produzioni a tutti meno i giganti, che grazie al modello IoT controllano di fatto da remoto ogni prodotto, quindi decidono quando si guasta, quando e quanto va ecc e in caso di rivolta la tua auto non muove. Questo peraltro non è una teoria, è DICHIARATO ufficialmente dall'internazionale nazista, nelle persone di Klaus Schwab all'ultimo G20 ad es. Solo fa comodo aver un esercito di popolino leboniano che crede altro e associa a folli credenti di scie chimiche e rettiliani chiunque legga, rifletta e lanci l'allarme.

Il mio f.v. in termini ragionieristici fa più energia di quella che consumo. Peccato che fa un 50% scarso dei miei consumi, perché lui fa energia SOLO quando c'è il sole ed io cerco di concentrare i consumi quando c'è il sole, ma più di tanto non posso e ad es. a questa stagione che il f.v. fa qualche kWh/giorno appena sono i giorni che consumo di più per scaldarmi e che l'auto consuma di più per la perdita di efficienza della batteria col freddo. Per questa banalità che i più non capiscono non puoi avere reti da rinnovabili, puoi solo col f.v. abbattere i picchi di consumo diurni, ad es. da A/C in estate. NON OLTRE. E questo lo puoi fare se tutti viviamo in case nuove fatte per questo scopo e abbiamo un po' di stoccaggio domestico per ammettere rolling blackouts senza danni per quando comunque non riusciamo a tener tutto su da rete. Questo è il mondo reale, il resto sono fantasie pseudoscientifiche coltivate e diffuse per farsi servi della gleba fanatici come lo erano i figli della lupa durante il fascio.

Oggi dobbiamo convergere ad elettrico per vivere, perché questa è la tecnologia che abbiamo matura ed usabile, per farlo dobbiamo abbattere i consumi, per farlo serve costruire A NUOVO ogni civile abitazione, mentre l'industria evolve allo stesso modo di conseguenza, seguendo il bisogno primario, la vita umana. Per questo serve nucleare in massa prima possibile e f.v. in massa prima possibile. Tutto DI PARI PASSO, al ritmo giusto per arrivare a quasi-finire i fossili quando siamo pronti a quasi terminare il loro utilizzo e si, prende decenni, e no, la carne è una cosa politica che NON ci serve affatto ridurre né eliminare.",ftrx,2023-12-08T12:03:53,2,Italia,https://reddit.com/r/Italia/comments/18d6scb/ormai_è_troppo_tardi_per_triplicare_il_nucleare/kchof3o/
18cx7wh,,kchl18o,"Di botto, comprato e buttato il pacchetto.
Ormai non so da quanto non fumo sicuro più di 11 anni, ti consiglio l'applicazione quit now perché ti tiene il conto di quanto risparmi .

Il primo anno ho messo da parte tutti i soldi delle sigarette non fumate e mi son fatto una vacanza coi fiocchi.

Ho letto anche il libro ""è facile smettere di fumare..""
Ha aiutato la prima volta che ho provato, ma la seconda invece è stato di botto spinto solamente dal fatto che non mi piaceva più.

Comunque non sottovalutare mai in vizio qualche sera di estate dopo una birra ancora mi verrebbe da fumare.",TylerItamafia,2023-12-08T11:25:18,2,Italia,https://reddit.com/r/Italia/comments/18cx7wh/exfumatori_come_avete_fatto_a_smettere/kchl18o/
18bnh1c,,kch7hge,"Qua scherzate tutti ma non esistono più nemmeno le stagioni, altro che mezze, c'è solo inverno rigido ed estate impossibile",Faz420_,2023-12-08T08:19:22,1,Italia,https://reddit.com/r/Italia/comments/18bnh1c/che_due_coglioni/kch7hge/
18crmif,,kcfbkud,"A me fanno girare il cazzo le persone per cui d'estate con 10000 gradi fuori non si può tenere il condizionatore a 25° perché eh ma insomma lo sbalzo termico fa male, e poi quando esci lo senti di più, soffro di cervicale e via puttanando e poi godono con le temperature delle Bermuda d'inverno. 

È LA STESSA COSA PORCHIDDIO",tartare4562,2023-12-07T22:46:55,1,Italia,https://reddit.com/r/Italia/comments/18crmif/ho_caldo/kcfbkud/
18crmif,,kcei1kx,"Perché tutti vogliono combattere il riscaldamento globale, ma nessuno vuole abbassare il riscaldamento d'inverno o l'aria condizionata d'estate.

È così in tutti i luoghi pubblici e in moltissimi privati, tutti danno la colpa agli altri ma alla fine in ogni locale/mezzo la manovella c'è e basterebbe girarla (ovviamente deve essere fatto da chi gestisce il locale, ma se gli fai notare la cosa ti dirà che è colpa di altri e via così).",robertogl,2023-12-07T19:41:14,1,Italia,https://reddit.com/r/Italia/comments/18crmif/ho_caldo/kcei1kx/
18ctqj0,,kce1pil,Ora siamo in inverno ma d’estate che fa giorno alle 5 quelle persiane fanno passare tutto,TidderRocco,2023-12-07T17:32:11,1,Italia,https://reddit.com/r/Italia/comments/18ctqj0/non_dormo_ma_non_e_colpa_mia/kce1pil/
18celhs,,kce1clb,"Grazie per il consiglio, di estate tra sudore e minkie varie sarebbe brutto .",Crafty_Pension9484,2023-12-07T17:29:57,1,Italia,https://reddit.com/r/Italia/comments/18celhs/mi_devo_circoncidere_e_sono_piuttosto_spaventato/kce1clb/
18celhs,,kce061a,"Se sai di doverlo fare ti direi fallo di inverno, d'estate con mare e cose deve essere moolto peggio",I_mean_bananas,2023-12-07T17:22:34,1,Italia,https://reddit.com/r/Italia/comments/18celhs/mi_devo_circoncidere_e_sono_piuttosto_spaventato/kce061a/
18cv13j,,kcdi1zu,Senza neve i fiumi e i laghi rimarranno senza acqua per l'estate (che usiamo per produrre corrente elettrica).,StrongFaithlessness5,2023-12-07T15:26:53,10,Italia,https://reddit.com/r/Italia/comments/18cv13j/linverno_2023_sarà_caldissimo_tutta_colpa_di_el/kcdi1zu/
18crmif,,kcd8q50,"Ceeeerto, come quando entro in certi supermercati e c'è il gelo polare d'estate xD Se pensi davvero che i vari ""posti"", che possono essere dal negozio al mezzo di trasporto, rispettino le leggi per quanto riguarda la temperatura nei vari esercizi, sei un povero illuso.  


Una volta sono entrato in un Aldi ed in pieno agosto stavo gelando. Sono anche stato male dopo. Idem quando poi puntualmente vai in un supermercato d'inverno. Devo girare a maniche corte e rischio ancora di sudare.",Braghez,2023-12-07T14:20:57,1,Italia,https://reddit.com/r/Italia/comments/18crmif/ho_caldo/kcd8q50/
18crmif,,kccylwm,"Così come l'aria condizionata a palla in estate, sicché devi portarti dietro un trolley di vestiti per cambiarti dentro e fuori.",Laurer93,2023-12-07T12:57:22,3,Italia,https://reddit.com/r/Italia/comments/18crmif/ho_caldo/kccylwm/
18crmif,,kccxym8,"Nella mia università, questa estate - l'intera estate, c'era un freddo terribile. Qualcosa tipo 19°C, mentre fuori si cuoceva a 33°C. Decine di persone ogni giorno - studenti e professori - sono andate a lamentarsi della temperatura. 

La ragione addotta dalle segreterie (che sia vera o falsa)?

È cambiata la ditta che faceva la gestione e manutenzione dell'impianto di condizionamento, ed i vecchi gestori si sono dimenticati (o rifiutati?) di dare le password necessarie per accedere al sistema di controllo ai nuovi gestori.",Hunangren,2023-12-07T12:51:22,1,Italia,https://reddit.com/r/Italia/comments/18crmif/ho_caldo/kccxym8/
18bztne,,kccvpbp,Due amici miei vanno a Stoccolma d’estate sognando conquiste vichinghe. Attaccano bottone con due tipe che gli propongono di andare in discoteca. I due giovani chiamano e pagano un taxi pieni di speranze. Arrivato li le due gli presentano i fidanzati …,olddoglearnsnewtrick,2023-12-07T12:29:31,1,Italia,https://reddit.com/r/Italia/comments/18bztne/pali/kccvpbp/
18crmif,,kccughf,I pullman in estate erano meglio quando c’era lui che aprivi i finestrini e ba si autoregolava tutto anche il fetore,xxxgoblin,2023-12-07T12:16:51,3,Italia,https://reddit.com/r/Italia/comments/18crmif/ho_caldo/kccughf/
18c0gpt,,kccknds,"Prendo 8 euro l'ora, contratto da 24 ore, ma ne faccio 30 effettive nei mesi grossi e prendo gli straordinari, molto stressante, orari spezzati che effettivamente ti fottono l'intera giornata, prendo intorno agli 800€, non essendo una zona attiva d'estate, in quel periodo arrivo a prendere 600 per via del taglio delle ore. Non mi resta quasi niente, per fortuna non sono in affitto, altrimenti veramente non avrei I soldi.",ShirouBlue,2023-12-07T10:16:07,1,Italia,https://reddit.com/r/Italia/comments/18c0gpt/quanto_guadagna_un_cameriere_in_italia/kccknds/
18c4gmc,,kccis1j,"Lavoro nel turismo, 48h a settimana in inverno e 60h a settimana in estate senza giorno libero. Lo stipendio nemmeno ve lo dico ma non arrivo ai 1200 euro (in inverno) in estate prendo di più ma non ho appunto il giorno libero che dovrebbe essere diritto di ogni cristiano. Sono una di quelle che il salario minimo lo avrebbe gradito eccome ma  in Italia sembra un discorso troppo difficile da applicare quando in Spagna e' gia' una realta'. Non vedo la difficoltà nel decidere di introdurre il salario minimo abbattendo i costi sul lavoro per le aziende introdurre dei controlli seri sul lavoro e aggiornare gli stipendi del CCNL fermi agli anni 90. 
Poi ci lamentiamo dell'aumento della fuga di cervelli e facciamo propaganda contro il calo delle nascite. Come cazzo fai a fare un figlio con sti stipendi di merda. A 30 anni continuo a procrastinare di metterne al mondo uno perché non riesco manco a mettere da parte qualcosa di quello che guadagno.",Honeyyumii,2023-12-07T09:49:28,2,Italia,https://reddit.com/r/Italia/comments/18c4gmc/niente_salario_minimo/kccis1j/
18crmif,,kccikon,"Immagino che sia analogo a come d'estate c'è un freddo polare in alcuni luoghi, a quanto ho capito non sono cose che si possono regolare ma solo accese o spente. Quindi d'estate per non far morire di caldo fanno patire il freddo e d'inverno per non far andare in ipotermia la gente fanno fare la sauna (correggetemi se sbaglio). Detto questo è sicuramente una cosa esagerata anche perché poi viene da tenere le finestre aperte nella speranza di stare meglio.",Emi_432,2023-12-07T09:46:35,15,Italia,https://reddit.com/r/Italia/comments/18crmif/ho_caldo/kccikon/
18crmif,,kcchnj7,"Si, allucinante. Mentre gradisco il freddo polare in estate capisco molto di meno il caldo equatoriale d'inverno.",Complex_Sink_7041,2023-12-07T09:33:27,2,Italia,https://reddit.com/r/Italia/comments/18crmif/ho_caldo/kcchnj7/
18crmif,,kccgtpy,"Generalmente sono quelli che si lamentano per il clima non a palla in estate.

PS sono uno di quelli. Ho caldo.",Over_Thinker_01,2023-12-07T09:21:17,3,Italia,https://reddit.com/r/Italia/comments/18crmif/ho_caldo/kccgtpy/
18c0gpt,,kccfw64,">Non si rende conto che, a parità di mansione, prima gli stipendi erano più alti anche del 50% matematicamente parlando, aggiungici poi che 1 euro di oggi non equivale a 2000 lire degli anni 70, ma a meno di 1000 per via dell'inflazione e di quanto tutto costi molto di più. Per farti il paragone stupido, in quegli anni un operaio poteva permettersi due auto in famiglia, casa in città e casa di campagna/mare o quel che è, poteva tranquillamente crescere anche 3 figli e in estate tutta la famiglia meno il padre stava 2 o 3 mesi in villeggiatura. Per avere lo stesso tenore di vita adesso (con gli adattamenti del caso) ci vorrebbero ALMENO 5k netti al mese (e forse non sono neamche abbastanza), che ovviamente un operaio non potrà vedere né ora né mai  


Con 5k al mese quella vita non la fai neanche per sbaglio, a meno di non avere ingenti capitali e la prima casa già pagata.  
Io ne prendo qualcosa di più della metà, che già è il doppio dello stipendio medio, ma vivo comunque in un bilocale di provincia.  
Essendo partito da 0 ed avendo poche prospettive di arrivare in pensione decentemente tutto lo stipendio va in casa, auto per andare a lavorare, risparmi per il futuro che lo stato non mi garantisce.  
Non dico di fare una brutta vita, ci mancherebbe, ma se dovessi prendere un quadrilocale come quello di mia madre, oggi mi costerebbe almeno 1000 euro al mese per 30 anni, più spese condominiali, più manutenzione, più spese di gestione e bollette più alte. Con due conti a spanne spendere circa 1500 euro solo per la casa, per 30 anni. Dire che è infattibile è poco.",DashUP_,2023-12-07T09:07:41,2,Italia,https://reddit.com/r/Italia/comments/18c0gpt/quanto_guadagna_un_cameriere_in_italia/kccfw64/
18c0gpt,,kccds0j,"Questa estate lavorai come cameriere in un pub famoso nel mio paese per un mese e mezzo durante la ""festa della birra"" che durava circa una cinquantina di giorni. Per dirvi facevano più di 1000 coperti a sera, in serate intense anche 2000, e facevano cena, birre e tutto, insomma classico di un pub.

Fortunatamente lavoravo solo 5 ore a sera in cui letteralmente MI ROMPEVO IL CULO per correre avanti e indietro come un maratoneta, con il capo che appena provavi a sederti un secondo per riprendere fiato o andare in bagno ti insultava e clienti maleducati.

Tutto questo per la modica cifra di 6 euro l'ora con violenza psicologica per qualsiasi giorno di assenza per un qualsiasi motivo, lavorando ogni sera ho tirato fuori 700 euro, che non valgono la metà di quello che ho lavorato.

Infatti non vedo l'ora di mandarlo a cagare quando mi richiamerà l'anno prossimo.",ITz_VyPer,2023-12-07T08:36:54,2,Italia,https://reddit.com/r/Italia/comments/18c0gpt/quanto_guadagna_un_cameriere_in_italia/kccds0j/
18c7anx,,kccctqd,"Ho lavorato nel campo della ristorazione, e non ti puoi neanche immaginare quante persone non si presentano all’ultimo perché hanno trovato di meglio, e soprattutto senza avvertire. Purtroppo la gente pensa che se non si presentano al ristorante dove hanno prenotato non ci sono problemi come invece ci sarebbero dal dentista, facendo così perdere all’imprenditore diversi soldini, in particolare in serata come quella di capodanno/ferragosto eccetera. 
Io lavoravo d’estate, e puntualmente tutte o quasi tutte le sere almeno 5-6 coperti facevano no show, la stragrande maggioranza di loro senza neanche comunicare e quando li chiami ti staccano in faccia.
Non so dunque se riesco ad incolpare totalmente li’mprenditore",Budget_Rock7587,2023-12-07T08:23:28,2,Italia,https://reddit.com/r/Italia/comments/18c7anx/capodanno_e_cenone_è_giusto_pagare_prima_lintera/kccctqd/
18c4tqf,,kccas6z,È una questione che in estate si suda di più... oltre l'estetica,Eryenn9,2023-12-07T07:55:48,3,Italia,https://reddit.com/r/Italia/comments/18c4tqf/come_vi_depilate_il_palo/kccas6z/
18c0gpt,,kcc3ry0,"2020, 7 giorni su 7 in un albergo 4 stelle. 
Avevo 16 anni ed è stato il mio primo lavoro estivo, da contratto mi aspettavo molti più soldi (ora non ricordo quanto, una roba tipo 800€ almeno).
Finisce luglio (ho lavorato due settimane a giugno, che sono state considerate ""di prova"" fino a fine agosto) mi chiamano in reception e mi viene detto dal responsabile ""normalmente non paghiamo chi è senza esperienza, ma tu ti sei impegnata molto"" e mi danno 400€.
Inutile dire che l'anno successivo non ci sono tornata, anche se hanno provato a ricontattarmi. La stessa estate avevano provato anche a chiedermi di continuare a settembre, ma avevo la scusa della scuola.",aarnesss,2023-12-07T06:27:58,2,Italia,https://reddit.com/r/Italia/comments/18c0gpt/quanto_guadagna_un_cameriere_in_italia/kcc3ry0/
18c0gpt,,kcal7gc,"Per ora diciamo ho trovato quello che qui da noi in Sicilia viene considerato oro ma dovrebbe essere la normalità ovvero

Messo in regola con CCNL stipendio base netto sui 1300, purtroppo stagionale quindi questo ""oro"" vale solo per circa 4/5 mesi, ovviamente contributi, 13esima, 14esima ecc. 

Ore di lavoro in media 8/10 con ma la cosa più fastidiosa erano gli spezzati. In estate mi sono capitate 3 settimane di fila di spezzati con orario 11/17 e 18:30/23 che ovviamente non solo sono stancanti ma ti riempiono ogni spiraglio possibile per fare qualcosa e la mattina si è troppo stanchi. 

Giorni liberi minimo 1 a settimana sempre assicurato che in certi casi diventano 2 perché usiamo molto ""volontariamente"" le nostre ferie(se non si fosse capito per evitare che chi vuole prende le ferie in pieno agosto praticamente i giorni annuali proporzionati ai mesi di contratto vengono circa 3/4 giorni al mese di ferie) 

Fuori dalla stagione quindi di solito il periodo da ottobre ad aprile se c'è lavoro sempre qui vengo assunto anche per la giornata ma altrimenti qui siamo veramente nel Far West. Tutti in nero e se comunque sai un minimo ti prendi quei 50€ in nero spaccandoti il culo. 

Ovviamente diciamo che lo faccio principalmente per avere qualcosa di soldi mentre faccio l'università e non dover chiedere soldi ai miei ma personalmente non lo farei manco per 2000€ al mese. Si tratta di un lavoro logorante prima di tutto fisicamente ma mentalmente non ne esci sano.",Castigames69,2023-12-06T23:11:23,2,Italia,https://reddit.com/r/Italia/comments/18c0gpt/quanto_guadagna_un_cameriere_in_italia/kcal7gc/
18ca496,,kcakx23,"Questa è una domanda molto difficile a cui rispondere, dipenderà dai tuoi gusti e dalla tua professione.

Ad esempio, dove ho vissuto (Vermont e New Hampshire) la qualità della vita è molto alta, le persone sono molto educate e attente, la sicurezza è al 100%, ma l'inverno è stato molto rigido. Non ho vissuto in Texas ma lo conosco bene e ci vado una volta ogni due anni (Dallas - Fort Worth) perché ho dei parenti lì. L'inverno è super piacevole, ma l'estate è infernale, con diversi giorni di 40°C! Il Texas è uno dei migliori “value for money” che puoi avere poiché gli stipendi sono buoni e il costo della vita è ragionevole. Anche le persone sono molto gentili. TUTTAVIA, se chiedi a un americano di Boston o New York, dirà che non vivrebbe mai in Texas a causa della ""mancanza di cultura"". 

Il posto che più mi è piaciuto visitare e in cui mi piacerebbe vivere sarebbe la California. Ma lì bisogna andarci con un buon lavoro perché il costo della vita è molto alto. Ad esempio, un mio collega, che era già sposato e aveva due figlie, ha ricevuto un’offerta di lavoro relativamente buona, ma ha pagato 5.000 dollari di affitto per una casa situata in un quartiere di classe medio-alta. Il motivo per cui era costoso era perché il quartiere aveva scuole pubbliche di qualità.

Qui in Svizzera i punti negativi sono l'atteggiamento un po' chiuso e solitario degli svizzeri e il mercato immobiliare che è strutturato in modo tale che l'affitto è più vantaggioso. Anche il codice della strada molto rigido, soprattutto per quanto riguarda l'eccesso di velocità. 😅",LiveFreeOrDie-IT,2023-12-06T23:09:23,3,Italia,https://reddit.com/r/Italia/comments/18ca496/vivo_in_svizzera_ma_ho_vissuto_anche_negli_stati/kcakx23/
18c1u0j,,kcakmmc,"lui? molto carino. era una persona normalissima. la sua famiglia (i genitori più che altro) forse un pò meno. in più aveva due cani che mi amavano e mi mancano tropp.

l’esperienza in se è stata una figata. ero in exchange in uk e lui ci ha provato con me dal momento stesso in cui mi ha visto ad una festa a caso del campus. ci siamo sentiti per qualche mese, in cui io pensavo anche fosse povero (però vabbeh, non pensavo neanche fosse fidanzato all’inizio della nostra frequentazione, guarda quante cose si possono sbagliare).
dopo i primi due mesi mi invita nella sua casa a londra mentre eravamo in disco, e qualche giorno dopo mi ritrovo in sta casa che sarà valsa giusto qualche decina di milioni, con 6 piani, saunee, giusto qualche quadro di pittori che normalmente trovi nei musei, etc.
ci siamo messi assieme ufficialmente quando ormai stava finendo l’exchange. ho insistito per tenere la relazione meno seria visto che a londra ci torno per il master’s, mica prima, ma stava rompendo i coglioni da mesi che era pronto alla distanza etc (mi ha mollato due mesi dopo a sanvalentino quando ero da lui a londra perchè non è in grado di gestire la distanza. like cmon, bffr, era proprio quello che volevo evitare).

poi è anche tornato d’estate e l’ho mandato a fanculo. però lo ringrazio molto perchè ho vissuto un exchange fantastico, perchè mi ha fatto vivere esperienze che il 99.99% delle persone non vivranno mai, e perchè mi ha fatto sentire amato.

comunque queste famiglie sono super complicate all’interno ed hanno una quantità di drama che non vale i soldi che hanno.",ImRiven_,2023-12-06T23:07:23,8,Italia,https://reddit.com/r/Italia/comments/18c1u0j/quanti_di_voi_sono_stati_con_un_vip/kcakmmc/
18c0gpt,,kca72af,"Io in estate facevo circa 19-02 (variabile l'orario di chiusura, sempre almeno 00.30) a 35€ a sera.

0 contratto e 0 giorni di pausa (per lo meno, io ci andavo proprio nelle due tre settimane clue di agosto, chi lavorava lì fisso forse un giorno lo saltava, se voleva).",BullfrogLaw,2023-12-06T21:41:26,2,Italia,https://reddit.com/r/Italia/comments/18c0gpt/quanto_guadagna_un_cameriere_in_italia/kca72af/
18c4tqf,,kc9y91w,"D'estate per la prima volta mi sono depilato proprio là sotto col rasoio elettrico, perché avevo troppi peli e iniziavano a darmi fastidio, anche perché mi ritrovavo sempre le mutande iper-sudate pure non facendo nulla.",Lukic_01,2023-12-06T20:48:25,1,Italia,https://reddit.com/r/Italia/comments/18c4tqf/come_vi_depilate_il_palo/kc9y91w/
18c0gpt,,kc9y1cy,"2018, 1 mese e mezzo d'estate, 3 o 4 giorni di riposo massimo per tutta la durata del contratto. Mai fatto il cameriere il vita mia, in sala ero completamente da solo ad eccezione del proprietario 70enne che prendeva le comande con una flemma che non vi dico.

Orari: dalle 8 e mezza (la mattina pulivo tutta la sala e il dehor, cessi compresi) fino a che non se ne andava l'ultimo cliente la sera, a volte anche 12h o più di lavoro totali. Mezz'ora di pausa la mattina per fare pranzo, un paio d'ore (se andava bene) di pausa al pomeriggio compresa la cena.

Paga: 800 al mese, 1200 totali. Ho anche dovuto pagare di tasca mia lo strizza mocio che mi si è sbriciolato in mano, probabilmente era più vecchio di me.

Puoi mandare gentilmente a fare in culo il tuo interlocutore da parte mia? Grazie.

P.s: a fine stagione abbiamo aperto il barattolo delle mance e il capo ha voluto la sua parte.",_D0llyy,2023-12-06T20:47:10,2,Italia,https://reddit.com/r/Italia/comments/18c0gpt/quanto_guadagna_un_cameriere_in_italia/kc9y1cy/
18bgpe5,,kc9wkok,"Eh conta che io sono stato sedentario per anni e anni, quindi partivo veramente da zero.

Sulle lunghe distanze il mio problema principale è gestire l’idratazione e gli elettroliti perché sudo parecchio, ma se bevo troppo mi appesantisco e/o mi vengono i crampi, se bevo troppo poco dopo un po’ inizio a fare una fatica immane e ho seri problemi a recuperare, infatti d’estate cerco di evitare distanze sopra i 70km a meno che non sia in montagna, quindi al fresco.

Come passo (in piano) sui 100km nei lunghi vado a 5-5:10/km, in gara non ti so dire con esattezza su quella distanza ma ora come ora penso di riuscire a correre andando sui 4:30/km, forse 4:20.",tabascobukkake,2023-12-06T20:38:20,1,Italia,https://reddit.com/r/Italia/comments/18bgpe5/sportivi_dove_siete/kc9wkok/
18c0gpt,,kc9ifil,"Esperienza personale ( zona versilia toscana) 

2021 Prima esperienza 7€/h per per 15g di ferragosto a  nero 
2022 prima stagione sempre 7€/h + 13esima e 14esima 
2023 seconda stagione in altro posto non lavoraro piu a ore ma misi d'accordo con i propietari 1800€/ mese + mance che in media erano +/-150€ al mese 
Adesso lavoro ancora nello stesso poso ma solo due servizi a settimana ( sabato e domenica ) per 70€/ servizio 
Gli orari sono di solito 17.30-00.30-/01:00 ( con qualche eccezione) 
Lavoro solo estate perché sono ancora studente universitario.",-youssef002-,2023-12-06T19:11:45,2,Italia,https://reddit.com/r/Italia/comments/18c0gpt/quanto_guadagna_un_cameriere_in_italia/kc9ifil/
18c0gpt,,kc9fixe,"Piccolo ristorante, fine settimana autunno e primavera, 7 giorni su 7 luglio-agosto. 40-50 a servizio dalle 18 a chiusura, raramente dopo l'1. 
In estate spesso con doppio turno se c'è necessità. Ci lavoro da 3-4 anni e non mi lamento minimamente considerando che tutto ciò che so fare riguardo alla ristorazione l'ho imparato lì.
Il primo anno ovviamente ho preso un po' meno perché sapevo fare molto poco, per poi scalare col tempo.
Tutti i ragazzi che conosco prendono lo stesso e nessuno si lamenta.",TheCoder02,2023-12-06T18:53:35,2,Italia,https://reddit.com/r/Italia/comments/18c0gpt/quanto_guadagna_un_cameriere_in_italia/kc9fixe/
18b8tfx,,kc9cw9e,"Io quest'estate, in cui ho fatto più corsa, andavo il più possibile vicino al tramonto per non morire di caldo lol. Al momento sto seguendo un piano su trainingpeaks, sono più o meno a metà e per ora devo dire che è interessante.",davi799,2023-12-06T18:37:18,1,Italia,https://reddit.com/r/Italia/comments/18b8tfx/quanti_di_voi_riescono_a_correre_per_almeno_30/kc9cw9e/
18c0gpt,,kc96sje,"Ho lavorato per un paio d'anni in un ristorante del mio paese che d'estate arrivava anche a 500 coperti a sera (pizzeria e braceria) quindi molto grande e strutturato:

con circa 5 anni di esperienza e orari dalle 17:30 fino a chiusura (1:00, 1:30 circa) e guadagnavo quasi 1500 euro al mese.

Nella mia zona (centro Italia) non erano pochi ma nemmeno tanti, in definitiva non ne valeva la pena infatti ho proprio cambiato settore lol",Bobetto-San,2023-12-06T17:59:12,2,Italia,https://reddit.com/r/Italia/comments/18c0gpt/quanto_guadagna_un_cameriere_in_italia/kc96sje/
18bztne,,kc920l0,"Palo 1:
Ero in terza superiore(2018) e uscendo con un mio amico conosco questa ragazza e ho un colpo di fulmine e non sapendo come approcciarla lascio stare finché non chiede al nostro amico se qualcuno bravo in informatica potesse aiutarla e da allora iniziamo a parlare e a uscire solo noi due, passiamo tutto l'estate insieme e il mio sentimento per lei cresceva(mentre lei, ho scoperto poco tempo fa si frequentava con due ragazzi contemporaneamente), fatto sta che a fine estate a una festa bevo un po' troppo e la chiamo e il me ubriaco le ha detto tutto, lei mi ha detto che mi considerava il suo migliore amico e dalla settimana dopo non l'ho mai più sentita.

Palo 2: 
Festa di compleanno a casa di un amica, e conosco questa ragazza con cui parlo tutta la sera, e visto che entrambi dovevamo restare lì a dormire insieme ad altre 3 persone ,con la scusa che il letto matrimoniale era pieno abbiamo dormito insieme in un lettino quella sera, io il giorno dopo le scrivo e vengo ghostato per una settimana buona, ma dopo un po' riusciamo a uscire insieme e va benissimo, mi invita anche a cenare a casa sua quella sera. Poi lei sparisce di nuovo e quando ci rivediamo io ero pronto a dirle che mi piaceva, lei mi anticipa dicendo che si era fidanzata. Il resto dello storia non lo scrivo perché sembra un'opera tragicomica per come è finita",gamba-monca,2023-12-06T17:29:26,15,Italia,https://reddit.com/r/Italia/comments/18bztne/pali/kc920l0/
18c2r9b,,kc8ra64,">calendari di Mussolini

Cinque diversi nella mia cartoleria del centro Italia!

L'ultima volta che ho visto le birre di Mussolini e Hitler è stato vicino a Caorle la scorsa estate.

Tutto bene?",LiquidDoorknob,2023-12-06T16:21:56,2,Italia,https://reddit.com/r/Italia/comments/18c2r9b/cosa_regalare_a_un_fascista/kc8ra64/
18c0gpt,,kc8pvn1,"Non si rende conto che, a parità di mansione, prima gli stipendi erano più alti anche del 50% matematicamente parlando, aggiungici poi che 1 euro di oggi non equivale a 2000 lire degli anni 70, ma a meno di 1000 per via dell'inflazione e di quanto tutto costi molto di più.
Per farti il paragone stupido, in quegli anni un operaio poteva permettersi due auto in famiglia, casa in città e casa di campagna/mare o quel che è, poteva tranquillamente crescere anche 3 figli e in estate tutta la famiglia meno il padre stava 2 o 3 mesi in villeggiatura. Per avere lo stesso tenore di vita adesso (con gli adattamenti del caso) ci vorrebbero ALMENO 5k netti al mese (e forse non sono neamche abbastanza), che ovviamente un operaio non potrà vedere né ora né mai",Iennest,2023-12-06T16:13:01,5,Italia,https://reddit.com/r/Italia/comments/18c0gpt/quanto_guadagna_un_cameriere_in_italia/kc8pvn1/
18by3i8,,kc8pawk,">Anche per tornare a rendere la professione attrattiva per lo studio, visto che ormai è considerata talmente sacrificata e sconveniente che conviene fare il cameriere.

Però questa visione delle cose deriva da una prospettiva errata. Certo, un infermiere non prende poi così tanto in più rispetto a un cameriere (almeno fino a un certo livello di anzianità). Ed é vero che soprattutto negli ultimi anni gli infermieri sono sottopagati e sovraccaricati di lavoro (anche se dipende molto da struttura a struttura) 

Tuttavia un infermiere neolaureato trova lavoro istantaneamente (non male avere la certezza di posto fisso a 21 anni), e il lavoro non é davvero paragonabile a quello di un cameriere o cuoco. Chiunque abbia lavorato per un po' di anni nella ristorazione lo sa bene, é un lavoro fisicamente logorante, non esistono feste o fine settimana ecc...correre 10 ore al giorno avanti e indietro portando piatti bollenti, magari sudando pure come un beduino d'estate e non hai manco il tempo per berti dell'acqua. Orari improponibili, ambienti tossici ecc...

Io personalmente ti posso dire che dopo anni a lavorare nella ristorazione (in cui ho fatto ogni mansione possibile dal lavapiatti al pizzaiolo al cameriere ecc...), culminati in una tendinite alla caviglia che mi ha lasciato incapace di camminare per due settimane, ho deciso di prendermi una laurea sanitaria (non infermieristica) e non tornerei mai indietro, miglior decisione di sempre. Non prenderò così tanto, ogni tanto mi devo fare turni più lunghi, le condizioni sono un po' quello che sono, ma pure nel giorno peggiore il lavoro non si avvicina neanche lontanamente ai peggiori giorni in ristorante. Ho tempo per bere dell'acqua se ho sete, non lavoro tutto il giorno davanti al forno, non devo spaccarmi la schiena a scaricare e trasportare pacchi di piatti posate ecc, non devo letteralmente correre tutto il giorno,...

Solo chi non ha mai lavorato nella ristorazione può pensare che lavorare nella sanità sia peggio lol (OSS esclusi, per loro mi dispiace)",AbberageRedditor69,2023-12-06T16:09:17,2,Italia,https://reddit.com/r/Italia/comments/18by3i8/crisi_sanità/kc8pawk/
18c1u0j,,kc8lrgh,"Per tutta la mia vita la mia famiglia ha avuto casa a Capri e un’estate (potevo avere 8/9 anni) abbiamo avuto come vicina Nina Moric (appena lasciata con Corona) che venne con il figlio. Lei mi prese molto in simpatia. Una sera ero con la mia famiglia ed amici al ristorante e c’era anche lei. Il caso ha voluto che andassimo via allo stesso momento e lei, sola e con i tacchi, mi riconosce e dopo qualche battuta chiede a me ed un mio amico di accompagnarla in casa. Ci chiede per i 10 minuti di tragitto delle nostre fidanzatine dell’epoca e lei ci diceva che avrebbe voluto che suo figlio fosse come noi. Appena arrivati sotto casa ci fa “Le vostre fidanzatine non lo devono sapere che si arrabbiano” e da ad entrambi un bacio in bocca.
No cap ma non ti ho mai dimenticato Nina",thecafonciello16,2023-12-06T15:46:08,49,Italia,https://reddit.com/r/Italia/comments/18c1u0j/quanti_di_voi_sono_stati_con_un_vip/kc8lrgh/
18c1u0j,,kc88mke,Ha il fidanzato italiano (afaik) e ogni estate si fa 2 settimane in italia...,Lus_,2023-12-06T14:14:24,6,Italia,https://reddit.com/r/Italia/comments/18c1u0j/quanti_di_voi_sono_stati_con_un_vip/kc88mke/
18c0gpt,,kc85yu7,"Liguria levante, estate,servizio serale,sei giorni a settimana,1800 +mance che le milfone americane elargivano generosamente al giovane cameriere col bicipite guizzante.
(Occhio,niente di regalato,i ritmi erano quasi insostenibili, dalle 18 alle 02,correndo come lippe).",CodIll2260,2023-12-06T13:53:50,2,Italia,https://reddit.com/r/Italia/comments/18c0gpt/quanto_guadagna_un_cameriere_in_italia/kc85yu7/
18bztne,,kc7z6ao,"Quest'estate ho preso palo da una ragazza già fidanzata, sapevo di non avere speranza ma ci sto male da adesso, non tanto per il palo in se, ci stavo male già prima e non riesco a uscirne",Healthy_Donut_9074,2023-12-06T12:56:53,2,Italia,https://reddit.com/r/Italia/comments/18bztne/pali/kc7z6ao/
18c0gpt,,kc7xerc,"Dipende molto dal luogo e la qualità del ristorante.
Ho lavorato come cameriere in un piccolo ristorante ma molto rinomato (medio-alto livello) vicino al mio paese.

Paga puntuale anzi, spesso anche in anticipo. Se non ricordo male il 2 del mese.
D'estate arrivavi poco sopra i 2000€ con le mance.

Ma mi rendo conto che è veramente una rarità nel mondo della ristorazione.
Comunque la media qui intorno si aggirava sui 1300/1400€ ma sto parlando degli anni 2014/15 circa.",Aretem,2023-12-06T12:40:30,1,Italia,https://reddit.com/r/Italia/comments/18c0gpt/quanto_guadagna_un_cameriere_in_italia/kc7xerc/
18c0gpt,,kc7ve31,"full time 6/7 per un anno come cameriere(e scaricatore, lavacessi,friggitoria, in base all'esigenza)in un pub,800 euro al mese incluso il tfr (o non ricordo quale ""bonus"" che mi dovevano alla fine,scoperto a fine contratto) Negli 800.Mance rubate e se andava bene 20 euro al mese, offeso davanti ai clienti,lavoro massacrante di estate e odioso di inverno perché troppo lento,ma non davano orari di chiusura seri quindi capitava che in una giornata sana facevi 2 tavoli e poi arrivavano i 10 a mezzanotte quando stavi per chiudere.",Deriniel,2023-12-06T12:20:42,1,Italia,https://reddit.com/r/Italia/comments/18c0gpt/quanto_guadagna_un_cameriere_in_italia/kc7ve31/
18c0gpt,,kc7uaep,"Dipende la zona e dove capiti, io ho lavorato per 6 anni nello stesso posto fino a che non ho cambiato definitivamente lavoro. 7 giorni su 7 da giugno fino a settembre per 8/9 ore al giorno prendevo 2000/2100, ovviamente in estate pagavano di più, in inverno invece (sempre lì) prendevo 70/80 al giorno per 8 ore lavorative.

Lasciamo stare il discorso del nero, però quello era effettivamente il mio netto, prendevo un 60% in busta il resto in nero purtroppo, ma ero ragazzino e andava bene così.",emamanu,2023-12-06T12:09:21,4,Italia,https://reddit.com/r/Italia/comments/18c0gpt/quanto_guadagna_un_cameriere_in_italia/kc7uaep/
18c0gpt,,kc7q8x0,"2015-2017 Avevo 21 anni, nessun contratto, i primi 6 mesi 30 euro a giornata poi 35, dalle 18 alle 23:30- 00:00 di inverno e d'estate anche 01:30 perché poi la proprietaria anziana iniziava a scoglionarsi iniziando a proporre ridendo giri di amari offerti se se ne andassero, ovviamente un altro giro di amari col tavolo grande e il pagamento in contanti senza ricevuta.

Quindi 35 euro a serata diciamo 25 giorni al mese",Solid-Bonus-8376,2023-12-06T11:23:15,3,Italia,https://reddit.com/r/Italia/comments/18c0gpt/quanto_guadagna_un_cameriere_in_italia/kc7q8x0/
18c0gpt,,kc7l9yt,"Ristorante aperto d'estate con servizio al tavolo.
30/35 h settimanali, giorni da sabato a mercoledì orario: 17/18 fino alle 00/1 di notte.
Paga € 750",misscioppi,2023-12-06T10:17:14,80,Italia,https://reddit.com/r/Italia/comments/18c0gpt/quanto_guadagna_un_cameriere_in_italia/kc7l9yt/
18bdw6t,,kc7i8xu,"Infatti ieri quando mia madre continuava a brontolare sono rimasta zitta e ho annuito,non volevo problemi perché mia madre e quel tipo di persona che ti fa le domande tu rispondi e poi ti aggredisce verbalmente rigirando la frittata è facendoti passare per quella che è troppo nervosa o troppo arrabbiata, il dialogo a casa non esiste,dialogare è un offesa per loro ""ti cerchi i guai"" ,come dicono loro,poi mio padre si chiede pure perché non parliamo o perché quando sono con lui ho lo sguardo impaurito,e ci credo ogni cosa che dico la trasformi in un litigio ,parlare? Si parla solo di quello che vuole lui e devi essere d'accordo con lui,fai l'incontrario? Sei una maleducata che non rispetta i genitori,vita sociale?? Ma no è un offesa di stato,non va bene sono cose che non gli piacciono lui stesso la detto 3 anni fa ho dovuto fare una scenata di pianto per andare ad una pizzata di compleanno di un 18 esimo di una mia compagna di classe ,finché poi si è aggiunta mia madre per supplicarlo,sushi a mezzogiorno con le amiche?? Un offesa, mi ha riempito di parole non va bene, non gli piace così dice ,risultato finito le superiori sarò uscita 5 volte forse con le amiche d'estate, con la scusa avvolte pure di portarli dietro mio fratello 13 enne,che tra laltro lo odia pure lui perché dice che non hanno un legame emotivo ma solo materiale,ho passato tutti i miei 15 fino 17/18 ha prendermi insulti solo per uscire una volta a settimana e si è l'altra no,e avvolte non rispettavano nemmeno quello che dicevano,mio padre ogni tanto se ne saltava con qualche scusa per non farmi uscire perché non voleva,oppure diceva che me ne andavo a baciare maschi in giro,cosa non vera perché siamo in una città che bene o male tutti si conoscono e le voci girerebbero,tutti sanno che sono una ragazza tranquilla e che non cerca guai anzi forse anche troppo buona perché ho subito pure bullismo alle elementari e medie ed ero quasi anoressica ,la risposta dei miei a tutto ciò? Sei a capo di una gang,sei ribelle,sempre loro: parla con noi sentiti libera con i tuoi genitori.
Io ora mi.trovo ha 21 anni quasi 22 a non avere esperienze di nulla nemmeno lavorative dato che hanno voluto aprire un'attività a mio nome dove lavorano solo loro e si prendono tutti i soldi,io sto a casa ogni giorno a fare la casalinga uscendo in un mese 2/3 volte ,mia cugina che è venuta a trovarmi quest'anno mi ha chiesto di andare a Napoli insieme, ho risposto dicendo sisi vediamo ,non avevo nemmeno il coraggio di dire che i miei genitori a malapena mi fanno uscire di casa,nemmeno un treno da sola ho mai preso,patente?manco quella ciò, ragazzi?non sento nemmeno il bisogno di una relazione adesso perché non voglio fingere di stare bene non sto bene,poi mio padre ha detto che avere una relazione non serve a niente e che è una perdita di tempo e mia madre ha risposto dicendo come fai a stare con una persona che non conosci, e lui dice meglio sposarsi è basta .
Scusa lo sfogo non volevo arrivare a mettere anche tutta la mia storia in sintesi ,ma ieri ho avuto un crollo emotivo e mi sono resa conto che tutte le paure che mi mettono sono paranoie inutili perché i primi ha farmi paura sono loro anzi mio padre ,vivo talmente tanto in stato di allerta con la paura di una sua prossima mossa azzardata (perché si lui mette le mani addosso quando vuole,ma io quando vedo che è in tento di farlo mi metto subito all'angolo della stanza),perché e imprevedibile lui classico uomo insicuro che non sa controllare le sue emozioni, riconosco perfino il rumore delle loro chiavi quando entrano a casa ,ho sempre paura di dire qualcosa di sbagliato per paura di essere aggredita verbalmente o anche fisicamente,io ormai ci rinuncio sono al primo anno di università e non riesco a concentrarmi ne studiare ho il nodo in gola sempre ,ansia e ansia ,io volevo studiare per andare all'estero ed eventualmente staccarmi da loro per le opportunità lavorative ,però non riesco più a tenere duro sono stanca di vivere così non c'è la faccio più,ieri dallimpulso ho contattato un mio vecchio contatto di scuola che si occupa di lavoro e robe simili, gli ho scritto un papiro sulla mia questione, tutti mi dicono sempre chiedi aiuto ma io ho sempre paura perché non mi fido di nessuno,e mio padre mi fa paura se ci fosse un modo per fuggire vorrei che non lo sapesse e venisse fatto tutto alle spalle dei miei genitori, a 13 anni si erano coinvolti i servizi sociali perché volevo farla finit. Avevano rintracciato i miei messaggi WhatsApp tramite il telefono azzurro,io quando sono andata all'appuntamento che tra laltro i miei mi hanno accompagnato,ho negato tutto ho detto che era una mia amica ha volerlo fare ecc. Avevo troppa paura per parlare e in piu i miei mi raccontavano un sacco di storie brutte sulle persone che finivano in comunità e avevo paura di non finire nemmeno scuola ero in seconda o terza media ma ho ora però ho un diploma professionale in socio sanitario non è tanto,e volevo di più nella vita ma vivere con loro e continuare a studiare per me è impossibile, non posso nemmeno tirare un sospiro di tranquillità vivo sempre aspettando il peggio ,quest'estate a luglio ha lanciato contro il muro il cellulare di mio fratello e poi lo ha riempito di calci e pugni allo stomaco,siamo intervenute io e mamma quando ho sentito un urlo di spavento da camera sua ,incubo non ho dormito per 3 giorni male al petto costanti, per di piu quel giorno solo perche ho difeso mio fratello, mi ha minacciata davanti ha mia madre che mi avrebbe tagliato la g%la prima  che venisse la polizia, la giustificazione di mia madre davanti a quella frase? Non sa quello che dice,resisti e sempre tuo padre e poi risatina ,come ha fatto ieri al telefono,;il motivo per cui ha aggredito mio fratello e perché non ha rifatto il letto dopo tante volte che glielo diceva,io da quel giorno ho capito che mio padre è un uomo pericoloso un santo fuori dalle mura di casa ,ha pure difeso una ragazza che veniva aggredita da un suo tipo in mezzo a la strada si era fermato con la macchina ,come vedi ora hai in pieno da che famiglia arrivo ,di cose ne ha fatte tante negli anni potrei scriverci un libro,io ti ho dato un po un idea di tutto

**aggiungo riguardo al test hiv mi ha scioccata la risposta di mio padre ieri al telefono quando lui ha detto come mai fra tutte le cose mediche che c'erano ho visto solo quello, ma che risposta è??? Già li molto sospetto,mia madre ho capito che è quel tipo di persona che se tu gli dici che un tuo parente ti ha violent. Direbbe che ti sei inventata tutto,e una donna che si fida più di suo marito che dei suoi figli,completamente devota a lui,lo giustifica su tutto ,io ora per paura non riapro più l'argomento con i miei genitori cercherò di nascosto di fare una visita medica e spiegare ciò che ho visto di mio padre e se può farmi fare un test o qualcosa,a me ormai di mio padre non me ne frega più nulla mi sono resa conto che davanti a un ti voglio bene suo non ho sentito nulla il vuoto cosmico proprio, mia madre invece provo solo una grande pena,ma non ho affetto per nessuno dei due non lo sento proprio, per di piu mi hanno cresciuto zie e baby sitter varie quindi con mamma non ho ricordi di nulla insieme ,solo lei che ogni tanto mi portava a lavoro, mio padre mi riempiva solo di giocattoli e botte,ogni tanto qualche risata ma nulla di piu",Little_Holiday_4362,2023-12-06T09:34:00,1,Italia,https://reddit.com/r/Italia/comments/18bdw6t/qualcuno_che_se_ne_intende_in_medicina_o_qualcosa/kc7i8xu/
18bo47w,,kc7d5ed,"La vda ne è piena, ti porti la legna o la prendi dal custode in quelli in cui è presente e via di grigliate, ci ho vissuto una estate facendo grigliate conto terzi.",AostaValley,2023-12-06T08:20:33,1,Italia,https://reddit.com/r/Italia/comments/18bo47w/assenza_di_bagni_pubblici/kc7d5ed/
18b8tfx,,kc61zux,"Ti consiglierei di fare lunghe passeggiate se trovi difficolta nella corsa, prima a passo normale poi a passo svelto dopo un po', così ti inizi a rodare con più tranquillità. Non ho alcuna qualifica, ma conosco persone che vanno a camminare e si trovano piuttosto bene. Conto di iniziare anche io dopo aver smesso di allenarmi per un problema cardiaco questa estate, di sicuro non riuscirei a correre per più di qualche minuto Apprezzo molto l'edit 2![gif](emote|free_emotes_pack|upvote)",Eugen778,2023-12-06T01:10:42,1,Italia,https://reddit.com/r/Italia/comments/18b8tfx/quanti_di_voi_riescono_a_correre_per_almeno_30/kc61zux/
18b8tfx,,kc5hp4l,"Premetto che sono sempre stato abbastanza portato per la corsa. Un anno fa ho cominciato ad allenarmi un po' per sfizio personale arrivando in estate a correre garette di 10km sui 5 min/km. Ad agosto ho comprato uno sportwatch e ho deciso di correre la mia prima maratona, che ho corso scorsa settimana sotto le 3h30' a quasi 40 anni. Sono stati 3 mesi intensi ed è servita una bella disciplina...",HyperBaboon,2023-12-05T22:43:08,1,Italia,https://reddit.com/r/Italia/comments/18b8tfx/quanti_di_voi_riescono_a_correre_per_almeno_30/kc5hp4l/
18b8tfx,,kc4v0d6,"M27: questa estate ho ricominciato a correre dopo circa 5/6 anni da sedentario (prima ho giocato a calcio per 7/8 anni e fatto atletica per 1). Ti dico solo che sono uscito con mio fratello di 3 anni più piccolo di me e dopo 500 metri già me ne aveva dati 20 di scarto 😅. Ho continuato a correre nelle settimane successive e dopo circa 7/8 corse ero tornato ad un ritmo soddisfacente, prima letteralmente non riconoscevo il mio corpo. Normalmente faccio corse da poco meno di mezz'ora per 5 km, ma ogni tanto alterno anche con la bici (che sinceramente preferisco perché riesco a raggiungere distanze molto più ampie ed è anche più piacevole per la mia personale opinione), per uscite di circa 1:30/2 h.",thunder_bolt96,2023-12-05T20:18:07,1,Italia,https://reddit.com/r/Italia/comments/18b8tfx/quanti_di_voi_riescono_a_correre_per_almeno_30/kc4v0d6/
18b8tfx,,kc4uir4,"3 volte per settimana. Mediamente 10KM a volta.

In primavera-estate-autunno.",WorldlyEye1,2023-12-05T20:15:01,2,Italia,https://reddit.com/r/Italia/comments/18b8tfx/quanti_di_voi_riescono_a_correre_per_almeno_30/kc4uir4/
18b8tfx,,kc4gal8,"+1 ne ho seguito uno questa estate e mi ha portato a finire una 5K in 29:16. Ora però solo bici e non ho tempo per correre kek, forse col prossimo blocco (ho intenzione di allenarmi per una Gran Fondo) vedo di rimettere un po' di km sui piedi.",davi799,2023-12-05T18:44:10,2,Italia,https://reddit.com/r/Italia/comments/18b8tfx/quanti_di_voi_riescono_a_correre_per_almeno_30/kc4gal8/
18b8eov,,kc3c226,"Allora, prima di tutto, io ho detto che odiare la protesta è infantile ed ho ben specificato che criticare invece è legittimo.

E' naturale provare fastidio quando si viene bloccati in macchina (anche se già ci pensa il traffico di solito) o si vede una statua dipinta di giallo, poi se si è maturi ci si ricorda che il pianeta brucia e la ragione è dalla loro (oltretutto la loro campagnia contro gli investimenti fossili ha senso, è realistica, ed è una delle cose che potremmo fare più facilmente per regalarci un futuro dove d'estate non ci sono 45 gradi).

> Mi spieghi il nesso per favore?

Ho partecipato ad una riunione di Ultima Generazione per porre proprio questa domanda, poichè a me personalmente il metodo di fermare il traffico non piace, questo è quello che mi han risposto (più o meno, la mia memoria non è perfetta):
le proteste di UG sono polarizzanti, nel bene e nel male. Così facendo attirano più attenzione possibile sul problema e fanno parlare del problema il più possibile. e' vero che una parte dei cittadini non capirà, non avrà la capacità di andare oltre e rimarrà ad odiare UG, ma un'altra parte invece verrà ispirata, potrà vedere che ci sono persone che lottano e si unirà alla causa.

> e magari mi dici anche quante persone di quelle bloccate in auto sono state convertite grazie a questo ""martirio"" dei ragazzi di UG. Parliamo un po' di numeri e di cose concrete, che ne dici? O qua facciamo solo le campagne per Instagram e con la realtà ci sciacquiamo le palle?

e questo dato come potrei averlo?.... spiace vedere che cadi nel nervosismo e nella provocazione

> Aspetto risposta, sono pronto a cambiare idea su UG se mi rispondi a queste domande (utilità, efficacia)

sinceramente della tua opinione su UG me ne importa meno di niente",jj_supermarket,2023-12-05T13:40:25,1,Italia,https://reddit.com/r/Italia/comments/18b8eov/cop28_e_la_rana_che_viene_bollita_viva_ma_senza/kc3c226/
18b8213,,kc31ln4,"Scusa ma Sunak? Ah, si, l'indiano ""vero Inglese"", mica immigrato, con i tratti somatici tipici dell'albione, quello che portando un po' di Common-wealth s'è fatto potenziare la rete elettrica locale perché non bastava a scaldar la grande piscina domestica mentre le famiglie indigene ben tenute povere in stato di sudditanza congelano d'inverno e rosolano d'estate... Si... Lui è ideale candidato a parlare di immigrazione, insieme beninteso al Sindaco di Londra.",ftrx,2023-12-05T11:57:12,15,Italia,https://reddit.com/r/Italia/comments/18b8213/migranti_linghilterra_e_confusa_molto_confusa_rant/kc31ln4/
18ajgc2,,kc2qa3s,"Non è quello di cui stavamo parlando. Stiamo parlando di uno che vuole ucciderti, se non gli spari pur potendolo fare sei solo un idiota. 

Scappare dai pericoli è sempre la soluzione migliore, è chiaro come un cielo d’estate che qui si dibatte sulle modalità di reazione e non su ciò che si dovrebbe fare",GRIS0,2023-12-05T09:22:05,1,Italia,https://reddit.com/r/Italia/comments/18ajgc2/imbecillità_e_legittima_difesa/kc2qa3s/
18am4m5,,kc2plox,"Ma infatti. Il cibo si paga caro rispetto ad altri posti, ma non si mangia male.

Il clima fa pena, invece, in effetti. Quando si parla del buon clima mediterraneo italiano penso sempre che un terzo della popolazione italiana vive in pianura padana, con l'afa d'estate, il freddo umido d'inverno, e l'aria meno pulita d'Europa.",mbrevitas,2023-12-05T09:12:16,2,Italia,https://reddit.com/r/Italia/comments/18am4m5/ranting_sullitalia_e_su_noi_giovani/kc2plox/
18atmby,,kc1vpyw,"L'energia solare è una fonte aleatoria.

Di notte con il solare non produci niente e di giorno quando ci sono le nuvole produci poco, mi spieghi come fare funzionare un paese manifatturiero con una fonte energetica simile? Il solare termico va bene per riscaldare l'acqua per gli usi domestici e il fotovoltaico va bene per far funzionare il condizioantore d'estate, ma le acciaierie non le puoi far funzionare con il solare.

Per far funzionare un paese come l'Italia, in maniera da non incidere troppo in mainera negativa sul cambiamento climatico, servono le centrali nucleari.",Patriarca2023,2023-12-05T03:49:44,1,Italia,https://reddit.com/r/Italia/comments/18atmby/come_può_migliorare_davvero_il_nostro_amato_paese/kc1vpyw/
187huia,,kc1g27q,"Piccola esperienza personale. Questa estate sono andato con un po' di amici a Palma di Maiorca. Casa stupenda,mare pure,città carina,ecc... arriviamo però al momento cibo. Per 7 giorni che eravamo lì abbiamo mangiato solo cibo italiano, questo perchè  nel gruppo c'era il classico meridionale medio che pensa che solo il Sud abbia il cibo e che ovviamente è il migliore a cucinare. Solo una volta abbiamo mangiato una paella, in un posto ""da turisti"". La sua risposta era ""Eh ma il cibo italiano è più buono, qui in Spagna non c'è nulla"" oppure ""La paella è buona ma non quanto la cucina italiana, e se quello è il piatto migliore allora il resto non è all'altezza"". Gli italiani spesso non capiscono la cultura culinare degli altri paesi, oppure quando uno straniero cucina qualcosa di italiano di base farà cagare. 
Che comunque quel cazzo di meridionale non sapeva nemmeno come fare una pasta al pomodoro che usciva poco salata e acida, ma si era autoproclamato miglior cuoco del gruppo e quindi doveva cucinare lui...

Altra cosa importante: la pizza hawaiana a me piace moltissimo, il dolce e acidulo dell'ananas cotto stanno da dio con il prosciutto cotto. Chi non la mangia è perchè parte prevenuto molto spesso",mi_bannano_subito,2023-12-05T01:57:30,1,Italia,https://reddit.com/r/Italia/comments/187huia/gli_italiani_hanno_rotto_il_cazzo/kc1g27q/
18akd37,,kbzzlvp,Io a casa non ho l'aria condizionata ed in estate lavoro. Ritenta lol,LordXstar8,2023-12-04T20:17:36,2,Italia,https://reddit.com/r/Italia/comments/18akd37/proteste_contro_lindifferenza_verso_il/kbzzlvp/
189pire,,kbzwov2,"Oddio...dire che non servono a molto mi sembra un affermazione molto forte. Dal momento che l hai fatta immagino che tu sia (come me) una persona ""letterata"" a livello informatico. Ammesso e non concesso che io difficilmente abboccherei ad attacchi di phishing questo purtroppo vale per pochi.
Una volta gli hacker attaccavano i sistemi, poi questi son diventati in genere molto sofisticati ed attaccarli con successo è possibile ma dispendioso (e gli hacker, esattamente come un imprenditore, guardano al ROI, per cui devono spendere poco per guadagnare tanto).
Quindi gli hacker son passati ad attaccare LE persone con attacchi di phishing in maniera indiscriminata, di fatto sperando nella legge dei grandi numeri, ma anche qui, tra policies di awareness e altri strumenti, gli attacchi non andavano più a buon fine con una rate soddisfacente (almeno sulle aziende, che sono poi quel che conta...difficilmente fai soldi attaccando i privati).
Allora, gli amici hacker, son passati ad attaccare LA persona: quando navighi, i vari tracker (sempre presenti) scoprono le tue abitudini poi ti arriva un attacco di Spear Phishing cioè un phishing mirato su di te, sulle tue ricerche, magari come messaggio Facebook che arriva da un amico che non sentivi da tanto tempo ma con cui (guarda un po) hai messaggiato poco tempo prima tramite what's app web.

Ora, contro l ultimo tipo di attacchi che oggi è il più frequente e fruttuoso, la browser security è la manna, ovviamente come integrazione a sistemi già esistenti, è un aggiunta. 
È come dire che hai un automobile fantastica comprata d' estate che è sempre andata bene, poi arriva la neve (cambiano le condizioni = i tipi di attacchi) e ti tocca mettere le catene se vuoi star tranquillo, pur mantenendo l air bag, l ABS, i sensori di parcheggio e tutto ciò che già ti faceva star tranquillo prima, quando la neve non c era.

Immaginate il tipico dipendente dell AUSL, che ""se rompe er cazzo"" coi vecchi tutta la mattina poi gli arriva una mail che riguarda il fantastico robot da cucina che voleva proprio regalare alla moglie per natale e indovina: è in super sconto se clicchi su questo link di Amaz0n (volutamente con lo zero -attacco che si chiama Cyber squatting-), il dipendente clicca mette le credenziali per accedere al finto Amazon, che tra l altro ha la stessa password che usa per tutto il resto ...taaaaac l email aziendale è molto facile desumerla da nome e cognome la password sarà sempre quella e io hacker son dentro tutti insistemi dell AUSL e faccio ""er cazzo che me pare"".",Own-Relation4410,2023-12-04T19:59:56,1,Italia,https://reddit.com/r/Italia/comments/189pire/ci_risiamo_attacco_hacker/kbzwov2/
18amvih,,kbzvb98,"Eh no postare foto su internet non sono il tipo (non ho nemmeno social figurati). Poi era una domanda generica su – però apprezzo tutti i consigli comunque e forse avrei dovuto già includerlo nel post originale però volevo dire che ho già provato a fare palestra e la situazione peggiora. Ho provato a perdere peso perché quando sono più ""asciutto"" per così dire le spalle sembrano un po’ più normali però d’inverno quando metto qualche chiletto ""di sostanza"" diciamo (non ho la pancia e non la metto nemmeno d’inverno, però metto sempre qualche chiletto un po’ più di massa generale in inverno perché non sono asciutto come d’estate) – e sembro un tacchino/sono troppo spesso nella parte di sopra del corpo.",Southern-Ad-9105_2,2023-12-04T19:51:48,1,Italia,https://reddit.com/r/Italia/comments/18amvih/ho_le_spalle_molto_larghe_troppo_a_dir_la_verità/kbzvb98/
189wy8a,,kbycc6y,"Sono elbano e posso confermare la storia. Lacona è piena di storie così: campeggi creati su terreni che prima non valevano una Lira...comunque il vero problema dell'isola è la lenta conversione di case residenziali in seconde case/villeggiature.

Se andiamo avanti di sto passo, non so quanto esisterà ancora il concetto di ""elbani"". Diventerà una sorta di villaggio turistico, pieno d'estate e deserto d'inverno",Markilgrande,2023-12-04T14:01:47,3,Italia,https://reddit.com/r/Italia/comments/189wy8a/boomer_di_ritalia_fate_un_esempio_folle_di_prezzi/kbycc6y/
189x3kv,,kbxoge3,"Bellissima domanda.

La mia priorità è la famiglia. Il lavoro è strumentale, ma non ne faccio un'ossessione dato che ogni ora in più passata con mia moglie e mio figlio vale mooooolto più dell'equivalente in denaro.

Ho passato diversi anni a dannarmi in cerca del lavoro giusto. 
Ho fatto letteralmente di tutto, a 19 anni ero fuori di casa e già abituato da 4 anni a lavorare tutta l'estate per essere indipendente economicamente. 
Ho continuato gli studi a Milano, città notoriamente esigente per il portafoglio, e quindi naturalmente ho sempre continuato a lavorare per mantenermi. Man mano che completavo gli studi e mi specializzavo,  ho cambiato lavoro in cerca di occasioni meglio allineate con le conoscenze acquisite.

Eppure, mancava sempre qualcosa. Nessun lavoro mi dava veramente soddisfazione, e laddove trovavo della gioia, questa era legata più al contesto e alla componente sociale che al lavoro in sé e per sé.

Ho conosciuto moltissime persone lavorando, e sono riuscito in maniera discreta a ""fare carriera"", arrivando a guadagnare molto, molto bene.

A cambiare totalmente la mia prospettiva sul mondo è stato l'incontro con l'amore della mia vita. Ci siamo sposati in pochissimo tempo e senza fronzoli, e abbiamo deciso di mettere su famiglia.
Così, ho riscoperto quello che in fondo al cuore ho sempre saputo: che sono un uomo di famiglia e che il mio più grande desiderio è avere tempo per amare mia mogli, e veder crescere i nostri bimbi. Partecipare alle loro vite. Regalare loro tutto ciò che porto dentro, tutte le esperienze e la saggezza accumulata nel tempo. Giocare con loro, ridere, scherzare, parlare, imparare.

I soldi non fanno la felicità, e nemmeno il lavoro la fa. La felicità deriva sempre dalla qualità delle nostre relazioni sociali e dalla felicità di chi ci sta a cuore. 

Per questo ho ridimensionato il mio impegno lavorativo. Mia moglie guadagna molto più di me e senza troppo impegno a livello di tempo; io ho trovato una nicchia grazie alla quale guadagno il giusto per supportare la famiglia e ho il tempo che desidero.


Ci siamo trasferiti in un bellissimo paesino di provincia, dove la gente è serena e i bambini giocano in strada senza problemi. Tutto ciò che può servire è a portata di mano, dal panettiere alla farmacia, alla scuola, al medico, a bellissimi sentieri nei boschi e favore passeggiate.

L'unico cambiamento lavorativo futuro che reputo accettabile è quello che mi permetterebbe di dedicare ancora più tempo alla famiglia.",aleksandarGrbic,2023-12-04T09:43:39,1,Italia,https://reddit.com/r/Italia/comments/189x3kv/ma_davvero_tutti_hanno_come_priorità_di_vita_il/kbxoge3/
18a1s2c,,kbw8kw4,"Un mio bisnonno ha combattuto per brevissimo tempo in Africa e poi fu catturato dagli americani, di cui conservava un ottimo ricordo. Aveva imparato l’inglese, lavorava e riceveva un piccolo stipendio, gli era addirittura permesso girare per New York insieme ai suoi “parenti”, cioè, dicevano che se avevi parenti che si volevano assumere la responsabilità potevi uscire durante i giorni liberi, e molti Italo americani (anche sconosciuti), si fingevano parenti per mostrare la città ai prigionieri italiani. Una coppia italoamericana aveva fatto lo stesso con il mio bisnonno e avevano creato un ottimo rapporto, tant’è che dopo la guerra sono anche venuti a trovarlo qui in Italia. Quello che più gli dispiaceva era che lo stipendio suo e di tutti gli altri prigionieri non fu dato direttamente a loro, ma allo stato italiano, che poi si sarebbe dovuto occupare di distribuire a ogni soldato il suo stipendio. Eh. Col cavolo che lo stato lo fece, quei soldi non li rividero mai più. Ma non certo per una mancanza degli americani. 

Un altro mio bisnonno invece ha combattuto in jugoslavia, dove ebbe un’esperienza più impegnativa de così si può dire. Raccontava in particolare di quando catturarono un soldato e, non ricordo perché ma in teoria avrebbero dovuto ucciderlo. Però al mio bisnonno fece pena e lo lascio andare. Qualche tempo dopo anche il mio bisnonno e i suoi soldati furono catturati, e stavano per essere uccisi, ma tra quelli che li avevano catturati c’era anche il soldato che era stato salvato, che riconobbe il mio bisnonno e fece in modo che venissero risparmiati. Poi fu catturato dagli inglesi e, nonostante non ci fosse quell’aria di amicizia che c’era con gli americani, se la passò bene. 

Sua moglie, la mia bisnonna, ovviamente non andò al fronte, ma anche lei aveva molte storie. Lei aveva il marito al fronte in Jugoslavia, e il fratello prima al fronte greco e poi russo. Se non sbaglio a Mestre passavano vari treni con prigionieri italiani (onestamente non ricordo esattamente le circostanze), e lei e le sue amiche spesso andavano lì in stazione, una distraeva i fascisti (O i nazisti? Non ricordo con esattezza), e le altre liberavano i soldati. Lei sperava di trovare il marito o il fratello in uno di questi convogli; il marito eventualmente tornò, il fratello invece mai più. La beccarono anche un paio di volte e se la vide brutta, però in qualche maniera riuscì a muoverli a pietà col fatto di avere il marito al fronte e tre figli di neanche cinque anni a carico. 

Sempre questa mia bisnonna raccontava anche che, nonostante non fossero ebrei, il suo cognome fu scambiato per ebreo e fu con grande fatica che riuscirono a evitare la deportazione. Inoltre loro abitavano a Venezia, che come molti sanno ha una grande comunità ebraica. La mia famiglia abitava poco distante dal ghetto e aveva legami di amicizia con molti ebrei: per questo la mia bisnonna cercò di fare quello che poteva per salvarli. Diversi li nascose in casa propria per esempio.

Invece il fratello della mia bisnonna, come ho detto, non poté mai raccontare nulla perché non tornò mai più. Era giovanissimo, appena maggiorenne, non ricordo più perché ma litigò col mio bisnonno e decise di arruolarsi volontario per la Grecia, più come gesto di ribellione che altro credo. La campagna in Grecia in sé non fu troppo male credo, i problemi vennero quando decisero di spedire i soldati del fronte greco, ovviamente attrezzati per la calda estate mediterranea, verso l’autunno e peggio ancora l’inverno in Russia. Furono catturati e mandati nei gulag, dove i russi non si occuparono nemmeno di segnare quando morivano. Si dice che molti morirono durante la primavera successiva per un’epidemia di tifo, ma in realtà non abbiamo modo di sapere date o cause certe, solo che non uscì la quasi nessuno. Uno dei compagni in realtà riuscì a sopravvivere, e tornato in Italia andò a cercare la mia bisnonna per ringraziarla perché se era vivo era grazie a suo fratello, che l’aveva salvato quando. Non so di più però perché i dettagli non mi sono mai stati raccontati.

E volendo ho anche il racconto di mio nonno, che essendo del ‘35 non era molto grande, ma abbastanza  da ricordare la vita durante la guerra. Lui viveva con la nonna e lo zio in quel lembo della pianura padana che sta al confine tra Lombardia, Veneto ed Emilia. Raccontava che spesso di notte si sentiva un aereo arrivare, e allora tutti e tre si nascondevano in una sorta di bunker che aveva costruito lo zio, che in realtà era più un buco nel terreno che altro. Lo chiamavano Pippo, e dovevamo stare attenti a non attirare la sua attenzione con luci o suoni, sennò eran dolori. Oppure raccontava di come una volta i fascisti avevano ordinato che tutti i bambini si riunissero in riva al fiume con la camicia nera, ma sua nonna, superstiziosa, non voleva vestire un bambino di nero perché portava male, e comunque anche volendo di stoffa nera non aveva e non aveva i soldi per comprarla, così lo mandò con la camicia rossa. Sì, tutti i colori possibili, scelse proprio il rosso. Ma era un paesino sperduto, e tutti si conoscevano, e conoscevano quella vecchia signora che si prendeva cura del nipotino, e sapevano che era innocua, così non le fecero nulla.

Fuori tema lo so ma, ho anche un bisnonno che combatté nella prima guerra mondiale come ragazzo del ‘99. Di lui non so assolutamente nulla perché si rifiutava di parlane. Ma ne aveva viste tante di sicuro.",Cicero_torments_me,2023-12-04T01:22:19,3,Italia,https://reddit.com/r/Italia/comments/18a1s2c/i_vostri_bisnonninonni_hanno_combattuto_nella_2/kbw8kw4/
189xk23,,kbv863m,"Tendenzialmente queste persone sono violente

Io lavoravo come cameriere un estate in una piazza pubblica, durante il tempo di meno affollamento era passato questo uomo, uomo, non ragazzino, il tipo stereotipicamente vestito da anarchico mezzo droghino

Toglie fuori una bomboletta e pasticcia il muto della chiesa che c’era in piazza, dei ragazzini che erano lì gli dissero cosa e lui era diventato aggressivo molto, ovviamente nessuno fa nulla per non creare problemi, sappiamo tutti che tanto lo passerà liscia, e infatti

Li odio con tutto il cuore queste persone, anarchici, tsè è solo una parola più fancy per descrivere un maleducato antisociale",SmellyFatCock,2023-12-03T21:24:33,1,Italia,https://reddit.com/r/Italia/comments/189xk23/perchè_in_italia_siamo_così_assuefatti_dalle/kbv863m/
189x3kv,,kbukize,">  non ho la macchina/scooter 

&#x200B;

> quest'estate l'ho passata da single 

Intravedo una connessione...

>è davvero questa la priorità di vita per molti? 

Il lavoro direi di no, la tranquillità e le possibilità che derivano da un lavoro ben retribuito, direi di si.",Propenso,2023-12-03T19:02:35,1,Italia,https://reddit.com/r/Italia/comments/189x3kv/ma_davvero_tutti_hanno_come_priorità_di_vita_il/kbukize/
189x3kv,,kbu8fn3,"No, a parere mio ti sbagli, Non devo fare il muratore 12 ore ma sto comodo alla mia scrivania al caldo d'inverno e al fresco d'estate, non devo stare nel traffico perchè ""entro"" alle 9, entro per dire perchè devo fare qualche passo, non devo farmi dire cosa devo fare perchè il tempo me lo gestisco da solo e ho i miei progetti e le mie skills, ho delle scadenze ovvio ma vuoi paragonarmi a un muratore, con tutto il rispetto, mio padre lo è e ho visto cosa succede a diventarlo. Devo studiare? Mi alzo la mattina e dopo che sono andato a correre studio. Ho la mia vita privata, i miei, la mia ragazza, grazie ai nostri sforzi ci permettiamo di andare 1 volta al mese fuori casa secondo me a 21 anni non si può chiedere di meglio. 

So che non è replicabile/scalabile per tutti ma non è per caso che ci sono arrivato. Il punto è che la gente prima si lamenta e poi cambia se gli va, oppure lo fa troppo tardi.",No_Plant_9539,2023-12-03T17:51:36,4,Italia,https://reddit.com/r/Italia/comments/189x3kv/ma_davvero_tutti_hanno_come_priorità_di_vita_il/kbu8fn3/
189phw3,,kbu6eg4,"Perché vivi nei tg, con le persone attorno a te parli del tg. Basta.

Il mondo va meglio di sempre nella storia, per povertà e opportunità. Ogni estate è “la più calda di sempre”.

Stai tranquillo che il mondo va bene e non sarai ucciso da situazioni geopolitiche misogene con coltelli per strada. Probabilmente morirai di cancro o un’incidente stradale, queste 2 sono quelle più alte in italia.",MBlanco8,2023-12-03T17:39:28,2,Italia,https://reddit.com/r/Italia/comments/189phw3/perchè_proprio_a_noi/kbu6eg4/
188ygnn,,kbr4a1a,"In salento credo sia dovuto all'estate dove la gente si spacca e si ""diverte"" finendo a 150 km orari sulle tangenziali",Mother-Acadia-8050,2023-12-03T00:46:44,1,Italia,https://reddit.com/r/Italia/comments/188ygnn/morti_per_incidenti_stradali/kbr4a1a/
188ygnn,,kbqikgn,"Mi sorprende che la provincia di Lecce non sia rosso scuro, ho perso il conto di quante auto ho notato montare gomme da neve in piena estate, che naturalmente diventano lisce, e puntualmente alle prime piogge crepano in rotonda loro soli.",FBlack,2023-12-02T22:12:16,1,Italia,https://reddit.com/r/Italia/comments/188ygnn/morti_per_incidenti_stradali/kbqikgn/
18933xu,,kbphcgl,"Ma guarda ai primi 3 mojito che salvini beve questa estate gli sussurra in un orecchio "" pieni poteri"" e il governo cade da a una settimana",Mediocre_Echo8427,2023-12-02T18:01:27,2,Italia,https://reddit.com/r/Italia/comments/18933xu/ma_sto_governo_ha_fatto_almeno_una_cosa_buona/kbphcgl/
1888e3w,,kbomtug,"Non hai fallito, hai un bel po di sfiga, era dal 2009 che non si vedeva un anno così  stretto a livello di liquidità. Per abbassare l’inflazione non hanno solo alzato i tassi ma dato una stretta alle policy per erogare fondi. Lo shock di liquidità che si è creato è stato efficace, vedi le previsioni sull’inflazione, ma ha messo in una brutta situazione molte aziende. Per la prossima volta ti consiglio crif e cerved di tutte le aziende clienti PRIMA di iniziare il lavoro, almeno quando si tratta di Smart&start e bandi a debito. In generale come sai gli aiuti alle imprese o danno aiuti a prendere debito oppure coinvestono restituendoti parte dei soldi DOPO che li hai spesi. Questo è un concetto che a molte imprese sfugge, assumono un consulente “prendono” 50k e poi non hanno i soldi per prenderli (e per il consulente). Il report inviato da banca Italia è superficiale, quando le banche valutano i finanziamenti quello non lo guardano neanche.
La questione della rata 8 anni fa è strano perché per legge sono 36 mesi il massimo tempo per cui possono tenere i dati negativi, mentre non c’è limite per quelli positivi.
Figurati che a me hanno rifiutato una linea di credito con fideiussione perché quest’estate su uno dei conti secondari sono stato in rosso di 150€; inoltre ci sono state diverse richieste di accesso alle mie info SENZA un aumento del debito aziendale = altre banche hanno rifiutato di darmi credito, cosa non vera ho solo chiesto a molti enti per valutare le condizioni. Spero che una delle banche mi dia il finanziamento ma è un esempio di quanto rompano le palle oggi con il credito.
In definitiva non crucciarti sei stato super in gamba con tutto il resto, impara sempre dagli errori…fare impresa non vuol dire lavorare bene ma resistere alle sfighe più degli altri, da questo punto di vista una laurea in finanza dovrebbe aiutarti, gestisci sempre il rischio e ce la fai. In questo caso per metterti in proprio considerando il contesto europeo e italiano ti sarebbe servita liquidità per un anno in modo da traghettarti attraverso i tempi dei bandi e i cicli di fatturazione delle imprese. Se riesci a non chiudere ora e continuare a lavorare ci sono buone chance che l’anno prossimo a quest’ora si saranno riaperti i rubinetti, almeno in parte. Ah ultimo consiglio quando prendi i clienti sceglili con cura, so che non sempre è possibile ma per un consulente la somma dei propri clienti è vicina alla propria identità…se prendi buoni pagatori sarai un buon pagatore e così via…

P.s. Se offri ancora i tuoi servizi alle aziende scrivimi in dm, il mio consulente di finanza agevolata é inagibile per il momento.",Real-Strawberry-6073,2023-12-02T14:23:09,2,Italia,https://reddit.com/r/Italia/comments/1888e3w/doveva_essere_il_mio_anno_e_ieri_ho_perso_5554000/kbomtug/
188dlae,,kboljbs,"Nulla da dire, ma stan già iniziando a dire che in zone urbane e periurbane nessun nuovo fuoco è ammesso, quelli che lo hanno dovranno cominciare a montare filtri ciclonici/elettrofiltri ecc per abbattere le polveri. Poi cominceranno a non vendere più stufe nuove, mentre il pellet sale sempre più di prezzo. Poi inizieranno a vendere poco pellet...

Non è cosa di qui a domattina, ma considerando il costo di una stufa con relativa posa... Valuta in base al clima se non ti convenga una PdC aria-acqua con ventilconvettorini interni e degli split classici per l'estate...",ftrx,2023-12-02T14:11:54,1,Italia,https://reddit.com/r/Italia/comments/188dlae/stufa_a_pellet/kboljbs/
188hw3l,,kbo9ast,"Dipende da dove vivi, in zona abbastanza calda con fuori 8-10℃ si, mediamente il gioco vale la candela. In zone dove un minimo di freddo c'è in genere il gioco non vale la candela.

Diciamo che in termini molto grossolani il COP indica il fattore tra assorbimento elettrico e resa termica, es. COP 4 vuol dire che per 1000W assorbiti ne butti 4000W termici. Il costo al kWh termico del gas lo conosci, quello elettrico anche e fai il conto molto spannometrico. Il kWh elettrico costa di più del termico gas, ma con l'effetto pompa di calore semi-calcolato come COP spendi meno.

Il punto è che il COP è variabile, se fuori non fa granché freddo la resa è buona, se fa freddo molto meno. Non solo, se hai split classici li hai giustamente verso il soffitto perché il freddo scende, quindi per rinfrescare devono star in alto, mentre per scaldare servirebbero in basso... Per questo è bene avere una PdC aria-acqua (o acqua-acqua, prima che guardi il preventivo se non hai incentivi) con elemento in basso lato casa, split per l'estate.",ftrx,2023-12-02T12:07:58,2,Italia,https://reddit.com/r/Italia/comments/188hw3l/aumenti_gas_famiglia_con_bambini_costretta_a/kbo9ast/
18905vr,,kbo65me,"Perdonami ma dove avrei detto che mi sono capitate SOLO con le commesse?  
Non penso che se una persona sia gentile con me ci stia provando, soprattutto se sta lavorando perché so benissimo pure io, con la mia limitata esperienza nel lavoro col pubblico, che quella gentilezza sia una sorta di obbligo.

Detto questo non ho intenzione di sentirmi in colpa o sbagliato se, esempio di quest'estate, dopo aver pranzato al ristorante, fatto due chiacchere con la ragazza che lavorava lì (riguardo la città che stavo visitando e i viaggi in generale, nulla di che) ho pensato ""cavolo, è carina, mi sembra simpatica e alla mano, non mi dispiacerebbe conoscerla meglio"".  
È la stessa identica cosa che ho pensato più volte parlando con ragazze al bar (non bariste...) o in giro, non ho pensato che ci stesse provando o altro.

E credo che se avessi voluto fare qualcosa per approfondire questa conoscenza il modo migliore sarebbe stato lasciarle il numero su un biglietto che avrebbe potuto cestinare 2 secondi dopo invece che metterla a disagio chiedendole il suo o sorvegliando il locale aspettando che andasse in pausa...",Tetuz,2023-12-02T11:27:40,9,Italia,https://reddit.com/r/Italia/comments/18905vr/manuale_del_bravo_cliente_sfogo_commessa/kbo65me/
188ygnn,,kbo51yx,"Mi vengono in mente strade come la Romea, la Transpolesana e la regionale 443 (che ho sentito definire come ""Romea commerciale""), tutte e tre strade trafficate e messe non proprio bene. Soprattutto per la Romea, oltre al fatto che il traffico è più elevato d'estate, i comuni si mettono a fare i lavori proprio durante quel periodo, aggravando ancora di più la penosa situazione di traffico che si va a formare. Una cosa che detesto è che pensano di sistemare la situazione a son di velox, quando a mio avviso non risolvono il problema.",UnsafeItalianDish,2023-12-02T11:12:55,5,Italia,https://reddit.com/r/Italia/comments/188ygnn/morti_per_incidenti_stradali/kbo51yx/
1888xs2,,kbnztlo,"borghi e castelli lunigianesi e garfagnini di Fivizzano, Pontremoli, Bagnone, Gragnola, Barga, Castelnuovo Garfagnana in cerca di storia e cibo spettacolare a prezzi umani; in estate escursioni sulle Apuane e nelle grotte (Antro del Corchia e Grotta del Vento), sagre e percorsi in moto o naturalistici; in autunno in n cerca di funghi, castagne e dei meravigliosi colori ; in inverno si scia nei comprensori del Cimone e dell'Abetone.",RefrigeratorSlow3879,2023-12-02T09:59:45,2,Italia,https://reddit.com/r/Italia/comments/1888xs2/cosa_succede_qui/kbnztlo/
1888xs2,,kbnz7oj,"A primavera si gira per i borghi lunigianesi e garfagnini in cerca di sapori unici; in estate escursioni sulle Apuane e nelle grotte (Antro del Corchia e Grotta del Vento), sagre e percorsi in moto o naturalistici; in autunno funghi, castagne e colori spettacolari; in inverno si scia nei comprensori del Cimone e dell'Abetone. Purtroppo, però ,tocca lavorare.",RefrigeratorSlow3879,2023-12-02T09:51:02,1,Italia,https://reddit.com/r/Italia/comments/1888xs2/cosa_succede_qui/kbnz7oj/
188lc7p,,kblqaia,"Perché chiaramente la colpa è di chi emigra e non del sistema che è marcio fino al midollo.
Ho finito la quinta 3 anni fa (perito elettronico), dei miei amici hanno trovato da lavorare in Italia (nord-est), a chi è andata bene si beccava 1200€ al mese per 40h/settimana a mettere i pannelli solari sui tetti d’estate. 
A chi è andata male ne prendeva si e no 500€ in nero a fare l’elettricista. 
Io ho trovato un lavoro di 2 anni a Ginevra e prendo 4 volte il loro stipendio, pagando poco più che loro per vivere.
Io non devo un cazzo all’Italia per la mia istruzione, i miei genitori hanno pagato 18 anni di tasse per farmi studiare, non sono in debito con nessuno.",WoodsGiant1,2023-12-01T21:42:22,15,Italia,https://reddit.com/r/Italia/comments/188lc7p/immigrazione_problema_reale_o_fissazione_della/kblqaia/
1888xs2,,kbkrey6,"Sono davvero bei posti, quest’estate ci ho sbollito per una settimana campeggiando qua e là tra il Rovigo (il torrente) e il Santerno",minolasala,2023-12-01T18:02:46,6,Italia,https://reddit.com/r/Italia/comments/1888xs2/cosa_succede_qui/kbkrey6/
188bkck,,kbkh0d3,"Di norma e per questo motivo che vai lì, entri prendi e vai (o anche al drive) in poco tempo mangi qualcosa 

Ma ieri o ad orari di punta e totalmente inutile perché ti ritrovi ad aspettare nella confusione più totale (tra urla e schiamazzi)

Nella confusione dimenticano spesso qualcosa, salsa o una volta mi è successo che si so dimenticati di controllare se il concentrato di coca cola era finito e mi avevano dato un bicchiere di acqua colorata (non aveva proprio gusto vista la quantità irrisoria di concentrato) oppure in piena estate senza ghiaccio nella bevanda (sempre in momenti di punta)",IoSonoBatman,2023-12-01T16:59:49,1,Italia,https://reddit.com/r/Italia/comments/188bkck/la_fila_di_ieri_per_le_offerte_del_mcdonalds_è/kbkh0d3/
1888xs2,,kbk028e,"Li nel mezzo c'è la casa dei miei nonni, dei bei boschi e posti dove mangiare non costa un occhio, d'estate fa caldo ma la sera metti la felpa... Ci torno ogni volta che posso.
In ultimo, se hai la moto.... c'è la cisa!",w4v3st0rm,2023-12-01T15:13:18,38,Italia,https://reddit.com/r/Italia/comments/1888xs2/cosa_succede_qui/kbk028e/
18876e8,,kbjmghl,"Frasi fatte Che servono solo per farsi vedere intellettuali. È come guardarsi spensierato un cinepanettone ma essere cresciuti con Kubrick e Tarantino, è come mangiare un hot dog (o vedi esempio mac Donald) dopo aver già provato del filetto al pepe verde, è come bestemmiare da incazzato, nonostante due lauree ecc.

Sai che è ""sbagliato"", che le cose o gli atteggiamenti belli e buoni sono altre  te ne freghi e finché ti diverte farlo, lo fai lo stesso.

Il reggaeton è una merda, i pink Floyd hanno scritto la storia della musica e del rock (da the piper at the gates of dawn a the division bell).
Ma cazzo quando ascolto ""Ozuna"" respiro la brezza del mare, mi immagino la tizia sudamericane in bikini, mi immagino la Costa Verde di Lima in estate, Miraflores o Montañita in Ecuador. Ricordi, emozioni.

Anche il reggaeton è musica e ti dirò, emoziona.",Rakael88,2023-12-01T13:35:15,4,Italia,https://reddit.com/r/Italia/comments/18876e8/il_raggaeton_fa_schifo/kbjmghl/
18865mi,,kbjjl37,"so bene cosa intendi, per questo mi sono permessa di mettere bocca sull'argomento. da grandissima esponente dell'overthinking, e da persona che ha perso molteplici anni di studio per paura di fallire e di mostrarsi debole, posso dire che l'unica cosa che mi ha aiutato è davvero, ma davvero, toccare terra quando stai perdendo contatto con la realtà. un po' di grounding quando succede, analizza i dintorni, cerca gli oggetti del tuo colore preferito, senti gli odori nell'aria, esci nel balcone e guarda la vastità che ti circonda, e sentiti minuscolo, insignificante. ogni decisione che prendi è inutile, quindi tanto vale fai quello che ti pare. non voglio risultare superficiale, perché so quanto sia difficile, ma fin quando non inizi a ""raccontartela"" non vedrai cambiamenti. sdoppia la voce che hai nel cervello e crea una personalità sabotatrice dei pensieri che ti bloccano, come se fosse un cartone animato. all'inizio sarà stupidissimo e penserai non serva a niente, ma il gioco sta nell'analisi della situazione rimanendo a contatto con la realtà, e non all'analisi ossessiva delle circostanze. non gettare la spugna subito e prova a prenderlo come un vero esercizio, a me ha aiutato a sviluppare un pensiero critico oggettivo delle situazioni. un'altra cosa che a me aiuta molto, è ricordarmi che sono solo una specie di animale. secondo me siamo abituati a dare molto più valore del dovuto alle nostre azioni anche per via della presunzione subliminale di essere gli esseri che ""fanno la differenza"" nel mondo. non proprio, sei comunque parte di un meccanismo decisamente più grande, e nulla ha senso! quindi trovalo tu il senso. Zodiack Mack2, hai bisogno di raccontarti storie positive per pensare positivo. quello che ora interpreti come oggettività, è pura negatività, e sta sabotando i tuoi pensieri. hai bisogno di fare piccoli passi, come quest'estate. quello che sei riuscitp a migliorare non è perso (è proprio impossibile anzi!), hai solo perso di vista il punto. ma se c'è una cosa che penso davvero, è che l'essere umano per natura non rimane mai fermo, ma devi essere tu ad indirizzare il movimento verso dove desideri, non ci sono diagnosi che tengono. è pra di rimboccarsi le maniche!",Normal-Lunch8640,2023-12-01T13:11:25,2,Italia,https://reddit.com/r/Italia/comments/18865mi/qualè_la_linea_di_confine_fra_il_troppo_ed_il/kbjjl37/
18865mi,,kbjfj46,"Ha molto senso, e me lo ripeto ogni singolo giorno. Poi le arrivo davanti e non so più che fare.
Io in realtà soffro di overthinking. Per esempio, c'è stato un periodo, dopo che ci siamo ""conosciuti"", che nemmeno mi valutava. Poi ad una certa ha iniziato a venire a salutarmi lei, a chiedermi come stessi e tante cose. Poi ad una certa ha smesso, ora lo fa sporadicamente.

La mia conclusione? Se era un suo modo per provarci, ha dedotto, dalla mia innata freddezza, che non sono interessato e ci ha rinunciato. Sai quanto vorrei dirle che mi piace da morire? È facile, vai lì e lo dici. Poi però mi faccio mille film mentali su come ciò potrebbe rivolgersi contro di me. Hanno senso? No. Ma nella mia mente è possibile, e anzi è ovvio che accada, perché per quale motivo dovrei non farle schifo? Io quando parlo così mi sento un codardo e di fare la vittima, ma purtroppo è un sentimento radicato in me da, purtroppo, maestre delle elementari e compagni delle elementari, medie. 

Allora non ti hanno mai fatto complimenti?

Si. Tantissimi, in realtà, ma a questo non segue mai nulla. E poi, nella mia testa, penso che lo dicono solo per essere carine e simpatiche, e che non hanno veri e propri interessi. 

Del tipo ""oh sto taglio di capelli ti sta molto bene"". Lei mi ha fermato due volte per dirmelo, ma io non riesco a vederla come null'altro che un essere gentile da parte sua. Chiamami addormito, chiamami idiota, ma purtroppo questa maledetta testa bacata non è in grado di pensare ottimista. Tutto deve andare male. Poi se va bene è una sorpresa, ma se va male almeno era tutto come previsto. Questa situazione mi disgusta e mi opprime, e questa estate ho fatto un grande lavoro e sono migliorato parecchio, ma non quanto sperassi, a quanto pare...",ZODIACK_MACK2,2023-12-01T12:35:01,1,Italia,https://reddit.com/r/Italia/comments/18865mi/qualè_la_linea_di_confine_fra_il_troppo_ed_il/kbjfj46/
187p61o,,kbjeqo1,"Io ci sono tornato dopo anni via ed è stato un inferno. Estate con 38 gradi e inverni umidissimi con il freddo che ti entra nelle ossa. Poi il clima secondo me è ancora il meno, il luogo di per sé è anche bello se sei amante della montagna ma nel complesso è pesantissimo a livello sociale, un mortorio pieno di gente ignorante per la maggior parte",lorefighter,2023-12-01T12:27:27,2,Italia,https://reddit.com/r/Italia/comments/187p61o/luxottica_accorcia_la_settimana_lavorativa_a/kbjeqo1/
1883p3b,,kbj4qlu,"Io suggerisco di informarsi su media lontani dal Paese. Io uso L'Economist che ha anche il vantaggio di essere settimanale. E siccome è un settimanale, leggi solo le notizie più importanti, a livello mondiale, e non sono attaccati all'ultim'ora. Ci sono approfondimenti sui temi principali e se eviti di leggere roba nazionale filtra solo quello che è veramente importante, cioè le beghe di nessuna importanza non arrivano.
Capisco che quello è un po' costoso, se vuoi il New York Times ha un abbonamento veramente vantaggioso e puoi leggere le notizie internazionali da lì. Evita le Breaking News e vai direttamente agli approfondimenti, la sezione internazionale e leggi lì, così eviti pure tutti i fatti di cronaca, il freddo d'inverno e il caldo d'estate e la dichiarazione del capogruppo di minoranza all'ennesima inutile commissione  del senato.",JoeBeatsMike,2023-12-01T10:32:45,1,Italia,https://reddit.com/r/Italia/comments/1883p3b/dove_informarsi_correttamente/kbj4qlu/
1887fxa,,kbj2gct,"Se lo ripropongo,  stiamo tranquilli fino all'estate",aRandomForeigner,2023-12-01T10:01:56,2,Italia,https://reddit.com/r/Italia/comments/1887fxa/bonus_trasporti_ennesima_buffonata/kbj2gct/
187e0es,,kbixwa8,"Io ho cambiato lavoro proprio a 49 anni e questa estate l' ho ricambiato nuovamente.

Però confesso che se potessi gli ultimi anni di lavoro li farei volentieri in una PA proprio per vivere più tranquillamente lavorativamente parlando.",Onerepository,2023-12-01T08:58:16,2,Italia,https://reddit.com/r/Italia/comments/187e0es/mi_sono_rotto_di_lavorare_e_non_guadagnare/kbixwa8/
187p61o,,kbiwnex,Ricordo male o Belluno è una città climaticamente tremenda? Caldissima d'estate e freddissima d'inverno (con relativa umidità sempre alta)?,genesiPC,2023-12-01T08:40:55,3,Italia,https://reddit.com/r/Italia/comments/187p61o/luxottica_accorcia_la_settimana_lavorativa_a/kbiwnex/
187609g,,kbisr6f,"Non diciamo stronzate, non prendono neanche sul serio i casi di violenza da parte di uomini, a prescindere dal clima delle ultime settimane. 
Io stessa quest’estate ho assistito al pestaggio della mia vicina di casa da parte del compagno sotto casa mia, ho chiamato la polizia sottolineando più volte che avevo paura la ammazzasse, e gli stronzi non si sono neanche mai presentati",YoungBeautiful_C,2023-12-01T07:49:20,1,Italia,https://reddit.com/r/Italia/comments/187609g/sono_stato_molestato_e_non_cé_un_servizio_a_cui/kbisr6f/
187gdgz,,kbgm575,Stagionali in inverno e in estate. Conosco gente che faceva metà novembre-metà aprile e giugno-settembre.,antoWho,2023-11-30T21:44:59,1,Italia,https://reddit.com/r/Italia/comments/187gdgz/lavori_che_permettono_23_mesi_di_vacanza_anche/kbgm575/
187mzzc,,kbfmx2s,"Perché mia zia portò mio fratello e mia sorella al mare con lei per l' estate, con il benestare dei miei genitori che ebbero casa libera dai marmocchi, 38 anni fa.

Almeno, per me è così.",Pretty-Information53,2023-11-30T18:10:59,24,Italia,https://reddit.com/r/Italia/comments/187mzzc/perché_esistiamo/kbfmx2s/
187k7cx,,kbfjwd9,"Attualmente sto studiando e lavoro ogni tanto come cameriere. Non avendo un assunzione regolare nè lavorando in un unico posto non riesco a mettere da parte niente, se lavoro il fine settimana uso quei soldi per fare la spesa durante la settimana seguente. D'estate la situazione cambia, infatti quest'estate ho guadagnato 1400 euro a Giugno e Luglio di cui non ho messo da parte quasi niente (mi sono tolto qualche sfizio, ho fatto l'abbonamento annuale della palestra e spese simili), invece ad Agosto ho guadagnato 2100 euro e ne ho messi da parte 1600 (che poi se ne sono andati nei mesi tra spesa, ecc).

L'estate precedente è andata in modo simile, ma guadagnavo molto meno. Per avere 17 anni non posso lamentarmi.",stanzithebig,2023-11-30T17:52:54,1,Italia,https://reddit.com/r/Italia/comments/187k7cx/quanto_riuscite_a_mettere_da_parte_a_fine_mese/kbfjwd9/
187j6mq,,kbf945f,"Da persona che fa palestra e allenamenti ogni giorno e ha avuto la sfortuna di entrare a contatto con il mondo del BB, posso dirti che ci sono sport che richiedono molta, molta, molta, molta più disciplina del BB.

Ma molta di più. Basta che prendi il nuoto. Pensi che la Pellegrini facesse nuoto solo in estate al mare? Quella è gente che fa 6/8 ore di allenamenti al giorno. In palestra ci stai al massimo 2 ore al giorno e se fai le cose con calma e ti dopi.

Non c'è niente di disciplina nel BB, è più OCD misto a delusione e complessi di inferiorità.",InspectionNew5742,2023-11-30T16:48:06,1,Italia,https://reddit.com/r/Italia/comments/187j6mq/perchè_bodybuilding_e_powerlifting_vengono_ancora/kbf945f/
186n9ie,,kbex0e7,Mi piace come ragioni..comunque quindi deve rimanere l'ora di adesso anche d'estate secondo te?quindi che faccia buio alle 9 invece che alle 10?,TidderRocco,2023-11-30T15:33:19,2,Italia,https://reddit.com/r/Italia/comments/186n9ie/clima_del_nord_dellemisfero_boreale/kbex0e7/
187gdgz,,kbej1d9,"Stazioni sciistiche d’invero, d’estate stabilimenti balneari o gestore di rifugio. Sarebbero 8 mesi di vacanza se sei bravo a risparmiare.",alexsimi,2023-11-30T13:57:06,5,Italia,https://reddit.com/r/Italia/comments/187gdgz/lavori_che_permettono_23_mesi_di_vacanza_anche/kbej1d9/
187czqz,,kbeb6eo,"Sui treni, e' sempre possibile (estate o inverno) decidere se sedersi in un vagone dove c'e' troppo freddo, o in uno dove c'e' troppo caldo. Il giusto mezzo non l'ho mai trovato.

Non sono sicuro del perche' ma immagino che sia dovuto a mancanza di manutenzione.

In meta' delle carrozze, il climatizzatore non funziona affatto; nell'altra meta' e' solo il termostato a non funzionare.",SabretoothPenguin,2023-11-30T12:53:02,1,Italia,https://reddit.com/r/Italia/comments/187czqz/il_piano_malefico_di_trenitalia_per_far/kbeb6eo/
1000ilz,,j2eqzlg,Se in estate si può andare in spiaggia in vacanza non penso che la maggior parte delle persone se ne accorgerebbe,Dogghi,2022-12-31T18:48:15,2,Italia,https://reddit.com/r/Italia/comments/1000ilz/litalia_non_merita_lindipendenza/j2eqzlg/
zzv09l,,j2e5hse,">È una scena che avevo visto con i miei genitori da bambino e mi era rimasta impressa perché mi aveva fatto molto ridere, erano anni che la cercavo.

Da bambino, quindi l'hai vista in una delle occasioni in cui era stata trasmessa il 18, il 25 ottobre , il 1° e l'8 novembre 1975? O in una delle repliche che ogni tanto trasmette la RAI, specie d'estate?",Melopsittaco,2022-12-31T16:23:48,1,Italia,https://reddit.com/r/Italia/comments/zzv09l/cerco_film_con_paolo_villaggio_credo/j2e5hse/
zz8iyq,,j2djude,"-Idem quest anno dopo l estate e essermi diplomato ho avuto un bello schiaffo dalla vita che mi ha fatto svegliare, pensavo di andare all università in polleg e anche se non ci entravo trovavo subito lavoro come programmatore invece il cazzo non sono riuscito ad entrare all uni  che volevo e nemmeno trovare un lavoro per cui ho studiato. 2023 nuova mentalità  studiare e lavorare a testa bassa e poche parole",kguek,2022-12-31T13:33:09,1,Italia,https://reddit.com/r/Italia/comments/zz8iyq/qual_è_la_lezione_che_avete_imparato_nel_2022/j2djude/
zzdn08,,j2d1ce8,"Sono cameriere d’estate,posso dirti che mi è stato chiesto se si potesse fare un panino con la pizza dentro",ConfidentAd578,2022-12-31T09:40:11,3,Italia,https://reddit.com/r/Italia/comments/zzdn08/chef_di_reddit_qual_è_stata_la_richiesta_più/j2d1ce8/
zzgxdg,,j2cx8g6,devono aspettare l'estate così con l'arrivo del caldo possono spingere sul riscaldamento globale.,Nyilamx,2022-12-31T08:44:10,-2,Italia,https://reddit.com/r/Italia/comments/zzgxdg/il_covid_sta_tornando_che_ne_pensate/j2cx8g6/
zyyibj,,j2cbif9,"Sinceramente basta, io non la porto piú da quest'estate.
Ho fatto il mio dovere da cittadino due anni ma adesso basta, sono tornato a una specie di normalità.
Ad un certo punto bisogna andare avanti, se no si vive nell'angoscia perpetua.",_orange_wedge_,2022-12-31T04:42:47,3,Italia,https://reddit.com/r/Italia/comments/zyyibj/covid_circolare_ministero_se_peggiora_valutare/j2cbif9/
zz8iyq,,j2au6hw,Si ma non ci sono più i lunghi e rigidi inverni di una volta; fra un attimo è di nuovo estate,LevJveL,2022-12-30T22:05:20,5,Italia,https://reddit.com/r/Italia/comments/zz8iyq/qual_è_la_lezione_che_avete_imparato_nel_2022/j2au6hw/
zyvogo,,j28zcif,"Io mi sono diplomato quest'anno e devo dire che non ho mai particolarmente amato leggere. Ricordo che nell'estate tra la 4 e la 5 liceo la prof ci diede 5 libri da leggere, ma non come lettura estiva, potevamo leggerli anche durante l'anno perché su di questi avremmo fatto verifiche e prove orali (e li avrebbe anche chiesti alla maturità, erano La Coscienza di Zeno / Uno, Nessuno, Centomila / Fu Mattia Pascal / I Malavoglia / Mastro Dongesualdo). Ti dico solo che forse li avranno letti in 2 persone sui 15 che eravamo.
L'unica cosa che ho letto con piacere era stata La Chimera di Sebastiano Vassalli che la prof ci diede come lettura durante l'anno della 2 liceo. Quel libro lo iniziai il pomeriggio prima della giornata di riconsegna ma lo amai così tanto che finii di leggerlo alle 2 di notte. Avevo avuto una simile esperienza anche con Il Barone Rampante ma lo avevo iniziato ancora più tardi e arrivai solo a metà. 
In 1 e 2 la prof ci leggeva i promessi sposi e mi rilassava molto... e anche La Divina Commedia mi era piaciuta molto.
Però non credo che leggere stia diventando una attività ""morta"", di solito su TikTok vedo molti coetanei che parlano di libri e leggono molto",-Wahab-,2022-12-30T14:49:58,1,Italia,https://reddit.com/r/Italia/comments/zyvogo/italiani_che_leggono/j28zcif/
zyvogo,,j28ijdw,"Liceale anche io, ultimo anno. Quando ero più piccolo leggevo molto e mi piaceva anche, poi la passione mi è progressivamente passata anche per colpa della scuola (che fa cagare in Italia e su questo non ci piove) che imponeva decine di libri da leggere in pochissimo tempo (ovviamente grandi classici della letteratura italiana che onestamente non capisco il perché di questa ""importanza"" che hanno), la cosa più bella è stata quest'estate dove avremmo dovuto leggere 13 libri in 3 mesi; di questo 13 libri c'erano anche il fu Mattia Pascal, i malavoglia, rosso malpelo, il Gattopardo e tanti altri libri sopravvalutati, complicati e onestamente poco interessanti. Questa cosa ha cominciato a trasformarla da passione a obbligo e quindi ero molto meno invogliato a leggere. Oltre a questo, sono una persona molto attiva, faccio veramente fatica a stare lì a leggere un libro, mi sembra tempo sprecato, preferisco piuttosto fare ricerca principalmente storica dove anche lì leggo, ma lo vedo diversamente, non so perché. Questo per dire che leggevo tanto, adesso leggo molto poco e solo cose su tematiche precise",angry-af-banana,2022-12-30T12:20:40,0,Italia,https://reddit.com/r/Italia/comments/zyvogo/italiani_che_leggono/j28ijdw/
zyvogo,,j2873zc,"Io leggo molto, quest'anno sono riuscita a leggere 25 libri, ma purtroppo con la scuola e il resto degli impegni riesco a dedicare a questa passione poco del mio tempo, dedicando poi praticamente ľintera estate alla lettura.
Per quello che riguarda la mia esperienza personale posso dire che è vero che i giovani leggano poco, o addirittura non leggano nulla. Spesso è dovuto al fatto che non a tutti piace leggere e preferiscano dedicarsi ad altri hobby, ma anche perché ormai siamo in un mondo pieno di distrazioni, come i social. Ho sempre notato che però le azioni messe in atto da alcuni professori per farci avvicinare alla lettura hanno sempre avuto ľeffetto contrario, in quanto alla fine tutti vedevano il libro come solo un compito da svolgere e cercavano i vari dati e il riassunto su Google, non aprendolo nemmeno a volte. Penso che sia inutile obbligare qualcuno a fare qualcosa che non gli piace perché alla fine lo odierà e basta, è molto più utile lasciare che le persone si avvicinino da sole a questo hobby, magari seguendo ľesempio di qualcun altro ma senza imporre nulla",Giadak13,2022-12-30T09:53:06,2,Italia,https://reddit.com/r/Italia/comments/zyvogo/italiani_che_leggono/j2873zc/
zyd12o,,j281ivb,"Beh la prima cosa sarebbe vedere cosa puoi fare, nel senso che un negozio a meno che non sia qualcosa di particolare non ha spazio per pannelli solari... Considera che un pannello commerciale corrente è un po' meno di 2m², dimensioni tipiche circa 170x100cm, l'esposizione ideale è pieno sud, l'angolo varia in base a quale stagione cerchi di coprire meglio, io onestamente per un negozio consiglierei di privilegiare primavera-estate per l'aria condizionata, quindi più o meno ovunque tu stia nello stivale hai un angolo tra i 30° ed i 40°. I pannelli correnti sono 375-420Wp secondo vendor e generazione.

Puoi simulare un impianto, ma non farti entusiasmare dai kWh/anno mementando che tu consumi non solo nelle ore di sole: https://ec.europa.eu/jrc/en/pvgis in teoria permette di conteggiare le ombre, ma devi fornirgliele tu e non è banale fare un file orizzonte realistico in casa.

Immagino che avrai molte luci, potenti, alogene, quindi avrai 3-4kW costanti o giù di li per loro se il negozio è ""medio"" (50-120²) controlla il contatore per vedere cosa è realmente quando non hai riscaldamento/raffrescamento accesi. Se non mi sbaglio dovresti puntare su un impianto tra i 5 e gli 8kWp che vuol dire una bella superficie di pannelli... Non esattamente la tettoia davanti alla vetrina...

Considera che la produzione ""utile"" in primavera-estate parte tra le 9-9.30 e le 17-17.30 per il pieno sud, guadagni un po' più d'un'ora alla sera se hai qualche pannello ad ovest (es. II stringa su un inverte classico) e un po' meno di una al mattino se hai qualcosa ad est, ovviamente assumendo l'assenza di ostacolo naturali. Se sei nel sud Italia aumenta un po' questi di ancora 20'.

SE riesci come spazi esterni per i pannelli che non hai ingombri ecc probabilmente riuscirai a risparmiare un 40-55% della bolletta attuale, FORSE poco di più secondo i consumi. La stima non è banale ma rientra in media nella forchetta summenzionata. Ovvero genericamente comunque ripaghi l'impianto, non super in fretta ma lo ripaghi. Ovvero non sono soldi buttati, non ti aspettare però di farci chissà che affarone.",ftrx,2022-12-30T08:37:23,1,Italia,https://reddit.com/r/Italia/comments/zyd12o/investire_piccolo_impianto_fotovoltaico_pro_e/j281ivb/
zy4667,,j2819x8,Vicino a Camponarino dov’e ho passato i miei primi 20 estate !,labonave,2022-12-30T08:34:10,1,Italia,https://reddit.com/r/Italia/comments/zy4667/termoli_italy/j2819x8/
zyivdn,,j27vsfr,Preferisci due bombe ogni tanto ed avere le tasche e lo stomaco pieno oppure ondate di calore ogni estate ed essere precario a vita?,FringoloFrangolo,2022-12-30T07:24:19,1,Italia,https://reddit.com/r/Italia/comments/zyivdn/tangentopoli_non_sarebbe_mai_dovuta_accadere/j27vsfr/
zy7056,,j26a2ma,"Non è stata la cosa più sexy ma di sicuro quella che mi è rimasta più impressa

Io: “allora tu sei la cugina sadica”
Lei: “conoscimi meglio e a quel punto me lo potrai dire (sorriso magnetico)”

Era la cugina di una mia amica, chimica instantanea, lei aveva un sorriso impressionante. (Spero proprio di rivederla quest’estate)",Pierthorsp,2022-12-29T23:31:55,3,Italia,https://reddit.com/r/Italia/comments/zy7056/quale_è_la_cosa_piu_sexy_che_ti_abbbiano_detto/j26a2ma/
zy1zkg,,j25ptbs,"Io sono veramente spaventato all'idea di rifare un estate come questa, son stato malissimo dalla caldo.",Ynneb82,2022-12-29T21:15:41,1,Italia,https://reddit.com/r/Italia/comments/zy1zkg/si_però_vorrei_anche_vedere_linverno/j25ptbs/
zy1zkg,,j25nayp,Ho paura dell'estate,thegrandegenio,2022-12-29T20:59:12,4,Italia,https://reddit.com/r/Italia/comments/zy1zkg/si_però_vorrei_anche_vedere_linverno/j25nayp/
zyd12o,,j25lou9,"Impianto personale, autocostruito (legale qui, Francia, ove ogni impianto elettrico è certificato da un ente terzo pubblico, il CONSUEL, non dal privato ""approvato"" che l'ha realizzato, ovviamente illegale in Italia):

 - costo all'ora, SENZA batteria ~3800€ SENZA batteria per 5kWp, CON batteria (relativo inverter batteria ecc) 8kWh LiFeP 11.500€;

 - risparmio annuo SENZA batteria ~ il 50% dei consumi, ma in casa nuova, ovvero tutto elettrico e con consumi almeno in parte schedulabili (es. acqua calda in pallone da 300l che scalda una volta al giorno quando c'è il sole e basta per 1.5 giorni);

 - impianto con pannelli al suolo, avendo spazio li, a tetto sarebbe costato meno di supporti ma più di manodopera perché anche per motivi assicurativi non l'avrei realizzato da solo;

 - costi oggi? Beh considera un raddoppio con grossi problemi di approvvigionamento, ovvero ordini evasi anche dopo 4-6 mesi.

Costi di un'impresa? Non vuoi saperlo ma penso ben oltre il doppio del doppio. Amici in Italia che volevan copiarmi han ricevuto preventivi FOLLI tra l'altro la maggior parte di questi stesi da imprese che non so se chiamare truffaldine o incompetenti (proposte illogiche per i loro bisogni e in generale, tipo microinverter per un f.v. a tetto pieno sud bello largo e senza ombre, con sottotetto e cantina liberi per inverter e scatola termici/parafulmine ecc, inutili ""ottimizzatori"" per singolo pannello quando molti inverter gestiscono le ombre meglio da soli, assurde trovate come relé rapidi per l'isolamento di un impianto SENZA batteria peraltro con inverter che anche con batteria NON li richiede per legge ecc).

Obiettivo concreto che consiglio: AUTOCONSUMO. Vendere la luce qui paga 10 cent al kWh per gli impianti a tetto, 6 cent per quelli al suolo. Nel libero mercato pagano poco di più ma hai da legarti a contratti del menga. Paghi inoltre tu dei ""costi di trasporto dell'energia"" al dispacciamento (Terna, in Italia) qui di circa 11€. In autoconsumo vuol dire semplicemente che consumi la corrente che fai. Se hai la vendita del surplus quando lo hai lo vendi a prezzi irrisori. In Italia so che esistono schemi tariffari di compensazione della serie ""oggi hai venduto tot alla rete, la rete di fa pagar di meno i primi tot che consumerai la notte"".

Potenze: 5kWp (p == picco, potenza massima che puoi produrre) sono 4.8-5 tra primavera estate senza un'ombra di nuvole, 3.qualcosa a questa stagione di nuovo se non c'è un'ombra di nuvoletta.

Problemi: produci quando c'è il sole. Se sei al lavoro in quelle ore è arduo autoconsumare abbastanza. L'IoT ""smart"" servirebbe a questo ma sul mercato c'è il vuoto pneumatico sul tema o quasi.

In pratica si stima un ritorno d'investimento sui 10 anni, ovvero senza batteria dopo 10 anni di lavoro dell'impianto l'hai ripagato e cominci a guadagnare, con batteria le stime sono aleatorie: hai la garanzia di aver energia se manca la luce, ma se scarichi più del 10-15% la batteria ogni giorno dopo 5 anni è da buttare. Siccome costa un botto in genere ha senso metterla e dimensionarla solo per passare sotto batteria da un giorno di sole a quello dopo per gli usi ""critici"" di casa e non oltre.

Per il resto chiedi pure quel che vuoi :-)",ftrx,2022-12-29T20:48:42,2,Italia,https://reddit.com/r/Italia/comments/zyd12o/investire_piccolo_impianto_fotovoltaico_pro_e/j25lou9/
zy7lah,,j25ez2b,Sto pensando di comprare una gonna e metterla in casa d’estate per combattere il caldo. Conta?,Frank_Cy,2022-12-29T20:04:57,3,Italia,https://reddit.com/r/Italia/comments/zy7lah/crossdressing/j25ez2b/
zybyte,,j25asfl,"Piango perché non posso neanche investire in fixed income a casua dei tassi di oggi. Poi magari li investo in oro, real estate, commodities e rinnovabili, tanto tra poco non basteranno neanche a comprarsi una casa pseudo decente.
Se mi gira una parte li investo in stocks di aziende che mi sembrano simpatiche",ImRiven_,2022-12-29T19:37:57,1,Italia,https://reddit.com/r/Italia/comments/zybyte/un_milione_di/j25asfl/
zy7056,,j24kxje,"Stavamo scopando in estate senza aria condizionata, ad un certo punto mi sono fermato e ho chiesto scusa perché stavo gocciolando su di lei e lei rispose ""tu non ti preoccupare e continua ad andare che adesso ti faccio gocciolare io"".

Ci penso a distanza di due decenni, la mia amica dell'Università favorita.",luckymethod,2022-12-29T16:52:11,112,Italia,https://reddit.com/r/Italia/comments/zy7056/quale_è_la_cosa_piu_sexy_che_ti_abbbiano_detto/j24kxje/
zd5k92,,j244qjq,"Beh io ti dico la mia: ho fatto quest'estate un viaggio in Europa: sono partito da casa con la macchina, sono andato verso nord fino a capo nord, e poi sono tornato attraverso l'est Europa. Tutto in solitaria, in 34 giorni

persone conosciute: 5, persone con cui mi sento ancora: 0

non mi sono annoiato, ho fatto tutto quello che volevo con le mie tempistiche, che è un pro.

Però ero in Europa, le persone, gli stati, i modi di fare, di pensare, sono diversi, ma qualcosa in comune lo abbiamo, la lingua inglese è in comune, il modo di vivere è simile.

ma pensa ad un viaggio in sud America, o in Africa, culture totalmente diverse, modi di pensare, condizioni di vita che noi nemmeno riusciamo ad immaginare. 

Due ragazzi che conosco sono andati in tour in Sud America alcuni mesi, viaggiando in diversi stati, 3 volte hanno cercato di rubargli lo zaino, una volta gli hanno preso di mano il telefono. 

Questo per dirti che, per certi viaggi è meglio un gruppo organizzato, anche con sconosciuti, tralasciando weroad e ancor di più avventure nel mondo, che con prezzi alti danno poco, e ti fanno dormire in bettole (esperienza personale). leggevo l'altro giorno una recensione di weroad in cui l'hotel era talmente scarso che hanno trovato gli scarafaggi...

Però di tour operator simili ce ne sono tanti, che offrono di più, ad un prezzo magari un pelo più alto, ma sulla qualità e sicurezza io non bado se devo spendere 200€ in più",Steilblasco,2022-12-29T15:02:54,1,Italia,https://reddit.com/r/Italia/comments/zd5k92/viaggiare_da_soli_parliamone/j244qjq/
zy1zkg,,j2434rl,"Qua a Bologna ottobre ha avuto - 99,6% di precipitazioni sulla media del periodo. I prati erano secchi come in estate",Dottor_Nesciu,2022-12-29T14:51:03,12,Italia,https://reddit.com/r/Italia/comments/zy1zkg/si_però_vorrei_anche_vedere_linverno/j2434rl/
zy0vs7,,j23ujlz,">Peró sì secondo me la diffusione estrema dell’AC d’estate è un po’ colpa loro

Mah guarda, io ricordo che da piccolo non ho mai avuto area condizionata in casa. Ma queste estati sono troppo calde, non è mai normale essere a 40 gradi in Campania.

>ha tirato qualche colpo per scacciare dei gatti selvatici che continuavano a pisciare sul portico

Hahahah, comunque è diverso...adesso puoi letteralmente uccidere un cinghiale o una quaglia in strada, davanti a tutti e portartelo a casa.

>mi riferivo a canzoni, pubblicità, ecc

Beh oddio, just eat la pubblicità è uguale a quella trasmessa in America. Se ne vedono sempre di più in inglese e stesso per i cantanti, l'esempio più eclatante sono i Maneskin",wwwmipiacitu,2022-12-29T13:42:29,0,Italia,https://reddit.com/r/Italia/comments/zy0vs7/noi_italiani_siamo_vassalli_degli_statunitensi/j23ujlz/
zy0vs7,,j23tu0m,"Mah non so te ma negli anni 80 mio padre ha tirato qualche colpo per scacciare dei gatti selvatici che continuavano a pisciare sul portico e nessuno ha aperto bocca. Al giorno d’oggi sarebbe da arresto immediato. 

Io comunque mi riferivo a canzoni, pubblicità, ecc

So di artisti americani famosissimi che da noi sono sconosciuti

Peró sì secondo me la diffusione estrema dell’AC d’estate è un po’ colpa loro

Idem per l’eliminazione delle turche nei cessi, che facevano inorridire gli americani ma ai locali andavano bene",ElisaEffe24,2022-12-29T13:36:15,3,Italia,https://reddit.com/r/Italia/comments/zy0vs7/noi_italiani_siamo_vassalli_degli_statunitensi/j23tu0m/
zxz6mc,,j23rqa4,"Dipende: se fai abbastanza km/anno entro il range di ritorno e puoi caricare a casa costa comunque come un diesel da 78km/l, ovvero il costo maggiore iniziale (con eventuali incentivi) riesci ad ammortizzarlo col risparmio di carburante. Come abbastanza parlo di 18-25.000km/anno.

Personalmente ho del f.v. e una piccola elettrica (MG ZS EV 2022) e beh... D'estate la carichi SOLO se fai davvero pochi km e sei a casa qualche giorno di fila, d'inverno se c'è il sole riesci a fare una minima percentuale della carica, purtroppo per evoluzione a guida privata al posto di pubblica ricerca vi sono limiti RIDICOLI sulle ricariche, dovute all'imbecillità dei soggetti che l'han progettate senza davvero possedere ed usare loro per primi quel che stavan disegnando che IMPEDISCONO un uso efficacie del solare e dell'auto.

Es. le batterie delle auto sono quasi tutte 400V al litio, le stesse che si usano nel coevo stoccaggio domestico. Ovvero potenzialmente come l'inverter solare ibrido le ricarica in CC direttamente dai suoi MPPT così potrebbe ricaricare l'auto usando SOLO il surplus della produzione f.v. del momento. Ma no. La ricarica è: inverter solare genere CA 240V classica (perdita ~10%). Inverter dell'auto passa da 240V a 400V CC (perdita ~25-30%) e per di più NON PUÒ caricare a potenza variabile. Imposti quanti A usare a inizio carica e questi restano costanti sino alla fine. In pratica perdi il 40% di quel che potresti avere con MOLTA MENO ROBA IN MEZZO a costi molto minori perché appunto mancano standard e progetti pensati per questo uso, senza contare i costi assurdi che han preso le colonnine domestiche (che son semplici prese eh! L'elettronica aggiunta è poca cosa per monitoraggio e misura) e gli inverter f.v...

Però posso dirti che per me ~15.000km/anno a simulazioni fatte, abbastanza confermate per ora, arrivo praticamente alla pari tra diesel (costi della Francia, oggi poco sopra l'Italia) ed elettrico. Con i benefit a lato (accesso ZTL, parcheggi a pagamento gratis ecc CASO PER CASO in un infernale ma abbastanza comune ginepraio) vado quasi alla pari. Mi turba solo l'assicurazione che è il doppio di una termica classica essendo ""tecnologie nuove su cui non abbiamo abbastanza dati"". Poi c'è lo schema di truffa degli incentivi locali che PER ORA, da qualche anno sono semplice sconto di stato sul prezzo d'un veicolo, che tu ne riconsegni uno termico o meno, quindi oggi l'aumento di valore dell'usato elettrico (si, hai letto bene) rispetto all'aumento del prezzo del nuovo è compensato quasi dagli incentivi, ovvero cambiando auto ogni anno quasi spendi solo l'immatricolazione e la burocrazia al corredo. PER ORA ovviamente, non durerà, ma per ora è così e siccome i prezzi salgono, la mia auto oggi con 11.000km vale di più del nuovo di allora con qualche migliaio di euro extra, poco meno di quante migliaia è montato il prezzo dello stesso modello nuovo, unito al fatto che tu ordini oggi al prezzo d'oggi ma ricevi tra un anno beh... Alla fine mi conviene di poco.

Sono in una nicchia, ma questa nicchia non è così élitaria e si sta allargando. Anche in Italia immagino spariranno gli ""sconti carburante"" di stato ad es. Più città metteranno blocchi per - di EuroX ecc...

Ergo... Anche se per tanti aspetti è un bidone e ad oggi siamo al limite dell'inizio dell'usabilità la direzione presa e de facto accettata dalle masse è questa, più tardi arrivi più ti costerà caro IMO e pure un po' IME...",ftrx,2022-12-29T13:16:50,1,Italia,https://reddit.com/r/Italia/comments/zxz6mc/rapporto_autostipendio/j23rqa4/
zy1zkg,,j23qvhl,Io invece dopo l'estate di quest'anno ho iniziato ad odiare il caldo.,FringoloFrangolo,2022-12-29T13:08:28,4,Italia,https://reddit.com/r/Italia/comments/zy1zkg/si_però_vorrei_anche_vedere_linverno/j23qvhl/
zy1zkg,,j23pxdq,"È anche troppo secco, serve più acqua per compensare il 2022 e superare l'estate 2023.

In generale credo che dovremmo già orientarci verso una strategia di coping. Invasi, riduzione del consumo idrico dell'agricoltura e delle perdite, urbanistica, passatemi il termine, resiliente (più alberi, edifici isolanti, etc)... Non è solo una questione di CO2",Dottor_Nesciu,2022-12-29T12:59:04,69,Italia,https://reddit.com/r/Italia/comments/zy1zkg/si_però_vorrei_anche_vedere_linverno/j23pxdq/
zx8tbn,,j237yz8,"A parte che c’è tutta la zona del Carmine che è viva e movimentata come e di più di piazzale Arnaldo, ma comunque: “bere in piazzette” è esattamente come la gente mediamente spende le serate in compagnia in ogni angolo d’Italia (se non d’Europa), inevitabile che il grosso dell’offerta in tal senso si orienti li. Poi se cerchi cinema, teatri, etc ci sono anche quelli. 
Tutto questo per ribadire quindi che: la movida c’è e anzi, rispetto ad altre città analoghe in dimensioni / tipologia, è anche piuttosto viva, oltre ad offrire numerose varianti “stagionali” (i.e. i laghi d’estate). E no, non è vero che è una città a misura di 40enne o di ragazzino che si chiude nel baretto dei cinesi.

Poi, che dopo 30 anni possa risultare ripetitiva, non c’è dubbio ma quello vale anche per Milano, Barcellona o Berlino (giusto per citarne 3 molto note per la vita giovanile), figuriamoci per una città più piccola. 

Chiosa sulla gente del centro storico: vero che si conoscono tutti (anche perché si tratta di un quartiere ragionevolmente piccolo e con un ceto sociale mediamente alto) ma anche qui, non capisco cosa c’entri col fatto che ci siano effettivamente cose o meno da fare in città nel weekend.",xyz2711,2022-12-29T09:11:09,1,Italia,https://reddit.com/r/Italia/comments/zx8tbn/perché_fa_così_schifo_per_un_giovane_vivere_al_sud/j237yz8/
zx8tbn,,j206zaq,"No perché al mare ci si va d'estate e noi siamo occupati con i nostri lavori stagionali da 16 h al giorno per 950€ al mese.

Saluti dalla Sardegna",Saddelirium,2022-12-28T18:32:19,42,Italia,https://reddit.com/r/Italia/comments/zx8tbn/perché_fa_così_schifo_per_un_giovane_vivere_al_sud/j206zaq/
zx8tbn,,j200b6k,"Premessa: bresciano born and raised

Mi sembra una descrizione più della provincia abbastanza profonda che della città, che nel weekend è molto viva, con movida giovanile abbastanza diffusa. 
Poi, dipende molto dalle persone: pur venendo dall’hinterland (quindi a 10min dal centro), anche io ho tanti conoscenti che si chiudono al bar del paese, ma volendo l’opportunità per fare cose un po’ più carine c’è. Certo, non è come a Milano, ma quando mi sono trovato a visitare città di dimensione analoga, sia in Italia che all’estero, sinceramente non ho mai trovato chissà quale movimento in più. Poi, ovviamente, dopo 30anni che ci vivi anche Manhattan diventerebbe ripetitiva :) 

Infine, lasciami dire una cosa: scusa ma dire che il lago di Garda d’estate (una delle mete turistiche più visitate d’Italia) non offra molto oltre ai tedeschi mi fa dubitare che tu ci sia mai stato :)",xyz2711,2022-12-28T17:48:40,6,Italia,https://reddit.com/r/Italia/comments/zx8tbn/perché_fa_così_schifo_per_un_giovane_vivere_al_sud/j200b6k/
zx8tbn,,j1zx2gj,"Al sud siete molti giovani. Al nord se abiti in una città o provincia modesta come Brescia e non hai la macchina non c'è niente e di ragazzi nel tuo paese o zona siete in 3. Quando viaggio fuori da Brescia al sud o all'estero in Paesi meno anziani si vede moltissimo. Qui è come se fosse tutto adibito a 30/40+. Molti paesani che conosco passano il pomeriggio o il Sabato sera al bar dei cinesi in paese e il weekend in una discoteca squallida in un zona industriale anche a 30km in cui si va perché sennò ""eh non facciamo mai un cazzo! C'è x e y che ci vanno, dai"". Almeno a Brescia abbiamo il lago e d'estate c'è movida ed è bello ma Tedeschi a parte non c'è granché. Non mi immagino chi abiti in pianura pianura. L'unica soluzione a quel punto è andare a Milano",leshmi,2022-12-28T17:27:34,3,Italia,https://reddit.com/r/Italia/comments/zx8tbn/perché_fa_così_schifo_per_un_giovane_vivere_al_sud/j1zx2gj/
zx8tbn,,j1zvrn5,"Bah, secondo me solo per una questione lavorativa.

Vivo in Emilia Romagna e già soltanto respirare quello schifo di PM2.5 letteralmente tutto l’anno, mi fa stare male.
Il cibo è sopravvalutato.
La città è “sterile”, grigia.
Il clima non è stemperato dal mare (in inverno fa più freddo e in estate più caldo).
L’umidità (e la muffa) è letteralmente a secchiate.

Occhio a idolatrare il nord e disprezzare il sud.
Entrambi hanno pro e contro, lo puoi capire solo vivendo in entrambi i posti.",Heisenberg_9373,2022-12-28T17:19:07,7,Italia,https://reddit.com/r/Italia/comments/zx8tbn/perché_fa_così_schifo_per_un_giovane_vivere_al_sud/j1zvrn5/
zx8tbn,,j1zu4yd,"Conosco molti ragazzi pugliesi che sono andati via nonostante vivessero in zone fatte ad hoc per la ""movida"" notturna. Il problema del Sud e che gran parte dei delinquenti ormai vivono di discoteche (che sono gli unici posti dove passare una serata al Sud). La restante parte vive di erba e di alcool. Al contrario al Nord DOPO AVER STACCATO DAL LAVORO, molte comitive si incontrano al di fuori in qualche locale/pub più soft e con una clientela migliore. 

Situazione accaduta realmente:

-Veneto:
Ero in vacanza e mi sono fermato la sera in un pub, era estate, quindi mi sono accomodato fuori. Mentre mangiavo alcune persone infastidite dal fumo di una sigaretta hanno chiesto al signore di allontanarsi, il quale sì è scusato e si è subito allontanato

-Meridione:
Ho visto scene che peggio di Jenny Savastano in Gomorra. Gente che anche per meno ha incominciato a menarsi e non si sono fatti problemi anche ad uscire armi. E ti dico anche per meno di una sigaretta. Qui molte volte ti provocano senza un perché giusto per fare i ""guappi"" come si dice.",[deleted],2022-12-28T17:08:21,10,Italia,https://reddit.com/r/Italia/comments/zx8tbn/perché_fa_così_schifo_per_un_giovane_vivere_al_sud/j1zu4yd/
zx7y10,,j1yxmmt,"Io ho smesso di utilizzare la doccia (in estate)

È una battaglia che ho sempre portato avanti, sia da ragazzino con i miei che ora con la mia compagna; ovvero perchè lavarsi con tutta quella acqua quando non vi è bisogno (almeno in estate). A parte il culo e pochissime parti che puzzano, non serve lavare tutte le parti del proprio corpo, come ad esempio i piedi, i capelli, le ascelle ecc…
Attualmente la temperatura all’ombra è 40 gradi e ho deciso di abbattere gli sprechi della doccia lavandomi solo il culo, mentre il resto del corpo li lavo col mio stesso sudore stando sotto il sole in giardino o al massimo sul balconcino in modo tale da sudare di piu. Anche voi fate un uso sproporzionato della doccia?! O sono paranoie mie?",CHECCOBAGNO,2022-12-28T12:57:56,2,Italia,https://reddit.com/r/Italia/comments/zx7y10/basta_utilizzare_il_frigorifero_in_inverno/j1yxmmt/
zx40b5,,j1yvh1o,"Mi sono trasferito in Norvegia, a Trondheim, in agosto per lavorare come programmatore. 

Ho 19 anni ed è stata un'esperienza assolutamente positiva per me. Ho avuto modo di lavorare e fare esperienze che molto difficilmente avrei potuto fare in Italia (e con retribuzioni assolutamente imparagonabili). 

Il costo della vita è leggermente più caro rispetto all'Italia per beni essenziali, ma non di così tanto. L'aumento principale c'è nei servizi: andare a mangiare fuori ha prezzi assurdi (minimo 20 euro per una pizza margherita...), così come alcol e sigarette hanno prezzi assurdi (cosa assolutamente positiva secondo me).

La mentalità è decisamente diversa, si ha molto più rispetto per le altre persone e questo viene spesso scambiato per ""freddezza"". Per esempio, nei mezzi pubblici non si fanno telefonate se non assolutamente necessario, e si parla a bassa voce per non disturbare gli altri. Hanno usanze diverse, anche se la cultura e sopratutto la cucina italiana vengono molto stimate qui. 

Nel caso specifico di Trondheim, è una città piena di persone giovani come me provenienti da tutto il mondo perché c'è una delle università più importanti della Norvegia, la NTNU, quindi non ho avuto molti problemi ad incontrare nuove persone e fare amicizie. Ci sono anche molti italiani, più di quanto pensassi. 
Non sono rimasto qui ancora abbastanza per dare un parere completo su questo argomento, ma per ora sono riuscito ad integrarmi abbastanza bene, ho partecipato ad un club universitario e conosciuto tante persone, anche se ammetto di star facendo fatica a stabilire amicizie più solide, principalmente perché sono stato molto impegnato e non mi sono concentrato molto su quello, ma anche per la lingua: anche se quasi tutti parlano inglese molto bene, c'è una certa barriera verso chi non parla il norvegese (come è giusto che sia!), quindi immagino che richieda solo un po' più di tempo. 

Le principali difficoltà le ho avute per aprire il conto in banca, chiedono una serie di documenti e ho dovuto prenotare tanti appuntamenti per essere completamente in regola per registrarmi come residente qui, la pratica non è molto chiara, soprattutto per stranieri. Ci ho messo circa 1 mese e mezzo per aprire il conto. A parte questa difficoltà iniziale, non ho avuto altri problemi. 

Il clima è più freddo, ma non di così tanto. Si sta molto più a contatto con la natura e ci sono paesaggi fantastici. La differenza principale sono le ore di luce e di buio: in inverno non c'è più il sole dalle 14, non c'è differenza fuori dalle 15 fino alle 9 di mattina circa. In estate è l'opposto, il sole può rimanere anche fino a mezzanotte. 

Personalmente, mi piace molto la vita qui. È molto più tranquilla, i mezzi pubblici passano ogni 10 minuti e sono quasi sempre puntuali, ci sono meno persone e più silenzio. È un paese più all'avanguardia, quasi tutte le macchine sono elettriche e usa quasi completamente solo energia rinnovabile. È da poco che sono qui, ma sono assolutamente felice di aver fatto questa scelta e la consiglierei a chiunque si senta di potersi adattare ai canoni scandinavi. Non fa per tutti e si deve essere pronti a tanti cambiamenti dalle usanze italiane, ma ne vale la pena.",Myphhz,2022-12-28T12:34:38,29,Italia,https://reddit.com/r/Italia/comments/zx40b5/italiani_che_vivono_nei_paesi_nordici_si_sta/j1yvh1o/
zx7y10,,j1yu9jf,"Pro tip: ogni frigo ha un termostato impostabile, puoi regolarlo per far andare a male la roba anche in estate.",IlGrandeFresco,2022-12-28T12:20:28,6,Italia,https://reddit.com/r/Italia/comments/zx7y10/basta_utilizzare_il_frigorifero_in_inverno/j1yu9jf/
zx5rhv,,j1ynyve,"Mio caro,
consenti la rudezza, ma tu stai proponendo a te stesso per primo la prigione. Non scherzo.

Le città AVEVANO una ragion d'essere nell'era moderna: l'economia di scala. Tante attività PRODUTTIVE in concorrenza tra loro vicine-vicine il cui risultato era prezzi bassi perché si deve ridurre i margini per attirare clienti, innovazione che si diffonde, perché si deve innovare per attirare clienti e i concorrenti vicini fan presto a copiare, specializzazione perché uno che è bravo a far un aspetto del lavoro si mette d'accordo con altri concorrenti ""al posto di scannarci io son bravo a questo, tu a quello, facciamo due attività diverse che collaborano"", es. il finestraio diventa vetraio che fa lastre, l'altro diventa assemblatore di telai, il terzo montatore e via dicendo. L'urbe moderna NON HA PIÙ o quasi attività produttive. C'è solo commercio, il meccanico stesso ad es. fa commercio, non più meccanica, è legato alle case produttrici con tanto di servizio connesso, monta e smonta componenti che gli porta il corriere. Di suo non fa più nulla. E così via per quasi ogni altra attività compreso il ristorante senza cucina coi pasti pronti portati dall'azienda di catering subfornitrice, il panettiere che sceglie le macchine per fare questo o quel pane e i premiscelati da idratare e impastare con macchina dedicata, lui fa giusto da selezionatore e robot umano. Ovvero le città han perso la loro primaria ragion d'essere.

Cosa resta? Resta la possibilità di trovare gente simile tra tanti, ovvero un po' di socialità, un po' di servizi extra (in calo, mentre fuori aumentano ed aumenta la loro qualità) soprattutto per gli anziani che magari van ancora in giro ma non guidano più ecc.

Quindi? Beh. Il futuro urbano è il trasporto pubblico DEGLI SCHIAVI, non più Cittadini, che esistono solo come robot umani dei giganti. Il ristoratore come la prostituta deve vendere tot pasti al giorno per restar a galla e ricevendo tutto pronto è legato ai genitale alla ditta fornitrice. I bar col caffè per far un esempio storico. I meccanici scompaiono con la digitalizzazione e via dicendo. L'abitante futuro dell'urbe è uno schiavo in goshiwong, moderno slums, che mangia dallo stagnolino portato dal drone, modello 2023/WEF https://youtu.be/Hx3DhoLFO4s con l'espressione ebete dell'attore principale schiavo inconsapevole del suo stato, diversamente felice sinché campa.

Perché? Perché l'urbe non ci serve più ad altro. È solo batteria-fabbrica come gli umani in matrix per nutrire il capitalismo di sorveglianza, oggi forma predominante di sviluppo come lo era l'industria meccanica, l'automotive in primis, un tempo.

In città non c'è spazio per evolvere: strade troppo larghe? Semmai è il contrario. Dove le fai le consegne a domicilio ora che il modello è questo, è qui per restare perché funziona? Un tempo avevi le lettere di carta col postino, oggi hai la lavatrice, il divano, ... via corriere. Dove se lo mette il corriere l'ingombrante merce e quindi il mezzo per la sua movimentazione? Come te la consegna negli appartamenti? Dove le metti le rinnovabili? Dove rifai i palazzi che cascano a pezzi costruiti tutti vicini-vicini con una micro-strada SINGOLA d'accesso? Dove fai un domani le consegne via drone e dopodomani le auto volanti?

Sintesi: la città è finita. Il suo futuro è quello distopico di tanta filmografia manco troppo recente.

Chi va fuori avrà o il benessere generato dalla carne umana in batteria nell'urbe o avrà miseria ma in relativa libertà.

Provate a farvi SERIAMENTE due conti e ditemi dove sbaglio. Immaginate quanto ancora potranno star in piedi ed esser scaldati d'inverno, raffrescati d'estate i palazzi, specie ma non solo, dei quartieri popolari fatti tra il dopoguerra e gli anni '60 che già oggi sono a rischio crollo. Immaginate come NON potranno esser rifatti domani. Immaginatevi cosa servo i centri città col telelavoro e dietro loro che fa l'indotto attuale di negozi, bar/ristoranti ecc. A quel punto COSA RESTA in città se non tanti disperati stoccati su più livelli come il pollame? Di che vive questa gente un domani?",ftrx,2022-12-28T11:00:14,4,Italia,https://reddit.com/r/Italia/comments/zx5rhv/le_città_dipendono_troppo_dalle_macchine_e_non_è/j1ynyve/
zws0y9,,j1yioqt,"Una sera una mia amica stava passeggiando in centro, ad un certo punto un ragazzo inizia a parlarle dicendo ""ah ma te sei Nome Cognome?? Sisì ti conosco! Abiti a Città, quest'estate hai lavorato lì, lo scorso weekend sei andata là.. sisì ti conosco, ho visto su Instagram!""
Da allora ha il profilo privato 😬",AlienGirl129,2022-12-28T09:46:43,8,Italia,https://reddit.com/r/Italia/comments/zws0y9/cosa_fare_con_uno_sconosciuto_che_ha_visto_e/j1yioqt/
zwssod,,j1yg3gv,"È una dipendenza vera e propria e gli studi del settore si stanno tutti indirizzando verso la conferma di questa ipotesi, quindi le strategie possono avere la loro efficacia ma vanno sempre e comunque accompagnate da una presa di coscienza e una volontà ferrea.

Dal 2021 all’estate del 2022 ero riuscito gradualmente a passare da una media di 5 ore a 1 ora di utilizzo grazie ad essermi eliminato da Facebook, Instagram (non solo le app, ma proprio l’account) e aver eliminato un gioco al quale partecipavo da 5 anni, costantemente tutti i giorni, e che mi ci teneva parecchio incollato.

Poi è successo che mi si è rotto il telefono, ne ho dovuto prendere uno nuovo ed ecco li che la scimmia ha preso nuove forze… e ora mi sa che mi toccherà eliminare reddit",SoloUnoDiPassaggio,2022-12-28T09:09:37,2,Italia,https://reddit.com/r/Italia/comments/zwssod/come_usare_al_meglio_il_proprio_smartphone_senza/j1yg3gv/
zw2cn1,,j1yf44c,"inusuale dove hahaha vivo a milano ormai da 6 anni e posso dirti che negli ultimi anni la situa è peggiorata ma di tantissimo, tanto che a me un gruppo di SETTE immigrati l’estate scorsa fuori dalla metro alle CINQUE del pomeriggio mi sono saltati addosso per cercare di prendermi il cellulare. ma stiamo scherzando? in pieno luglio con la gente intorno. no guarda mi spiace per milano perché sotto tanti punti di vista è una città piena di opportunità ma dal punto di vista della sicurezza sta peggiorando tantissimo.",baconspaziale,2022-12-28T08:55:50,1,Italia,https://reddit.com/r/Italia/comments/zw2cn1/rapinato_a_milano_federico_salvini_figlio_del/j1yf44c/
zwbxay,,j1y7ymv,"Ho effettivamente dei vestiti da casa però sono più per l’estate. Per quanto riguarda il resto dell’ anno o uso i vestiti per fuori perché tornato a casa da scuola, mangio e poi vado a fare i compiti da un doposcuola oppure mi capita di dover uscire senza preavviso, se non succede niente di ciò mi metto il pigiama",mrcricetopappagorgia,2022-12-28T07:19:12,1,Italia,https://reddit.com/r/Italia/comments/zwbxay/abitudini_vestiti_da_casa/j1y7ymv/
zu8f66,,j1xiwcz,Poi in estate sui vagoni girano i pinguini.,Laurer93,2022-12-28T03:14:28,1,Italia,https://reddit.com/r/Italia/comments/zu8f66/perché_in_treno_ci_sono_cinquecento_gradi/j1xiwcz/
zwkssh,,j1wg05w,"Non ho un'opinione particolare su di loro, sono lombardo per un contesto, e sono stato a Firenze, Siena e Pisa questa estate, soggiorno piacevole, la gente che ho incontrato cordiale e simpatica, a partire dal portinaio in albergo fino alla vecchietta proprietaria del baretto sotto casa, ah poi, hanno un bell'accento hahahaha, nulla di ché.",Amsalpotkeh,2022-12-27T22:24:21,2,Italia,https://reddit.com/r/Italia/comments/zwkssh/che_ne_pensate_dei_toscani_basandovi_sulla_vostra/j1wg05w/
zvzvfu,,j1wcxzq,"bel problema 
soprattutto mi pare bizzarro che questa cosa ti sia venuta un anno fa, forse è possibile indagare le cause?

io quest'estate ho avuto un mezzo attacco di panico su piroscafo in grecia, e MAI sofferto di mal di mare prima",Qwayn,2022-12-27T22:03:03,1,Italia,https://reddit.com/r/Italia/comments/zvzvfu/superare_lirrazionale_paura_di_volare/j1wcxzq/
zwlx0c,,j1w77pr,"ma saranno 25 anni che Tg2 e Studio Aperto riciclano sempre lo stesso servizio, un po' come i consigli per l'estate (bere molto ecc.)

a me pare propaganda per dire che i siciliani invece di lavorare vanno a farsi il bagno anche a dicembre e gennaio",giauz1990,2022-12-27T21:24:32,-3,Italia,https://reddit.com/r/Italia/comments/zwlx0c/ieri_26_dicembre_catania_inverno_alcuni_parenti/j1w77pr/
zwlx0c,,j1vq81c,Fa caldo dappertutto e per il 4 anno di fila non c'è neve e questo vuol dire che avremo la siccità in estate,thanksforallthefish7,2022-12-27T19:30:37,30,Italia,https://reddit.com/r/Italia/comments/zwlx0c/ieri_26_dicembre_catania_inverno_alcuni_parenti/j1vq81c/
zwjuya,,j1vom84,"Mio cognato abita in Viale Padova. 
Nell'ordine:
- I tossici usano i cespugli del parco/scuola, Parco Trotter, per imboscare la droga.
- Se si sta attenti, li si vede "" nascondere "" la roba nelle caditoie dell'acqua piovana, lungo la strada, per vedere il pacco venir ritirato poco dopo da gente diversa.
- La sera, in estate, con ancora la luce solare, Trans seminudi battono tranquillamente.
- Fino a non molto tempo fa, trans e prostitute facevano addirittura le grigliate in un parchetto, che di recente è stato recintato.
- Auto e negozi in fiamme sono quasi ordinaria amministrazione, così come le risse a bottigliate.
- Alimentari etnici uno attaccato all'altro, aperti H24 7/7 ( ma gli orari di apertura/chiusura/riposo, non sono mica normati dal regolamento comunale? Mah, chissà? ).
- Mia cognata fa la panettiera, inizia spesso la mattina prestissimo, pii volte ha beccato gente a trombare contro la sua macchina.
Poi ci sono i classici problemi milanesi, come i marciapiedi invasi da monopattini, biciclette, motorini, merda di cane, merda umana, vomitate e sotto al cavalcavia della ferrovia, il tanfo di piscio è qualcosa di inimmaginabile ( stesso tanfo si riscontra in Stazione Centrale e in zona Colonne/Navigli/Tabacchi ).
Però ehi! Se si dice che non va bene, che è una merda totale, si viene tacciati per rassisti xenofobi, boomer di merda.",itamau87,2022-12-27T19:19:48,15,Italia,https://reddit.com/r/Italia/comments/zwjuya/migliore_città_italiana_per_un_giovane/j1vom84/
zwjuya,,j1veky1,"Ancona ha un'università grande, con una moltitudine di corsi e un sacco di studenti, eppure non riesce ad essere una città universitaria. Alla fine è una città  industriale che ruota attorno al porto e si accende turisticamente solo d'estate.
Secondo me è un peccato perché ci vedo molto potenziale. Mi sembra almeno che ultimamente stia migliorando in funzione ad eventi e simili.
Secondo me per uno studente che cerca esperienze e movida non è il massimo, ma da adulti si vive molto bene, considerando anche il costo della vita irrisorio rispetto ad altre città. È la città meno inflazionata d'italia, a parità di stipendio ad Ancona puoi avere un tenore che da altre parti non potresti avere.",Sparr126da,2022-12-27T18:13:49,5,Italia,https://reddit.com/r/Italia/comments/zwjuya/migliore_città_italiana_per_un_giovane/j1veky1/
zwbxay,,j1ve284,"Non faccio togliere le scarpe agli ospiti, ma avendo vissuto in Svezia e vivendo sulle Alpi offro la possibilità di farlo a chi vuole, ovvero tappeto ""col bordo"" e sgabello, pantofole pulite (lavabili in lavatrice) e sovrascarpe per chi vuole. Questo anche se ho sempre calzature in casa.

Sul divano/poltrona/sedia mi siedo comunque sia vestito, ma in genere in casa ""mi cambio"", pantaloni lunghi di felpa in inverno, corti d'estate, mezzemaniche tutto l'anno. Sia per star comodo sia per mera differenza climatica dentro-fuori...",ftrx,2022-12-27T18:10:26,1,Italia,https://reddit.com/r/Italia/comments/zwbxay/abitudini_vestiti_da_casa/j1ve284/
zwas24,,j1vam1e,"Da ciclista potrei raccontarti quante volte ho rischiato, (solo l'estate scorsa sono stato investito sulla ciclabile) però, anche se, con tanta apprensione, ogni volta che esco di casa per raggiungere il posto di lavoro, non mi rassegno a dover rinunciare ad usare un mezzo come la bici.  Come ho detto in un altro commento:*siamo in un periodo di transizione , sono aumentati i ciclisti negli ultimi 10 anni in modo esponenziale, e da parte degli automobilisti noto che è difficile gestire la situazione di traffico maggiore al di la dello stato delle nostre strade.* ma sono fiducioso.",Antistene,2022-12-27T17:48:08,2,Italia,https://reddit.com/r/Italia/comments/zwas24/cosa_si_può_fare_per_rendere_meno_pericoloso/j1vam1e/
zvmdqh,,j1uf54s,"Il 14 marzo 1940, su richiesta del commissario popolare per gli Affari Interni dell’Unione Sovietica, Lavrentiy Beria, fu ordinato ai capi delle direzioni regionali della NKVD (il Commissariato del popolo per gli Affari Interni dell’URSS) di uccidere i prigionieri di guerra polacchi. La decisione di effettuare questo massacro rispondeva alla precisa logica di indebolimento del sentimento nazionale del territorio polacco appena conquistato, privandolo dei suoi leader e dell’élite intellettuale.

Per le autorità sovietiche, infatti, i prigionieri di guerra polacchi che manifestavano il loro patriottismo erano nemici dello Stato sovietico e per questo dovevano essere eliminati. Le esecuzioni vennero eseguite senza alcun processo e senza alcuna distinzione fra civili e militari, tutto nella massima segretezza. I prigionieri dei campi di Starobielsk, Ostashkow e Kozielsk furono uccisi e seppelliti nella vicina foresta di Katyn. Un totale di circa 21.857 cittadini polacchi morirono per mano dei sovietici non solo in quella zona, ma anche nelle aree limitrofe attualmente in Bielorussia e Ucraina. 

Nell’estate del 1941, la città di Smolensk e i suoi dintorni furono occupati dall’esercito tedesco che, identificando diverse fosse comuni nella vicina Katyn, iniziò immediatamente un’indagine. Su iniziativa della Germania nazista si costituì, a fine aprile del 1943, una commissione internazionale sotto il patrocinio della Croce Rossa Internazionale, formata da 12 esperti di altrettanti Paesi. Nonostante venne accertata la responsabilita nell’Armata Rossa dell’accaduto, non era interesse degli Alleati avviare un processo [...].



>Sono sicuro che gli abitanti dei paesi baltici preferivano molto di più i nazisti,con quante reclute che hanno fatto le SS e quanto le venerano oggi quelle reclute

Cosa c'entrano i nazisti? Mi sto riferendo all'annessione ingiustificata di quelle che, allora, erano repubbliche democratiche indipendenti e non ""stati fantoccio"" del terzo reich, Stalin le invase nel '40 e la Germania non era ancora un problema per lui",Luca04-,2022-12-27T14:02:50,1,Italia,https://reddit.com/r/Italia/comments/zvmdqh/il_26_dicembre_1991_il_soviet_delle_repubbliche/j1uf54s/
zvo7gw,,j1qqefe,"Grazie, lo so. Sono pure stato al concerto quest'estate all'Idroscalo a Milano, Kaos + Colle + Dsa commando.

Breve storia triste, non andavo ad un concerto da anni, mi son portato un po di contante per prendermi delle birre per me e gli amici, quando la ragazzina alla cassa ha visto il contante mi ha guardato con faccia schifata.

Chi lo sapeva che pure al concerto del Kaos potevo prendere la birra con il POS :)

Mi piacciono ancora un sacco ma magari c'è qualche giovane che vale la pena ascoltare ma essendo fuori dal giro da decenni chiedevo consiglio ai giovani.",ezekiel7771,2022-12-26T17:26:30,1,Italia,https://reddit.com/r/Italia/comments/zvo7gw/rapper_italiano_preferito/j1qqefe/
zu5464,,j1q78uf,"Non dubito che spendi meno, la luce costa al kWh elettrico quanto il benzolio al termico e le auto elettriche han un rendimento ben maggiore, ma ci devi mettere il costo dell'investimento iniziale (auto nuova, ben più costosa di analoga di pari categoria nuova e immensamente più costosa dell'usato) nel computo.

In quanto tempo ammortizzi la Model 3 al prezzo del 2020? Perché per farti un esempio scemo da quando ho la mia più modesta MG *formalmente* oggi da usata è pagata più che da nuova quando l'ho presa. Però se la dò via lo faccio per prenderne un'altra, e l'altra a sua volta costa ben di più di prima. Questo fa si che prima sei entrato meglio ti va al netto degli incentivi, che accumulati anno per anno, col risparmio di carburante ecc fan accelerare l'ammortamento, ma questi incentivi scendono ogni anno oramai da tempo ed è chiaro che spariranno. Quindi il computo comunque lo devi fare sull'assenza di incentivi per il medio e lungo periodo.

Non solo: resta il problema della ricarica. 250km li fai in una carica, se hai un contratto elettrico decente (ovvero appunto non stai in Italia) riesci al mattino ad aver l'auto carica quanto basta anche se al lavoro NON trovi il parcheggio con ricarica disponibile in cui puoi lasciar l'auto per tutto il tempo (perché non tutti i lavoratori possono ""uscire 10'"" per levar l'auto dalla colonnina qualche ora dopo che son entrati al lavoro e sono abbastanza km da accumulare un consistente risparmio annuo di carburante. Ma CHI non può caricare a casa? Quante colonnine pubbliche LIBERE trovi alla sera intorno a casa tua che offrano contratti con opzione ""carica notturna, tutta la notte"" e/o che NON abbiano penalità se l'auto resta connessa a fine carica o costi a tempo talmente bassi che va bene comunque se ce la lasci alla sera e la riprendi al mattino? E bada COSÌ VICINE che non ti serva un altro mezzo per andare tra auto e casa, tra casa e auto causa distanza.

Io faccio meno km di te quindi risparmio meno in carburante, ma pago meno la corrente sia perché PER ORA qui costa meno che in Olanda sia perché telelavorando posso caricare un po' l'auto dal f.v. ove un po' vuol dire 4-5kWh/g di questi giorni, 20-25kWh/g a primavera-estate, ma siamo una nicchia. Chi fa casa-lavoro ogni giorno su distanze magari corte ma NON HA dall'una come dall'altra parte possibilità di ricarica decente che fa? Oltre a non risparmiare che stress si fa a ""quanta batteria ho? Allora, carico un'ora facendo la spesa, me la prendo comoda, poi lascio 2h a cena, se trovo libero basta per domani"" OGNI DANNATO GIORNO?",ftrx,2022-12-26T14:59:24,1,Italia,https://reddit.com/r/Italia/comments/zu5464/cera_una_volta_la_lotta_di_classe/j1q78uf/
zvkd98,,j1py5cd,"Io adoro il mare d'inverno, mi piace passeggiare a lungo, specialmente dove non c'è gente. 
Vedendo anche le dune potresti essere in romagna, spiagge bellissime in questa stagione. 
D'estate col caldo e la calca...mi fa star male solo il pensiero.",nohopekid86,2022-12-26T13:34:48,6,Italia,https://reddit.com/r/Italia/comments/zvkd98/andiamo_a_fare_una_passeggiata_sul_mare/j1py5cd/
zu5464,,j1pvom0,"Mi sa, non prendertela, non è inteso come offesa, che tu non hai mai guidato elettrico... Consentimi quindi di descrivere brevemente lo stato delle cose:

 - ricarica domestica :: i « poveri » han comprato il carichino, ovvero trasformatore-scatolotto da attaccare a qualsiasi presa e fine. Altri han comprato « la colonnina » o auto-installata a vari livelli di leicità o fatta installare sprecando denaro assurdamente per roba che di suo vale 1/10 del prezzo di mera vendita, ma in ambo i casi arrivano, aprono sportellino, attaccano cavo e entrano in casa. Se sono furbi e non raspano il fondo del barile e sono in casa loro (al chiuso) lasciano il cavo penzoloni così non c'è da avvolger cavi, metter coperchi ecc. Vendono apposta organi genitali femminili in plastica per incastrare il cavo appeso. Hai solo il problema che o carichi di continuo o non devi aver bisogno dell'auto per MOLTO tempo;

 - ricarica pubblica :: beh, tanto la colonnina la devi trovare libera, le più sono 22kW, ovvero carica che tipicamente richiede almeno ALCUNE ORE, che tipicamente rifiutano di caricare un'auto la cui batteria è sopra l'80%, spesso han le prese sbagliate (es. prese diverse dalla T2 che è la UE comune attuale) o almeno ALCUNE delle prese lo sono lasciandone chessò solo una su 2. Se non ci sono auto elettriche le trovi libere, e magari pure funzionanti, ma altrimenti sono comunque poche. Le rapide sono anche peggio perché anche se rapide comunque sono occupate per almeno 10-15' e devi andartene quando la batteria arriva all'80% o giustamente paghi costi folli di penalità per aver tenuto la presa occupata. Poi devi avere anche la tessera/badge/crapplicazione del caso, perché ogni colonnina ha le sue ad un prezzo, non sempre il più economico, ma tu non è detto abbia quella o questa abbia costi interessanti per le tue necessità, alcuni offrono tessere gratis (es. Shell Recharge New Motion, ChargePoint) altri a poco prezzo (5€ o simile) altri a prezzo discreto (20€ o simile), alcune addebitano sul conto o carta bancaria quel che consumi, altre han un fisso di abbonamento oltre a questo, altre sono a ricarica di tagli fissi e qualcuna pure con il credito che scade se non lo utilizzi. Poi secondo tessera e colonnine, caso per caso, hai costi sui kWh erogati, ma anche un tot al minuto a scatti, un fisso ""di connessione"" ecc. Ovvero vai in giro con N applicazioni, dai generici come https://chargeprice.app/ a quelle delle singole card perché spesso i prezzi dei generici sono errati.

Personalmente ho preso un'elettrica perché giro soprattutto in raggi corto-medi (7-150km) facendo un minimo di km/anno e telelavoro e ho il f.v. in casa ovvero combinando il tutto con l'elettrico per ora spendo poco più del diesel ma ""faccio il pieno"" a casa e a primavera-estate arrivo a farlo quasi a gratis. Ho accesso libero a svariate ZTL, parcheggi gratuiti in svariati luoghi (ovviamente sempre col ginepraio del caso per caso) e con gli incentivi fiscali locali la truffa elettrica conviene nel senso che cambiando auto ogni anno l'incentivo copre l'aumento di prezzo (non già perdita di valore) dell'auto tra la nuova e la riconsegnata. Altrimenti cancella pure la pubblicità perché conviene a chi le vende, non ad altri. Al contrario lo scarcassone da 1000€ con sedile sfondato e tavola per non raspar l'asfalto con le terga costa ancora meno nonostante l'aumento dei carburanti.",ftrx,2022-12-26T13:07:18,1,Italia,https://reddit.com/r/Italia/comments/zu5464/cera_una_volta_la_lotta_di_classe/j1pvom0/
zuz5r4,,j1po2oi,"La storia del mio primo amore.

12 anni, bambina dai lunghi capelli biondi, patologicamente timida ed insicura. Passavo le giornate estive a giocare con la mia amica d’infanzia che, poverella,  era bullizzata da tutta la scuola. Per questi motivi, ed anche per una buona dose di genetica, era (ed è) una persona cattiva e terribilmente invidiosa e gelosa. 
Un giorno mi presentò tale Yuri, bambino scaltrissimo che fece immediatamente breccia nel mio cuore spingendomi sull’ altalena del giardino. La mia amica, che chiamerò Rosa, si accorse subito dell’ ascendente che Yuri aveva su di me e passò tutta l’estate invitandomi a giocare da lei con la scusa che Yuri sarebbe sicuramente passato. In realtà voleva solo avermi attorno per non stare da sola e ogni volta mi vedeva sospirare alla finestra. Fin qua farebbe quasi tenerezza se non fosse che iniziò ad inventarsi storie su di lei e Yuri. Ogni volta mi raccontava di quanto fosse fantastico e divertente e di quanto le girasse attorno. Il tutto culminò con un racconto di un passionale bacio dato sulla battigia al tramonto durante un campo scuola estivo. Io ero molto ingenua, le credevo sinceramente e quando mi disse del bacio sentii il cuore andarmi in frantumi (soprattutto perché lei si vantava tantissimo nonostante la mia tristezza evidente). Così smisi di frequentarla e mi confidai con la mia migliore amica qualche tempo dopo la quale, decisamente più scaltra di me, mi illuminò dicendomi che si era palesemente inventata tutto e che lei me lo avrebbe dimostrato.

Passarono i mesi. La mia migliore amica, Chiara, riuscì ad estorcere il numero del fratello di Yuri a Rosa (penso minacciandola in qualche modo). Iniziai così a sentirmi con il fratello al quale, alla fine chiedi il numero di Yuri. Finalmente, dopo quasi un anno, riuscii ad avere un appuntamento con il mio primo amore!

Ripeto: avevo 12 anni. Quel pomeriggio dovevano vederci in centro per fare un giro e prendere un gelato. Passai tutto il tempo a preparami con Chiara e, ansia in tasca, andai al luogo indicato per incontrarmi con lui.
Arrivai e non c’era nessuno. Come una cretina inizia a guardarmi attorno. Niente. Mi venne il dubbio di aver sbagliato piazza ed inizia a fare su e giù per la principale via della città per accertarmi della cosa. Nel frattempo presi a chiamarlo al cellulare. Nessuna risposta. Passa un’ora. Passano due ore. Silenzio. Mi sento sempre più stupida a fare su e giù, in ghingheri con il vestitino nuovo, in mezzo ad orde di ragazzini felici. Alla fine torno a casa, confusa. Chiamo Chiara ed anche lei resta basita.
Riprendo a chiamare Yuri ed alla fine, la sera, finalmente mi risponde: rumore di risa maschili varie, lui che con tutta la cattiveria possibile mi dice:” ah, pensavi che sarei venuto all’appuntamento?! Ma ti sei vista?! (Risate) SEI BRUTTA! (Risate) e -click!” 

Ovviamente passai i giorni successivi a piangere e tornai ad indossare le tute da ginnastica sprofondando in una depressione notevole

La mia amica Rosa, in tutto questo, si limitò a dirmi:” ah ma io lo sapevo, per questo non volevo fartelo vedere!”

Spoiler: 15 anni dopo lui è un tamarro pieno di tatuaggi con due figli, divorziato, che vive solo per andare in palestra ed ha la terza media. Il suo massimo è condividere foto di lui senza maglietta o con i figli con robaccia tipo “My love” scritta sotto.

Rosa è ascesa nel mondo della ristorazione arrivando a coprire ruoli tipo capo sala in vari hotel. Si è fatta la sua nicchia di amici ultras ignoranti come pochi che la adulano vedendola come un genio perché ha passato 3 mesi a Londra (inventandosi, vi giuro, di aver lavorato da Cipriani e di aver servito la Regina in persona). Nel frattempo è anche riuscita ad infilare un dito fra me ed un’altra mia cara amica dividendoci del tutto per farsela amica propria, non mancando di postare storie con la foto di noi tre con scritto, solo per lei, “sei come una sorella” ed annessi tatuaggi di coppia.
Convive con un tizio ultras che spaccia erba, a tutti dice che lavora come assicuratore. Il quale tizio le fa le corna con tutte le tipe che vogliono l’erba ma non hanno soldi per comprarla.",Prestigious_Sell_343,2022-12-26T11:25:34,8,Italia,https://reddit.com/r/Italia/comments/zuz5r4/raccontate_il_vostro_peggior_primo_appuntamento/j1po2oi/
zuwum3,,j1pblgs,"Per me è stata un’esperienza positiva. Ho letto alcune risposte di pecore nere ed episodi di bullismo, soprattutto in piccoli centri. A me è andata di culo: eravamo tutti sfigati e pecore nere. Una compagnia con un range di +/- 5 anni che svernava dipingendo miniature di Warhammer ed affollava i tavoli del bar con Magic durante l’estate, alternando campagne di D&D a massicci cannoni. 10/10 lo rifarei.",pandolce-terza-via,2022-12-26T08:13:52,3,Italia,https://reddit.com/r/Italia/comments/zuwum3/per_chi_vive_nei_cosiddetti_paeselli_come_vivete/j1pblgs/
zv4l4z,,j1n7lwg,"Per me qualsiasi hit di Baby K. Dio, se mi fan cagare. Però in qualche modo riescono ad entrarmi in testa e sono quelle canzoni che, quando me le becco per radio a novembre, me le ascolto perché mi ricordano un qualche bel momento della precedente estate",brodino_maiuscolo,2022-12-25T20:12:14,6,Italia,https://reddit.com/r/Italia/comments/zv4l4z/ditemi_la_vostra_canzone_italiana_da_guilty/j1n7lwg/
zuxldq,,j1mblnn,"Estate: Pesche e susine in generale, angurie quando ne trovi una incredibile.

Inverno: Clementine

Sempreverde: Mele",Tom1380,2022-12-25T15:57:49,2,Italia,https://reddit.com/r/Italia/comments/zuxldq/frutto_preferito/j1mblnn/
zuso1e,,j1lpbka,Pensa a chi è campano ma non napoletano e vive in un posto turistico che - in questi periodi e in estate - si riempe di napoletani  :/,Argo_cane,2022-12-25T11:52:50,13,Italia,https://reddit.com/r/Italia/comments/zuso1e/il_natale_di_cannavacciuolo_qui_al_nord_è_come/j1lpbka/
zurxyb,,j1lmy86,"Controlli e risparmio.
Com'è che alle elementari è alle medie, avevo compagni di classe che non pagavano la mensa ed i libri, ma avevano sempre vestiti firmati e il babbo continuava a cambiare auto?
Com'è che in università avevo compagni di corso che non pagavano le retta, per via dell'isee familiare, ma ogni inverno andavano a sciare ed ogni estate erano ad  Ibiza o in Grecia, mentre io lavoravo per pagare la retta?
Com'è che avevo conoscenti che vivevano in alloggi popolari, però avevano la casa al mare?
Com'è che avevo un inquilino, assessore comunale di Rifondazione, che subaffittava casa, non pagava l'affitto, ed era sempre un giro a Cuba o in Sud America a giocare al rivoluzionario?
Com'è che una mia ex collega di lavoro si è fatta sgamare, postando foto di un concerto dei Modà mentre era in malattia, ma non ha subito conseguenze?
Ecco, saranno cazzatine, ma sono tante, tantissime, se sommate tutte assieme, viene fuori un quadro di sprechi, magheggi e ruberie, che è terrificante.
Sarebbe da attuare un sistema fiscale alla americana, dove sono "" liberi "" di gestire il proprio denaro, hanno limiti sul contante altissimi, ma dove i reati fiscali vengono puniti pesantemente, financo con la prigione.",itamau87,2022-12-25T11:16:37,21,Italia,https://reddit.com/r/Italia/comments/zurxyb/come_migliorereste_il_welfare_in_italia/j1lmy86/
zuc8b4,,j1khfp8,"Posso dire che non serve usarli quotidianamente per capire che Apple sta una spanna sopra ad Android. Sono stato utente Android per anni e solo questa estate sono passato ad Apple, mi sono subito accorto delle lacune di Android e i pregi di iOS. Non tornerò mai più indietro",channelultrablonde,2022-12-25T02:25:43,1,Italia,https://reddit.com/r/Italia/comments/zuc8b4/perché_i_prodotti_apple_costano_così_tanto/j1khfp8/
zu5464,,j1hz0v3,"Guarda non so, se vai a vedere ci sono proprio studi che ti fanno vedere la correlazione tra traffico e stress e la cosa brutta è che è subdolo, non è chiaro alla persona che è la guida che lo stressa.

Poi sulla questione trasporto pubblico dipende, anche io alle superiori prendevo il bus ogni giorno e gli orari ed il servizio erano da tagliarsi le braccia, l’ho odiato con tutto me stesso, tanto che quando potevo mi facevo portare dai miei genitori mentre andavano in ufficio, visto che erano di strada comunque. E quando ho lavorato per un periodo in ufficio l’unica scelta era prendere l’auto e si rimaneva sempre tappati nel traffico, sempre, stradina a doppio senso con 2 tornanti e quindi ti toccava farti la coda in salita tra camion e auto varie. Da quando sono all’università invece ho cambiato residenza e prendo il treno giornalmente, e devo dire che la cosa è abbastanza tranquilla, non è praticamente mai in ritardo, pochissimi disservizi, fresco d’estate caldo d’inverno (cosa che non si poteva dire dei bus delle superiori), sedili comodi, ed arrivo a 700m dall’università, se ho voglia cammino, altrimenti prendo la metro ed in 2 fermate sono praticamente sotto l’università, nella mia esperienza il trasporto (pubblico e privato o misto) deve essere il più possibile intermodale, perchè non esiste una “one size fits all”",_daves_03,2022-12-24T14:39:42,2,Italia,https://reddit.com/r/Italia/comments/zu5464/cera_una_volta_la_lotta_di_classe/j1hz0v3/
zu8f66,,j1hnh7b,In 12 anni di mezzi fidati che in inverno ho trovato solo aria fredda e in estate solo riscaldamento,mrlol198,2022-12-24T12:44:46,0,Italia,https://reddit.com/r/Italia/comments/zu8f66/perché_in_treno_ci_sono_cinquecento_gradi/j1hnh7b/
ztquup,,j1ez06h,"Jesolo estate 2006.
Campeggio post diploma con gli amici.
Usciamo a bere.
Torniamo in tenda marci e beviamo ancora, giù a tazze da latte piene di limoncello.
Buio, blackout totale per me.
Mi sveglio nella tenda qualche ora dopo.
Mi muovo e sento una presenza al mio fianco.
Accendo la luce e vedo una ragazza.
Esclamo "" E tu chi minchia sei? ""
La tizia prende le sue cose e se ne va.
Mai capito cosa fosse successo e chi fosse la tizia e anche gli altri non mi hanno saputo dare info.
Boh?

Qualche giorno dopo serata simile.
Mi abbiocco sulla amaca.
Mi sveglia il mattino dopo il guardiano che faceva la ronda.
Stavo dormendo per terra, sotto l'amaca, avvolto in un telo mare, sotto una discreta pioggia.
Quei bastardi dei miei amici mi hanno lasciato lì a marcire.",itamau87,2022-12-23T20:38:03,2,Italia,https://reddit.com/r/Italia/comments/ztquup/figure_di_merda_fatte_da_ubriachi_ragazzi/j1ez06h/
zt2n94,,j1e7eja,Non è che è perché sei cresciuto te? No perché la scorsa estate ho mangiato un calippo dopo trent'anni ed era come un dito....quando ero piccolo era un avambraccio 😂,Silver_Wish_8515,2022-12-23T17:28:45,1,Italia,https://reddit.com/r/Italia/comments/zt2n94/quanto_costerebbe_in_italia_questa_586_family/j1e7eja/
ztg0ih,,j1djjsd,"Si, decisamente. Però nel mio caso( ma ne ho sentiti altri di simili) è molto periodico. Ci sono periodi dell anno in cui provo più attrazione per gli uomini, altri in cui provo più attrazione per le donne. Tipo in questo periodo mi sento molto più attratto dal genere femminile, mentre questa estate ero molto più attratto dagli uomini. C’è anche da dire che il mio coming out e molto recente quindi sto ancora provando a vivermi la cosa, e sono sicuro che quello che ho scritto sopra e una oversemplificazione.",jacopots,2022-12-23T14:44:11,1,Italia,https://reddit.com/r/Italia/comments/ztg0ih/ma_i_bisessuali_esistono_davvero/j1djjsd/
ztg0ih,,j1dhzra,"Non è esattamente così. Facciamo un esempio: a me piacciano sia il the alla pesca che il the al limone. Se d’estate preferisco prenderlo alla pesca non significa che quello al limone smetta di piacermi: di conseguenza, se in un periodo della mia vita mi sento più predisposto a voler esplorare la mia sessualità con un uomo non significa che in automatico divento gay per quel periodo fin quando non mi convertisco nuovamente ad etero per la prossima muta. È un esempio che si può fare anche per le relazioni eterosessuali: se per due anni di fila hai frequentato dei ragazzi biondi non significa che i mori non ti piacciano, o che tu non abbia trovato attraente un moro durante una relazione con un biondo. Ci sono tante persone bisessuali (molti più ragazzi di quanto si pensa) che hanno un’attrazione per gli uomini ma non la dimostrano mai pubblicamente, eppure passano per “etero” solo perché nascondo questa parte. Ciò non vuol dire che lo siano per definizione",vidrikk,2022-12-23T14:32:15,13,Italia,https://reddit.com/r/Italia/comments/ztg0ih/ma_i_bisessuali_esistono_davvero/j1dhzra/
zskdj7,,j1d4x9b,"Esperienza personale: 

Io il bonus cultura non lo ho utilizzato: università non potevo permettermela economicamente quindi paccone in quanto a  libri per lo studio.

Tutto il resto per cui l'ho visto utilizzare (musei, concerti, libri non a scopo didattico etc.) l'ho sempre ritenuto ""svago"" e perciò è sempre stato un pò una mia ossessione pagarlo con i soldi che ottenevo lavorando. 

Lavoretti durante l'estate e job hunting appena uscito dalle superiori mi hanno permesso di far fronto a queste spese e di aiutare i miei genitori senza dovermi affidare a fondi ""regalati"" dallo Stato.

Conosco un paio di persone che lo hanno utilizzato per pagarsi i libri universitari ma la maggior parte lo ha speso in concerti o altro.

In alcuni casi ho sentito parlare di acquistare biglietti per concerti di cui era praticamente certo l'annulamento (causa covid) per poi ottenere il rimborso del biglietto in modo da poter ""liberare"" i fondi dal loro utilizzo limitato a ""cultura"" e poterli usare per qualsiasi tipo di acquisto.

Spero fossero solo cazzate, altrimenti qua stiamo parlando di qualcosa simile al riciclaggio di denaro ma da parte di ragazzini di 18 anni.",PlateImpossible191,2022-12-23T12:32:53,2,Italia,https://reddit.com/r/Italia/comments/zskdj7/il_bonuscultura/j1d4x9b/
zsewuy,,j19rvuc,"È molto ben fatto, ma da imbonitore, ovvero cita SOLO ed esclusivamente gli aspetti positivi mettendo i negativi sotto il tappeto e glissando sugli scomodi.

Solo per aggiungere qualche dettaglio: tutte le auto elettriche che conosco (e prima di comprarne una ne ho provate un po', pur non di fascia altissima) han i motori in presa diretta, giusto un ev. riduttore di giri, questo implica che sia la partenza/accelerazione sia la rigenerativa sono uno stress NOTEVOLE sui pneumatici. Personalmente ho le gomme d'origine (Michelin) e dopo 11.000km sembra che ne abbian già fatto 20.000... Qualcuno ne parla, es. https://arstechnica.com/?p=1898684 ma solo sostenendo che ""serve qualcosa di specifico"" non affermando ""metti in conto che cambierai più spesso le gomme, quindi risparmi di qui, ma di la spendi"", non viene quasi mai osservato che le assicurazioni ritengono le auto elettriche non so se su dati sostanziali o stime più rischiose e quindi il premio è quasi il doppio mitigato da offerte nel pacchetto come ""se ha problemi ha il carroattrezzi anche nel garage di casa sua"" o ""le diamo la marcatura dei vetri antifurto in omaggio"", come se avessero un senso a giustificare il doppio del premio. Non si parla che le colonnine di ricarica domestiche sono ASSURDAMENTE care per quel che sono, ovvero essenzialmente prese con un minimo di monitoraggio per scegliere quanti A passare ed extra eventuali (chessò blocco del cavo connesso come antifurto, badge rfid per far partire la ricarica se la monti all'aperto e hai un vicino che di nascosto vien a caricarsi da te o roba pseudo-utile analoga) e spesso con l'aggravante che IMPONGONO una connessione ad un servizio remoto e questa potrebbe anche un domani sparire e rendere ferro da buttare l'oggetto... Non si dice l'assurdo del mercato delle ricariche pubbliche dove NON PAGHI energia al proprietario della colonnina (in genere) ma ad un intermediario ed ogni colonnina può aver prezzi ENORMEMENTE diversi (chessò 0-80€ per la stessa carica, non scherzo) secondo quale delle N carte hai ed usi, alcune gratis, altre con un costo di acquisto e addebito in conto/su carta, altre da precaricare con tagli di importo fisso, altre con fissi mensili ecc ecc ecc ecc, vai su https://www.chargeprice.app pesca 3-4 colonnine diverse della tua zona e guarda il lungo elenco di prezzi secondo le carte che hai.

Oh, sul tema PER ORA te la cavi ancora, ad es. per me ci sono alcuni vendor con carta gratis o a basso prezzo (es. personali qui in Francia, Shell Recharge New Motion, ChargePoint, Freshmile ecc) ma ad es. nessuno di questi va in Italia sulle colonnine Enel-X che sono le più diffuse in Italia, quindi devo fare Enel-X come residente all'estero via app, si senza non puoi caricare a parte case private o caricatori rapidi in autostrada o altri vendor locali, ma questa mi impone di mettere un po' di soldi per usarla le 2/3 volte l'anno che vendo in Italia, solo per dire qualche assurdità. E PER ORA in autostrada hai un po' di caricatori rapidi ove se fai soste brevi e frequenti (ammazzando la batteria, ma vabbé) fai cariche da 10' n volte e NON crei imbottigliamenti come se carichi per 30' e se siamo tutti gentili troviamo posto libero, ma le auto elettriche aumentano e le colonnine scarse e occupate pure. Non solo. Spesso ci sono varie postazioni rapide, chessò 350kW. Solo che hai 350kW se solo una sta caricando, altrimenti la potenza scende, quindi più gente collegata più tempo si deve star collegati aumentando la coda perché banalmente la rete elettrica non ce la fa. E cominciano i camion elettrici...

Per farla breve l'auto elettrica in origine era immaginata come batteria connessa alla rete la maggior parte del tempo, usata SOLO a corto raggio casa-lavoro, ove stacchi a casa, riattacchi al lavoro, e la costosa batteria pagata dal privato fa da bilanciatore per una rete elettrica nazionale con tante rinnovabili ove serve appunto poter consumare o iniettare energia di corsa per compensare i picchi delle rinnovabili. Oggi si afferma come auto per ogni uso e il passo è ben più lungo della gamba: già con un'estate calda o inverno freddo manca la luce per sovradomanda. Si spinge le PdC quindi altra luce consumata e le auto elettriche... Beh... Anche ad andar d'accordo con la Russia non produrremmo abbastanza energia.",ftrx,2022-12-22T18:40:17,1,Italia,https://reddit.com/r/Italia/comments/zsewuy/qual_è_il_veicolo_elettrico_più_sostenibile/j19rvuc/
zskdj7,,j195d8p,"Bimbi, con le tasse MIE andateci ai concerti, al cinema, comprate dischi, compratevi una chitarra elettrica o una batteria, fateci il gran cazzo - in breve - che volete. Anche perché dopo, vi assicuro, passa. 

(e sì, sono stato studente pure io e mi sono pagato pure io le cose di tasca mia: d'estate lavoravo, cinema andavo ai parrocchiali o ai cinema d'essai e con 3500 lire guardavi tre film, per gli studenti c'erano pure le proiezioni gratis, per i viaggi carta verde e riduzioni studenti, musei o mostre idem, dischi e libri usato e per i concerti centri sociali, offerta libera e birra 2000 lire. Ho viaggiato, suonato, trombato, bevuto come e ben più che nel video e nel complesso mi sono divertito un casino (facendomi pure una cultura nel mentre). Quindi quando vi salta fuori qualcuno che ""ai miei tempi invece rigavamo dritto e mangiavamo la terra quindi non vedo perché questi fannulloni debbano divertirsi"", se volete il consiglio di un GenX anzianotto, mandatelo subito a cagare)",_qqg,2022-12-22T16:15:16,12,Italia,https://reddit.com/r/Italia/comments/zskdj7/il_bonuscultura/j195d8p/
zsewuy,,j18xc5d,">trascuriamo le capacità di carico e assumiamo che tutti questi mezzi vengono usati sempre e solo da una persona sola su percorsi brevi su strade ben asfaltate e in giornate di bel tempo.

In realtà non è così. O meglio, *in Italia* è così. Le bici da carico sono piuttosto diffuse là dove la bici è vista come un veicolo e non come un passatempo, e la gente le usa anche per spostare mobili piuttosto ingombranti, ad esempio i divani. Le usano per distanze nell'ordine dei 10Km, e per tutto l'inverno, oltre che in estate.
 
Ovviamente l'immagine è una provocazione, ma dato che la maggior parte delle persone, quando usa l'auto, non pensa minimamente alla quantità di spazio che occupa in città né alla quantità di energia che spreca lasciando l'auto vuota, penso che sia una provocazione piuttosto sensata.
 
Ogni generalizzazione poi manca di nuance, vero.",True_Inxis,2022-12-22T15:21:22,1,Italia,https://reddit.com/r/Italia/comments/zsewuy/qual_è_il_veicolo_elettrico_più_sostenibile/j18xc5d/
zs13nr,,j184yid,E se è estate e si va in giro in maniche corte?,Melopsittaco,2022-12-22T10:55:15,3,Italia,https://reddit.com/r/Italia/comments/zs13nr/ho_aperto_il_primo_alle_2000_li_uso_tutti_almeno/j184yid/
zsewuy,,j181o03,"l´autore del post ha sottointeso che si debba rinunciare all´auto virando sulle biciclette elettriche..per il trasporto di cose e persone non puoi sostituire l´auto, non porti un mobile su un autobus e non porti i figli a scuola con l´autobus..al massimo lo prendono loro quando sono piú grandi...io d´estate prendo la bici, ma adesso vado tutti i giorni al lavoro in auto visto che fanno -5 gradi...e non credo comunque che il cambiamento climatico sia piú arginabile",albertayler,2022-12-22T10:09:24,2,Italia,https://reddit.com/r/Italia/comments/zsewuy/qual_è_il_veicolo_elettrico_più_sostenibile/j181o03/
zs13nr,,j17yhck,"D’estate quando mi viene l’allergia al polline mi infilo letteralmente le palline di carta igienica su per il naso perché se no passerei la giornata a pulirmi il moccio che cola, tipo che qualsiasi cosa faccio devo sempre interromperla se no sparo muco ovunque",cotoletta-party,2022-12-22T09:24:03,1,Italia,https://reddit.com/r/Italia/comments/zs13nr/ho_aperto_il_primo_alle_2000_li_uso_tutti_almeno/j17yhck/
zsepuh,,j17uyy6,"Estate 2016, road trip tra California e Nevada con i miei amici. Decisamente punto più alto della mia vita",darioshi19,2022-12-22T08:35:19,3,Italia,https://reddit.com/r/Italia/comments/zsepuh/eri_felice_e_lo_sapevi/j17uyy6/
zqukr7,,j17kxkn,"In inverno posso tenere la stessa tuta anche diverse settimane, tanto non sudo e oltretutto tengo una maglietta sotto.

In estate, quando lavoro con il completo pantaloncini corti più canottiera bianca da muratore, ogni 2 giorni",D-T0m,2022-12-22T06:27:02,1,Italia,https://reddit.com/r/Italia/comments/zqukr7/ma_voi_ogni_quanto_ve_la_cambiate_la_felpa_per/j17kxkn/
zrtnn0,,j168gac,"Mah sto paese di merda mi sorprende sempre di piú... 
Immaginati che stai riposando in estate e un mentacatto spara a 5 metri dalla tua finestra , robe da matti.",Schip92,2022-12-21T23:34:37,24,Italia,https://reddit.com/r/Italia/comments/zrtnn0/approvato_lemendamento_far_west_si_potrà_sparare/j168gac/
zr3ptn,,j15vryk,"Posso chiedere come mai in estate tutto quel tempo? Ci sono passato settimana scorsa per la prima volta ed era tutto molto scorrevole, giusto per eventuali visite future",pills4sleep,2022-12-21T22:05:19,1,Italia,https://reddit.com/r/Italia/comments/zr3ptn/se_aveste_scelta_lascereste_litalia_per_lestero/j15vryk/
zrxw2s,,j15koay,"I miei cugini Canadesi ne vanno pazzi. Ogni volta che tornavo dell'Italia sia d'estate che d'inverno gli portavo una bella bottiglia. A Montreal si trova solo la Ramazzotti, loro preferivano la Molinari. 
A me non dispiace, mi piacciono i liquori dolci",brudda_kemist,2022-12-21T20:51:00,1,Italia,https://reddit.com/r/Italia/comments/zrxw2s/domanda_random_a_chi_piace_la_sambuca/j15koay/
zriy0x,,j14xhba,"Io lavoro in un centro Tim mi capita spesso che passino da noi ragazzi per una formazione ( premessa paga adeguata , tredicesima , quattordicesima ferie e malattie ) e niente partono con una base di 1400 più provvigioni per un massimo di 1800/1900 , ma niente staccare alle 19:30 o lavorare d’estate risulta essere troppo per i giovani !",[deleted],2022-12-21T18:19:17,-5,Italia,https://reddit.com/r/Italia/comments/zriy0x/continuereste_a_fare_il_lavoro_che_i_giovani/j14xhba/
zqukr7,,j13m9g6,"Ogni settimana si cambia il completo chiamato “tuta da casa” - lavoro da casa e sono praticamente fermo davanti ad un monitor ma comunque ho preso un certo livello di confidenza anche ad uscirci. Giusto venerdì scorso sono andato in birreria con un amico ed ero vestito con felpa color arcobaleno (che ha circa 30 anni) e un paio di braghe della tuta della divisa della palestra. 
Zero problemi. 

Vado a fare spese in tuta e accolgo i miei ospiti in tuta. 

Per l’ultimo dell’anno (che si farà a casa mia) io e la morosa abbiamo inviato una coppia di amici: sanno bene di dover venire necessariamente in tuta, noi di solito forniamo le ciabattine. 

In estate la questione cambia abbastanza.",GreatShortShark,2022-12-21T12:46:27,1,Italia,https://reddit.com/r/Italia/comments/zqukr7/ma_voi_ogni_quanto_ve_la_cambiate_la_felpa_per/j13m9g6/
zr3ptn,,j13jgcy,"Viaggiato da Schiphol qualche settimana fa, senza bagaglio in stiva, basta arrivare un’ora e mezza prima per gustarsi un panino mezz’ora prima. In estate 4 ore tutte necessarie.",CScareerStockPicker,2022-12-21T12:17:37,5,Italia,https://reddit.com/r/Italia/comments/zr3ptn/se_aveste_scelta_lascereste_litalia_per_lestero/j13jgcy/
zrez18,,j13cw4p,"1. Non scrivo questo post per additare chi si è iscritto alle ""scienze delle merendine"" e oggi guadagna 600€ al mese

L'autore del post si riferisce infatti alla relazione formazione-lavoro, ecco perchè sta additando la scuola superiore che non prepara i giovani ad un mondo sconosciuto e complicato contornato da bastardi che si aprofittano di te in ogni istante.

Non incolpa coloro che scelgono un percorso di studi in base alle loro preferenze.

&#x200B;

2. oggi mi rendo conto che se avessi avuto un genitore 1 meno formato, indirizzarmi   
verso una strada lavorativa valida

I miei genitori volevano che trovassi lavoro a tutti i costi dopo la maturità, solo per non vedermi sempre in giro a godermi la mia prima estate senza scuola.

Non avevano alcun motivo di forzarmi a farlo (siamo in una condizione economica molto stabile), ma comunque mi obbligarono prima a lavorare come meccanico di biciclette in uno squallido negozietto, poi come commesso al supermercato e infine come benzinaio nei fine settimana (dalle 6 di mattina).

Avere dei genitori che pensano al tuo futuro e non solo, che siano informati anche di come gira il mondo, mi avrebbero aiutato invece di dirmi che non ho voglia di lavorare (semplicemente non ho intenzione di farmi 40 ore la settimana per 500 euro al mese)

&#x200B;

3. Il mio pensiero è che la nostra generazione è stata cotonata dal falsissimo mito del   
“devi fare quello che ti rende felice

Semplicemente i soldi non fanno la felicità, ma ti pagano le bollette, un mezzo di trasporto e il carburante, le assicurazioni, il cellulare o il pc, la connessione a internet, lacqua clada il cibo o le sigarette... sul serio mi vieni a dire che è sensato rinunciare a una o piu di queste cose solo per aver un lavoro che ti piace?

Certo farebbe molto bene al tuo mood, ma preferisco a vere i coglioni girati ma una pizza e una birra che mi tirano su il morale a fine serata, piuttosto che dei cracker e una scatoletta di tonno ma l'animo in pace.

Ovviamente sto estremizzando ma spero sia chiaro il messaggo",Prestigious-Ride7405,2022-12-21T10:58:51,3,Italia,https://reddit.com/r/Italia/comments/zrez18/unpopular_opinion_la_situazione_lavorativa/j13cw4p/
zr3ptn,,j13bsld,"Vero, Schipol quest'estate ce ne volevano almeno 5, e valeva tutta la pena farseli.",LORRNABBO,2022-12-21T10:44:05,8,Italia,https://reddit.com/r/Italia/comments/zr3ptn/se_aveste_scelta_lascereste_litalia_per_lestero/j13bsld/
zrez18,,j137wx2,"Ei ma sei me! 

Ho fatto tutto quello che reddit sconsiglia: garzone a 400 euro, estate a lavorare e non a ""conoscere me stesso"", semplice diploma itis e, guarda un po', 23 anni e 39k ral.",SpigoloTondo,2022-12-21T09:49:37,2,Italia,https://reddit.com/r/Italia/comments/zrez18/unpopular_opinion_la_situazione_lavorativa/j137wx2/
zqzsvi,,j114kun,"Molte di queste non sono azioni che possono essere fatte dai singoli cittadini, ma si potrebbe:

* pulire, riparare e mettere in sicurezza le piazze e i parchi pubblici e le varie panchine, giostre, fontane;
* organizzare attività di svago, cineforum, e vari corsi di scrittura creativa, pittura, recitazione; nelle biblioteche, nei centri anziani, nelle scuole; il pomeriggio, sabato e domenica compresi;
* organizzare partite di monopoly, risiko, uno nei bar di quartiere;
* durante la bella stagione, allestire dei tavoli all'aperto, ognuno cucina qualcosa e lo porta, si mangia tutti insieme;
* organizzare ""notti bianche"" a fine estate, con varie attività che rimangono aperte.

Alcune di queste attività richiedono proprio soldi da parte dei comini o dei municipi, altre richiedono costanza e faccia tosta. Probabilmente, un buon modo di ripartire è quello di ricominciare dai comitati di quartiere, che almeno hanno degli spazi.

Edit. Specificato meglio.",GiorgioPerlasca,2022-12-20T22:18:36,6,Italia,https://reddit.com/r/Italia/comments/zqzsvi/come_cambiare_rotta/j114kun/
zqnxlf,,j10wbyv,"Mi piacerebbe tornare all'estate del mio sesto compleanno prima di iniziare le scuole elementari.

Come altri direi al me stesso di comprare quanti più bitcoin possibili quando costavano pochi centesimi di euro e venderli nell'anno giusto prima dei crolli quando toccarono i 50.000€ a bitcoin",Scarsocontesto,2022-12-20T21:23:05,1,Italia,https://reddit.com/r/Italia/comments/zqnxlf/back_to_the_past/j10wbyv/
zqukr7,,j107uee,In Estate anche 2 mesi senza lavarla,Dio_delle_bertucce,2022-12-20T18:45:28,3,Italia,https://reddit.com/r/Italia/comments/zqukr7/ma_voi_ogni_quanto_ve_la_cambiate_la_felpa_per/j107uee/
zq8a7m,,j0z7kni,"Sono stato tre o quattro volte, per lavoro ma l'ho visitata  per diversi giorni ogni volta, ogni volta mi dicevo che cesso di posto. Se andate in inverno si può stare un poco all'aperto, poche persone in giro a piedi e tutti nei centri commerciali, se andare in estate behhhhhh il top, nessuno in giro, tutti chiusi in casa o nei mall, se esci dall'hotel e fai due passi schiatti. Inverno o estate la città é piena di zoccole di super lusso e di schiavi che lavorano sotto il sole come operai e la lingua più parlata é l'indiano. Si va Dubai perché é un porto franco e non paghi tasse, pure le merci arrivano li per poi essere smistate in paesi con embargo. Come sempre gli influencer ti fanno vedere uno spiraglio su un posto che sinceramente si può evitare",MMA1969,2022-12-20T14:46:04,2,Italia,https://reddit.com/r/Italia/comments/zq8a7m/dubai_è_davvero_la_città_dei_sogni/j0z7kni/
zq61j9,,j0z5cbi,Perchè la mafia uccide solo d'estate,turry91,2022-12-20T14:29:02,1,Italia,https://reddit.com/r/Italia/comments/zq61j9/serio_e_se_contro_la_mafia_istituissimo_la_legge/j0z5cbi/
zpwgxa,,j0yqbug,Vieni in Pianura Padana e non troverai un singolo stronzo a cui piace l’estate,TelephoneNearby6059,2022-12-20T12:11:06,2,Italia,https://reddit.com/r/Italia/comments/zpwgxa/qual_è_la_vostra_opinione_unpopular_con_cui_di/j0yqbug/
zqllwl,,j0yoxup,"E allora sono l'eccezione, perché per me, soprattutto d'estate col caldo, un succo di pomodoro ben condito e con ghiaccio fa più di energy drink e/o gatorade. Senza contare Bloody Mary e Michelada. Però sì, è poco diffuso e non si trova dappertutto.",_qqg,2022-12-20T11:54:58,6,Italia,https://reddit.com/r/Italia/comments/zqllwl/perché_agli_italiani_non_piace_il_succo_di/j0yoxup/
zpwgxa,,j0y4h11,"Le stagioni fredde sono di gran lunga preferibili, per la vita “normale”, alle stagioni calde. Provo infinitamente più disagio in estate che in inverno!",TheBrugherian,2022-12-20T07:16:28,3,Italia,https://reddit.com/r/Italia/comments/zpwgxa/qual_è_la_vostra_opinione_unpopular_con_cui_di/j0y4h11/
zq3gtz,,j0x433w,"Abolizione quasi totale dei partiti politici, ne restano 3 che ogni anno devono esprimere un candidato forte e nerboruto per un combattimento a 3 il cui unico scopo è il mio intrattenimento (tanto sono dittatore, decido io).

La mafia, per legge, può uccidere solo d'estate.

La capitale resta a Roma ma tutti gli uffici si spostano a Bologna, tranne il nuovo Ministero delle Feste, che va a Brindisi.

Religione di Stato con me come Dio-Faraone, libertà di religione finché non me lo vieni a dire in faccia, a quel punto scatta un richiamo verbale seguito da reclutamento coatto nel mio Serraglio dei Birichini (e lì, spiace dirlo, si ritorna ai combattimenti che mi fan sempre ridere).

Obbligo di museruola per cani e padroni di ogni taglia (museruola personalizzabile a carico dello Stato).

Le tasse vengono decise da me di giorno in giorno, dipende da come mi sveglio.",Relative_Map5243,2022-12-20T01:43:03,5,Italia,https://reddit.com/r/Italia/comments/zq3gtz/mi_annoio_buttiamola_in_caciara_e_fatemi/j0x433w/
zpwgxa,,j0w3bls,"Che mi piace sia l'estate a limone che quello a pesca e non va bene perché ""è impossibile uno dei due deve piacerti per forza di più"". Porco Dio",Illustrious-Arm-446,2022-12-19T21:16:48,1,Italia,https://reddit.com/r/Italia/comments/zpwgxa/qual_è_la_vostra_opinione_unpopular_con_cui_di/j0w3bls/
zpwgxa,,j0vljxi,l'estate fa schifo,GMgheggeria,2022-12-19T19:20:31,12,Italia,https://reddit.com/r/Italia/comments/zpwgxa/qual_è_la_vostra_opinione_unpopular_con_cui_di/j0vljxi/
zpmqax,,j0uwzcn,"Ho fatto un anno universitario all'estero e devo dire che non si fermano per l'estate, anzi, è un modo per recuperare tempo e poter dare esami senza dover rimandare all'autunno.",Kernel_Paniq,2022-12-19T16:40:24,1,Italia,https://reddit.com/r/Italia/comments/zpmqax/posso_chiedere_una_cosa_a_coloro_che_hanno_avuto/j0uwzcn/
zpfsc5,,j0uw5nc,"Estate 2021

Il postino come al solito non suona il campanello ma dice di essere passato quindi devo andare in posta a ritirare il pacco.

Dopo i classici 2 giorni vado e mi dicono che non era pronto, di tornare il lunedì. (il postino se lo era tenuto in macchina? boh)

Lunedì vado e trovo l’ufficio chiuso, “stiamo disinfettando gli ambienti” riapriamo venerdì, peccato che venerdì fosse festa e rimanessero quindi chiusi fino al lunedì dopo. 

Ho comprato di nuovo il prodotto e ho aspettato che tornasse indietro il primo.",AndreBonini_,2022-12-19T16:34:57,2,Italia,https://reddit.com/r/Italia/comments/zpfsc5/le_vostre_avventure_alle_poste/j0uw5nc/
zp0fdh,,j0tqg8l,"Parli di Paglia giusto?

 Ci sono stato a fine estate... Molto buoni ma me li aspettavo un po' più grandi",Lilluzzo,2022-12-19T10:04:27,1,Italia,https://reddit.com/r/Italia/comments/zp0fdh/qual_è_la_cosa_che_avete_mangiato_che_vi_ha/j0tqg8l/
zpfsc5,,j0tlmsb,"Ho un po' di soldi in posta (libretti postali fatti ancora dai nonni e un po' di cazzate assortite, quattro spiccioli in tutto), *prima dell'estate* mi arriva una comunicazione da parte dell'ufficio postale perchè, a quanto pare, ci sono alcune cose da sistemare. In presenza. Impossibile delegare o fare qualcosa da remoto, devo andare *per forza* in posta.

Vado in posta (il primo sabato immediatamente dopo aver ricevuto la lettera), faccio la mia fila (corta, per fortuna).......e subito partono le ricche bestemmie di rito: l'impiegato allo sportello non può fare niente, per queste cose devo prendere un appuntamento con la consulente finanziaria che gestisce la baracca. Primo appuntamento disponibile : martedì *20 settembre* alle 11:00.

Prenoto, mi brucio un permesso per il lavoro, il 20 mi presento in posta.......e la consulente non c'è. Alle 11:20 si degna di mandare un messsaggio (all'ufficio postale, non a me) per avvisare che non ci sarebbe stata e gli appuntamenti sono quindi cancellati. Altro giro di bestemmie, più ricco e dettagliato del primo, altra prenotazione (sabato *12 novembre* alle 9:00...) e via che si va.

Arriva novembre....e questa volta mi arriva anche un messaggio, alle 8:35: ""Ho il covid, sono in isolamento"". Terzo giro di bestemmie (angeli, santi e beati sono scappati in lacrime) e adesso ho un nuovo appuntamento per il 17 gennaio.

&#x200B;

BONUS: ad oggi non ho idea di quale sia il problema. Nessuno me l'ha detto.",Rantolomeo,2022-12-19T08:52:40,21,Italia,https://reddit.com/r/Italia/comments/zpfsc5/le_vostre_avventure_alle_poste/j0tlmsb/
zoy1ud,,j0tikyv,"Ovunque non vi sia neve e freddo. La montagna la considero solo in estate 🤣

Ho vissuto poco più di un anno a Basilea, in Svizzera. Ho sempre odiato il freddo, ma dopo cinque mesi consecutivi di neve a Basilea, ho anche imparato ad odiare la neve. 😅",Ghaladh,2022-12-19T08:08:49,2,Italia,https://reddit.com/r/Italia/comments/zoy1ud/la_montagna_subito_dopo_una_nevicata_ha_sempre_un/j0tikyv/
zou8nx,,j0rib70,"Allora io sono nato e cresciuto da genitori italiani. Ogni vacanze d’estate e di natale, io vengo nel Veneto, che considero mia casa. 

Amo sentire parlare l’italiano intorno a me e non vedo l’ora di mangiare quello che voglio e giustamente ingrassare. 
Però purtroppo spesso mi vergogno di parlare. Mia mamma ha sempre parlato in italiano con me, mentre la famiglia calabrese di mio papà spesso parla solo il calabrese (tranne con me). Se sono al nord dicono che ho un accento del sud. Se sono nel sud, ho un accento del nord. Boh raga.
Cmq un po’ si sente che non sei cresciuto qua. Hai vissuto cmq un’infanzia diversa. Mi piacerebbe vivere qui per un anno, ma sarà difficile penso io.",Grumpy23,2022-12-18T21:37:28,1,Italia,https://reddit.com/r/Italia/comments/zou8nx/italiani_che_vivono_allestero_cosa_pensate_ogni/j0rib70/
zoy1ud,,j0pp5s1,"Meraviglioso, poi la luce della neve è stupenda, mi emoziona ogni volta. Entro nei boschi che d'estate danno molta ombra, e dopo una nevicata sono luminosi, quasi magici. Decisamenre, la montagna dopo la nevicata è un posto che amo. Ma anche la mantagna ""durante"" la nevicata. Anni fa, andai a fare una passeggiata molto semplice, non pericolosa ovviamente, in piena tormenta. È stato bellissimo vedere il panorama cambiare così drasticamente, mi sembrava di vivere in un altro mondo.
In generale, amo andare in montagna, qualsiasi montagna che sia fresca, fredda e silenziosa.",cheneso_,2022-12-18T14:26:33,8,Italia,https://reddit.com/r/Italia/comments/zoy1ud/la_montagna_subito_dopo_una_nevicata_ha_sempre_un/j0pp5s1/
zoftjf,,j0p5dto,"Mi dispiace per quello che è successo, specialmente in un periodo delicato (in bocca al lupo per tua mamma). 

Anche dalle mie parti si deve fare spesso i conti con teste di cazzo (spesso minorenni), specialmente d'estate, che schiamazzano, fanno risse varie e danneggiano le macchine (righi sugli sportelli, specchietti rotti, etc..)

Fossi in te non denuncierei, la soddisfazione te la sei già levata (puntata nel naso), onde evitare di finire nei guai perché purtroppo come tutti sanno la giustizia tutela sempre chi per primo arreca danni agli altri.

Fintanto che la politica non darà più potere alle forze dell'ordine ci saranno sempre casi come questi o peggio come nei casi di spaccio, furti e rapine. 

Bisogna adottare la linea dura, tolleranza zero",PVTDST,2022-12-18T10:44:29,0,Italia,https://reddit.com/r/Italia/comments/zoftjf/idioti_iniziano_a_lanciare_petardi_e_bottiglie_di/j0p5dto/
zo1j09,,j0p3o9u,"Non è tanto l'odore degli adolescenti, ma l'odore di 30 umani stipati in una classe piccola senza aria condizionata d'estate. Io sudavo pure d'inverno dato che i termosifoni erano sparati a mille da novembre a maggio. Grazie al cazzo che è sgradevole",SadDonkey1993,2022-12-18T10:20:24,1,Italia,https://reddit.com/r/Italia/comments/zo1j09/scuole_fredde_quasi_1_studente_su_2_fa_lezione_al/j0p3o9u/
zod5ie,,j0p21rd,"Troppo bella! Se ti piace la natura è una cosa indimenticabile, passi da un posto assurdo all'altro più volte nella stessa giornata, e alla fine ti sembra di averne vissuto molte di più. E poi gli incontri che fai in giorni così sono sempre speciali. :)

Suggerimenti...vediamo, io mi informerei un po' sul percorso prima di farla, per dividere bene le tappe e anche perché secondo me te la godi molto di più a raggiungere quei posti che avevi immaginato tante volte...se ti interessa ho postato qualche video su youtube dove si vede tutta.

I rifugi conviene contattarli a inizio primavera, poi dipende dal periodo in cui si va, ma ad esempio quest'anno che l'estate si è prolungata moltissimo, a settembre era ancora pieno di gente.

Ovviamente il meteo va controllato ogni giorno, e bisogna portarsi qualcosa per la pioggia e qualcosa di caldo, come dappertutto in montagna...ma appunto quello lo capisci informandoti prima. Comunque consigliatissima!",lavatoconpirlana,2022-12-18T09:57:37,3,Italia,https://reddit.com/r/Italia/comments/zod5ie/qual_è_vostro_il_ricordo_più_bello_del_2022/j0p21rd/
zod5ie,,j0oslzc,"Ce ne sono diversi. 
Petsonale, quando sono riuscito a finire un progetto hobbystico a cui stavo lavorando da 3 anni ed è uscito alla grande.
In famiglia probabilmente fare gli scivoli d’acqua con mio figlio st’estate.
A lavoro quando ho tenuto un intervento ad una convention con un feedback molto positivo.",xmaken,2022-12-18T07:48:25,2,Italia,https://reddit.com/r/Italia/comments/zod5ie/qual_è_vostro_il_ricordo_più_bello_del_2022/j0oslzc/
zo1j09,,j0l0qq9,Beh era estate all'inizio della scuola,Alex-Man,2022-12-17T13:32:27,7,Italia,https://reddit.com/r/Italia/comments/zo1j09/scuole_fredde_quasi_1_studente_su_2_fa_lezione_al/j0l0qq9/
znfnqa,,j0kymtg,"Io solo per me ho speso 1500 euro per due settimane di ferie, questa estate. Prima vacanza in 7 anni. Sinceramente,  a meno che i genitori non paghino, non vedo come potrei anche solo con un figlio solo.",Dynamitenerd,2022-12-17T13:10:45,2,Italia,https://reddit.com/r/Italia/comments/znfnqa/il_desiderio_di_fare_un_bambino_e_la_paura_di_non/j0kymtg/
znelxx,,j0j5k3p,"Non proprio, sono andato il Liguria in vacanza questa estate le facevano pagare 15 centesimi, dei criminali",Acceptable_Issue_307,2022-12-17T01:03:07,2,Italia,https://reddit.com/r/Italia/comments/znelxx/secondo_voi_quali_sono_i_beni_che_non_perderanno/j0j5k3p/
znelxx,,j0j1j36,"Guarda... Ho visto il servizio del tg1 proprio questa estate, mentre eravamo in piena emergenza idrica (proprio quando il Po iniziava ad assorbire importanti percentuali di sale marino) ed il giornalista intervistava proprio l'AD di questa azienda, che si vantava di produrre acqua dolce desalinizzando l'acqua marina con il loro processo a zero impatto ambientale, presumo che usassero energia fotovoltaica o eolica, ma si vantava che il loro metodo aveva impatto zero neo consumi energetici e immissione ambientale...
Poi se ricordo male... Chiedo venia...",Su_Accabbadore,2022-12-17T00:30:25,1,Italia,https://reddit.com/r/Italia/comments/znelxx/secondo_voi_quali_sono_i_beni_che_non_perderanno/j0j1j36/
znit0f,,j0hsfe9,In estate 8km è il minimo che cammino…,Sardinianrider,2022-12-16T19:07:48,-3,Italia,https://reddit.com/r/Italia/comments/znit0f/perché_litalia_è_un_paese_per_automobili/j0hsfe9/
zn8orx,,j0g910o,"Dopo 14 anni di forte ansia sociale, e poi depressione, sono riuscito a:

1-Iniziare una terapia psicologica
2-iniziare a fare sport
3-Laurearmi
4-trovare degli amici
5-Risolvere in parte la mia ansia sociale e depressione

Per l'anno prossimo vorrei:

1-lavorare ancora sui miei problemi di ansia e relazionali
2- partire bene con la magistrale anche per aumentare le probabilità di fare in estate uno stage figo in un laboratorio di ricerca
3- Eh, se capita, trovare una ragazza, o almeno avere la forza per non lasciarmi sfuggire un'occasione.",Tricky_Walrus_3683,2022-12-16T12:38:37,19,Italia,https://reddit.com/r/Italia/comments/zn8orx/obiettivi_compiuti_questanno_e_quelli_per_lanno/j0g910o/
zn8orx,,j0g2zui,"Trovare un ragazzo.

Questa estate potersi togliere la maglietta felicemente in spiaggia.",JustSomebody56,2022-12-16T11:31:31,5,Italia,https://reddit.com/r/Italia/comments/zn8orx/obiettivi_compiuti_questanno_e_quelli_per_lanno/j0g2zui/
znc8zs,,j0g2ldi,"In realtà lavoro in un negozio Tim , capita spesso che vengano in prova ragazzi giovani o per lo meno più giovani di me .
Il loro unico pensiero è se si lavora il fine settimana e l’estate ( credimi lavoro in una realtà dove ne economicamente ne umanamente ti fanno mancar nulla ) potendomi rispecchiare solo con questi casi , ho determinato il mio pensiero.",[deleted],2022-12-16T11:26:27,1,Italia,https://reddit.com/r/Italia/comments/znc8zs/é_così_tanto_grave_non_godersi_la_vita_quando_si/j0g2ldi/
zn9h7m,,j0g1aux,"Per 2 anni e mezzo c'è stata una persona nella mia vita che ho ritenuto un'amica di cui potermi fidare, dopo avermi mancato altamente di rispetto tradendo la mia fiducia ha ghostato quest'estate passata quando ho provato in maniera molto matura di chiedere spiegazioni. Ancora oggi quando occasionalmente ci ripenso mi sale il nervoso perché non so il motivo, ha sempre avuto il mio supporto incondizionato e mi considerava (parole sue) parte della sua famiglia. Da una parte vorrei che rimanga fuori dalla mia vita perche sì, dall'altra parte vorrei incrociarla per strada (abita a mezzo chilometro da me) per verificare se ha la coscienza abbastanza pulita da guardarmi negli occhi",Badile96,2022-12-16T11:09:42,0,Italia,https://reddit.com/r/Italia/comments/zn9h7m/ghosting/j0g1aux/
zna1gl,,j0frfeb,"Ogni tanto eni esce con la quantità mi sembra. Mi pare di ricordare sul 85%+. Ma la quantità non è mai stata un problema, il fatto di averlo comprato in estate con l indice ttf che quotava 300 è la vera preoccupazione",faratto_,2022-12-16T08:49:53,2,Italia,https://reddit.com/r/Italia/comments/zna1gl/quanto_gas_abbiamo/j0frfeb/
zmke20,,j0eizvo,"Allora  vivo da solo per cui a settimana sicuro 1 lavatrice di colori e 1 di bianchi, poi capita la lavatrice di lenzuola, lavatrice di asciugamani e accappatoi, lavatrice di tappeti. Quindi ti dico la media di 3 lavatrici a settimana. Per quanto riguarda lo stirare è una cosa che odio, per ovviare cerco di stendere bene e le maglie le sistemo già sulle grucce, in inverno riesco a stirare relativamente poco ma in estate con le maglie di cotone purtroppo si deve fare.",R0van_,2022-12-16T01:38:26,1,Italia,https://reddit.com/r/Italia/comments/zmke20/per_quelli_che_vivono_soli_quante_lavatrici_vi/j0eizvo/
zmke20,,j0ef8my,"Una a settimana, o anche una in due settimane se non sporco troppo cose, spesso di Inverno va così. Di Estate è raro sia meno di una a settimana. Stirare non stiro, dovrei imparare in teoria ma le camicie non le metto più da tanto tempo e non sono persona che si cura della mia apparenza a quel livello. Facessi un lavoro che richiede un certo decoro suppongo dovrei decisamente stirarmi le camicie però.",LadyLunaArtemis,2022-12-16T01:09:07,1,Italia,https://reddit.com/r/Italia/comments/zmke20/per_quelli_che_vivono_soli_quante_lavatrici_vi/j0ef8my/
zmtmh2,,j0dy4ol,"ogni estate vado in Russia e mi capita sempre di mangiarla ed è strabuona, penso proprio che dipende dagli ingredienti: alcuni di questi qui in italia sono diversi da quelli russi oppure non ci sono proprio, tipo la колбаса",Complete-Raspberry46,2022-12-15T23:05:41,0,Italia,https://reddit.com/r/Italia/comments/zmtmh2/qual_è_quel_piatto_che_non_sopportate_e_che_ogni/j0dy4ol/
zmke20,,j0dh0tq,"Una volta la sett lenzuola e asciugamani 

Una volta la sett vestiti vari, in estate anche due. Se ho jeans da lavare aspetto di averne qualche paio o altre cose con le zip per far una lavatrice a parte altrimenti addio magliette 

In inverno una ogni paio di sett con le cose di lana 

Tappetino del bagno e della cucina ogni qualche sett 

E poi i maledetti canovacci della cucina che nn so mai con cosa lavare e quindi ne ho mille e aspetto si accumulino 

NON FINISCE MAI",fwork_,2022-12-15T21:11:18,1,Italia,https://reddit.com/r/Italia/comments/zmke20/per_quelli_che_vivono_soli_quante_lavatrici_vi/j0dh0tq/
zmke20,,j0cshil,"1.5 lavatrici a settimana in inverno, 0.8 in estate. Stiro solo le camicie e solo per eventi importanti (il mio lavoro non richiede abbigliamento particolare).",Cultural-Debt11,2022-12-15T18:34:14,2,Italia,https://reddit.com/r/Italia/comments/zmke20/per_quelli_che_vivono_soli_quante_lavatrici_vi/j0cshil/
zmrimb,,j0crgt6,"Dipende dal tuo contratto di lavoro. Da me le ore di ferie si possono “portare” per un massimo di 40h all’anno solare successivo, mentre i ROL devono essere “per forza” spesi entro il 31/12. Comunque tranne in alcuni casi di CCNL specifici o accordi nel contratto, si matura ogni mese 1/12; quindi prendi il monte ore totale di ferie a cui hai diritto e dividilo per 12. Così hai una idea di quanto maturi mensilmente per poterti organizzare in vista dell’estate.",Melodic-Fox-1254,2022-12-15T18:27:42,2,Italia,https://reddit.com/r/Italia/comments/zmrimb/obbligati_a_prendere_ferie/j0crgt6/
zmrimb,,j0cqmx6,"12 ore? Sei stato appena assunto... cosa che crea qualche problema di questo tipo prima delle chiusure aziendali.  
Ora i casi sono due, o l'azienda spinge per far fruire le ferie residue entro la fine dell'anno, perché le ferie residue nella contabilità sono viste come un debito ed inoltre rappresentano un costo, però sinceramente non ho mai sentito di aziende che si attaccassero ad un giorno e mezzo di ferie residue, oppure è stata decisa una chiusura aziendale per il periodo natalizio, da coprire con le ferie, cosa piuttosto comune ma che può creare dei problemi a chi non ha giorni per coprirlo, quindi o ti fanno andare in negativo oppure ti mettono in permesso non retribuito. D'altro canto i 10 giorni di ferie estive sono tenuti a darteli, possibilmente consecutivi. Io andrei a parlarne con il tuo responsabile per capire meglio la situazione e cosa fare anche nell'ottica della prossima estate.",StefanoG1967,2022-12-15T18:22:28,4,Italia,https://reddit.com/r/Italia/comments/zmrimb/obbligati_a_prendere_ferie/j0cqmx6/
zmke20,,j0bxzyw,"Una lavatrice a settimana alternando bianchi e colorati, occasionalmente una in più per lenzuola o stracci o roba che si è accumulata. Maglioncini e altra lana li porto da mamma che li fa insieme alla roba loro. 

Non stiro niente, a lavoro d'estate indosso polo e d'inverno il maglioncino copre la maglietta. Per occasioni speciali chiedo di nuovo a mamma <3",Theudas91,2022-12-15T15:18:31,0,Italia,https://reddit.com/r/Italia/comments/zmke20/per_quelli_che_vivono_soli_quante_lavatrici_vi/j0bxzyw/
zmke20,,j0bp3mp,"Non stiro dal 2009 hahahha

Io uso la tecnica del colpo di frusta.

Quando faccio il bucato mi muovo come Jackie Chan mentre si allena ne il serpente all'ombra dell'aquila (faccio anche il verso del serpente quando do il colpo di frusta alla roba prima di stenderla)

Non uso camicie.
Pantaloni solo in denim tranne che d'estate.


Lavatrici almeno una al giorno (ci sono anche i tappeti di cotone, le tende e pure il gargantuesco mouse pad)",Hell_is_now79,2022-12-15T14:15:02,22,Italia,https://reddit.com/r/Italia/comments/zmke20/per_quelli_che_vivono_soli_quante_lavatrici_vi/j0bp3mp/
zmdiwd,,j0blmqq,"https://preview.redd.it/roi0duh8y36a1.jpeg?width=921&format=pjpg&auto=webp&s=f57a57517c4a964f9c222603042cecc1cd608a58

Questo. Spoiler: si è rimessa con il suo ex e quell'estate me la sono spassata da solo.",Se7enBlank,2022-12-15T13:48:15,38,Italia,https://reddit.com/r/Italia/comments/zmdiwd/qual_è_il_più_bel_messaggio_che_vi_abbiano_mai/j0blmqq/
zmke20,,j0biix8,"Ne faccio una alla settimana in media, a volte due o tre. Molte di più d'estate per ovvie ragioni, e perché al sole il bucato ci mette mezza giornata ad asciugarsi contro i due/tre giorni d'inverno con i semplici termosifoni (non ho l'asciugatrice perché no facio opraio ma pago afito).

Stirare quando la vocina di mia mamma che ho in testa mi dice ""almeno la camicia stropicciata ai matrimoni e ai battesimi evitala"".",kapamoraski,2022-12-15T13:22:29,84,Italia,https://reddit.com/r/Italia/comments/zmke20/per_quelli_che_vivono_soli_quante_lavatrici_vi/j0biix8/
zmke20,,j0bgeu6,"Stirare solo d'estate quando mi serve una camicia, lavatrici tra 1 e 2 a settimana.",ZiaMarica,2022-12-15T13:03:38,9,Italia,https://reddit.com/r/Italia/comments/zmke20/per_quelli_che_vivono_soli_quante_lavatrici_vi/j0bgeu6/
zmgjy7,,j0ax7dk,"Se sono di legno è meglio chiuderle perché altrimenti le variazioni di temperatura e umidità possono deformarle e poi non chiudono più bene.
Se piove si chiudono per non far bagnare le finestre.
Sicuramente un po' di protezione dalla dispersione termica in inverno e dal calore in estate la danno.
Detto questo spero proprio che i tuoi vicini abbiano di meglio da fare che monitorare le tue persiane!",ultranoica,2022-12-15T09:08:43,6,Italia,https://reddit.com/r/Italia/comments/zmgjy7/enigma_persiane/j0ax7dk/
zlu7g3,,j0au4ns,"> Addirittura ho conosciuto colleghi con il ruolo di dirigenti che non vedono un soldo dalla scorsa estate.

Io faccio seriamente fatica a credere a tutto questo anche per queste frasi. Dirigenti (quindi svariate persone di una certa età e con una certa esperienza alle spalle, si suppone) che non vengono pagati da più di 3-4 mesi? E nessuno ha ancora fatto, detto, mosso nulla? In un ambiente pubblico?!

O ti sei iscritto ad un qualcosa di volontariato e non te ne sei accorto, oppure lavori con le uniche persone al mondo che non hanno idea di come far valere i propri diritti. O forse sei stato assunto col CCNL Schiavismo, l'ultima possibilità che mi viene in mente, perché di persone di alto livello e/o inquadramento che lavorano aggratis io non ne ho mai viste o sentite",MarvelousJarro,2022-12-15T08:26:09,1,Italia,https://reddit.com/r/Italia/comments/zlu7g3/averlo_saputo_prima/j0au4ns/
zlvusz,,j0ag8mt,"mah, secondo me avrebbe più senso 2 mesi d'estate. E più estati passi in addestramento più crediti ricevi perché dimostri un interesse per lo Stato. 2 mesi non sono tanti ma sono abbastanza creare un'esperienza significativa dove i ragazzi imparano qualcosa come la displina o a stare in gruppo. Se poi è volontaria non vedo che male ci sia, tanto non penso che ci saranno molti che preferirebbero fare la naja al posto di farsi le vacanze.",millenove,2022-12-15T05:39:02,2,Italia,https://reddit.com/r/Italia/comments/zlvusz/mini_naja_di_40_giorni_vedo_molti_altamente/j0ag8mt/
zlw44a,,j09aqpo,"Io sarò pure stronzo però ho faticato onestamente e non mi sono mai lamentato. E sono arrivato dove sono arrivato grazie al rispetto per il lavoro.
Non sono stato sfruttato. Ho avuto ciò che mi si doveva. 
Ora i muratori, quelli che lavorano sulle strade o sulle ferrovie cosa devo dire con +40 d estate o - 5 d inverno.? 
Si coprono perché pretendere che la ditta ti passi il giubbotto.
La ditta deve passarti PPE per farti fare il lavoro al sicuro ma se l ambiente è all aperto che cavolo devono fare? 
Allora occhismo tutti i cantieri! 
Tanto c è il RDC. 
Se op non le capacità di lavorare in ufficio (bada bene che neanche io ci lavoro) allora o si cerca un altro lavoro più idoneo o si copre.",Solo-me,2022-12-15T00:06:42,-8,Italia,https://reddit.com/r/Italia/comments/zlw44a/lavorare_con_0_gradi_è_legale_in_italia/j09aqpo/
zlwixt,,j088t9m,"La numero 2 non è del tutto vera...

Ho saltato 3 anni alle superiori e nonostante ciò mi sono diplomato quest'estate.

Meglio tardi che mai...",Klefaxidus,2022-12-14T19:55:13,1,Italia,https://reddit.com/r/Italia/comments/zlwixt/è_un_idea_così_terribile_abbandonare_le_superiori/j088t9m/
zlw44a,,j088hy8,"Doti i lavoratori di opportuni strumenti di protezione termica, e nel caso di clima particolarmente avverso non lavori.

Fonte: mio padre che questa estate ha interrotto dei lavori per il troppo caldo.",Simone1998,2022-12-14T19:53:16,12,Italia,https://reddit.com/r/Italia/comments/zlw44a/lavorare_con_0_gradi_è_legale_in_italia/j088hy8/
zl6rml,,j06g7ii,"Comprato un'auto elettrica ""poco"" usata l'estate del 2021 (Zoe con 40kwh di batteria) a prezzo   
 comptitivo, rivenduta due mesi fa a inizio crisi energetica.

Considerazioni: se puoi ricaricarla a casa, può essere un'ottima seconda auto, anche prima se sei uno che non fa lunghi viaggi in auto. Comoda da guidare, abbastanza silenziosa. Si ricaricava di notte a 4kw/h. Fina all'inizio della crisi energetica era anche risparmiosa in termini di carburante, specie se la potevi ricaricare a casa. 

Ora, se non hai i pannelli solari, un pieno elettrico ti costa più di un pieno benzina.   Ma quello che mi ha convinto a venderla è stato uno stop di tre mesi (in garanzia) per un problema ad una centralina, che mi ha fatto pensare: che faccio se si rompe a garanzia scaduta?",fbochicchio,2022-12-14T12:25:06,2,Italia,https://reddit.com/r/Italia/comments/zl6rml/le_auto_elettriche_sono_un_bluff_o_unopportunità/j06g7ii/
zl6o06,,j06eqh3,"Quindi sei una fan dei servizi di studio aperto sulle fontane e che invitano gli anziani a bere tanta acqua d'estate, ok",Enzarello,2022-12-14T12:09:10,1,Italia,https://reddit.com/r/Italia/comments/zl6o06/indossare_abbigliamento_caldo_in_casa_potrebbe/j06eqh3/
zl1mxp,,j06czut,"Lo ho già commentato sotto un altro post ma mi ripeto.

Questa estate al posto di fare le solite due settimane di ferie ho deciso di prendere tutti i venerdì off da Giugno a circa metà Settembre, è stata ( personalmente ) un ottima decisione.

Il primo perk sono i 3 giorni di fila completamente liberi:

Il Venerdì spesa con calmissima, al pomeriggio mi trovo con amici che vanno all' università + se cerco qualcosa di specifico ho la certezza di trovare il negozio / ufficio aperto.

Il Sabato giorno per farsi il giro in auto con partenza presto al mattino e ritorno tardi alla sera tanto posso dormire tutta la domenica mattina.

Domenica per dormire e rilassarsi sul divano / PC + fare lavoretti vari in giro per casa.

Il secondo perk è il morale / benessere: iniziare il lunedì completamente fresco e sapendo che avevo 4giorni di lavoro mi auitava ad organizzare meglio il lavoro e a rispettare meglio le scadenze ( sapendo che ho 4gg per terminare una cosa mi concentro di più ed elimino il cazzeggio )

Per quanto riguarda la produttività nel mio caso non è aumentata ma non è neanche diminuita.

Insomma se avete la possibilità di provarlo fatelo.",wasdthemighty,2022-12-14T11:49:20,11,Italia,https://reddit.com/r/Italia/comments/zl1mxp/settimana_lavorativa_corta_la_sperimentazione/j06czut/
zl6o06,,j068e0h,"Art. 19-quater Disposizioni in materia di riduzione dei consumi termici degli edifici 1. Al fine di ridurre i consumi termici degli edifici e di ottenere un risparmio energetico annuo immediato, dal 1° maggio 2022 al 31 marzo 2023 la media ponderata delle temperature dell'aria, misurate nei singoli ambienti di ciascuna unita' immobiliare per la climatizzazione invernale ed estiva degli edifici pubblici, a esclusione degli edifici di cui all'articolo 3, comma 4, del regolamento di cui al decreto del Presidente della Repubblica 16 aprile 2013, n. 74, non deve essere superiore, in inverno, a 19 gradi centigradi, piu' 2 gradi centigradi di tolleranza, ne' inferiore, in estate, a 27 gradi centigradi, meno 2 gradi centigradi di tolleranza. 

 

Riferimenti normativi - Si riporta il testo dell'articolo 3 del decreto del Presidente della Repubblica 16 aprile 2013, n. 74, recante «Regolamento recante definizione dei criteri generali in materia di esercizio, conduzione, controllo, manutenzione e ispezione degli impianti termici per la climatizzazione invernale ed estiva degli edifici e per la preparazione dell'acqua calda per usi igienici sanitari, a norma dell'articolo 4, comma 1, lettere a) e c), del decreto legislativo 19 agosto 2005, n. 192»: «Art. 3 (Valori massimi della temperatura ambiente). - 1. Durante il funzionamento dell'impianto di climatizzazione invernale, la media ponderata delle temperature dell'aria, misurate nei singoli ambienti riscaldati di ciascuna unita' immobiliare, non deve superare: a) 18°C + 2°C di tolleranza per gli edifici adibiti ad attivita' industriali, artigianali e assimilabili; b) 20°C + 2°C di tolleranza per tutti gli altri edifici. 2. Durante il funzionamento dell'impianto di climatizzazione estiva, la media ponderata delle temperature dell'aria, misurate nei singoli ambienti raffrescati di ciascuna unita' immobiliare, non deve essere minore di 26°C - 2°C di tolleranza per tutti gli edifici. 3. Il mantenimento della temperatura dell'aria negli ambienti entro i limiti fissati ai commi 1 e 2 e' ottenuto con accorgimenti che non comportino spreco di energia. 4. Gli edifici adibiti a ospedali, cliniche o case di cura e assimilabili, ivi compresi quelli adibiti a ricovero o cura di minori o anziani, nonche' le strutture protette per l'assistenza e il recupero dei tossico-dipendenti e di altri soggetti affidati a servizi sociali pubblici, sono esclusi dal rispetto dei commi 1 e 2, limitatamente alle zone riservate alla permanenza e al trattamento medico dei degenti o degli ospiti. Per gli edifici adibiti a piscine, saune e assimilabili, per le sedi delle rappresentanze diplomatiche e di organizzazioni internazionali non ubicate in stabili condominiali, le autorita' comunali possono concedere deroghe motivate ai limiti di temperatura dell'aria negli ambienti di cui ai commi 1 e 2, qualora elementi oggettivi o esigenze legati alla specifica destinazione d'uso giustifichino temperature diverse di detti valori. 5. Per gli edifici adibiti ad attivita' industriali, artigianali e assimilabili, le autorita' comunali possono concedere deroghe ai limiti di temperatura dell'aria negli ambienti di cui ai commi 1 e 2, qualora si verifichi almeno una delle seguenti condizioni: a) le esigenze tecnologiche o di produzione richiedano temperature diverse dai valori limite; b) l'energia termica per la climatizzazione estiva e invernale degli ambienti derivi da sorgente non convenientemente utilizzabile in altro modo.».",HappyDiscoverer,2022-12-14T10:51:19,0,Italia,https://reddit.com/r/Italia/comments/zl6o06/indossare_abbigliamento_caldo_in_casa_potrebbe/j068e0h/
zl6o06,,j0411kl,Ma infatti questa demonizzazione del freddo da dove arriva!? Io faccio la doccia tiepida in inverno e gelata d’estate!,[deleted],2022-12-13T22:29:38,-4,Italia,https://reddit.com/r/Italia/comments/zl6o06/indossare_abbigliamento_caldo_in_casa_potrebbe/j0411kl/
zkzlcu,,j03p0ga,"Era per sottolineare come, anche senza buttare soldi in spese pazze, una amministrazione locale fa presto a spendere quasi tutti i ricavati dalle entrate, rischiando di fare debiti.
Basterebbe la collaborazione di TUTTI per far calare queste spese e di conseguenza le tasse.
Ad esempio, io sarei ben felice di pulire personalmente,  diciamo 30 metri di marciapiede davanti casa, levando le foglie in autunno e tagliando l'erba delle aiuole in primavera estate, a fronte di uno sconticino nelle tasse .
Io, poi c'è il mio vicino di casa che non fa la differenziata e butta la sua merda direttamente nella aiuola dall'altra parte della strada.",itamau87,2022-12-13T21:12:50,2,Italia,https://reddit.com/r/Italia/comments/zkzlcu/di_quanti_soldi_avete_bisogno_per_vivere_secondo/j03p0ga/
zkwzua,,j03k817,"Da Pugliese ho smesso di fare le vacanze in Puglia: vado altrove e spero che in moltissimi inizieranno a fare lo stesso. La maggior parte dei balneari è gente senza scrupoli che vuole lavorare tre mesi l'anno e arricchirsi il più possibile sulla pelle del turista che, anche se non torna, viene comunque sostituito. E lo dico con cognizione di causa perché nei villaggi ci ho lavorato e ci sfruttavano come cani. Si sono mangiati tutto, ma la gente ormai legge le recensioni, si guarda in giro, parla con colleghi ed amici ed è attenta alle spese, insomma secondo me la pacchia sta finendo non a caso già la scorsa estate mi è parso di notare meno turismo del solito sulle spiagge. Ho fatto anche le vacanze in Calabria e, di contro, ti accorgi che è veramente ferma agli anni 70' dove non c'è un minimo di servizio e le 'strutture ricettive' sono spesso villette costruite per metà, ma almeno i prezzi sono onesti e se cerchi la tranquillità è il top. L'anno prossimo proverò con la Grecia, chissà che mi va meglio.",mrioso_reddit,2022-12-13T20:44:11,3,Italia,https://reddit.com/r/Italia/comments/zkwzua/concessioni_balneari_lidea_di_santanchè_ai/j03k817/
zkrpl7,,j03e4f6,"Zona san felice, san Felicino e San Bovio top tipo Milano 2, 73 barrato arrivi a Linate e prendi la metro o in 45 Min sei in San Babila, supercondomini in mezzo a parchi con campi da tennis e tutti servizi essenziali...io cercherei...di estate hai idroscalo....il mare dei milanesi...vedi tu...",13476cenobyte,2022-12-13T20:07:12,2,Italia,https://reddit.com/r/Italia/comments/zkrpl7/miglior_zona_dove_comprare_casa_vicino_milano/j03e4f6/
zkwzua,,j0390br,"Detto da uno che ha passato gli ultimi 38 anni in vacanza nello stesso paesino balneare del Salento vedendolo spolpare anno dopo anno tanto da tornarci d'estate ormai solo per vedere i parenti, fidati, non è mai l'interpretazione più ingenua.

Le spiagge della Calabria sono una anomalia che non mi spiego, belle, pulite e dove ancora si può andare senza trovarsi un ombrellone ogni mezzo metro quadro - magari saprai spiegarmi qual è il segreto. In Puglia non è più così. Le spiagge sono TUTTE e dico TUTTE in mano a 1) lidi collegati a residence/agriturismi colossali dove non si può prendere l'ombrellone nemmeno pagando se non sei cliente della struttura 2) lidi con prezzi da costa smeralda a fronte del cui pagamento ti trattano comunque a pesci in faccia, perché tanto tu tra una settimana te ne vai e al posto tuo sta la fila, non gli serve che ritorni 3) ""spiaggia libera attrezzata"", che è un altro modo per dire ""lido in mano al camorrista di zona che pianta i suoi ombrelloni la mattina alle 6, riempie la spiaggia libera e se provi a dire qualcosa l'ombrellone te lo regala ma non infilato nella sabbia bensì laddove è più scomodo"".

Per curiosità sono andato sul sito che riporta il costo delle concessioni per i lidi della mia zona proprio la settimana scorsa. Non più di 2.500 Euro l'anno per un lido da oltre 200 ombrelloni, mentre le spiagge libere attrezzate non pagano proprio niente. E il comune (di cui la località balneare è frazione, quindi con pochissimi residenti votanti) dice che non può mettere in sicurezza la scogliera che frana ogni due mesi perché non ha i soldi.

Ho sperato tanto che la Bolkenstein riuscisse non a rompere ma almeno a incrinare questo muro. Che potesse nascere qualche azienda più seria, che valorizzasse davvero il territorio, che volesse davvero attirare un turismo meno di massa e più di qualità investendo qualcosa. Poi è caduto Draghi e vabbé abbiamo capito che anche a sto giro continueremo a pagare tutti noi le sanzioni europee. Pazienza, sono troppo giovane per fare veleno così...",vrkeejay,2022-12-13T19:37:19,5,Italia,https://reddit.com/r/Italia/comments/zkwzua/concessioni_balneari_lidea_di_santanchè_ai/j0390br/
zkpcgg,,j02w6t0,"E ci mancherebbe.

All'estero (Australia) non paghi per un mese e zero scuse te ne vai fuori dalle balle, ti buttano giù la porta. 

Verrò sommerso di meno ma se decido di investire in real estate, ci manca solo che l'inquilino non paga e mi manda a ramengo gli investimenti.

Nel mio palazzo c'era un tizio senza vergogna che per due , si due, si 2 anni non ha pagato l'affitto e non e mai stato possibile sfrattarlo .

Ma scherziamo?",ets8282,2022-12-13T18:16:55,2,Italia,https://reddit.com/r/Italia/comments/zkpcgg/il_governo_azzera_i_contributi_affitto_e_morosità/j02w6t0/
zkrpl7,,j02fm35,"Oh beh, quella scuola è proprio in mezzo al parco nord. Non c'è nulla oltre quella.
L'autobus passa per l'ospedale bassini e tira dritto per andare alla scuola, in inverno, oppure svolta subito al primo incrocio, in estate, tagliando un 500 metri di strada che costeggia il parco, per deviare sulla parallela ( Fulvio Testi ), insomma un caso raro ma degno di nota.",itamau87,2022-12-13T16:32:47,2,Italia,https://reddit.com/r/Italia/comments/zkrpl7/miglior_zona_dove_comprare_casa_vicino_milano/j02fm35/
zkrpl7,,j02exhb,">Usavo linee comuni e non "" dedicate "" alle scuole, anzi, una cosa cambia, il percorso. Ad esempio la linea 727, in estate non passa dall'istituto scolastico Parco Nord, cambia giro, per poi riprendere a settembre.

Capisci bene che uno che a Milano ci va per lavoro tutto l'anno ed eventualmente abita nella zona della scuola non può essere ostaggio dei cambi di percorso, e nemmeno dei cambi di orario. E si compra l'auto.",[deleted],2022-12-13T16:28:17,0,Italia,https://reddit.com/r/Italia/comments/zkrpl7/miglior_zona_dove_comprare_casa_vicino_milano/j02exhb/
zkrpl7,,j02efdw,"Si, bene o male sempre. Ero nel consiglio di istituto, quindi rimanevo a scuola fino a sera tarda, orario in cui si tenevano le riunioni. Poi tornavo a casa con i mezzi, verso le 22:00-22:30.
Per i festivi o in estate cambia leggermente la frequenza degli autobus ( tipo da uno ogni 10 minuti e uno ogni 30-40 ), ma trenord non cambia.
Usavo linee comuni e non "" dedicate "" alle scuole, anzi, una cosa cambia, il percorso. Ad esempio la linea 727, in estate non passa dall'istituto scolastico Parco Nord, cambia giro, per poi riprendere a settembre.",itamau87,2022-12-13T16:24:56,1,Italia,https://reddit.com/r/Italia/comments/zkrpl7/miglior_zona_dove_comprare_casa_vicino_milano/j02efdw/
zkwzua,,j027w3c,"Allora; lei mi sta sul cazzo, ma l'idea di fondo potrebbe essere buona, se è come l'ho interpretata io, ovvero:

Se alcune spiagge libere sono in pieno degrado, senza che le amministrazioni responsabili riescano a metterle a posto, liberandole dell'accumulo di rifiuti abbandonati/portati a riva dalle maree ed usate come luoghi di ritrovo per spaccio e/o consumo di stupefacenti, allora meglio dare QUESTA tipologia di spiaggia in gestione a dei privati, al fine di rimuovere le irregolarità e farle rendere.

SOLO le spiagge che sono peggio di una discarica, le altre no.
SOLO se gli enti preposti non riescono a ripulirle e tenerle pulite.

Ogni estate vado al mare in provincia di Catanzaro e le spiagge libere sono splendide, ben tenute, pulite e sono la maggioranza del litorale, tra uno stabilimento e l'altro ed è giusto che restino così, libere ed accessibili gratuitamente da chiunque.
Tanto lo stabilimento, i miei soldi se li prende ugualmente, tra colazione, birre e gelati.",itamau87,2022-12-13T15:36:10,1,Italia,https://reddit.com/r/Italia/comments/zkwzua/concessioni_balneari_lidea_di_santanchè_ai/j027w3c/
zkfpgc,,j02724g,Perché abbiamo rinunciato al nostro principale fornitore di energia per il quale avevamo già infrastrutture efficienti come il Nordstream (sabotato quindi in utilizzabile in nessuno scenario). E anche se stiamo diversificando l’approvvigionamento dalle fonti attuali è strutturalmente più costoso. E il prezzo attuale dipende in grossa parte dal fatto che siamo riusciti a riempire le riserve quest’estate (e ci siamo riusciti solo perché ci siamo continuato ad approvvigionare dalla Russia). Chi pensa che si possa “cancellare la Russia” ha torto marcio e ha una visione fortemente distorta del mondo in cui gli USA la giocano ancora da padrone come se fosse il 1950-2000. Purtroppo per noi non è così e i primi a prendere il bastone saremo proprio noi Europei (la Francia per loro fortuna molto meno non avendo lasciato una teenager svedese decidere le politiche energetiche del paese).,NotoriousEEDN,2022-12-13T15:29:44,3,Italia,https://reddit.com/r/Italia/comments/zkfpgc/secondo_voi_i_prezzi_di_gas_e_luce_torneranno_mai/j02724g/
zk6pld,,izybxeo,"La felicità è una sensazione di armonia che si sposta negli anni. Ci sono cose che mi rendevano felice a 10, 20 o 30 anni di cui oggi non mi interessa più nulla. 
Posso dire che più che la felicità si matura con gli anni la capacità di trovare qualcosa che ti rende felice in molte più cose, non si ha più bisogno dei cosiddetti ""grandi segnali"", è qualcosa che si impara a vivere a sprazzi e al momento.
Certamente devi essere nella condizione di poterla cogliere, se dormi sulle panchine o sei dilaniato da debiti e problemi difficilmente riesci a trovare la serenità ammirando una luna d'estate.",Kymius,2022-12-12T19:22:17,8,Italia,https://reddit.com/r/Italia/comments/zk6pld/in_cosa_consiste_la_vera_felicità_in_un_paese/izybxeo/
zis8ic,,izybm65,"Anche la bici non é male!!! Questa estate ho fatto una bella uscita da 130 km, e a casa ho mangiato 2 montagne di cibo e ho dormito come un cucciolino per troppo tempo ahahah. Il mio povero Garmin mi dava per morto, ma che soddisfazione!",DielectricLife,2022-12-12T19:20:17,2,Italia,https://reddit.com/r/Italia/comments/zis8ic/che_passionihobby_avete/izybm65/
zk1yt7,,izy22vl,"In Francia hanno messo il reddito minimo 10€ all'ora.
E la Francia non è tutta Parigi, ci ho vissuto. Alcune città sono anche più economiche di Milano o anche Torino.
Poi ci sono tante agevolazioni per studenti fuorisede con rimborso da parte dello stato di parte delle spese di affitto (per tutti, indipendentemente dal reddito), tantissime residenze universitarie (in Italia sono poche) e possibilità di lavorare (non a nero e a 3€ all'ora!) d'estate. Le sessioni di esame inoltre non sono folli come le nostre. A fine maggio finiscono gli esami e riprendono a gennaio. In Italia con sessioni pure a luglio e a settembre, quando lavoriamo? Ricordo che i miei amici in Erasmus di varie nazionalità erano scioccati nel sapere che avessimo una sessione d'esame anche a settembre. Essere continuamente sotto pressione e non essere ricompensati in nessun modo, non aiuta. Essere considerati gli ultimi della società e mancati di rispetto, nemmeno. Si crea un circolo vizioso per cui finché non siamo completamente autonomi, indipendenti e sicuri di noi, non ce ne andiamo di casa, anche perché il 90% dei genitori italiani sono accoglienti e iniziano a lamentarsi che stiamo ancora a casa con loro solo dopo che compiamo 30 anni. È anche culturale, certo. Ma ci sono anche tanti problemi che molti nascondono sotto al tappeto parandosi il culo dicendo che siamo tutti ""mammoni"", guarda caso chi lo dice? Chi magari se n'è andato di casa a 20 anni in un'altra casa di proprietà della famiglia o fuori sede e con mamma e papà che gli pagavano affitto e/o spesa mentre studiava... non chi come me vive in una casa in affitto con i propri genitori da 27 anni campando con uno stipendio minimo e mezzo (più qualcosa che guadagniamo io e mio fratello), non chi ha sempre studiato, lavorato e aiutato la propria famiglia economicamente anche con borse di studio. Certo l'aiuto nel mio caso c'è stato anche dall'altra parte quando è stato possibile, ma è stato davvero minimo, per forza di cose. Mi hanno aiutato più nonna (pace all'anima sua) e zio negli anni, con le loro pensionone che noi non vedremo mai. Chissà come mi sono riuscita a permettere l'Erasmus.",deridief,2022-12-12T18:20:13,24,Italia,https://reddit.com/r/Italia/comments/zk1yt7/e_voi_vivete_con_i_vostri_genitori/izy22vl/
zis8ic,,izweuey,"- Partecipare a dei capture the flag (competizioni di hacking per farla breve)
- Correre tipo due o tre volte a settimana
- Escursionismo alpino che sia sulla neve o sentiero d'estate
- Progetti vari di elettronica parecchio semplici
- Daydreaming, ci perdo ore ogni giorno, decisamente troppe ahaha
- Pensare",Ambitious_Substance2,2022-12-12T09:59:50,2,Italia,https://reddit.com/r/Italia/comments/zis8ic/che_passionihobby_avete/izweuey/
zj8ycd,,izwao27,"dimentichi il fatto in nero.
Conosco tanti ragazzi di 16/17 anni che hanno lavorato tutta l'estate in nero, quindi non penso si facciano problemi per un anno in meno",kaxtzx,2022-12-12T08:57:43,1,Italia,https://reddit.com/r/Italia/comments/zj8ycd/modi_per_fare_soldi_essendo_minorenni/izwao27/
zj29uz,,izw13hc,"Ormai mi sembra di parlare solo di questo ma va beh, forse è terapeutico.

Mio cugino era tornato a casa all'inizio dell'estate dopo circa 4 anni in un centro di recupero per dei problemi di alcolismo. Non stava con noi a Natale da anni, questo doveva essere il primo da un sacco, eravamo felicissimi.

Purtroppo si è suicidato dieci giorni fa.

Penso che il Natale quest'anno farà abbastanza schifo.",TheFfrog,2022-12-12T06:50:00,2,Italia,https://reddit.com/r/Italia/comments/zj29uz/odio_il_natale/izw13hc/
ziky4r,,iztbo1l,"Da quando vivo per conto mio non accendo mai il riscaldamento, mi fa stare male, maglia in più, due paia di calzette o calzettoni pesanti e si sta benissimo. Il problema è l’estate: 3/4 mesi di condizionatore quasi 24 ore al giorno",Powerful_Source8392,2022-12-11T18:25:05,2,Italia,https://reddit.com/r/Italia/comments/ziky4r/aiuto_riscaldamento_al_nord/iztbo1l/
zj29uz,,iztayqc,"Partiamo dal presupposto che essere single non è una malattia: io lo sono stato per 7 anni e sono stato benissimo! Devi stare bene con te stesso/a, non basare la tua felicità sulla presenza di una persona nella tua vita... Inoltre da single comunque si fanno esperienze, si esce con persone nuove, insomma io ho un bel ricordo di quel periodo anche perché adoravo il ""primo mese"", cioè quando esci con la persona nuova e c'è tutto l'idillio e la scoperta dell'altra persona. Quando poi è stato il momento, ho deciso di stabilizzarmi con chi ritenevo giusto per me.

Il Natale per me è il momento più bello dell'anno, forse secondo solo all'estate per via del clima (avere le giornate lunghe e luce fino a tardi fa bene all'umore per me), ma adoro la neve, sciare, le lucine, e poi anche sul lavoro c'è un clima diverso... Si percepisce un'aria di ""conclusione"", spuntano panettoni da mangiare in ufficio, cose semplici così, mi pare tutto più ""festoso"", prima delle ferie estive non ci sono tutti questi convenevoli.",neekbey,2022-12-11T18:20:40,2,Italia,https://reddit.com/r/Italia/comments/zj29uz/odio_il_natale/iztayqc/
zis8ic,,izt1s0f,"Mi piace leggere libri fantasy, il cinema, gioco a freccette in serie B (soft darts), gioco a scacchi e leggo qualche manuale, nel weekend primavera estate invece vado in giro in moto",KingHarald_89,2022-12-11T17:20:36,2,Italia,https://reddit.com/r/Italia/comments/zis8ic/che_passionihobby_avete/izt1s0f/
zis8ic,,izscrv1,"Siamo molto simili tranne per scrivere e fotografia!  
Questa estate sono andato in Valle D'Aosta per la prima volta e ho fatto di quei trekking bellissimi. Una delle maggiori soddisfazioni che ho avuto in questi anni.",DielectricLife,2022-12-11T14:21:01,3,Italia,https://reddit.com/r/Italia/comments/zis8ic/che_passionihobby_avete/izscrv1/
zis8ic,,izsc3v9,La neve anche d’estate,benzflow,2022-12-11T14:15:54,2,Italia,https://reddit.com/r/Italia/comments/zis8ic/che_passionihobby_avete/izsc3v9/
ziky4r,,izryf8t,"Vivo in Inghilterra, in una casa di 7 locali. A dicembre spenderò circa 70£ di elettricità e 300£ di gas, la media mensile annualizzata per il 2022 è sui 150£ al mese (in estate ovviamente spendo pochissimo). I prezzi dell'energia sono triplicati e cambiare contratto non cambia nulla.

Tu forse hai ancora un contratto con prezzo bloccato a qualche tempo fa.",Financial-Courage976,2022-12-11T12:04:45,3,Italia,https://reddit.com/r/Italia/comments/ziky4r/aiuto_riscaldamento_al_nord/izryf8t/
zhvxgc,,izrsqmy,"> grazie ai vaccini

quindi chi si era vaccinato 8 mesi prima e ha preso il covid in estate ha avuto meno sintomi grazie al vaccino la cui protezione dura 3-4 mesi?",Nyilamx,2022-12-11T10:45:06,1,Italia,https://reddit.com/r/Italia/comments/zhvxgc/covid_uno_studio_nella_pandemia_vaccinati/izrsqmy/
ziky4r,,izrqhlu,"Io non accendo e basta, 14 gradi ma ci vivo senza nessun problema. Per me è l'estate a essere un inferno",igino_ugo_tarchetti,2022-12-11T10:12:11,17,Italia,https://reddit.com/r/Italia/comments/ziky4r/aiuto_riscaldamento_al_nord/izrqhlu/
zhvdtb,,izrq01p,"L'acqua.

Ho comprato una casetta in Sicilia e quest'estate ho scoperto che l acqua il comune la mette solo un paio di ore al giorno e non tutti i giorni.

Vogliono fare il ponte, ma in tante parti non hanno manco l'acqua nel 2022.",DonTuri,2022-12-11T10:05:07,4,Italia,https://reddit.com/r/Italia/comments/zhvdtb/quali_sono_quelle_cose_che_davate_per_scontato/izrq01p/
ziky4r,,izrpc37,"Luce e gas 250, fornitore unico. In estate sulle 100. Per il momento sono in affitto altrimenti avrei già messo i doppi vetri. Fornitore ha fatto tutto l'agenzia, sono con Acos, non so se sia un bene o un male. Ho appena controllato l'ultima bolletta inglese e il prezzo è di 0.14035 sterline per kWh.",Lord_of_Trimoni,2022-12-11T09:55:21,3,Italia,https://reddit.com/r/Italia/comments/ziky4r/aiuto_riscaldamento_al_nord/izrpc37/
zijm2l,,izrh778,Micro molle insacchettate con un lato memory secondo me è il migliore. Il memory foam per me è troppo caldo d’estate ma lo apprezzo d’inverno,Fl3g1a5,2022-12-11T07:59:07,3,Italia,https://reddit.com/r/Italia/comments/zijm2l/qual_è_il_miglior_materasso_che_consigliate_di/izrh778/
zgu9iq,,izppzza,"Domande legittime, il prezzo è iniziato a salire per via di una forte ripresa della domanda a livello globale (Asia in particolare) post Covid rispetto a una graduale diminuzione della produzione Europea, oltre che a riduzione dei flussi Russi già dall’estate 2021 (quelli tramite ESP, cioè le vendite su contratti di breve durata). Si pensava a suo tempo che i Russi avessero cominciato a ridurre i flussi per mettere pressione sull UE e approvare NS2. È chiaro ora che probabilmente lo stessero facendo in preparazione dell’invasione.

A metà estate di quest anno le stime erano di circa 20% di probabilità che si arrivasse a fine inverno senza gas. La differenza di consumo gas tra inverno freddo e un inverno medio è molto alta. Se fossimo stati sfortunati e meno preparati nel corso dell’anno la probabilità probabilmente sarebbe salita. Ora è minore, 5-10%. Il prezzo di un future contiene ciò che si chiama Risk Premium, cioè il prezzo aggiustato probabilisticamente. In uno scenario futuro teorico con gas agli sgoccioli il prezzo raggiungerebbe 1000-2000 €/MWh. Quindi assegnando una probabilità del 5-10% che ciò succeda puoi capire perché il prezzo rimane tuttavia alto. Vedrai che se non siamo sfortunati con il meteo da qua a fine Gennaio questo rischio si ridurrà ancor di più e il prezzo rifletterà il cambiamento.",Bande_nere,2022-12-10T22:35:38,2,Italia,https://reddit.com/r/Italia/comments/zgu9iq/non_notizia_non_sorpresa_è_arrivata_la_bolletta/izppzza/
zey0rf,,izovwnq,"Sinceramente non trovo nessun commento costruttivo. MILANO è una città molto ricercata. Infatti ho comprato casa. Per viverci e essendo imprenditore estate torno giù. MILANO è una città metropolitana con tutti i chiaro scuri di una città! 

Ti deve piacere. Valuta acquisto e almeno sono soldi che ti restano e fruttano come investimento",Elemis89,2022-12-10T19:05:09,1,Italia,https://reddit.com/r/Italia/comments/zey0rf/quanti_soldi_sareste_disposti_a_dare_per_vivere/izovwnq/
zhug3x,,izovpir,"Boh io quando leggo queste discussioni mi ritengo davvero fortunato, perché davvero non capisco da dove vengano fuori. Io sono dell'Emilia in Germania e non ho mai subito in 3 anni alcuna discriminazione, perlomeno nessuna vista davanti a me ... Sto con una ragazza del posto, la sua famiglia mi adora, e ovunque sono appena dico ""I'm from Italy/Ich komme aus Italien"" ricevo sempre sorrisi o domande o gente che dice ""oh ero in Italia quest'estate, fantastica"", questo perlomeno a Monaco di Baviera... Non so poi nel resto della Germania. Ma in generale ho l'impressione che gli italiani siano trattati come immigrati di alta classe, perlomeno del nord. Magari aiuta che ho un aspetto abbastanza tedesco? Pelle chiara e capelli biondi? Non so. Magari per un meridionale è diverso... Però quando leggo questi commenti mi piacerebbe avere più dettagli per capirne di più",BoAndJack,2022-12-10T19:03:42,24,Italia,https://reddit.com/r/Italia/comments/zhug3x/da_discriminante_a_discriminato_come_andare/izovpir/
zhq36q,,izon12k,"Nel mio paese d'origine ho studiato in una scuola privata, bagni decenti, ventilatori non sempre funzionanti in alcune classi, all'inizio c'erano solo delle lavagne vecchie poi un giorno modernizzarono tutto e aggiunsero le lim con i progettori, i pc dei laboratori di informatica (non insegnavano linguaggi di programmazione come Java o C ma insegnavano come usare Word, PowerPoint, Excel e Scratch) ottimi, il bar non è molto grande è piccolo ma ci stava per quello che potevi comprare, c'è anche un piccolo teatro, due piscine (una piccola e una grande), le attrezzature dei laboratori di chimica decenti ed erano nuovi, c'è anche una biblioteca in cui potevi andare e chiedere in prestito dei libri o andare lì durante gli intervalli per fare i compiti. Ci sono anche i campi di basket (all'incirca 5 credo), 3 campi di calcio e 2 di pallavolo. Quando sono andato via, ricostruirono e costruirono nuove strutture nella scuola, per esempio costruirono una sorta di soffito sul campo di calcio per via del calore infernale durante l'estate.

Edit: la mia opinione sulle scuole private è che sicuramente dipenda molto dal paese e da chi la dirige. In tutti gli anni in cui sono stato in quella scuola mi sono trovato bene. Ovviamente non era una scuola perfetta, qualche volta si beccava qualcuno fumare o bere alcol",mobuck7,2022-12-10T18:03:08,2,Italia,https://reddit.com/r/Italia/comments/zhq36q/cosa_ne_pensate_delle_scuole_private/izon12k/
zhq36q,,izomtwk,"Ho fatto 8 anni di scuola privata, nel mio caso era gestita da frati. La differenza secondo me sono i servizi, eri più seguito, c'erano i pullman della scuola (essenziali per chi veniva da un'altra provincia e non poteva ovviamente cambiare 3 autobus pubblici, quando e se passavano) con assistente dell'autista che seguiva i bambini, la ricreazione durava 45 minuti e anche lì c'erano delle persone che si assicuravano che tutto fosse ok (d'estate si poteva uscire e c'erano divesi campi da calcio/pallavolo/atletica quindi lo spazio era tanto e non è fattibile lasciare i bambini da soli ovviamente). C'era ovviamente la mensa, il doposcuola fino alle 17:30 con un professore che ti aiutava nei compiti e probabilmente altri servizi che mi sto dimenticando.

Per la didattica invece nulla di cui lamentarmi, però nel caso le segnalazioni venivano prese sul serio, quindi un professore nullafacente o poco bravo non aveva vita facile.",CapitalistFemboy,2022-12-10T18:01:54,5,Italia,https://reddit.com/r/Italia/comments/zhq36q/cosa_ne_pensate_delle_scuole_private/izomtwk/
zh64yb,,izn0nnl,che le vacanze in inverno sono a nord in estate a sud,melysksk,2022-12-10T08:41:49,1,Italia,https://reddit.com/r/Italia/comments/zh64yb/qual_è_un_opnione_che_tutti_gli_italiani_secondo/izn0nnl/
zh08i4,,izmzf2c,Pro tip: ordino un sacco di roba per lavoro e l'estate quando arriva un corriere gli do una lattina ghiacciata di coca mini e sono gentile. Se il corriere crea una sinapsi di associazione positiva con la tua abitazione non avrai mai più problemi,Se7enBlank,2022-12-10T08:24:31,1,Italia,https://reddit.com/r/Italia/comments/zh08i4/corrieri_amazon_lanciapacchi/izmzf2c/
zhb6rq,,izmgcj0,"Operato quest'estate, vai tranquillo che è davvero una cosa leggera: anestesia epidurale (a differenza di quanto puoi pensare, non è per nulla dolorosa, ma zero proprio) e poi intervento, che dura circa mezz'ora. Non ti aspirano solo il liquido, ma ti faranno una eversione del rivestimento del testicolo, proprio per evitare recidive. Fai finta di prendere la manica di una maglia, tagliarla lungo un lato e ricucirla rovesciata. Circa un paio d'ore per riprendere la funzionalità delle gambe, 15gg per la caduta dei punti e  sei nuovo. I primi tempi ti vedrai strano, poi ti abituerai:)",specialista,2022-12-10T04:35:00,3,Italia,https://reddit.com/r/Italia/comments/zhb6rq/qualcuno_ha_avuto_esperienza_con_unidrocele/izmgcj0/
zgwhdm,,izkkggm,"Ho preso il covid a maggio 2021 quando non era ancora possibile vaccinarsi (eccetto alcune categorie specifiche).
Ho passato due settimane terribili, l'""influenza"" più forte che ho avuto. Due settimane dopo essere guarito, ho avuto una trombosi alla gamba, che mi ha fatto saltare a pié pari l'estate che insieme ai lock down mi ha causato una depressione.

Ero già convinto di volermi vaccinare prima, ma dopo quello che ho passato non vedo lati negativi nel volersi vaccinare.",andxet,2022-12-09T19:59:12,1,Italia,https://reddit.com/r/Italia/comments/zgwhdm/dovrei_fare_il_vaccino_antinfluenzale_e_la_4a/izkkggm/
zgst7p,,izjlqzh,"Tutto molto giusto in teoria ma ti faccio un appunto. Tu *non* puoi andare vestito come vuoi già adesso. Di certo non puoi andare in giro nudo e in molti posti ti viene proibito, anche in estate, di andare per strada in costume da bagno. Non vedo come questo abbia fatto cadere lo stato nella dittatura però.
Vedi, lo stato già ti obbliga a fare molte cose. Il ""ma se il governo si permette di fare x di certo si arriverà ad una dittatura!!!"" È un argomento o un po' ignorante o in malafede.",Belllx,2022-12-09T16:17:25,2,Italia,https://reddit.com/r/Italia/comments/zgst7p/marghera_aggredita_perché_porta_il_velo_integrale/izjlqzh/
zgwhdm,,izjchau,"Ho avuto la fortuna di essere un asintomatico.  I miei genitori e la mia compagna son stati dimmerda per 2/3 settimane (anche dopo essere risultati negativi) io... nulla.

Dopo una settimana di isolamento in casa mia quasi speravo di essere positivo, per potermi riunire ai miei cari.
Era piena estate (verso Agosto? Non ricordo esattamente) ed ero relegato nell'unica stanza senza A/C.

Probabilmente me lo sono preso 2 giorni dopo che il resto del parentame ha accusato i sintomi, quindi mi sono fatto 5 giorni in una stanza con 40° senza particolari motivi, senza potermi ritestare perché la prima volta ero risultato negativo e dovevo aspettare almeno 7 giorni.

Mi sono negativizzato insieme agli altri, tutti con 3 dosi, ovviamente. 

Ho perso l'olfatto per un paio di giorni e le sigarette sapevano di strano, ma a parte quello, tutto estremamente  chill. 
Avevo grossi impegni di lavoro quindi ho sperato di evitarmelo, ma a quanto pare non ho scampato il virus. 

Onestamente ed estremamente personalmente,  è stato figo avere quella settimana di pausa dal mondo. 

Ho dormito come un ghiro,  recuperato serie TV,  ho sofferto 5 giorni nei quali ero ""l'unico sano"" ma in generale se queste fossero le conseguenze lo farei ogni 2 mesi.",Dakem94,2022-12-09T15:15:13,1,Italia,https://reddit.com/r/Italia/comments/zgwhdm/dovrei_fare_il_vaccino_antinfluenzale_e_la_4a/izjchau/
zgtnwa,,izjaure,"Allora ti chiedo di illuminarmi con la tua previsione del futuro dell'umanità.

Cosa credi che succederà, cosa migliorerà, cosa peggiorerà, dimmi la tua visione di cosa accadrà.

Inoltre, il problema del cambiamento climatico antropico è che sta avvenendo troppo in fretta, talmente tanto che episodi catastrofici (carestie, uragani, frane...) avvengono sempre più in fretta e di frequente, l'estate scorsa c'è stata carestia e quest'anno pure peggio, non si può semplicemente trattare questi fenomeni come normali eventi.

Ora, anche io credo che l'umanità possa sopravvivere, ma se non si lavorasse alacremente contro i cambiamenti climatici e l'inquinamento (cosa che purtroppo non tutti fanno) le previsioni parlano di condizioni di sopravvivenza agghiaccianti onestamente.

Però, davvero, per favore, condividi le tue previsioni (che mi aspetto precise e ben pensate) così che tutti possiamo giovare dalle tue idee sul futuro.",Altair-Dragon,2022-12-09T15:03:47,2,Italia,https://reddit.com/r/Italia/comments/zgtnwa/2022_ufficialmente_anno_peggiore_della_nostra/izjaure/
zgtnwa,,izj8dp0,"Si' e' assolutamente sopravvalutata.

Non significa che non creera' danni ma la maggior parte della gente pensa che il cambiamento climatico e' l'Armageddon con estinzioni di massa ovunque.  


>Abbiamo appena passato una cazzo di estate praticamente lunga 5 mesi con tutti i problemi annessi e tu mi vieni a dire che i cambiamenti climatici sono sopravvalutati?

Non per dire, ma le carestie e periodi con poca pioggia li abbiamo gia' visti. Sono eventi rari, ma ci sono.

Ovvio non e' un non problema e gli effetti non saranno del tutto trascurabili, ripeto solamente che la propaganda ha fatto effetto e ora la maggior parte delle persone pensano che il cambiamento climatico avra' effetti iper catastrofici sul pianeta quando cio' non e' vero. Inoltre, gli effeti relativamente gravi del cambiamento climatico si vedranno tra molti, molti anni.

Alcune aree avranno piu' problemi di altre aree, alcune aree invece ci guadagneranno nettamente dal cambiamento climatico. Le persone pero' non prendono in considerazione il meccanismo di adattamento della specie umana che e' davvero altissimo.",spurcari,2022-12-09T14:46:09,0,Italia,https://reddit.com/r/Italia/comments/zgtnwa/2022_ufficialmente_anno_peggiore_della_nostra/izj8dp0/
zgtnwa,,izj6xih,"Come fai a dire nel cazzo di 2022 che la crisi climatica è sopravvalutata?!?!?

Capisco che Frigolo in particolare non sia una persona facilmente sopportabile ma non ha completamente torto.

Abbiamo appena passato una cazzo di estate praticamente lunga 5 mesi con tutti i problemi annessi e tu mi vieni a dire che i cambiamenti climatici sono sopravvalutati?

Eddai, cose del genere non dovrebbero nemmeno più essere in discussione.",Altair-Dragon,2022-12-09T14:35:35,3,Italia,https://reddit.com/r/Italia/comments/zgtnwa/2022_ufficialmente_anno_peggiore_della_nostra/izj6xih/
zghmkm,,izicx37,E' fatto apposta per rimanere acceso per lunghi periodi. Va riavviato all'incirca una volta al mese per aggiornamenti e altro. Quelli che hanno paura delle radiazioni non capiscono un cazzo di come funziona la cosa e regolarmente d'estate si vanno a ustionare la pelle sotto il sole.,rubbishdude,2022-12-09T09:13:30,2,Italia,https://reddit.com/r/Italia/comments/zghmkm/è_meglio_spegnere_lo_smartphone_prima_di_dormire/izicx37/
zfulkp,,izgz6p8,"Molti hanno parlato di ""golpe da operetta"" "" fanfaronata"" o quant'altro, ma, secondo me, lo si è voluto minimizzare appositamente, anche perché si sa che in quegli anni molto complicati, fra crisi economica, terrorismo e minaccia di invasione da parte delle forze del Patto di Varsavia -non certo Paesi troppo pacifici- certi armadi era meglio, per molti uomini politici, che non venissero aperti. 

 Se non ricordo male, vi fu un processo in cui non poche persone, fra i quali anche esponenti delle Forze Armate e dei Servizi Segreti, furono prima condannate e poi assolte definitivamente; anche la commissione parlamentare sul Terrorismo della XIII legislatura se ne attivamente occupata [http://leg13.camera.it/\_dati/leg13/lavori/doc/xxiii/064v01t02\_RS/INTERO\_COM.pdf](http://leg13.camera.it/_dati/leg13/lavori/doc/xxiii/064v01t02_RS/INTERO_COM.pdf)  

Si sa per certo che già dall' estate 1970 Valerio Borghese e altre personalità già legate alla Repubblica di Salò si davano da fare per organizzare un colpo di stato con ""azioni"" simultanee, nella notte fra il 7 e l' 8 Dicembre, in molte città italiane.  Un generale della Guardia Forestale organizzò una colonna di allievi, armati presumibilmente di fucile Carcano, e trasportati da  mezzi del Corpo Forestale e, forse, da alcune automobili degli stessi ragazzi, da Rieti fino a Roma, con l' incarico di occupare gli studi  RAI di Via Teulada. sempre a Roma, altri attivisti furono fatti entrare nel palazzo del ministero dell' interno per prendere mitra MAB 38, che erano custoditi come mezzo per respingere eventuali attacchi armati ( si era in tempi di terrorismo e simili azioni erano sempre possibili). Risulta che ne fossero distribuiti 200, un numero non indifferente. Atre persone armate avrebbero dovuto introdursi nel Palazzo del Quirinale e catturare, mentre dormiva, ' allora presidente della Repubblica Giuseppe Saragat.",Mysterious-House-381,2022-12-09T01:03:58,4,Italia,https://reddit.com/r/Italia/comments/zfulkp/8_dicembre_1970_golpe_borghese_un_tentativo_di/izgz6p8/
zg8h9f,,izgh11l,"Same here.
Mi ricordo la nonna che a settembre mi portava al magazzino di abbigliamento e spendeva un milione per farmi la stagione. Estate intera alla casa al mare, due settimane in montagna a febbraio, corsi di sci, equitazione, nuoto, pallavolo, nuoto. L'appartamento estivo è in un villaggio e ogni anno i genitori si accordavano e facevano venire istruttori di nuoto che tenevano lezioni fisse tre volte a settimana nella piscina condominiale.
Adesso il posto è pieno di boomer stronzi, tanto che non ci vado mai.
Poi ovviamente Porsche, volvo, Toyota, Saab, Jaguar, dodge e via dicendo.
Visto che spendevano tutto quello che guadagnavano adesso si lamentano di avere una pensione di merda e piangono povertà... So solo che mio padre prende 2,2k, che è più dello stipendio del mio compagno e mi fa incazzare molto",InsaneBoxerPup,2022-12-08T22:48:19,10,Italia,https://reddit.com/r/Italia/comments/zg8h9f/anni_80_in_italia_si_stava_davvero_cosi_bene/izgh11l/
zf4jpb,,izezljl,"Sì. Parmigiano di melanzane. Sono negli stati uniti e non si mangia bene qui! Ma en serio era un luogo bellissimo, vicino al mare ma abbastanza lontano dalle città più famosi e perciò non era troppo pieno di turisti durante l'estate. Secondo scelto sarebbe Perugia se mettono il sale di nuovo nel pane.",chaoticneutpolyglot,2022-12-08T16:58:26,1,Italia,https://reddit.com/r/Italia/comments/zf4jpb/se_foste_così_ricchi_da_non_dover_lavorare_o/izezljl/
zfzjed,,izeih0c,"Partito bene con pochi esami mancanti per la triennale, ho conosciuto a gennaio il mio attuale fidanzato. Maggio mi laureo mando qualche CV ma senza troppo impegno perché volevo godermi l'estate e ora sono qui, da mesi disoccupa con colloqui andati a vuoto e abbastanza scoraggiata.",Powaka9,2022-12-08T15:03:28,2,Italia,https://reddit.com/r/Italia/comments/zfzjed/recap_questa_immagine_riassume_perfettamente_il/izeih0c/
zfaqfw,,izb9ot7,"Che mi perdonino tutti i sardi, ma quest'estate alla vista del casu marzu ho avuto i conati, per ora la cosa peggiore vista/annusata",BolosChonker,2022-12-07T21:03:59,3,Italia,https://reddit.com/r/Italia/comments/zfaqfw/post_serio_qualè_la_cosa_più_schifosa_che_tu/izb9ot7/
zf4jpb,,izb8qb5,"Ma no, ci mancherebbe. Ho il ricordo vago di compagni delle superiori che abitavano a 15/20 km dal centro che avevano case importanti in campagna con una sorta di ""superlusso"" molto economico. Se eliminiamo il fattore necessità di lavoro, una casa ben mirata, con servizi in mezzo alla natura, la si trova. 

Molto dipende anche dalla concezione personale, come parlavo negli altri commenti,  essere a 40metri dalla casa accanto, ti da libertà non indifferenti, spesso date anche dal fatto che si ha un giardino bello grande. Un compagnuccio d'estate aveva il padre che faceva il trattamento anti-zanzare e piazzava la piscina esterna, e rimaneva a palle in ammollo tutto il tempo che poteva. 

Per molti che venivano ""da fuori"" era comune e quando lo raccontavo ai miei parenti trasferitisi in metropoli, piangevano nel loro appartamento da 60mq che costava il triplo della casa del mio amichetto. (Sempre lo stesso che aveva lo studio musicale in una stanza comunque)

Le mie priorità ad esempio sono una buona connessione internet e spazio interno, meglio se in casa singola. 
Abitare in una gabbietta per topi mi urta troppo e quando ne ho avuto l'esigenza ho sempre faticato.",Dakem94,2022-12-07T20:57:46,2,Italia,https://reddit.com/r/Italia/comments/zf4jpb/se_foste_così_ricchi_da_non_dover_lavorare_o/izb8qb5/
zf4jpb,,izavtwo,"D'estate in Germania e nei paesi scandinavi, non reggo le temperature troppo elevate. Per il resto dell'anno in Italia. Almeno alcune settimane all'anno in Sardegna.",Pion140,2022-12-07T19:33:30,1,Italia,https://reddit.com/r/Italia/comments/zf4jpb/se_foste_così_ricchi_da_non_dover_lavorare_o/izavtwo/
zf4jpb,,izak642,"Tornerei in Italia.

D'inverno tra la Toscana e il Trentino.

D'estate in Sicilia.",DonTuri,2022-12-07T18:17:06,1,Italia,https://reddit.com/r/Italia/comments/zf4jpb/se_foste_così_ricchi_da_non_dover_lavorare_o/izak642/
zf4jpb,,izabpi5,"Dove abito già, solo in una casa tutta mia e di mio gusto. Inoltre comprerei altre case in posti che mi piacciono così da poterci passare del tempo. Ad es d'estate quando si muore di caldo me ne andrei altrove, in casa al mare o in montagna.",klauskinki,2022-12-07T17:22:13,3,Italia,https://reddit.com/r/Italia/comments/zf4jpb/se_foste_così_ricchi_da_non_dover_lavorare_o/izabpi5/
zewg01,,iz9p8j1,"Ora vi spiego perché potrebbe avere lati negativi: l'Overbooking. 

Se prendete un aereo, per legge, il 10% dei biglietti di quell'aereo è ""in più"", ovvero vengono venduti il 10% di biglietti in più rispetto ai posti a sedere. 

A me è successo questo quest'estate, per un volo (Venezia - Preveza) che ha frequenza di 2 volte a settimana. Premetto che vivo a Bologna, quindi mi sono pure dovuto organizzare per andare a Venezia e prendere il volo per Preveza. 

All'aeroporto mi comunicano che il mio biglietto era in overbooking e che la compagnia avrebbe provveduto a garantirmi di raggiungere la mia destinazione. Fortunatamente mi hanno trovato
un volo la mattina seguente che partiva DA ROMA. Quindi la compagnia mi ha pagato un biglietto da Venezia a Roma (VOLO NAZIONALE) per garantirmi la possibilità di prendere il mattino seguente un volo di un'altra compagnia per Preveza. 

Se togliessero effettivamente i voli nazionali, tutto questo non sarebbe possibile, e io avrei dovuto aspettare un'altra settimana per il
volo successivo (Venezia - Preveza). Quindi, a volte i voli nazionali sono utili. Altro esempio è se devo portare molte cose con me. Il treno è comodo veloce e tutto, e io sono molto più incline a prendere il treno che l'aereo sia per la comodità che la velocità (sali che sei in centro città, esci che sei in centro città) ma se devo portarmi dietro attrezzatura per qualche sport? Il treno purtroppo non è attrezzato allo stesso modo di un aereo per questo tipo di necessità. In treno già portare una valigia un po' più grande è scomodo, figuriamoci portare una valigia e magari, sparo a caso, attrezzatura da sub. In aereo vai al check - in e pensano a tutto loro. In treno sarebbe molto scomodo",Mindless_Landscape_7,2022-12-07T14:49:44,2,Italia,https://reddit.com/r/Italia/comments/zewg01/aerei_vietati_per_le_tratte_brevi_se_cè_il_treno/iz9p8j1/
ze5j2j,,iz8sula,"Vallo a spiegare ai redditors loro credono veramente che putin é un folle e che non sta difendendo i suoi interessi geopolitici nell'area del mar nero. 
I tempi in cui la NATO poteva piazzare basi militari al confine russo sono finiti. 

Ovviamente se fai notare che gli americani fanno lo stesso dicono ""nooo non é vero! Noi rispettiamo l'autodeterminazione dei popoli!!!!"" ignorando il fatto che ad esempio questa estate gli USA hanno impedito alle isole Salomone di ospitare basi militari cinesi...",Huge-Ad-2411,2022-12-07T08:49:46,3,Italia,https://reddit.com/r/Italia/comments/ze5j2j/quando_finirà_la_guerra_in_ucraina_a_maggio_la/iz8sula/
ze45t7,,iz79itx,"Ad Alassio, un'estate di oltre 20 anni fa, una ragazza stava salutando gli amici che partivano col treno dalla banchina. Stavo osservando la scena perché la ragazza aveva un bellissimo sorriso e sembrava davvero allegra in quel momento.

Purtroppo, facendo in passo indietro, si avvicinò troppo alla striscia gialla ed un treno di passaggio alle sue spalle la prese sullo zaino, trascinandola sotto le ruote. Ho visto mentre parti del suo corpo venivano gettate in direzioni diverse. Un piccolo schizzo di sangue mi arrivò sulla faccia talmente violentemente che sembrò quasi una frustata.

Non riuscirò mai a dimenticare quell'evento. La cosa più dolorosa è il contrasto fra la scena allegra e leggera che stavo osservando e ciò che capitò in seguito, per non parlare di quella ragazza felice trasformata, in un solo secondo, in pezzi di carne accasciati sui binari.

Ci misi diversi minuti prima di riuscire in qualche modo a reagire.

Sentivo le urla disperate e strazianti degli amici che avevano fermato il treno sul quale erano, che tornavano correndo sui binari, ma ero talmente stordito e scioccato che sembravano venire da molto lontano.

Non sono riuscito a dormire senza incubi per settimane ed ebbi mesi di depressione profonda.",Ghaladh,2022-12-07T00:06:01,8,Italia,https://reddit.com/r/Italia/comments/ze45t7/post_serio_qualè_la_cosa_più_spaventosa_che_tu/iz79itx/
ze45t7,,iz6yi53,"Due esperienze near death:

1- Polonia, paesino sperduto nel sud dello stato, ero da mia nonna per l’estate, avevo circa 10 anni, essendo domenica andiamo in chiesa, non alla messa della mattina ma a quella della sera, usciti dalla chiesa ci ritroviamo davanti un panorama alla stranger things, il sole batteva dietro a delle nuvole nere imponenti creando un cielo nero e rosso con fulmini a destra e a manca, scenario abbastanza spaventoso, i miei parenti si fermano a fare foto mentre io impaurito giravo in tondo sulla mia bici lamentando di voler andare a casa, poco dopo capiscono che stava arrivando una tempesta non da poco, dalla chiesa a casa erano circa 30 minuti a piedi, ci mettiamo in marcia ma 10 minuti dopo inizia la tempesta con fulmini e tuoni continui, io conoscevo la strada perciò mia zia mi urla di prendere la bici e correre a casa, appena però mi allontano di poco più di un centinaio di metri, un fulmine cala proprio davanti a me, a poco meno di un metro dalla mia faccia, senza colpirmi fortunatamente, ero traumatizzato, rimasi sotto la pioggia a piangere e ad aspettare i miei parenti.

2- Era una giornata d’estate normalissima, io e un mio amico decidiamo di andare a pescare, avrò avuto 13/14 anni, suo padre ci carica in macchina con tutta l’attrezzatura e ci porta in un laghetto della Brianza, noi ci mettiamo tranquillamente a pescare e passa il pomeriggio molto tranquillo, non fosse che per tutto il pomeriggio mi sentivo sposato e intorpidito, quasi confuso da non capire nulla, pensavo di essere malato e quindi non ci facevo molto caso, tornato a casa presi un termometro e mi misurai subito la temperatura dopo essermi lanciato nel letto, mi ricordo che l’ultima cosa che vidi era la temperatura di 43,6 gradi, poi crollai, mi svegliai dodici ore dopo con la temperatura normale, fu lì che mi resi conto di aver avuto una brutta insolazione, da quel giorno sempre cappello al sole.",Wyviel00,2022-12-06T22:46:17,4,Italia,https://reddit.com/r/Italia/comments/ze45t7/post_serio_qualè_la_cosa_più_spaventosa_che_tu/iz6yi53/
zea0pz,,iz64zg3,"Si inizialmente lo pensavo anch’io, poi la giornata non ti finisce più, soprattutto in estate",Indisciplinata,2022-12-06T19:33:34,10,Italia,https://reddit.com/r/Italia/comments/zea0pz/ho_lavorato_in_un_compro_oro_ama/iz64zg3/
ze45t7,,iz5yk5a,"Non LA PIÙ spaventosa della mia vita, ma che diciamo mi ha scosso: estate scorsa guidavo il treno in cui ero in servizio e una signora ha attraversato i binari cercando di recuperare il cane che le era scappato. Chiaramente non ha attraversato in tempo ed è stata investita.",TomLunae,2022-12-06T18:51:53,9,Italia,https://reddit.com/r/Italia/comments/ze45t7/post_serio_qualè_la_cosa_più_spaventosa_che_tu/iz5yk5a/
ze45t7,,iz4s8fg,"Non ricordo bene perché ero piccola, avevo tipo 4-5 anni, e ricordavo che un uccellino era entrato in cucina, ero così terrorizzata che dovetti nascondere, e sentivo le urla di mia nonna e di mia madre!
Poi alle elementari mentre davano a scuola con mia madre, c’erano sempre per terra corpi di animali morti, ed io guardavo su senza guardare il passo ed ero terrorizzata!
Non ricordo quanto ma era l’estate di quando avevo 7-8 anni mentre facevo zapping in tv, mi ritrovai il video musicale di 21 Guns dei Green day, ed io ero tipo scioccata, ma allo stesso tempo ammaliata!
Un’ altro ricordo erano quei video horror con i jumpscare o le catene horror di Whatsapp!",Jungkook_wife_04,2022-12-06T14:05:23,-1,Italia,https://reddit.com/r/Italia/comments/ze45t7/post_serio_qualè_la_cosa_più_spaventosa_che_tu/iz4s8fg/
ze45t7,,iz4hums,"Visto: 2 cose mi hanno impressionato, un uomo a cui stavano praticando il massaggio cardiaco e i resti di un tizio schiacciato da un tir

Vissuto: intervento di cisti pilonidale, in pratica sono stato 10 MESI con la carne esposta, la ferita la lasciarono aperta, ferita che spurgava ogni giorno roba verdognola maleodorante e nell'estate del 2020 incidente stradale, in seguito a spavento/concussione cerebrale 6 mesi abbondanti di depressione e forte ansia",Puzzled_Reference_76,2022-12-06T12:27:58,86,Italia,https://reddit.com/r/Italia/comments/ze45t7/post_serio_qualè_la_cosa_più_spaventosa_che_tu/iz4hums/
rnhd1l,,hpsi44m,"L'Australia ha un'impennata di casi mai vista prima (in piena estate! ), per fortuna con pochi morti e TI grazie a una buona vaccinazione (90.9 % sopra i 16 anni). Ma la maggioranza dei casi è dovuta a Omicron (i più toccati sono tra 20 e 29 anni) e nell'incertezza accelerare è d'obbligo.",red_and_black_cat,2021-12-24T09:23:33,4,Italia,https://reddit.com/r/Italia/comments/rnhd1l/greg_huntministro_sanità_aus_lintervallo_di_tempo/hpsi44m/
rlenup,,hpg7u59,">se fossero stati piu severi.

>avresti voluto i militari in hazamat distribuire pasti casa per casa? serio

Ma che cazzo stai dicendo dai? Serio il cavolo, stai trollando di brutto.

Se fossero stati più severi avremmo avuto:

- frontiere chiuse; non che ti liberi del virus con 2 mesi di lockdown ferreo e poi lo fai rientrare da fuori in un estate.

- scuola e università in DAD sempre (non un mese no per infettare tutti e poi due mesi sì e via di apri e chiudi tutto l'anno). La DAD offre molte più opportunità didattiche agli insegnanti grazie alla possibilità di usare le risorse multimediali e lo studente che non ha voglia di fare un cazzo non fa un cazzo né a casa né in classe.

- stimolo allo smartworking con eventuali bonus alle aziende per incoraggiarlo dove possibile, invece magari dei bonus monopattino. Lo smartworking è il futuro a prescindere dal virus e il nostro mondo imprenditoriale è composto da fossili.

- mascherine obbligatorie. Davvero. Con multe se vieni beccato senza. È solo un pezzo di tessuto davanti alla faccia ed è dimostrato più efficace del vaccino nel ridurre il contagio (parole dell'OMS)

- vaccino obbligatorio senza green pass e prese per il culo simili

Guarda che bastava un po' di buon senso e meno capricci futili, altro che militari e altre fantasie complottare.",White_Lord,2021-12-21T17:53:57,2,Italia,https://reddit.com/r/Italia/comments/rlenup/deleted_by_user/hpg7u59/
rkzied,,hpeuh8b,"Did you read the part where estate agents refused to even talk to him ffs? This is discriminatory behaviour plain and simple and I’d appreciate it if people just tried to let go of their defensiveness and call it what it is.

For the record I am from Siena and this does not come as a surprise to me.",bernabbo,2021-12-21T11:08:26,2,Italia,https://reddit.com/r/Italia/comments/rkzied/racism_in_siena/hpeuh8b/
rjzpps,,hp73qo7,"> la popolazione completamente immunizzata

Quella immunità dura poco, coma con l'influenza.

> potremo finalmente decretare la fine della pandemia, col virus che sarà diventato endemico

Quello avviene senza dover fare niente. Ormai i casi durante l'estate sono pochissimi, come con l'influenza.",stefantalpalaru,2021-12-19T18:37:29,3,Italia,https://reddit.com/r/Italia/comments/rjzpps/è_il_momento_di_far_correre_il_virus_prima_di/hp73qo7/
rek2ys,,hoevm17,"u/SnooWords259 poi comunque, durante l'inverno o durante l'estate con i 40 gradi col cavolo prenderei la bicicletta",bodonados,2021-12-13T19:02:12,1,Italia,https://reddit.com/r/Italia/comments/rek2ys/andare_in_bici_è_economico_ecologico_e_salutare/hoevm17/
rex7cf,,hodl8rg,"Il problema nasce quando vivi in culonia come me, dove gli unici supermercati sono Walmart e compagnia bella, la passata devi stare attento il 90% hanno tipo aglio dentro o vendono solo la tipica schifezza “marinara sauce”. Quando sono stato a Boston in vacanza st’estate era tutto diverso, avevano tantissimi brand italiani importati, da citterio per il salame al parmigiano reggiano! Calcola dove faccio la spesa non esiste nemmeno L acqua minerale, trovai una volta l’ultiveto, 6ltri x 14$. È dura essere italiano in America haha",draaaven89,2021-12-13T13:38:14,1,Italia,https://reddit.com/r/Italia/comments/rex7cf/italiani_in_america_avete_provato_alcuni_di/hodl8rg/
rbojsu,,hnqg4gq,La campagna vaccinale capillare in Giappone sarebbe quella che hanno iniziato a fare a metà estate? Forse questo ritardo enorme ha qualche effetto? A primavera avevano dieci volte meno vaccinati dell'Italia.,MrAlagos,2021-12-08T16:34:59,1,Italia,https://reddit.com/r/Italia/comments/rbojsu/non_comprate_dai_non_vaccinatiscritte_in_giallo/hnqg4gq/
r8muw5,,hn7ms48,"Questo è i resultati della perdita di credibilità nell'estate e medi di comunicazione, luì responsabile di questi resultati",rootkitinyourass,2021-12-04T16:50:14,1,Italia,https://reddit.com/r/Italia/comments/r8muw5/censis_cresce_onda_di_irrazionalità_per_3_milioni/hn7ms48/
r37pmn,,hm9r5xu,"Io sono citaddino, pero sono nato in Inghilterra. Mia mamma è Milanese e vengo in Italia ogni anno in estate e a Natale per vedere la mia famiglia. Il mio Italiano non è propio perfetto, ma ci provo. Posso chiamarmi Italiano?",fretewe,2021-11-27T13:12:58,6,Italia,https://reddit.com/r/Italia/comments/r37pmn/non_posso_essere_lunico_che_viene_innescato_da/hm9r5xu/
qyqmfv,,hlja8k5,"Grazie per aver ricordato un massacro ormai dimenticato, vorrei però correggere il numero di vittime, nonostante sulla lapide commemorativa fu riportato 122 nel 1944, lo storico Paolo Paoletti, ha dichiarato che le vittime sono 128, in quanto in questo massacro vengono ricordate anche le vittime dei giorni precedenti, cioè del periodo che va dal 15 al 21 novembre.

Ti rimando all'[articolo](http://www.rivisondoliantiqua.it/gli%20altipiani%20nella%20storia/limmari.htm) che tratta di questo argomento, aggiungo un mio riassunto storico scritto in occasione della commemorazione di questo orribile massacro, da abruzzesez grazie ancora.

>21 novembre 1943, ci troviamo in Abruzzo, precisamente a Roccaraso, nella frazione di Pietransieri, in provincia dell'Aquila, luogo dove avvenne il triste episodio dell'eccidio di Pietransieri (o dei Limmari). La zona in cui avvenne l'eccidio rappresentava uno dei degli appostamenti militari che costituiva il centro di resistenza della linea difensiva invernale, cioè la linea fortificata di difesa disposta in Italia su ordine di Hitler il 4 ottobre del 1943, costruita dall'organizzazione Todt (impresa di costruzioni tedesca che operò in tutti i Paesi occupati dalla Wermacht) durante la campagna d'Italia nella seconda guerra mondiale, su cui le forze armate tedesche si attestarono dopo lo sbarco alleato a Salerno. Il comandante maggiore tedesco della Fallschirmjäger Regiment, Wolf Werner Graf von der Schulenberg si stanziò insieme alle sue numerose truppe naziste nel centro Italia, su ordine di Hitler stesso, accanendosi sull'Abruzzo, in particolare nei comuni di Rivisondoli, Pescocostanzo, Roccaraso, Roccacinquemiglia, e Pietransieri, dove vennero appesi dei manifesti dal maresciallo della Luftwaffe Albert Kesselring poche settimane prima che citavano: ""*Tutti coloro che si troveranno ancora in paese o sulle montagne circostanti saranno considerati ribelli e ad essi sarà riservato il trattamento stabilito dalle leggi di guerra dell'esercito germanico.*"" In pratica una minaccia diretta alle forze partigiane abruzzesi, che però ignorarono la minaccia continuando a combattere, non coscienti che oggi, settantotto anni fa, sarebbero stati giustiziati con l'accusa di cospirare contro il regime e di collaborare con le forze partigiane minori nell'entroterra abruzzese. Centoventotto abruzzesi persero la vita quel giorno, di cui trentaquattro bambini sotto i dieci anni, di cui una di un mese. I cadaveri rimasero per molto tempo abbandonati nel bosco dei Limmari, fra le rovine dei casali, sepolti dalla neve fino all'estate del 1944: un anno dopo, quando vennero seppelliti. Degli obiettivi imposti dal maresciallo maggiore solo Virginia Macerelli, una bambina di sei anni che fu nascosta dalla gonna della madre ormai defunta, sopravvisse, nel 2018 ricorda: ""*Una mattina i tedeschi vennero alla fattoria e ci fecero raggruppare; oltre a me c’era mia madre, quattro fratelli e mia sorella. I tedeschi cominciarono subito a sparare e io mi nascosi sotto la gonna di mia madre. Sentii tantissime grida, io rimasi ferita al braccio sinistro e ad ambedue le gambe. Mia nonna mi venne a prendere il giorno dopo, io ero ancora sotto le gonne di mia madre, che era morta. Oltre a mia madre i tedeschi uccisero i miei quattro fratelli e mia sorella di sedici anni*"". Chi dimentica è complice.",oosoutriv,2021-11-21T18:01:04,3,Italia,https://reddit.com/r/Italia/comments/qyqmfv/21_novembre_1943_eccidio_di_pietransieri_in/hlja8k5/
qvaxbg,,hl8dsdh,">che l'estate 2020 non fosse la fine del covid ma che avremmo dovuto conviverci per anni

Infatti col post non mi riferivo a questa ovvietà ma alle previsione specifica della fine di novembre e alla sintesi dell'alternativa obbligo vs green pass col peggio di entrambi",martifero,2021-11-19T08:26:48,4,Italia,https://reddit.com/r/Italia/comments/qvaxbg/che_dite_ci_ho_azzeccato_direi_che_mi_merito_che/hl8dsdh/
qvaxbg,,hkwykv1,"Bhe, la comunità scientifica ci aveva avvisato anni orsono degli effetti del cambiamento climatico, del fatto che non fossimo preparati ad una pandemia, che l'estate 2020 non fosse la fine del covid ma che avremmo dovuto conviverci per anni. Eppure gente come te chiude gli occhi a queste evidenze e si autoacclama a genio assoluto quando indovina una cosa altamente prevedibile. Ironico, non credi?",Dr-Sushi,2021-11-16T22:58:27,6,Italia,https://reddit.com/r/Italia/comments/qvaxbg/che_dite_ci_ho_azzeccato_direi_che_mi_merito_che/hkwykv1/
qt4ix4,,hkj53cg,"I musulmani credono che Dio ricompenserà coloro che hanno avuto fede e compiuto buone azioni e punirà coloro che non l'hanno. I musulmani usano spesso il termine 'insha'Allah' nelle conversazioni per esprimere la fede in Al-Qadr. Insha'Allah significa ""se Dio vuole che sia così"".  
  
Ad esempio, un musulmano potrebbe dire: ""La prossima estate prenderò un buon voto in matematica e continuerò a studiarlo da 10, insha'Allah"". Questo  non significa che una persona può semplicemente sedersi e sperare di ottenere un buon voto perché è la volontà di Allah. Dovranno ancora lavorare molto duramente. Tuttavia, se non ottengono un buon voto, sapranno che non è a causa della loro mancanza di sforzo - invece, non era volontà di Allah che raggiungessero un buon voto. Credere che Allah è buono e misericordioso incoraggia il fatto che ci sarà un percorso futuro diverso, ma buono e alternativo.  
  
I musulmani credono di avere il dovere di leggere il Corano e di essere costantemente consapevoli di seguire la volontà di Allah. Il Corano racconta del profeta Yusuf, che fu imprigionato ingiustamente. Yusuf chiese a un compagno di prigionia che aveva predetto sarebbe stato rilasciato di menzionarlo al suo signore (il re d'Egitto). Tuttavia, Shaytan \[Satana\] lo rese \[il compagno di prigionia\] così negligente che si dimenticò di menzionarlo al suo signore, e così Yusuf rimase in prigione per diversi anni (Sura 12:42). Questa storia ricorda ai musulmani che dovrebbero ricordarsi di seguire la volontà di Allah e di non essere fuorviati.  
  
Il Corano parla del dovere di un musulmano di conoscere e rispettare gli insegnamenti di Allah quando fa delle scelte con il proprio libero arbitrio:

&#x200B;

""Non è appropriato per un credente o una donna credente avere un'opzione nei loro affari quando una questione è stata decisa da Allah e dal Suo Profeta; e chiunque disobbedisce ad Allah e al Suo Profeta ha deviato in un sentiero chiaramente sbagliato.""",[deleted],2021-11-14T01:46:54,1,Italia,https://reddit.com/r/Italia/comments/qt4ix4/se_avete_qualsiasi_domanda_sullislam_sarò_felice/hkj53cg/
qklcuc,,hix6suq,Quando ci sono passato la scorsa estate c'era una griglia sopra. Probabile che lo abbiamo scoperchiato per effetto scenografico in questa foto :),Dobroreddit,2021-11-01T19:43:19,2,Italia,https://reddit.com/r/Italia/comments/qklcuc/il_borgo_di_corinaldo_i_cento_scalini_ed_il_pozzo/hix6suq/
qa1p6q,,hh0jrll,"Che dispiacere. Era considerato il più importante tra tutti gli autogrill Pavesi ai tempi se ricordo bene (o era quello di Novara?)


Quando con i miei genitori viaggiavamo in macchina in tutta Italia, d'estate, spesso dormivamo in questi autogrill, e mi piaceva tanto perdermi nella tonnara, puntando dritto ai giocattoli ed altre buste a sorpresa, mangiare al self service...
Dormivamo anche nei motel Agip, ma non erano così belli ai miei occhi di bambino.
Ora mi tornano in mente le cartine stradali Agip, album fatti benissimo, che contenevano prima le cartine stradali, molto dettagliate, complete di chilometraggi, poi gli assi autostradali con uscite e aree di servizio, con il dettaglio dei servizi forniti, e infine se ricordo bene le piantine di attraversamento delle città principali. In copertina il cane a sei zampe, nero sullo sfondo giallo, e mi pare gli uscisse dalla bocca una lingua di fiamma rossa.


Era bello. Ci tornerei. Nel sedile di dietro con i giocattoli e i Topolini, mamma e papà davanti, le canzoni dalle musicassette... Così ho conosciuto l'Italia.",DesinasIneptire,2021-10-17T18:39:19,10,Italia,https://reddit.com/r/Italia/comments/qa1p6q/diciamo_addio_allautogrill_a_ponte_pavesi_di/hh0jrll/
q76f1p,,hgkemfz,"Questa è una gara per prendersi un sussidio dalla regione in cambio della garanzia di collegamenti quotidiani e aerei che volano anche se quasi sempre vuoti, per dare un servizio di continuità ai residenti.

Nulla vieta ad ita, se lo reputasse conveniente, di prendersi uno slot ad Alghero per 3 mesi in estate per portare i turisti da Roma o da Milano",Magnetic_dud,2021-10-14T02:50:16,1,Italia,https://reddit.com/r/Italia/comments/q76f1p/la_spagnola_volotea_batte_ita_sui_voli_per_la/hgkemfz/
q76f1p,,hgke7nb,"Ricordo a tutti che Alitalia è fallita anche perché cercava di aggiudicarsi queste gare a qualsiasi prezzo.

Non si sta parlando di rotte turistiche da fare solo tre mesi in estate, ma di garantire un servizio costante per i residenti, con tratte che volano anche se viene venduto un solo biglietto. Per questo la Regione offre questo sussidio ma che comunque è quasi nulla in confronto al costo totale",Magnetic_dud,2021-10-14T02:46:56,1,Italia,https://reddit.com/r/Italia/comments/q76f1p/la_spagnola_volotea_batte_ita_sui_voli_per_la/hgke7nb/
q4qch8,,hg0n8yr,"> Se i leader sono nati e cresciuti in Olanda e trafficano principalmente in Olanda, si può considerare un'organizzazione criminale olandese

""The Moroccan mafia has appeared in most of the large __Belgian__ and __Dutch__ cities including Antwerp, Brussels, Amsterdam, Rotterdam, Utrecht and Almere. In the mid 2010s, criminal organisations were also established in southern __Spain__ (mainly around the Costa del Sol region), but also in __the rest of Europe__, __South America__ and more recently in the __United Arab Emirates__.""

""__Moroccans (mainly from the Rif region) have migrated in large waves to the Benelux__, who were invited to these countries as guest workers. This dense and rather late emigration in the 1960s and 1970s eventually never stopped, and many of the invited guest workers decided to build a new life in the Benelux instead. Most of these Moroccan immigrants came from the Rif region, which is one of the poorest regions in all of Morocco. The Rif region was, and still is a very rural and little urbanised area, which had very few schools for an excessive time, whether in Arabic or French. This Mediterranean peasant and mountain society is quite comparable to other Mediterranean regions like Corsica, Sicily, Sardinia, Calabria and the Aurès. It is characterised by very strong community relationships, a spirit of silence (omertà) and self-governance. This mountainous region has always stayed somewhat uncontrollable. After decolonisation, more than tens of thousands of Riffians have lost their jobs in the vineyards and farms of Morocco and Algeria. Afterwards this process continued, as if from the 1970s and onwards, __many of these migrated Riffians have lost their jobs in the European mines and steel industry as well__. Since then this workforce has converted on a massive scale into different ways of commerce and businesses, both legal and illegal, with the illegal side in particular being the __smuggling of cannabis__. The earned money was __reinvested in cafes, small businesses and real estate in Morocco__. The ones who gained some wealth, reinvested into the economy around the Costa del Sol region in southern Spain. The Riffian diaspora has thus __spread its economic system throughout Europe__. During the 1960s, Belgium and the Netherlands, which in contrary to France had no Arab-Berber colonial past, welcomed massive Moroccan immigration from northern Morocco to work in the mines, iron and steel industry in Wallonia. Afterwards this process continued in Flanders and the Netherlands, in the midst of an economic boom. __The drug trade eventually followed these communities in exile, from Morocco to the Netherlands, through Spain, France and Belgium.__

During the 1980s, De Pijp and Bos en Lommer districts located in Amsterdam, housed the most Moroccan immigrants. During this period, many Dutch-Moroccans saw this as an opportunity to __export hashish from the Ketama mountains in Morocco__ to the Netherlands, often aboard their old vehicles such as Mercedes S-Class cars. It was around this time in the mid-1980s that the modern mafia structures started to evolve, before intensifying over time. These trafficking businesses eventually represented a 10 to 12 billion dollar revenue in 40 years. __The traffickers were used to crossing borders, carrying weapons, and they were known in Morocco to be very violent.__ The Moroccan state has abandoned and neglected the Rif region for many years by refusing to invest into the infrastructure, which has prompted most Moroccans from cities like Al Hoceïma and Nador to devote themselves entirely to the production of Hashish. In the 1980s, cocaine gained a lot of popularity. These were also the years when Dutch Penose crime syndicates were __inspiring the Moroccan community to enter the hard drug business__, which would make them eventually more money than hashish.""",stefantalpalaru,2021-10-09T19:46:02,-1,Italia,https://reddit.com/r/Italia/comments/q4qch8/il_post_che_spaccia_la_mafia_marocchina_per/hg0n8yr/
ppa5y8,,hdkjcjz,"I dati reali devno essere letti correttamente, altrimenti si trovano e ""provano"" correlazioni inesistenti. I siti complottari sono esperti in questo: estraggono i pochi dati che piacciono aloro e li leggono come voglio per avere una parvenza di credibilità e non posso ogni volta stare a perdere tempo a capire dove hanno fatto l'imbroglio. 

ad esempio in estate c'è un picco di incendi e di consumo di gelati, di certo non sapendo leggere i dati si potrebbe vedere una correlazione certa. Eliminamo gelati per combattere gli incendi!",ParloPoco,2021-09-20T08:58:54,1,Italia,https://reddit.com/r/Italia/comments/ppa5y8/i_medici_aziendali_si_sfilano_il_green_pass_non/hdkjcjz/
pmth87,,hcsj2ta,">, non funzionano ai fini del contenimento al contagio (diverso è ai fini del controllo dell'intensità del virus) . A dimostrarlo sono i dati dell'estate 2020 dove si contavano 10000 contagiati con i dati dell'estate 2021 dove si sono contati 160000 con

I dati dell'estate 2020 parlavano di un italia con il covid circolante quasi esclusivamente in lombardia e veneto, e nemmeno tutti, solo alcuni comuni erano effettivamente in grossa emergenza sanitaria, il resto della nazione era con contagi bassissimi.

Questa estate invece il quadro è molto diverso. Se l'incidenza fosse stata la stessa del 2020, considerando solo la zona colpita allora e moltiplicando per tutta la nazione, avremmo dovuto mettere uno 0 in fondo alla cifra che hai riportato tu, anche oltre.",Akaattila,2021-09-14T06:45:14,2,Italia,https://reddit.com/r/Italia/comments/pmth87/obblogo_vaccinale_il_punti_di_non_ritorno/hcsj2ta/
pmth87,,hclbu5h,"Il vaccino anticovid E' un farmaco sperimentale la cui sperimentazione finirà nel 2023
https://www.iltempo.it/politica/2021/09/04/news/mario-draghi-vaccino-obbligatorio-2023-ema-approvazione-ordinaria-pfizer-green-pass-governo-28549744/

E, no, non funzionano ai fini del contenimento al contagio (diverso è ai fini del controllo dell'intensità del virus) .
A dimostrarlo sono i dati dell'estate 2020 dove si contavano 10000 contagiati con i dati dell'estate 2021 dove si sono contati 160000 contagiati.

E prima che tu mi risponda che il merito è del lockdown di primavera ti fermo e ti ricordo che ci dicevano che il nostro comportamento di oggi si riscontrava tra 2 settimane, quindi il lockdown non può aver influito sui dati di 3 mesi di estate.

Ma stiamo andando OT. 
L'articolo non parla del vaccino in se ma della manipolazione dell' informazione e dei dati e dell'accentramento di ogni potere nelle mani del governo che basandosi su uno stato di emergenza PERENNE emana proclama tramite conferenze esautorando il parlamento e la magistratura dei loro rispettivi poteri.

Parla di tutte le incongruenze (che tu definisci deliranti ma che ti invito a verificare, una a una se vuoi) rispetto alla comunicazione governativa dall'injzio della pandemia. 

Quindi, ti ripeto la domanda: quali affermazioni ritieni deliranti nell' articolo?",FarDade,2021-09-12T18:22:36,2,Italia,https://reddit.com/r/Italia/comments/pmth87/obblogo_vaccinale_il_punti_di_non_ritorno/hclbu5h/
pm3dmh,,hcgdp2h,"Gli stessi dati che cita travaglio, tu, l'iss, ogni giornale!
I contagi sono stati  160000 nell'estate del 2021 contro 10000 nel 2020.
Basta questo per capire che il vaccino non sta ottenendo i risultati sperati IN QUANTO A CONTROLLO DEL CONTAGIO e che il Greenpass è una misura totalmente fallimentare che va abolita e che serve solo a ricattare le persone. Mettessero l'obbligo vaccinale (legalmente intendo non con dei giochetti come il Greenpass) si assumerebbero la responsabilità di quello che fanno. Questa misura serve esclusivamente a non prendersi la responsabilità del proprio operato e continuare a fare firmare alla gente il consenso informato. 


Ora: è tipo la 3 volta che te lo scrivo nella nostra conversazione: non capisci veramente o mi stai solo trollando?",FarDade,2021-09-11T17:05:17,1,Italia,https://reddit.com/r/Italia/comments/pm3dmh/travaglio_green_pass_bisogna_dire_la_verità_oggi/hcgdp2h/
pm3dmh,,hcfaf10,"Qua si parla del fatto che il Greenpass è un pacco al fine del contenimento contagio e di come sia senza senso nella sua applicazione, di come sia uno strumento politico e non sanitario. Non c'entra nulla la funzionalità dei vaccini.
E giustificarsi dicendo che il lock down ha influito sul numero dei contagiati dell'intera estate equivale a mentire sapendo di mentire.",FarDade,2021-09-11T11:37:50,0,Italia,https://reddit.com/r/Italia/comments/pm3dmh/travaglio_green_pass_bisogna_dire_la_verità_oggi/hcfaf10/
pk8znq,,hcbl6gm,"*sino all’inizio dell’estate in Germania*

Appunto. E Sgarbi è una persona estremamente colta e dotata di cervello funzionante.",TopoPlayer,2021-09-10T15:20:24,0,Italia,https://reddit.com/r/Italia/comments/pk8znq/deleted_by_user/hcbl6gm/
pk8znq,,hcb0432,"In Germania il “green pass” non è stato reso incostituzionale da nessuno. Anzi, sino all’inizio dell’estate in Germania, per entrare dentro UN NEGOZIO, bisognava esibire prova di vaccinazione oppure tampone (che fanno gratuitamente) quindi perché sta capra ignorante e facchina di Sgarbi parla senza sapere che cazzo dice? 

Questa misura al momento è stata abrogata ma solo perché si è abbassata l’incidenza dei casi. La metteranno di nuovo appena e se  si alzerà nuovamente.",shutthephuqup,2021-09-10T12:43:58,1,Italia,https://reddit.com/r/Italia/comments/pk8znq/deleted_by_user/hcb0432/
pjfmq6,,hbxecne,"Ma non è così! I contagi sono aumentati da 12000 a 160000 tra estate 2020 e estate 2021, di cosa parliamo? Se il virus muta trasmettendosi al fine di prevenire le mutazioni il vaccino serve ancora meno. 

Adesso abbiamo passato il 70% di vaccinati, (mi ricordo che si parlava di immunità di gregge già dal 60% mesi fa).
I casi devono iniziare a calare o chi ha gestito sta emergenza dovrà pagarne le conseguenze.
Inoltre sono stufo di parlare di covid, è OT dal post e rispetto all'argomento tread sul RDC non hai risposto.",FarDade,2021-09-07T13:14:11,1,Italia,https://reddit.com/r/Italia/comments/pjfmq6/meno_discriminatorio_più_efficiente_perché_il/hbxecne/
pjfmq6,,hbx6uzz,"Scusa, io ho riletto 3 volte quello che hai scritto, convinto di non aver capito bene. Ora rileggo un ultima volta..........

..
...
..
Fatto: mi pare di capire che 

nell'estate 2020 senza vax 12634 casi 

Nell'estate 2021 con vax 160820 casi


Estate 2020 senza vax terapie intensive -103

Estate 2021 con vax terapie intensive -52


Nell'estate 2020 senza vax ospedalizzati -1673

Nell'estate 2021 con vax ospedalizzati 504


Nell'estate 2020 senza vax 605

Nell'estate 2021 con vax 1034


Non capisco, proprio a fronte di questi dati, come fai a sostenere che i vaccini hanno funzionato e ci stanno salvando. Magari sono un tordo io però....",FarDade,2021-09-07T12:03:23,1,Italia,https://reddit.com/r/Italia/comments/pjfmq6/meno_discriminatorio_più_efficiente_perché_il/hbx6uzz/
pjfmq6,,hbx5eto,"Visto che non ci capiamo, copio incollò dal s24 cosi spero sia più chiaro anche il concetto di incremento:Nei primi 50 giorni di questa estate (21 giugno/11 agosto) si sono registrati 160.820 nuovi casi; erano stati appena 12.634 nel periodo corrispondente dello scorso anno. Dallo scorso 21 giugno i ricoveri in terapia intensiva hanno segnato un saldo negativo (-52) ma la differenza era stata molto più accentuata nell’estate del 2020 (-103). Gli “ospedalizzati” dal 21 giugno tra ingressi e uscite sono cresciuti di 504 unità, mentre erano scesi negli stessi giorni del 2020 (-1.673). Infine il confronto tra i decessi: 1.034 (2021) contro 605 (2020).",asalerre,2021-09-07T11:47:45,1,Italia,https://reddit.com/r/Italia/comments/pjfmq6/meno_discriminatorio_più_efficiente_perché_il/hbx5eto/
pjfmq6,,hbx4tu1,"Che c'entra la malafede scusa? 

Se il vaccino ha funzionato e le statistiche dimostrano un 77% in meno di contagiati, come fanno i contagi segnalati ad essere aumentati di quasi il 2000%?
Si parla di confrontare i dati dell'estate 2020 con quella 2021 per inciso.",FarDade,2021-09-07T11:41:21,1,Italia,https://reddit.com/r/Italia/comments/pjfmq6/meno_discriminatorio_più_efficiente_perché_il/hbx4tu1/
pjfmq6,,hbx35bf,"Non ti sei accorto che i dati emessi dall'ISS sono in completa dissonanza con i dati emessi dai ministeri di altro Stati  che hanno completato la campagna vaccinale? 

Non ti sei accorto che i dati che tu citi sono in completa dissonanza con i dati di contagi e morti emessi dallo stesso ISS che vedono nell'estate 2021 un aumento dei contagiati da 403 a 7162 e dei decessi da 5 a 69?",FarDade,2021-09-07T11:22:03,1,Italia,https://reddit.com/r/Italia/comments/pjfmq6/meno_discriminatorio_più_efficiente_perché_il/hbx35bf/
pid99p,,hbq0qys,"Non c'è bisogno di aspettare il freddo, io la roba con la cioccolata la tengo in frigo d'estate perché mi piace scrocchiarla. Merendine, cioccolatini... Metti in frigo e passa la paura.",zuppaiaia,2021-09-05T19:39:34,1,Italia,https://reddit.com/r/Italia/comments/pid99p/kinder_panecioc_una_fortissima_curiosità/hbq0qys/
pid99p,,hbpm61q,per fortuna non sono stati tolti ma a quanto pare tenerli in uno scompartimento non freschissimo in estate li porta a sciogliersi.. mi era totalmente sfuggita questa cosa,TamarindsUnderMyBed,2021-09-05T17:50:53,1,Italia,https://reddit.com/r/Italia/comments/pid99p/kinder_panecioc_una_fortissima_curiosità/hbpm61q/
pi9xti,,hboec6q,"La spensieratezza con cui si organizzavano le cene con gli amici, dove il problema principale era se il locale cucinava bene e se ci potevano arrivare facilmente tutti. Anche i discorsi che si facevano erano parecchio più spensierati.

Più che progetti, le cose che avevo cominciato a fare prima del Covid erano andare agli aperitivi degli expats e imparare il russo. Gli aperitivi per gli expats hanno smesso di farli, mentre ho potuto continuare a studiare il russo.

Quello che c'era prima non era il massimo, perché ogni giorno dovevo trascorrere tra le 3 e le 4 ore per arrivare al lavoro, mentre adesso ho molto più tempo a disposizione e posso indossare i pantaloncini e le scarpe aperte per tutta l'estate.",GiorgioPerlasca,2021-09-05T11:53:45,5,Italia,https://reddit.com/r/Italia/comments/pi9xti/cosa_vi_manca_di_più_del_periodo_prima_del_covid/hboec6q/
pdc2dk,,hat17mu,"Sono venuti due volte mentre io ero all'estero quest'estate.
Ancora non si sono fatti sentire e la patente risulta non sospesa.",Direct_Juggernaut,2021-08-29T14:26:03,1,Italia,https://reddit.com/r/Italia/comments/pdc2dk/sospensione_della_patente_causa_articolo_75/hat17mu/
p8vgi7,,h9txw4r,"Ho usato Airbnb per qualche anno, ogni volta la casa non corrispondeva esattamente alla descrizione e c'erano sempre dei problemi, ma essendo più giovane mi adattavi sempre. Ora ho una famiglia e l'estate scorsa abbiamo preso una mezza fregatura. L'assistenza clienti di Airbnb ci ha dato ragione, ma a parte chiedere al l'host di rimborsarci la metà dei soldi (cosa che si è rifiutato di fare) e eliminare il suo annuncio, non ha fatto altro. Praticamente Airbnb ti fa creare un annuncio e fa da tramite per la transazione economica, tutto qui. Poi se hai problemi ti devi rivolgere a un avvocato privatamente. Ovviamente non userò più Airbnb visto che esistono tante alternative per andare in vacanza. PS fregatene dei commenti su Airbnb, chiudilo e basta, è impossibile che l'host possa denunciarti.",andreazeschi,2021-08-21T20:55:08,4,Italia,https://reddit.com/r/Italia/comments/p8vgi7/ho_subito_una_semi_truffa_su_airbnb_con_un/h9txw4r/
p2frof,,h8mpmgm,"Condivido quel che mi hanno risposto in uno scambio di commenti su youtube qualche giorno fa (non so perché ci perdo tempo)

>  ""tra l'altro sopra ho anche specificato che il COSIDETTO vaccino non immunizza quindi non è neanche un vaccino ma solo un farmaco che previene la malattia portata dal virus e non è che sia così ben chiara la sua efficacia""

Io non ho capito cosa intendesse

poi il messaggio continua

> ""per avere un quadro migliore bisognerà aspettare che calino le temperature visto che ora i contagi sono bassi proprio perché le temperature sono alte, è successo anche l'anno scorso che i contagi si sono abbassati durante l'estate per poi risalire e succede da sempre con ogni virus influenzale e non sono certo stati combattuti con i vaccini
crede forse che Berlusconi o Trump che sono guariti in pochi giorni siano stati curati con il vaccino?""


Come ha detto /u/Magnetic_dud, se uno non vuole credere che i vaccini funzionano, non c'è grafico che lo farà",telperion87,2021-08-12T08:01:51,1,Italia,https://reddit.com/r/Italia/comments/p2frof/copertura_vaccinale_di_ti_ricoverati_e_deceduti_4/h8mpmgm/
ozt3bz,,h85cchk,"massí sarà uno di quelli che fa casino fino alle 3 di notte perché ""é estate, sono in vacanza e te ne stai zitto perché  in quanto turista coi soldi ho il diritto di fare il cazzo che mi pare""",Huge-Ad-2411,2021-08-08T07:58:31,2,Italia,https://reddit.com/r/Italia/comments/ozt3bz/abbiamo_un_nuovo_eroe/h85cchk/
oyedxy,,h7t8poi,"Tranquillo il trend è lineare:

estate / primavera #nessunacorrelazione taci ignovrande cospiraziomissile retrogaTo di ultraDX +

inverno/ autunno #e’covizcelafaremo è come dice il govevrno variante e variabile lo prevede la Legge",Keygen-informatica,2021-08-05T14:33:55,0,Italia,https://reddit.com/r/Italia/comments/oyedxy/islandarecord_di_casi_con_il_75_di_popolazione/h7t8poi/
oyedxy,,h7sfc0q,"I vaccini servono a prevenire le malattie, l'estate scorsa avevamo gli stessi numeri senza vaccini e con meno restrizioni.",BiascicaLibbeccio,2021-08-05T10:28:46,-17,Italia,https://reddit.com/r/Italia/comments/oyedxy/islandarecord_di_casi_con_il_75_di_popolazione/h7sfc0q/
oxyxqm,,h7s6tbf,">  Questa estate per esempio non andrà in vacanza da nessuna parte e la sera sta quasi sempre a casa

Indipendentemente dagli amici o meno, se lavora dalle 8 di mattina alel 8 di sera magari dopo non ha tutte queste energie o voglia di uscire, e nel fine settimana vuole dormire. Non va in vacanza perchè magari non ha i soldi per pagarsela, visto che lavora gratis e, se è indipendente come dici, non vuole chiedere i soldi a te. 

Inoltre, rendiamoci conto che ha avuto due batoste nel giro di poco: ritrovarsi single dopo 10 anni e sbattere la faccia sul muro del mercato del lavoro in Italia.  Tutto ciò, in un ambiente familiare che la critica e la osserva. 

Sono d'accordo con lei: lasciala stare. Se ha bisogno di aiuto e vorrà chiederlo, lo farà lei con i suoi tempi.",Fede_Faith,2021-08-05T08:28:30,1,Italia,https://reddit.com/r/Italia/comments/oxyxqm/mia_figlia_vuole_essere_lasciata_in_pace/h7s6tbf/
owbavu,,h7f156r,"Prova a parlare coi proprietari o chi li segue.
Io (da proprietario di tre immobili affittati) preferei che te ne andassi a giugno anziché a febbraio. È più facile trovare a chi affittare in estate!",Catapulcher,2021-08-02T11:20:22,3,Italia,https://reddit.com/r/Italia/comments/owbavu/contratto_daffitto_44_e_disdetta_anticipata_dello/h7f156r/
ov47pg,,h7b4vbt,">Green Pass, quando si arriva al 20% di TI occupate da gente positiva a un tampone, così come è definito adesso lo puoi arrotolare ed infilare fondo fondo nel retto.

Al netto del francesismo, oggi ci sono 214 persone in TI, il 2.5 % della capacità, questo senza il vaccino ce lo sognavano con 6000 al giorno. Il fatto che ci sia il 20 % di vaccinati in TI è solo la conseguenza del fatto che la percentuale di vaccinati è molto elevata nelle fasce di età più a rischio. 

>La soluzione era ""aprire le gabbie"" l'estate, concerti gratis e birra gratis in piazza per tutti gli under 40, consigliare alle persone a rischio di limitare i contatti e creare immunità (naturale, quindi non leaky e sterilizzante

Qui siamo alla follia: l'immunità naturale è esattamente uguale a quella data da vaccino ma il costo in termini di vite sarebbe molto più alto, lo ha visto la Svezia che ha seguito questa strada ed è dovuta tornare indietro avendo totalizzato un tasso di mortalità decuplo rispetto ai suoi vicini nordici, aver avuto una caduta di PIL del 2.5 % comunque e avuto il re che si è scusato per i danni causati.",red_and_black_cat,2021-08-01T13:01:15,1,Italia,https://reddit.com/r/Italia/comments/ov47pg/è_necessario_ridurre_la_probabilità_di/h7b4vbt/
ov47pg,,h77vojr,">1. [La] variante delta [è tutto sommato innocua.]

>2. Chi [contrasse] la SARS ai tempi è immune anche al Covid-19.

>3. La soluzione era ""aprire le gabbie"" l'estate [del 2021].

>4. [La mancata applicazione di questa presunta soluzione] ha ucciso e ucciderà migliaia di persone.

>5. Il *green pass* [è inefficace o controproducente sotto il profilo epidemiologico].

Parliamo di prove principalmente di tipo empirico. In ogni caso devono essere state vagliate dagli esperti.",In_der_Tat,2021-07-31T16:46:49,3,Italia,https://reddit.com/r/Italia/comments/ov47pg/è_necessario_ridurre_la_probabilità_di/h77vojr/
ov47pg,,h776xsp,"> In italia (e EU credo) i vaccinati hanno lo stesso gli obblighi di maschera e distanziamento. Quindi quelle misure rimangono e non è mai stato detto il contrario (scusate se mi sono perso qualche cinguettio del capo supremo leghista)

Assolutamente si. Ti dirò di più - il Green Pass, quando si arriva al 20% di TI occupate da gente positiva a un tampone, così come è definito adesso lo puoi arrotolare ed infilare fondo fondo nel retto. This is by design. Il governo mai ha detto ""vi vaccinate e siete liberi"". Non lo ha mai neanche fatto capire. La stampa ha fatto passare il messaggio ma non solo non c'è stato nessun patto implicito od esplicito tra governanti e governati (voi vi vaccinate, avete fatto tutto quello che potete fare, dopo 18 mesi eccovi indietro i vostri diritti fondamentali ed inalienabili), ma al contrario i governanti stanno facendo capire chiaro e tondo che questo finisce solo quando lo decidono loro. Cioè mai. Ovviamente per il bene della nazione.

> Ma oltre alle mutazioni resistenti ai vaccini, quanto è probabile una mutazione meno aggressiva e tutto sommato innoqua?

Si chiama variante delta (ammesso e non concesso che le ""varianti"" abbiano effetti sullo spread e/o sul meccanismo di diffusione del virus. Per il momento prove non ce n'è, e le ""varianti"" sono differenti dall' OG Sars-CoV-2 per uno 0.2-0.3%. Sars-CoV-2 è diverso dalla SARS originale per un 20%, e chi ha fatto la SARS ai tempi è immune anche al covid)

Problema vero è che questi vaccini non sterilizzanti preparano il terreno per scenari tipo [questo](https://en.wikipedia.org/wiki/Marek%27s_disease#Prevention).

La soluzione era ""aprire le gabbie"" l'estate, concerti gratis e birra gratis in piazza per tutti gli under 40, consigliare alle persone a rischio di limitare i contatti e creare immunità (naturale, quindi non leaky e sterilizzante) in vista dell' inverno, con gli ospedali vuoti durante l'estate e pronti ad assorbire l' eventuale colpo. Si è fatto l' opposto, perchè chiaramente non si poteva privare dei diritti fondamentali una fascia della popolazione. Il green pass va benone invece. Mi piacerebbe dire che ""qualcuno pagherà per questo"", visto che la loro incompetenza (o malvagità) ha ucciso e ucciderà migliaia di persone ma siamo in Italia e il Green Pass viene applaudito dalla plebe ritardata.",orderentropycycle,2021-07-31T13:21:12,4,Italia,https://reddit.com/r/Italia/comments/ov47pg/è_necessario_ridurre_la_probabilità_di/h776xsp/
osgtgl,,h6pnm76,">La speranza è che siano le ultime.

Cosa è cambiato dalle volte precedenti?

Rispetto all'estate 2020, stando ai dati del Ministero, i numeri di tampon+, ospedalizzati, intensivi, morti col tampon+   sono tutti più alti.

&#x200B;

Le terapie che funzionano sul campo respinte dagli argomenti più burocratici che esistono. Nessun Mentana è andato dal dottor Amici a indagare davvero se quanto afferma è corretto (nessun morto di Covid tra quanti ha assistito). Solo mezze indagini, che hanno scoperto che sul territorio dello stesso medico qualcuno è schiattato davvero di quella roba lì, ma era seguito da altro medico, un signorsì del protocollo.",rhodigian,2021-07-27T14:44:56,-1,Italia,https://reddit.com/r/Italia/comments/osgtgl/giorgia_meloni_si_è_vaccinata_contro_il_covid/h6pnm76/
oq10k2,,h6ovzrz,E l'anno scorso non esisteva la variante delta. Con la delta in giro l'anno scorso non avremmo potuto riaprire neanche in estate.,demonblack873,2021-07-27T10:17:26,2,Italia,https://reddit.com/r/Italia/comments/oq10k2/io_ho_deciso_non_mi_fermo_ai_semafori_io_sono_un/h6ovzrz/
oq3x52,,h6apmkl,I ristoratori stanno con l'acqua alla gola. E l'estate doveva servire a ripartire...,Tipico_Filino,2021-07-23T21:37:01,1,Italia,https://reddit.com/r/Italia/comments/oq3x52/effetto_green_pass_boom_di_prenotazioni_per_il/h6apmkl/
odhpr5,,h4c3olm,"Certo per lavoro però d'estate non posso muovermi, ma appena mi sarà possibile si",merky_10,2021-07-07T09:11:19,1,Italia,https://reddit.com/r/Italia/comments/odhpr5/deleted_by_user/h4c3olm/
odhpr5,,h43p634,"Ferie brevi quest'estate, solo tre giorni ad Agosto. Ne passerò due in tenda sull'Appennino Tosco-Emiliano, penso zona Parco dei cento laghi.
Avrei voluto fare un trekking lungo almeno una settimana sul percorso della via Dinarica ma preferisco rimandare di un anno per avere condizioni migliori.",Kulturkampf98,2021-07-05T06:03:32,2,Italia,https://reddit.com/r/Italia/comments/odhpr5/deleted_by_user/h43p634/
oc4dek,,h3sackx,"Tradizionalmente, i govverni aspettano l'estate per lavorare ""col favore delle tenebre"" (o meglio, ignorati dai più).

&#x200B;

Draghi si inserisce in un solco.",rhodigian,2021-07-02T09:17:46,3,Italia,https://reddit.com/r/Italia/comments/oc4dek/lestate_del_governo_draghi_sblocco_dei/h3sackx/
nwkm8o,,h1e0uzy,Bello FiGo -Salviamo i Marò (SWAG iNocenTi) ESTATE 2016 [HD],C4rb0nar4,2021-06-11T10:58:21,1,Italia,https://reddit.com/r/Italia/comments/nwkm8o/mi_serve_una_canzone_in_italiano_per_un_contest/h1e0uzy/
nf8ti3,,gynziaf,"Quando t'ho detto che sei povero? Del ritardato poi te lo sei dato da solo, io ti avevo posto davanti la possibilità di essere uno che difende la categoria a prescindere o io ritardato e tu sei saltato a piedi pari nella seconda. 

E comunque l'ho detto e lo ribadisco: è un atteggiamento da persone pidocchiose. Quelle casa non sono nemmeno in affitto a prezzo aumentato in estate, altrimenti ci sarebbe un annuncio con un prezzo per l'estate e un annuncio per il resto dell'anno; un affittuaria mi ha persino detto per telefono che l'estate ci va in vacanza. 

Quindi non è semplicemente un investimento, perché dubito che facendo dei contratti che al massimo potrebbero andare bene a uno studente universitario (e li università non ce ne sono) guadagna tanto quanto facendo contratti 3+2, che sono pure scaricabili dall'Iva dal contraente e quindi attraggono gente con una busta paga. 

Si, ho decisamente sprecato troppi caratteri a rispondere a uno che difende una categoria di pulciosi pidocchiosi",CyberQuack7,2021-05-19T06:08:42,1,Italia,https://reddit.com/r/Italia/comments/nf8ti3/cosa_cè_peggio_di_affittasi_da_settembre_a_giugno/gynziaf/
nf8ti3,,gylz8ed,"No la lamentela non è palese, analizziamo il tuo messaggio:

\-*""No ditemelo, esiste una categoria più infame degli affittuari a cui devi sgomberare casa quando devono venire in vacanza? ""* Quindi se uno ha una casa sua, pagata coi suoi soldi, e decide di usarla d'estate e affittarla d'inverno quando non la usa è un'infame. Non ha alcun senso questa cosa.

\-*""Sto cercando un appartamento per andare ad abitare vicino a dove lavoro e ogni 3 annunci uno è una casa vacanze. Ma quanto siete pidocchiosi che volete la seconda casa al mare ma dovete affittarla per pagarvela? ""* Cosa vuol dire dovete affittarla per pagarvela quindi siete pidocchiosi? Una persona normale DEVE affittarla per pagarla, manco chi ha i soldi per pagarla tutta la compra a prezzo pieno senza mutuo, è letteralmente il modo peggiore esistente per comprare una casa. Vai da un consulente finanziario e la prima cosa che ti dice è di non comprare MAI immobili interi a prezzo pieno coi tassi d'interesse cosi bassi.

\-*Poi sti annunci rimangono online per anni, chi sa come mai. Dovrebbero raddoppiare l'IMU sulle seconde case e toglierlo alle prime, così si che i giovani iniziano a comprare casa, altro che pippe mentali.* Infatti non si paga l'imu sulla prima casa, quindi anche qui cosa stai dicendo?

Quindi qual'e' esattamente la lamentela? che una persona ha comprato una casa coi suoi soldi e non puo massimizzare le entrate perche' deve darla a te alle tue condizioni? Cioè è un'assudita' sotto ogni punto di vista questo messaggio.",CastielRed,2021-05-18T20:00:20,3,Italia,https://reddit.com/r/Italia/comments/nf8ti3/cosa_cè_peggio_di_affittasi_da_settembre_a_giugno/gylz8ed/
mu22x0,,gv6a26t,"Finché qualcuno non finisce dalla Durso il fatto non sussiste. Ci sono comunque  tutti gli elementi per farne una storia piccante con cui riempire le prime pagine. C'è un bel ragazzo in forma a petto nudo, c'è la vittima presa per i capelli come nella serie più seguita su internet(pornhub), c'è la politica, c'è la lotta di potere. Quello che non capisco è perché fare uscire questa storia ad aprile e non in estate. Mi sa quindi che hanno previsto che ad agosto non saremo sotto l'ombrellone a sfogliare i giornali scandalistici.",Omeomerie,2021-04-20T06:16:41,5,Italia,https://reddit.com/r/Italia/comments/mu22x0/beppe_grillo_mio_figlio_non_è_uno_stupratore/gv6a26t/
ms2x1z,,guqvk6g,"> Recenti stime hanno calcolato che nell’estate 1944 i partigiani in Italia erano 82.000 e raggiunsero il numero di circa 200.000 al momento dell’insurrezione, nella primavera del 1945.

Sì, sì... tutti partigiani dopo la caduta del regime :-)

Nel '44-'45, la popolazione italiana era di circa 45 milioni. Questo vuol dire che le più rosee stime portano la percentuale di partigiani a 0,18-0,44%.

Italiani brava gente?",stefantalpalaru,2021-04-16T17:19:23,2,Italia,https://reddit.com/r/Italia/comments/ms2x1z/quando_noi_italiani_brava_gente_deportammo_e/guqvk6g/
ms2x1z,,guqpgrp,"Recenti stime hanno calcolato che nell’estate 1944 i partigiani in Italia erano 82.000 e raggiunsero il numero di circa 200.000 al momento dell’insurrezione, nella primavera del 1945.",GiorgioPerlasca,2021-04-16T16:35:38,2,Italia,https://reddit.com/r/Italia/comments/ms2x1z/quando_noi_italiani_brava_gente_deportammo_e/guqpgrp/
ml9dcj,,gtk4u7t,"a me sembra una notizia un po' vecchia, l'avevo letta l'anno scorso e poi era stata confermata con l'abbassamento dei contagi durante l'estate.",OceanBottle,2021-04-06T11:45:53,6,Italia,https://reddit.com/r/Italia/comments/ml9dcj/i_raggi_del_sole_sono_efficaci_contro_il_virus/gtk4u7t/
mju8xp,,gtck2oh,"Ho installato condizionatori a Sigonella per un'estate sana. E porcoddio hanno la Coca-Cola all'amarena nei distributori automatici.
Porcoddio.",Accomplished_Look254,2021-04-04T14:13:21,4,Italia,https://reddit.com/r/Italia/comments/mju8xp/il_sito_del_governo_è_su_un_server_americano/gtck2oh/
me6rzs,,gsnyku5,"Io penso questo invece.

Non è che hai la macchina perché abiti lontano dal lavoro, è esattamente l'opposto.
Ti puoi permettere di abitare lontano dal lavoro perché hai la macchina.

Tutte le volte che ho cambiato lavoro, ho cambiato anche casa per avvicinarmi il più possibile.
""eh ma chi ha la casa di proprietà non può farlo""
Un ottimo motivo per cui considero comprare casa, ad oggi, completamente al di fuori delle mie priorità come dovrebbe esserlo per la gran parte della popolazione italiana che però resta ancorata ad una logica antiquata e vecchia di decenni e che non tiene conto dello stato di cose presente.

È la scelta più sensata visto e considerato che il patrimonio immobiliare di questo paese è ampiamente sovrannumerario rispetto alle necessità demografiche che per altro sono in evidente riduzione dato che sono più le persone che muoiono che quelle che nascono e l'immigrazione non è nemmeno in grado di sopperire al deficit di nascite e per questo la casa ha cessato da parecchio di essere un ""bene rifugio"".

Pendolari?
Sono stata pendolare per 3 anni.

Facevo avanti e indietro 3 volte a settimana per 100km andata e ritorno, usando i mezzi pubblici L'Aquila-Roma-L'Aquila quindi so cosa significa fare quella vita.

Usavo l'auto per andare alla fermata del bus, allora ancora non avevo le idee chiare...

Uso la bici con tutte le condizioni meteo, inverno o estate da 4 anni, quindi il problema è risolvibile.

Quantità di obesi abnormi e tutti con l'auto?

Culi pesanti ecco qual è il problema degli italiani che gli impone il possesso di un'auto.

Esponi tanti tanti problemi ti opponi con tutte le idee che ti vengono in mente quando tu stesso sai che la situazione in questo paese è invivibile a causa della qualità pessima dell'aria, specie proprio nella pianura padana dove il problema dei dislivelli non esiste affatto.

Ci pesa il culo a mettere in discussione un modello di sviluppo e ci pesa così tanto che quando si presentano esempi di alternative la reazione è di rifiuto...

Questo paese socialmente putrescente ha deciso di morire nella sua incapacità di mutamento positivo.

Contento tu di fartelo andare bene.",Leila_Alessia,2021-03-29T07:43:45,1,Italia,https://reddit.com/r/Italia/comments/me6rzs/zero_auto_private_nelle_città_italiane/gsnyku5/
mdyo1x,,gsfld47,"L'estate scorsa uscì [questa notizia](https://milano.corriere.it/notizie/cronaca/20_luglio_01/lodi-scelta-martina-rinuncio-laurea-tenere-aperta-l-edicola-papa-era-suo-sogno-515c6302-bb77-11ea-8b38-f3e0b4a46805.shtml) che narra la vicenda di una studentessa che a seguito della morte del padre (di Covid) il quale teneva un'attività, decise di riunciare agli studi per tenere l'attività.

[Questa](https://www.facebook.com/partitodemocratico/posts/10157917501571896?__cft__[0]=AZU814jl6zvW-YPB-YYVCq2Ln7MBINkX5uZ3D8P11oTBXPfTbNW4F6DYVm2zVeox_BdYSsfgkHS3LXGgtPPn0bsRhqmN-IaHWTRCJRfJaSg13AsUqE64ooGJ4kOk_k_3qJNBsbXvDTV87_se6AXRnR0f&__tn__=%2CO%2CP-R) è stata la reazione del PD...",legreto345,2021-03-27T11:55:05,2,Italia,https://reddit.com/r/Italia/comments/mdyo1x/anche_stasera_il_segretario_pd_enrico_letta_ha/gsfld47/
mdt9vm,,gscbevq,Dai che tra un po' è estate e andiamo tutti al mare.,Xuthar2,2021-03-26T21:34:43,1,Italia,https://reddit.com/r/Italia/comments/mdt9vm/cosa_è_successo_a_questo_paese/gscbevq/
m9qhzn,,grosgq1,"Io bevo l'acqua del rubinetto di Milano da un paio di decenni e la trovo molto buona.

Anzi ora faccio molta fatica a bere acqua dalle bottiglie di plastica perché sa palesemente di plastica. Di rado mi capita di bere l'acqua in bottiglie di plastica quando vado a trovare mia madre e la trovo davvero terribile, soprattutto d'estate sembra di bere da un canotto.",skariko,2021-03-21T10:30:49,1,Italia,https://reddit.com/r/Italia/comments/m9qhzn/acqua_del_rubinetto/grosgq1/
m5j209,,gr06mes,"Ciao, cerca sul marketplace di fb, ci sono offerte di privati, normalmente è abbastanza sotto il prezzo di mercato.
Comunque tre mesi d’estate o tre mesi d’inverno sono molto diversi 😅",Yournextdoortattooer,2021-03-15T12:16:34,1,Italia,https://reddit.com/r/Italia/comments/m5j209/affito_di_immobili_a_olbia_sardinia/gr06mes/
lvbhge,,gpbhobz,"Quando sono state attuate delle misure di confinamento rigido, come nella primavera scorsa, i contagi e le morti sono diminuite drasticamente. Solo che poi, durante l'estate, è stato permesso di aprire persino le discoteche. Durante l'autunno è stato fatto un confinamento molto leggero, anche con misure ignorate da varie persone.",GiorgioPerlasca,2021-03-01T17:24:34,2,Italia,https://reddit.com/r/Italia/comments/lvbhge/se_dopo_tutti_i_sacrifici_la_curva_dei_contagi_da/gpbhobz/
lsu5tj,,gou6i4l,"Anche io ho girato molto, principalmente per lavoro e nelle grandi città, però mi manca la parte ""rurale"" del paese, quella che è spesso dimenticata.

Valutavo di fare un road tour fotografico di paesaggi e città d'Italia la prossima estate (Covid permettendo)...speriamo bene",84GH3,2021-02-26T15:31:23,2,Italia,https://reddit.com/r/Italia/comments/lsu5tj/colli_euganei_padova_pd_oc/gou6i4l/
li8v98,,gn5wf3h,"L'articolo parla che in questi mesi i docenti hanno lavorato il triplo... c'è qualche docente quà dentro che potrebbe spiegarmi il motivo? Sia chiaro, non dico questo per fare la guerra...solo per capire.

Detto ciò, io sono del parere che a giugno e luglio i ragazzi giovani o trovano il classico lavoretto estivo, oppure semplicemente si godono l'estate come è giusto che sia e come sempre è stato. Voglio vederli a stare chiusi nella aule il 27 di giugno...chissà il grado di attenzione...  


Riguardo i docenti e gli eventuali sacrifici, fatemi capire vi prego...",Bino_1988,2021-02-13T08:39:12,1,Italia,https://reddit.com/r/Italia/comments/li8v98/prolungamento_anno_scolastico_cisl_dice_sì_a/gn5wf3h/
lgb9x0,,gmud9v4,"Tutto il male possibile. Ha iniziato con una maggioranza, poi ha detto tutto il contrario. Sul covid prima era una banale influenza, quando le cose gli sono sfuggite di mano ha chiuso tutto. Ha buttato via l'estate dove si poteva fare un minimo di programmazione e invece niente. Poi le cose gli sono ri-sfuggite di mano ed ha richiuso tutto. Senza parlare dei soldi buttati con i banchi con le rotelle, o quelli che si potevano spendere meglio o in altri momenti, vedi monopattini e bici elettriche. Onestamente non so se si potesse fare di peggio.",guidocarosella,2021-02-10T18:16:54,2,Italia,https://reddit.com/r/Italia/comments/lgb9x0/cosa_ne_pensate_di_conte/gmud9v4/
l8kz8p,,glde6iq,"Ce ne fossero di passere scopaiole d'inverno... e anche d'estate! Passere scopaiole tutto l'anno, si starebbe meglio",wearsAtrenchcoat,2021-01-30T14:55:16,6,Italia,https://reddit.com/r/Italia/comments/l8kz8p/passera_scopaiola_un_uccello_molto_comune_in/glde6iq/
l7y11b,,glbt1vc,"Riformare tutto pare esagerato. Però di lavoro da fare ce n’è sicuramente, sarebbe bello riuscire a dare molti meno compiti.

Secondo me però l’estate abbiamo il fattore ambientale. Terrei i mesi più caldi per stacchi da temperatura. Non ci vedo nulla di così malvagio, alla fine i giorni di studio saranno quelli sostanzialmente, credo. 

Ma non mi farai cambiare idea: il primo cambiamento da fare sarebbero gli stipendi dei docenti, spesso abbastanza da fame",Gio92shirt,2021-01-30T03:10:39,1,Italia,https://reddit.com/r/Italia/comments/l7y11b/scuola_nel_futuro/glbt1vc/
l7y11b,,gl9rx5n,Sarebbe ancora meglio organizzare attività formative estive in modo da impegnare i ragazzi anche l'estate. I classici 3 mesi senza fare nulla a mio avviso rappresentano uno stacco troppo netto e causano un altalena di stili di vita che conduce a scompensi negli studenti.,SirGiovannone,2021-01-29T18:40:25,6,Italia,https://reddit.com/r/Italia/comments/l7y11b/scuola_nel_futuro/gl9rx5n/
kw4hyb,,gj46lwx,"Stiamo sopportando come tutti, infatti entrambi (e le nostre famiglie) da settembre 2020 non siamo più usciti di casa e abbiamo rispettato tutte le normative del governo. Non ci stiamo lamentando di come vengono gestite le cose e non facciamo di niente di illegale. Non ci vediamo dall’estate per non rischiare. La mia era una semplice domanda. Non capisco questa aggressività nella risposta.",irenova,2021-01-13T14:43:46,1,Italia,https://reddit.com/r/Italia/comments/kw4hyb/viaggiare_allestero_si_può/gj46lwx/
kucaqm,,gir89h0,"Essendo turista, sono sempre andato in Puglia in estate e non posso immaginare la nebbia su questi paesi.. ma è l'inverno e a volte c'è anche la neve. Bello comunque !",Yoann0,2021-01-10T11:49:55,3,Italia,https://reddit.com/r/Italia/comments/kucaqm/nebbia_della_settimana_puglia/gir89h0/
keukky,,gg6fo0t,"In primavera, all'alba—quando il fragore dei vetri nel camion della nettezza urbana risveglia i ciliegi in fiore.
D'estate, al tramonto—quando il sole allunga la sua ombra luminosa sulle pozzanghere iridescenti di benzina.
D'autunno, al pomeriggio—quando la cameriera dell'autogrill ti informa rammaricata che il camogli è finito.
D'inverno, la sera—quando le blandizie di greggio e iacchetti rimbombano soffici contro le pareti innevate del complesso condominiale ""i gladioli"".",SeverusPython,2020-12-17T20:42:27,2,Italia,https://reddit.com/r/Italia/comments/keukky/passeggiata_per_la_città_e_sembra_di_essere_nel/gg6fo0t/
kcw33v,,gfu03l2,"E le foibe?

La domenica mi vorrei riposare, e l’estate dalla quale posso iniziare a lavorare è quella del 2021. Prima dei 16 anni non si può lavorare",TristoMietiTrebbia,2020-12-14T18:00:49,1,Italia,https://reddit.com/r/Italia/comments/kcw33v/un_compagno_di_classe_mi_chiede_praticamente_ogni/gfu03l2/
kcw33v,,gftzucj,Quello che dici é giusto. E la Domenica ? L estate ?,feroxsaladin,2020-12-14T17:58:47,1,Italia,https://reddit.com/r/Italia/comments/kcw33v/un_compagno_di_classe_mi_chiede_praticamente_ogni/gftzucj/
kb3r5t,,gfgg6qz,"Io sono un ragazzo (in realtà ragazza trans ma praticamente sono un ragazzo) e personalmente mi depilo perché trovo l'aspetto dei peli sgradevole, non è una cosa piacevole che faccio sempre, ma soprattutto d'estate una ceretta fatta in casa (inguine escluso perché non ho la forza di volontà richiesta anche solo per provare) la faccio tranquillamente, fa male, soprattutto sulle cosce ma il risultato è soddisfacente; altrimenti d'inverno o quando non ho voglia uso un silk epil su braccia, gambe e occasionalmente petto.
Io ho avuto esperienza con una fidanzata che la pensava come me e faceva u a ceretta ""bikini"" accorciando la zona inguinale e basta perché non le piacevano e a me diceva che era un modo per curare se stessa che a lei piaceva.
Un altra invece lo odiava abbastanza e difatti utilizzava rasoio solamente su braccia e gambe (era bionda, quindi il resto era comunque praticamente invisibile) ma lo faceva comunque perché si sentiva obbligata.
Per conoscenti posso dirti che la maggior parte delle ragazze che conosco lo ritengono un ""dovere"" più che una cosa che fanno di loro volontà.
Ovviamente non posso parlare per il genere femminile in generale ma questa è la mia esperienza.",cava2699,2020-12-11T23:12:04,1,Italia,https://reddit.com/r/Italia/comments/kb3r5t/molte_ragazze_dicono_che_si_sentono_meglio_senza/gfgg6qz/
kb3r5t,,gfeny9q,"Non so quanto si possano fare generalizzazioni, quindi ti dico la mia. Odio depilarmi, con tutta me stessa. Ho provato diversi metodi e ognuno ha un suo lato negativo. D'inverno non mi depilo proprio, vorrei riuscire a togliermi di dosso il senso di pressione sociale per fregarmene anche d'estate sinceramente, però per esempio quest'anno ho deciso che non mi andava di stare costantemente appresso alle ascelle e anche se non erano perfettamente depilate uscire lo stesso. Mi metteva un po' di ansia vedere la gente che quando se ne accorgeva iniziava un po' a fissare ma tutto sommato non è capitato spesso.
Quando ero piccola ero talmente imparanoiata che mi depilavo pure le braccia, nonostante non siano molto pelose, e se l'estate al mare mi accorgevo che avevo lasciato una striscetta di peli su una gamba mi veniva da piangere ahahaha. 
La cosa assurda è che mia mamma e mia nonna mi dicevano che quando erano giovani loro non era così comune depilarsi completamente, quindi è stato anche un cambio abbastanza veloce nella mentalità comune.
Detto questo, alcune mie amiche si depilano anche senza ""cause di forza maggiore"" perché preferiscono sentirsi lisce.
Sarebbe bello se sia uomini che donne potessero decidere se depilarsi o meno senza troppe pippe mentali su chi dovrebbe o chi no.
L'unica cosa che mi dà parecchio fastidio è quando alcune persone sostengono che non depilarsi sia poco igienico, perché è assolutamente una cazzata.",joaniejoi,2020-12-11T16:53:55,13,Italia,https://reddit.com/r/Italia/comments/kb3r5t/molte_ragazze_dicono_che_si_sentono_meglio_senza/gfeny9q/
k9ogkc,,gf9d6ar,"Io sono di Rimini e nella strada sul mare per andare a Riccione, è pieno di donne sulla strada anche in estate quando la sera ci sono turisti con genitori e bambini.
Mettiamola come vogliamo ma già togliere delle donne dalle strade e dargli una loro dignità o anche evitare con controlli più stretti lo sfruttamento credo che sia la cosa più giusta da fare.
Se paesi come l’Olanda, la Germania e Austria hanno legalizzato la prostituzione vuole dire che dei vantaggi ci sono",Bet_Amos,2020-12-10T08:20:53,2,Italia,https://reddit.com/r/Italia/comments/k9ogkc/legalizzazione_della_prostituzione/gf9d6ar/
k5t1xd,,geh7jk5,"Lo stato assolutamente no, anche perché la chiesa, per le regole che si è data finora, non ha nessun problema a trasmettere le messe in TV e radio e fare tutto a porte chiuse, e lo stato deve essere laico e pensare prima di tutto all'emergenza sanitaria, poi a quella economica, e poi a tutto il resto. E se anche la chiesa dicesse che devono fare la messa a mezzanotte in punto o è sacrilegio, lo stato dovrebbe dire ci dispiace ma meglio il sacrilegio delle terapie intensive intasate. Lo stato per quanto riguarda la religione si dovrebbe limitare a garantire la libertà di culto a tutti i cittadini, poi come i vari culti gestiscono le restrizioni dovute a un'emergenza, nel rispetto dei decreti, non dovrebbe più essere affare dello stato. Il problema nasce quando pure i legislatori sono cattolici solo di facciata (e va benissimo così, niente di male) però sanno che il voto cattolico pesa e quindi fanno leggi stupide e le comunicano in maniera stupida pensando di fare un piacere a chi li vota, con il risultato di montare polemiche inutili e sterili sulla messa due ore prima (raccolte e ripetute da giornalisti anche loro cattolici solo di facciata che sperano di vendere ai lettori cattolici, e ascoltate e prese seriamente dalla gente comune cattolica solo di facciata). Non lo so, non so se vederla come loro che non sanno come gestire una situazione del genere e quindi ci distraggono oppure loro che non sanno come gestire una situazione del genere e quindi si fissano su cose del tutto inutili pensando sia una grande soluzione (vedi i bonus monopattino e i banchi a rotelle di questa estate). Vedo solo tanta incompetenza, e sono stufa e delusa.",zuppaiaia,2020-12-03T11:44:49,3,Italia,https://reddit.com/r/Italia/comments/k5t1xd/celebrazioni_anticipate_della_messa_di_natale/geh7jk5/
jx0mr9,,gctpfwp,"Il Comune di Filettino, che è bello sia l'inverno con la neve, che l'estate, come la bellissima vista sulle montagne. Ha anche i percorsi segnati per fare escursioni a piedi in autonomia.

Il Lago di Canterno, tra Fiuggi e Alatri. Oltre ad essere bello, è anche poco frequentato.",GiorgioPerlasca,2020-11-19T13:01:43,2,Italia,https://reddit.com/r/Italia/comments/jx0mr9/che_posti_bellisimi_e_molto_sconosciuti_conoscete/gctpfwp/
jodyf0,,gba2hzb,"Hi bazzicato tra Italia e Francia per lavorare d'estate per 2 anni, vivendo al confine tutti i weekend sono ed ero la, ora sto finendo la il liceo e studierò ingegneria, appena troverò un posto mi trasferirò anche definitivamente, comunque ci sto tutti i giorni tutto il giorno ed è un paese bellissimo, efficiente, trasporti pubblici perfetto e senza ritardi, pulizia, sicurezza, io sono a Nizza e mi trovo da dio, spero di trovare un appartamento in fretta",roberto_messina_02,2020-11-05T22:43:32,2,Italia,https://reddit.com/r/Italia/comments/jodyf0/chi_sarebbe_secondo_te_il_miglior_primo_ministro/gba2hzb/
jmrr4f,,gazespr,"Diciamo che ci siamo cacciati in questa situazione da soli... Quest'estate se fosse stato gestito tutto un po' meglio, sicuramente non ci sarebbero tutti questi problemi, ma ovviamente tra i ""se"" e i ""ma"" c'è di mezzo il mare",rafelii,2020-11-03T07:03:23,2,Italia,https://reddit.com/r/Italia/comments/jmrr4f/ci_sono_voluti_otto_mesi_ma_forse_forse_hanno/gazespr/
jhtswn,,ga2cqpt,"L'Italia di fatto, si è adagiata sugli allori, ripetendosi che ci sarebbe stata una seconda  ondata, che sarebbe potuta essere uguale se non peggiore a quella di marzo, allora il governo ha prontamente deciso di fare queste cose:


Sbattersene delle scuole, di fatto facendole riaprire senza le condizioni giuste, facendo andare a scuola i ragazzi in dei pullman e treni affollatissimi, dove mascherina o no, il rischio di contagio è comunque altissimo.
Unica cosa per la quale hanno deciso di spendere diversi miliardi è stato l'acquisto (assolutamente inutile) dei banchi a rotelle, che, per inciso, circa il 90% delle scuole non hanno visto.
Ora si stanno cagando sotto e, tra delle inutili proteste dell'azzolina, chiudendo ancora tutte le scuole.


La movida.
Capro espiatorio dell'aumento dei contagi, facendo sentire in colpa chi durante l'estate è andato ai ristoranti, bar, nelle discoteche, o semplicemente in vacanza, quando il governo stesso ha messo una sorta di via libera per le attività, imponendo norme ridicole che nessuno ha mai seguito, come banale te pensare che si potesse andare in discoteca mantenendo le distanze.


Di fatto però il governo non ha fatto nulla, non ha aumentato i posti in terapia intensiva, ha messo delle restrizione per locali, piscine, palestre ecc. Che hanno speso dei soldi, hanno fatto degli investimenti, mentre ora il governo sta ammazzando le piccole imprese facendo chiudere e mandando sul lastrico migliaia di piccoli imprenditori, con dei ridicoli ridicoli copri fuoco e delle restrizioni per gli orari dei locali.


Siamo governati da pagliacci, che durante l'estate sono rimasti fermi a guardare.


Anche vero il popolo proprio come il governo non ha fatto assolutamente nulla.
Stando a guardare e facendo finta che il virus fosse sparito.


Ci meritiamo chi abbiamo al governo, non sono altro che la nostra rappresentanzione in grande.",Reefer__,2020-10-25T15:22:54,8,Italia,https://reddit.com/r/Italia/comments/jhtswn/cosa_ha_fatto_davvero_litalia_per_scongiurare_un/ga2cqpt/
jh40yx,,g9vz024,"la cosa bella era che a gennaio molto probabilmente già ci eravamo dentro fino alle braghe...

Se questa estate il problema sono stati i locali, i traghetti sovraffollati e la promiscuità sessuale legata al periodo, oltre al calo della resistenza virale dovuta alle temperature più alte, l'inverno scorso la nostra condanna sono state, purtroppo, le settimane bianche. Immaginate le file agli impianti tutti attaccati, il fiatone dopo una discesa impegnativa, i guanti da neve che nessuno lava mai e che toccano seggiovie e skilift, e su cui regolarmente ci si smocciola o si tossice, le seggiovie chiuse e le ovovie e funivie con 4/6/8/30 persone racchiuse in pochissimo spazio, il virus che tra 5 e 11 gradi sta una favola, ed ecco il contagio.

Tutti quelli che conosco e che ci sono andati (trentino prevalentemente) hanno avuto febbri alte,e tossi persistenti. Qualcuno mi ha anche parlato di perdita di gusto e olfatto, ma questo già da novembre.",Mech-maniac,2020-10-24T10:12:58,3,Italia,https://reddit.com/r/Italia/comments/jh40yx/4_gennaio_2020_cina_epidemia_di_polmonite_torna/g9vz024/
i0ibrk,,g9gsctv,Sono andato a capo vaticano in vacanza proprio questa estate,mana_cerace,2020-10-20T19:49:09,2,Italia,https://reddit.com/r/Italia/comments/i0ibrk/capo_vaticano_calabria/g9gsctv/
jbf3ar,,g8vfj3q,"Nel Lazio si beve il vinello dei Castelli Romani, mentre d'estate la bira e il calippo.",GiorgioPerlasca,2020-10-15T05:23:02,6,Italia,https://reddit.com/r/Italia/comments/jbf3ar/quali_bevande_sono_le_più_italiane/g8vfj3q/
j7izzw,,g86wsst,"Esatto.. purtroppo è una selezione che rientra nelle loro tasche.. anche quando fanno film americani sono quasi sempre dei filmetti di serie B classificati al 10% su RottenTomatoes.. ma qualche volta fanno la concessione e si vedono titoli più quotati. In estate mi pare su *Cielo* hanno fatto tutta la serie tv *Chuck*. Non è proprio freschissima come serie (l'ultima stagione è andata in onda nel 2012), ma se pensi che ora la trasmettono su Amazon Prime solo in US, è già qualcosa..",diracwasright,2020-10-09T05:50:07,2,Italia,https://reddit.com/r/Italia/comments/j7izzw/cosa_ne_pensate_dei_media_italiani/g86wsst/
id5epv,,g276z4n,"GianAntonio Stella in suo libro raccontava che nella redazione del SecolodItalia d'estate si presentava in canottiera e scarponi.

La canottiera gli serviva per combattere il caldo. Gli scarponi per scrivere",SILVESTRINO,2020-08-20T10:24:28,2,Italia,https://reddit.com/r/Italia/comments/id5epv/rocca_di_papa_poliziotti_mascherati_da_puffi_per/g276z4n/
i2g7w6,,g0mavrt,"> Per alcune persone vogliono avere la pizza italiana, l'aperitivo, le stesse persone, ecc. Per me preferisco molto di più le opportunità di carriera di un paese anglosassone e di viaggiare in Italia una volta ogni tanto. Inoltre, odio quanto lo stato italiano deruba i suoi cittadini attraverso le tasse. Le persone che vivono meglio in Italia sono quegli imprenditori che sono in grado di evitare le tasse.

Io vivo in Svezia e la penso uguale, mi sfogo quella settimana o due che torno in Italia e poi torno contento sù che effettivamente ci vivo molto meglio (anche se al momento il COVID mi frega un po', mi è toccato saltare il reimpatrio questa estate). Adoro il lavoro che ho trovato e gli standard di vita lavorativa me li sognerei stando in Italia. 

Inoltre, mio padre si è suicidato 3 anni fa, disperato che dopo 42 anni di lavoro da artigiano aveva ancora 3 anni di lavoro per arrivare a 800€ al mese di pensione. La pensione è andata (ridotta a 550€) a mia madre che fa l'insegnante in una scuola superiore, quindi un lavoro con paga decente ma comunque modesta. Però, visto che da quest'anno non sono più a carico di mia madre, la pensione di mio padre è stata ulteriormente ridotta a 250€ al mese. Nonostante ciò, per lo stato mia madre riceve 2 stipendi (suo stipendio + 250€ al mese) e questo è diventato un grandissimo punto negativo nella dichiarazione dei redditi. Precedentemente le tornavano indietro dei soldi dopo la dichiarazione, ora il ""doppio reddito"" risulta in ulteriori 3000€ di tasse all'anno (che, guarda il caso, 12 * 250 = 3000). Mio padre ha passato la sua vita cercando di essere il più regolare possibile, pagando licenze e tasse, e ora tutti quei soldi pagati onestamente che dovrebbero tornare a noi vanno completamente nel cesso. Si starà rivoltando nella tomba... Io mi rifiuto di vivere in un posto in cui possono accadere cose del genere.",DonDi94,2020-08-06T23:27:16,1,Italia,https://reddit.com/r/Italia/comments/i2g7w6/voi_che_fareste/g0mavrt/
htbtx2,,fyp40sn,"Vediamo se la pandemia da Coronavirus riuscirà ad insegnare qualcosa, oppure no. Al momento pare esserci dibattito sul tema all'interno delle aziende. Vedremo cosa succederà dopo l'estate.",GiorgioPerlasca,2020-07-20T20:51:09,1,Italia,https://reddit.com/r/Italia/comments/htbtx2/il_sud_è_capace_di_accogliere_gli_smartworker_del/fyp40sn/
hg9liy,,fw59wgr,"Strano ! Io non sono abbonato ma lo leggo .

Nel 43 a.C. un'enorme eruzione vulcanica in Alaska ha portato a un clima freddo e umido in tutta l'area del Mediterraneo, i cui effetti potrebbero aver contribuito all'instabilità politica e sociale, e infine al declino della Repubblica dell'antica Roma
Il 44 a.C. è la data della morte di Giulio Cesare, a cui seguì una sanguinosa guerra civile che portò infine alla nascita, nel 27 a.C. dell'Impero Romano. Questo è quello che raccontano le cronache dell'epoca, ma c'è una parte degli storici che sottolinea come l'instabilità politica dell'epoca fu determinata anche da un lungo periodo di cattivi raccolti agricoli, carestie e malattie causate dall'arrivo di un clima freddo su tutta l'area del Mediterraneo.

Uno studio pubblicato sui “Proceedings of the National Academy of Sciences” da Joe McConnell, del Desert Research Institute in Reno, negli Stati Uniti, indica che quell’evento climatico estremo fu causato da una massiccia eruzione del vulcano Okmok, in Alaska, cioè quasi dalla parte opposta del globo. Le ceneri proiettate nell’atmosfera, come successo molte volte nella storia della Terra, determinarono una maggiore riflessione della radiazione solare e quindi un raffreddamento notevole della superficie terrestre. Trova così riscontro sperimentale l’ipotesi formulata da molti anni da alcuni studiosi secondo cui dietro il raffreddamento climatico del Mediterraneo dell’epoca vi fosse proprio un'eruzione.

Per arrivare a questa conclusione, McConnell e colleghi hanno effettuato un’analisi geochimica della tefra, cioè l’insieme dei materiali piroclastici prodotti nel corso di un’eruzione. La tefra dell'eruzione dell'Okmok è rimasta intrappolata nelle carote di ghiaccio dell’Artide, scavate negli anni novanta in Groenlandia e in Russia e conservate in vari istituti statunitensi, danesi e tedeschi. Le nuove misurazioni, unite a quelle dell’epoca, hanno permesso di stabilire le date di due distinte eruzioni del vulcano, la prima intensa ma di breve durata, si è verificata intorno al 45 a.C. La seconda, di ben più vasta portata, si è verificata nel 43 a.C., e ha prodotto ceneri che sono sparse sui territori circostanti per altri due anni.

A conferma del fatto che fu proprio questo evento a cambiare il clima dall’altra parte del globo, gli autori hanno analizzato gli anelli di crescita di alberi in Scandinavia, Austria e California, nonché gli speleotemi della cava di Shihua, in Cina, concrezioni geologiche che rappresentano registrazioni naturali di diverse variabili climatiche della storia. Infine, hanno usato modelli del pianeta per indagare l’entità dei fenomeni vulcanici dell’epoca e il loro influsso sul clima.

Secondo i dati raccolti, i due anni seguenti alla seconda eruzione dell’Okmok furono tra i più freddi dell’emisfero boreale degli ultimi 2500 anni, e il decennio successivo fu il quarto più freddo. I modelli climatici indicano che le medie stagionali delle temperature furono di 7 °C al di sotto del normale durante l’estate e l’autunno che seguirono l’eruzione del 43 a.C., con precipitazioni estive tra il 50 e il 120 per centro oltre il normale in tutta l’Europa meridionale, mentre le precipitazioni autunnali arrivarono al 400 per cento del normale.

""Nella regione del Mediterraneo, queste condizioni estremamente fredde e umide probabilmente ridussero la resa dei raccolti e aggravarono i problemi di approvvigionamento durante i continui sconvolgimenti politici del periodo"", ha spiegato l'archeologo Andrew Wilson, dell'Università di Oxford. ""Queste scoperte danno credibilità alle segnalazioni di freddo, carestia, carenza di cibo e malattie descritte dalle antiche fonti scritte"". (red)

Ciao",SILVESTRINO,2020-06-27T07:15:43,2,Italia,https://reddit.com/r/Italia/comments/hg9liy/leruzione_che_ha_messo_fine_alla_repubblica_romana/fw59wgr/
hbbek0,,fvbbvxe,"- Siamo uno dei paesi europei con più morti per Covid (secondi solo alla Spagna mi sembra).
- Nonostante sapessimo da mesi che stava arrivando il coronavirus non siamo stati minimamente preparati facendoci trovare con le braghe calate: per mesi medici hanno lavorato senza avere le mascherine.
- A proposito di medici: stanno scendendo in piazza perché non danno i bonus promessi dopo essersi riempiti la bocca chiamandoli eroi.
- Se la son presa con i runner con dispiegamenti di forze assurdi mentre nelle RSA morivano a pacchi.
- Se la son presa con i giovani che bevevano birra mentre nelle RSA morivano a pacchi.
- Hanno chiuso in lockdown tutte le regioni, pure quelle che non ne avevano bisogno paralizzando il paese. Perché non chiudere le regioni in base agli effettivi contagi di ognuna? La Lombardia tutt'ora ha l'85% di morti di tutta Italia eppure in Molise son rimasti chiusi come se avessero lo stesso numero di contagi.
- Abbiamo ignorato completamente l'aspetto psicologico dei bambini lasciandoli rinchiusi per mesi quando gli altri addirittura riaprivano gli asili.
- Abbiamo deciso il 12 giugno che gli asili nidi potevano riaprire dal 15 giugno non lasciando il tempo a quelli comunali di prepararsi con la conseguenza che sono rimasti chiusi e hanno riaperto solo quelli privati (chi è rimasto ovviamente visto che non gli han dato soldi e molti han chiuso)
- A questo proposito: gli altri avevano piani chiari. Andate a vedere quello svizzero. Noi abbiamo fatto dirette su Facebook (!) dicendo il giorno prima chi poteva riaprire e chi no. Tipo tombola.
- Sempre a proposito di bambini: il bonus ""centro estivo"" non si può usare oltre il 31luglio (la famosa estate che finisce a luglio)
- La scuola riapre dopo le discoteche.
- Abbiamo promesso soldi a casaccio (letteralmente a casaccio) e non li abbiamo ancora dati.
- Promettiamo ""bonus vacanze"" e a 10giorni dal possibile utilizzo nessuno ha idea di come funzioni (neanche i gestori di hotel etc).

E per molti siamo stati bravi, pensa se non lo fossimo stati! Mi viene difficile pensare a come avrebbero potuto affrontarla peggio.",skariko,2020-06-19T06:43:50,-1,Italia,https://reddit.com/r/Italia/comments/hbbek0/come_giudicate_loperato_del_governo_di_fronte/fvbbvxe/
gzijgh,,ftgnmgm,"Non sono un esperto di bici, ma dalla mia esperienza di camminatore ti posso consigliare come prima esperienza di un cammino la Via degli Dei da Bologna a Firenze, se vuoi qualcosa di più vicino a casa tua fatti qualche tappa della Francigena. L'importante è la determinazione, il primo passo è quello più difficile. Le esperienze più belle le ho fatte in cammino, non vedo l'ora quest'estate di fare la Magna Via Francigena in Sicilia.",loll_oone,2020-06-09T10:13:21,3,Italia,https://reddit.com/r/Italia/comments/gzijgh/adventure_needed/ftgnmgm/
gv2zn8,,fsm6yzn,"Su Netflix direi ""Il divo"", ""Suburra"", ""Sulla mia pelle"", ""Chiamami col tuo nome"", ""ACAB"", ""La mafia uccide solo d'estate"", ""Dogman"".
Questo a mio parere, ovvio.

Su YouTube non saprei, è una piattaforma che uso poco per vedere film.

Hai un buon catalogo di film gratuiti anche su [Raiplay](https://www.raiplay.it/).",Kulturkampf98,2020-06-02T08:17:11,2,Italia,https://reddit.com/r/Italia/comments/gv2zn8/i_migliori_film_italiana_sul_netflix_o_youtube/fsm6yzn/
gqd12x,,frstu5o,"Questo probabilmente sarà vero, ma è da vedere, se ci saranno abbastanza turisti (cosa di cui dubito) per riuscire a riempire alberghi, case vacanze, ristoranti, ecc., se come temo invece i turisti che possono spendere saranno assenti o troppo pochi, ci sarà una corsa al ribasso dei prezzi.

Se fossi un gestore, proprietario di un albergo, ristorante, ecc. valuterei seriamente, di non aprire proprio quest'estate.",ginogino65,2020-05-25T20:10:35,1,Italia,https://reddit.com/r/Italia/comments/gqd12x/stangatacovid_sulle_vacanze_rischio_aumenti_fino/frstu5o/
gqd12x,,frsf7z9,Quest'anno farò lo stesso della scorsa estate. Tenda e bivacco in cima ad un monte.,Kulturkampf98,2020-05-25T18:02:36,1,Italia,https://reddit.com/r/Italia/comments/gqd12x/stangatacovid_sulle_vacanze_rischio_aumenti_fino/frsf7z9/
gnxhfx,,frd4k4y,È estate come li indossi i guanti di gomma? Ti si fa tanto di quello schifo tra sudore sporco e pelle che poi davvero si rischia di infettare la gente,Keygen-informatica,2020-05-21T17:52:24,3,Italia,https://reddit.com/r/Italia/comments/gnxhfx/oggi_a_pranzo_sul_tg1_hanno_trasmesso_la/frd4k4y/
gnxhfx,,frcoxg6,"Potete sempre chiudervi in casa e vivere come i topi. Aspettando la morte. il virus non c'entra più un cazzo, ora qua siamo di fronte ad un cambiamento societario. Quante risse questa estate per Stewart coglioni che si crederanno dio. Ahhh non vedo l'ora.",xxxD3grad0xxx,2020-05-21T15:46:12,2,Italia,https://reddit.com/r/Italia/comments/gnxhfx/oggi_a_pranzo_sul_tg1_hanno_trasmesso_la/frcoxg6/
ghpmej,,fqb0att,Non è ancora detto che l’estate sia persa...,LordAndrew1977,2020-05-11T20:19:11,4,Italia,https://reddit.com/r/Italia/comments/ghpmej/una_delle_cose_che_più_mi_mancheranno_questa/fqb0att/
gcng8c,,fpcjhu1,"Voglio vedere questa estate, tutti drogati ed alcolizzati a mantenere le distanze, si si hahahahah",xxxD3grad0xxx,2020-05-03T10:47:45,1,Italia,https://reddit.com/r/Italia/comments/gcng8c/fase_2_cosa_fare_e_non_fare/fpcjhu1/
g8mkhe,,foodbq4,"A meno che non sia un cambio permanente, ma lo stesso vale anche per le relazioni sessuali, ora tutti bravi a parlare... Ma Immagina una notte di estate, chi ubriaco, chi fumato chi tirato, dubito la gente, almeno la maggiorparte, non si faccia una sana scopata, per paura del ""virus""",degrado60,2020-04-26T21:35:52,6,Italia,https://reddit.com/r/Italia/comments/g8mkhe/domanda_sociale/foodbq4/
g19pub,,fnenpzr,Girare nudi d'estate,[deleted],2020-04-14T19:30:24,2,Italia,https://reddit.com/r/Italia/comments/g19pub/domanda/fnenpzr/
g19pub,,fnecyh0,T-shirt e pantaloncini d'estate in ufficio,raijin90,2020-04-14T17:58:57,3,Italia,https://reddit.com/r/Italia/comments/g19pub/domanda/fnecyh0/
fwfudw,,fmoqa77,"Nelle zone che frequento abitualmente l'acqua si trova abbastanza facilmente, in alcune zone di meno in altre di più.

Il punto è che la zona nelle vicinanze offre questo e a me mi va bene, ma se il mare non sarà usufruibile quest'estate, la gente della zona si riverserà su quello che c'è a disposizione e non è che mi darebbe fastidio, purché non si crei assembramento.",ginogino65,2020-04-07T13:28:45,1,Italia,https://reddit.com/r/Italia/comments/fwfudw/cosa_farete_appena_torneremo_liberi_di_muoverci/fmoqa77/
fwfudw,,fmoon3d,"Abito in provincia di La Spezia e nelle vicinanze non c'è niente che supera i 2000 mt, sulle Apuane, sicuramente non ci sarà assembramento, perché oltre 1000mt sono tutti sentieri per esperti, ma sono impraticabili in mtb, quello che mi preoccupa invece sono gli appennini toscoemiliani e liguri, zone dove pascolo ogni estate in bici, fino allo scorso anno zone abbastanza non frequentate, ma ho paura che quest'anno sarà diverso.",ginogino65,2020-04-07T13:10:15,3,Italia,https://reddit.com/r/Italia/comments/fwfudw/cosa_farete_appena_torneremo_liberi_di_muoverci/fmoon3d/
ft2kpe,,fm5zbko,"> Forse il “come prima” è proprio finito

Se il dopo è come è stato previsto nello studio dell'Imperial College allora ho solo da prendermi una pistola e spararmi in testa.

Comunque i test si stanno aumentando e velocizzando, su questo sono speranzoso. Per me per l'estate ne usciamo tranquillamente, soprattutto se viene confermata l'incidenza del caldo sulla diffusione del virus.",Idrossidodidrossido,2020-04-01T23:17:14,2,Italia,https://reddit.com/r/Italia/comments/ft2kpe/come_la_vedete_lestate_e_come_cambieranno_le/fm5zbko/
ft2kpe,,fm5z2py,"Se non testiamo a bomba la gente per capire chi abbia senso isolare e chi no, l’estate la vedremo a intervalli dalla finestra di casa. Se il piano rimane quello attuale senza variazioni, temo una certa ciclicità sino all’arrivo di un vaccino (con la speranza di avere ondate più gestibili di contagi perché nel frattempo saremo magari meglio equipaggiati e non più ingenui come al primo giro, ergo più ricettivi a misure d’emergenza).
Prima di immettere nel circuito sociale chi è anziano o con patologie gravi con relativa tranquillità, la vedo lunga. Anche per chi è relativamente a basso rischio, poi, immagino un lentissimo tornare a fare una vita normale “come prima”. Forse il “come prima” è proprio finito, abbiamo perso una certa beata innocenza che magari neanche sapevamo di avere.
Poi oh, sarò diventata pessimista ultimamente (e dire che non ho neanche citato la sciagura economica e le sue conseguenze).",shulypoo,2020-04-01T23:14:49,1,Italia,https://reddit.com/r/Italia/comments/ft2kpe/come_la_vedete_lestate_e_come_cambieranno_le/fm5z2py/
ft2kpe,,fm52d7f,"Sì riaprirà ma scoppieranno altri focolai e verranno messe in quarantena le varie zone colpite man mano che si scoprono. Il problema saranno anche i contatti con gli altri stati che sono due settimane indietro a noi coi contagi. La sanità dice di aspettare zero contagi ma è impensabile a livello economico, apriremo tutto molto prima di sicuro.
Probabilmente Avremo mascherine per tutta l'estate. 


Per hotel e turismo non so proprio come finirà, forse il governo rischierà e aprirà tutto comunque, perché tenere chiuso questo settore tutta estate sarebbe devastante economicamente.

Non so proprio come ne usciremo",[deleted],2020-04-01T18:17:34,3,Italia,https://reddit.com/r/Italia/comments/ft2kpe/come_la_vedete_lestate_e_come_cambieranno_le/fm52d7f/
fr524z,,flxgtt9,"su per giù quello di cui parla Renzi da 24 ore lo dico da settimane: non possiamo vivere o quasi-sopravvivere nelle macerie con la gente che muore di fame per salvaguardare la vita di pochi anziani e destinati comunque a campare poco. È brutto da dire? Ok ci sta. È vero? Cavolo se è vero, la gente sta cominciando ad assaltare i supermercati perché ha fame, io pensavo che si potesse arrivare quasi all'estate ed invece comincia a scricchiolare tutto molto, molto prima!

Come al solito Renzi non si limita ad un'analisi ma cerca di portare l'acqua al suo mulino, non lo sopporto ma la pars destruens è corretta, meglio altri 10.000 o 100.000 morti di virus che la rivoluzione dei milioni di morti di fame.  


Di questo si tratta, di ondate di persone che hanno fame e chi ha fame fa la rivoluzione.",katoitalia,2020-03-30T15:37:00,1,Italia,https://reddit.com/r/Italia/comments/fr524z/renzi_tra_qualche_giorno_mi_daranno_tutti_ragione/flxgtt9/
fq0awl,,flnworb,"Spero che arrivata l'estate il virus rallenti e con l'autunno sia più gestibile, perché se dobbiamo continuare a fasi alterne fino al vaccino a chiudere tutto tempo 6 mesi e diventiamo la Siria.",Idrossidodidrossido,2020-03-27T16:41:44,5,Italia,https://reddit.com/r/Italia/comments/fq0awl/siamo_senza_soldi_il_video_di_bari_e_lassalto_al/flnworb/
fmgykl,,fl4fmpb,"Un monumento per l'umanità quest'uomo. Che ho avuto modo di conoscere nell'estate del 2018. 

Lo conoscevo già da un bel po', grazie alle Iene.",[deleted],2020-03-21T17:41:51,6,Italia,https://reddit.com/r/Italia/comments/fmgykl/italian_hermit_living_alone_on_an_island_says/fl4fmpb/
fldp02,,fkypgk3,"fammi indovinare: quando andavi a scuola avevi 4 in biologia. Non esiste che venga trovato, sperimentato, prodotto in massa un vaccino prima di 1 anno o un anno e mezzo, questo senza contare che poi bisognerebbe vaccinare coattamente 60 milioni di persone, forse siamo intorno ai 2 anni sempre che non ci siano intoppi in uno qualsiasi degli step. quest'estate tutti romperanno la quarantena e non è un invito a farlo, è un dato di fatto.",katoitalia,2020-03-19T21:30:29,1,Italia,https://reddit.com/r/Italia/comments/fldp02/attenzione_questo_post_contiene_unopinione_molto/fkypgk3/
fldp02,,fkyo2g3,"ok boomer, quando vuoi ragionare sensatamente, che tu sia a favore o contro ne riparliamo. vediamo come resisti a 40 gradi in casa st'estate.",katoitalia,2020-03-19T21:16:51,1,Italia,https://reddit.com/r/Italia/comments/fldp02/attenzione_questo_post_contiene_unopinione_molto/fkyo2g3/
fkt6y3,,fkvvhjd,"Dai, pensa che in estate se va tutto bene e se tutti rispettano le regole ce ne andiamo in spiaggia, recuperiamo le uscite perse in questi mesi e potremo rivedere gli affetti più cari. Le epidemie finiscono sempre prima o poi. Tieni duro!",Idrossidodidrossido,2020-03-19T00:26:31,1,Italia,https://reddit.com/r/Italia/comments/fkt6y3/è_difficile_non_avere_paura/fkvvhjd/
fhec7j,,fkdzz65,"intendi lavorare in fabbrica 40 ore per pagare un mutuo di 30 anni, per portare a casa due pezzi di pane e una vacanza a rimini d'estate? /s",sreasnaP,2020-03-13T12:08:37,1,Italia,https://reddit.com/r/Italia/comments/fhec7j/secondo_voi_quanto_tempo_ci_vorrà_prima_di_poter/fkdzz65/
fhec7j,,fkba5hq,"E perfetto, se ne va anche l'estate. Appena mi capita in mano un membro del governo cinese...",Idrossidodidrossido,2020-03-12T16:05:42,-1,Italia,https://reddit.com/r/Italia/comments/fhec7j/secondo_voi_quanto_tempo_ci_vorrà_prima_di_poter/fkba5hq/
fetzqs,,fjrh70d,"Fine maggio è estate a Siviglia, quindi potrebbe andare meglio ma una assicurazione di viaggio la farei",[deleted],2020-03-07T12:49:00,1,Italia,https://reddit.com/r/Italia/comments/fetzqs/prenotare_minivacanza_nel_bel_mezzo_del_covid19/fjrh70d/
fcbf9e,,fjg6ljm,"Direi che sia già sulla buona strada, purtroppo. Incrociamo le dita che ben prima dell'estate finisca, perchè il settore non può sperare in un miracolo ""last minute"", i pacchetti vacanza si vendono mesi prima, ossia già ora/nella prossime settimane :-/",Lucaspo67,2020-03-04T09:25:37,1,Italia,https://reddit.com/r/Italia/comments/fcbf9e/turismo_bye_bye_sempre_più_paesi_chiudono_le/fjg6ljm/
fcbf9e,,fjedno5,Se arriva a questa estate questo corona virus ci lascia in mutande,naxil1981,2020-03-03T21:12:30,1,Italia,https://reddit.com/r/Italia/comments/fcbf9e/turismo_bye_bye_sempre_più_paesi_chiudono_le/fjedno5/
f8zvhg,,fipxrx1,"Ciao, personalmente ti posso consigliare l'orto botanico, io ci sono stato ad inizio estate, ma credo che sia bello anche ora.",lostinanotherplanet,2020-02-25T10:35:40,2,Italia,https://reddit.com/r/Italia/comments/f8zvhg/weekend_a_cagliari/fipxrx1/
ez6o7k,,fglqjlz,"“Il meme ok boomer è diventato virale tra gli inaffidabili eccetera” (da cellulare non riesco copia incollare, sorry)

Cazzata :), mio padre é un imprenditore per esempio, abbastanza sveglio da ridere delle differenza generazionali quando gli dico che si fa le foto da boomer, abbastanza consapevole da sapere che gli inaffidabili sono sempre esistiti, ma posti in contesti e tempi storici diversi, la risonanza dell’effetto é, appunto, diversa
Ci ho anche lavorato d’estate con degli inaffidabili fianco a fianco, con almeno il doppio dei miei anni, con la mentalità del “faccio 2 ma voglio 5...e se non mi beccano dico che faccio 6 e che voglio 5! Ma se mi beccano insulto il capo dicendo che é stronzo. Fallo anche te, giovine!!” e l’altra mentalità patetica è “quel boss da cui lavoravo è uno stronzo, ho due figli piccoli e anche se facevo il mio lavoro dimmerda non mi ha rinnovato il contratto”

No, non penso di aver diritto a molte cose in quanto giovane


Mi chiedo perché te debba insinuare certe cose sia su di me che sugli altri nella mia fascia d’età, va beh",metronomo167,2020-02-05T13:10:43,2,Italia,https://reddit.com/r/Italia/comments/ez6o7k/non_trovo_personale_chiudo_il_bar_la_replica/fglqjlz/
epirkm,,fekul9b,"Purtroppo sono stato abbastanza fortunato da nascere in un isola in cui si raggiungono i 40° d'estate e soffrire molto il caldo, d'estate è molto raro che esca di casa a qualsiasi ora in cui ci sia il sole, altrimenti mi verrebbe mal di testa o peggio potrei svenire. Ormai sono anni che non vado in spiaggia d'estate, ma prima le mie top 3 erano: Vaccileddi, Lu Impostu e Cala Sassari, ormai le visito solo ogni tanto in inverno quando ci sto bene per respirare un po' di aria salmastra... Mi piacerebbe molto ogni tanto potermi fare una vacanza in montagna ma purtroppo per uscire dalla Sardegna bisogna pagare un bel po', soprattutto se non tutte le aziende di trasporti garantiscono la continuità territoriale.",Saise_reddit,2020-01-16T20:51:54,1,Italia,https://reddit.com/r/Italia/comments/epirkm/puntaldia_sardegna_italia/fekul9b/
