post_id,title,selftext,author,timestamp,score,num_comments,url,keyword,mese
1pxwodz,"Amazon, stop al progetto di consegna con i droni in Italia - Notizie - Ansa.it","Amazon ha deciso di sospendere il progetto di consegne tramite droni in Italia, nonostante le sperimentazioni avviate negli anni scorsi.

Secondo quanto riportato, alla base della scelta ci sarebbero ostacoli normativi e regolatori, in particolare legati alle autorizzazioni e alla gestione dello spazio aereo.

In altri Paesi il progetto Prime Air continua invece a svilupparsi.

👉 Che ne pensate?

È l’ennesimo caso di burocrazia che rallenta l’innovazione oppure una decisione comprensibile per motivi di sicurezza e regolamentazione?",Mysterious_Matte,2025-12-28T17:16:35,7,12,https://reddit.com/r/Italia/comments/1pxwodz/amazon_stop_al_progetto_di_consegna_con_i_droni/,notizie,2025-12
1pxsmol,"Dall'1 gennaio la Bulgaria nell'euro, tra incertezze e speranze. Metà dei cittadini contrari all'ingresso nell'Euro - Notizie",,Public-Paramedic8061,2025-12-28T14:29:09,75,71,https://reddit.com/r/Italia/comments/1pxsmol/dall1_gennaio_la_bulgaria_nelleuro_tra_incertezze/,notizie,2025-12
1pwtbgw,"Finanziamenti ad Hamas per 7 milioni di euro attraverso associazioni, 9 arresti - Notizie",,totally-not-ego,2025-12-27T08:58:32,1,1,https://reddit.com/r/Italia/comments/1pwtbgw/finanziamenti_ad_hamas_per_7_milioni_di_euro/,notizie,2025-12
1pto2h7,"Salta la stretta sui lavoratori, la manovra verso il sì fra le polemiche&nbsp; - Notizie",,ilbelpaese_it_1964,2025-12-23T07:39:33,1,4,https://reddit.com/r/Italia/comments/1pto2h7/salta_la_stretta_sui_lavoratori_la_manovra_verso/,notizie,2025-12
1pqrs65,Del Vecchio jr compra il 30% de Il Giornale e tratta per la maggioranza di QN - Notizie,,Public-Paramedic8061,2025-12-19T18:00:05,3,1,https://reddit.com/r/Italia/comments/1pqrs65/del_vecchio_jr_compra_il_30_de_il_giornale_e/,notizie,2025-12
1plic73,ELIA GAUDIOSO – NOTIZIE SATIRICHE | Programma “Tocca a Tia” – Video Mediterraneo,,Weird_Subject_2998,2025-12-13T10:27:51,0,1,https://reddit.com/r/Italia/comments/1plic73/elia_gaudioso_notizie_satiriche_programma_tocca_a/,notizie,2025-12
1pjjn8z,"Medicina, verso tutti in graduatoria ma con il recupero dei crediti - Notizie",,Public-Paramedic8061,2025-12-11T00:37:31,6,1,https://reddit.com/r/Italia/comments/1pjjn8z/medicina_verso_tutti_in_graduatoria_ma_con_il/,notizie,2025-12
1piwsu5,Dialisi e affari 'dal primario la richiesta di soldi era pressante' - Notizie,,ilbelpaese_it_1964,2025-12-10T07:46:18,1,1,https://reddit.com/r/Italia/comments/1piwsu5/dialisi_e_affari_dal_primario_la_richiesta_di/,notizie,2025-12
1p8p9mf,"'Il Dna di Sempio sulle unghie di Chiara', svolta per Garlasco - Notizie","La cosa che mi fa paura è il fatto che i genitori di Chiara siano ancora li a difendere Sempio. Per tacere della loro reazione alla condanna di Stasi, reazione assolutamente fuori luogo imho.

In ogni caso la questione è ben più grossa rispetto all'omicidio della ragazza, che per quanto brutto temo sia solo la punta dell'iceberg.",AostaValley,2025-11-28T07:57:02,124,176,https://reddit.com/r/Italia/comments/1p8p9mf/il_dna_di_sempio_sulle_unghie_di_chiara_svolta/,notizie,2025-11
1p417zm,A quale mezzo affidare le notizie?,"Stavo guardando un TED Talk di aprile 2025 dedicato al riconoscere immagini generate da IA. Per gli interessati, [questo è il video](https://www.ted.com/talks/hany_farid_how_to_spot_fake_ai_photos?utm_campaign=tedspread&utm_medium=referral&utm_source=tedcomshare).

L'oratore, *Hany Farid*, un esperto forense di immagini manipolate digitalmente, descrive rapidamente come riconoscere un'immagine generata da una qualunque IA.

Dopo una sommaria sezione tecnica, d'altronde non è una conferenza dedicata solo a esperti, lascia il pubblico con alcuni spunti di riflessione. Il terzo è quello che ha scaturito la mia curiosità.

Riporto il pezzo dalla trascrizione ufficiale italiana:

>Vi prego di comprendere che i social media non sono un luogo da cui ricavare notizie e informazioni.  
  
Sono un luogo creato dalla Silicon Valley per rubarvi il tempo e l’attenzione, offrendovi l’equivalente del cibo spazzatura. E come ogni cattiva abitudine, dovreste smettere.  
  
E se non riuscite a smettere, almeno fate che non sia la vostra fonte di informazioni primaria perché è troppo infestata da bugie e cospirazioni e ora da schifezze dell’IA, per poter essere anche solo lontanamente affidabile.

Devo essere sincero, non so come prendere questa opinione, che, a mio parere, potrebbe risultare molto forte al giudizio comune.

Da un lato, è vero, i social, soprattutto per chi non è ""abituato"", sono luoghi molto pericolosi che possono portare a situazioni parecchio spiacevoli.

D'altro canto, sono mezzi rapidi, democratici (almeno sulla carta) e alla portata di tutti.   
Io in primis mi informo sui social per poi approfondire in maniera diversa.

Questo ragionamento porta alla domanda del titolo: *A quale mezzo affidare le notizie?*

Guardandomi attorno, i social continuano ad essere la soluzione più immediata, soprattutto davanti ai classici dell'informazione, come giornali, radiogiornali e telegiornali (che adesso si stanno convertendo al social).

Probabilmente la verità sta nel mezzo. Lo sappiamo, i social sono un'arma a doppio taglio, però più avanzano più peggiora la qualità delle informazioni.

Forse il poter vedere tutto non ci fa osservare niente.",gabryelos24,2025-11-22T18:59:47,1,6,https://reddit.com/r/Italia/comments/1p417zm/a_quale_mezzo_affidare_le_notizie/,notizie,2025-11
1oxlmvh,"Traffico illecito di veicoli, controlli rafforzati a frontiere - Notizie",,ilbelpaese_it_1964,2025-11-15T07:32:52,7,1,https://reddit.com/r/Italia/comments/1oxlmvh/traffico_illecito_di_veicoli_controlli_rafforzati/,notizie,2025-11
1osphwc,"Il Dl sicurezza mette in cella una ladra incinta, la Lega esulta - Notizie - Ansa.it",Come sarebbe che esulta solo la Lega?,Optimal-Grade-1909,2025-11-09T17:40:24,153,100,https://reddit.com/r/Italia/comments/1osphwc/il_dl_sicurezza_mette_in_cella_una_ladra_incinta/,notizie,2025-11
1oqe4py,Vincenzo Lanni: 'Volevo accoltellare un dipendente Unicredit' - Notizie,,Public-Paramedic8061,2025-11-06T23:12:21,4,2,https://reddit.com/r/Italia/comments/1oqe4py/vincenzo_lanni_volevo_accoltellare_un_dipendente/,notizie,2025-11
1oj7eae,"Le retribuzioni reali inferiori dell'8,8% rispetto a gennaio 2021 - Notizie","Sempre la solita notizia, ormai non si è più stupiti , del resto meglio protestare per la Palestina (sacrosanto eh, intendiamoci) piuttosto che per spingere il governo a migliorare certe cose.

  
Quasi il 9% in 5 ANNI. Ma io boh.",AostaValley,2025-10-29T15:21:41,7,2,https://reddit.com/r/Italia/comments/1oj7eae/le_retribuzioni_reali_inferiori_dell88_rispetto_a/,notizie,2025-10
1oaokd1,Il governo Meloni è da oggi il terzo più longevo dal 1946 - Notizie - Ansa.it,"governo Meloni è da oggi il terzo più longevo della storia della Repubblica.

Con 1.093 giorni di durata dal giuramento, il 22 ottobre del 2022, eguaglia la durata del governo Craxi (4 agosto 1983-primo agosto 1986).

Ai primi due posti ci sono due dei quattro governi Berlusconi: il Berlusconi II ha il record di durata con 1.412 giorni in carica (11 giugno 2001-23 aprile 2005) seguito dal Berlusconi IV e ultimo con 1.287 giorni (8 maggio 2008-16 novembre 2011).

    Sul podio della longevità nei quasi 80 anni dalla Repubblica ci sono quindi tutti governi di centrodestra, mentre l'esecutivo presieduto da un esponente del centrosinistra con la vita più lunga è al quinto posto il governo Renzi (22 febbraio 2014-12 dicembre 2016) con 1.024 giorni. Meloni è inoltre nona nella classifica dei presidenti del Consiglio per durata dell'incarico tra vari governi guidata da Berlusconi con 3.339 giorni, seguito da Andreotti (2.219), De Gasperi (2.458), Moro (2.279), Fanfani (1.659), Prodi (1.608), Craxi (1.353) e Rumor (1.104).",Curious_Knowledge692,2025-10-19T12:37:33,269,182,https://reddit.com/r/Italia/comments/1oaokd1/il_governo_meloni_è_da_oggi_il_terzo_più_longevo/,notizie,2025-10
1o9znmz,"Schlein al Pse: 'Libertà a rischio quando la destra governa'. Meloni: 'E' al puro delirio, vergogna' - Notizie - Ansa.it","La Schlein al congresso del PSE ad Amsterdam ha lasciato intendere come la tenuta democratica dell' Italia sia a rischio a causa del nostro governo di ""estrema destra""

secondo voi ha ragione? 


Fino ad ora il PD arrivava alle elezioni e se la giocava dicendo grossomodo ""votateci, noi gli eredi della resistenza, perché se votate quelli torna il fascismo/vi levano i diritti etc. etc""

cosa succede se la Meloni arriva a fine mandato e questa stretta autoritaria non si verifica? Il PD cambierà strategia? Come?",Curious_Knowledge692,2025-10-18T16:03:08,54,137,https://reddit.com/r/Italia/comments/1o9znmz/schlein_al_pse_libertà_a_rischio_quando_la_destra/,notizie,2025-10
1o8d128,Il Parlamento greco approva la legge sulla giornata lavorativa di 13 ore - Notizie - Ansa.it,"La votazione è avvenuta al termine di due giornate di dibattito serrato in parlamento e di scontro tra il partito al governo e le opposizioni, che hanno accusato Nea Dimokratia di volere smantellare i diritti dei lavoratori.    

La nuova legge stabilisce che i dipendenti potranno essere impiegati dallo stesso datore di lavoro per 13 ore al giorno (eccedendo quindi il consueto orario di 8 ore) per non più di 37 giorni all'anno, in base ad un accordo volontario, con un aumento della retribuzione del 40%.",Educational-Fee-7082,2025-10-16T17:48:02,6,9,https://reddit.com/r/Italia/comments/1o8d128/il_parlamento_greco_approva_la_legge_sulla/,notizie,2025-10
1o681ix,"Esplosione durante uno sgombero: muoiono 3 carabinieri, 13 i feriti. Fermati due 60enni - Notizie",,Worldly_Chemical344,2025-10-14T06:27:31,44,18,https://reddit.com/r/Italia/comments/1o681ix/esplosione_durante_uno_sgombero_muoiono_3/,notizie,2025-10
1o3d9pk,"Salvini, 'la pace a Gaza si deve anche a Netanyahu' - Notizie - Ansa.it","Ha anche aggiunto: ""Grazie a lui **i bambini Palestinesi** potranno tornare a giocare e studiare insieme""",Super_Culture_1986,2025-10-10T21:15:27,20,25,https://reddit.com/r/Italia/comments/1o3d9pk/salvini_la_pace_a_gaza_si_deve_anche_a_netanyahu/,notizie,2025-10
1o1o7av,Si getta dal sesto piano durante lo sfratto e muore - Notizie,,Public-Paramedic8061,2025-10-08T21:40:03,35,8,https://reddit.com/r/Italia/comments/1o1o7av/si_getta_dal_sesto_piano_durante_lo_sfratto_e/,notizie,2025-10
1o0phux,"Qualcomm compra l'italiana Arduino, che resta indipendente - Notizie",,GraciousFighter,2025-10-07T20:00:24,8,6,https://reddit.com/r/Italia/comments/1o0phux/qualcomm_compra_litaliana_arduino_che_resta/,notizie,2025-10
1nzmduo,Raid in un bar a Roma contro manifestanti pro Pal dopo corteo - Notizie,,_SilentGuy_,2025-10-06T15:34:39,27,15,https://reddit.com/r/Italia/comments/1nzmduo/raid_in_un_bar_a_roma_contro_manifestanti_pro_pal/,notizie,2025-10
1nyh12b,"Flotilla, le notizie in diretta sulla guerra a Gaza dopo la liberazione degli attivisti, Hamas: “Pronti al rilascio degli ostaggi”. Trump: “Si sbrighi”.",,Galbur_Iacob,2025-10-05T06:39:34,1,0,https://reddit.com/r/Italia/comments/1nyh12b/flotilla_le_notizie_in_diretta_sulla_guerra_a/,notizie,2025-10
1nwja9n,"Rutte, 'tutti in pericolo, Mosca può colpire anche Roma' - Notizie",,zagnobestia,2025-10-02T23:18:41,2,20,https://reddit.com/r/Italia/comments/1nwja9n/rutte_tutti_in_pericolo_mosca_può_colpire_anche/,notizie,2025-10
1nq74rr,"Da quando c'è il divieto di smartphone a scuola gli studenti parlano, evviva! ""Ma prooof, che ore sono, me lo può dire lei? - Orizzonte Scuola Notizie",,fortunato_vadala,2025-09-25T13:42:49,32,83,https://reddit.com/r/Italia/comments/1nq74rr/da_quando_cè_il_divieto_di_smartphone_a_scuola/,notizie,2025-09
1nppdlf,Dove prendete le notizie?,"Dove prendete notizie con tutti i dati oggettivi? Ho difficoltà a trovare canali online dove sono presenti tutte le informazioni necessarie per capire il quadro generale su avvenimenti di attualità. Mi è molto difficile capire quando i dati sono strumentalizzati per politica e certe volte mi rendo conto che i divulgatori che guardo secondo me non sono sufficienti. 

Giornali non ne leggo, non so da chi sono scritti, non so perché ho sempre avuto difficoltà a leggerli ma accetto suggerimenti. 

Guardo profili sui social che denunciano situazioni in cui le notizie vengono strumentalizzate. Non riesco a farmi un'opinione solida senza cadere in fallace logiche o diffuse da gente seria e affidabile. Sui social è una continua contraddizione",Great-Dimension-1081,2025-09-24T21:59:40,4,19,https://reddit.com/r/Italia/comments/1nppdlf/dove_prendete_le_notizie/,notizie,2025-09
1npjt1u,Dal 12 novembre la carta d'imbarco Ryanair sarà solo digitale - Notizie,,Public-Paramedic8061,2025-09-24T18:22:15,14,4,https://reddit.com/r/Italia/comments/1npjt1u/dal_12_novembre_la_carta_dimbarco_ryanair_sarà/,notizie,2025-09
1nlrl3n,"Cellulari vietati e abbigliamento sobrio, scattano le prime sanzioni per gli studenti. Qualche genitore sbotta: ""Ma lo smanicato lo indossa pure in chiesa..."" - Orizzonte Scuola Notizie",,fortunato_vadala,2025-09-20T07:13:17,98,56,https://reddit.com/r/Italia/comments/1nlrl3n/cellulari_vietati_e_abbigliamento_sobrio_scattano/,notizie,2025-09
1nlkawd,"Emergenza sicurezza nelle scuole: 71 crolli, in 12 mesi, metà degli edifici ha 60 anni, amianto in 2.292 istituti e solo il 7% ha condizionamento. L'inchiesta di Cittadinanzattiva - Orizzonte Scuola Notizie",,fortunato_vadala,2025-09-20T00:37:59,28,5,https://reddit.com/r/Italia/comments/1nlkawd/emergenza_sicurezza_nelle_scuole_71_crolli_in_12/,notizie,2025-09
1nl6rj1,"Tre jet russi violano lo spazio aereo estone, respinti da F-35 italiani - Notizie - Ansa.it","Proseguono le prove per testare i tempi di reazione..

spero solo che questa azione eroica della nostra aviazione non porti consensi alla Meloni da parte dell'elettorato europeista, manteniamo la calma e non reagiamo di pancia a queste notizie, ricordiamoci che questo governo è semi fascista ed un disastro... immaginate andare in guerra governati da questi qui, molto meglio la sinistra, tenetene conto alle prossime elezioni 

oggi l'Italia ha vinto, abbiamo fatto un figurone e tutto l'occidente si è tolto il cappello, ma il merito vada alle nostre truppe, non alla carciofara di borgata",OkMasterpiece3130,2025-09-19T15:32:15,0,56,https://reddit.com/r/Italia/comments/1nl6rj1/tre_jet_russi_violano_lo_spazio_aereo_estone/,notizie,2025-09
1nk7l5w,"007 Varsavia conferma,danni da nostro missile non da droni russi - Notizie",,Public-Paramedic8061,2025-09-18T12:58:25,1,1,https://reddit.com/r/Italia/comments/1nk7l5w/007_varsavia_confermadanni_da_nostro_missile_non/,notizie,2025-09
1nfw1cr,Promessa del pattinaggio muore travolta da camion a Salisburgo. Una giovane uccisa da un'auto a Trieste - Notizie - Ansa.it,,Informal_Fall_1211,2025-09-13T12:18:11,1,1,https://reddit.com/r/Italia/comments/1nfw1cr/promessa_del_pattinaggio_muore_travolta_da_camion/,notizie,2025-09
1nfvnsf,Applicazione per notizie.,,skull_lawyer,2025-09-13T11:58:33,1,1,https://reddit.com/r/Italia/comments/1nfvnsf/applicazione_per_notizie/,notizie,2025-09
1nft599,App per notizie,"Buongiorno a tutti, avrei bisogno di un consiglio riguardate le app per ricevere notizie, ho provato rainews ma non la gradisco molto, tgcom24 mi son trovato bene ma invia quasi solo notifiche di politica, Google news è un po dispersiva per i miei gusti.
Mi piacerebbe ricevere qualche consiglio e le vostre esperienze sulle applicazioni per notizie.
Vi ringrazio anticipatamente.",skull_lawyer,2025-09-13T09:27:36,1,1,https://reddit.com/r/Italia/comments/1nft599/app_per_notizie/,notizie,2025-09
1nf1jla,Nel secondo trimestre dell'anno sale il numero degli occupati. Meloni: 'La strada è giusta' - Notizie,,[deleted],2025-09-12T12:12:50,1,0,https://reddit.com/r/Italia/comments/1nf1jla/nel_secondo_trimestre_dellanno_sale_il_numero/,notizie,2025-09
1na87m0,Perché sempre più persone smettono di seguire le notizie,,Massive_Recover9,2025-09-06T19:19:08,38,42,https://reddit.com/r/Italia/comments/1na87m0/perché_sempre_più_persone_smettono_di_seguire_le/,notizie,2025-09
1na4a1v,"Doppio corteo per il Leoncavallo. Uova e petardi contro le forze dell'ordine, manifestanti in piazza Duomo - Notizie - Ansa.it","I manifestanti si sono mossi al grido ""dentro la città dei padroni, dieci cento mille occupazioni"". Al corteo partecipano in strada almeno 5mila persone. Da piazza Duca D'Aosta il corteo ha imboccato via Galvani diretto in via Melchiorre Gioia e poi verso Porta Venezia dove si unirà al secondo corteo che parte nel pomeriggio. 

[...]

Proprio all'altezza di via Melchiorre Gioia i partecipanti sono entrati nel cantiere del 'Pirellino', tra le opere al centro delle inchieste sull'urbanistica, lanciando slogan contro il Comune di Milano e Manfredi Catella, manager indagato dalla Procura di Milano per presunti abusi edilizi. L'irruzione, pacifica e simbolica, è avvenuta sotto gli occhi della forze dell'ordine, che sono in testa e in coda al corteo. I manifestanti sono saliti in cima al cantiere, sopra la grande pubblicità che campeggia sull'incrocio con Melchiorre Gioia, utilizzando le stesse scale di cantiere che si trovano a lato. Gli attivisti hanno acceso fumogeni e lanciato petardi, mentre i manifestanti in strada, tra canti e balli hanno invocato agli altoparlanti dei furgoni ""spazi pubblici non speculazione edilizia"". 

Verso la sommità della struttura verticale, a cavallo del ventesimo piano, i manifestanti hanno appeso due striscioni verticali con la scritta 'occupare è giusto'.",GeneralSwimming7912,2025-09-06T16:43:26,11,11,https://reddit.com/r/Italia/comments/1na4a1v/doppio_corteo_per_il_leoncavallo_uova_e_petardi/,notizie,2025-09
1n8j55g,Le notizie belle,,OkExchange2617,2025-09-04T19:07:22,787,99,https://reddit.com/r/Italia/comments/1n8j55g/le_notizie_belle/,notizie,2025-09
1n6nke1,"2 SETTEMBRE 1980 🇮🇹 🇱🇧

Scompaiono a Beirut, in un Libano dilaniato dalla guerra civile, i due giornalisti italiani Italo Toni e Graziella De Palo. 

Di entrambi da allora non si sono più avute notizie certe.",,Asiablog,2025-09-02T16:04:59,16,0,https://reddit.com/r/Italia/comments/1n6nke1/2_settembre_1980_scompaiono_a_beirut_in_un_libano/,notizie,2025-09
1n35syy,A proposito delle ultime notizie sui gruppi/siti di maniaci sessualmente repressi...,"Da quando sono tornato in Italia, nel 2020, mi sembra di vivere in uno zoo. 

Ma è possibile che questa nazione viva di sto schifo tutti i giorni? Giuro, da maschio, mi viene il vomito. 

Pensare che mia madre, moglie, figlia, sorella, cugina, etc. possano finire su gruppi Telegram, siti come ""Phica"", gruppi Facebook e quant'altro alla disposizione di questi dementi repressi e sfigati sociali segaioli (perché altro non sono, state tranquilli) mi fa preoccupare e non poco. 

Mia moglie è continuamente fischiata per strada, suonata dalle auto e scannerizzata dalla testa ai piedi da gente che magari ha moglie e figlia per mano. Poi mi guardano due secondi dopo e si accorgono di essere stati notati, al che si vergognano e distolgono lo sguardo. Quindi lo sanno di essere dei lercioni... ma poi indossando jeans e maglietta!!! Ou ma che ca**o, davvero??

Mia madre ha subito almeno 2 episodi gravi sui mezzi pubblici dove ha proprio dovuto dire a voce alta che qulcuno la sta toccandolo! E nessuno ha detto nulla!!

Abbiamo permesso a troppe persone di fare il cavolo che vogliono in questi anni. Non dico che non puoi essere interessato/a al sesso opposto ma l'educazione l'abbiamo proprio lasciata a marcire in un angolo. 

Che ora una donna debba avere paura di essere fotografata da un amico di famiglia, capo, marito o altro ed essere postata online senza consenso è grave eh. Rendetevi conto che oggi è uno sconosciuto, domani potrebb'essere vostra figlia!

Non voglio dare la colpa interamente ai maschi perché le donne non sono da meno. Vendere le vostre mutande schifose online fa veramente ribrezzo. Fatevelo dire. 
E a quelle che le difendono: fate ancora più schifo. 

Stiamo arrivando a dei livelli davvero assurdi. 

Io non ho parole.",Keroit,2025-08-29T12:15:40,5,179,https://reddit.com/r/Italia/comments/1n35syy/a_proposito_delle_ultime_notizie_sui_gruppisiti/,notizie,2025-08
1mzzcjl,"Migranti, fermo amministrativo per la nave di Mediterranea - Notizie - Ansa.it","Le autorità italiane hanno imposto il fermo amministrativo alla nave 'Mediterranea' della ong Mediterranea Saving Humans.

L'imbarcazione sabato scorso dopo aver soccorso 10 persone ha disatteso le disposizioni delle autorità italiane sul porto di sbarco, che doveva essere quello di Genova. Poiché si trovava nei pressi di Pantelleria, ha puntato invece su Trapani dove sono state fatte sbarcare le persone. Laura Marmorale, presidente di Mediterranea, afferma che si tratta di ""un provvedimento osceno. Si vendicano e ci colpiscono - aggiunge - perché abbiamo salvato da morte certa dieci ragazzi e li abbiamo sbarcati nel più vicino luogo sicuro affinché fossero curati. Il governo, dice ancora, blocca in porto una nave che sarebbe pronta a partire per continuare la sua attività di soccorso, attività necessaria visto il tragico bilancio dei naufragi delle scorse settimane a sud di Lampedusa"".

Lì dove un'altra nave, la 'Ocean Viking' della ong Sos Mediterranee con 87 migranti salvati a bordo è stata presa di mira per venti minuti dai colpi di fucile della guardia costiera libica. ""Sebbene nessuno sia rimasto ferito, tutti a bordo hanno temuto per la propria vita"" dice la ong spiegando che l'imbarcazione è stata bersaglio degli spari dopo aver fatto l'operazione di soccorso tra la notte di sabato e la mattina di domenica scorsi. La nave, inizialmente indirizzata verso Marina di Carrara e poi verso Siracusa, ha fatto rotta secondo le indicazioni delle autorità per il porto di Augusta. Ma ieri se l'era vista brutta.

La Ocean Viking, spiegano da Sos Mediterranee, ""era stata autorizzata dal centro di coordinamento italiano a interrompere la rotta verso il porto di sbarco assegnato e a cercare un'altra imbarcazione in difficoltà nelle acque internazionali. Mentre i nostri team erano impegnati nella ricerca del caso di soccorso - afferma Valeria Taurino, direttrice della Ong - la nave è stata avvicinata dalla motovedetta libica, che ha illegalmente chiesto di lasciare la zona e dirigersi verso nord. L'informazione ci è stata fornita prima in inglese e poi in arabo. Il nostro mediatore culturale, ha informato dal ponte che la Ocean Viking stava lasciando la zona. Tuttavia, senza alcun preavviso o ultimatum due uomini a bordo della motovedetta hanno aperto il fuoco sulla nostra nave, iniziando un assalto durato almeno 20 minuti ininterrotti, direttamente contro di noi"".

I proiettili hanno causato fori all'altezza della testa dell'imbarcazione, la distruzione di diverse antenne e quattro finestre sul ponte. Diversi proiettili hanno colpito e danneggiato i tre motoscafi di soccorso veloci insieme ad altre attrezzature di soccorso. ""Nel momento in cui i libici si sono avvicinati alla Ocean Viking - racconta Max Cavallari, fotografo freelance che si trovava a bordo - io stavo scattando alcune foto. Poi, zoomando, mi sono reso conto che loro ci stavano puntando i fucili addosso. Inizialmente non pensavo facessero sul serio. Poi invece sono iniziati gli spari. A quel punto - dice - ci siamo messi carponi e abbiamo iniziato a raggiungere un'area della nave più sicura"".

A sostegno delle ong che operano nel Mediterraneo si è schierata la sinistra: ""La Mediterranea ha ricevuto un fermo - ha detto la segretaria del Pd Elly Schlein - a causa delle norme del governo Meloni, che anziché dare la caccia ai trafficanti in tutto il globo terracqueo sembra più intento a liberarli e rendere la vita delle loro vittime un inferno"". E poi ""è gravissimo che la guardia costiera libica spari contro una nave che opera in soccorso sotto il coordinamento italiano. Chiediamo al Governo che cosa intenda fare"" ma ""sono gli stessi che hanno riaccompagnato a casa il criminale Almasri. Bisogna interrompere il Memorandum con la Libia"". A deplorare gli spari contro la nave anche Riccardo Magi di +Europa e Angelo Bonelli e Nicola Fratoianni di Avs.

Sul caso della nave Mediterranea immediata la presa di posizione di Fratelli d'Italia: ""Il fermo amministrativo è avvenuto in applicazione del decreto Piantedosi, varato dal Governo Meloni per contrastare l'immigrazione irregolare. Le leggi si rispettano"".",GeneralSwimming7912,2025-08-25T18:59:41,6,15,https://reddit.com/r/Italia/comments/1mzzcjl/migranti_fermo_amministrativo_per_la_nave_di/,notizie,2025-08
1ms49mv,Meloni vede spiragli ma avverte: 'Kiev tratti le condizioni' - Notizie - Ansa.it,"""Si apre finalmente una spiraglio per discutere di pace in Ucraina. L'Italia sta facendo la sua parte insieme ai suoi alleati occidentali"". Giorgia Meloni legge il bicchiere mezzo pieno dopo il vertice tra Donald Trump e Vladimir Putin e, sostenuta dal governo, fissa un paletto che per Bruxelles è intoccabile: ""l'accordo è ancora complicato ma finalmente possibile, soprattutto in seguito allo stallo che si è creato da molti mesi lungo la linea del fronte. Solo l'Ucraina potrà trattare sulle condizioni e sui propri territori""

La Schlein:
""sul vertice tra Trump e Putin i toni trionfalistici del governo sono fuori posto"", sottolinea la segretaria Elly Schlein.
""L'Ucraina non c'era. L'UE non c'era. Trump non ha ottenuto nulla da Putin, se non di riabilitarlo accogliendolo con tutti gli onori sul tappeto rosso. Non hanno raggiunto alcun accordo sul cessate il fuoco, anzi, è stato tolto dal tavolo. La verità, come diciamo da tempo, è che non si può negoziare una pace giusta - aggiunge - senza che a quel tavolo ci siano anche l'Ucraina e l'Unione europea, perché nessuno deve trattare sulle condizioni e i territori al posto del Paese che è stato ingiustamente invaso"".",NoVegetable1811,2025-08-16T18:57:12,28,97,https://reddit.com/r/Italia/comments/1ms49mv/meloni_vede_spiragli_ma_avverte_kiev_tratti_le/,notizie,2025-08
1moxrky,"Patti prematrimoniali, arriva l'apertura della Cassazione - Notizie",,Public-Paramedic8061,2025-08-13T07:19:46,16,7,https://reddit.com/r/Italia/comments/1moxrky/patti_prematrimoniali_arriva_lapertura_della/,notizie,2025-08
1mogmqh,Rintracciati i quattro bambini che hanno travolto e ucciso in auto la donna a Milano - Notizie - Ansa.it,"Quattro ragazzini comperano in un negozio, come i loro coetanei, delle magliette gialle dei Pokemon. Poco dopo salgono a bordo di un'auto rubata, sfrecciano per le vie di Milano e travolgono a forte velocità una donna di 71 anni che stava camminando in via Saponaro, alla periferia della città, uccidendo Cecilia De Astis. Poi scendono dall'auto e scappano senza soccorrerla, senza guardarsi indietro.

La ricostruzione di quanto avvenuto lunedì a Milano conferma quello che fin da subito aveva svelato le telecamere di videosorveglianza: ad uccidere Cecilia è stato un gruppo di ragazzini, più bambini che adolescenti. Alla guida dell'auto, rubata domenica ad un turista francese ventenne, c'era un 13enne: ha perso il controllo dell'auto e dopo aver travolto la 71enne è finito in un 'area verde. I suoi tre compagni di viaggio sono ancora più giovani: i due amichetti hanno 12 anni e l'unica ragazzina presente, solo undici. Dopo lo schianto sono fuggiti, in direzione diversa. Quando gli agenti della Polizia locale, comandati da Gianluca Mirabelli, li hanno rintracciati in un'area occupata da nomadi in via Selvanesco, si sono trovati davanti poco più che dei bambini.",NoVegetable1811,2025-08-12T18:24:17,97,60,https://reddit.com/r/Italia/comments/1mogmqh/rintracciati_i_quattro_bambini_che_hanno_travolto/,notizie,2025-08
1mfizjh,Trump e l’India sorprendono la Russia con brutte notizie sulla guerra in Ucraina,,Adept-Measurement892,2025-08-02T05:51:20,1,0,https://reddit.com/r/Italia/comments/1mfizjh/trump_e_lindia_sorprendono_la_russia_con_brutte/,notizie,2025-08
1md1txv,"Mosca stila una lista di 'russofobi', c'è anche Mattarella - Notizie - Ansa.it",,ExplanationKey164,2025-07-30T09:17:07,1,0,https://reddit.com/r/Italia/comments/1md1txv/mosca_stila_una_lista_di_russofobi_cè_anche/,notizie,2025-07
1m7gjcp,2 brutte notizie (+ 1 buona) per i possessori di SUV tedeschi.,,Opposite_Trip_3937,2025-07-23T18:07:46,1,1,https://reddit.com/r/Italia/comments/1m7gjcp/2_brutte_notizie_1_buona_per_i_possessori_di_suv/,notizie,2025-07
1m5ecnu,"Giornali che diano informazioni/notizie che non siano necrologi, politicamente schierati o insieme di ""non notizie"" ne abbiamo?","Ogni giorno leggo i giornali, ho smesso da tempo di seguire i telegiornali: sono solo un susseguirsi di notizie sensazionalistiche, omicidi, tragedie, drammi, che puntano a colpire l’emotività, ma non informano davvero. Sinceramente, questo tipo di far informazione, lo disprezzo profondamente.

Il mio giro quotidiano include **ANSA**, **Il Post**, **AGI** e **Limes**. Quest’ultimo, pur con una sua lettura dei fatti, è l’unico che trovo davvero informativo. Gli altri, invece, spesso aprono con “non notizie” che trovo inutili, stanno diventando sempre più come i telegiornali. Anche ANSA, che un tempo consideravo più sobria, sembra ormai seguire questa tendenza.

Conoscete dei giornali che scrivono di informazioni? Avete dei suggerimenti? Qual è il vostro giro dei giornali?",Le_mele,2025-07-21T09:29:31,8,31,https://reddit.com/r/Italia/comments/1m5ecnu/giornali_che_diano_informazioninotizie_che_non/,notizie,2025-07
1m4z8a1,"Italiano detenuto in Florida: 'Siamo in gabbia, fateci uscire da questo incubo' - Notizie - Ansa.it",,SirDoritos1,2025-07-20T20:30:00,2,2,https://reddit.com/r/Italia/comments/1m4z8a1/italiano_detenuto_in_florida_siamo_in_gabbia/,notizie,2025-07
1m00908,"Istat, il 27% degli under 16 a rischio povertà o esclusione sociale - Notizie",,Public-Paramedic8061,2025-07-14T22:11:47,6,1,https://reddit.com/r/Italia/comments/1m00908/istat_il_27_degli_under_16_a_rischio_povertà_o/,notizie,2025-07
1lvv20g,La Ferrero vicina ad acquistare il colosso Kellogg per tre miliardi di dollari - Notizie,,Public-Paramedic8061,2025-07-09T21:34:38,229,46,https://reddit.com/r/Italia/comments/1lvv20g/la_ferrero_vicina_ad_acquistare_il_colosso/,notizie,2025-07
1lf8fax,Notizie dalla Cassazione 😞,"Chiedo, sono l’unico a pensare che essere uomini e prendere compagna/moglie nel 2025 sia da totali incoscienti e sprovveduti? Ma come è possibile una roba del genere? Ognuno fa della propria vita ciò che vuole, questo è sacrosanto ma messa così la cosa mi fa veramente tanta paura.",suprauser,2025-06-19T11:28:35,2,3,https://reddit.com/r/Italia/comments/1lf8fax/notizie_dalla_cassazione/,notizie,2025-06
1ladam2,"Maria Rosaria Boccia indagata, accertamenti sulla sua laurea - Notizie",,Public-Paramedic8061,2025-06-13T11:15:53,37,11,https://reddit.com/r/Italia/comments/1ladam2/maria_rosaria_boccia_indagata_accertamenti_sulla/,notizie,2025-06
1lad2jo,"Chiedo genuinamente un consiglio alle ragazze: ma se oggi avete più diffidenza nel conoscere i ragazzi che vi scrivono sui social o vi vengono a parlare, in disco, nei bar ecc. perché leggete notizie su violenze e femminicidi, i ragazzi come li volete conoscere?","Io ormai ho finito l'università, lavoro in un ambiente prettamente maschile, in comitiva girano solo maschi e raramente, qualche ragazza che non trovo interessante per me. 
Nella situazione in cui mi trovo, sono costretto a scrivere alle ragazze sui social o a provarci nei locali, però avete sta diffidenza perché ci percepite come sconosciuti, vi fate suggestionare dalle notizie.
Ma un ragazzo come lo volete conoscere?",savagechri,2025-06-13T11:02:58,5,9,https://reddit.com/r/Italia/comments/1lad2jo/chiedo_genuinamente_un_consiglio_alle_ragazze_ma/,notizie,2025-06
1l4pg49,Un uomo si barrica in ufficio e minaccia le forze ordine - Notizie,,Public-Paramedic8061,2025-06-06T10:53:50,14,3,https://reddit.com/r/Italia/comments/1l4pg49/un_uomo_si_barrica_in_ufficio_e_minaccia_le_forze/,notizie,2025-06
1l43glg,"Prende a calci una bimba di 10 anni a Bologna, arrestato - Notizie - Ansa.it","La Polizia Ferroviaria di Bologna ha arrestato un 35enne originario del Bangladesh che, in due distinti episodi, si è reso protagonista di altrettante aggressioni all'interno della stazione di Bologna Centrale.

  Gli accertamenti della Polfer, anche analizzando i filmati della videosorveglianza interna, hanno permesso di ricostruire che l'uomo che aveva colpito la bambina si era già reso responsabile di un'altra aggressione, a fine maggio, ai danni di una guardia giurata in servizio in stazione, 'colpevole' di averlo invitato ad allontanarsi perché stava importunando alcuni viaggiatori. L'uomo aveva anche tentato di sfilare la pistola all'addetto alla vigilanza, senza riuscirci, ma la guardia aveva riportato contusioni ed escoriazioni. Per questo episodio, il 35enne era stato arrestato e, dopo il giudizio per direttissima, sottoposto alla misura cautelare dell'obbligo di presentazione alla Polizia Giudiziaria, tornando di fatto a piede libero.",Sensitive_Abroad_724,2025-06-05T16:21:56,97,114,https://reddit.com/r/Italia/comments/1l43glg/prende_a_calci_una_bimba_di_10_anni_a_bologna/,notizie,2025-06
1l371q5,"Zaia e Fedriga i governatori più graditi, bene anche Proietti - Notizie","siamo nel 2025 e i governatori di regione più popolari in Italia sono due leghisti, mi tremano le fottute dita dal nervoso a scrivere queste parole, il nord-est si rincoferma ancora una volta la parte peggiore d'italia.. poi, bisogna dire, AMMESSO CHE questi sondaggi siano veri eh?! perchè, sarà che non frequento osterie o fabbrichette, ma tutti i veneti che conosco odiano Zaia, quindi non mi sorprenderebbe che siano sondaggi fatti ad arte.. magari per perorare la causa para-fascista del terzo mandato ai presidenti di regione.. terzo mandato?! come no, per quanto mi riguarda Veneto, Friuli e Trentino A.A. sarebbero da commissariare (oltre che togliere l'infame autonomia)",Sensitive_Abroad_724,2025-06-04T14:31:19,0,14,https://reddit.com/r/Italia/comments/1l371q5/zaia_e_fedriga_i_governatori_più_graditi_bene/,notizie,2025-06
1kwlwc6,Quanto odio quei siti di notizie...,"...in cui ti chiedono di accettare 200 biscotti 🍪 🍪 per poter visualizzare l'articolo e non appena li accetti ti comunicano che comunque è a pagamento quindi sticazzi, non lo puoi leggere. 

Ma è legale sta cosa? Appena provato a leggere un articolo di quifinanza. Ho scandagliato le impostazioni e li ho eliminati, col cazzo che ve li lascio, STRONZI!",Heavy-Ad1398,2025-05-27T12:23:55,31,24,https://reddit.com/r/Italia/comments/1kwlwc6/quanto_odio_quei_siti_di_notizie/,notizie,2025-05
1kuc88y,Notizie da un macchinista,Se nei prossimi vedrete degli scioperi dei mezzi nonostante la firma del ccnl questi sono i motivi,notio234,2025-05-24T13:57:01,1,1,https://reddit.com/r/Italia/comments/1kuc88y/notizie_da_un_macchinista/,notizie,2025-05
1kq6axq,"Secondo voi con l'aumento dell'immigrazione clandestina sono effettivamente aumentati furti, rapine, aggressioni, e violenze su donne (soprattutto a opera di nordafricani)? Datemi del ""razzista"" ma secondo me sì, e non c'è bisogno di ""fonti"" e ""dati ufficiali"", basta leggere le notizie del giorno.",P.S. Non tirate in ballo gente come Turetta e Impagnatiello grazie,Ed_ivad,2025-05-19T08:07:57,0,26,https://reddit.com/r/Italia/comments/1kq6axq/secondo_voi_con_laumento_dellimmigrazione/,notizie,2025-05
1kna8hg,Un sms della cugina di Chiara Poggi: 'Mi sa che abbiamo incastrato Stasi' - Notizie,,Public-Paramedic8061,2025-05-15T14:54:26,48,9,https://reddit.com/r/Italia/comments/1kna8hg/un_sms_della_cugina_di_chiara_poggi_mi_sa_che/,notizie,2025-05
1kn9cp6,Su Reddit ma anche sui quotidiani spesso vedo notizie che si completano...Ce ne facciamo qualcosa? fare formazione? ignorare il problema? Lamentarci ?,,RebeLesPaul,2025-05-15T14:17:43,126,57,https://reddit.com/r/Italia/comments/1kn9cp6/su_reddit_ma_anche_sui_quotidiani_spesso_vedo/,notizie,2025-05
1kjv1dn,Le notizie sul papa e compagnia bella hanno rotto il cazzo,,Pale-Psychology-4989,2025-05-11T07:05:54,1,1,https://reddit.com/r/Italia/comments/1kjv1dn/le_notizie_sul_papa_e_compagnia_bella_hanno_rotto/,notizie,2025-05
1khu4t1,"Fumata bianca, eletto il Papa - Notizie",,Public-Paramedic8061,2025-05-08T16:17:20,1,0,https://reddit.com/r/Italia/comments/1khu4t1/fumata_bianca_eletto_il_papa_notizie/,notizie,2025-05
1khu16n,"+++ FLASH +++ Fumata bianca, eletto il Papa +++ FLASH +++ - Notizie - Ansa.it",,Super_Culture_1986,2025-05-08T16:13:21,1,0,https://reddit.com/r/Italia/comments/1khu16n/flash_fumata_bianca_eletto_il_papa_flash_notizie/,notizie,2025-05
1khu0wh,"+++ FLASH +++ Fumata bianca, eletto il Papa +++ FLASH +++ - Notizie - Ansa.it",,Super_Culture_1986,2025-05-08T16:13:05,1,0,https://reddit.com/r/Italia/comments/1khu0wh/flash_fumata_bianca_eletto_il_papa_flash_notizie/,notizie,2025-05
1khu0sz,"+++ FLASH +++ Fumata bianca, eletto il Papa +++ FLASH +++ - Notizie - Ansa.it",,Super_Culture_1986,2025-05-08T16:12:59,1,0,https://reddit.com/r/Italia/comments/1khu0sz/flash_fumata_bianca_eletto_il_papa_flash_notizie/,notizie,2025-05
1kem3wd,"Trump a Nbc: 'Odio tremendo tra Putin e Zelensky, forse la pace è impossibile' - Notizie",,Public-Paramedic8061,2025-05-04T15:12:22,1,1,https://reddit.com/r/Italia/comments/1kem3wd/trump_a_nbc_odio_tremendo_tra_putin_e_zelensky/,notizie,2025-05
1ke1jvk,"Tre arresti per molestie ad una ragazza durante il Concertone a Roma, chiesta l'espulsione per i fermati - Notizie - Ansa.it",,Sirrrrrrrrr_,2025-05-03T19:51:32,7,1,https://reddit.com/r/Italia/comments/1ke1jvk/tre_arresti_per_molestie_ad_una_ragazza_durante/,notizie,2025-05
1kd66x8,Buone notizie per la nostra economia,"Il report The Fiscal Monitor dell' FMI promuove la gestione  del debito post covid dell' Italia,in particolare si evidenzia come gli interventi da parte della politica per favorire  il settore delle costruzioni attraverso il Superbonus abbiano avuto un impatto positivo su crescita e diminuzione del debito.
I dati indicano la crescita maggiore di Pil pro capite dell' Europa occidentale pari al +7,1%, a fronte di una crescita del debito del 1,2%.
Dunque gli oneri di spesa del Superbonus si sono rivelati meno gravosi del previsto ed hanno permesso di diminuire il debito dal 154% al 134% nell' arco di 5 anni.
Buone notizie anche per ciò che riguarda le prospettive di crescita nei prossimi anni: +0,5% nel 2025 e +0,9% nel 2026.",Swimming_Newspaper39,2025-05-02T17:07:03,0,5,https://reddit.com/r/Italia/comments/1kd66x8/buone_notizie_per_la_nostra_economia/,notizie,2025-05
1kczbl2,Notizie top tier,,umbertosmiley,2025-05-02T12:07:34,19,5,https://reddit.com/r/Italia/comments/1kczbl2/notizie_top_tier/,notizie,2025-05
1kcz8yh,Notizie top tier,,umbertosmiley,2025-05-02T12:03:46,262,54,https://reddit.com/r/Italia/comments/1kcz8yh/notizie_top_tier/,notizie,2025-05
1kc8tre,"Concertone, apertura affidata a Leo Gassmann con Bella Ciao - Notizie",,Public-Paramedic8061,2025-05-01T13:32:46,2,5,https://reddit.com/r/Italia/comments/1kc8tre/concertone_apertura_affidata_a_leo_gassmann_con/,notizie,2025-05
1ka1u9n,Giornalismo online: strane associazioni di notizie,,DashieTheReal,2025-04-28T17:50:12,0,2,https://reddit.com/r/Italia/comments/1ka1u9n/giornalismo_online_strane_associazioni_di_notizie/,notizie,2025-04
1k9s902,Mediobanca lancia un'offerta pubblica di scambio sulla totalità delle azioni di Banca Generali - Notizie,,Public-Paramedic8061,2025-04-28T10:29:13,1,1,https://reddit.com/r/Italia/comments/1k9s902/mediobanca_lancia_unofferta_pubblica_di_scambio/,notizie,2025-04
1k7hecq,Esselunga avvia la cassa integrazione per 200 dipendenti a Milano per uno sciopero dei driver - Notizie,,Public-Paramedic8061,2025-04-25T10:14:33,9,3,https://reddit.com/r/Italia/comments/1k7hecq/esselunga_avvia_la_cassa_integrazione_per_200/,notizie,2025-04
1k6qw5m,L'unica app di notizie. Senza distrazioni.,"Ciao a tutti, siamo tre studenti universitari e siamo stati selezionati da **Dock startup lab.**

Stiamo costruendo ""**niuus**"", l'unica app italiana che aggregga tutte le **notize** dalle maggiori testate italiane e non **senza reindirizzamenti**, **senza pubblicità invasive** e con **tante altre funzionalità.**

Form per aiutarci : [https://forms.fillout.com/t/noBfWQndXius](https://forms.fillout.com/t/noBfWQndXius)",Recent-Influence2940,2025-04-24T12:25:31,0,7,https://reddit.com/r/Italia/comments/1k6qw5m/lunica_app_di_notizie_senza_distrazioni/,notizie,2025-04
1k3omsy,Spari contro l'auto della mamma di un magistrato nel Foggiano - Notizie,,Public-Paramedic8061,2025-04-20T15:08:38,24,3,https://reddit.com/r/Italia/comments/1k3omsy/spari_contro_lauto_della_mamma_di_un_magistrato/,notizie,2025-04
1jqe2zq,"Nordio: ""Alcune etnie hanno sensibilità diverse sulle donne"" - Notizie - Ansa.it","È vero che alcune etnie hanno sensibilità diverse sulle donne?

etnìa s. f. [dal fr. ethnie, der. del gr. ἔϑνος «razza, popolo»]. – In etnologia e antropologia, aggruppamento umano basato su caratteri culturali e linguistici. Spesso usato, nel linguaggio giornalistico, con il sign. di minoranza nazionale, gruppo etnico minoritario.",friul1077,2025-04-03T09:37:58,170,318,https://reddit.com/r/Italia/comments/1jqe2zq/nordio_alcune_etnie_hanno_sensibilità_diverse/,notizie,2025-04
1jpbxj3,Da quali fonti leggete le notizie?,"Raramente leggo le notizie in italiano, e i motivi sono i seguenti:
* Gli outlet non hanno soldi per produrre articoli di alta qualità. 
* Gli articoli sono personali: quei pochi che leggo sembrano essere troppo soggettivi. Dovrebbero essere nella sezione “Opinioni”, e invece non lo sono.
* Apri qualsiasi outlet e ti ritrovi inondato da notizie disgustose: non parlano d’altro che di morte, incidenti, omicidi, persone sgozzate...",123lybomir,2025-04-02T00:51:24,6,10,https://reddit.com/r/Italia/comments/1jpbxj3/da_quali_fonti_leggete_le_notizie/,notizie,2025-04
1jcyj9b,Le grandi notizie di Repubblica,,Vytostuff,2025-03-16T23:13:06,211,25,https://reddit.com/r/Italia/comments/1jcyj9b/le_grandi_notizie_di_repubblica/,notizie,2025-03
1j8pvoo,Il Doge di Musk sostituisce con un chatbot i dipendenti - Notizie,,Interesting_Winner64,2025-03-11T12:45:24,1,5,https://reddit.com/r/Italia/comments/1j8pvoo/il_doge_di_musk_sostituisce_con_un_chatbot_i/,notizie,2025-03
1j745ih,"Difesa: piano italiano per l'esercito, 40mila soldati in più - Notizie - Ansa.it","Redditori! La patria chiama, risponderete?

O è soltanto una trovata fascista del governo?

Arruolare nell'esercito fra i 30 e i 40 mila militari in più.

Aumentare di oltre un terzo la capacità difensiva italiana e arrivare alla soglia di circa 135 mila soldati, ordinari e non riservisti.

Un intervento da operare in un arco temporale tra i cinque e gli otto anni. E' quanto prevederebbe il piano di sicurezza nazionale a cui sta lavorando lo Stato Maggiore della Difesa su indicazione del ministro Guido Crosetto. Lo scrivono la Stampa e Repubblica.

Una pianificazione a lungo raggio che, secondo il quotidiano torinese, porterebbe ""tra circa dieci anni ad aver colmato il gap che si è creato a causa del disimpegno degli ultimi governi"". Tempi lunghi dovuti non solo all'addestramento degli uomini, ma anche alle catene di approvvigionamento da rimettere a regime.",friul1077,2025-03-09T09:36:40,0,48,https://reddit.com/r/Italia/comments/1j745ih/difesa_piano_italiano_per_lesercito_40mila/,notizie,2025-03
1j6p2kp,"Capotreno accoltellato a Genova, l'aggressore patteggia - Notizie - Ansa.it","Il patteggiamento è previsto martedì ma la procura ha già dato parere favorevole a Fares Kamel Salem al Shahhat, l'egiziano di 21 anni che nei mesi scorsi ha accoltellato il capotreno Rosario Ventura nella stazione di Genova Rivarolo.
Il giovane aveva colpito perché era senza biglietto e gli era stato detto di scendere.
Il ragazzo, assistito dall'avvocato Clemente Pallini, ha anche risarcito la vittima con mille euro e scritto due lettere di scuse. L'udienza è fissata davanti al giudice Silvia Carpanini. Al Shahhat era a bordo del treno regionale insieme alla fidanzata minorenne. I due erano senza biglietto e quando gli è stato chiesto di scendere, la ragazzina avrebbe sputato al capotreno prendendolo a schiaffi prima a bordo del convoglio e poi in stazione a Rivarolo.
Il fidanzato lo avrebbe poi colpito con un coltello per poi scappare. Era stato rintracciato poco distante dai carabinieri anche grazie alle testimonianze di alcuni passeggeri. Ventura era finito in ospedale ed era stato dimesso con una prognosi di 14 giorni. I sindacati avevano indetto uno sciopero per chiedere maggiore protezione sul lavoro.",_Giulio_Cesare,2025-03-08T19:38:47,29,45,https://reddit.com/r/Italia/comments/1j6p2kp/capotreno_accoltellato_a_genova_laggressore/,notizie,2025-03
1j4vdq2,GRANDI NOTIZIE per l'UCRAINA! L’audace mossa della SVEZIA contro la RUSSIA ha sorpreso anche l’UE!,,Adept-Measurement892,2025-03-06T13:25:37,1,0,https://reddit.com/r/Italia/comments/1j4vdq2/grandi_notizie_per_lucraina_laudace_mossa_della/,notizie,2025-03
1j3anb9,"Trump sospende gli aiuti militari all'Ucraina, Kiev: 'Pronti a firmare l'accordo sulle terre rare' - Notizie - Ansa.it",,Maleficent-Trick8930,2025-03-04T13:22:48,1,0,https://reddit.com/r/Italia/comments/1j3anb9/trump_sospende_gli_aiuti_militari_allucraina_kiev/,notizie,2025-03
1j2y8s0,'Trump sospende tutti gli aiuti militari all'Ucraina' - Notizie,,MagnificoReattore,2025-03-04T00:39:35,118,191,https://reddit.com/r/Italia/comments/1j2y8s0/trump_sospende_tutti_gli_aiuti_militari/,notizie,2025-03
1j13txr,Zelensky: 'Pronti ad accordo su minerali ma ci servono garanzie' - Notizie,,ruscodifferenziato,2025-03-01T16:49:49,27,64,https://reddit.com/r/Italia/comments/1j13txr/zelensky_pronti_ad_accordo_su_minerali_ma_ci/,notizie,2025-03
1hndolp,La giornalista Cecilia Sala arrestata a Teheran - Notizie,,ruscodifferenziato,2024-12-27T12:17:40,75,98,https://reddit.com/r/Italia/comments/1hndolp/la_giornalista_cecilia_sala_arrestata_a_teheran/,notizie,2024-12
1hl10pv,Atterraggio d'emergenza a Venezia per volo British Airways - Notizie - Ansa.it,,RangerPitiful4186,2024-12-24T00:03:34,3,2,https://reddit.com/r/Italia/comments/1hl10pv/atterraggio_demergenza_a_venezia_per_volo_british/,notizie,2024-12
1hiryze,"Magdeburg - Auto sul mercatino di Natale, 'almeno un morto e 20 feriti' - Notizie",,MagnificoReattore,2024-12-20T19:45:03,79,68,https://reddit.com/r/Italia/comments/1hiryze/magdeburg_auto_sul_mercatino_di_natale_almeno_un/,notizie,2024-12
1hcejfy,Trump ha avuto buone notizie per Zelenskyj a Parigi: Igor Popov,,Adept-Measurement892,2024-12-12T05:55:02,1,0,https://reddit.com/r/Italia/comments/1hcejfy/trump_ha_avuto_buone_notizie_per_zelenskyj_a/,notizie,2024-12
1hax8qf,"Perchè ci sono tutte queste ""notizie"" sui ristoranti italiani?","Ogni tanto, quando apro Google, mi ritrovo una sfilza di notizie dal valore microscopico pubblicate da certi siti. Ogni singola volta c'è almeno una notizia dove si parla di questo o l'altro ristorante, di un luogo sottovalutato dove nessuno va ma che prepara ottimi piatti locali. A questo punto mi sorge il dubbio...non è che i proprietari di questi ristoranti pagano un bel pò di soldini per degli articoli scritti appositamente per loro? Cosa ne pensate a riguardo?",Unfair_Neck8673,2024-12-10T08:25:26,3,16,https://reddit.com/r/Italia/comments/1hax8qf/perchè_ci_sono_tutte_queste_notizie_sui/,notizie,2024-12
1h8qq5x,L'albero delle cattive notizie e dei titoli allarmisti,"Il natale si avvicina. Anziché riempirci di positività in un momento storico di cui di negatività ce ne tanta, una nota società pensa ad allestire un albero di natale, usando le pagine di articoli con titoli non proprio positivi (tra l'altro disinformativi). Le normali decorazioni non bastavano, eh? 

Mi salta all'occhio l'articolo sull'episodio di contaminazione al centro ricerche Enea, che già riporta dati inesatti visto che l'elemento contaminante è l'americio e non il plutonio, che al massimo è il nome del laboratorio in cui la persona lavorava. Poi addirittura si parla di ingestione, quando la contaminazione è avvenuta durante la svestizione. 

Poco più sopra alcuni fatti di cronaca su Ramy, il ragazzo morto in un inseguimento a Milano... 
ed altre pagine con nulla di positivo. 

Ma se proprio bisogna fare un albero natalizio del genere, mettici qualcosa di positivo, no? Possibile che non accada nulla di buono in questo paese?",clorurodistronzio,2024-12-07T11:40:44,10,0,https://reddit.com/r/Italia/comments/1h8qq5x/lalbero_delle_cattive_notizie_e_dei_titoli/,notizie,2024-12
1h8d2en,"Studenti italiani campioni europei dei compiti a casa: oltre 2 ore ogni pomeriggio. I dati del rapporto CENSIS: ""Impegno elevato, ma non si traduce in risultati migliori"" - Orizzonte Scuola Notizie","Mi piacerebbe sapere cosa ne pensate.

A parer mio, la media è un indicatore assai fuorviante. Credo in pochi studino molto, molto di più di 2 ore al giorno e la stragrande maggioranza moooolto di meno, se non affatto.

Chissà poi come viene calcolata questa media..",RandomNerdGuy95,2024-12-06T22:04:26,171,50,https://reddit.com/r/Italia/comments/1h8d2en/studenti_italiani_campioni_europei_dei_compiti_a/,notizie,2024-12
1gvq43y,"Il nuovo Codice della strada è legge, arriva la super-stretta - Notizie",,IlSassssaroli,2024-11-20T13:59:59,82,102,https://reddit.com/r/Italia/comments/1gvq43y/il_nuovo_codice_della_strada_è_legge_arriva_la/,notizie,2024-11
1gu0s12,"Notizie coperte in prevalenza dalla destra: ""Arrestato in Francia l'accusato di aggressione con Ilaria Salis""",,Ok_Ebb3160,2024-11-18T09:11:07,4,2,https://reddit.com/r/Italia/comments/1gu0s12/notizie_coperte_in_prevalenza_dalla_destra/,notizie,2024-11
1gsn2ej,"Una trentina di genitori irrompe a scuola, aggredita una docente di sostegno - Notizie",,MassiveConstant6995,2024-11-16T13:17:28,123,40,https://reddit.com/r/Italia/comments/1gsn2ej/una_trentina_di_genitori_irrompe_a_scuola/,notizie,2024-11
1grbwzo,Miglior app per notizie italiane?,"Raga secondo voi esiste un app dove sfogliare news sensate? No app con articoli inutili tipo “5 cose che non sai di gta V”
Voi quale usate?",Administration111,2024-11-14T18:42:46,7,13,https://reddit.com/r/Italia/comments/1grbwzo/miglior_app_per_notizie_italiane/,notizie,2024-11
1gjetvh,Sciopero del 31 ottobre: i docenti non hanno aderito perché il loro stipendio non glielo permette. Lettera - Orizzonte Scuola Notizie,,EricaGazzoldi,2024-11-04T13:57:38,93,55,https://reddit.com/r/Italia/comments/1gjetvh/sciopero_del_31_ottobre_i_docenti_non_hanno/,notizie,2024-11
1pyushp,Cerco un film fantasy per bambini degli anni 80 con un mondo magico e un vecchio che controlla il tempo,,Historical_Job_5455,2025-12-29T18:58:37,1,2,https://reddit.com/r/Italia/comments/1pyushp/cerco_un_film_fantasy_per_bambini_degli_anni_80/,film,2025-12
1pyqojc,Canali Telegram per film e serie TV,Quali sono i migliori canali o bot di telegram che usate o conoscete per guardare film e serie TV in italiano ?,Which-Penalty-3241,2025-12-29T16:27:44,2,5,https://reddit.com/r/Italia/comments/1pyqojc/canali_telegram_per_film_e_serie_tv/,film,2025-12
1pxsuqn,"Buen camino, merita? È un bel film?",Non so se andare al cinema,StexGUstavo35,2025-12-28T14:39:25,268,139,https://reddit.com/r/Italia/comments/1pxsuqn/buen_camino_merita_è_un_bel_film/,film,2025-12
1pxefcr,Signore degli Anelli film edizione estesa,"Ciao ragazzi,
Scrivo questo post perchè non so bene dove confrontarmi e su internet non ho trovato una risposta a riguardo.

Stavo vedendo Il Signore degli Anelli: Il Ritornk del Re su Amazon in versione estesa dato che l'hanno messo gratis; era tardi e volevo soltanto rivedere per intero la scena della cavalcata dei rohirrim e l'assedio di Minas Tirith....ma ecco che mentre lo inizio a guardare mi accorgo di una cosa: l'audio della versione estesa è più basso.

Mi sembra solo una mia impressione quindi metto la versione normale e lì noto che la voce di Theoden ha un timbro più normale e vicino a come mi ricordavo: più acuto e più naturale.

Rimetto la versione estesa nella stessa scena e rinoto il problema.

L'ho fatto per diverse volte rimettendo varie volte il discorso di Theoden prima della cavalcata e noto questo problema.

Qualcuno sa perchè sorge questo problema e se c'è un modo per risolverlo? Non mi darebbe molto fastidio ma trovo che l'audio sia veramente diverso da come me lo ricordavo e un po' ""disturbato"".

Ora non ho visto il film per intero quindi non so se è così per tutte le tre versioni estese ma spero di no.

Grazie a chi risponderà!",Defiant-Internal-470,2025-12-28T01:26:56,0,9,https://reddit.com/r/Italia/comments/1pxefcr/signore_degli_anelli_film_edizione_estesa/,film,2025-12
1pwzaea,Film di Animal Farm,"Avete visto il trailer della nuova movie adaptation che sta per uscire nel 2026? Io sono rimasto a bocca aperta, sono sicuro al 100% che sarà monnezza totale, non solo perché la CGI è bruttissima ed è Uncanny Valley puro, ma anche perché la storia è ovviamente una storpiatura dell’opera originale di Orwell (eh beh, grazie tante, tutta la trama di Napoleone (il maiale) che dopo la rivoluzione  (ovvero scacciare il padrone Jones dalla fattoria e riprendersi la fattoria) rende la fattoria un vero e proprio regime autoritario è ovviamente una frecciatina alla USSR di Stalin), è ovviamente non adatta agli standard Politically Correct®️ e Family Friendly™️ di oggi, quindi questo film sarà una sorta di “Disney-ficazione” (e pure riuscita male) dell’opera originale. Mi rifiuto di guardarlo, non tanto perché il film sarà una merda, ma è proprio il principio con cui vengono fatti questi zombie products che trovo un insulto, ovvero tirare fuori dalla tomba franchise/opere di decenni (se non secoli fa in alcuni casi), per spremere l’ultimo centesimo rimasto",Hot_Acanthaceae_1357,2025-12-27T14:37:07,13,9,https://reddit.com/r/Italia/comments/1pwzaea/film_di_animal_farm/,film,2025-12
1puw54t,Film per natale,"Ciao, domani saremo io, mia madre e mio fratello. Mia madre, giustamente vorrebbe passare un po' di tempo con i suoi figli e vorrebbe anche vedere un film. Quindi che film mi consigliate? Preferibilmente nulla di troppo violento o orientato all'azione.",Camille_Bebop,2025-12-24T20:07:47,2,10,https://reddit.com/r/Italia/comments/1puw54t/film_per_natale/,film,2025-12
1ptx4wd,Andrai a vedere il nuovo film di Checco Zalone?,,elbrizio,2025-12-23T15:45:31,96,158,https://reddit.com/r/Italia/comments/1ptx4wd/andrai_a_vedere_il_nuovo_film_di_checco_zalone/,film,2025-12
1pt9d3j,"Il 25 dicembre rappresenta una data speciale che attraversa continenti e culture, unendo milioni di persone in celebrazioni che mescolano tradizione,cinema, arte e spiritualità. Mentre alcune famiglie si riuniscono davanti al televisore per i classici film natalizi, altre si vestono elegantemente",,Ralph21678,2025-12-22T20:01:00,1,1,https://reddit.com/r/Italia/comments/1pt9d3j/il_25_dicembre_rappresenta_una_data_speciale_che/,film,2025-12
1poxmwu,Consigli su serie TV e film italiani (quelli nostalgici sarebbero fantastici :)),"Ciao, mi chiamo Nil e sono turco. Fin da piccolo, mio ​​padre mi ha parlato dei suoi amici italiani e di quanto valga la pena imparare la cultura italiana. Ecco perché voglio imparare l'italiano (al momento sto usando un'app di traduzione per aiutarmi a scrivere questo). Ho comprato un libro di testo, ma ho pensato che guardare qualche serie tv italiana potesse aiutarmi. Hai qualche suggerimento?",Pure-Ear-2155,2025-12-17T14:17:18,2,5,https://reddit.com/r/Italia/comments/1poxmwu/consigli_su_serie_tv_e_film_italiani_quelli/,film,2025-12
1pl54re,Titolo di un film!,"Ciao!
Non riesco a trovare il titolo di un film che credo essere abbastanza vecchio (90/00?!).
Ricordo solo una scena in cui quello che immagino sia il protagonista, seduto ad un tavolo, inizia a mangiare qualcosa da un piatto che gli viene portato al tavolo in un locale. Lui, seduto con qualcuno, crea una pistola dalle ossa e scarti di quanto ha nel piatto per sparare in faccia al cameriere. Se non sbaglio siamo sullo sci-fi.",Wide_Chipmunk_8756,2025-12-12T22:29:02,1,5,https://reddit.com/r/Italia/comments/1pl54re/titolo_di_un_film/,film,2025-12
1phj1dw,Titolo di un film dimenticato,"Ieri sera volevo vedermi un bel film, stavo guardando oramai con aria quasi del tutto disinteressata i vari cataloghi di Netflix, Prime video e Disney+ senza trovare nulla che attirasse la mia attenzione, d’un tratto mi passò nella mente l’immagine di uno spezzone di un film che vidi una sola volta al cinema svariati anni fa, così preso dalla foga incominciai a cercarlo su tutte le varie piattaforme sperando mi uscisse tra i correlati visto che non ricordavo il nome ma dopo svariate ore mi arresi e mi guardai per l’ottocentesima volta un episodio di scrubs.
Oggi vorrei poter vedere questo dannato film ma niente il titolo non mi viene proprio e quindi spero in un vostro aiuto, proverò a descrivere quello che ricordo sperando di non rovinare il film a qualche ignaro che tenta invano di aiutarmi.
Ricordo che il film parlava di un uomo, mi pare facesse il giornalista e che stava cercando uno scoop per un giornale che stava per chiudere, il problema di quest’uomo era che sognava costantemente ad occhi aperti e quindi viveva la vita malissimo per questo, poi per una serie di ragioni che non ricordo è dovuto partire per un viaggio allucinante che piano piano lo hanno portato ad abbandonare questi sogni ad occhi aperti.
Non ricordo molto altro neanche i nomi dei personaggi ma credo che il titolo avesse proprio il nome del protagonista, purtroppo ho chiesto anche ad altri amici ma ricordo che questo film non ebbe un gran che di successo quindi neanche loro sanno dirmi nulla.
Spero in voi e grazie a chiunque mi aiuterà",Piedemoccio,2025-12-08T17:48:58,0,4,https://reddit.com/r/Italia/comments/1phj1dw/titolo_di_un_film_dimenticato/,film,2025-12
1pglmn4,Uno che ha guardato il film di fnaf🐻🐔🐰🤖,È stato bello,AshamedPainter2492,2025-12-07T15:51:25,1,2,https://reddit.com/r/Italia/comments/1pglmn4/uno_che_ha_guardato_il_film_di_fnaf/,film,2025-12
1pfueuu,Aiutatemi a trovare un film,"Aiuto, sono mesi che cerco ovunque e non trovo niente a riguardo. 

È un film di qualche hanno fa, l'ho visto da piccolo quindi  credo fosse il 2015 circa, probabilmente su un canale come super. 

Il film ha come tema principale un video gioco nella quale i personaggi a memoria sono molto simili a quelli di mortal kombat, ma non sono sicuro siano collegati.

La trama gira intorno ad un ragazzo che deve creare una squadra per partecipare ad un torneo,  e ricordo una scena dove lui entra in casa di una ragazza (Non ricordo il motivo)  e scopre essere una sua amica nel gioco. 
Oltre a questa, ricordo una scena nella quale con un personaggio che usa il ghiaccio un ragazzo eliminava quello che usava 4-braccia e il giocatore di arrabbiava parecchio. 

So che non è molto, ma se a qualcuno ricorda qualcosa vi prego ditemelo. 

Extra: Non ne sono per niente certo, ma ho un confusissimo ricordo del fatto che per controllare i personaggi del gioco dovebi muovere il tuo corpo, come il sensore della Xbox 360.",Wasaka_malaka,2025-12-06T17:13:40,1,1,https://reddit.com/r/Italia/comments/1pfueuu/aiutatemi_a_trovare_un_film/,film,2025-12
1pf0aca,Netflix acquista Warner Bros per quasi 83 miliardi (e il prestigioso catalogo Hbo di serie tv e film),,EquivalentAd7874,2025-12-05T16:56:59,2,2,https://reddit.com/r/Italia/comments/1pf0aca/netflix_acquista_warner_bros_per_quasi_83/,film,2025-12
1pd9e27,Film e serie TV,,Casanova-fee5437,2025-12-03T16:48:06,1,2,https://reddit.com/r/Italia/comments/1pd9e27/film_e_serie_tv/,film,2025-12
1pd0k9b,Come classifichi i 7 film di Jurassic Park e World?,,EquivalentAd7874,2025-12-03T10:19:27,1,2,https://reddit.com/r/Italia/comments/1pd0k9b/come_classifichi_i_7_film_di_jurassic_park_e_world/,film,2025-12
1pcd5t4,🔥OGGI È IL GRANDE GIORNO! 🔥 Alle 18:30 (ora di Brasilia) verrà presentato in anteprima il nostro nuovo film: “Davide e Golia – Il vero gigante”,,Immediate-March-6238,2025-12-02T16:36:42,1,1,https://reddit.com/r/Italia/comments/1pcd5t4/oggi_è_il_grande_giorno_alle_1830_ora_di_brasilia/,film,2025-12
1pcbfo3,Qualcuno può consigliarmi dei canali su telegram per vedere film in Italiano?,,TommiBerto,2025-12-02T15:31:36,0,11,https://reddit.com/r/Italia/comments/1pcbfo3/qualcuno_può_consigliarmi_dei_canali_su_telegram/,film,2025-12
1pb6eu6,Scene da film sul ponte di Bagnara: assalto a un portavalori,Terzo mondo,AlessandroIT,2025-12-01T07:18:47,4,2,https://reddit.com/r/Italia/comments/1pb6eu6/scene_da_film_sul_ponte_di_bagnara_assalto_a_un/,film,2025-12
1p8vefx,Come classifichi i film di Star Wars?,,EquivalentAd7874,2025-11-28T13:54:21,6,2,https://reddit.com/r/Italia/comments/1p8vefx/come_classifichi_i_film_di_star_wars/,film,2025-11
1p7m9ka,Miglior genere dei film,,Embarrassed_Cup8262,2025-11-26T22:58:43,1,2,https://reddit.com/r/Italia/comments/1p7m9ka/miglior_genere_dei_film/,film,2025-11
1p6o34a,"Troppi film, poche idee: voi come scegliete cosa guardare la sera?","Negli ultimi mesi mi sono reso conto che scegliere cosa guardare la sera sta diventando più difficile che guardarlo davvero. Con l’offerta infinita tra Netflix, Prime, Disney+, RaiPlay ecc., spesso passo più tempo a scorrere che a vedere qualcosa.

E non è solo questione di quantità: piattaforme diverse suggeriscono contenuti in modo totalmente diverso.  
[Netflix ](https://www.netflix.com/it/)punta sulla popolarità e i trend, [MUBI ](https://mubi.com/it/it)ha un approccio più curato e cinefilo, [JustWatch ](https://www.justwatch.com/it)ti dice soprattutto dove è disponibile un titolo.

Mi sono chiesto: possibile che nel 2025 la scoperta dei film sia ancora così frammentata? Perché nessuna piattaforma sembra pescare davvero dal nostro stato d’animo o dal tipo di esperienza che vogliamo? Non semplicemente “thriller” o “commedia”, ma cose tipo: voglio qualcosa di inquietante ma lento; oppure qualcosa di leggero ma intelligente.

Per curiosità sto esplorando anche progetti più piccoli, tra cui [Lumigo.tv](http://lumigo.tv/), che prova un approccio diverso basato sul mood: invece di cercare per genere, descrivi come ti senti o che atmosfera cerchi, e ti propone titoli in quella direzione. Non so se sia la strada giusta, ma è interessante vedere tentativi alternativi rispetto ai soliti algoritmi.

A questo punto mi domando se arriveremo mai a un “motore di scoperta” universale che unisca dati, contesto, stato d’animo e preferenze reali, senza far perdere mezz’ora a scorrere cataloghi infiniti.

A voi capita di perdere più tempo a scegliere che a guardare?  
Oppure avete trovato un metodo decente per orientarsi in tutto questo caos?",icedtumblr,2025-11-25T20:50:25,0,13,https://reddit.com/r/Italia/comments/1p6o34a/troppi_film_poche_idee_voi_come_scegliete_cosa/,film,2025-11
1p6e24t,"Musica del film ""40 secondi"" di VIncenzo Alfieri",,garaa998,2025-11-25T14:37:42,2,2,https://reddit.com/r/Italia/comments/1p6e24t/musica_del_film_40_secondi_di_vincenzo_alfieri/,film,2025-11
1p1xpvf,"Mi vergogno a dirlo, ma mi fa una fatica immensa vedermi serie e film da solo al computer.","È una cosa strana da spiegare. Premetto che ho un hard disk pieno zeppo di roba che ""dovrei"" vedere e non ho ancora visto, esempio Oppenheimer.

Non credo dipenda dal genere di film, perché ho film e generi piuttosto diversi ma l'approccio è sempre il solito.

È strano perché voglio andare volentieri al cinema con fidanzata e/o amici anche a vedere film drammi piuttosto pallosi come After the Hunt. Non lo so ma il cinema mi diverte e andare con qualcuno mi piace. 

Dico solo che quando sono al computer faccio cose diverse, come leggere articoli di giornale per informarmi su eventi recenti, oppure guardare video su YouTube per imparare qualcosa su un argomento. Oppure mi metto a fare call su Whatsapp o Discord. Cioè il tempo lo passo così.

Però mi piace tanto scaricare film, e se avessi più spazio continuerei a scaricare ogni giorno. Adoro soprattutto quando trovo qualcosa di interessante per mia mamma e lei è contenta di vedere un film che è troppo recente per darlo su Iris.

Non sono nemmeno uno che si mette a giocare più ai videogiochi. Ho dovuto disintossicarmi dai videogiochi causa Ludopatia. In teoria avrei tutte le ragioni e il tempo per mettermi a guardare film o serie. Ma veramente, provo una fatica immensa.

Il che è strano, perché se trovo su YouTube un podcast lungo 2 ore su un argomento che voglio imparare, lo guardo volentieri. Non credo sia attention span, perché sono cresciuto con YouTube guardando video di 40 minuti e non ho mai usato né Tik Tok né Instagram.",testiclekid,2025-11-20T08:13:50,0,5,https://reddit.com/r/Italia/comments/1p1xpvf/mi_vergogno_a_dirlo_ma_mi_fa_una_fatica_immensa/,film,2025-11
1oxo9c0,Film sub ita,"Qualcuno sa se ci sono siti in cui guardare film in sub ita?..ci sono molti film inediti in italia e vorrei poterli vedere..

Sugli anime ce ne sono molti, esistono siti anche per i film?

Grazie a chi risponderà",Acceptable-Camp-9100,2025-11-15T10:19:01,5,5,https://reddit.com/r/Italia/comments/1oxo9c0/film_sub_ita/,film,2025-11
1ow9igb,Mi aiutate ad identificare un film anche se ricordo solo un frame?,"È da un sacco di tempo che ho un ricordo molto vago di un film che ho visto su Boing nell'agosto 2015, era circa l'ora di pranzo.
Era 2D, stile classico dei cartoni animati (simile allo stile cartoon network) e probabilmente era stato fatto intorno al 2015 o qualche anno prima.
Ricordo solo un frame: era una camera da letto ampia, la luce era blu perché era una scena notturna. C'era un letto a baldacchino bianco (per via della luce) e una bambina/ragazza era seduta sul letto. La ragazza aveva i capelli legati in una coda alta e indossava una camicia da notte, era tutta bianca come il letto (sempre per via della luce). Ho l'impressione che in quella scena stesse parlando con qualcuno, mi verrebbe da dire un animale ma non è sicuro al 100%. Ricordo anche che il pavimento e il soffitto erano in legno, molto probabilmente.
Non ricordo altri dettagli perché non l'ho guardato molto.
È da tantissimo tempo che ho questo frame in testa e quel film non l'ho più rivisto. A qualcuno viene in mente qualche possibilità?",andrew_graves23,2025-11-13T18:53:19,2,2,https://reddit.com/r/Italia/comments/1ow9igb/mi_aiutate_ad_identificare_un_film_anche_se/,film,2025-11
1ow30bo,film e serie TV in streaming gratis,"Quali sono secondo voi le migliori app per android per vedere film e serie TV gratis senza buffering, con raccomandazioni di film o serie in base alla cronologia e senza pubblicità?",Which-Penalty-3241,2025-11-13T14:48:50,1,2,https://reddit.com/r/Italia/comments/1ow30bo/film_e_serie_tv_in_streaming_gratis/,film,2025-11
1ovg1li,Perchè nel doppiaggio in italiano dei film americani spesso traducono con la parola pranzo la cena?,,Minute_Fruit_845,2025-11-12T20:11:58,1,4,https://reddit.com/r/Italia/comments/1ovg1li/perchè_nel_doppiaggio_in_italiano_dei_film/,film,2025-11
1ov3y8e,‘Allegro Non Troppo’ and the Censorship of Italian Film and Television,"Sapete che la RAI ha censurato un film del 1976 su RAI Play? Perché nessun altro ci parla di questo. È quindi io ho scritto un articolo a riquardo della situazione. 

Se potete leggerlo sarei molto felice.",Fitz_Robinson,2025-11-12T12:35:18,3,2,https://reddit.com/r/Italia/comments/1ov3y8e/allegro_non_troppo_and_the_censorship_of_italian/,film,2025-11
1ou7bpr,Vi siete mai lasciati ispirare da un film o da una serie tv?,"Buondì community. Mi chiamo Alice e sono una giornalista alla ricerca di storie. Sto cercando persone che nella loro vita si siano lasciate ispirare da un film, o una serie o anche uno show per cambiarla o migliorarla, a patto che questo sia su una **qualsiasi piattaforma streaming**.

Vi faccio degli esempi:

1. Ho guardato La regina di scacchi e ho cominciato a giocare a scacchi (uguale per Cobra Kai e il karate)

2. Ho visto Is it a Cake e ho deciso di aprire una pasticceria

3. Ho guardato Klaus e ho deciso di iscrivermi all’Accademia di Belle Arti per diventare disegnatore

4. Ho visto Emily in Paris e ho provato a vivere in Francia (o in altri Paesi)

Può essere un qualsiasi mini momento di un film/serie/show che vi ha ispirato anche solo a proseguire una vostra passione.

Dunque, c’è qualcuno tra di voi che si sente ""ispirato""? Se sì, scrivetemi qui o in privato per raccontarmi la vostra storia 😊",Giorna_AL19,2025-11-11T11:44:11,1,6,https://reddit.com/r/Italia/comments/1ou7bpr/vi_siete_mai_lasciati_ispirare_da_un_film_o_da/,film,2025-11
1otc6l3,Il film che vi ha cambiato la vita,,EquivalentAd7874,2025-11-10T12:14:52,1,2,https://reddit.com/r/Italia/comments/1otc6l3/il_film_che_vi_ha_cambiato_la_vita/,film,2025-11
1osx06z,"Ho appena rivisto il grandissimo film ""Mrs. Doubtfire"" e ho l'impressione che in Italia non abbiamo le idee chiare su cosa sia successo a Robin Williams...","...nel mondo anglo-sassone si è parlato a lungo del suo suicidio e sono emersi nel tempo dettagli sempre più specifici.

L'epilogo autoptico ha riscontrato una diagnosi di Demenza a corpi di Lewy con cui l'attore stava lottando da anni...una delle diagnosi che da neurologo non vorrei mai dare ad un paziente. 
Si tratta di una forma di parkinsonismo particolarmente aggressiva e con gravi sintomi psichiatrici.

Come ha dichiarato la moglie di Robin Williams in un'intervista di qualche anno fa (link allegato al post), Robin Williams si è ucciso poco prima di essere ricoverato in una struttura residenziale per pazienti con disturbi neurocognitivi.

Il tentativo di ripristinare la verità dietro questo tragico suicidio ha portato anche alla produzione di un docu-film dal titolo ""Robin's wish"".",Dr_Neurol,2025-11-09T22:35:36,504,41,https://reddit.com/r/Italia/comments/1osx06z/ho_appena_rivisto_il_grandissimo_film_mrs/,film,2025-11
1osuapo,Quali sono dei film di oggi che diventeranno iconici?,"Secondo voi quali saranno? Intendo film le cui scene verranno citate e facilmente riconosciute, come può essere un Signore degli Anelli o un Goodfellas.",Curious_snowman,2025-11-09T20:47:23,1,1,https://reddit.com/r/Italia/comments/1osuapo/quali_sono_dei_film_di_oggi_che_diventeranno/,film,2025-11
1oso3gm,Chi mi aiuta con questo film?,,ToughAd4689,2025-11-09T16:45:50,1,1,https://reddit.com/r/Italia/comments/1oso3gm/chi_mi_aiuta_con_questo_film/,film,2025-11
1orvnj4,Cerco titolo di un film,,ToughAd4689,2025-11-08T17:48:00,1,1,https://reddit.com/r/Italia/comments/1orvnj4/cerco_titolo_di_un_film/,film,2025-11
1orkwg8,Cerco titolo di film,,ToughAd4689,2025-11-08T09:10:53,1,1,https://reddit.com/r/Italia/comments/1orkwg8/cerco_titolo_di_film/,film,2025-11
1or0glf,ricerca film o serie TV da una scena,,s0ff1c1n0,2025-11-07T17:23:39,1,1,https://reddit.com/r/Italia/comments/1or0glf/ricerca_film_o_serie_tv_da_una_scena/,film,2025-11
1or0g98,È arrivato al cinema un film che ha fatto la storia dell'animazione,"Ne Zha – L’ascesa del guerriero di fuoco è finalmente arrivato nelle sale italiane, in particolare nei circuiti UCI e The Space.

 Questo film è un colosso del box office mondiale: è il quinto film con i maggiori incassi nella storia del cinema e detiene il record come film d’animazione con il più alto incasso nella storia. 

Basato sul celebre romanzo classico cinese ""L’investitura degli dei"" , Ne Zha è un film emozionante, profondo e movimentato. 
L’animazione è straordinaria, il ritmo è coinvolgente, e le emozioni non mancano.

In Italia, purtroppo, è ancora troppo sottovalutato. Eppure merita di essere visto, soprattutto da chi cerca qualcosa di diverso dai soliti film Disney. 

Lo consiglio a chi ha voglia di lasciarsi sorprendere da un film originale, potente e ricco di significato.
Lo consiglio anche agli amanti della cultura asiatica, è un singolo film che riesce a mostrare tantissimi dettagli della cultura cinese, dai motivi estetici ispirati alla pittura, fino alla musica che fonde strumenti tradizionali e colonne sonore contemporanee... 

Ne Zha non assomiglia a nulla di già visto, è bellissimo",Iaco_V8,2025-11-07T17:23:17,1,2,https://reddit.com/r/Italia/comments/1or0g98/è_arrivato_al_cinema_un_film_che_ha_fatto_la/,film,2025-11
1opwf0l,Secondo voi perché negli ultimi anni c’è un gran proliferare di film e serie tv di genere “distopico”?,"In passato nel cinema la fantascienza era ottimistica e immaginava un futuro con esplorazioni spaziali e progressi scientifici.
Secondo voi cosa ci è successo? Non siamo più in grado di immaginare un futuro positivamente?",PrudentTell,2025-11-06T11:26:52,0,33,https://reddit.com/r/Italia/comments/1opwf0l/secondo_voi_perché_negli_ultimi_anni_cè_un_gran/,film,2025-11
1on8nde,Nei titoli di coda del film le tre ciotole Elio germano racconta una barzelletta su Marx…qualcuno può trascriverla?,Nei titoli di coda del film le tre ciotole Elio germano racconta una barzelletta su Marx…qualcuno può trascriverla?,proffont,2025-11-03T10:52:26,1,2,https://reddit.com/r/Italia/comments/1on8nde/nei_titoli_di_coda_del_film_le_tre_ciotole_elio/,film,2025-11
1on8lau,Film le tre ciotole barzelletta su Marx,Nei titoli di coda del film le tre ciotole Elio germano racconta una barzelletta su Marx…qualcuno può trascriverla?,proffont,2025-11-03T10:48:50,1,2,https://reddit.com/r/Italia/comments/1on8lau/film_le_tre_ciotole_barzelletta_su_marx/,film,2025-11
1on1s6s,Belly 1998 film introvabile,"Sono giorni che sto cercando ovunque il film “Belly” del 98 di DMX e NAS, ma non lo trovo da nessuna parte, ne in streaming ne in dvd, sono disperata. Ho trovato il dvd francese ma non ha i sottotitoli in inglese, So che è su Amazon e netflix ma accessibile solo negli USA. 

Vorrei chiedere se qualcuno di voi sa dove posso vedere questo film con i sottotitoli in italiano o inglese, ve ne sarei grata",Dramatic-Homework-48,2025-11-03T03:48:32,2,2,https://reddit.com/r/Italia/comments/1on1s6s/belly_1998_film_introvabile/,film,2025-11
1olqno4,Succede anche a voi ogni tanto di sentire il bisogno quasi fisico di riguardare un film?,"mi succede spesso, a seconda di quello che mi capita nella vita, oppure ai pensieri che faccio, di ripensare a un film inerente che ho già visto e di avere una voglia matta di rivederlo. mi appaiono in mente le scene, ci ripenso e alla prima occasione lo rivedo, altrimenti non mi si toglie più dalla testa.

ultimo esempio l'altra sera, mi torna in mente Il Settimo Sigillo (non so perché la scena quando bruciano ""la strega"") e calza a pennello con i pensieri che mi stanno tormentando ultimamente: inesistenza di Dio, mancanza di senso nella vita, la morte come unica cosa reale, sicura, che ci accompagna per tutta la vita, le cose che si fanno per ritardarla il più possibile e per esorcizzarla. l'ho rivisto subito.

raccontatemi cose simili e consigliatemi film da vedere.",z3n0c0s1n1,2025-11-01T15:28:15,6,5,https://reddit.com/r/Italia/comments/1olqno4/succede_anche_a_voi_ogni_tanto_di_sentire_il/,film,2025-11
1ok5lgu,Dove trovare (legalmente) vecchi film italiani a poco prezzo all'estero ?,"Abito in Francia e sono disposto a pagare qualche euro (2-5€ per film diciamo..) per potermi vedere ( e far vedere ai miei figli...), in buon formato, legalmente e senza pubblicità, qualche vecchio film italiano, da Ladri di Biciclette a Don Camillo e, perchè no, Bud Spencer o Fantozzi...  
Questi non si trovano su Amazon Prime, Google Play o simili, e anche i rari che si trovano è un casino perché in Francia ""non sono disponibili"", e magari quando vengo in vacanza in Italia mi dice che il mio sistema di pagamento (carta francese) non è compatibile.. ma andassero a f... sono inc.. nero, e che sono anche disponibile a pagare, ma ti complicano la vita...  
Conoscete un servizio dove è possibile vederli/acquistarli pur stando all'estero ?",alobianco,2025-10-30T17:13:09,0,8,https://reddit.com/r/Italia/comments/1ok5lgu/dove_trovare_legalmente_vecchi_film_italiani_a/,film,2025-10
1o2wcpr,"s.o.s. ""magica"" lettera x salvare mio figlio nel passato ( provo come nei film a costo di sembrare folle )","David, Figlio mio, vita mia, a costo di sembrare folle, provo ( come nei film ), e ti scrivo dal futuro sperando di salvarti la vita, sono distrutta dal dolore, non so se sopravviverò senza te, lo sai, sei tutta la mia vita, ho solo te, e desidero SOLO tornare indietro nel tempo e salvarti.

TI PREGO credimi e ascoltami, sai che non so dire bugie.

Papà ha SBAGLIATO a regalarti la moto ed ora è pentito, ma ormai....

La tua attuale  e ""gelida"" fidanzatina, anche se ti vedrà stanco psico-fisicamente, è un vampiro energetico, immatura, egoista e quindi ti chiederà comunque di andare e fare, anche dopo i tuoi turni di lavoro massacranti che ti potranno rallentare i riflessi.

Io desidero che tu SMETTA di usare la moto, ma nel caso, USA la moto SOLO per casa/lavoro, altrimenti SOLO primavera/estate ma NON dopo aver lavorato e NON sentirti invincibile e immortale....ti prego....la vita NON ha prezzo, soprattutto a 26 Anni Dè....amore mio.

Ti posso dire che, la ""strega"" della tua pseudo suocera, il 19 settembre SERA dopo tuo lavoro, ti inviterà ad andare da loro in campagna vicino a te, ma....tu NON ci arriverai MAI, un'auto ti creerà un incidente.

X cui, se ti arriva questa mia x tempo, NON andare lì, vai a casa, trova una scusa e vai a casa e poi telefonami e parliamone.

Ti posso dire cosa sta succedendo ORA che tu non ci sei ? 

Siamo TUTTI traumatizzati e scioccati e distrutti, alle tue ""funzioni"" c'è stato il mondo di gente che ti ha AMATO. 

I tuoi amici fraterni non mi mollano 1 secondo xchè hanno paura che mi lascio andare e crollo.

La tua ""gelida"" fidanzatina sarebbe stato meglio che tra i tira e molla vi foste lasciati ( no comment come si comporta ), mentre la tua ex fidanzata è distrutta e ancora innamorata di te. La tua migliore Amica è tornata disperata e tua sorella non hai idea di quanto è dolce e avrebbe voluto viverti. 

Anche gli zii si sono riavvicinati a me, al nonno anziano NON l'abbiamo detto.

La tua datrice di lavoro ed anche il tuo amico coinquilino e collega, sono entrambi distrutti e mi stanno accanto.

La tua ""gelida"" fidanzatina mi ha causato stress extra x cose che fa di nascosto, senza averne il diritto legale e non vedo l'ora vada a studiare lontano e sparisca, non ti dico cosa ha fatto xchè ci rimarresti troppo male, ti conosco.

Stiamo cercando di finire il traslochetto in due trance delle tue cose, un pò a me e un pò a chi tvb.

Sto scegliendo l'urna a forma di Libro, con lo stress di tuo padre che anche ora pensa io sia il suo punching ball, e spero si calmi.

C'è un'agenzia richiesta da tuo padre, che sta INVESTIGANDO sull'incidente, in modo extra ai carabinieri ecc.

E appena dico carabinieri, se penso alla sera in cui sono venuti a dirmelo, sono svenuta e mi hanno ricoverata una notte, poi ho firmato.

Ho conosciuto la Dott.ssa che ti ha soccorso ed è stato doloro ma bello parlare con lei.

TUTTI mi dicono che mi sei accanto come un angelo ed anche dentro di me che siamo un tutt'uno. Mi hanno consigliato, se/quando mi sentirò, di andare ai gruppi di genitori come me.  ORA tutti vogliono che io x SOPRAVVIVERE trovi dei modi x lasciare tue tracce e ricordi e ci proverò, se il mio cuore regge.  Tutti i miei e tuoi amici aiuteranno in questo.  TUTTI devo sapere di te, persona speciale e fantastica che mi hai dato l'onore di essere madre/figlio, mi hai realizzata e appagata.  Dopo aver fatto di tutto di più x te, non so se la mia vita avrà ancora senso di esistere, avevo un tumore e avrei dovuto morire io non tu, è contronatura e NON lo accetto.  Il mio cuore è frantumato.  E ora ? PREGO l'Universo che ti faccia avere in qualche magico modo, questa mia x tempo x riuscire a salvarti e cambiare TUTTO in meglio, insieme, io e te.

ti voglio bene i.c.i.c.n.d.p.",LoredanaRaffaella,2025-10-10T09:36:02,0,8,https://reddit.com/r/Italia/comments/1o2wcpr/sos_magica_lettera_x_salvare_mio_figlio_nel/,film,2025-10
1o21q9s,"L’avvocato di Sempio Lovati: “Corona mi aveva detto che avremmo fatto un film e che io ero Gerry La Rana, avevo bevuto”",ah ma non è lercio.it,polloastemio,2025-10-09T09:51:18,6,6,https://reddit.com/r/Italia/comments/1o21q9s/lavvocato_di_sempio_lovati_corona_mi_aveva_detto/,film,2025-10
1nzul8h,"Aiuto, film che non riesco a trovare",,PreviousStreet9283,2025-10-06T20:35:22,1,1,https://reddit.com/r/Italia/comments/1nzul8h/aiuto_film_che_non_riesco_a_trovare/,film,2025-10
1nyj4ur,"Perché il film ""la città proibita"" di mainetti è stato un flop?","Visto oggi su netflix. Io l'ho trovato un ottimo film, specialmente per essere un film italiano che ricalca gli action movie americani con un pò di contaminazione wuxia. Onestamente quando mai abbiamo visto una cosa simile in Italia? Eppure è andato male, non solo nel nostro paese ma anche a livello internazionale. Per me un grandissimo peccato. Meritava di più. Qualcuno la pensa come me?

Fonti: 

https://it.wikipedia.org/wiki/La_citt%C3%A0_proibita_(film_2025)

https://www.today.it/film-serie-tv/netflix/la-citta-proibita-gabriele-mainetti-streaming.html

https://www.iodonna.it/spettacoli/tv/2025/07/09/la-citta-proibita-netflix-trama-cast-streaming-mainetti-yaxi-liu/",Musashi85ct,2025-10-05T08:50:50,4,5,https://reddit.com/r/Italia/comments/1nyj4ur/perché_il_film_la_città_proibita_di_mainetti_è/,film,2025-10
1nxldxg,Sono stato tradito da mia moglie o mi sto solo facendo film strani?,"(m59) sposato da 7 anni ho una cosa che mi tormenta da qualche anno. Un giorno nel mio cassetto ho trovato un box che non era mio. Ho detto a mia moglie (f48) cosa erano, perché non erano miei. Lei mi ha risposto in modo abbastanza disinvolto che erano nuovi e che me li aveva comprati lei. Io non sono del tutto convinto che fossero nuovi, avevano già le etichette tagliate e poi erano di una taglia più grandi della mia misura. Inoltre lei non mi ha mai comprato indumenti intimi. Gliel'ho detto, letto mi ha risposto che le piacevano e che quindi ne li ha comprati e che fosse convinta che io portassi la L invece che la M. Faccio fatica a credere, ma trovi anche inverosimile che qualcuno abbia fatto sesso a casa mia con mia moglie e poi sia andato via senza rimettersi le mutande e che lei trovandole, abbia pensato che fossero mie e le abbia lavate, stirate e messe nel mio cassetto. Dopo tempo ho riprovato a chiedere perché me le avesse comprate senza neanche chiedermi che misura avessi e devo dire che ho visto in lei una leggerissima insofferenza. Erano passati diversi mesi, la prima volta non avevo fatto ulteriori domande, anche perché non ho mai dubitato sulla sua fedeltà, il dubbio mi è salito nel tempo, ma lei ha reagito come se le stesse quasi dando fastidio che riprendessi quel discorso e ho lasciato stare una decina volta. Ma il dubbio mi resta. Secondo voi mi ha tradito o non c'è nulla di strano che tua moglie ti compra delle mutande, anche se non l'aveva fatto mai?",whiteduke63,2025-10-04T05:15:58,5,13,https://reddit.com/r/Italia/comments/1nxldxg/sono_stato_tradito_da_mia_moglie_o_mi_sto_solo/,film,2025-10
1nx5gm1,Film,A chi piacciono i film di Vampiri ?,ElectricalSleep4688,2025-10-03T17:26:22,0,1,https://reddit.com/r/Italia/comments/1nx5gm1/film/,film,2025-10
1nw4n4u,"L’italiano basta per la vita quotidiana? Film, libri e videogiochi","Ciao a tutti,

volevo chiedere se secondo voi l’italiano può soddisfare i bisogni quotidiani, per esempio guardare film o serie, leggere libri ecc. Non ho controllato con attenzione, ma per quanto riguarda i videogiochi mi sembra di ricordare che raramente ho visto l’italiano come lingua disponibile (anche se forse sbaglio).

Io conosco anche il tedesco e un po’ di inglese, ma l’inglese non mi piace come lingua e non mi è comodo usarlo, soprattutto per leggere libri. Con il tedesco invece ho spesso il problema che manca contenuto, perché tanti germanofoni passano facilmente all’inglese e questo sembra normale per tutti.

Come madrelingua, sentite mai una mancanza di contenuti in italiano?   
  
Io credo che le nazioni che conoscono meno l’inglese usino e sviluppino di più la propria lingua, producendo e traducendo più cose. Vero?",Important_Climate552,2025-10-02T14:02:06,1,35,https://reddit.com/r/Italia/comments/1nw4n4u/litaliano_basta_per_la_vita_quotidiana_film_libri/,film,2025-10
1nslhcl,Ricerca universitaria parola film,"Ciao a tutti!

  


Sto lavorando a una ricerca universitaria sull’uso di termini colloquiali nel cinema italiano.

In particolare mi servono esempi di film (italiani o doppiati in italiano) in cui una donna dica la parola “pisello”.

  


Se vi ricordate qualche scena o titolo, mi sarebbe davvero utile.

  


Grazie mille per qualsiasi segnalazione!",BIGREACTION__,2025-09-28T11:01:27,3,1,https://reddit.com/r/Italia/comments/1nslhcl/ricerca_universitaria_parola_film/,film,2025-09
1nrn31v,Utilità dei film scolastici,"Ciao ragazzi!  
Vorrei sapere la vostra opinione sui film che spesso gli insegnanti scelgono di far vedere agli studenti. Per darvi un minimo di contesto, vi racconto la mia esperienza a scuola.

Alle elementari ricordo poco, ma alle medie i professori ci fecero vedere, oltre ad alcuni film religiosi che a mio avviso erano piuttosto discutibili, un film su un italiano che aiutò diversi ebrei a salvarsi dai campi di concentramento. Non ricordo il titolo, ma ricordo bene la scena in classe: io l’ho trovato interessante, mentre quasi tutti i miei compagni dormivano o non prestavano attenzione. Certo, erano ragazzini, ma proprio qui sta il punto: pretendere l’attenzione con la forza serve a poco, mentre non fare nulla porta a risultati simili a quelli che ho visto, cioè quasi nessuno che segue davvero.

Alle superiori la situazione non è migliorata molto. Tolti i film proposti dal prof di religione (che personalmente trovavo molto noiosi, e non ero l’unico), direi che un buon 90% dei film che guardavamo non “centravano il punto”. Mi spiego: nella settimana della memoria, ad esempio, ci mostrarono alcuni film sui campi di concentramento. Però, invece di far riflettere, sembravano quasi presentare la guerra come qualcosa di “figo”: le conseguenze venivano mostrate poco e male. Anche lì molti compagni dormivano, altri stavano più sul telefono o in bagno che a guardare lo schermo.

Ci sono state eccezioni. Al cinema, per esempio, abbiamo visto *Io Capitano*: io l’ho trovato molto interessante, anche se capisco che non tutti l’abbiano vissuto allo stesso modo (anche perché eravamo decine di classi in sala). Ma poi c’è lui… il film che proprio non capisco perché venga proposto a scuola: *Jojo Rabbit*. Purtroppo l’ho visto due volte a lezione e, a parte mostrare quanto la gente potesse essere ottusa e trasmettere questa ottusità ai bambini, mi è sembrato davvero inconcludente.

Ecco, il mio pensiero è questo: se si devono togliere ore di lezione per guardare un film, allora tanto vale scegliere titoli con estrema attenzione. Restando sul tema della guerra, ad esempio, *La tomba delle lucciole* è, secondo me, un film potentissimo: non mostra la guerra in sé, ma le sue conseguenze, in maniera a dir poco eccellente.

Che ne pensate voi?",CostRepulsive693,2025-09-27T05:27:41,1,10,https://reddit.com/r/Italia/comments/1nrn31v/utilità_dei_film_scolastici/,film,2025-09
1nobr4r,Come trovare un film da guardare diverso ogni giorno,"Per noia ho creato questo subreddit con relativa app reddit, [r/filmdelgiorno](https://www.reddit.com/r/filmdelgiorno/) . Non so se è una boiata o può essere utile, l'ho creata per sfizio. Se c'è qualcuno interessato o con idee mi scriva pure.

In sintesi l'app pesca da un database 10 film degli ultimi 60 anni con ottimi voti, e gli utenti votano in 1vs1 i film candidati del giorno. Quello che vince piu 1vs1 diventa il film del giorno successivo e così via.

Quando clicchi sul film del giorno ti dice dove lo puoi guardare.

Ogni volta che c'è il film vincitore l'app crea un post, dentro si può commentare, ogni giorno a mezzanotte si resetta.",morpheus1988,2025-09-23T08:20:37,4,1,https://reddit.com/r/Italia/comments/1nobr4r/come_trovare_un_film_da_guardare_diverso_ogni/,film,2025-09
1nnj7d4,"Ma voi, lo usate letterboxd per segnare i film visti? Ce l'ha un sacco di gente.",,umbertocsaba,2025-09-22T10:51:00,0,26,https://reddit.com/r/Italia/comments/1nnj7d4/ma_voi_lo_usate_letterboxd_per_segnare_i_film/,film,2025-09
1nm47g1,CANALI FILM TELEGRAM,,Next_Trash6722,2025-09-20T17:29:05,1,0,https://reddit.com/r/Italia/comments/1nm47g1/canali_film_telegram/,film,2025-09
1niunat,film sul novecento,"ciao, potreste consigliarmi dei film che parlano del novecento da fare vedere in classe a dei ragazzi maggiorenni in classe? Può trattare di qualsiasi avvenimento avvenuto nel novecento, basta che sia significativo e interessante dal punto di vista storico, ma che sia anche accattivante e non li faccia annoiare (può esserci violenza purché non sia eccessiva)",Separate_Talk_9917,2025-09-16T21:39:10,1,11,https://reddit.com/r/Italia/comments/1niunat/film_sul_novecento/,film,2025-09
1nhm0j0,Aiutatemi a trovare il titolo di questo film per favore,"Salve a tutti , per favore mi potete aiutare a trovare un film ? Purtroppo l’ho visto quando ero troppo piccola lo trasmettevano su televomero o telecapri o comunque canali poco conosciuti….film drammatico molto triste , anni 70 o 80 o 90…ricordo solo che c’era una bambina che aveva la mamma cantante o attrice, lei è il marito si lasciano e mettono la figlia in collegio , la bambina soffre molto perché non riceve affetto né dalla madre né dal padre è una sera con un forte temporale scappa dal collegio per andare a vedere la bambola che tanto desiderava dalla vetrina , ma si ammala perchè rimane sotto la pioggia per tutta la notte senza poter rientrare al collegio……..il film finisce con la bambina che è sdraiata nel letto che sembra essere in fin di vita e i genitori affianco al suo letto che piangono , la mamma le regala la bambola che tanto desiderava e gliela mette nel letto  e la bambina prende le loro mani e le incrocia , così finisce 
Lo cerco da anni",AdEvening456,2025-09-15T13:34:49,5,5,https://reddit.com/r/Italia/comments/1nhm0j0/aiutatemi_a_trovare_il_titolo_di_questo_film_per/,film,2025-09
1ngn93d,La vera sfida della product & film discovery online e 3 approcci che funzionano (per me),"Negli ultimi mesi ho confrontato strumenti diversi per la *scoperta* di prodotti e film, non solo per ottenere risultati, ma per avere opzioni realmente utili e valutabili. Oggi vorrei spiegare i problemi ricorrenti riscontrati nella product discovery, per cercare di aiutare chi, come me, si trova spesso a dover affrontare decine di ricerche per trovare un prodotto fisico o digitale perfetto.

**Il problema della ricerca (in breve)**

* Informazione dispersa e rumorosa: recensioni, blog, forum e schede prodotto sono noiose da leggere e spesso confondono
* Mancanza di contesto personale: mood per i film o interessi reali per i prodotti raramente sono segnali centrali, i motori di ricerca ti indirizzano solo su chi si è indicizzato meglio
* Localizzazione e disponibilità: spesso il “miglior prodotto” non è acquistabile nel proprio mercato
* Fiducia e trasparenza: nel caso delle AI spesso non è chiaro da dove provenga l’informazione (SEO spam vs opinioni verificate)

**Soluzioni testate**

**1) Lumigo**

Cosa funziona in [Lumigo](https://lumigo.ai/):

* Output strutturati e azionabili: schede semantiche con descrizione, recensioni, trailer e link diretti
* Filtri verticali e mood-aware: budget, use-case, runtime e mood per film migliorano la rilevanza
* Fonti selezionate e localizzazione: aggrega forum, recensioni verificate ed ecommerce, con attenzione al mercato locale
* Interfaccia semplice e in linea con altri strumenti AI

Quali sono i limiti della discovery:

* Copertura verticale e geografica in roll-out: alcune nicchie o mercati possono ancora essere parziali.
* Funzionalità avanzate (filtri, saved prefs) riservate ai piani a pagamento secondo le dichiarazioni dei fondatori (ma per il momento è in Beta e sembra essere totalmente utilizzabile)

**2) Perplexity**

Cosa funziona in [Perplexity](https://perplexity.ai/):

* Ottimo per risposte rapide e overview generali.
* Interfaccia semplice per domande veloci.

Quali sono i limiti della discovery:

* Fornisce spesso liste brevi e link, ma non schede comparabili e azionabili.
* Non è ottimizzato per mood cinematografico né per profilare interessi profondi sui prodotti.
* Spesso restituisce risultati “globali” senza curare disponibilità locale o filtri di prezzo.

**3) ChatGPT**

Cosa funziona in [ChatGPT](https://chat.openai.com/):

* È flessibile: con il prompt giusto può generare paragoni e consigli articolati.
* Utile per spiegazioni, decision trees e per trasformare criteri in checklists.

Quali sono i limiti della discovery:

* Non è nativamente connesso a un indice commerce verticale: tende a sintetizzare piuttosto che offrire link/availability verificati.
* Richiede prompt engineering per ottenere output strutturati e con call-to-action concreti.
* Senza layer di retrieval aggiornato perde freschezza e localizzazione.

**Cosa fare se vuoi risultati utili**

* Per ricerche veloci o overview → Perplexity / ChatGPT come primo step.
* Per decisioni d’acquisto o scoperta su misura → preferire motori verticali che restituiscano card strutturate e localizzate come Lumigo.
* Quando usi ChatGPT/Perplexity per discovery, esigi output strutturati (tabella: prezzo | link | rating | pros/cons) e verifica manualmente disponibilità locale.

Quindi in sostanza la discovery funziona quando l’engine combina: vertical knowledge, segnali reali utente (mood, storico), output strutturato e trasparenza delle fonti. Gli LLM generici sono formidabili ma senza dati verticali e output azionabili restano incompleti per la *product & movies discovery*.

E voi invece, che strumenti usate quotidianamente per scoprire film o scegliere prodotti?",Objective_Law2034,2025-09-14T09:55:08,0,1,https://reddit.com/r/Italia/comments/1ngn93d/la_vera_sfida_della_product_film_discovery_online/,film,2025-09
1ng0nv2,Zorro 1958 ed i film sconosciuti,"Sapevate che la serie di Zorro (una delle due) che veniva trasmessa alla RAI fu dismessa per problemi di finanziamenti e legali? Comunque esistono 4 film fatti successivamente mai tradotti in italiano.

C’è qualche video esperto che potrebbe usare l’AI e tradurli usando le voci dei doppiatori in italiano? E anche colorarli.",GeoworkerEnsembler,2025-09-13T15:40:17,0,1,https://reddit.com/r/Italia/comments/1ng0nv2/zorro_1958_ed_i_film_sconosciuti/,film,2025-09
1ne7dmy,Sottotitoli per film e episodi in Italiano,"Scusami se non scrivo tutto in modo cento percento correttamente. Ho studiato Italiano per cinque mesi adesso e non parlo o scrivo bene.

Ho una domanda.

Adesso guardo la film Un uomo felice. Voglio avere sottotitolo per capire bene ma i sottotitoli non è 100% le stesse parole o gli attori dicono durante la film. Non capisco perchè devono scelte altri parole per sottotitoli. Sì, lo so che il testo ha la stessa sensa ma perchè complicata una semplice causa. Mi sono accorto la stessa problema per alcuni altri film e episodi.

Quando guardo film in Inglese og Islandese il testo è assolutamente uguale al discorso. Perchè non in Italiano?",Ekkifleirimistok,2025-09-11T12:23:19,3,4,https://reddit.com/r/Italia/comments/1ne7dmy/sottotitoli_per_film_e_episodi_in_italiano/,film,2025-09
1nbh9uz,Critterz sarà il primo film d'animazione creato da OpenAI,,teorm,2025-09-08T07:26:40,2,2,https://reddit.com/r/Italia/comments/1nbh9uz/critterz_sarà_il_primo_film_danimazione_creato_da/,film,2025-09
1n8ed2a,Il tuo preferito tv show/film italiano?,"Sono svedese e mio nonno materno era di Napoli, so un po’ di italiano ma vorrei diventare fluente. Quali sono le vostre serie/film preferiti da guardare?",noccovikingen,2025-09-04T16:07:29,12,27,https://reddit.com/r/Italia/comments/1n8ed2a/il_tuo_preferito_tv_showfilm_italiano/,film,2025-09
1n8eban,Il tuo preferito tv show/film italiano?,,noccovikingen,2025-09-04T16:05:41,1,1,https://reddit.com/r/Italia/comments/1n8eban/il_tuo_preferito_tv_showfilm_italiano/,film,2025-09
1n7m9l4,Film di Nolan: scheletri di plastica e oggetti di scena gettati nel mare di Lipari,,humankendoll33,2025-09-03T18:08:07,19,5,https://reddit.com/r/Italia/comments/1n7m9l4/film_di_nolan_scheletri_di_plastica_e_oggetti_di/,film,2025-09
1n7jxkn,Titolo film italiano + domanda bonus,,Aran-Dalord,2025-09-03T16:42:39,0,3,https://reddit.com/r/Italia/comments/1n7jxkn/titolo_film_italiano_domanda_bonus/,film,2025-09
1n6cinq,"Harry Potter, un nuovo film è impossibile a causa delle idee di JK Rowling",,teorm,2025-09-02T06:51:20,2,4,https://reddit.com/r/Italia/comments/1n6cinq/harry_potter_un_nuovo_film_è_impossibile_a_causa/,film,2025-09
1n1gcgm,Perché i film italiani non hanno una trama coesa?,"Ieri mi è capitato di vedere un film italiano (Confusi e felici) e ancora una volta si trattava di un film costruito da una serie di scenette macchiettistiche legate da un filo conduttore che solo con molta buona volontà si può chiamare ""trama"". 

I film italiani che ho visto negli ultimi anni sono quasi tutti così (faceva eccezione ""smetto quando voglio"")
 Quale può essere il motivo? Dubito che sceneggiatori, registi e produttori non si rendano conto di fare cose senza storia e perciò destinate ad essere filmetti.",MonsieurCellophane,2025-08-27T12:59:04,0,32,https://reddit.com/r/Italia/comments/1n1gcgm/perché_i_film_italiani_non_hanno_una_trama_coesa/,film,2025-08
1mxyr3r,Cerco un film,"Ciao a tutti, cerco un film italiano drammatico, probabilmente uscito tra gli anni 2000 e i primi 2010. L’ho visto su DVD, non in TV o streaming.

Trama che ricordo:
	•	Due ragazzi vogliono andar via dalla loro città e decidono di rapinare la casa di un boss locale.
	•	Durante la rapina uccidono uno dei cani del boss.
	•	Il boss scopre tutto tramite telecamere di sicurezza e invita uno dei due ragazzi a casa sua.
	•	Qui, il boss gli propone una sorta di “penitenza”: deve uccidere un macellaio che consegna carne con un camion.
	•	Il ragazzo si avvicina con una pistola, ma viene arrestato prima di sparare.
	•	Dopo qualche mese, viene rilasciato e organizza una fuga con la sua fidanzata e l’amico. Alla fine, però, riescono a fuggire solo lui e la fidanzata; l’amico rimane indietro.

Ambientazione: credo fosse un paesino del Sud Italia.

Qualcuno ha mai visto un film con una trama simile? Sapete di cosa si tratta? Grazie in anticipo!",ApprehensivePrint573,2025-08-23T11:16:30,3,3,https://reddit.com/r/Italia/comments/1mxyr3r/cerco_un_film/,film,2025-08
1mvgex1,Ci avete mai fatto caso che il Salento visto da questa prospettiva sembra Pongo del film de La Carica dei 101?,,IncrediblyGay11,2025-08-20T14:30:37,311,19,https://reddit.com/r/Italia/comments/1mvgex1/ci_avete_mai_fatto_caso_che_il_salento_visto_da/,film,2025-08
1muknri,Il Film Animali da cRico,"Segnalo l'esistenza di questo film d'animazione tutto italiano, certificato dalla Direzione Generale Cinema e Audiovisivo (MiC per intendersi), che ho beccato per puro caso su Youtube come pubblicità.
Non credo sia precisamente negli standard ottimali per essere messo da qualsiasi parte (Da notare ""l'arte"" nel nome del video su YT che sbaglia la parola Circo con Crico) ma vorrei sapere delle opinioni, per capire se non sono l'unico ad averlo visto.(BOH)",Bioshock_EDC,2025-08-19T14:51:55,1,1,https://reddit.com/r/Italia/comments/1muknri/il_film_animali_da_crico/,film,2025-08
1mtasy0,Il nuovo film di Superman,"La DC è scesa parecchio di livello facendo praticamente un film Marvel. 
Lois che dice di non essere certa di amare Clark... ma che cazzo! 
Poco serio, troppa ricerca di momenti comici.
Non è un film di Superman; è una cazzo di parodia!",_nvc,2025-08-18T03:13:32,0,4,https://reddit.com/r/Italia/comments/1mtasy0/il_nuovo_film_di_superman/,film,2025-08
1msrpop,Ho trovato questo video Tiktok di un film 2006 che parlava di fuga di cervelli in Italia. Che ne pensate ? Credo sia molto attuale.,,Commercial-Quiet-234,2025-08-17T14:01:49,206,90,https://reddit.com/r/Italia/comments/1msrpop/ho_trovato_questo_video_tiktok_di_un_film_2006/,film,2025-08
1msmc00,Aiuto ricerca film con DeSica (?),"Scusate l'approfondimento così profondo... Non riesco a trovare un film dove credo DeSica in una scena di un famoso film. Credo anche lì cinepanettone dice che non ha due ascelle ma due bouquet 😀... Qualcuno sa dirmi il titolo del film ? Potrebbe anche essere che non sia con DeSica, grazie a tutti 🤠",HelloMotoIt,2025-08-17T09:20:38,1,0,https://reddit.com/r/Italia/comments/1msmc00/aiuto_ricerca_film_con_desica/,film,2025-08
1mp83um,"Cerco un vecchio film italiano, iintorno al 1970","Mi ricordo di vedere un film italiano che deve risalire al 1970 più o meno, un film molto strano, surreale e avanguardista.

C'era una madre con 4 figli, che vivono in un palazzo vicino alla spiaggia. La madre sembra essere una persona importante nel mondo degli adulti ma non si occupa molto dei figli.

I figli hanno un mondo tutto loro. Stanno facendo esperimenti, costruendo qualcosa, non mi ricordo. Ogni tanto muore un bambino per le cose che devono fare, ma la madre non sembra rendersi conto.

Non mi ricordo molto di più, secondo me era pure di un regista famoso (o almeno conosciuto). C'è qualcuno che riconosce e sa dirmi il titolo?",eti_erik,2025-08-13T15:48:57,2,1,https://reddit.com/r/Italia/comments/1mp83um/cerco_un_vecchio_film_italiano_iintorno_al_1970/,film,2025-08
1mmy36b,Sibillini Film Festival Day 4,,MrCineocchio1924,2025-08-10T23:57:38,1,0,https://reddit.com/r/Italia/comments/1mmy36b/sibillini_film_festival_day_4/,film,2025-08
1mmvezf,"Perché i film di shrek di Prime Video sono tutti inclusi con amazon Prime, tranne il 4? Perchè?",,MarcoIdk_,2025-08-10T21:58:57,1,3,https://reddit.com/r/Italia/comments/1mmvezf/perché_i_film_di_shrek_di_prime_video_sono_tutti/,film,2025-08
1mmr7lk,I nuovi film che ci saranno nel 2026 saranno Pazzeschi! 💥💥💥,"Angry birds 3
FNAF five night at freddy's 2
Shrek 5
Frozen
ROBLOX:the movie
Weapons
Scream 7
Coco 2
Ice age 6
Toy story 5
The Super Mario Bros 2
Kung fu panda 5
Bad guys 2
Smurf:the movie
avatar 3
Spiderman
Zootopia 2
Mega Minions

E MOLTI ALTRI! SE VOLETE VEDERE LA PT 2 ALLORA 100 FRECCIONE IN ALTO!!! 👍👍👍
Spero di esservi stato utile!",Gloomy-Attorney-6461,2025-08-10T19:11:37,0,1,https://reddit.com/r/Italia/comments/1mmr7lk/i_nuovi_film_che_ci_saranno_nel_2026_saranno/,film,2025-08
1mjyu43,Consigli per film italiani al femminile?,"Ciao a tutti, premetto che sono molto ignorante nella scena dei film italiani in quanto sempre evitati come la peste.

Di recente però ho del tempo libero ed avendo esaurito le cose da guardare pensavo di dare uno sguardo ai recenti film italiani usciti.

Il problema è che anche guardando su diversi forum i film italiani suggeriti sono sempre gli stessi (Smetto quando voglio, lo chiamavano jeeg robot, roba di Sorrentino, etc.)

Ecco qua arriva la parte complicata, per carità non dico che questi film non siano belli, è che da donna non mi sono ritrovata nei personaggi femminili in quanto li ho trovati molto “leggeri”, sempre alla mercé del protagonista maschile, senza una personalità al di fuori del fatto che quest’ultime siano la femme fatale/interesse romantico/moglie del protagonista.

Ripeto non sto dicendo che non siano belli e so bene che il focus di questi film sia altro ma per alcuni mi sono dovuta fermare a metà da quanto ho alzato gli occhi al cielo (si sto guardando te “lo chiamavano jeeg robot”).

In compenso alcuni film che mi sono piaciuti sono stati “Perfetti sconosciuti” e “C’è ancora domani”, anche la serie dell’amica geniale non era male.

Ci sono altri film italiani simili? (Considerando che non sono fan dei rom-com)",ThrowRA35831,2025-08-07T12:33:19,5,10,https://reddit.com/r/Italia/comments/1mjyu43/consigli_per_film_italiani_al_femminile/,film,2025-08
1mjy5ly,Film preferito?,"Inizio io, Forrest Gump (forse un po banale)",Miracolosso501,2025-08-07T12:00:47,3,19,https://reddit.com/r/Italia/comments/1mjy5ly/film_preferito/,film,2025-08
1miiwvf,Ma possibile che su Prime non si trova più un film in lingua originale?,Mi sanguinano le orecchie,Financial-Cloud588,2025-08-05T19:32:41,1,1,https://reddit.com/r/Italia/comments/1miiwvf/ma_possibile_che_su_prime_non_si_trova_più_un/,film,2025-08
1mi53wr,"Storia Horror Vera | Film Horror Breve Italiano 👻 L'amore si trasforma in terrore #storiahorrorvera #filmhorrorbreve #horroritaliano 
#leggendeurbaneitaliane #creepypastaitaliana 
#paura #thrillerpsicologico #gialloitaliano 
#horror #scary #viral",,GlumLeg8056,2025-08-05T10:04:03,0,0,https://reddit.com/r/Italia/comments/1mi53wr/storia_horror_vera_film_horror_breve_italiano/,film,2025-08
1mgfx8m,"Piracy Shield, la piattaforma nazionale antipirateria, ora deve oscurare anche film, musica e serie tv pirata",,Maleficent-Trick8930,2025-08-03T10:27:10,137,126,https://reddit.com/r/Italia/comments/1mgfx8m/piracy_shield_la_piattaforma_nazionale/,film,2025-08
1mdaohx,"Ci sono cinema nel nord Italia, dove trasmettono film in lingua originale con i sottotitoli?","Non sono uno che va molto al cinema e ho vicino casa un movie planet che peró trasmette solo film doppiati. Volevo sapere se nelle grandi città, o in generale, ci siano delle sale con la possibilità di vedere il film in lingua originale. Avevo sentito che il Notorius Cinema (quello con la sala Imax) ha questa possibilità. È vero?",SiorNafDaPadova,2025-07-30T16:08:49,0,8,https://reddit.com/r/Italia/comments/1mdaohx/ci_sono_cinema_nel_nord_italia_dove_trasmettono/,film,2025-07
1ma0kfo,Quali film o romanzi classici vi hanno stupito in positivo?,"Mi riferisco ai film ""che tutti dovrebbero vedere"" o ai libri ""che tutti dovrebbero leggere"".

A me capita talvolta di essere restio ad affrontarli o perché prodotti tanti anni fa o perché non mi fido dei suggerimenti troppo istituzionali. Ad esempio ""Ecce Bombo"" di Nanni Moretti l'ho visto alle superiori ed è stato una merda colossale. 

D'altro canto ho adorato: 

* Dracula di Bram Stoker
* I libri di Jules Verne
* La coscienza di Zeno di Svevo
* Il fu Mattia Pascal di Pirandello
* I film di Totò",teorm,2025-07-26T18:27:56,7,20,https://reddit.com/r/Italia/comments/1ma0kfo/quali_film_o_romanzi_classici_vi_hanno_stupito_in/,film,2025-07
1m8ci9r,Film horror,"Qualcuno mi consiglia un film horror da guardare sta sera?
Purtroppo me ne sono piaciuti veramente pochi, voglio qualcosa di veramente spaventoso, non solo jumpscare o musichetta inquietante e la solita salsa.",SakuAkuma,2025-07-24T18:38:09,1,5,https://reddit.com/r/Italia/comments/1m8ci9r/film_horror/,film,2025-07
1m6gva1,Ho bisogno di agliuto per trovare un film,"Salve a tutti ho bisogno del vostro agliuto, cerco un film intitolato Stabat Mater  non è molto famoso ed è stato fatto da uno studio del Sannio, ricordo che in questo film c'è un ragazzo e una ragazza (probabilmente fidanzati),che in un bosco incrociavano un cacciatore con il figlio il quale dici: ""Papà è vivo"", in fine padre e figlio scappano.
Ho trovato alcune in immagini ma non il film in sé per favore agliutatemi.",libero_pensatore331,2025-07-22T15:18:00,1,2,https://reddit.com/r/Italia/comments/1m6gva1/ho_bisogno_di_agliuto_per_trovare_un_film/,film,2025-07
1m5c3q6,"Dopo film, videogiochi e social... Quale sarà il prossimo ""cattivo"" che renderà ""malvagi"" i nostri figli e su cui scaricare le nostre mancanze?",,Byuskas25,2025-07-21T07:05:04,81,55,https://reddit.com/r/Italia/comments/1m5c3q6/dopo_film_videogiochi_e_social_quale_sarà_il/,film,2025-07
1m0gtzv,Il 44% dei film destinatari di contributi pubblici per il cinema non è mai uscito nelle sale,,DurangoGango,2025-07-15T12:46:23,52,1,https://reddit.com/r/Italia/comments/1m0gtzv/il_44_dei_film_destinatari_di_contributi_pubblici/,film,2025-07
1lyqjw4,"La realtà rappresentata da film come ""Smetto quando voglio?"" é effettivamente reale?","Sono del 1990, crescendo facevo parte della cosiddetta Generazione Mille Euro, anche se personalmente me la sono sempre cavata a livello di stipendi, probabilmente perché non mi sono laureata e sono andata verso un lavoro d'ufficio. 

Smetto quando voglio é un film di oramai 10 anni fa, che parla di un gruppo di iperlaureati e luminari che, incapaci di trovare lavori decenti e la possibilita di farsi una vita decidono di iniziare a spacciare. 

Questa é solo una delle situazioni che mi é capitato di vedere, ci sono anche infiniti altri film italiani che parlano di una generazione di laureati indigenti. 

Ora, mi chiedevo, ma tutto questo é vero? Cé davvero una percentuale di ricercatori precari che festeggia se riesce a trovare un lavoro da cameriere a 700 euro al mese?",shiroihon,2025-07-13T11:30:10,52,55,https://reddit.com/r/Italia/comments/1lyqjw4/la_realtà_rappresentata_da_film_come_smetto/,film,2025-07
1lxsoi7,"12 LUGLIO 1944 🇮🇹 

ECCIDIO DI CIBENO (Carpi).

Un gruppo di SS al comando del tenente Karl Müller fucila 67 prigionieri del campo di concentramento di Fossoli. Tra le vittime anche il ""Generale Della Rovere"", protagonista di un romanzo di Montanelli e di un film di Rossellini.",,Asiablog,2025-07-12T05:33:23,32,0,https://reddit.com/r/Italia/comments/1lxsoi7/12_luglio_1944_eccidio_di_cibeno_carpi_un_gruppo/,film,2025-07
1lviolb,"Quindi? Non posso più guardare niente sui siti di streaming pirata? Non sto parlando del ""pezzotto"" o qualsiasi cosa a pagamento, intendo proprio cercare e guardare film e serie su un sito pirata qualsiasi come ho sempre fatto.... chiedo perché vorrei essere sicuro prima di spendere 80€ per una VPN",,jackb26,2025-07-09T13:22:58,2,12,https://reddit.com/r/Italia/comments/1lviolb/quindi_non_posso_più_guardare_niente_sui_siti_di/,film,2025-07
1lu7y3j,se non trovo il titolo di questo film impazzisco,"Sono un ragazzo della tarda Gen Z e ricordo questo film d'animazione che ho visto quando ero piccolo (l'ho visto tra il 2012 e il 2016, ma probabilmente il film è più vecchio)
che parlava di una ragazza e della sua sorellina, entrambe provenienti da una tribù con anelli al collo, e di una donna anziana che sembrava esattamente come quella nella foto.
Andavano in città e scoprivano come le persone fuori dal loro villaggio non vivono in armonia con la natura come fanno loro. Ricordo chiaramente che la sorella più giovane poteva sentire la voce della terra e anche che alla fine una specie di gigantesco serpente magico di potere blu usciva dalla terra, e c'era anche una scena in un centro commerciale. Non sono sicuro se sia un film internazionale o qualche tipo di film promozionale di un'ONG italiana ma DEVO scoprire come si chiama, ho chiesto a tutti i miei amici e anche ai miei parenti e nessuno di loro ricorda il titolo, per favore aiutatemiii",Parsival_ITA,2025-07-07T22:23:15,1,5,https://reddit.com/r/Italia/comments/1lu7y3j/se_non_trovo_il_titolo_di_questo_film_impazzisco/,film,2025-07
1lt93o9,Titolo film,"Buonasera, è da tempo che provo a cercare un film di cui non riesco proprio a ricordarne il titolo e ho delle scene molto frammentate essendo che l’ho visto tipo 15/16 anni fa, ricordo c’era lei che non era umana adesso non so se demone, succuba o un vampiro e nella scena in particolare lei si apparta con un ragazzo durante una festa in una delle stanze e incomincia a farci sesso e lei inizia a muoversi stra velocemente (effetti speciali dei tempi), e inizia anche a tremare tutto quanto, alla fine il ragazzo si trova completamente zuppo di sudore e con dei tagli che sembrano quasi squarci o sulla schiena o sul petto",dakuhhh,2025-07-06T19:01:30,1,3,https://reddit.com/r/Italia/comments/1lt93o9/titolo_film/,film,2025-07
1lt6q57,"Film e serie tv americane con personaggi fisicamente perfetti, la noia","La maggior parte dei prodotti statunitensi ha uno standard di bellezza irrealistico, posso capire che nei film marvel abbiano tutti il fisico da urlo ma quanto è irrealistico vedere una serie teen con tutti personaggi maschili con addominali definiti e sorrisi smaglianti? Le ragazze ovviamente sono tutte magre e toniche.

Anche gli occhiali tendono a comparire pochissimo tra i personaggi, nonostante circa metà popolazione usa li indossi.

Vogliono vendere un sogno ma rischiano anche di vendere insicurezze in tanti ragazzi e ragazze che guardano questi prodotti, non credete?

Per fortuna in prodotti europei questo è meno vero, il protagonista figo/a è un classico ma i personaggi di contorno hanno corpo e aspetto normali.",Bakura92,2025-07-06T17:23:23,49,50,https://reddit.com/r/Italia/comments/1lt6q57/film_e_serie_tv_americane_con_personaggi/,film,2025-07
1ls613u,Quali sono i titoli di questi film?,"Ciao a tutti, ho in mente confuse parti di film che non riesco, però, a collegare al loro titolo. Chiedo quindi se, per caso, qualcuno di voi riesca a indicarmi il titolo del film. Grazie.

1. Il primo è un cartone animato, di cui avevo visto la pubblicità al cinema quando ero bambino (anni Novanta). Non so se sia della Walt Disney ma non credo, dato che non ho trovato riscontro nel catalogo Disney di quegli anni. Il protagonista mi pare sia un gallo. Ho in mente anche un'immagine dove c'è un papà che legge una fiaba a suo figlio e all'improvviso si spalanca la porta e si vede, sullo sfondo di un cielo temporalesco, un gufo. Non so, dunque, se sia un mix di cartone animato e film con attori in carne e ossa.
2. Il secondo film è un film cupo e distopico. Piuttosto violento, direi anni Settanta o Ottanta. Il protagonista ricorda un po' Jena di ""1997 fuga da New York"" e l'ambientazione quella di Mad Max. So che c'è un duello - almeno mi pare - con le motociclette (dove c'è un tizio che muore infilzato da delle lance) e un momento dove il protagonista, legato a un lettino e sotto - presumibilmente - tortura, all'improvviso, con un guanto a cui sono fissati degli artigli, cava gli occhi al suo carnefice.
3. Film erotico/drammatico (anni 70 o 80) ambientato in una villa. Il protagonista mi pare sia un servo (a cui piace leggere Marx, quindi di idee comuniste) che è l'oggetto del piacere sessuale della padrona della villa. All'interno della villa, gli appartenenti alla servitù hanno rapporti sessuali fra di loro. C'è una ragazza che si versa del latte sul petto e poi fa autoerotismo. Nel finale, se ricordo bene, c'è anche la statua di una Madonnina che pare piangere lacrime umane.
4. Commedia italiana anni 80: in stile ""Sapore di mare"" e ""Rimini Rimini"" (forse è pure uno dei due, film entrambi che non ho visto). Mi pare ci sia Jerry Calà. Mi ricordo uno scambio di battute volgare e politicamente scorretto dove il fidanzato dice alla fidanzata: ""Brutta tr\*ia""; lei si arrabbia e lui ribatte: ""Ok, mi rimangio il brutta, allora"".
5. Film presumibilmente di gangster/mafia dove c'è un agguato: viene tirato addosso un lenzuolo bianco alla vittima che poi viene ripetutamente accoltellata.
6. Film presumibilmente italiano e presumibilmente thriller. Si apre con lo strangolamento con una cintura di una donna mezza nuda (porta solo slip e collant). La donna - se ricordo bene - assomiglia a Veronica Pivetti.
7. Film anni 80/90 fantastico/fantascientifico dove il nemico è un rettile: all'improvviso la sua testa si apre in due e si mostra per quello che è.
8. Film anni 80/90 dove il protagonista è un ragazzo affetto di cancro. Scoprirà di essere guarito quando sentirà di nuovo il profumo di una mela.

Grazie!",Sham_rock_16,2025-07-05T09:33:46,1,2,https://reddit.com/r/Italia/comments/1ls613u/quali_sono_i_titoli_di_questi_film/,film,2025-07
1lqyfmv,Firmate la petizione per portare i film del Project sekai in Italia!,,umby_rtx,2025-07-03T19:24:22,2,3,https://reddit.com/r/Italia/comments/1lqyfmv/firmate_la_petizione_per_portare_i_film_del/,film,2025-07
1lp6sxm,Telecamere negli appartamenti delle escort. Film di spionaggio o realtà?,"Togliamoci il dente alla prima riga: SI, VADO AD ESCORT, SONO UNO SFIGATO. 

Fatta questa premessa importantissima, passiamo al sodo. 

Sono un frequentatore di signore dai facili da qualche anno e le mie scelte ricadono sempre sulle stesse ""categorie"": asiatiche, latine e, a volte, ragazze dell'est. I motivi spaziano dal costo relativamente basso, dalla cortesia di tali popolazioni (fatta eccezione per l'est, tendenzialmente, che sono spesso care e antipatiche, con rare eccezioni) e ovviamente, la sicurezza prima di tutto, soa om termini di privacy che di protenzioni. Diciamo che il mio servizio ""tipo"" è un messaggio molto rilassante. Ma non andiamo oltre. 

  
Oggi, per la prima volta in anni, ho avuto una brutta esperienza già al telefono: chiamo con il privato (sempre fatto, non negoziabile, capitato solo una volta a numero ""scoperto"" e ho ricevuto messaggi di SPAM per mesi. Mai più), mi risponde ragazza dell'est molto scazzata che mi fa terzo grado (""Quanti anni hai? Chi sei? Perché numero privato?"") e io rispondo senza problemi anche perché non ho nulla da nascondere, se non appunto il numero per motivi di privacy. Al ché, a fine telefonata la signora mi dice ""ok ti accetto anche se con numero privato, ma devi arrivare entro 5 minuti"". La richiesta mi sembrava strana, ma accetto, ero in zona. Se non fosse che, mentre stavo per mettere giù sento la signora parlare verosimilmente con la collega e dire ""accendi un po' la videocamera, vah..."". Non sono ovviamente andato. 

  
La domanda che faccio oggi, dopo anni di relativa tranquillità è la seguente: secondo voi nei loro appartamenti, per motivi di sicurezza, le signore hanno telecamere? E se si, delle immagini cosa se ne fanno? Le cancellano una volta che il cliente, comportatosi bene, esce oppure le archiviano in mega-cartelle chiamate ""puttanieri""? 

Anche lato ricatto, perché farlo? Immagino sia una professione proficua, con tanti soldi in relativo poco tempo, perché rischiare una denuncia, a meno che non si abbia a che fare con gente famosa o molto ricca (non il mio caso). 

Chiedo anche per utenti che lavorano o nelle forze dell'ordine o che collaborano con esse: cosa succede in questi casi? Vi è mai capitato di subentrare in casi in cui effettivamente c'erano delle videocamere nascoste da parte delle signore? 

  
P.S. Questo per ovvie ragioni è un account ""usa e getta"". Conosco il forum e le dinamiche, so che la tentazione di scrivere battute, prese in giro o simili è alta. E' anche alta, già lo so, la voglia di indignarsi verso ""questi schifosi che vanno ad escort"". Accetto le critiche e l'ironia, se fatte in maniera intelligente, ma lasciate spazio ad una discussione che potrebbe essere utile a molti (magari anche a qualcuno vicino a voi che, ops, va anche lui ad escort).",SoilProfessional9734,2025-07-01T16:51:08,2,0,https://reddit.com/r/Italia/comments/1lp6sxm/telecamere_negli_appartamenti_delle_escort_film/,film,2025-07
1lovu8v,"Memories: il film a episodi di Otomo torna al cinema in Italia per tre giorni, le date ufficiali",,AfternoonIcy3206,2025-07-01T07:53:38,1,2,https://reddit.com/r/Italia/comments/1lovu8v/memories_il_film_a_episodi_di_otomo_torna_al/,film,2025-07
1ln1xtg,Per chi lo conosce mi consiglierebbe dei film simili a Vinterviken,,Secret_Ground_3881,2025-06-29T00:45:19,1,1,https://reddit.com/r/Italia/comments/1ln1xtg/per_chi_lo_conosce_mi_consiglierebbe_dei_film/,film,2025-06
1phe39l,secondo voi che sport si può associare ad un treno?,,SecretSarino,2025-12-08T14:42:12,0,7,https://reddit.com/r/Italia/comments/1phe39l/secondo_voi_che_sport_si_può_associare_ad_un_treno/,sport,2025-12
1pggjn8,"In Italia esiste solo il calcio? La fatica di essere atleti d'élite a 15 anni in uno sport ""invisibile""...","Ciao a tutti. Volevo condividere uno spunto di riflessione e un video.

Siamo due atleti di 14 e 15 anni. Abbiamo appena rappresentato l'Italia al Campionato del Mondo, arrivando settimi (primi degli esclusi dalla finale). **Ci alleniamo ore ed ore ogni giorno, facciamo sacrifici enormi**, studiamo la biomeccanica del movimento proprio come si fa in altri sport molto più popolari **eppure**, spesso, **ci sentiamo dire che il nostro ""non è un vero sport""**, o veniamo ignorati perché non c'è un pallone che rotola.

Questo video è un estratto della nostra Rumba durante la semifinale del Mondiale WDSF 2025 Junior II Latin. Guardate il controllo, l'equilibrio, la tensione muscolare.

**La domanda per voi è:** *Perché in Italia c'è ancora questo gap di percezione verso gli sport artistici? È solo colpa della TV o c'è un pregiudizio culturale? Ci piacerebbe sentire l'opinione di chi pratica altri sport ""minori"".*",Excellent_Donut_2827,2025-12-07T11:50:29,489,437,https://reddit.com/r/Italia/comments/1pggjn8/in_italia_esiste_solo_il_calcio_la_fatica_di/,sport,2025-12
1pflujm,"Annuncio choc del noto Carlo Vanzini di Sky Sport F1: 'Ho un tumore, a gennaio mi opero. Ecco come l'ho scoperto'",,Powerful-Ostrich-120,2025-12-06T10:07:01,1,1,https://reddit.com/r/Italia/comments/1pflujm/annuncio_choc_del_noto_carlo_vanzini_di_sky_sport/,sport,2025-12
1p9ourm,Lo sport nella mia città,"Riflessioni di un sabato.

Sono di Rimini.

Sono cresciuto nel mito del rimini Baseball, squadra che vinse 13 scudetti e 3 coppe dei campioni. Tra il 2018 e il 2019 il nuovo proprietario si trasferì al Nettuno (storica rivale di Rimini) e il Rimini Baseball non fu iscritto al successivo campionato, cessando de facto di esistere.

Ricordo i festeggiamenti della prima promozione del Rimini calcio in B. Oggi la squadra è fallita per la terza volta in 15 anni. Una specie di record.

Ricordo i Rimini Crabs, storica squadra di basket, squadra fallita a meta anni 2010. Non arrivammo mai oltre il sesto posto in Serie A, ma cavolo chi non ricorda giocare Carlton Meyers

E infine la Pallamano Rimini, che vinse due scudetti. Fallita nel 2013.

Quando vi lamentate della squadra della vostra città, pensatemi.",ILovePiadina,2025-11-29T13:22:41,6,2,https://reddit.com/r/Italia/comments/1p9ourm/lo_sport_nella_mia_città/,sport,2025-11
1p41lfr,Il tennis è il nuovo sport per radical chic?,"IL TENNIS È IL NUOVO SPORT DEI RADICAL CHIC FIGHETTI CHE SI MENANO LA PALLINA DA CANE CON LA PADELLA MENTRE SI SENTONO I RAFFINATI DEL CAZZO

  
Ma soprattutto:  
PERCHÉ CAZZO QUESTO SPORT DA SEGHE MENTALI SENZA ARTE NÉ PARTE, SENZA CAPO NÉ CODA, NON LO MANDANO SU RAI SPORT A FARE INCULARE SOLO I QUATTRO SFIGATI CHE SE LO GUARDANO, INVECE DI INTASARE LA RAI PER TRE SETTIMANE DI FILA A FARCI SORBIRE DUE GRISSINI UMANI IN MUTANDE CHE GEMONO COME LE MEGLIO PORNODIVE DEGLI ANNI NOVANTA MENTRE SI SPEDISCONO UNA PALLINA GIALLA FLUO DA 99 CENTESIMI CON UN MESTOLO PER LA POLENTA GIGANTE SU UN CAMPO CHE SEMBRA PROGETTATO DA UN ARCHITETTO DELL’UNISALENTO FATTO DI MDMA?

Il tennis è diventato il simbolo perfetto del radical chic 3.0:  
\-> costi da Formula 1 ma lo vendono come sport per tutti  
\-> campi in terra rossa che sembrano vigneti toscani  
\-> abbigliamento total white “per tradizione” (leggi: per fare i fighetti)  
\-> pubblico che “shhhh” pure se tossisci  
\-> e alla fine vincono sempre i soliti tre che hanno iniziato a giocare a 3 anni perché papà aveva il circolo privato

Ma soprattutto \[PARTE DUE\]:  
\-> Il campo sembra un parcheggio Lidl riverniciato di verde e blu da un geometra con la depressione  
\-> il pubblico deve stare zitto come se stesse guardando la Madonna che partorisce, altrimenti arriva la signorina “shhhhhhhhhh” con la gonna plissettata  
\-> Il coach può venire in campo a parlarti durante il match. Cioè praticamente ti fanno giocare con il suggeritore, roba che manco a Chi vuol essere milionario. Solo Gerry Scotti manca a sta pagliacciata catatonica  
\-> I giocatori cambiano racchetta ogni 3 game “perché si è scaricata la corda” (???)  
\-> Si fermano ogni 10 minuti per asciugarsi il sudore con un asciugamanino ricamato come se fossero principesse asburgiche

  
E poi ci sono i raccattapalle, POVERE ANIME DI DIO!!!!!!!!  
Quei poveri bambini costretti a stare immobili come statue di sale per cinque ore, in ginocchio, sotto il sole o la pioggia, con la divisa da camerieri del Grand Hotel:  
\-> devono essere catatonici senza battere ciglio e nel frattempo fulmini quando serve la palla  
\-> il tennista – un milionario che guadagna 80.000 euro solo per grugnire – prende le tre palline, le guarda come un sommelier guarda il vino, ne scarta una perché “non gli piace il rimbalzo” (sono tutte uguali coglione le fanno gli schiavi bambini in Vietnam a 3 centesimi l’una) e poi quella scartata la rilancia al raccattapalle a 180 km/h come se stesse tirando una molotov in curva a Scampia  
\-> se il bambino la prende in faccia è colpa sua, “dovevi essere più veloce”. se si muove di un millimetro mentre il fighetto sta servendo, lo squalificano  


Bambini usati come bersagli umani e distributori automatici, tutto questo mentre il pubblico radical chic applaude composto sorseggiando bollicine da 90 euro a bottiglia

E nessuno dice niente, perché “è tradizione”

Tradizione la menchia

  
detto questo, aspetto insulti in dialetto trentino, minacce di morte da gente che ha speso 3000 euro per andare a Wimbledon e insulti da mamme tenniste che “mio figlio è un 4.2 under 14”",Correct_Upstairs_488,2025-11-22T19:14:45,2,27,https://reddit.com/r/Italia/comments/1p41lfr/il_tennis_è_il_nuovo_sport_per_radical_chic/,sport,2025-11
1oopa8g,Che sport potrei iniziare a 18 anni?,"Non chiedo risposte tipo ""quello che vuoi"" perchè iniziare certi sport a 18 è molto più difficile rispetto a 12-15 anni.
opterei più per uno sport individuale, ho anche pensato di  reiscrivermi in palestra ma poi mi sono ricordato perchè avevo smesso di andarci.

poi sento che comunque sono ancora in tempo per poter costruire qualcosa per me stesso, adesso che ho iniziato l'università ho molto più tempo libero, e non allenarmi mi fa sentire un bradipo.

se qualcuno di voi si è iscritto a uno sport circa alla mia età, mi potete dire come vi siete trovati e magari qualche consiglio?",Secret-Ad-7087,2025-11-05T01:09:04,4,39,https://reddit.com/r/Italia/comments/1oopa8g/che_sport_potrei_iniziare_a_18_anni/,sport,2025-11
1oghkvm,I grandi sondaggi della Gazzetta dello Sport,,flallo95,2025-10-26T10:48:12,11,9,https://reddit.com/r/Italia/comments/1oghkvm/i_grandi_sondaggi_della_gazzetta_dello_sport/,sport,2025-10
1ofre66,Sport e allenamento,"Ciao a tutti ragazzi e ragazze di reddit Italia. Andando direttamente al punto, mi chiamo Francesco M19, mi alleno molto mi piacciono vari sport e rispetto tutti. Curo alimentazione, riposo etc. Mi chiedevo se c'è qualcuno che abbia voglia di parlare per condividere esperienze sullo sport e sugli allenamenti. Se siete agonisti meglio ancora, se non lo siete va benissimo comuqnue, si può imparare da chiunque.",Francesco25_,2025-10-25T13:20:39,2,4,https://reddit.com/r/Italia/comments/1ofre66/sport_e_allenamento/,sport,2025-10
1oe11u5,Violenza e Ipocrisia: lo Sport come Specchio della Società,,Tall-Claim9391,2025-10-23T11:44:50,1,1,https://reddit.com/r/Italia/comments/1oe11u5/violenza_e_ipocrisia_lo_sport_come_specchio_della/,sport,2025-10
1oc8gnc,sport obiettivi e allenamento,"Ciao a tutti, ho notato che sempre più persone fanno sport giusto per farlo e non inseguono diciamo un obiettivo. Capisco che non tutti sognano di vincere una medaglia olimpica, però, mi chiedo.... è possibile che oramai siano pochissimi i ragazzi che hanno un sogno di questo tipo? Voi avete qualche obiettivo? che sport fate? come vi allenate e migliorate?
    Grazieeee",Francesco25_,2025-10-21T09:36:32,0,9,https://reddit.com/r/Italia/comments/1oc8gnc/sport_obiettivi_e_allenamento/,sport,2025-10
1o77ynx,Come iniziare a seguire lo sport?,"Non mi sono mai interessato troppo allo sport, nemmeno al calcio, mi piacerebbe iniziare a seguirlo con regolarità. 
Ho sempre solo visto degli highlights su YouTube e qualche partita sporadicamente quando mi trovavo in compagnia.
Quelli che piu mi attraggono sono Nba, pallavolo (mi sono trovato a vedere la finale maschile dell'altro giorno), il calcio anche.
Non avendo una TV con decoder, Sky ecc.. la maggior parte del tempo lo passo al PC o al telefono e non so nemmeno da dove partire per cercare cose da guardare. Il più delle volte vengo a sapere solo dopo che c'è stata una partita che mi sarebbe piaciuto guardare, ad esempio l'Italia che ha giocato ieri, l'ho saputo solo oggi che ho trovato gli highlights su YouTube. 
Avete consigli? Esistono siti specializzati che per ogni sport ti dicono quali partite ci sono ogni giorno e su quale piattaforma/canale? 
Grazie",BorgoAntico,2025-10-15T11:04:42,0,11,https://reddit.com/r/Italia/comments/1o77ynx/come_iniziare_a_seguire_lo_sport/,sport,2025-10
1o3wgkw,Sto valutando quale sport iniziare,"Negli ultimi tempi sto cercando uno sport da seguire con costanza, e sono indeciso tra tennis ed escursionismo/hiking (se si può considerare uno sport a tutti gli effetti).

Vivo in una zona dove non mancano montagne e sentieri — tra Marche, Abruzzo ed Emilia ci sono luoghi stupendi da esplorare sia d’estate che d’inverno. Inoltre sarebbe perfetto da fare nel weekend senza intaccare il tempo libero in settimana (che non é molto dopo le 18)

D’altro canto, il tennis è più impegnativo, richiede strutture e orari fissi (campo, maestri, iscrizioni), ma offre anche un allenamento completo, dinamico e più sociale.

Mi piacerebbe capire quale delle due attività porta più benefici nel lungo periodo, sia fisici che mentali.

Voi quale consigliereste?",0rk4n,2025-10-11T14:04:03,1,4,https://reddit.com/r/Italia/comments/1o3wgkw/sto_valutando_quale_sport_iniziare/,sport,2025-10
1nzf9ah,"Uomini etero che fate qualche sport di squadra o andate in palestra, è vero che ci si abitua a vedere altri uomini nudi?",Ci si abitua davvero del tutto? Oppure c'è sempre un minimo di disgusto a vederli?,Embarrassed-Pain-685,2025-10-06T10:23:27,8,62,https://reddit.com/r/Italia/comments/1nzf9ah/uomini_etero_che_fate_qualche_sport_di_squadra_o/,sport,2025-10
1nxv13p,Festa dello sport oggi a Diano Marina (IM),,Ok_Potential_5478,2025-10-04T14:11:22,4,0,https://reddit.com/r/Italia/comments/1nxv13p/festa_dello_sport_oggi_a_diano_marina_im/,sport,2025-10
1nxnjhq,Avere a che fare con i cretini / Sport,"Buongiorno a tutti,   
papà di due bambine di 2 e 6 anni qui. 

2 anni fa ho iscritto mia figlia più grande a Brasilian ju jitsu per cercare di darle una mano ad avere a che fare con i maschi imbecilli che già alla materna pensavano bene di accogliere a calci nel petto (non scherzo).  
Purtroppo lei ha l'approccio naif della madre *""cerca di capirli, sono maschi, sono scemi, non parlano ma usano le mani""* combinato con quelli delle maestre *""sono bambini cresceranno noi* controlliamo *tutto stia tranquillo è normale"".*  
Ora per fortuna siamo in prima elementare e le dinamiche ""violente"" sono finite però... ecco che a in palestra è arrivato il cretino di turno.   
100% ADHD follia sia verbale che fisica e ovviamente un anno più grande di mia figlia, ogni volta che lottano questo le fa male. Non parliamo di danni fisici permanenti eh ma di piedi schiacciati, dita negli occhi, etc etc.   
Ora è logico che lottano, non fanno balletti ma la piccolezza va in stress e non riesce a godersi la lezione. Ha chiesto più volte al maestro di non lottare con questo soggetto ma l'approccio è ""più mi chiedi di non lottare con lui e più ci lotti"". Ovviamente sono super controllati però, ecco, sono combattuto perchè mi fido dei maestri ma come padre dentro ho un vulcano di emozioni.   
Da un lato continuo a ripeterle che le difficoltà vanno affrontate e deve trovare il modo di contenerlo, dall'altro ovviamente appena si arriva a casa la soluzione di mia moglie (con cui la piccola si confronta e che non sta in palestra e vedere quel che succede) è *""cambiamo palestra"".*  
Ieri ho riparlato ancora con mia figlia e mi ha detto *""papà non mi arrendo, continuerò ad andarci e ce la metterò tutta""* stavo per piangere io a quel punto ma mi sono chiesto quanto debba insistere a lasciarle risolvere queste piccole dinamiche da sola e quanto invece dovrei farle fare soltanto attività che la facciano stare spensierata e basta. 

Grazie per ogni consiglio che vorrete darmi",IvanPavIov,2025-10-04T07:25:23,4,37,https://reddit.com/r/Italia/comments/1nxnjhq/avere_a_che_fare_con_i_cretini_sport/,sport,2025-10
1nl3bm9,Come ottenere certificato medico per sport agonistico il più velocemente possibile?,"Tornerò in italia per una breve visita e vorrei giocare a tennis, ma mi è stato detto che devo avere il certificato medico.

Vivendo all'estero non ho un medico in italia. C'è qualche modo per fare la prova da sforzo con certificato e ottenere il tutto in giornata in Italia? Un medico privato potrebbe farlo in tempi brevi?

Grazie!",EthernetWavesFr,2025-09-19T13:17:10,2,3,https://reddit.com/r/Italia/comments/1nl3bm9/come_ottenere_certificato_medico_per_sport/,sport,2025-09
1ngysqu,Consiglio: Vorrei fare sport ma sono un completo disastro,"Ciao a tutti! ho quasi 30 anni e, escludendo un annetto di nuoto quando andavo ancora alle elementari, non ho praticamente MAI praticato attività sportive. Adesso però, complice una vita a dir poco sedentaria (lavoro come impiegato) e un fisico Skinny Fat davvero raccapricciante, vorrei provare a cimentarmi in qualcosa. Il mio obbiettivo non ho neanche lontanamente diventare il nuovo The Rock ma fare un minimo di attività fisica, quel minimo che serve per essere più sano nel corpo e nella mente (non ho questa grande fiducia in me stesso, e penso che lo sport potrebbe aiutarmi in tal senso). Il problema è che ogni volta che ho provato a fare un minimo di attività fisica è stato un disastro: la mia forza è praticamente inesistente, così come la mia resistenza e ho zero coordinazione. So che non è un ritratto particolarmente edificante ma vorrei provare a migliorare dedicandomi a qualcosa un 2/ 3 ore alla settimana. Qualcuno avrebbe suggerimenti? Grazie!",MrAGB,2025-09-14T18:25:57,4,38,https://reddit.com/r/Italia/comments/1ngysqu/consiglio_vorrei_fare_sport_ma_sono_un_completo/,sport,2025-09
1nao0dt,Basket come sport di nicchia,"Oggi ci sta la partita fra italia-slovenia, importante perché è la prima ad eliminazione diretta.
Ma immagino che nessuno lo sappia, vero? 
I media sono fissati solo sul  calcio, su ciò che riguarda la nazionale; poi viene il tennis grazie principalmente ai risultati di sinner; poi i motori che in Italia son sempre importanti.
E poi gli altri sport? Oggi ad esempio ho sentito sia in TV che in radio di una domenica sportiva, tra pallavolo, motori e tennis; basket snobbato.
Mi domando: perché questo trattamento per il basket? È il terzo sport più seguito in Europa e il basket italiano è storicamente stato tra i migliori in Europa; forse il disinteresse è nato perché i risultati hanno iniziato a scarseggiare?
Quest'estate è stata storica a livello femminile e giovanile per la pallacanestro. Qualche media ha per caso celebrato il risultato? No, magari erano impegnati sul calciomercato.
Se i primi a disinteressarsi sono i media sportivi, come si pretende che l'interesse per il basket aumenti?",artistickjock,2025-09-07T08:34:17,0,12,https://reddit.com/r/Italia/comments/1nao0dt/basket_come_sport_di_nicchia/,sport,2025-09
1n91huu,"""Lo sport deve unire, non dividere"" dice il nostro ministro dello sport, ma... Vale anche in questo caso? (= richiesta di esclusione di Israele dalle competizioni sportive internazionali)",,Manga_farloapposta,2025-09-05T10:24:02,0,2,https://reddit.com/r/Italia/comments/1n91huu/lo_sport_deve_unire_non_dividere_dice_il_nostro/,sport,2025-09
1mxz69e,Ritmica: Sofia Raffaeli da sogno: bronzo mondiale a Rio - Altri Sport - Ansa.it,,sync86ita,2025-08-23T11:39:29,5,1,https://reddit.com/r/Italia/comments/1mxz69e/ritmica_sofia_raffaeli_da_sogno_bronzo_mondiale_a/,sport,2025-08
1m2vcfy,Servono più campi pubblici per fare sport.,"Io vivo a Trieste e sento sempre la stessa solfa dalle persone 40+, ""i giovani stanno sempre a casa e non vogliono fare un cazzo""; mi sono quindi chiesto ""ma, esattamente, cosa c'è da fare?"" 

E qui vi porgo la risposta! Un cazzo. 

A Trieste ci sono su e giù 18.000 ragazzi e ragazze fra i 10 e i 19 anni i quali come attività preferita hanno l'alcol, e come biasimarli quando le alternative non esistono? 

Sale giochi? Chiuse. Escape room? Ce ne sono due e costano l'ira di dio. Campi da basket? Tre/quattro in tutta la città. Campi da calcio? Ce ne sono DUE! uno a cinque e uno a otto. 

Se vogliamo allontanare i ragazzi da brutte abitudini quali alcol e fumo cerchiamo di dare alternative, qualcosa da fare quantomeno.",Potatussus26,2025-07-18T06:51:49,119,82,https://reddit.com/r/Italia/comments/1m2vcfy/servono_più_campi_pubblici_per_fare_sport/,sport,2025-07
1m2t83g,Il tennis potrebbe diventare lo sport più praticato in Italia 🤯,Effetto Sinner o il calcio è in declino?,mercurioaligero,2025-07-18T04:45:23,343,177,https://reddit.com/r/Italia/comments/1m2t83g/il_tennis_potrebbe_diventare_lo_sport_più/,sport,2025-07
1m23ox9,Carlos Sainz risponde alla Gazzetta dello Sport,,ModenaR,2025-07-17T10:10:33,26,8,https://reddit.com/r/Italia/comments/1m23ox9/carlos_sainz_risponde_alla_gazzetta_dello_sport/,sport,2025-07
1m0rmy3,CONDIVIDO Now sport,Per chi è interessato mi faccia sapere,Intelligent_Snow9580,2025-07-15T19:42:56,0,1,https://reddit.com/r/Italia/comments/1m0rmy3/condivido_now_sport/,sport,2025-07
1lxxaei,Il calcio è la rovina dello sport,"E non parlo del lato commerciale. Ma della cultura violenta che s’è creata tutt’intorno. 

A parte i tipici tifosi fuori di testa che oramai accettiamo, anche in una semplice partita tra amici o ragazzini c’è sempre la possibilità altissima di una lite che può finire più o meno male.

Sia tra giocatori della stessa squadra, che con gli avversari o addirittura con l’arbitro.

E dobbiamo parlare della violenza genitori dei ragazzini?

Ora non voglio fare di tutta l’erba un fascio, ma la cultura di base è quella. Sin da quando ero piccolo essere “scarso” a calcio mi ha sempre creato un sacco di problemi, proprio per la cultura idiota di cui parlo sopra.

Il calcio è ormai l’antitesi dello sport e dei suoi valori.

Spero che mio figlio non ci si appassioni, farò di tutto per fargli conoscere altre strade, tipo arti marziali o rugby dove c’è un profondo rispetto tra tutti.",uomosenzacapa,2025-07-12T10:32:29,110,120,https://reddit.com/r/Italia/comments/1lxxaei/il_calcio_è_la_rovina_dello_sport/,sport,2025-07
1lkwlbg,Il prossimo anno mi trasferirò a venezia per studiare. Faccio ciclismo per sport come funziona la mobilità via bici a Venezia? Se abito in isola devo escludere l'idea di continuare ad andare in bici?,,suormatita,2025-06-26T10:23:26,1,2,https://reddit.com/r/Italia/comments/1lkwlbg/il_prossimo_anno_mi_trasferirò_a_venezia_per/,sport,2025-06
1lf5pf8,"Sport e salute, voucher sportivi per la calabria","https://preview.redd.it/vj58mz11hu7f1.png?width=1719&format=png&auto=webp&s=676e29f24cd5a93c1e53cd292e0c00efd2f03322

È normale che dopo quattro mesi non abbiano ancora finito di valutare circa 3.000 domande? Il finanziamento è di €1.565.000,00, con €500 di voucher a persona. Realmente ci si deve dannare l'anima per ricevere una conferma? L'anno scorso ci fu la stessa iniziativa, ma non so quanto siano stati lunghi i tempi di risposta. Qualcuno di voi che ha aderito potrebbe gentilmente darmi qualche feedback?",AlessandroIT,2025-06-19T08:34:48,1,2,https://reddit.com/r/Italia/comments/1lf5pf8/sport_e_salute_voucher_sportivi_per_la_calabria/,sport,2025-06
1l4q9w1,Sondaggio sullo sport,,Brief-Roof-4214,2025-06-06T11:41:44,1,1,https://reddit.com/r/Italia/comments/1l4q9w1/sondaggio_sullo_sport/,sport,2025-06
1l1v9s6,Qual è lo sport più noioso di tutti? (sia da guardare che da praticare),"Personalmente credo che il Golf sia imbattibile da questo punto di vista.

Sia da guardare e sia da praticare è proprio noioso, mamma mia, due palle assurde. Credo sia lo sport più demenziale in assoluto.

Al secondo posto ci metto la mitica Dormula 1, da guardare è una palla assurda, forse da praticare è più divertente.

Altre idee?",ElTristoMietitor,2025-06-02T22:09:37,80,190,https://reddit.com/r/Italia/comments/1l1v9s6/qual_è_lo_sport_più_noioso_di_tutti_sia_da/,sport,2025-06
1l0lhcu,Padel è uno sport per vecchi?,,Emergency_Baby_6940,2025-06-01T10:10:56,0,23,https://reddit.com/r/Italia/comments/1l0lhcu/padel_è_uno_sport_per_vecchi/,sport,2025-06
1kzdjbq,La telecronaca di eleven sport è italiana?,,StatisticianHot4428,2025-05-30T19:45:49,1,0,https://reddit.com/r/Italia/comments/1kzdjbq/la_telecronaca_di_eleven_sport_è_italiana/,sport,2025-05
1kgf2e1,Fare la cacca prima dello sport migliora la performance?,,humankendoll33,2025-05-06T20:38:00,14,7,https://reddit.com/r/Italia/comments/1kgf2e1/fare_la_cacca_prima_dello_sport_migliora_la/,sport,2025-05
1k90na3,Mi consigliate uno sport?,"Salve e buona domenica.
Mi sono rotto di avere il fisico di un adolescente a 27 anni e quindi sto cercando un'attività divertente/interessante che mi tenga anche allenato. 
Ho provato con qualche mese di palestra ma sembra più un lavoro che un hobby e quindi mi ha un bel po' annoiato.
Mi ispira il tiro con l'arco ma non so quanto possa aiutarmi quindi forse è un pass.
Eliminerei anche gli sport di squadra in quanto lavoro su turni e non sempre potrei andare agli allenamenti.
Se avete idee sono bene accette",TryndaLemon,2025-04-27T10:13:16,9,90,https://reddit.com/r/Italia/comments/1k90na3/mi_consigliate_uno_sport/,sport,2025-04
1jzaiik,"iniziare calcio femminile a 30 anni dopo aver fatto sempre sport individuali: essere ridicole o sogno realizzabile? io mi sento vecchia, in italia poi c’è molto pregiudizio sull’età e sul calcio femminile.","I miei me lo hanno sempre impedito ma è un sogno che nel cassetto ma complice la pandemia ho perso ulteriori anni e solo mi è tornata la voglia, 5 anni fa mi avevano accettato in una squadra amatoriale che faceva gare comunque ma ora ho 30 anni e mi sentirei un po’ ridicola a stare in mezzo a gente di 10 anni più giovani e con più esperienza, non penso di essere impedita perché il gesto atletico penso di averlo e la voglia davvero è tanta, ma ho paura sia un sogno irrealizzabile perché nessuna squadra ti accetterà dal momento che nelle mie zone giocano tutte in serie C o in eccellenza.",RemoteBoot9311,2025-04-14T21:26:17,8,42,https://reddit.com/r/Italia/comments/1jzaiik/iniziare_calcio_femminile_a_30_anni_dopo_aver/,sport,2025-04
1jwpfbx,Sport e mal di schiena. Cosa fare?,"M 33. Nella mia adolescenza ho fatto tanti sport come:
- calcio a livello professionale 
- palestra 
- kick boxing 
- nuoto

Dai 25 ai 33 anni sono stato FERMO. Completamente FERMO. Adesso ho intenzione di riprendere a fare attività non tanto per il lato estetico, ma comuqnue anche questo voglio, ma per motivi salutari. 

Mi sono iscritto da un mese in palestra, ma purtroppo ho un forte mal di schiena che mi porto avanti da 10 anni (motivo per cui avevo smesso di fare sport). Mi fa male quando mi piego in avanti, circa un cm sopra l’elastico delle mutande, nella parte centrale. A volte sento come una pressione e altre come qualcosa che tira.

Sto pensando a questo punto di sospendere il mio mese di palestra. Cosa posso fare?
Stavo pensando al nuoto, ma come sarebbe il nuoto da solo? Cosa potrei fare?

Il mio obiettivo è:
- Tornare normo peso dal sovrappeso
- Mantenere la salute di cuore, pressione… 
- Avere un minimo di forza per quando devo sollevare una cassa d’acqua (attualmente non riesco facilmente a portarmela al terzo piano)
- Avere comunque un bel fisico. Non devo fare gare di body building, ma essere piacevole come uomo senza chissà che pretese.

Consigli?",91DarioASR,2025-04-11T13:07:14,6,21,https://reddit.com/r/Italia/comments/1jwpfbx/sport_e_mal_di_schiena_cosa_fare/,sport,2025-04
1jjt7b4,Sport o imparare???,"Buonasera a tutti, 

una domanda che mi sto ponendo in questi giorni riguarda il fare sport o imparare (altri linguaggi di programmazione, lingue o leggere libri, news) nel tempo libero dopo lavoro. 

INCIPIT:
Sono un Automation Software Engineer di 21 anni che nei momenti non occupati dal lavoro fa sport (3 allenamenti di corsa / trail running e 2 di nuoto per un totale di 8h a settimana). 

E un po' di tempo che vivo con il dubbio del impegnarmi tanto nella carriera lavorativa e quindi cercare di imparare sempre il più possibile anche nel tempo libero oppure fare sport nei tempi morti e tutto quello che ne consegue quindi stretching e spendere tempo per vestirsi, correre, lavarsi... 

Sto provando a valutare i pro e i contro di entrambe le decisioni ma volevo vedere se qualcuno avesse una chiave di lettura diversa dalla mia magari... 

Grazie in anticipo ✌🏻",ConfidentScientist87,2025-03-25T20:19:30,1,1,https://reddit.com/r/Italia/comments/1jjt7b4/sport_o_imparare/,sport,2025-03
1jcjo7u,A che etá si é vecchi per praticare sport?,"M27, da 2 anni sono uscito da una grave situazione di obesità di terzo grado. Questo mi ha spinto a provare degli sport uniti al sempreverde allenamento di forza in palestra. Ai 5 allenamenti in sala pesi, ho aggiunto un corso di pugilato di 3 sessioni a settimana.

Fino a ottobre 2024 tutto ok, mi sentivo bene con me stesso sia a livello fisico che mentale, consiglio a tutti la prepugilistica per sfogo e per fare un allenamento cardio mai noioso.

Tuttavia, 4 mesi fa la palestra ha cambiato mister. Non so perché, ma giá da qualche settimana mi balenava in testa l'idea di voler provare a fare qualche incontro dopo quasi un anno di preparazione. Parlo con il nuovo mister di questa eventualitá e lui mi stoppa subito chiedendomi ""ma tu quanti anni hai?"" Quando gli dico l'età lui mi risponde ""non posso farti combattere, sei troppo vecchio e rischieresti di farti male.""

Anche se una carriera agonistica non é mai stata una mio prioritá, da quelle parole é scattato qualcosa nella mia testa. Ogni volta che vado ad allenarmi a pugilato mi sento inadeguato. Ho iniziato prima ad evitare gli orari dove il tatami é frequentato da liceali, per poi sfociare in una sindrome dell'impostore totale che mi ha portato da mesi ad abbandonare la disciplina.

Sto continuando weight lifting e calisthenics, ma é come se mancasse la gioia che provavo quando indossavo i guantoni. D'altra parte però, l'idea di allenarmi con altri ragazzi piú giovani mi causa comparazione e conseguente frustrazione. Sono bloccato in un limbo 😅

Secondo voi, a che etá si é vecchi per praticare sport?",Gallight,2025-03-16T11:45:24,2,18,https://reddit.com/r/Italia/comments/1jcjo7u/a_che_etá_si_é_vecchi_per_praticare_sport/,sport,2025-03
1jbuan7,Sport e relative scommesse,Quanti come me pensano che tutti gli sport dove è possibile scommettere sono truccati per incentivare i guadagni da parte dello stato?,Consistent-Topic-211,2025-03-15T12:44:03,2,4,https://reddit.com/r/Italia/comments/1jbuan7/sport_e_relative_scommesse/,sport,2025-03
1j1lomq,Sport,"“Nello sport come nella vita, l’occasione non si aspetta, si crea. E quando arriva, non si lascia scappare.”",daimess,2025-03-02T07:45:33,0,4,https://reddit.com/r/Italia/comments/1j1lomq/sport/,sport,2025-03
1hv6q4i,Perché(è) pensate che la F1 non sia uno Sport?,"In questi anni, da lavoratore del settore, ho potuto toccare con le miei mani l'ideologia per la quale la F1 non è uno sport, non è difficile...
Su TikTok mi sono capitati video SERI di persone che affermavano il fatto che il calcio fosse più ""pericoloso"" rispetto la F1. Perché?
Ditemelo...
Se c'è anche una sola persona che afferma ciò, me lo dica.",EducationalFront1924,2025-01-06T19:00:06,0,77,https://reddit.com/r/Italia/comments/1hv6q4i/perchéè_pensate_che_la_f1_non_sia_uno_sport/,sport,2025-01
1htd9pu,"Laura inglese in Italia?Ciao a tutti, sto facendo L università in Inghilterra, sport and science exercise.
Qualcuno sa se questo tipo di laurea, o comunque una laurea estera, ha validità in Italia? Quanta validità? Come posso capire di più?
Grazie mille in anticipo",Aiutooooo,OkSand7350,2025-01-04T12:20:28,1,1,https://reddit.com/r/Italia/comments/1htd9pu/laura_inglese_in_italiaciao_a_tutti_sto_facendo_l/,sport,2025-01
1hocgfy,"Come mai il CALCIO ha una tifoseria così TANTO PIù TOSSICA rispetto agli altri Sport? Curiosità genuina, perchè non me lo spiego.",,PainfulFreedom,2024-12-28T18:56:11,36,44,https://reddit.com/r/Italia/comments/1hocgfy/come_mai_il_calcio_ha_una_tifoseria_così_tanto/,sport,2024-12
1ho91b9,Quali sono i vostri 3 sport preferiti?,Li praticate? Se si quante volte vi allenate e perché avete scelto proprio questo sport.,Subject_Arm6531,2024-12-28T16:21:34,2,25,https://reddit.com/r/Italia/comments/1ho91b9/quali_sono_i_vostri_3_sport_preferiti/,sport,2024-12
1hbxtar,breve sondaggio sullo sport per un analisi di mercato.,,Just_Organization636,2024-12-11T16:46:45,1,1,https://reddit.com/r/Italia/comments/1hbxtar/breve_sondaggio_sullo_sport_per_un_analisi_di/,sport,2024-12
1h1fbv5,"Fun Fact: Il braccio di ferro (o armwrestling) è uno sport e in Italia abbiamo il TERZO armwrestler più forte AL MONDO. Ermes Gasparini, l'unico uomo che è riuscito a fermare ben due volte di fila il braccio di Levan Saginashvili, il più forte armwrestler sul pianeta Terra.","Questi sono i pesi super massimi, l'evento si chiama King of the Table (quest'edizione è di inizio 2023), e non ci sono limiti di peso per questa categoria. Ermes è 188cm x 130kg mentre Levan è 192cm x 188kg. 
Ermes è l'equivalente di 2 persone, Levan di 3.

L'armwrestling si pratica in piedi, si vince accompagnando la mano dell'avversario (pinnare) al suo cuscinetto (pad) senza far uscire il gomito dal proprio pad, in tal caso è fallo.
Il modo corretto di pinnare qualcuno è usando il peso del proprio corpo come vedete Levan fare in questa clip, Ermes sacrifica il suo polso per fare una ""flop press"" cercando di passare ""sotto"" la mano di Levan. Nessuno prima di allora aveva mai fermato il Georgiano per un tempo così lungo. Nonostante ciò Ermes perse 0-4, Levan invece faticò al punto da dover esser ricoverato in ospedale per problemi respiratori.

Attualmente Ermes si sta preparando per il suo prossimo match contro l'americano Micheal Todd, un pazzo assurdo che tende il braccio usandone l'osso  come na mazza, per impedirti di pinnarlo.

[Canale youtube di Ermes](https://youtube.com/@ermesgasparini3239?si=SzFa52giDnNICtxl)

Se volete sapere di più sullo sport ecco alcuni nomi utili:

-Devon Larratt, il più famoso armwrestler di sempre, ha popolarizzato lo sport più di chiunque altro. Al momento sta allenando Brian Shaw, uno degli strongmen più forti di sempre, per batter Levan.

[Canale di Devon](https://youtube.com/@devlarratt?si=rOZ6J7UnAC1BbbuP)


-Engin Terzi, l'organizzatore dell'evento più importante ovvero East vs West 
(c'è King of the Table ma non è suo)

[Canale di Engin Terzi](https://youtube.com/@engin_terzi?si=7ygMCG-7cAfNt-N0)

-John Brzenk, considerato il padre dell'armwrestling è quello che Sylvester Stallone interpretò nel film Over the Top (sì John è pure un camionista proprio Stallone nel film)

East vs West e King of the Table sono eventi che ci sono circa mensilmente e per vederli in diretta si deve pagare un pay per view di 20€. In generale tutti i match vengono comunque pubblicati su Youtube qualche settimana dopo un evento.",Flekkenz_,2024-11-27T21:22:57,1,0,https://reddit.com/r/Italia/comments/1h1fbv5/fun_fact_il_braccio_di_ferro_o_armwrestling_è_uno/,sport,2024-11
1h1a5pp,sport morbo di schlatter,"ciao ho 15 anni e ho  la morbo di schlatter da quasi 3 anni sono cresciuto molto in questi 3 anni non ho mai ridotto il mio sport ovvero  la boxe  ho fatto pure dei match con questa malattia, comunque ultimamente mi fa più male e quindi ho deciso che mi fermerò un mese poichè è inutile in quanto è doloroso e non mi posso applicare al massimo, per non ingrassare anzi possibilmente anche per ""dimagrire""  (metto tra virgolette in quanto non sono in sovrappeso) che sport mi consigliate  oltre alla palestra ?",Repulsive-Shine8062,2024-11-27T17:45:59,0,21,https://reddit.com/r/Italia/comments/1h1a5pp/sport_morbo_di_schlatter/,sport,2024-11
1h19s8n,sport alternative morbo di schlatter,"ciao ho 15 anni e ho  la morbo di schlatter da quasi 3 anni sono cresciuto molto in questi 3 anni non ho mai ridotto il mio sport ovvero  la boxe  ho fatto pure dei match con questa malattia, comunque ultimamente mi fa più male e quindi ho deciso che mi fermerò un mese poichè è inutile in quanto è doloroso e non mi posso applicare al massimo, per non ingrassare anzi possibilmente anche per ""dimagrire""  (metto tra virgolette in quanto non sono in sovrappeso) che sport mi consigliate  oltre alla palestra ?",Repulsive-Shine8062,2024-11-27T17:30:18,2,0,https://reddit.com/r/Italia/comments/1h19s8n/sport_alternative_morbo_di_schlatter/,sport,2024-11
1gu3dmc,"https://share.temu.com/QwvSSiioUNA Orologio da polso da uomo con quadrante grande e luminoso, multifunzione, a doppio display, semplice, per affari, sport, scuola, idee regalo. 71% di sconto.",,Comfortable_Power834,2024-11-18T12:16:31,1,0,https://reddit.com/r/Italia/comments/1gu3dmc/httpssharetemucomqwvssiiouna_orologio_da_polso_da/,sport,2024-11
1gss5im,Giusto per parlare di sport tranquilli cosa ne pensate del ( calcio fiorentino ? ),,demon60,2024-11-16T17:23:52,0,2,https://reddit.com/r/Italia/comments/1gss5im/giusto_per_parlare_di_sport_tranquilli_cosa_ne/,sport,2024-11
1ga95h0,NowTv Italia (per sport) e risoluzione. Non riesco a trovare una fonte certa.,"Come da titolo sarei interessato a prendere NowTv Italia ma dopo numerose ricerche non ho ancora capito a che risoluzione vengono riprodotte le cose, in particolare mi interessano questi scenari:

1) Risoluzione navigando da PC con Google Chrome - DIRETTE

2) Risoluzione navigando da PC con Google Chrome - ON DEMAND

3) App smartphone Android - DIRETTE

4) App smartphone Android - ON DEMAND

C'è chi dice che è 1080p ovunque, chi dice che è 720p ovunque, chi dice che è 1080p solo su App ma non si capisce se anche nelle dirette, etc. etc.

  
Quindi chiedo a voi se conoscete la risposta. Ho ovviamente guardato le FAQ di NowTv e non rispondono (senza contare che sono diverse per NOW UK e Italia creando ancora più confusione).

  
Grazie.",punifra,2024-10-23T12:19:55,3,2,https://reddit.com/r/Italia/comments/1ga95h0/nowtv_italia_per_sport_e_risoluzione_non_riesco_a/,sport,2024-10
1fwppp4,Sondaggio italiano sugli sport di combattimento,,RobotSpaceYojimbo,2024-10-05T12:52:57,1,1,https://reddit.com/r/Italia/comments/1fwppp4/sondaggio_italiano_sugli_sport_di_combattimento/,sport,2024-10
1fneqj2,Atleti italiani che si sono infortunati ma nonostante ciò hanno ripreso il loro sport?,"Ho questa traccia su cui fare una ricerca ma, ahimè, in quanto incompetente in materia non so una sega del mondo sportivo. Atleti che sono simbolo perché si sono magari rotti una gamba ma non hanno mollato e sono diventati Usain bolt. Grazie e scusate l'ignoranza",Pinguilbellissimo,2024-09-23T07:20:03,21,56,https://reddit.com/r/Italia/comments/1fneqj2/atleti_italiani_che_si_sono_infortunati_ma/,sport,2024-09
1fneckm,Il fotoromanzo dello sport,"Stamattina, causa guasto del fornello a gas, mi sono fermato al volo a fare colazione al bar.  
Tralasciando i 4.20 euro di brioche + cappuccino, per quelle 3 volte all'anno che succede non me la prendo, ciò che mi ha lasciato parecchio perplesso è stato lo sfogliare la gazzetta mentre facevo colazione.  
Probabilmente saranno stati 10 anni che non la 'leggevo', in quanto seguo sport minori (atletica, boxe, ciclismo) e le prime 30 pagine di calcio non mi interessano, ma questi sono gusti personali e non ci metto becco.

Quando ho preso il giornale dal tavolo accanto, l'ho fatto con l'intento di **leggerlo**. Ma a partire dalla prima pagina, il tutto era un collage di immagini con titoli in grassetto, spesso che non avevano neppure a che fare con l'argomento. Sommando tutto il testo della prima pagina ci saranno state si e no 10 righe di testo.  
All'interno la situazione non migliorava, sempre immagini che occupavano più di metà pagina con testo degno di un post su X.

Per sfizio, ho cercato qualche immagine dello stesso giornale negli anni 80 e 90, se provate a farlo vedrete una differenza abissale. Qualcuno mi dirà che il target di pubblico non è il professore universitario, ma non lo era neppure in quegli anni.  
L'editore deve chiaramente vendere il giornale andando incontro al gusto dei lettori (osservatori in questo caso), motivo per cui non gliene faccio una colpa, ma è possibile che il livello culturale sia sceso così in basso da dover pubblicare una sequenza di immagini al posto di un giornale con un articolo di fondo, spalla, taglio medio/basso?",Lower_Boysenberry794,2024-09-23T06:50:54,7,11,https://reddit.com/r/Italia/comments/1fneckm/il_fotoromanzo_dello_sport/,sport,2024-09
1fhdubt,Sport a livello agonistico a 46 anni,,claudiomandi,2024-09-15T14:30:55,1,1,https://reddit.com/r/Italia/comments/1fhdubt/sport_a_livello_agonistico_a_46_anni/,sport,2024-09
1fasp8b,Dove e come vedere lo sport,"Salve, mi sto appassionando agli sport da combattimento e finora ho visto incontri solo su YouTube (incontri passati intendo). Sto spaziando dalla boxe all'mma fino alla muay thai ma adesso vorrei vedere pure qualche incontro in streaming. So che dazn offre boxe e ufc ma ho saputo anche che i servizi sono scadenti e in più il prezzo è troppo alto. Voi come fate a vedere gli incontri? Usate siti streaming? Fate abbonamenti a servizi diversi con una VPN? Mi interesserebbero la boxe (WBA, WBO...), il muay thai (one Championship) e soprattutto la ufc",Master_0f_Shadow,2024-09-06T23:05:35,1,0,https://reddit.com/r/Italia/comments/1fasp8b/dove_e_come_vedere_lo_sport/,sport,2024-09
1fac6vk,Codice gratis La Gazzetta dello Sport,"Ciao a tutti!

Ho trovato una scorciatoia o un bug sul sito della Gazzetta: inserendo il codice F3ST3 al link che vi lascio sotto, ti regalano l'abbonamento di un anno al giornale digitale + area premium del sito

 https://abbonamenti.gazzetta.it/supersport

Ve lo lascio finché non se ne accorgono",Guerraider,2024-09-06T10:51:52,17,10,https://reddit.com/r/Italia/comments/1fac6vk/codice_gratis_la_gazzetta_dello_sport/,sport,2024-09
1f7vg22,Sport per conoscere nuova gente?,"Per motivi di lavoro mi sono dovuto ""trasferire"" a Verona. ( Rimango a Verona solo nei giorni di lavoro ma nei giorni di riposo e nei giorni che ""lavoro in smart working// WFH rimango a casa dei miei).
Faccio un lavoro con turni molto irregolari e con ogni giorno un collega diverso.
Ormai è un anno che mi sono trasferito in questa città ma non conosco nessuno al di fuori dei miei colleghi.
Mi sono iscritto in palestra ma vado solamente quando i turni me lo permettono, perciò orari molto irregolari, e vado in una molto commerciale (McFit).
Volevo chiedermi quale sport non solitario potrei praticare avendo turni molto irregolari e conoscere anche della gente nuova?
Grazie a chiunque risponda .",s_tri_ker,2024-09-03T09:15:20,4,30,https://reddit.com/r/Italia/comments/1f7vg22/sport_per_conoscere_nuova_gente/,sport,2024-09
1f1xiao,Conoscete sport economici da fare a Milano?,,PsychologicalView907,2024-08-26T19:51:03,1,1,https://reddit.com/r/Italia/comments/1f1xiao/conoscete_sport_economici_da_fare_a_milano/,sport,2024-08
1exvg6p,Sport divertenti da fare,"Ciao a tutti, volevo chiedervi un consiglio. Purtroppo ultimamente mi sono lasciato andare con il fisico (M25 92kg 185cm) e devo trovare il modo di fare uno sport che mi permetta di perdere peso, il che sarebbe facile, se non contiamo il fatto che

-Mi annoio facilmente 
-Ho un ginocchio sbriciolato per un incidente 
-Faccio un lavoro abbastanza pesante, quindi per trovare una cosa che, dopo una giornata intera mi faccia venire voglia di uscire, è una grande sfida


Ho provato con il nuoto, ma francamente mi sembrava di essere un pesce in un acquario

Palestra lo escludo, perché non riesco a divertirmi

Calcetto/ calcio non mi sono mai piaciuti, soprattutto per l’esaltazione di certi soggetti

Sport di combattimento/softair non mi piacciono come ideale

Gli sport sopracitati li ho provati e non sono riuscito a essere costante per i motivi sopracitati 

Se qualcuno ha qualche idea, perché io le ho finite 
Grazie a tutti in anticipo",CBK-38,2024-08-21T17:21:53,1,16,https://reddit.com/r/Italia/comments/1exvg6p/sport_divertenti_da_fare/,sport,2024-08
1evw117,Sport oltre il calcio,,thejock_27,2024-08-19T07:45:23,1,0,https://reddit.com/r/Italia/comments/1evw117/sport_oltre_il_calcio/,sport,2024-08
1et62eq,"La pugile Imane Khelif, le donne vincenti nello sport e l’ombra di Putin",,Former_Villager666,2024-08-15T20:48:07,0,5,https://reddit.com/r/Italia/comments/1et62eq/la_pugile_imane_khelif_le_donne_vincenti_nello/,sport,2024-08
1eou3ry,Qualcuno di voi ha provato Weply? (L'app per la compravendita di attrezzatura per sport outdoor),,SamuYankee,2024-08-10T14:17:12,1,2,https://reddit.com/r/Italia/comments/1eou3ry/qualcuno_di_voi_ha_provato_weply_lapp_per_la/,sport,2024-08
1emkoyi,La pallavolo è uno sport molto più emozionante del calcio.. ma stiamo facendo cagare contro la francia! [rant],Campioni di quà e di là ma stiamo subendo il tifo di casa,Marzi0,2024-08-07T19:17:58,39,72,https://reddit.com/r/Italia/comments/1emkoyi/la_pallavolo_è_uno_sport_molto_più_emozionante/,sport,2024-08
1ej1cwy,"11 atleti v.s. 11 atleti competono nello sport più seguito e forse il più difficile al mondo:"" bhuu, basta calcio"". Tizio lancia peso :"" eroe nazionale"". Perché il redditor è così?",,votoPDOdiopoveri,2024-08-03T11:42:59,1,1,https://reddit.com/r/Italia/comments/1ej1cwy/11_atleti_vs_11_atleti_competono_nello_sport_più/,sport,2024-08
1ehcs6k,Sport da togliere alle olimpiadi,"Riporto un'interessante scambio di vedute che ho avuto nel weekend, che mi ha fatto un pò riflettere.  
Prendiamo ad esempio il dressage: a mio avviso non è uno sport da inserire nel programma olimpico.  
Le olimpiadi dovrebbero essere inclusive, e gli sport che vi partecipano accessibili a qualsiasi atleta, che sia in Europa, Africa o dove vi pare - limiti geografici a parte, ovviamente.  
Quanti in Italia hanno i mezzi economici per permettersi di praticare il dressage? Penso uno su mille. Forse.  
Quindi la platea di praticanti risulta assurdamente ristretta, e non per motivi fisici o geografici (es. non faccio vela perchè sono lontano da mari/laghi) ma bensì economici.  
Non credo vedremo mai il figlio di un operaio di Mirafiori cimentarsi nel dressage, o anche nel tiro a volo dove un fucile Beretta costa 20k e una sessione un centinaio di euro (l'ho praticato).  
Concludendo, mi da fastidio l'ipocrisia della cerimonia iniziale all'insegna dell'inclusione, che cozza con le amazzoni in sella a dei purosangue al trotto nei giardini di Versailles, sembra di assistete a un'esibizione feudale.",Lower_Boysenberry794,2024-08-01T09:56:16,0,13,https://reddit.com/r/Italia/comments/1ehcs6k/sport_da_togliere_alle_olimpiadi/,sport,2024-08
1ehbb3d,Guardare lo sport è noioso,"Sì, lo so, il titolo è clickbait. 

Tuttavia, vorrei condividere con voi, in questo clima olimpico, come sono giunto alla conclusione che, **PER ME**, essere spettatore di eventi sportivi è davvero tedioso.

Fin da bambino mi sono reso conto che guardare le partite di calcio in TV non faceva per me. Inizialmente, ho attribuito questo al fatto che non mi piacesse il calcio come sport, ma non era solamente quello. Anche gli sport che praticavo e che pratico tutt'ora li trovo estremamente noiosi da guardare. Anche durante le Olimpiadi, quando viene data visibilità ai cosiddetti sport minori, mi rendo conto che, oltre alla meraviglia iniziale nello scoprire sport particolari (BMX, canoa, basket 3v3 ecc.), perdo immediatamente interesse nella competizione.

Mi sono quindi chiesto perché, dato che praticamente tutte le persone che conosco apprezzano gli sport e si divertono a guardare le Olimpiadi, le partite di calcio, il tennis ecc. 

Sono giunto alla conclusione che non riesco ad avere un coinvolgimento emotivo verso persone che non conosco e di cui non ho il background. Sostanzialmente, non riesco a tifare per uno sportivo solo perché è nato nel mio stesso stato o perché porta una maglia di un determinato colore. Per empatizzare con lui/lei ho bisogno di avere un minimo di contesto su chi sia.

Tant'è che mi sono reso conto che, tanto mi annoiano gli eventi sportivi, tanto mi piacciono i film e le serie TV sullo sport, proprio perché mi fanno entrare in empatia con un personaggio che deve affrontare un evento importante per lui.

Quindi vi chiedo: **a voi piace guardare lo sport o vi ritrovate nelle mie parole?**",italian_giga_chad,2024-08-01T08:14:55,151,226,https://reddit.com/r/Italia/comments/1ehbb3d/guardare_lo_sport_è_noioso/,sport,2024-08
1ee3gyz,Occhiali graduati - sport acquatici,"Ciao ragazzi,
Per sport acquatici (surf/windsurf etc), esistono degli occhiali per miopi pre-graduati, economici?
Avete qualche link?

Grazie a tutti :)",Scicestra,2024-07-28T09:21:21,1,7,https://reddit.com/r/Italia/comments/1ee3gyz/occhiali_graduati_sport_acquatici/,sport,2024-07
1dt546l,"È fattibile iniziare a giocare a calcio partendo dalla terza categoria senza aver mai giocato in una squadra? Atleticità e fisico ci sono, un minimo di tecnica anche essendo nato e cresciuto in un paese in cui questo è lo sport principale (22 anni)",,Mother-Bird-9706,2024-07-01T21:50:19,1,0,https://reddit.com/r/Italia/comments/1dt546l/è_fattibile_iniziare_a_giocare_a_calcio_partendo/,sport,2024-07
1dbtktt,sport,"avevo bisogno di un consiglio sportivo, cercavo un sub di sport italiano (non del mio sport in particolare ovvero il ciclismo). e mi sono accorto che non esiste, dovrebbe essere colmata come mancanza a parer mio",_pigreco_,2024-06-09T13:20:03,1,3,https://reddit.com/r/Italia/comments/1dbtktt/sport/,sport,2024-06
1dbt10l,sport,"in queste giornate di subbuglio per l’elezioni, mi serve un consiglio. faccio MTB trail con una sessione che dura tra le 3/4 ore, mi servirebbe consiglio su cosa mettere nella borraccia insieme all’acqua. vorrei per lo più cose comuni che non costino in assurdità o che si possono trovare comunemente in casa, ora come ora mi porto dietro una barretta di qualcosa agli zuccheri e nella borraccia metto acqua, mezzo cucchiaino da caffè di zucchero e sale con un goccio di limone. ditemi se è utile e in cosa si può migliorare",_pigreco_,2024-06-09T12:51:40,1,1,https://reddit.com/r/Italia/comments/1dbt10l/sport/,sport,2024-06
1dbp1n3,Sport a livello agonistico: retrospettiva,"Ho un figlio di 3 anni. Ieri parlavo con mia madre dello sport a livello agonistico, sul quale abbiamo opinioni decisamente diverse.

Secondo lei è positivo perché occupa il tempo in maniera intensiva, e quindi è un modo per tenere lontano i figli da possibili errori o problemi (leggi uscire e fare tardi, drogarsi, etc).

Io, nonostante voglia far fare a mio figlio sport perché lo reputo importante, non voglio che si stressi la vita negandosi weekend con gli amici, che viva di competizione, etc. Tutto questo ovviamente dando per scontato che lui non lo voglia fare. Ben vengano poi le ""garette"" ogni tanto, ma quello che non voglio è costringerlo a diventare ""il nuovo campione"".

Voi come avete vissuto il vostro passato sportivo?  
 Storie di vita vissuta, o articoli a riguardo?",Enrichman,2024-06-09T08:30:56,10,31,https://reddit.com/r/Italia/comments/1dbp1n3/sport_a_livello_agonistico_retrospettiva/,sport,2024-06
1da2nlk,Della serie sport alternativi,,Eryenn9,2024-06-07T05:00:26,1,2,https://reddit.com/r/Italia/comments/1da2nlk/della_serie_sport_alternativi/,sport,2024-06
1d5mz68,informazioni su medicina dello sport?,"Ciao a tutti. Ho adocchiato medicina dello sport come possibile specializzazione ma è una di quelle specializzazioni con pochissime informazioni disponibili online e non conosco nessuno che faccia il medico dello sport.L'unica cosa che so (credo) è che non lavora in ospedale ma solo da privato. La cosa mi preoccupa perché vuol dire che almeno per i primi anni non si guadagna molto, inoltre non ho mai sentito dire da nessuno ""ho prenotato la visita dal medico dello sport"". Sapreste darmi informazioni in merito? Tipo con quanta facilità si guadagna (parlo di soldi perché se nessuno viene da me allora muoio di fame). Cosa fa nel concreto ecc. Si viene facilmente assunti in cliniche? bisogna aprire uno studio e pregare? devo andare a bussare a società sportive per associarmi a loro? datemi quante più informazioni possibili, grazie.
la mia idea era fare un'accoppiata e diventare mmg e anche prendere una specializzazione in medicina dello sport, così da tenere basso il numero di pazienti come mmg e parallelamente fare visite come medico dello sport. Questo per poter guadagnare, infatti tenendo basso il numero di pazienti che io sappia si può lavorare di meno e posso dedicare del tempo anche alla medicina dello sport.
Ditemi voi se questa idea vi sembra una follia perché io ho davvero le informazioni basilari, sia su mmg che su medicina dello sport.",Zealousideal_Mud2380,2024-06-01T13:27:23,5,1,https://reddit.com/r/Italia/comments/1d5mz68/informazioni_su_medicina_dello_sport/,sport,2024-06
1d5jq2t,Palestre sport da combattimento,,Hot_Source9226,2024-06-01T10:06:50,1,1,https://reddit.com/r/Italia/comments/1d5jq2t/palestre_sport_da_combattimento/,sport,2024-06
1bmttxu,Come fa certa gente ad andare fuori corso all'università di oltre un anno nonostante non lavorano e non fanno sport? Io sono riuscito a laurearmi in corso in ingegneria informatica in un università pubblica del nord nonostante ho sempre lavorato full time e andavo in palestra 3/4 volte a settimana.,,ItalianBest,2024-03-24T19:58:33,1,40,https://reddit.com/r/Italia/comments/1bmttxu/come_fa_certa_gente_ad_andare_fuori_corso/,sport,2024-03
1bi2z7i,Che sport fare,"Buonasera amiche ed amici. Sono alto 1.79 e peso 62kg. Ho 30 anni. Non riesco a prendere peso a causa di alcuni problemi di salute che sto attraversando da un paio d'anni (legati allo stomaco ed ai processi digestivi).

Ho perso circa 7kg in due anni e mi sto impegnando a non scendere ulteriormente sotto i 62kg ma non è facile. 

Ho abbandonato la palestra da due anni. Ora non faccio nulla e sono messo peggio di un vecchio. Mal di schiena, rigidità ecc.

Devo assolutamente tornare a fare attività fisica ma allo stesso tempo devo fare attenzione a non perdere ulteriore peso. 

Consigli? Grazie in anticipo",SadEntertainment6272,2024-03-18T21:46:11,5,14,https://reddit.com/r/Italia/comments/1bi2z7i/che_sport_fare/,sport,2024-03
1bbhel3,Esultanza eccessiva nello sport,,offchizky,2024-03-10T18:36:05,1,1,https://reddit.com/r/Italia/comments/1bbhel3/esultanza_eccessiva_nello_sport/,sport,2024-03
1b7v79v,Sono un nuovo redditor ed ho creato una comunita' per parlare di sport e disabilita',"Salve a tutti redditors, spero questo sia il luogo adatto per chiedere informazioni e supporto. Ho creato una comunita' (disabilita\_sports) dove desidero parlare del mio percorso sportivo legato alla mia disabilita' fisica (ho collegato i miei vari social per farmi conoscere meglio da questo punto di vista), sto leggendo le varie linee guida help reddit per capire meglio il meccanismo legato a questa piattaforma per sfruttare al meglio quelle che sono le potenzialita' ed opportunita' che essa rappresenta. Vi ringrazio anticipatamente per la vostra collaborazione e comprensione a riguardo...Zio Sean !!!",Zio_Sean,2024-03-06T09:01:44,11,3,https://reddit.com/r/Italia/comments/1b7v79v/sono_un_nuovo_redditor_ed_ho_creato_una_comunita/,sport,2024-03
1auvag7,Che sport fare a 22 anni?,"Per vari motivi non posso avere il certificato al momento ma posso comunque fare attività senza essere a rischio.
Vivo equidistante da mare e montagna, so nuotare e ho molta resistenza. Quello che cerco è uno sport interessante che magari mi dia anche la possibilità di conoscere nuove persone. 
Cosa mi consigliate?",Stock_Description_32,2024-02-19T18:56:34,14,102,https://reddit.com/r/Italia/comments/1auvag7/che_sport_fare_a_22_anni/,sport,2024-02
1auv8ex,Che sport fare a 22 anni?,,porno_e_altro,2024-02-19T18:54:21,1,1,https://reddit.com/r/Italia/comments/1auv8ex/che_sport_fare_a_22_anni/,sport,2024-02
1auuwr6,Che sport posso fare senza certificato medico sportivo a 22 anni?,,porno_e_altro,2024-02-19T18:41:54,2,2,https://reddit.com/r/Italia/comments/1auuwr6/che_sport_posso_fare_senza_certificato_medico/,sport,2024-02
1asb8ky,Buongiorno cerco la rivista sportiva la gazzetta delo sport del 15/02/2024,"Ciao,   

vorrei scrivere a subreddit per chiedere il vostro aiuto. Sono un  tifoso del Rennes e hanno utilizzato l'ultima pagina del tuo quotidiano  sportivo la gazzetta delo sport del 15/02/2024.   

Sto cercando questa rivista intera e perché no quella di oggi  (16/02) che parla della partita. Magari un tuo genitore o un tuo nonno  non l'ha ancora buttato via. Pago la consegna ovviamente.   

Ho già chiesto del post calcio, ma ho degli stupidi truffatori... È solo un diario, lmao. 

Grazie mille per il vostro aiuto.   

Arnaud.   

(Ho usato un traduttore francese-italiano)",ChannelScary7351,2024-02-16T15:25:01,1,0,https://reddit.com/r/Italia/comments/1asb8ky/buongiorno_cerco_la_rivista_sportiva_la_gazzetta/,sport,2024-02
1ao57e5,mio padre non vuole farmi fare sport,,WarningQuick1210,2024-02-11T10:40:18,1,1,https://reddit.com/r/Italia/comments/1ao57e5/mio_padre_non_vuole_farmi_fare_sport/,sport,2024-02
1anjfcw,Siti di streaming per guardare calcio e sport da evitare,"Ciao a tutti, come ben sapere la pirateria uccide il calcio, sicuramente non è colpa dei prezzi esorbitanti da pagare su 4 piattaforme diverso se volessi guardare una partita della mia squadra.

Quindi mi chiedevo, quali sono i siti che mi sconsigliate per vedere il calcio in particolare in streaming?

Di solito non vado assolutamente su vipbox e firstrow ma ultimamente ho sentito che si bloccano molto. Se avete delle piattaforme che risultano molto fluide con una buona connessione internet cercherò di starne alla larga.

Grazie in anticipo",Prancesco155,2024-02-10T15:57:36,45,25,https://reddit.com/r/Italia/comments/1anjfcw/siti_di_streaming_per_guardare_calcio_e_sport_da/,sport,2024-02
1aiubzv,Come tornare a fare sport dopo anni?,"Da quando ho smesso di giocare a calcio a 15 anni non sono mai più riuscito a praticare alcun tipo di sport. Ho provato piscina e palestra ma non erano per me e soprattutto soffrivo il doversi regolare da soli senza allenamenti, partite e mister che ti seguono. 
Ho 24 anni e sono circa 10 anni che non faccio sport, sono parzialmente obeso e la mia salute ne sta risentendo... cosa posso fare? Sono in una cittadina del Piemonte e faccio fatica a trovare una valida alternativa. Non saprei come riprendere a giocare a calcio con cadenza regolare perché non so a chi e dove rivolgermi per seguire un percorso. Negli altri sport mi sento molto inadatto perché sono poco elastico. Attorno a me vedo palestre (dove ho più volte fallito perché non riesco a regolarmi da solo) , dei parchi dove fare passeggiate che però son troppo poco, degli studi di fitness così diversi da quello che praticavo, oppure dei corsi di combattimenti che mi affascinano e spaventano molto. Non so se sia solo una mia percezione dovuta a una vita difficile, ma è come se mi sentissi impostata una vita sedentaria che mi fa del male ma dalla quale non posso scappare.",zireael7,2024-02-04T18:14:26,9,68,https://reddit.com/r/Italia/comments/1aiubzv/come_tornare_a_fare_sport_dopo_anni/,sport,2024-02
1ad6ipv,escluse le persone legate allo sport l'italiana più famosa del Brasile e Laura Pausine,,FaithlessnessThin850,2024-01-28T16:30:57,1,4,https://reddit.com/r/Italia/comments/1ad6ipv/escluse_le_persone_legate_allo_sport_litaliana/,sport,2024-01
19eskup,che sport iniziare a fare a 20 anni?,"Buonasera, vorrei un consiglio sportivo.
Parto con una grande premessa. Ho 20 anni, annata in cui in genere si è soliti ""saltare i fossi per lungo"" ma il mio fisico purtroppo mi pone dinanzi svariate limitazioni. ho una malattia genetica per la quale non entrerò troppo in merito ma che fra le varie cose mi provoca febbre e artrite, dopo uno stress o comunque dopo aver faticato, non c'è un vero e proprio schema con la quale si scatenano gli episodi ma mi capita spesso di rimanere bloccato a letto e non potermi muovere senza dolori ovunque. Fare sport aiuterebbe la cosa, faccio una vita estremamente sedentaria, muovermi aiuterebbe (come ogni essere umano in realtà) a rimanere più attivo ed evitare di rattrappirmi. Mi piacerebbe cominciare a fare sport un po' più seriamente, iscrivendomi da qualche parte pur conscio del fatto che sarò costretto a saltare svariati allenamenti per via di questa artrite, ma mi piacerebbe ugualmente fare un tentativo. Se dovessi cercare uno sport che non sia estremamente distruttivo cosa consigliereste?",raul_bucciol,2024-01-24T21:58:47,3,27,https://reddit.com/r/Italia/comments/19eskup/che_sport_iniziare_a_fare_a_20_anni/,sport,2024-01
18sugsl,Sport,"Cerco di fare movimento tutti i giorni che sia pilates, yoga, hiit, kick boxing, pesi, stretching. Mi piace molto anche la corsa - che per problemi di salute ho un po’ abbandonato - ma vorrei riprendere il prima possibile.

Fare esercizio in casa è molto comodo, posso farlo quando e come mi pare e qui viene il punto: sia per provare qualcosa di nuovo e soprattutto per conoscere nuove persone vorrei iniziare un nuovo sport / corso. Consigli?  

(F23)",Appropriate_Fox7404,2023-12-28T13:56:00,2,14,https://reddit.com/r/Italia/comments/18sugsl/sport/,sport,2023-12
18iw3r3,I miei amici italiani sono davvero interessati allo sport!,,MaxwellHicks,2023-12-15T09:14:13,1,0,https://reddit.com/r/Italia/comments/18iw3r3/i_miei_amici_italiani_sono_davvero_interessati/,sport,2023-12
18g1w2d,Sport e UNESCO,"Lo sport è cultura. Secondo voi potremmo mai veder un evento o un impianto sportivo prottetto dall'unesco?
Posso pensare, per esempio, nell'ambito del motorsport, a un circuito come Indianapolis (il più antico al mondo) e alla 500 miglia, che viene corsa proprio lì.",FZwertyu34,2023-12-11T19:31:30,1,0,https://reddit.com/r/Italia/comments/18g1w2d/sport_e_unesco/,sport,2023-12
185cimz,Lavorare nello sport in Germania?,"Ho intenzione di andare in Germania. Ho una laurea magistrale in scienze motorie. 
Qualcuno che lavora in Germania, in palestra, società sportive, nello sport in generale, ha qualche comoda darmi?
C'è opportunità di trovare lavoro? Com'è il mercato lavorativo dello sport in Germania? 
Quali sono le figure più richieste? 
Vi ringrazio anticipatamente ❤️🥺
Sapere solo l'inglese non va bene?",Pilko001,2023-11-27T20:18:32,1,0,https://reddit.com/r/Italia/comments/185cimz/lavorare_nello_sport_in_germania/,sport,2023-11
180saba,"La Gazzetta dello Sport senza freni su Sinner: ""Non è davvero completamente italiano"" - Il Fatto Quotidiano",,NachoGarySanchez,2023-11-21T21:39:35,2,3,https://reddit.com/r/Italia/comments/180saba/la_gazzetta_dello_sport_senza_freni_su_sinner_non/,sport,2023-11
17lh3de,"Il calcio in Italia toglie spazio agli altri sport, o gli altri sport non sono talmente “forti” da ritagliarselo?",,thetuft,2023-11-01T17:15:02,1,0,https://reddit.com/r/Italia/comments/17lh3de/il_calcio_in_italia_toglie_spazio_agli_altri/,sport,2023-11
17fydxk,Ecco perché molti adolescenti rinunciano allo sport,,NachoGarySanchez,2023-10-25T06:23:13,4,10,https://reddit.com/r/Italia/comments/17fydxk/ecco_perché_molti_adolescenti_rinunciano_allo/,sport,2023-10
17fj321,E' tardi per iniziare un determinato sport?,,football--experience,2023-10-24T18:04:35,1,1,https://reddit.com/r/Italia/comments/17fj321/e_tardi_per_iniziare_un_determinato_sport/,sport,2023-10
17bf0zy,Proteine e sport,,Alemvitastrong,2023-10-19T09:23:22,1,0,https://reddit.com/r/Italia/comments/17bf0zy/proteine_e_sport/,sport,2023-10
17bf0cg,Proteine e sport,,Alemvitastrong,2023-10-19T09:22:07,1,0,https://reddit.com/r/Italia/comments/17bf0cg/proteine_e_sport/,sport,2023-10
179786k,Bellissimo. Incontrare. Sport.,,jessicalove1247,2023-10-16T14:26:28,1,0,https://reddit.com/r/Italia/comments/179786k/bellissimo_incontrare_sport/,sport,2023-10
177zn9i,"Sport, quando è troppo tardi?","Ho 28 anni, mi piacerebbe iniziare pugilato, ovviamente non a livello agonistico ma vorrei sapere se ho l'età adatta per imparare qualcosa da questa disciplina o se è troppo tardi e andrei incontro solamente ad infortunii.
Pensavo a una disciplina che coinvolgesse tutto il corpo (MMA o Muaythai) ma ho sentito dire che iniziare ad una certa età è controproducente e quasi inutile.

(A parte Judo a 6 anni) non ho mai praticato sport da combattimento ma mi è sempre interessato iniziare.

Sarei curioso di sapere l' opinione di un istruttore o di persone come me che hanno intrapreso queste discipline non in ""giovanissima età"".

Grazie mille.",Cerber0333,2023-10-14T21:32:20,4,38,https://reddit.com/r/Italia/comments/177zn9i/sport_quando_è_troppo_tardi/,sport,2023-10
173pruh,Chiarimento categorie peso sport da combattimento,"Ma quindi uno di 60 kg non puo competere con uno di 80 kg perché’,secondo questa logica,il secondo e’ piu forte?e allora i cinesini che spaccano i blocchi di marmo con le mani e che peseranno 45 kg vestiti?perdonate la mia ignoranza..me lo sto domandando perche voglio aumentare di peso e mi sto ispirando a quelli della boxe,voglio passare da leggero a medio",TidderRocco,2023-10-09T11:47:45,0,42,https://reddit.com/r/Italia/comments/173pruh/chiarimento_categorie_peso_sport_da_combattimento/,sport,2023-10
