elita_word,spacy_token,spacy_lemma,pos,n_tokens
a_caso,a_caso,a_caso,NOUN,1
a_malincuore,a_malincuore,a_malincuora,NOUN,1
a_scanso_di,a_scanso_di,a_scanso_di,VERB,1
abbagliante,abbagliante,abbagliante,ADJ,1
abbandonare,abbandonare,abbandonare,VERB,1
abbandonato,abbandonato,abbandonare,VERB,1
abbandono,abbandono,abbandono,NOUN,1
abbassare,abbassare,abbassare,VERB,1
abbastanza,abbastanza,abbastanza,ADV,1
abbattere,abbattere,abbattere,VERB,1
abbattersi,abbattersi,abbattere si,VERB,1
abbattuto,abbattuto,abbattere,VERB,1
abbellimento,abbellimento,abbellimento,NOUN,1
abbigliamento,abbigliamento,abbigliamento,NOUN,1
abbinare,abbinare,abbinare,VERB,1
abbonamento,abbonamento,abbonamento,ADJ,1
abbonare,abbonare,abbonare,VERB,1
abbondante,abbondante,abbondante,ADJ,1
abbondanza,abbondanza,abbondanza,NOUN,1
abbordabile,abbordabile,abbordabile,ADJ,1
abbracciare,abbracciare,abbracciare,VERB,1
abbraccio,abbraccio,abbracciare,VERB,1
abdicare,abdicare,abdicare,VERB,1
aberrante,aberrante,aberrante,ADJ,1
aberrare,aberrare,aberrare,VERB,1
abietto,abietto,abietto,NOUN,1
abiezione,abiezione,abiezione,NOUN,1
abile,abile,abile,ADJ,1
abilità,abilità,abilità,NOUN,1
abisso,abisso,abisso,NOUN,1
abitante,abitante,abitante,NOUN,1
abitare,abitare,abitare,VERB,1
abitatore,abitatore,abitatore,NOUN,1
abitazione,abitazione,abitazione,NOUN,1
abito,abito,abitare,NOUN,1
abituale,abituale,abituale,ADJ,1
abituare,abituare,abituare,VERB,1
abitudine,abitudine,abitudine,NOUN,1
abolire,abolire,abolire,VERB,1
abolizione,abolizione,abolizione,NOUN,1
abominevole,abominevole,abominevole,ADJ,1
abominio,abominio,abominio,NOUN,1
aborrire,aborrire,aborrire,VERB,1
abusato,abusato,abusare,VERB,1
abuso,abuso,abuso,NOUN,1
accademia,accademia,accademia,NOUN,1
accademico,accademico,accademico,ADJ,1
accadere,accadere,accadere,VERB,1
accanimento,accanimento,accanimento,NOUN,1
accanirsi,accanirsi,accanire si,VERB,1
accanto,accanto,accanto,ADV,1
accaparrare,accaparrare,accaparrare,VERB,1
accarezzare,accarezzare,accarezzare,VERB,1
accasciato,accasciato,accasciare,VERB,1
accedere,accedere,accedere,VERB,1
accelerare,accelerare,accelerare,VERB,1
accelerazione,accelerazione,accelerazione,NOUN,1
accendere,accendere,accendere,VERB,1
accennare,accennare,accennare,VERB,1
accento,accento,accento,NOUN,1
accertamento,accertamento,accertamento,NOUN,1
accertare,accertare,accertare,VERB,1
accertato,accertato,accertare,VERB,1
acceso,acceso,accendere,VERB,1
accesso,accesso,accesso,NOUN,1
accessorio,accessorio,accessorio,NOUN,1
accettabile,accettabile,accettabile,ADJ,1
accettare,accettare,accettare,VERB,1
acciaio,acciaio,acciaio,NOUN,1
accidente,accidente,accidente,NOUN,1
accingere,accingere,accingere,VERB,1
acciuga,acciuga,acciugare,VERB,1
acclamazione,acclamazione,acclamazione,NOUN,1
accoglienza,accoglienza,accoglienza,NOUN,1
accogliere,accogliere,accogliere,VERB,1
accomodare,accomodare,accomodare,VERB,1
accompagnare,accompagnare,accompagnare,VERB,1
accontentare,accontentare,accontentare,VERB,1
accorciamento,accorciamento,accorciamento,NOUN,1
accordare,accordare,accordare,VERB,1
accordo,accordo,accordo,NOUN,1
accorgersi,accorgersi,accorgere si,VERB,1
accostare,accostare,accostare,VERB,1
accumulare,accumulare,accumulare,VERB,1
accuratezza,accuratezza,accuratezza,NOUN,1
accurato,accurato,accurare,VERB,1
accusa,accusa,accusare,VERB,1
accusare,accusare,accusare,VERB,1
acerba,acerba,acerbo,ADJ,1
acido,acido,acido,NOUN,1
acqua,acqua,acqua,NOUN,1
acqua_stagnante,acqua_stagnante,acqua_stagnante,ADJ,1
acquisire,acquisire,acquisire,VERB,1
acquisizione,acquisizione,acquisizione,NOUN,1
acquistare,acquistare,acquistare,VERB,1
acquisto,acquisto,acquisto,NOUN,1
acredine,acredine,acredine,NOUN,1
acume,acume,acume,VERB,1
acuta,acuta,acuto,ADJ,1
acutezza,acutezza,acutezza,NOUN,1
acuto,acuto,acuto,ADJ,1
adatta,adatta,adatto,ADJ,1
adattare,adattare,adattare,VERB,1
adatti,adatti,adatto,ADJ,1
adatto,adatto,adatto,ADJ,1
addetto,addetto,addetto,NOUN,1
addio,addio,addio,NOUN,1
addirittura,addirittura,addirittura,ADV,1
addormentarsi,addormentarsi,addormentare si,VERB,1
addossare,addossare,addossare,VERB,1
adeguare,adeguare,adeguare,VERB,1
adeguato,adeguato,adeguato,ADJ,1
adempiere,adempiere,adempiere,VERB,1
aderire,aderire,aderire,VERB,1
adesione,adesione,adesione,NOUN,1
adesso,adesso,adesso,ADV,1
adirare,adirare,adirare,VERB,1
adolescente,adolescente,adolescente,NOUN,1
adolescenza,adolescenza,adolescenza,NOUN,1
adombrare,adombrare,adombrare,VERB,1
adombrato,adombrato,adombrare,VERB,1
adoperare,adoperare,adoperare,VERB,1
adorare,adorare,adorare,VERB,1
adottare,adottare,adottare,VERB,1
adozione,adozione,adozione,NOUN,1
adulterio,adulterio,adulterio,NOUN,1
adulto,adulto,adulto,NOUN,1
aereo,aereo,aereo,NOUN,1
aeroporto,aeroporto,aeroporto,NOUN,1
affacciare,affacciare,affacciare,VERB,1
affare,affare,affare,NOUN,1
affascinante,affascinante,affascinare,VERB,1
affascinare,affascinare,affascinare,VERB,1
affaticamento,affaticamento,affaticamento,NOUN,1
affatto,affatto,affatto,ADV,1
affermare,affermare,affermare,VERB,1
affermazione,affermazione,affermazione,NOUN,1
afferrare,afferrare,afferrare,VERB,1
affetto,affetto,affetto,ADJ,1
affettuoso,affettuoso,affettuoso,ADJ,1
affezionato,affezionato,affezionare,VERB,1
affiancare,affiancare,affiancare,VERB,1
affiatamento,affiatamento,affiatamento,NOUN,1
affidabile,affidabile,affidabile,ADJ,1
affidamento,affidamento,affidamento,NOUN,1
affidare,affidare,affidare,VERB,1
affidarsi,affidarsi,affidare si,VERB,1
affievolimento,affievolimento,affievolimento,NOUN,1
affievolire,affievolire,affievolire,VERB,1
affiorare,affiorare,affiorare,VERB,1
affittare,affittare,affittare,VERB,1
affitto,affitto,affitre,VERB,1
affliggere,affliggere,affliggere,VERB,1
afflitto,afflitto,affliggere,VERB,1
afflizione,afflizione,afflizione,NOUN,1
affluenza,affluenza,affluenza,NOUN,1
affollare,affollare,affollare,VERB,1
affondare,affondare,affondare,VERB,1
affondato,affondato,affondare,VERB,1
affossamento,affossamento,affossamento,NOUN,1
affresco,affresco,affresco,NOUN,1
affrontare,affrontare,affrontare,VERB,1
africano,africano,africano,ADJ,1
afrodisiaco,afrodisiaco,afrodisiaco,ADJ,1
agenda,agenda,agenda,NOUN,1
agente,agente,agente,NOUN,1
agenzia,agenzia,agenzia,NOUN,1
agganciare,agganciare,agganciare,VERB,1
agghiacciare,agghiacciare,agghiacciare,VERB,1
agghiacciato,agghiacciato,agghiacciare,ADJ,1
aggiornamento,aggiornamento,aggiornamento,NOUN,1
aggiornare,aggiornare,aggiornare,VERB,1
aggirare,aggirare,aggirare,VERB,1
aggiungere,aggiungere,aggiungere,VERB,1
aggiustare,aggiustare,aggiustare,VERB,1
aggrapparsi,aggrapparsi,aggrappare si,VERB,1
aggredire,aggredire,aggredire,VERB,1
aggressione,aggressione,aggressione,NOUN,1
aggressivo,aggressivo,aggressivo,ADJ,1
aggressore,aggressore,aggressore,NOUN,1
aggrottare,aggrottare,aggrottare,VERB,1
aghi,aghi,ago,NOUN,1
agiato,agiato,agiare,VERB,1
agio,agio,agio,ADJ,1
agire,agire,agire,VERB,1
agitare,agitare,agitare,VERB,1
agitarsi,agitarsi,agitare si,VERB,1
agitato,agitato,agitare,VERB,1
agitazione,agitazione,agitazione,NOUN,1
agnello,agnello,agnello,NOUN,1
ago,ago,ago,X,1
agognare,agognare,agognare,VERB,1
agonia,agonia,agonia,NOUN,1
agosto,agosto,agosto,NOUN,1
agricolo,agricolo,agricolo,ADJ,1
agricoltura,agricoltura,agricoltura,NOUN,1
agro,agro,agro,NOUN,1
aguzzo,aguzzo,aguzzo,ADJ,1
aiutare,aiutare,aiutare,VERB,1
aiuto,aiuto,aiuto,NOUN,1
ala,ala,ala,NOUN,1
alacre,alacre,alacro,ADJ,1
alba,alba,alba,NOUN,1
albanese,albanese,albanese,ADJ,1
albergo,albergo,albergo,NOUN,1
albero,albero,albero,NOUN,1
album,album,album,NOUN,1
albume,albume,albume,NOUN,1
alcol,alcol,alcol,NOUN,1
alcolismo,alcolismo,alcolismo,NOUN,1
alcolista,alcolista,alcolista,NOUN,1
alfa,alfa,alfa,NOUN,1
ali_spiegate,ali_spiegate,ali_spiegare,VERB,1
alibi,alibi,alibi,NOUN,1
alienato,alienato,alienare,VERB,1
alienazione,alienazione,alienazione,NOUN,1
alieno,alieno,alieno,ADJ,1
alimentare,alimentare,alimentare,VERB,1
alimentazione,alimentazione,alimentazione,NOUN,1
alimento,alimento,alimento,NOUN,1
allacciare,allacciare,allacciare,VERB,1
allargare,allargare,allargare,VERB,1
allarmare,allarmare,allarmare,VERB,1
allarmato,allarmato,allarmare,VERB,1
allarme,allarme,allarme,NOUN,1
alleanza,alleanza,alleanza,NOUN,1
alleato,alleato,alleare,NOUN,1
allegato,allegato,allegare,VERB,1
allegra,allegra,allegro,ADJ,1
allegria,allegria,allegrio,ADJ,1
allegro,allegro,allegro,ADJ,1
allenamento,allenamento,allenamento,NOUN,1
allenare,allenare,allenare,VERB,1
allenatore,allenatore,allenatore,NOUN,1
allevare,allevare,allevare,VERB,1
allibito,allibito,allibire,VERB,1
allietato,allietato,allietare,VERB,1
allievo,allievo,allievo,NOUN,1
allineare,allineare,allineare,VERB,1
alloggio,alloggio,alloggio,NOUN,1
allontanare,allontanare,allontanare,VERB,1
allontanato,allontanato,allontanare,VERB,1
allora,allora,allora,ADV,1
alludere,alludere,alludere,VERB,1
allungare,allungare,allungare,VERB,1
alopecia,alopecia,alopecia,NOUN,1
alpino,alpino,alpino,ADJ,1
alquanto,alquanto,alquanto,ADV,1
alta,alta,alto,ADJ,1
altare,altare,altare,NOUN,1
alter_ego,alter_ego,alter_ego,PUNCT,1
alterare,alterare,alterare,VERB,1
alternare,alternare,alternare,VERB,1
alternativa,alternativa,alternativo,ADJ,1
alternativo,alternativo,alternativo,ADJ,1
altezza,altezza,altezza,NOUN,1
alto,alto,alto,ADJ,1
altrettanto,altrettanto,altrettanto,ADV,1
altrimenti,altrimenti,altrimenti,ADV,1
altro,altro,altro,PRON,1
altroieri,altroieri,altroiero,ADV,1
altrove,altrove,altrove,ADV,1
altura,altura,altura,NOUN,1
alunno,alunno,alunno,NOUN,1
alzare,alzare,alzare,VERB,1
amabilità,amabilità,amabilità,NOUN,1
amante,amante,amante,NOUN,1
amara,amara,amaro,ADJ,1
amare,amare,amare,VERB,1
amarezza,amarezza,amarezza,NOUN,1
amaro,amaro,amaro,ADJ,1
amato,amato,amare,VERB,1
ambientale,ambientale,ambientale,ADJ,1
ambientare,ambientare,ambientare,VERB,1
ambiente,ambiente,ambiente,NOUN,1
ambito,ambito,ambito,NOUN,1
ambizione,ambizione,ambizione,NOUN,1
ambizioso,ambizioso,ambizioso,ADJ,1
ambulanza,ambulanza,ambulanza,NOUN,1
americano,americano,americano,ADJ,1
amica,amica,amico,NOUN,1
amichevole,amichevole,amichevole,ADJ,1
amicizia,amicizia,amicizia,NOUN,1
amico,amico,amico,NOUN,1
ammaestrare,ammaestrare,ammaestrare,VERB,1
ammalarsi,ammalarsi,ammalare si,VERB,1
ammaliato,ammaliato,ammaliare,VERB,1
ammazzare,ammazzare,ammazzare,VERB,1
ammesso,ammesso,ammettere,VERB,1
ammettere,ammettere,ammettere,VERB,1
amministrativo,amministrativo,amministrativo,ADJ,1
amministratore,amministratore,amministratore,NOUN,1
amministrazione,amministrazione,amministrazione,NOUN,1
ammiraglio,ammiraglio,ammiraglio,NOUN,1
ammirare,ammirare,ammirare,VERB,1
ammissibile,ammissibile,ammissibile,ADJ,1
ammissione,ammissione,ammissione,NOUN,1
ammonizione,ammonizione,ammonizione,NOUN,1
amnistia,amnistia,amnistia,NOUN,1
amore,amore,amore,NOUN,1
amoroso,amoroso,amoroso,ADJ,1
ampiamente,ampiamente,ampiamente,ADV,1
ampio,ampio,ampio,ADJ,1
ampliare,ampliare,ampliare,VERB,1
analisi,analisi,analisi,NOUN,1
analista,analista,analista,NOUN,1
analitico,analitico,analitico,ADJ,1
analizzare,analizzare,analizzare,VERB,1
analogo,analogo,analogo,ADJ,1
anarchismo,anarchismo,anarchismo,NOUN,1
ancora,ancora,ancora,ADV,1
ancorare,ancorare,ancorare,VERB,1
andamento,andamento,andamento,NOUN,1
andare,andare,andare,VERB,1
andare_avanti,andare_avanti,andare_avare,NOUN,1
anello,anello,anello,NOUN,1
anfetamine,anfetamine,anfetamine,PROPN,1
angelica,angelica,angelica,PROPN,1
angelico,angelico,angelico,ADJ,1
angelo,angelo,angelo,NOUN,1
angolare,angolare,angolare,ADJ,1
angolo,angolo,angolo,NOUN,1
angoscia,angoscia,angoscia,NOUN,1
angosciare,angosciare,angosciare,VERB,1
angosciato,angosciato,angosciare,ADJ,1
angustia,angustia,angustia,ADV,1
anima,anima,anima,NOUN,1
animale,animale,animale,ADJ,1
animalista,animalista,animalista,NOUN,1
animare,animare,animare,VERB,1
animato,animato,animare,VERB,1
animo,animo,animo,NOUN,1
animosità,animosità,animosità,NOUN,1
annichilire,annichilire,annichilire,VERB,1
annidarsi,annidarsi,annidare si,VERB,1
annientamento,annientamento,annientamento,NOUN,1
anniversario,anniversario,anniversario,NOUN,1
anno,anno,anno,NOUN,1
annodare,annodare,annodare,VERB,1
annoiare,annoiare,annoiare,VERB,1
annotare,annotare,annotare,VERB,1
annuale,annuale,annuale,ADJ,1
annuario,annuario,annuario,NOUN,1
annuire,annuire,annuire,VERB,1
annullare,annullare,annullare,VERB,1
annunciare,annunciare,annunciare,VERB,1
annuncio,annuncio,annuncio,NOUN,1
annunziata,annunziata,annunziato,ADJ,1
anonimato,anonimato,anonimato,NOUN,1
anonimo,anonimo,anonimo,ADJ,1
ansia,ansia,ansia,NOUN,1
ansioso,ansioso,ansioso,ADJ,1
antagonismo,antagonismo,antagonismo,NOUN,1
antecedente,antecedente,antecedente,ADJ,1
antenna,antenna,antenna,NOUN,1
anteprima,anteprima,anteprima,NOUN,1
anteriore,anteriore,anteriore,ADJ,1
antica,antica,antico,ADJ,1
anticipare,anticipare,anticipare,VERB,1
anticipatore,anticipatore,anticipatore,NOUN,1
anticipazione,anticipazione,anticipazione,NOUN,1
anticipo,anticipo,anticipo,NOUN,1
anticlericalismo,anticlericalismo,anticlericalismo,NOUN,1
antico,antico,antico,ADJ,1
antimafia,antimafia,antimafia,ADJ,1
antimicotico,antimicotico,antimicotico,ADJ,1
antinomia,antinomia,antinomia,NOUN,1
antipatia,antipatia,antipatia,NOUN,1
antipatico,antipatico,antipatico,ADJ,1
antisettico,antisettico,antisettico,ADJ,1
antisportivo,antisportivo,antisportivo,ADJ,1
antrace,antrace,antrace,ADJ,1
antropologia,antropologia,antropologia,NOUN,1
anziana,anziana,anziano,ADJ,1
anzianità,anzianità,anzianità,NOUN,1
anziano,anziano,anziano,ADJ,1
ape,ape,ape,NOUN,1
aperto,aperto,aprire,VERB,1
apertura,apertura,apertura,NOUN,1
apnea,apnea,apnea,NOUN,1
apostrofare,apostrofare,apostrofare,VERB,1
app,app,app,NOUN,1
appagamento,appagamento,appagamento,NOUN,1
appagato,appagato,appagare,VERB,1
appalto,appalto,appalto,NOUN,1
apparato,apparato,apparato,NOUN,1
apparecchio,apparecchio,apparecchio,NOUN,1
apparente,apparente,apparente,ADJ,1
apparentemente,apparentemente,apparentemente,ADV,1
apparenza,apparenza,apparenza,NOUN,1
apparire,apparire,apparire,VERB,1
apparizione,apparizione,apparizione,NOUN,1
apparso,apparso,apparso,VERB,1
appartamento,appartamento,appartamento,NOUN,1
appartenenza,appartenenza,appartenenza,NOUN,1
appartenere,appartenere,appartenere,VERB,1
appassionare,appassionare,appassionare,VERB,1
appassionato,appassionato,appassionato,ADJ,1
appassire,appassire,appassire,VERB,1
appello,appello,appello,NOUN,1
appena,appena,appena,ADV,1
appendere,appendere,appendere,VERB,1
appendiabiti,appendiabiti,appendiabito,NOUN,1
applauso,applauso,applauso,NOUN,1
applicare,applicare,applicare,VERB,1
applicazione,applicazione,applicazione,NOUN,1
appoggiare,appoggiare,appoggiare,VERB,1
appoggio,appoggio,appoggio,NOUN,1
apposito,apposito,apposire,VERB,1
apposta,apposta,apposta,ADV,1
apprendere,apprendere,apprendere,VERB,1
apprendimento,apprendimento,apprendimento,NOUN,1
apprensione,apprensione,apprensione,NOUN,1
apprensivo,apprensivo,apprensivo,ADJ,1
apprezzare,apprezzare,apprezzare,VERB,1
approccio,approccio,approccio,NOUN,1
approdare,approdare,approdare,VERB,1
approfittare,approfittare,approfittare,VERB,1
approfondimento,approfondimento,approfondimento,NOUN,1
approfondire,approfondire,approfondire,VERB,1
appropriare,appropriare,appropriare,VERB,1
approvare,approvare,approvare,VERB,1
approvazione,approvazione,approvazione,NOUN,1
appuntamento,appuntamento,appuntamento,NOUN,1
appunto,appunto,appunto,ADV,1
aprile,aprile,aprile,NOUN,1
aprire,aprire,aprire,VERB,1
aquilone,aquilone,aquilone,NOUN,1
arabo,arabo,arabo,NOUN,1
arbitraggio,arbitraggio,arbitraggio,NOUN,1
arbitro,arbitro,arbitro,NOUN,1
arcangelo,arcangelo,arcangeloo,VERB,1
architettare,architettare,architettare,VERB,1
architetto,architetto,architetto,NOUN,1
architettonico,architettonico,architettonico,ADJ,1
architettura,architettura,architettura,NOUN,1
archiviare,archiviare,archiviare,VERB,1
archivio,archivio,archivio,NOUN,1
arco,arco,arco,NOUN,1
ardire,ardire,ardire,VERB,1
ardito,ardito,ardito,ADJ,1
area,area,area,NOUN,1
argentino,argentino,argentino,ADJ,1
argento,argento,argento,NOUN,1
argine,argine,argine,NOUN,1
argomentare,argomentare,argomentare,VERB,1
argomentazione,argomentazione,argomentazione,NOUN,1
argomento,argomento,argomento,NOUN,1
aria,aria,aria,NOUN,1
arma,arma,arma,NOUN,1
armadietto,armadietto,armadietto,NOUN,1
armadio,armadio,armadio,ADJ,1
armamento,armamento,armamento,NOUN,1
armare,armare,armare,VERB,1
armato,armato,armare,VERB,1
armonia,armonia,armonia,NOUN,1
aromaterapia,aromaterapia,aromaterapia,NOUN,1
arrabbiarsi,arrabbiarsi,arrabbiare si,VERB,1
arrabbiato,arrabbiato,arrabbiare,ADJ,1
arrabbiatura,arrabbiatura,arrabbiatura,NOUN,1
arrampicarsi,arrampicarsi,arrampicare si,VERB,1
arrecare,arrecare,arrecare,VERB,1
arredamento,arredamento,arredamento,NOUN,1
arrendersi,arrendersi,arrendere si,VERB,1
arrestare,arrestare,arrestare,VERB,1
arresto,arresto,arresto,NOUN,1
arretrare,arretrare,arretrare,VERB,1
arricchire,arricchire,arricchire,VERB,1
arringare,arringare,arringare,VERB,1
arrivare,arrivare,arrivare,VERB,1
arrivederci,arrivederci,arrivedere ci,VERB,1
arrivo,arrivo,arrivo,NOUN,1
arrossare,arrossare,arrossare,VERB,1
arrossire,arrossire,arrossire,VERB,1
arruffare,arruffare,arruffare,VERB,1
arte,arte,arte,NOUN,1
arteria,arteria,arteria,NOUN,1
articolare,articolare,articolare,ADJ,1
articolazione,articolazione,articolazione,NOUN,1
articolista,articolista,articolista,NOUN,1
articolo,articolo,articolo,NOUN,1
artificiale,artificiale,artificiale,ADJ,1
artigiano,artigiano,artigiano,NOUN,1
artiglio,artiglio,artiglio,NOUN,1
artista,artista,artista,NOUN,1
artistico,artistico,artistico,ADJ,1
ascendere,ascendere,ascendere,VERB,1
ascensione,ascensione,ascensione,NOUN,1
ascensore,ascensore,ascensore,NOUN,1
ascesa,ascesa,ascendere,NOUN,1
asciugacapelli,asciugacapelli,asciugacapelli,NOUN,1
asciugamano,asciugamano,asciugamano,NOUN,1
asciugare,asciugare,asciugare,VERB,1
asciutto,asciutto,asciutto,ADJ,1
ascoltare,ascoltare,ascoltare,VERB,1
ascoltatore,ascoltatore,ascoltatore,NOUN,1
ascolto,ascolto,ascolgere,NOUN,1
asiatico,asiatico,asiatico,ADJ,1
asilo,asilo,asilo,NOUN,1
asino,asino,asino,NOUN,1
asociale,asociale,asociale,ADJ,1
aspettare,aspettare,aspettare,VERB,1
aspettativa,aspettativa,aspettativa,NOUN,1
aspettato,aspettato,aspettare,VERB,1
aspetto,aspetto,aspettare,NOUN,1
aspirare,aspirare,aspirare,VERB,1
aspirazione,aspirazione,aspirazione,NOUN,1
asportare,asportare,asportare,VERB,1
aspra,aspra,aspra,ADJ,1
aspro,aspro,aspro,ADJ,1
assaggiare,assaggiare,assaggiare,VERB,1
assai,assai,assai,ADV,1
assalto,assalto,assalto,NOUN,1
assassinare,assassinare,assassinare,VERB,1
assassino,assassino,assassino,NOUN,1
asse,asse,asse,NOUN,1
assediare,assediare,assediare,VERB,1
assegnamento,assegnamento,assegnamento,NOUN,1
assegnare,assegnare,assegnare,VERB,1
assegno,assegno,assegno,NOUN,1
assemblea,assemblea,assembleare,NOUN,1
assente,assente,assente,ADJ,1
assenza,assenza,assenza,NOUN,1
assertivo,assertivo,assertivo,ADJ,1
assestare,assestare,assestare,VERB,1
asset,asset,asset,NOUN,1
assicurare,assicurare,assicurare,VERB,1
assicurazione,assicurazione,assicurazione,NOUN,1
assieme,assieme,assieme,ADV,1
assioma,assioma,assioma,NOUN,1
assistente,assistente,assistente,NOUN,1
assistenza,assistenza,assistenza,NOUN,1
assistere,assistere,assistere,VERB,1
associare,associare,associare,VERB,1
associazione,associazione,associazione,NOUN,1
assolutamente,assolutamente,assolutamente,ADV,1
assoluto,assoluto,assoluto,ADJ,1
assolvere,assolvere,assolvere,VERB,1
assomigliare,assomigliare,assomigliare,VERB,1
assorbire,assorbire,assorbire,VERB,1
assortimento,assortimento,assortimento,NOUN,1
assumere,assumere,assumere,VERB,1
assunta,assunta,assunta,VERB,1
assunzione,assunzione,assunzionere,NOUN,1
assurda,assurda,assurdo,ADJ,1
assurdo,assurdo,assurdo,ADJ,1
asta,asta,asta,NOUN,1
astenersi_da,astenersi_da,astenersi_da,AUX,1
asterisco,asterisco,asteriscare,VERB,1
astrarre,astrarre,astrarre,VERB,1
astratto,astratto,astratto,ADJ,1
astronauta,astronauta,astronauta,NOUN,1
ateo,ateo,ateo,ADJ,1
atleta,atleta,atleta,NOUN,1
atmosfera,atmosfera,atmosfera,NOUN,1
atomico,atomico,atomico,ADJ,1
atomo,atomo,atomo,NOUN,1
atroce,atroce,atroce,ADV,1
attaccare,attaccare,attaccare,VERB,1
attacco,attacco,attacco,NOUN,1
atteggiamento,atteggiamento,atteggiamento,NOUN,1
atteggiare,atteggiare,atteggiare,VERB,1
attendarsi,attendarsi,attendare si,VERB,1
attendere,attendere,attendere,VERB,1
attenere,attenere,attenere,VERB,1
attentamente,attentamente,attentamente,ADV,1
attentare,attentare,attentare,VERB,1
attentato,attentato,attentato,NOUN,1
attento,attento,attento,ADJ,1
attenzione,attenzione,attenzione,NOUN,1
atterrare,atterrare,atterrare,VERB,1
atterrire,atterrire,atterrire,VERB,1
atterrito,atterrito,atterrire,VERB,1
attesa,attesa,attendere,NOUN,1
atteso,atteso,attendere,VERB,1
attestare,attestare,attestare,VERB,1
attimo,attimo,attimo,NOUN,1
attingere,attingere,attingere,VERB,1
attirare,attirare,attirare,VERB,1
attivare,attivare,attivare,VERB,1
attività,attività,attività,NOUN,1
attivo,attivo,attivo,ADJ,1
atto,atto,atto,NOUN,1
attonimento,attonimento,attonimegniere,ADJ,1
attonito,attonito,attonire,VERB,1
attorcigliare,attorcigliare,attorcigliare,VERB,1
attore,attore,attore,NOUN,1
attorno,attorno,attorno,ADV,1
attrarre,attrarre,attrarre,VERB,1
attraversare,attraversare,attraversare,VERB,1
attrazione,attrazione,attrazione,NOUN,1
attrezzare,attrezzare,attrezzare,VERB,1
attrezzatura,attrezzatura,attrezzatura,NOUN,1
attrezzo,attrezzo,attrezzo,NOUN,1
attribuire,attribuire,attribuire,VERB,1
attribuito,attribuito,attribuire,VERB,1
attrice,attrice,attore,NOUN,1
attrito,attrito,attrire,VERB,1
attuale,attuale,attuale,ADJ,1
attualità,attualità,attualità,NOUN,1
attualmente,attualmente,attualmente,ADV,1
attuare,attuare,attuare,VERB,1
attutire,attutire,attutire,VERB,1
audizione,audizione,audizione,NOUN,1
augurare,augurare,augurare,VERB,1
augurio,augurio,augurio,NOUN,1
aula,aula,aula,NOUN,1
aumentare,aumentare,aumentare,VERB,1
aumento,aumento,aumento,NOUN,1
auspicare,auspicare,auspicare,VERB,1
auspicato,auspicato,auspicare,VERB,1
auspicio,auspicio,auspiciare,NOUN,1
austerità,austerità,austerità,NOUN,1
austriaco,austriaco,austriaco,ADJ,1
autenticità,autenticità,autenticità,NOUN,1
autentico,autentico,autentico,ADJ,1
autista,autista,autista,NOUN,1
auto,auto,auto,NOUN,1
autobiografia,autobiografia,autobiografia,NOUN,1
autobus,autobus,autobus,NOUN,1
autocoscienza,autocoscienza,autocoscienza,NOUN,1
autodifesa,autodifesa,autodifesa,NOUN,1
autoironia,autoironia,autoironia,NOUN,1
automaticamente,automaticamente,automaticamente,ADV,1
automatico,automatico,automatico,ADJ,1
automobile,automobile,automobile,NOUN,1
autonomia,autonomia,autonomia,NOUN,1
autonomo,autonomo,autonomo,ADJ,1
autoprodotto,autoprodotto,autoprodotto,VERB,1
autopsia,autopsia,autopsia,NOUN,1
autore,autore,autore,NOUN,1
autorevole,autorevole,autorevole,ADJ,1
autorevolezza,autorevolezza,autorevolezza,NOUN,1
autorità,autorità,autorità,NOUN,1
autorizzare,autorizzare,autorizzare,VERB,1
autostrada,autostrada,autostradare,NOUN,1
autunno,autunno,autunno,NOUN,1
avanguardia,avanguardia,avanguardia,NOUN,1
avanti,avanti,avanti,ADV,1
avanzare,avanzare,avanzare,VERB,1
avanzata,avanzata,avanzato,ADJ,1
avanzato,avanzato,avanzare,ADJ,1
avanzo,avanzo,avanzo,NOUN,1
avara,avara,avaro,ADJ,1
avaro,avaro,avaro,ADJ,1
avere,avere,avere,VERB,1
avi,avi,avo,NOUN,1
avvalersi,avvalersi,avvalere si,VERB,1
avvelenare,avvelenare,avvelenare,VERB,1
avvelenata,avvelenata,avvelenato,ADJ,1
avvenimento,avvenimento,avvenimento,NOUN,1
avvenire,avvenire,avvenire,VERB,1
avventura,avventura,avventura,NOUN,1
avversario,avversario,avversario,NOUN,1
avversione,avversione,avversione,NOUN,1
avverso,avverso,avverso,ADJ,1
avvertimento,avvertimento,avvertimento,NOUN,1
avvertire,avvertire,avvertire,VERB,1
avviare,avviare,avviare,VERB,1
avvicinare,avvicinare,avvicinare,VERB,1
avvilire,avvilire,avvilire,VERB,1
avvilito,avvilito,avvilire,VERB,1
avvio,avvio,avvio,NOUN,1
avvisare,avvisare,avvisare,VERB,1
avviso,avviso,avviso,NOUN,1
avvitato,avvitato,avvitare,VERB,1
avvocato,avvocato,avvocato,NOUN,1
avvolgere,avvolgere,avvolgere,VERB,1
avvoltoio,avvoltoio,avvoltoio,NOUN,1
azienda,azienda,azienda,NOUN,1
aziendale,aziendale,aziendale,ADJ,1
azione,azione,azione,NOUN,1
azzardare,azzardare,azzardare,VERB,1
azzeccare,azzeccare,azzeccare,VERB,1
azzerare,azzerare,azzerare,VERB,1
azzurro,azzurro,azzurro,ADJ,1
babele,babele,babele,PROPN,1
baciare,baciare,baciare,VERB,1
bagnare,bagnare,bagnare,VERB,1
bagnata,bagnata,bagnare,VERB,1
bagno,bagno,bagno,NOUN,1
balbettare,balbettare,balbettare,VERB,1
balcone,balcone,balcone,NOUN,1
baldoria,baldoria,baldoria,NOUN,1
balena,balena,balena,NOUN,1
balia,balia,balio,ADJ,1
ballabile,ballabile,ballabile,ADJ,1
ballare,ballare,ballare,VERB,1
ballo,ballo,ballo,NOUN,1
balzo,balzo,balzo,NOUN,1
bambina,bambina,bambino,NOUN,1
bambino,bambino,bambino,NOUN,1
bambola,bambola,bambola,NOUN,1
bambolina,bambolina,bambolino,NOUN,1
banale,banale,banale,ADJ,1
banalità,banalità,banalità,NOUN,1
banca,banca,banca,NOUN,1
bancario,bancario,bancario,ADJ,1
bancarotta,bancarotta,bancarotta,NOUN,1
banco,banco,banco,NOUN,1
bancone,bancone,bancone,NOUN,1
band,band,band,NOUN,1
banda,banda,banda,NOUN,1
bandiera,bandiera,bandiera,NOUN,1
bandito,bandito,bandire,VERB,1
bando,bando,bando,NOUN,1
bar,bar,bar,NOUN,1
bara,bara,bara,NOUN,1
barare,barare,barare,VERB,1
barattare,barattare,barattare,VERB,1
barba,barba,barba,NOUN,1
barbaro,barbaro,barbaro,NOUN,1
barca,barca,barca,NOUN,1
barella,barella,barella,NOUN,1
barile,barile,barile,NOUN,1
barlume,barlume,barlume,VERB,1
barricata,barricata,barricato,ADJ,1
barriera,barriera,barriera,NOUN,1
basare,basare,basare,VERB,1
base,base,base,NOUN,1
basilare,basilare,basilare,ADJ,1
basilica,basilica,basilica,NOUN,1
basilico,basilico,basilico,ADJ,1
bassa,bassa,basso,ADJ,1
bassezza,bassezza,bassezza,NOUN,1
basso,basso,basso,ADJ,1
bastarda,bastarda,bastardare,ADJ,1
bastardo,bastardo,bastardo,ADJ,1
bastare,bastare,bastare,VERB,1
bastone,bastone,bastone,NOUN,1
batosta,batosta,batosta,NOUN,1
battaglia,battaglia,battaglia,NOUN,1
battere,battere,battere,VERB,1
batteria,batteria,batteria,NOUN,1
batterio,batterio,batterio,NOUN,1
battuta,battuta,battuta,NOUN,1
beatitudine,beatitudine,beatitudine,NOUN,1
beato,beato,beato,VERB,1
beauty,beauty,beauty,NOUN,1
beccare,beccare,beccare,VERB,1
beh,beh,beh,ADV,1
bella,bella,bello,ADJ,1
bellezza,bellezza,bellezza,NOUN,1
bellissima,bellissima,bello,ADJ,1
bellissimo,bellissimo,bello,ADJ,1
bello,bello,bello,ADJ,1
beltà,beltà,beltà,NOUN,1
bene,bene,bene,ADV,1
benedetto,benedetto,benedetto,NOUN,1
beneficio,beneficio,beneficio,NOUN,1
benessere,benessere,benessere,NOUN,1
benigno,benigno,benigno,ADJ,1
benvenuto,benvenuto,benvenuto,ADJ,1
benzina,benzina,benzina,NOUN,1
bere,bere,bere,VERB,1
berlusconiano,berlusconiano,berlusconiano,ADJ,1
bersaglio,bersaglio,bersaglio,NOUN,1
bestia,bestia,bestia,NOUN,1
bestiola,bestiola,bestiola,NOUN,1
bevanda,bevanda,bevanda,NOUN,1
bianco,bianco,bianco,ADJ,1
biasimo,biasimo,biasimere,VERB,1
bibbia,bibbia,bibbia,NOUN,1
biblico,biblico,biblico,ADJ,1
bibliografia,bibliografia,bibliografia,NOUN,1
biblioteca,biblioteca,biblioteca,NOUN,1
bicchiere,bicchiere,bicchiere,NOUN,1
bici,bici,bici,NOUN,1
bicicletta,bicicletta,bicicletta,NOUN,1
biennale,biennale,biennale,ADJ,1
biglietto,biglietto,biglietto,NOUN,1
bilancia,bilancia,bilancia,NOUN,1
bilancio,bilancio,bilancio,NOUN,1
bimba,bimba,bimbo,NOUN,1
bimbo,bimbo,bimbo,NOUN,1
biografia,biografia,biografia,NOUN,1
biologia,biologia,biologia,NOUN,1
biologico,biologico,biologico,NOUN,1
bionda,bionda,biondo,ADJ,1
biondo,biondo,biondo,ADJ,1
bipolarismo,bipolarismo,bipolarismo,NOUN,1
birra,birra,birra,NOUN,1
biscotto,biscotto,biscotto,NOUN,1
bislacco,bislacco,bislacco,ADJ,1
bisognare,bisognare,bisognare,VERB,1
bisogno,bisogno,bisogno,NOUN,1
bit,bit,bit,NOUN,1
bizzarra,bizzarra,bizzarro,ADJ,1
bizzarro,bizzarro,bizzarro,ADJ,1
bloccare,bloccare,bloccare,VERB,1
blocco,blocco,blocco,NOUN,1
blog,blog,blog,NOUN,1
blu,blu,blu,ADJ,1
boato,boato,boato,NOUN,1
bocca,bocca,bocca,NOUN,1
boccata,boccata,boccare,NOUN,1
bocciare,bocciare,bocciare,VERB,1
bocconcino,bocconcino,bocconcino,NOUN,1
boh,boh,boh,ADV,1
boiata,boiata,boiato,ADJ,1
bolla,bolla,bolla,NOUN,1
bolletta,bolletta,bolletta,NOUN,1
bollitore,bollitore,bollitore,NOUN,1
bomba,bomba,bomba,NOUN,1
bombardare,bombardare,bombardare,VERB,1
bontà,bontà,bontà,NOUN,1
bordello,bordello,bordello,NOUN,1
bordo,bordo,bordo,NOUN,1
borghese,borghese,borghese,NOUN,1
borgo,borgo,borgo,NOUN,1
borsa,borsa,borsa,NOUN,1
bosco,bosco,bosco,PROPN,1
boss,boss,boss,NOUN,1
botta,botta,botta,NOUN,1
bottega,bottega,bottega,NOUN,1
bottiglia,bottiglia,bottiglia,NOUN,1
bottone,bottone,bottone,NOUN,1
bouquet,bouquet,bouquet,NOUN,1
box,box,box,NOUN,1
braccio,braccio,braccio,NOUN,1
bramare,bramare,bramare,VERB,1
bramato,bramato,bramare,VERB,1
branco,branco,branco,NOUN,1
brancolare,brancolare,brancolare,VERB,1
brand,brand,brand,NOUN,1
brano,brano,brano,NOUN,1
brasiliana,brasiliana,brasiliano,ADJ,1
bravo,bravo,bravo,ADJ,1
breve,breve,breve,ADJ,1
brillante,brillante,brillante,ADJ,1
brillare,brillare,brillare,VERB,1
brividi,brividi,brividio,NOUN,1
brivido,brivido,brivido,NOUN,1
broccolo,broccolo,broccolo,NOUN,1
brogliaccio,brogliaccio,brogliaccio,NOUN,1
bronzo,bronzo,bronzo,NOUN,1
bruciare,bruciare,bruciare,VERB,1
bruciato,bruciato,bruciare,VERB,1
bruciore,bruciore,bruciore,NOUN,1
bruschetta,bruschetta,bruschetta,NOUN,1
brutta,brutta,brutto,ADJ,1
bruttezza,bruttezza,bruttezza,NOUN,1
brutto,brutto,brutto,ADJ,1
bruttura,bruttura,brutturare,NOUN,1
buca,buca,buca,NOUN,1
bucare,bucare,bucare,VERB,1
buco,buco,buco,NOUN,1
bucolico,bucolico,bucolico,ADJ,1
buffa,buffa,buffere,NOUN,1
buffo,buffo,buffo,ADJ,1
buffonata,buffonata,buffonato,ADJ,1
bugia,bugia,bugia,NOUN,1
bugiardo,bugiardo,bugiardo,NOUN,1
buia,buia,buio,ADJ,1
buio,buio,buio,ADJ,1
bullismo,bullismo,bullismo,NOUN,1
buona,buona,buono,ADJ,1
buonasera,buonasera,buonasera,PROPN,1
buongiorno,buongiorno,buongiorno,NOUN,1
buono,buono,buono,ADJ,1
burocratico,burocratico,burocratico,ADJ,1
burro,burro,burro,NOUN,1
business,business,business,NOUN,1
bussare,bussare,bussare,VERB,1
busta,busta,busta,NOUN,1
buttare,buttare,buttare,VERB,1
cabina,cabina,cabina,NOUN,1
cacca,cacca,cacca,NOUN,1
cacchio,cacchio,cacchio,NOUN,1
caccia,caccia,cacciare,NOUN,1
cacciare,cacciare,cacciare,VERB,1
cacciatore,cacciatore,cacciatore,NOUN,1
cactus,cactus,cactus,NOUN,1
cadavere,cadavere,cadavere,NOUN,1
cadere,cadere,cadere,VERB,1
caduta,caduta,caduta,NOUN,1
caffè,caffè,caffè,NOUN,1
cagare,cagare,cagare,VERB,1
cagata,cagata,cagare,VERB,1
cagna,cagna,cagna,NOUN,1
cagnesco,cagnesco,cagnesco,PROPN,1
calare,calare,calare,VERB,1
calciatore,calciatore,calciatore,NOUN,1
calcio,calcio,calcio,NOUN,1
calcolare,calcolare,calcolare,VERB,1
calcolatrice,calcolatrice,calcolatore,NOUN,1
calcolo,calcolo,calcolo,NOUN,1
calda,calda,caldo,ADJ,1
caldo,caldo,caldo,ADJ,1
calendario,calendario,calendario,NOUN,1
call,call,call,ADP,1
calma,calma,calma,NOUN,1
calmare,calmare,calmare,VERB,1
calmo,calmo,calmo,ADJ,1
calo,calo,calo,NOUN,1
calore,calore,calore,NOUN,1
calza,calza,calzare,VERB,1
cambiamento,cambiamento,cambiamento,NOUN,1
cambiare,cambiare,cambiare,VERB,1
cambio,cambio,cambio,NOUN,1
camera,camera,camera,NOUN,1
cameriere,cameriere,cameriera,NOUN,1
camicia,camicia,camicia,NOUN,1
camion,camion,camion,NOUN,1
camminare,camminare,camminare,VERB,1
cammino,cammino,cammino,NOUN,1
camorra,camorra,camorra,NOUN,1
campagna,campagna,campagna,NOUN,1
campana,campana,campana,NOUN,1
campanello,campanello,campanello,NOUN,1
campare,campare,campare,VERB,1
campionato,campionato,campionato,NOUN,1
campione,campione,campione,NOUN,1
campo,campo,campo,NOUN,1
canale,canale,canale,NOUN,1
cancellare,cancellare,cancellare,VERB,1
cancelliere,cancelliere,cancelliera,VERB,1
cancello,cancello,cancello,NOUN,1
cancro,cancro,cancro,NOUN,1
candela,candela,candela,NOUN,1
candidare,candidare,candidare,VERB,1
candidato,candidato,candidare,NOUN,1
candido,candido,candidere,VERB,1
candito,candito,candire,VERB,1
cane,cane,cane,NOUN,1
cangiante,cangiante,cangiare,ADJ,1
canna,canna,canna,NOUN,1
canone,canone,canone,NOUN,1
cantando,cantando,cantare,VERB,1
cantante,cantante,cantante,NOUN,1
cantare,cantare,cantare,VERB,1
canticchiare,canticchiare,canticchiare,VERB,1
cantiere,cantiere,cantiere,NOUN,1
cantina,cantina,cantina,NOUN,1
canto,canto,canto,NOUN,1
canzoncina,canzoncina,canzoncinare,NOUN,1
canzone,canzone,canzone,NOUN,1
caos,caos,caos,NOUN,1
capace,capace,capace,ADJ,1
capacità,capacità,capacità,NOUN,1
capanna,capanna,capanna,NOUN,1
capannone,capannone,capannone,NOUN,1
capello,capello,capello,NOUN,1
capire,capire,capire,VERB,1
capisaldo,capisaldo,capisaldo,ADJ,1
capitale,capitale,capitale,NOUN,1
capitano,capitano,capitano,NOUN,1
capitare,capitare,capitare,VERB,1
capitolo,capitolo,capitolo,NOUN,1
capo,capo,capo,NOUN,1
capogruppo,capogruppo,capogruppo,NOUN,1
capolavoro,capolavoro,capolavoro,NOUN,1
caporale,caporale,caporale,ADJ,1
cappello,cappello,cappello,NOUN,1
capra,capra,capra,NOUN,1
capriccio,capriccio,capriccio,NOUN,1
capriola,capriola,capriolare,NOUN,1
carabiniere,carabiniere,carabiniere,NOUN,1
caramella,caramella,caramella,NOUN,1
caramello,caramello,caramello,NOUN,1
carattere,carattere,carattere,NOUN,1
caratteristica,caratteristica,caratteristico,ADJ,1
caratteristico,caratteristico,caratteristico,ADJ,1
caratterizzare,caratterizzare,caratterizzare,VERB,1
carbone,carbone,carbone,NOUN,1
carcere,carcere,carcere,NOUN,1
cardiaco,cardiaco,cardiaco,ADJ,1
cardinale,cardinale,cardinale,NOUN,1
cardine,cardine,cardine,NOUN,1
carenza,carenza,carenza,NOUN,1
cariato,cariato,cariare,VERB,1
carica,carica,carico,ADJ,1
caricare,caricare,caricare,VERB,1
carico,carico,carico,NOUN,1
carino,carino,carino,ADJ,1
carissimo,carissimo,caro,ADJ,1
carità,carità,carità,NOUN,1
carne,carne,carne,NOUN,1
carnivoro,carnivoro,carnivoro,NOUN,1
caro,caro,caro,ADJ,1
carriera,carriera,carriera,NOUN,1
carro,carro,carro,NOUN,1
carta,carta,carta,NOUN,1
cartaceo,cartaceo,cartaceo,ADJ,1
cartello,cartello,cartello,NOUN,1
cartolina,cartolina,cartolina,NOUN,1
cartone,cartone,cartone,NOUN,1
casa,casa,casa,NOUN,1
casalinga,casalinga,casalingo,ADJ,1
cascare,cascare,cascare,VERB,1
caserma,caserma,caserma,NOUN,1
casetta,casetta,casetta,NOUN,1
casino,casino,casino,NOUN,1
caso,caso,caso,NOUN,1
cassa,cassa,cassa,NOUN,1
cassata,cassata,cassare,VERB,1
cassetta,cassetta,cassetta,NOUN,1
cassetto,cassetto,cassetto,NOUN,1
castagna,castagna,castagna,NOUN,1
castello,castello,castello,NOUN,1
casuale,casuale,casuale,ADJ,1
catalizzare,catalizzare,catalizzare,VERB,1
catalogo,catalogo,catalogo,NOUN,1
cataratta,cataratta,cataratta,NOUN,1
catastrofe,catastrofe,catastrofe,NOUN,1
catastrofico,catastrofico,catastrofico,ADJ,1
categoria,categoria,categoria,NOUN,1
catena,catena,catena,NOUN,1
cattedrale,cattedrale,cattedrale,NOUN,1
cattiva,cattiva,cattivo,ADJ,1
cattiveria,cattiveria,cattiveria,NOUN,1
cattivo,cattivo,cattivo,ADJ,1
cattolico,cattolico,cattolico,ADJ,1
catturare,catturare,catturare,VERB,1
causa,causa,causa,NOUN,1
causare,causare,causare,VERB,1
cautela,cautela,cautela,NOUN,1
cavalcare,cavalcare,cavalcare,VERB,1
cavaliere,cavaliere,cavaliere,NOUN,1
cavallo,cavallo,cavallo,NOUN,1
cavare,cavare,cavare,VERB,1
caviglia,caviglia,caviglia,NOUN,1
cavità,cavità,cavità,NOUN,1
cavo,cavo,cavo,NOUN,1
cavolfiore,cavolfiore,cavolfiore,NOUN,1
cavolo,cavolo,cavolo,NOUN,1
cazzaro,cazzaro,cazzaro,NOUN,1
cazzata,cazzata,cazzare,VERB,1
cazzeggio,cazzeggio,cazzeggio,NOUN,1
cazzo,cazzo,cazzo,NOUN,1
cazzone,cazzone,cazzone,NOUN,1
cedere,cedere,cedere,VERB,1
celare,celare,celare,VERB,1
celebrare,celebrare,celebrare,VERB,1
celebrativo,celebrativo,celebrativo,ADJ,1
celebre,celebre,celebre,ADJ,1
celeste,celeste,celeste,ADJ,1
cella,cella,cella,NOUN,1
cellula,cellula,cellula,NOUN,1
cellulare,cellulare,cellulare,ADJ,1
cemento,cemento,cemento,NOUN,1
cena,cena,cena,NOUN,1
cenare,cenare,cenare,VERB,1
cenere,cenere,cenere,NOUN,1
cenno,cenno,cenno,NOUN,1
censore,censore,censore,NOUN,1
centesimo,centesimo,centesimo,NOUN,1
centimetro,centimetro,centimetro,NOUN,1
centinaio,centinaio,centinaio,NOUN,1
centrale,centrale,centrale,ADJ,1
centrare,centrare,centrare,VERB,1
centro,centro,centro,NOUN,1
ceramica,ceramica,ceramico,NOUN,1
cercare,cercare,cercare,VERB,1
cercatore,cercatore,cercatore,NOUN,1
cerchio,cerchio,cerchio,NOUN,1
cerebrale,cerebrale,cerebrale,ADJ,1
cerimonia,cerimonia,cerimonia,NOUN,1
certa,certa,certo,ADJ,1
certamente,certamente,certamente,ADV,1
certezza,certezza,certezza,NOUN,1
certificare,certificare,certificare,VERB,1
certificato,certificato,certificato,NOUN,1
certo,certo,certo,ADV,1
cervello,cervello,cervello,NOUN,1
cespuglio,cespuglio,cespuglio,NOUN,1
cessare,cessare,cessare,VERB,1
cessione,cessione,cessione,NOUN,1
cesso,cesso,cesso,NOUN,1
chat,chat,chat,NOUN,1
cherubino,cherubino,cherubino,NOUN,1
chiacchiera,chiacchiera,chiacchiera,NOUN,1
chiacchierare,chiacchierare,chiacchierare,VERB,1
chiacchierato,chiacchierato,chiacchierare,VERB,1
chiamare,chiamare,chiamare,VERB,1
chiamata,chiamata,chiamare,VERB,1
chiara,chiara,chiaro,ADJ,1
chiaramente,chiaramente,chiaramente,ADV,1
chiarezza,chiarezza,chiarezza,NOUN,1
chiarire,chiarire,chiarire,VERB,1
chiaro,chiaro,chiaro,ADJ,1
chiarore,chiarore,chiarore,NOUN,1
chiatto,chiatto,chiatto,NOUN,1
chiave,chiave,chiave,NOUN,1
chiedere,chiedere,chiedere,VERB,1
chiesa,chiesa,chiesa,NOUN,1
chilo,chilo,chilo,NOUN,1
chilometro,chilometro,chilometro,NOUN,1
chimico,chimico,chimico,ADJ,1
chinare,chinare,chinare,VERB,1
chiodo,chiodo,chiodo,NOUN,1
chiosco,chiosco,chiosco,NOUN,1
chips,chips,chips,NOUN,1
chirurgia,chirurgia,chirurgia,NOUN,1
chirurgico,chirurgico,chirurgico,ADJ,1
chirurgo,chirurgo,chirurgo,NOUN,1
chitarra,chitarra,chitarra,NOUN,1
chiudere,chiudere,chiudere,VERB,1
chiuso,chiuso,chiudere,VERB,1
chiusura,chiusura,chiusura,NOUN,1
ciao,ciao,ciao,ADV,1
cibo,cibo,cibo,NOUN,1
cicala,cicala,cicala,NOUN,1
cicatrice,cicatrice,cicatore,NOUN,1
ciclismo,ciclismo,ciclismo,NOUN,1
ciclo,ciclo,ciclo,NOUN,1
cieca,cieca,cieco,ADJ,1
cieco,cieco,cieco,ADJ,1
cielo,cielo,cielo,NOUN,1
cifra,cifra,cifra,NOUN,1
ciglio,ciglio,ciglio,NOUN,1
cilecca,cilecca,cilecca,VERB,1
cimitero,cimitero,cimitero,NOUN,1
cinema,cinema,cinema,NOUN,1
cinematografia,cinematografia,cinematografia,NOUN,1
cinematografico,cinematografico,cinematografico,ADJ,1
cinese,cinese,cinese,ADJ,1
cinico,cinico,cinico,ADJ,1
cinquantenne,cinquantenne,cinquantenna,NOUN,1
cintura,cintura,cintura,NOUN,1
cioccolato,cioccolato,cioccolato,NOUN,1
ciondolare,ciondolare,ciondolare,VERB,1
cipolla,cipolla,cipolla,NOUN,1
circa,circa,circa,ADV,1
circo,circo,circo,NOUN,1
circolare,circolare,circolare,VERB,1
circolazione,circolazione,circolazione,NOUN,1
circolo,circolo,circolo,NOUN,1
circondare,circondare,circondare,VERB,1
circostanza,circostanza,circostanza,NOUN,1
circuire,circuire,circuire,VERB,1
circuito,circuito,circuito,NOUN,1
citare,citare,citare,VERB,1
citato,citato,citare,VERB,1
citazione,citazione,citazione,NOUN,1
cittadina,cittadina,cittadino,NOUN,1
cittadinanza,cittadinanza,cittadinanza,NOUN,1
cittadino,cittadino,cittadino,NOUN,1
città,città,città,NOUN,1
civile,civile,civile,ADJ,1
civiltà,civiltà,civiltà,NOUN,1
clamore,clamore,clamore,NOUN,1
clan,clan,clan,NOUN,1
clandestino,clandestino,clandestino,NOUN,1
classe,classe,classe,NOUN,1
classico,classico,classico,ADJ,1
classifica,classifica,classifica,NOUN,1
classificare,classificare,classificare,VERB,1
claustrofobia,claustrofobia,claustrofobia,NOUN,1
clemenza,clemenza,clemenza,NOUN,1
cliccare,cliccare,cliccare,VERB,1
cliente,cliente,cliente,NOUN,1
clima,clima,clima,NOUN,1
climatico,climatico,climatico,ADJ,1
clinica,clinica,clinica,NOUN,1
clinico,clinico,clinico,ADJ,1
clone,clone,clone,NOUN,1
clown,clown,clown,NOUN,1
club,club,club,NOUN,1
coalizione,coalizione,coalizione,NOUN,1
cocaina,cocaina,cocaina,NOUN,1
cocktail,cocktail,cocktailo,NOUN,1
cocomero,cocomero,cocomero,NOUN,1
coda,coda,coda,NOUN,1
codardo,codardo,codardo,ADJ,1
codice,codice,codice,NOUN,1
coerente,coerente,coerente,ADJ,1
cogente,cogente,cogente,ADJ,1
cogliere,cogliere,cogliere,VERB,1
coglione,coglione,coglione,NOUN,1
cognato,cognato,cognare,NOUN,1
cognome,cognome,cognome,NOUN,1
coincidenza,coincidenza,coincidenza,NOUN,1
coincidere,coincidere,coincidere,VERB,1
coinvolgere,coinvolgere,coinvolgere,VERB,1
coinvolgimento,coinvolgimento,coinvolgimento,NOUN,1
coito,coito,coito,NOUN,1
colare,colare,colare,VERB,1
colazione,colazione,colazione,NOUN,1
collaborare,collaborare,collaborare,VERB,1
collaboratore,collaboratore,collaboratore,NOUN,1
collaborazione,collaborazione,collaborazione,NOUN,1
collana,collana,collana,NOUN,1
collaterale,collaterale,collaterale,ADJ,1
collega,collega,collegare,NOUN,1
collegamento,collegamento,collegamento,NOUN,1
collegare,collegare,collegare,VERB,1
collegio,collegio,collegio,NOUN,1
collera,collera,collero,NOUN,1
collettivo,collettivo,collettivo,ADJ,1
collezione,collezione,collezione,NOUN,1
collina,collina,collina,NOUN,1
collisione,collisione,collisione,NOUN,1
collo,collo,collo,NOUN,1
collocabile,collocabile,collocabile,ADJ,1
collocare,collocare,collocare,VERB,1
colloquio,colloquio,colloquio,NOUN,1
collusione,collusione,collusione,NOUN,1
colma,colma,colmo,VERB,1
colmo,colmo,colmo,ADJ,1
colomba,colomba,colomba,NOUN,1
colombo,colombo,colombo,PROPN,1
colonna,colonna,colonna,NOUN,1
colonnello,colonnello,colonnello,NOUN,1
colorare,colorare,colorare,VERB,1
colorato,colorato,colorare,ADJ,1
colore,colore,colore,NOUN,1
colpa,colpa,colpa,NOUN,1
colpevole,colpevole,colpevole,ADJ,1
colpire,colpire,colpire,VERB,1
colpo,colpo,colpo,NOUN,1
coltello,coltello,coltello,NOUN,1
coltivare,coltivare,coltivare,VERB,1
colto,colto,cogliere,VERB,1
coma,coma,coma,NOUN,1
comandamento,comandamento,comandamento,NOUN,1
comandante,comandante,comandante,NOUN,1
comandare,comandare,comandare,VERB,1
comando,comando,comando,NOUN,1
combattere,combattere,combattere,VERB,1
combattimento,combattimento,combattimento,NOUN,1
combinare,combinare,combinare,VERB,1
combinazione,combinazione,combinazione,NOUN,1
comica,comica,comico,ADJ,1
comico,comico,comico,ADJ,1
cominciare,cominciare,cominciare,VERB,1
comitato,comitato,comitato,NOUN,1
comma,comma,comma,NOUN,1
commedia,commedia,commedia,NOUN,1
commemorare,commemorare,commemorare,VERB,1
commentare,commentare,commentare,VERB,1
commento,commento,commento,NOUN,1
commerciale,commerciale,commerciale,ADJ,1
commerciante,commerciante,commerciante,NOUN,1
commercio,commercio,commercio,NOUN,1
commettere,commettere,commettere,VERB,1
commissariato,commissariato,commissariato,NOUN,1
commissario,commissario,commissario,NOUN,1
commissionare,commissionare,commissionare,VERB,1
commissione,commissione,commissione,NOUN,1
commozione,commozione,commozione,NOUN,1
community,community,community,NOUN,1
commuovere,commuovere,commuovere,VERB,1
comoda,comoda,comodo,ADJ,1
comodo,comodo,comodo,ADJ,1
compagna,compagna,compagna,NOUN,1
compagnia,compagnia,compagnia,NOUN,1
compagno,compagno,compagno,NOUN,1
comparire,comparire,comparire,VERB,1
comparsa,comparsa,comparsa,NOUN,1
comparso,comparso,comparire,VERB,1
compartecipazione,compartecipazione,compartecipazione,NOUN,1
compassione,compassione,compassione,NOUN,1
compatibile,compatibile,compatibile,ADJ,1
compatriota,compatriota,compatriota,NOUN,1
compatto,compatto,compatto,ADJ,1
compensare,compensare,compensare,VERB,1
compenso,compenso,compenso,NOUN,1
competente,competente,competente,ADJ,1
competenza,competenza,competenza,NOUN,1
competere,competere,competere,VERB,1
competitore,competitore,competitore,NOUN,1
competizione,competizione,competizione,NOUN,1
compiere,compiere,compiere,VERB,1
compilare,compilare,compilare,VERB,1
compito,compito,compito,NOUN,1
compleanno,compleanno,compleanno,NOUN,1
complessa,complessa,complesso,ADJ,1
complessità,complessità,complessità,NOUN,1
complessivo,complessivo,complessivo,ADJ,1
complesso,complesso,complesso,ADJ,1
completa,completa,completo,ADJ,1
completamente,completamente,completamente,ADV,1
completamento,completamento,completamento,NOUN,1
completare,completare,completare,VERB,1
completo,completo,completo,ADJ,1
complicare,complicare,complicare,VERB,1
complicato,complicato,complicato,ADJ,1
complicazione,complicazione,complicazione,NOUN,1
complice,complice,compole,NOUN,1
complimento,complimento,complimento,NOUN,1
componente,componente,componente,NOUN,1
comporre,comporre,comporre,VERB,1
comportamento,comportamento,comportamento,NOUN,1
comportare,comportare,comportare,VERB,1
composizione,composizione,composizione,NOUN,1
compostezza,compostezza,compostezza,NOUN,1
composto,composto,comporre,VERB,1
comprare,comprare,comprare,VERB,1
comprendere,comprendere,comprendere,VERB,1
comprensibile,comprensibile,comprensibile,ADJ,1
comprensione,comprensione,comprensione,NOUN,1
compreso,compreso,comprendere,VERB,1
compromesso,compromesso,compromettere,VERB,1
compromettere,compromettere,compromettere,VERB,1
computer,computer,computer,NOUN,1
comunale,comunale,comunale,ADJ,1
comune,comune,comune,ADJ,1
comunicare,comunicare,comunicare,VERB,1
comunicatore,comunicatore,comunicatore,NOUN,1
comunicazione,comunicazione,comunicazione,NOUN,1
comunione,comunione,comunione,NOUN,1
comunismo,comunismo,comunismo,NOUN,1
comunista,comunista,comunista,ADJ,1
comunità,comunità,comunità,NOUN,1
comunque,comunque,comunque,ADV,1
conato,conato,conare,VERB,1
concedere,concedere,concedere,VERB,1
concentrare,concentrare,concentrare,VERB,1
concentrazione,concentrazione,concentrazione,NOUN,1
concepire,concepire,concepire,VERB,1
concept,concept,concept,NOUN,1
concerto,concerto,concerto,NOUN,1
concessione,concessione,concessione,NOUN,1
concesso,concesso,concedere,VERB,1
concetto,concetto,concetto,NOUN,1
concezione,concezione,concezione,NOUN,1
conchiglia,conchiglia,conchiglia,NOUN,1
concitare,concitare,concitare,NOUN,1
concittadino,concittadino,concittadino,NOUN,1
concludere,concludere,concludere,VERB,1
conclusione,conclusione,conclusione,NOUN,1
concordare,concordare,concordare,VERB,1
concordia,concordia,concordiare,NOUN,1
concorrente,concorrente,concorrere,NOUN,1
concorrenza,concorrenza,concorrenza,NOUN,1
concorrere,concorrere,concorrere,VERB,1
concorso,concorso,concorrere,NOUN,1
concreto,concreto,concreto,ADJ,1
condanna,condanna,condannare,NOUN,1
condannare,condannare,condannare,VERB,1
condividere,condividere,condividere,VERB,1
condizionare,condizionare,condizionare,VERB,1
condizione,condizione,condizione,NOUN,1
condoglianza,condoglianza,condoglianza,NOUN,1
condominio,condominio,condominio,NOUN,1
condotta,condotta,condurre,NOUN,1
condurre,condurre,condurre,VERB,1
conduttore,conduttore,conduttore,NOUN,1
conferenza,conferenza,conferenza,NOUN,1
conferire,conferire,conferire,VERB,1
conferma,conferma,confermare,VERB,1
confermare,confermare,confermare,VERB,1
confessare,confessare,confessare,VERB,1
confessione,confessione,confessione,NOUN,1
confezione,confezione,confezione,NOUN,1
confidare,confidare,confidare,VERB,1
confidente,confidente,confidente,NOUN,1
confidenza,confidenza,confidenza,NOUN,1
configurabile,configurabile,configurabile,ADJ,1
confinamento,confinamento,confinamento,NOUN,1
confine,confine,confine,NOUN,1
conflitto,conflitto,conflitto,NOUN,1
confondere,confondere,confondere,VERB,1
confortante,confortante,confortanto,ADJ,1
confrontare,confrontare,confrontare,VERB,1
confronto,confronto,confronto,NOUN,1
confusione,confusione,confusione,NOUN,1
confuso,confuso,confuso,ADJ,1
congelare,congelare,congelare,VERB,1
congettura,congettura,congettura,NOUN,1
congresso,congresso,congresso,NOUN,1
coniglio,coniglio,coniglio,NOUN,1
coniuge,coniuge,coniuge,NOUN,1
connazionale,connazionale,connazionale,ADJ,1
connessione,connessione,connessione,NOUN,1
connettere,connettere,connettere,VERB,1
connettersi,connettersi,connettere si,VERB,1
cono,cono,cire,VERB,1
conoscenza,conoscenza,conoscenza,NOUN,1
conoscere,conoscere,conoscere,VERB,1
conosciuto,conosciuto,conoscere,VERB,1
conquista,conquista,conquistare,VERB,1
conquistare,conquistare,conquistare,VERB,1
consapevole,consapevole,consapevole,ADJ,1
consapevolezza,consapevolezza,consapevolezza,NOUN,1
conscio,conscio,conscio,ADJ,1
consecutivo,consecutivo,consecutivo,ADJ,1
consegna,consegna,consegnare,NOUN,1
consegnare,consegnare,consegnare,VERB,1
conseguente,conseguente,conseguente,ADJ,1
conseguenza,conseguenza,conseguenza,NOUN,1
conseguire,conseguire,conseguire,VERB,1
consenso,consenso,consenso,NOUN,1
consentire,consentire,consentire,VERB,1
consenziente,consenziente,consenziente,ADJ,1
conservare,conservare,conservare,VERB,1
conservazione,conservazione,conservazione,NOUN,1
considerare,considerare,considerare,VERB,1
considerazione,considerazione,considerazione,NOUN,1
consigliare,consigliare,consigliare,VERB,1
consigliera,consigliera,consiglierare,NOUN,1
consigliere,consigliere,consigliere,NOUN,1
consiglio,consiglio,consigliare,NOUN,1
consistente,consistente,consistente,ADJ,1
consistenza,consistenza,consistenza,NOUN,1
consistere,consistere,consistere,VERB,1
consolare,consolare,consolare,VERB,1
consolidato,consolidato,consolidato,ADJ,1
consono,consono,consono,VERB,1
consorte,consorte,consorte,NOUN,1
consorzio,consorzio,consorzio,NOUN,1
constatare,constatare,constatare,VERB,1
consueto,consueto,consueto,ADJ,1
consulente,consulente,consulente,NOUN,1
consulenza,consulenza,consulenza,NOUN,1
consultare,consultare,consultare,VERB,1
consumare,consumare,consumare,VERB,1
consumatore,consumatore,consumatore,NOUN,1
consumo,consumo,consumo,NOUN,1
contadino,contadino,contadino,NOUN,1
contagioso,contagioso,contagioso,ADJ,1
contaminare,contaminare,contaminare,VERB,1
contante,contante,contante,NOUN,1
contare,contare,contare,VERB,1
contatore,contatore,contatore,NOUN,1
contattare,contattare,contattare,VERB,1
contatto,contatto,contatto,NOUN,1
conte,conte,conte,NOUN,1
contea,contea,contea,NOUN,1
contemplare,contemplare,contemplare,VERB,1
contemplativo,contemplativo,contemplativo,ADJ,1
contemporaneamente,contemporaneamente,contemporaneamente,ADV,1
contemporaneo,contemporaneo,contemporaneo,ADJ,1
contenere,contenere,contenere,VERB,1
contenitore,contenitore,contenitore,NOUN,1
contentare,contentare,contentare,VERB,1
contentezza,contentezza,contentezza,NOUN,1
contento,contento,contento,ADJ,1
contenuto,contenuto,contenere,NOUN,1
conterraneo,conterraneo,conterraneo,PROPN,1
contestare,contestare,contestare,VERB,1
contestazione,contestazione,contestazione,NOUN,1
contesto,contesto,contesto,NOUN,1
continente,continente,continente,NOUN,1
contingente,contingente,contingente,NOUN,1
continua,continua,continuare,VERB,1
continuamente,continuamente,continuamente,ADV,1
continuare,continuare,continuare,VERB,1
continuazione,continuazione,continuazione,NOUN,1
continuità,continuità,continuità,NOUN,1
continuo,continuo,continuo,ADJ,1
continuum,continuum,continuum,NOUN,1
conto,conto,conto,NOUN,1
contorcere,contorcere,contorcere,VERB,1
contorcersi,contorcersi,contorcere si,VERB,1
contorno,contorno,contorno,NOUN,1
contradditorio,contradditorio,contradditorio,ADJ,1
contraddizione,contraddizione,contraddizione,NOUN,1
contraffazione,contraffazione,contraffazione,NOUN,1
contrapposizione,contrapposizione,contrapposizione,NOUN,1
contrariare,contrariare,contrariare,VERB,1
contrarietà,contrarietà,contrarietà,NOUN,1
contrario,contrario,contrario,ADJ,1
contrarre,contrarre,contrarre,VERB,1
contrastare,contrastare,contrastare,VERB,1
contrastato,contrastato,contrastare,VERB,1
contrasto,contrasto,contrasto,NOUN,1
contrattare,contrattare,contrattare,VERB,1
contratto,contratto,contrarre,NOUN,1
contribuire,contribuire,contribuire,VERB,1
contributo,contributo,contributo,NOUN,1
controinformazione,controinformazione,controinformazione,NOUN,1
controllare,controllare,controllare,VERB,1
controllo,controllo,controllo,NOUN,1
controprova,controprova,controprovare,NOUN,1
contrordine,contrordine,contrordine,NOUN,1
convalescenza,convalescenza,convalescenza,NOUN,1
convalidare,convalidare,convalidare,VERB,1
convegno,convegno,convegno,NOUN,1
conveniente,conveniente,conveniente,ADJ,1
convenire,convenire,convenire,VERB,1
convenzione,convenzione,convenzione,NOUN,1
conversazione,conversazione,conversazione,NOUN,1
conversione,conversione,conversione,NOUN,1
convertire,convertire,convertire,VERB,1
convertito,convertito,convertire,VERB,1
convincente,convincente,convincente,ADJ,1
convincere,convincere,convincere,VERB,1
convincimento,convincimento,convincimento,NOUN,1
convinto,convinto,convinto,ADJ,1
convinzione,convinzione,convinzione,NOUN,1
convivenza,convivenza,convivenza,NOUN,1
convivere,convivere,convivere,VERB,1
convivio,convivio,convivio,NOUN,1
convocare,convocare,convocare,VERB,1
coordinamento,coordinamento,coordinamento,NOUN,1
coordinare,coordinare,coordinare,VERB,1
coperta,coperta,coperto,ADJ,1
copertina,copertina,copertina,NOUN,1
coperto,coperto,coprire,ADJ,1
copertura,copertura,copertura,NOUN,1
copia,copia,copia,NOUN,1
copiare,copiare,copiare,VERB,1
copione,copione,copione,NOUN,1
coppa,coppa,coppa,NOUN,1
coppia,coppia,coppia,NOUN,1
coprire,coprire,coprire,VERB,1
copyright,copyright,copyright,NOUN,1
coraggio,coraggio,coraggio,NOUN,1
coraggioso,coraggioso,coraggioso,ADJ,1
corda,corda,corda,NOUN,1
cordialmente,cordialmente,cordialmente,ADV,1
cordoglio,cordoglio,cordoglio,NOUN,1
cornice,cornice,cornice,NOUN,1
corno,corno,corno,NOUN,1
cornuto,cornuto,cornere,VERB,1
coro,coro,coro,NOUN,1
corona,corona,corona,NOUN,1
corpo,corpo,corpo,NOUN,1
correggere,correggere,correggere,VERB,1
corrente,corrente,corrente,ADJ,1
correre,correre,correre,VERB,1
correttamente,correttamente,correttamente,ADV,1
corretto,corretto,correggere,ADJ,1
corridoio,corridoio,corridoio,NOUN,1
corriere,corriere,corriere,PROPN,1
corrispondente,corrispondente,corrispondere,VERB,1
corrispondenza,corrispondenza,corrispondenza,NOUN,1
corrispondere,corrispondere,corrispondere,VERB,1
corrodere,corrodere,corrodere,VERB,1
corrotto,corrotto,corrotto,ADJ,1
corruzione,corruzione,corruzione,NOUN,1
corsa,corsa,correre,NOUN,1
corsista,corsista,corsistare,NOUN,1
corsivo,corsivo,corsivo,ADJ,1
corso,corso,correre,NOUN,1
corta,corta,corto,ADJ,1
corte,corte,corto,ADJ,1
corteggiamento,corteggiamento,corteggiamento,NOUN,1
cortesia,cortesia,cortesia,NOUN,1
cortile,cortile,cortile,NOUN,1
corto,corto,corto,ADJ,1
cortometraggio,cortometraggio,cortometraggio,NOUN,1
cosa,cosa,cosa,PRON,1
coscia,coscia,coscia,NOUN,1
coscienza,coscienza,coscienza,NOUN,1
cosmo,cosmo,cosmo,NOUN,1
cosmologia,cosmologia,cosmologia,NOUN,1
cospirazione,cospirazione,cospirazione,NOUN,1
costa,costa,costare,VERB,1
costante,costante,costante,ADJ,1
costantemente,costantemente,costantemente,ADV,1
costare,costare,costare,VERB,1
costellazione,costellazione,costellazione,NOUN,1
costernazione,costernazione,costernazione,NOUN,1
costituire,costituire,costituire,VERB,1
costituzionale,costituzionale,costituzionale,ADJ,1
costituzione,costituzione,costituzione,NOUN,1
costo,costo,costo,NOUN,1
costoso,costoso,costoso,ADJ,1
costringere,costringere,costringere,VERB,1
costruire,costruire,costruire,VERB,1
costruttivo,costruttivo,costruttivo,ADJ,1
costruzione,costruzione,costruzione,NOUN,1
costume,costume,costume,NOUN,1
così,così,così,ADV,1
cotanto,cotanto,cotanto,ADV,1
cotone,cotone,cotone,NOUN,1
cottura,cottura,cottura,NOUN,1
cozza,cozza,cozzare,VERB,1
cranio,cranio,cranio,NOUN,1
crashare,crashare,crasharere,VERB,1
cravatta,cravatta,cravatta,NOUN,1
creare,creare,creare,VERB,1
creatività,creatività,creatività,NOUN,1
creativo,creativo,creativo,ADJ,1
creato,creato,creare,VERB,1
creatura,creatura,creatura,NOUN,1
creazione,creazione,creazione,NOUN,1
credente,credente,credente,ADJ,1
credere,credere,credere,VERB,1
credibile,credibile,credibile,ADJ,1
credito,credito,credito,NOUN,1
creditore,creditore,creditore,NOUN,1
crema,crema,crema,NOUN,1
crescente,crescente,crescere,VERB,1
crescere,crescere,crescere,VERB,1
crescita,crescita,crescitare,NOUN,1
cretina,cretina,cretina,NOUN,1
cretino,cretino,cretino,NOUN,1
criminale,criminale,criminale,ADJ,1
criminalizzazione,criminalizzazione,criminalizzazione,NOUN,1
crimine,crimine,crimine,NOUN,1
crisi,crisi,crisi,NOUN,1
cristallo,cristallo,cristallo,NOUN,1
cristianesimo,cristianesimo,cristianesimo,ADJ,1
cristiano,cristiano,cristiano,NOUN,1
criterio,criterio,criterio,NOUN,1
critica,critica,critico,NOUN,1
criticare,criticare,criticare,VERB,1
critico,critico,critico,NOUN,1
crocchetta,crocchetta,crocchettare,NOUN,1
croce,croce,croce,NOUN,1
crociata,crociata,crociato,NOUN,1
crogiolo,crogiolo,crogiolo,NOUN,1
crollare,crollare,crollare,VERB,1
cronaca,cronaca,cronacare,NOUN,1
cronico,cronico,cronico,ADJ,1
cronoprogramma,cronoprogramma,cronoprogramma,NOUN,1
cruccio,cruccio,cruccio,NOUN,1
cruda,cruda,crudo,ADJ,1
crudele,crudele,crudele,ADJ,1
crudo,crudo,crudo,ADJ,1
cubetto,cubetto,cubetto,NOUN,1
cubo,cubo,cubo,NOUN,1
cucchiaio,cucchiaio,cucchiaio,NOUN,1
cucciolo,cucciolo,cucciolo,NOUN,1
cucina,cucina,cucinare,NOUN,1
cucinare,cucinare,cucinare,VERB,1
cucire,cucire,cucire,VERB,1
cuffia,cuffia,cuffia,NOUN,1
cugino,cugino,cugino,NOUN,1
culo,culo,culo,NOUN,1
culto,culto,culto,NOUN,1
cultura,cultura,cultura,NOUN,1
culturale,culturale,culturale,ADJ,1
cuocere,cuocere,cuocere,VERB,1
cuoco,cuoco,cuoco,NOUN,1
cuore,cuore,cuore,NOUN,1
cupa,cupa,cupo,ADJ,1
cupezza,cupezza,cupezza,NOUN,1
cupo,cupo,cupo,ADJ,1
cura,cura,curare,NOUN,1
curabile,curabile,curabile,ADJ,1
curare,curare,curare,VERB,1
curiosare,curiosare,curiosare,VERB,1
curiosità,curiosità,curiosità,NOUN,1
curioso,curioso,curioso,ADJ,1
curricula,curricula,curricula,NOUN,1
curriculum,curriculum,curriculum,NOUN,1
curva,curva,curvare,NOUN,1
curvare,curvare,curvare,VERB,1
curvo,curvo,curvo,VERB,1
cuscino,cuscino,cuscino,NOUN,1
custode,custode,custode,NOUN,1
custodia,custodia,custodia,NOUN,1
custodire,custodire,custodire,VERB,1
cyberspazio,cyberspazio,cyberspazio,NOUN,1
cyborg,cyborg,cyborg,NOUN,1
dado,dado,dadare,NOUN,1
damerino,damerino,damerino,ADJ,1
dance,dance,dance,NOUN,1
danneggiare,danneggiare,danneggiare,VERB,1
dannoso,dannoso,dannoso,ADJ,1
danzante,danzante,danzante,ADJ,1
dare,dare,dare,VERB,1
dark,dark,dark,ADJ,1
datato,datato,datare,VERB,1
davanti,davanti,davanti,ADV,1
debole,debole,debole,ADJ,1
debuttare,debuttare,debuttare,VERB,1
decaduto,decaduto,decadere,ADJ,1
decennio,decennio,decennio,NOUN,1
decenza,decenza,decenza,NOUN,1
decollare,decollare,decollare,VERB,1
decoroso,decoroso,decoroso,ADJ,1
decremento,decremento,decremento,NOUN,1
deduzione,deduzione,deduzione,NOUN,1
definitivo,definitivo,definitivo,ADJ,1
deformità,deformità,deformità,NOUN,1
degna,degna,degno,ADJ,1
delegato,delegato,delegare,VERB,1
delicata,delicata,delicato,ADJ,1
delicatamente,delicatamente,delicatamente,ADV,1
delicatezza,delicatezza,delicatezza,NOUN,1
delicato,delicato,delicato,ADJ,1
delinquenza,delinquenza,delinquenza,NOUN,1
delirante,delirante,delirare,VERB,1
delizia,delizia,delizia,NOUN,1
deliziare,deliziare,deliziare,VERB,1
deliziato,deliziato,deliziare,VERB,1
deludere,deludere,deludere,VERB,1
delusione,delusione,delusione,NOUN,1
demoniaco,demoniaco,demoniaco,VERB,1
demonico,demonico,demonico,ADJ,1
demonizzare,demonizzare,demonizzare,VERB,1
demoralizzare,demoralizzare,demoralizzare,VERB,1
demoralizzato,demoralizzato,demoralizzare,VERB,1
demoralizzazione,demoralizzazione,demoralizzazione,NOUN,1
denigrazione,denigrazione,denigrazione,NOUN,1
depauperamento,depauperamento,depauperamento,NOUN,1
depotenziamento,depotenziamento,depotenziamento,NOUN,1
deprecabile,deprecabile,deprecabile,ADJ,1
depressione,depressione,depressione,NOUN,1
depressiva,depressiva,depressivo,ADJ,1
depresso,depresso,deprettere,VERB,1
deprimente,deprimente,deprimente,ADV,1
deragliamento,deragliamento,deragliamento,NOUN,1
deridere,deridere,deridere,VERB,1
descrizione,descrizione,descrizione,NOUN,1
desiderando,desiderando,desiderare,VERB,1
desiderare,desiderare,desiderare,VERB,1
desiderio,desiderio,desiderio,NOUN,1
desidero,desidero,desiderare,VERB,1
desktop,desktop,desktop,NOUN,1
desolato,desolato,desolare,ADJ,1
desolazione,desolazione,desolazione,NOUN,1
destinato,destinato,destinare,VERB,1
desto,desto,desto,ADJ,1
destrutturazione,destrutturazione,destrutturazione,NOUN,1
detenere,detenere,detenere,VERB,1
deteriorato,deteriorato,deteriorare,VERB,1
determinante,determinante,determinante,ADJ,1
determinato,determinato,determinare,VERB,1
detestabile,detestabile,detestabile,ADJ,1
detestare,detestare,detestare,VERB,1
detrarre,detrarre,detrarre,VERB,1
detto,detto,dire,VERB,1
devastato,devastato,devastare,VERB,1
deviante,deviante,deviante,ADJ,1
devozione,devozione,devozione,NOUN,1
di_facili_costumi,di_facili_costumi,di_facili_costumi,VERB,1
dialogo,dialogo,dialogo,NOUN,1
diarrea,diarrea,diarrea,NOUN,1
diavoletto,diavoletto,diavoletto,NOUN,1
dibattito,dibattito,dibattito,NOUN,1
dietro,dietro,dietro,ADV,1
difendere,difendere,difendere,VERB,1
difensore,difensore,difensore,NOUN,1
difesa,difesa,difesa,NOUN,1
difeso,difeso,difendere,VERB,1
difetto,difetto,difetto,NOUN,1
differente,differente,differente,ADJ,1
differenza,differenza,differenza,NOUN,1
difficile,difficile,difficile,ADJ,1
difficilmente,difficilmente,difficilmente,ADV,1
difficoltà,difficoltà,difficoltà,NOUN,1
diffidare,diffidare,diffidare,VERB,1
diffondere,diffondere,diffondere,VERB,1
diffusione,diffusione,diffusione,NOUN,1
diffuso,diffuso,diffuso,VERB,1
digitale,digitale,digitale,ADJ,1
dignità,dignità,dignità,NOUN,1
digrignare,digrignare,digrignare,VERB,1
dileggiare,dileggiare,dileggiare,VERB,1
diligente,diligente,diligente,ADJ,1
dimagrimento,dimagrimento,dimagrimento,NOUN,1
dimensione,dimensione,dimensione,NOUN,1
dimenticare,dimenticare,dimenticare,VERB,1
dimettere,dimettere,dimettere,VERB,1
dimezzamento,dimezzamento,dimezzamento,NOUN,1
diminuire,diminuire,diminuire,VERB,1
dimostrare,dimostrare,dimostrare,VERB,1
dimostrazione,dimostrazione,dimostrazione,NOUN,1
dinamica,dinamica,dinamico,ADJ,1
dinamico,dinamico,dinamico,ADJ,1
dintorno,dintorno,dintorno,NOUN,1
dio,dio,dio,PROPN,1
dipartimento,dipartimento,dipartimento,NOUN,1
dipartita,dipartita,dipartita,NOUN,1
dipendente,dipendente,dipendente,NOUN,1
dipendenza,dipendenza,dipendenza,NOUN,1
dipendere,dipendere,dipendere,VERB,1
dipingere,dipingere,dipingere,VERB,1
dipinto,dipinto,dipingere,NOUN,1
diploma,diploma,diploma,NOUN,1
diplomatico,diplomatico,diplomatico,ADJ,1
dire,dire,dire,VERB,1
diretta,diretta,diretto,ADJ,1
direttamente,direttamente,diretto,ADV,1
diretto,diretto,dirigere,VERB,1
direttore,direttore,direttore,NOUN,1
direzione,direzione,direzione,NOUN,1
dirigente,dirigente,dirigente,NOUN,1
dirigere,dirigere,dirigere,VERB,1
diritto,diritto,diritto,NOUN,1
diroccato,diroccato,diroccare,VERB,1
disagio,disagio,disagio,NOUN,1
disarcionare,disarcionare,disarcionare,VERB,1
disastro,disastro,disastro,NOUN,1
discapito,discapito,discapire,NOUN,1
discarica,discarica,discarica,NOUN,1
discepolo,discepolo,discepolo,NOUN,1
discernimento,discernimento,discernimento,NOUN,1
discesa,discesa,discendere,NOUN,1
disciplina,disciplina,disciplinare,VERB,1
disco,disco,disco,NOUN,1
discolpa,discolpa,discolpa,NOUN,1
disconoscere,disconoscere,disconoscere,VERB,1
discontinuità,discontinuità,discontinuità,NOUN,1
discontinuo,discontinuo,discontinuo,NOUN,1
discorde,discorde,discorde,VERB,1
discorso,discorso,discorso,NOUN,1
discoteca,discoteca,discoteca,NOUN,1
discreto,discreto,discreto,ADJ,1
discussione,discussione,discussione,NOUN,1
discusso,discusso,discutere,VERB,1
discutere,discutere,discutere,VERB,1
disdicevole,disdicevole,disdicevole,ADJ,1
disegnare,disegnare,disegnare,VERB,1
disegno,disegno,disegno,NOUN,1
diseguaglianza,diseguaglianza,diseguaglianza,NOUN,1
diseguale,diseguale,diseguale,ADJ,1
disertore,disertore,disertore,NOUN,1
disfacimento,disfacimento,disfacimento,NOUN,1
disgrazia,disgrazia,disgrazia,NOUN,1
disgustare,disgustare,disgustare,VERB,1
disgusto,disgusto,disgusto,NOUN,1
disgustoso,disgustoso,disgustoso,ADJ,1
disinteressare,disinteressare,disinteressare,VERB,1
disinteresse,disinteresse,disinteresse,NOUN,1
dislessia,dislessia,dislessia,NOUN,1
dislocazione,dislocazione,dislocazione,NOUN,1
disoccupazione,disoccupazione,disoccupazione,NOUN,1
disonestà,disonestà,disonestà,NOUN,1
disordinata,disordinata,disordinato,ADJ,1
disordinato,disordinato,disordinato,ADJ,1
disordine,disordine,disordine,NOUN,1
disorientare,disorientare,disorientare,VERB,1
dispaccio,dispaccio,dispaccio,NOUN,1
disparità,disparità,disparità,NOUN,1
dispensa,dispensa,dispensa,NOUN,1
disperare,disperare,disperare,VERB,1
disperarsi,disperarsi,disperare si,VERB,1
disperata,disperata,disperato,ADJ,1
disperato,disperato,disperato,ADJ,1
disperazione,disperazione,disperazione,NOUN,1
disperdere,disperdere,disperdere,VERB,1
dispetto,dispetto,dispetto,NOUN,1
dispiacere,dispiacere,dispiacere,NOUN,1
dispiaceri,dispiaceri,dispiacero,NOUN,1
dispiaciuto,dispiaciuto,dispiaciere,VERB,1
disponibile,disponibile,disponibile,ADJ,1
disponibilità,disponibilità,disponibilità,NOUN,1
disporre,disporre,disporre,VERB,1
dispositivo,dispositivo,dispositivo,NOUN,1
disposizione,disposizione,disposizione,NOUN,1
disprezzare,disprezzare,disprezzare,VERB,1
disprezzo,disprezzo,disprezzo,NOUN,1
dissacralità,dissacralità,dissacralità,NOUN,1
disseminare,disseminare,disseminare,VERB,1
dissennato,dissennato,dissennare,VERB,1
dissenziente,dissenziente,dissenziente,ADJ,1
dissociazione,dissociazione,dissociazione,NOUN,1
distaccare,distaccare,distaccare,VERB,1
distacco,distacco,distacco,NOUN,1
distante,distante,distante,ADJ,1
distanza,distanza,distanza,NOUN,1
distendere,distendere,distendere,VERB,1
disteso,disteso,distendere,VERB,1
distinguere,distinguere,distinguere,VERB,1
distinto,distinto,distinto,VERB,1
distinzione,distinzione,distinzione,NOUN,1
distrarre,distrarre,distrarre,VERB,1
distratto,distratto,distratre,VERB,1
distretto,distretto,distretto,NOUN,1
distribuire,distribuire,distribuire,VERB,1
distributore,distributore,distributore,NOUN,1
distribuzione,distribuzione,distribuzione,NOUN,1
distruggere,distruggere,distruggere,VERB,1
distruzione,distruzione,distruzione,NOUN,1
disturbare,disturbare,disturbare,VERB,1
disturbo,disturbo,disturbo,NOUN,1
dita_incrociate,dita_incrociate,dita_incrociate,PROPN,1
dito,dito,dito,NOUN,1
ditta,ditta,ditta,NOUN,1
dittatoriale,dittatoriale,dittatoriale,ADJ,1
dittatura,dittatura,dittatura,NOUN,1
divano,divano,dire,VERB,1
divenire,divenire,divenire,VERB,1
diventare,diventare,diventare,VERB,1
diversamente,diversamente,diversamente,ADV,1
diversità,diversità,diversità,NOUN,1
diverso,diverso,diverso,ADJ,1
divertente,divertente,divertente,ADJ,1
divertimento,divertimento,divertimento,NOUN,1
divertire,divertire,divertire,VERB,1
divertito,divertito,divertire,VERB,1
dividere,dividere,dividere,VERB,1
divieto,divieto,divieto,NOUN,1
divinità,divinità,divinità,NOUN,1
divino,divino,divino,PRON,1
divisa,divisa,dividere,VERB,1
divisione,divisione,divisione,NOUN,1
divorare,divorare,divorare,VERB,1
divorzio,divorzio,divorzio,NOUN,1
divulgare,divulgare,divulgare,VERB,1
dizionario,dizionario,dizionario,NOUN,1
dna,dna,dna,NOUN,1
doccia,doccia,doccia,NOUN,1
docente,docente,docente,NOUN,1
documentare,documentare,documentare,VERB,1
documentario,documentario,documentario,NOUN,1
documentazione,documentazione,documentazione,NOUN,1
documento,documento,documento,NOUN,1
dolce,dolce,dolce,ADJ,1
dolcezza,dolcezza,dolcezza,NOUN,1
dolente,dolente,dolente,ADJ,1
dolere,dolere,dolere,VERB,1
dollaro,dollaro,dollaro,NOUN,1
dolorante,dolorante,dolorantire,VERB,1
dolore,dolore,dolore,NOUN,1
doloroso,doloroso,doloroso,ADJ,1
domanda,domanda,domandare,NOUN,1
domandare,domandare,domandare,VERB,1
domani,domani,domani,ADV,1
domenica,domenica,domenica,NOUN,1
domestico,domestico,domestico,ADJ,1
dominante,dominante,dominante,ADJ,1
dominanza,dominanza,dominanza,NOUN,1
dominare,dominare,dominare,VERB,1
dominio,dominio,dominio,NOUN,1
donare,donare,donare,VERB,1
donna,donna,donna,NOUN,1
dono,dono,dono,NOUN,1
doppiaggio,doppiaggio,doppiaggio,NOUN,1
doppio,doppio,doppio,ADJ,1
dorato,dorato,dorato,ADJ,1
dormire,dormire,dormire,VERB,1
dorso,dorso,dorso,NOUN,1
dose,dose,dose,NOUN,1
dotare,dotare,dotare,VERB,1
dotato,dotato,dotare,VERB,1
dotazione,dotazione,dotazione,NOUN,1
dote,dote,dote,NOUN,1
dottore,dottore,dottore,NOUN,1
dottoressa,dottoressa,dottore,VERB,1
dottrina,dottrina,dottrina,NOUN,1
dove,dove,dove,ADV,1
dovere,dovere,dovere,NOUN,1
dovuto,dovuto,dovere,AUX,1
down,down,down,X,1
dozzina,dozzina,dozzinare,NOUN,1
drago,drago,drago,NOUN,1
dramma,dramma,dramma,NOUN,1
drammatico,drammatico,drammatico,ADJ,1
dritto,dritto,drigtiere,NOUN,1
droga,droga,droga,NOUN,1
drogare,drogare,drogare,VERB,1
droghiere,droghiere,droghiere,NOUN,1
drone,drone,drone,NOUN,1
dubbio,dubbio,dubbio,NOUN,1
dubbioso,dubbioso,dubbioso,ADJ,1
dubitare,dubitare,dubitare,VERB,1
duello,duello,duello,NOUN,1
duetto,duetto,duerre,VERB,1
dunque,dunque,dunque,ADV,1
durare,durare,durare,VERB,1
durata,durata,durare,NOUN,1
durezza,durezza,durezza,NOUN,1
duro,duro,duro,ADJ,1
e-mail,e-mail,e-mail,NOUN,1
ebbene,ebbene,ebbene,ADV,1
ebraico,ebraico,ebraico,ADJ,1
ebreo,ebreo,ebreo,ADJ,1
ecatombe,ecatombe,ecatombe,NOUN,1
eccellente,eccellente,eccellente,ADJ,1
eccellenza,eccellenza,eccellenza,NOUN,1
eccelso,eccelso,eccelso,ADJ,1
eccessivo,eccessivo,eccessivo,ADJ,1
eccesso,eccesso,eccesso,NOUN,1
eccetera,eccetera,eccetera,ADV,1
eccezionale,eccezionale,eccezionale,ADJ,1
eccezionalità,eccezionalità,eccezionalità,NOUN,1
eccezione,eccezione,eccezione,NOUN,1
eccitare,eccitare,eccitare,VERB,1
eccitato,eccitato,eccitare,VERB,1
eccitazione,eccitazione,eccitazione,NOUN,1
ecco,ecco,ecco,ADV,1
eclatante,eclatante,eclatante,ADJ,1
eco,eco,eco,NOUN,1
ecologico,ecologico,ecologico,ADJ,1
economia,economia,economia,NOUN,1
economico,economico,economico,ADJ,1
economista,economista,economista,NOUN,1
ecosistema,ecosistema,ecosistema,NOUN,1
eden,eden,edeno,NOUN,1
edificio,edificio,edificio,NOUN,1
editore,editore,editore,NOUN,1
editoriale,editoriale,editoriale,ADJ,1
edizione,edizione,edizione,NOUN,1
edotto,edotto,edurre,ADJ,1
educare,educare,educare,VERB,1
educativo,educativo,educativo,ADJ,1
educazione,educazione,educazione,NOUN,1
effettivamente,effettivamente,effettivamente,ADV,1
effettivo,effettivo,effettivo,ADJ,1
effetto,effetto,effetto,NOUN,1
effettuare,effettuare,effettuare,VERB,1
efficace,efficace,efficace,ADJ,1
efficacia,efficacia,efficacia,NOUN,1
efficiente,efficiente,efficiente,ADJ,1
efficienza,efficienza,efficienza,NOUN,1
eguale,eguale,eguale,ADJ,1
elaborare,elaborare,elaborare,VERB,1
elaborazione,elaborazione,elaborazione,NOUN,1
elastico,elastico,elastico,ADJ,1
elegante,elegante,elegante,ADJ,1
eleganza,eleganza,eleganza,NOUN,1
eleggere,eleggere,eleggere,VERB,1
elementare,elementare,elementare,NOUN,1
elemento,elemento,elemento,NOUN,1
elencare,elencare,elencare,VERB,1
elenco,elenco,elenco,NOUN,1
elettorale,elettorale,elettorale,ADJ,1
elettore,elettore,elettore,NOUN,1
elettrico,elettrico,elettrico,ADJ,1
elettrizzare,elettrizzare,elettrizzare,VERB,1
elettromagnetico,elettromagnetico,elettromagnetico,ADJ,1
elettronico,elettronico,elettronico,ADJ,1
elevare,elevare,elevare,VERB,1
elevato,elevato,elevato,VERB,1
elevazione,elevazione,elevazione,NOUN,1
elezione,elezione,elezione,NOUN,1
eliminare,eliminare,eliminare,VERB,1
eliminazione,eliminazione,eliminazione,NOUN,1
eloquente,eloquente,eloquente,ADJ,1
emanare,emanare,emanare,VERB,1
embolia,embolia,embolia,NOUN,1
emergenza,emergenza,emergenza,NOUN,1
emergere,emergere,emergere,VERB,1
emettere,emettere,emettere,VERB,1
emicrania,emicrania,emicrania,NOUN,1
emigrante,emigrante,emigrante,NOUN,1
emiliano,emiliano,emiliano,ADJ,1
emissione,emissione,emissione,NOUN,1
emo,emo,emo,PROPN,1
emotiva,emotiva,emotivo,ADJ,1
emotivo,emotivo,emotivo,NOUN,1
emozionare,emozionare,emozionare,VERB,1
emozionato,emozionato,emozionare,VERB,1
emozione,emozione,emozione,NOUN,1
empirico,empirico,empirico,ADJ,1
encomiabile,encomiabile,encomiabile,ADJ,1
energetico,energetico,energetico,ADJ,1
energia,energia,energia,NOUN,1
energico,energico,energico,ADJ,1
ennesimo,ennesimo,ennesimo,ADJ,1
enorme,enorme,enorme,ADJ,1
enormità,enormità,enormità,NOUN,1
ente,ente,ente,NOUN,1
entità,entità,entità,NOUN,1
entrare,entrare,entrare,VERB,1
entrata,entrata,entrare,VERB,1
entusiasmare,entusiasmare,entusiasmare,VERB,1
entusiasmo,entusiasmo,entusiasmo,NOUN,1
entusiasta,entusiasta,entusiasta,ADJ,1
epifania,epifania,epifania,NOUN,1
episodio,episodio,episodio,NOUN,1
epistolare,epistolare,epistolare,ADJ,1
epoca,epoca,epoca,NOUN,1
equazione,equazione,equazione,NOUN,1
equilibrio,equilibrio,equilibrio,NOUN,1
equivalere,equivalere,equivalere,VERB,1
equivoco,equivoco,equivoco,NOUN,1
erba,erba,erba,NOUN,1
erede,erede,erede,NOUN,1
ereditare,ereditare,ereditare,VERB,1
eredità,eredità,eredità,NOUN,1
ergere,ergere,ergere,VERB,1
erodere,erodere,erodere,VERB,1
eroe,eroe,eroe,NOUN,1
eroico,eroico,eroico,ADJ,1
eros,eros,eros,PROPN,1
erotico,erotico,erotico,ADJ,1
erotismo,erotismo,erotismo,NOUN,1
errare,errare,errare,VERB,1
errata,errata,errato,ADJ,1
errore,errore,errore,NOUN,1
erudizione,erudizione,erudizione,NOUN,1
esacerbazione,esacerbazione,esacerbazione,NOUN,1
esagerare,esagerare,esagerare,VERB,1
esagerato,esagerato,esagerato,ADJ,1
esagerazione,esagerazione,esagerazione,NOUN,1
esaltare,esaltare,esaltare,VERB,1
esaltato,esaltato,esaltare,VERB,1
esaltazione,esaltazione,esaltazione,NOUN,1
esame,esame,esame,NOUN,1
esaminare,esaminare,esaminare,VERB,1
esatta,esatta,esatto,ADJ,1
esattamente,esattamente,esattamente,ADV,1
esatto,esatto,esatto,ADJ,1
esaurire,esaurire,esaurire,VERB,1
escamotage,escamotage,escamotage,NOUN,1
esclamare,esclamare,esclamare,VERB,1
esclamazione,esclamazione,esclamazione,NOUN,1
escludere,escludere,escludere,VERB,1
esclusione,esclusione,esclusione,NOUN,1
esclusivamente,esclusivamente,esclusivamente,ADV,1
esclusivo,esclusivo,esclusivo,ADJ,1
escluso,escluso,escluso,VERB,1
escursione,escursione,escursione,NOUN,1
esecrare,esecrare,esecrare,VERB,1
esecrazione,esecrazione,esecrazione,NOUN,1
esecutivo,esecutivo,esecutivo,ADJ,1
esecuzione,esecuzione,esecuzione,NOUN,1
eseguire,eseguire,eseguire,VERB,1
esempio,esempio,esempio,NOUN,1
esemplare,esemplare,esemplare,ADJ,1
esercitare,esercitare,esercitare,VERB,1
esercito,esercito,esercito,NOUN,1
esercizio,esercizio,esercizio,NOUN,1
esibire,esibire,esibire,VERB,1
esigenza,esigenza,esigenza,NOUN,1
esigere,esigere,esigere,VERB,1
esilarante,esilarante,esilarante,ADJ,1
esilarare,esilarare,esilarare,VERB,1
esilarato,esilarato,esilarare,ADJ,1
esistente,esistente,esistere,VERB,1
esistenza,esistenza,esistenza,NOUN,1
esistere,esistere,esistere,VERB,1
esitante,esitante,esitante,ADJ,1
esitare,esitare,esitare,VERB,1
esito,esito,esito,NOUN,1
esonero,esonero,esonero,NOUN,1
esorcismo,esorcismo,esorcismo,NOUN,1
esordio,esordio,esordio,NOUN,1
espansione,espansione,espansione,NOUN,1
espediente,espediente,espediente,NOUN,1
espellere,espellere,espellere,VERB,1
esperienza,esperienza,esperienza,NOUN,1
esperimento,esperimento,esperimento,NOUN,1
esperto,esperto,esperto,NOUN,1
esplicito,esplicito,esplicito,ADJ,1
esplodere,esplodere,esplodere,VERB,1
esplorare,esplorare,esplorare,VERB,1
esplosione,esplosione,esplosione,NOUN,1
esplosioni,esplosioni,esplosione,NOUN,1
esplosivo,esplosivo,esplosivo,NOUN,1
esponente,esponente,esponente,NOUN,1
esporre,esporre,esporre,VERB,1
esposizione,esposizione,esposizione,NOUN,1
espressione,espressione,espressione,NOUN,1
esprimere,esprimere,esprimere,VERB,1
espulsione,espulsione,espulsione,NOUN,1
essenza,essenza,essenza,NOUN,1
essenziale,essenziale,essenziale,ADJ,1
essenzialmente,essenzialmente,essenzialmente,ADV,1
est,est,est,NOUN,1
estasi,estasi,estase,ADV,1
estate,estate,estate,NOUN,1
estendere,estendere,estendere,VERB,1
estensione,estensione,estensione,NOUN,1
estenuante,estenuante,estenuanto,ADJ,1
estenuare,estenuare,estenuare,VERB,1
esteriore,esteriore,esteriore,ADJ,1
esteriorità,esteriorità,esteriorità,NOUN,1
esternalità,esternalità,esternalità,NOUN,1
esternare,esternare,esternare,VERB,1
esterno,esterno,esterno,ADJ,1
estero,estero,estero,NOUN,1
estetico,estetico,estetico,ADJ,1
estivo,estivo,estivo,ADJ,1
estraneo,estraneo,estraneo,ADJ,1
estrapolazione,estrapolazione,estrapolazione,NOUN,1
estrarre,estrarre,estrarre,VERB,1
estratto,estratto,estrarre,VERB,1
estrazione,estrazione,estrazione,NOUN,1
estremamente,estremamente,estremamente,ADV,1
estremista,estremista,estremista,NOUN,1
estremità,estremità,estremità,NOUN,1
estremo,estremo,estremo,ADJ,1
estroso,estroso,estroso,ADJ,1
esuberante,esuberante,esuberante,ADJ,1
esultanza,esultanza,esultanza,NOUN,1
esultare,esultare,esultare,VERB,1
etere,etere,etere,PROPN,1
eterno,eterno,eterno,ADJ,1
etica,etica,etica,NOUN,1
etichetta,etichetta,etichetta,NOUN,1
etico,etico,etico,ADJ,1
età,età,età,NOUN,1
euforico,euforico,euforico,ADJ,1
euro,euro,euro,NOUN,1
europeo,europeo,europeo,ADJ,1
evasione,evasione,evasione,NOUN,1
evento,evento,evento,NOUN,1
eventuale,eventuale,eventuale,ADJ,1
eventualmente,eventualmente,eventualmente,ADV,1
evidente,evidente,evidente,ADJ,1
evidentemente,evidentemente,evidentemente,ADV,1
evidenza,evidenza,evidenza,NOUN,1
evidenziare,evidenziare,evidenziare,VERB,1
evitare,evitare,evitare,VERB,1
evocare,evocare,evocare,VERB,1
evoluzione,evoluzione,evoluzione,NOUN,1
ex,ex,ex,ADJ,1
extra,extra,extra,NOUN,1
extraterrestre,extraterrestre,extraterrestre,ADJ,1
extremis,extremis,extremis,ADV,1
fa,fa,fare,VERB,1
fabbrica,fabbrica,fabbrica,NOUN,1
fabbricare,fabbricare,fabbricare,VERB,1
fabbro,fabbro,fabbro,NOUN,1
faccenda,faccenda,faccendare,NOUN,1
faccia,faccia,fare,VERB,1
facciata,facciata,facciata,NOUN,1
facile,facile,facile,ADJ,1
facilitare,facilitare,facilitare,VERB,1
facilitatore,facilitatore,facilitatore,NOUN,1
facilità,facilità,facilità,NOUN,1
facilmente,facilmente,facilmente,ADV,1
facoltà,facoltà,facoltà,NOUN,1
fallimento,fallimento,fallimento,NOUN,1
fallire,fallire,fallire,VERB,1
fallito,fallito,fallire,VERB,1
fallo,fallo,fallo,NOUN,1
falsa,falsa,falso,ADJ,1
falsità,falsità,falsità,NOUN,1
falso,falso,falso,ADJ,1
fama,fama,fama,NOUN,1
fame,fame,fama,NOUN,1
famiglia,famiglia,famiglia,NOUN,1
familiare,familiare,familiare,ADJ,1
familiarizzare,familiarizzare,familiarizzare,VERB,1
famoso,famoso,famoso,ADJ,1
fan,fan,fan,NOUN,1
fanatico,fanatico,fanatico,ADJ,1
fanciulla,fanciulla,fanciulla,NOUN,1
fanculo,fanculo,fanculo,NOUN,1
fanfiction,fanfiction,fanfiction,NOUN,1
fango,fango,fango,VERB,1
fantapolitica,fantapolitica,fantapolitico,ADJ,1
fantascienza,fantascienza,fantascienza,NOUN,1
fantasia,fantasia,fantasia,NOUN,1
fantasma,fantasma,fantasma,NOUN,1
fantastico,fantastico,fantastico,ADJ,1
fantasy,fantasy,fantasy,ADV,1
fantomatico,fantomatico,fantomatico,ADJ,1
fardello,fardello,fardello,NOUN,1
fare,fare,fare,VERB,1
fare_i_conti,fare_i_conti,fare_i_contare,VERB,1
farfalla,farfalla,farfalla,NOUN,1
farina,farina,farina,NOUN,1
farmacia,farmacia,farmacia,NOUN,1
farmaco,farmaco,farmaco,NOUN,1
farneticare,farneticare,farneticare,VERB,1
fascia,fascia,fascia,NOUN,1
fascicolo,fascicolo,fascicolo,NOUN,1
fascino,fascino,fascino,NOUN,1
fascio,fascio,fascio,NOUN,1
fascismo,fascismo,fascismo,NOUN,1
fascista,fascista,fascista,ADJ,1
fase,fase,fase,NOUN,1
fashion,fashion,fashion,NOUN,1
fastidio,fastidio,fastidio,NOUN,1
fastidioso,fastidioso,fastidioso,ADJ,1
fastoso,fastoso,fastoso,ADJ,1
fata,fata,fato,NOUN,1
fatica,fatica,fatica,NOUN,1
faticare,faticare,faticare,VERB,1
faticoso,faticoso,faticoso,ADJ,1
fato,fato,fato,NOUN,1
fattibile,fattibile,fattibile,ADJ,1
fatto,fatto,fare,VERB,1
fattone,fattone,fattone,NOUN,1
fattore,fattore,fattore,NOUN,1
fattoria,fattoria,fattoria,NOUN,1
fattura,fattura,fattura,NOUN,1
fatturato,fatturato,fatturato,VERB,1
fava,fava,fava,NOUN,1
favola,favola,favola,NOUN,1
favoloso,favoloso,favoloso,ADJ,1
favore,favore,favore,NOUN,1
favorevole,favorevole,favorevole,ADJ,1
favorire,favorire,favorire,VERB,1
fax,fax,fax,NOUN,1
fazzoletto,fazzoletto,fazzolettare,NOUN,1
febbraio,febbraio,febbraio,NOUN,1
febbre,febbre,febbra,NOUN,1
fede,fede,fede,NOUN,1
fedele,fedele,fedele,ADJ,1
fedeltà,fedeltà,fedeltà,NOUN,1
federale,federale,federale,ADJ,1
fegato,fegato,fegato,NOUN,1
felice,felice,felice,ADJ,1
felicità,felicità,felicità,NOUN,1
felpa,felpa,felpa,NOUN,1
femmina,femmina,femmina,NOUN,1
femminicidio,femminicidio,femminicidio,ADJ,1
femminile,femminile,femminile,ADJ,1
femminilità,femminilità,femminilità,NOUN,1
femminista,femminista,femministo,ADJ,1
femminuccia,femminuccia,femminuccia,NOUN,1
fenomenale,fenomenale,fenomenale,ADJ,1
fenomeno,fenomeno,fenomeno,NOUN,1
ferie,ferie,feria,NOUN,1
ferire,ferire,ferire,VERB,1
ferita,ferita,ferito,ADJ,1
ferito,ferito,ferire,VERB,1
fermare,fermare,fermare,VERB,1
fermarsi,fermarsi,fermare si,VERB,1
fermezza,fermezza,fermezza,NOUN,1
fermo,fermo,fermo,ADJ,1
feroce,feroce,feroce,ADJ,1
ferro,ferro,ferro,NOUN,1
ferrovia,ferrovia,ferrovia,NOUN,1
ferroviario,ferroviario,ferroviario,ADJ,1
fervente,fervente,fervente,ADV,1
festa,festa,festa,NOUN,1
festeggiare,festeggiare,festeggiare,VERB,1
festino,festino,festino,NOUN,1
festival,festival,festival,NOUN,1
festosità,festosità,festosità,NOUN,1
festoso,festoso,festoso,ADJ,1
fetente,fetente,fetente,ADJ,1
fetido,fetido,fetidare,VERB,1
fetta,fetta,fettare,NOUN,1
fettina,fettina,fettina,NOUN,1
feudalesimo,feudalesimo,feudalesimo,ADJ,1
fiaba,fiaba,fiaba,NOUN,1
fiamma,fiamma,fiamma,NOUN,1
fianco,fianco,fianco,NOUN,1
fiato,fiato,fiato,NOUN,1
fiatone,fiatone,fiatone,NOUN,1
fibra,fibra,fibra,NOUN,1
ficcare,ficcare,ficcare,VERB,1
fiction,fiction,fiction,NOUN,1
fidanzamento,fidanzamento,fidanzamento,NOUN,1
fidanzarsi,fidanzarsi,fidanzare si,VERB,1
fidanzata,fidanzata,fidanzato,ADJ,1
fidanzato,fidanzato,fidanzare,VERB,1
fidare,fidare,fidare,VERB,1
fidarsi,fidarsi,fidare si,VERB,1
fidato,fidato,fidare,VERB,1
fidelizzazione,fidelizzazione,fidelizzazione,NOUN,1
fiducia,fiducia,fiducia,NOUN,1
fiducioso,fiducioso,fiducioso,ADJ,1
fiera,fiera,fiera,NOUN,1
fierezza,fierezza,fierezza,NOUN,1
fiero,fiero,fiero,ADJ,1
figa,figa,figa,NOUN,1
figlia,figlia,figlio,NOUN,1
figlio,figlio,figlio,NOUN,1
figliolo,figliolo,figliolo,NOUN,1
figura,figura,figurare,VERB,1
figuraccia,figuraccia,figuraccia,NOUN,1
figurare,figurare,figurare,VERB,1
fila,fila,fila,NOUN,1
filantropia,filantropia,filantropia,NOUN,1
filantropico,filantropico,filantropico,ADJ,1
filantropo,filantropo,filantropo,NOUN,1
filare,filare,filare,VERB,1
file,file,fila,NOUN,1
filetto,filetto,filetto,NOUN,1
filigrana,filigrana,filigranare,NOUN,1
film,film,film,NOUN,1
filmato,filmato,filmato,NOUN,1
filo,filo,filo,NOUN,1
filosofia,filosofia,filosofia,NOUN,1
filosofico,filosofico,filosofico,ADJ,1
filosofo,filosofo,filosofo,NOUN,1
filtrare,filtrare,filtrare,VERB,1
filtro,filtro,filtro,NOUN,1
finale,finale,finale,ADJ,1
finalità,finalità,finalità,NOUN,1
finalmente,finalmente,finalmente,ADV,1
finanza,finanza,finanza,NOUN,1
finanziamento,finanziamento,finanziamento,NOUN,1
finanziare,finanziare,finanziare,VERB,1
finanziario,finanziario,finanziario,ADJ,1
fine,fine,fine,NOUN,1
finestra,finestra,finestra,NOUN,1
finestrino,finestrino,finestrino,NOUN,1
fingere,fingere,fingere,VERB,1
finire,finire,finire,VERB,1
finito,finito,finire,VERB,1
fino,fino,fino,ADV,1
finocchio,finocchio,finocchio,NOUN,1
finora,finora,finora,ADV,1
finta,finta,finta,NOUN,1
finto,finto,finto,VERB,1
fiore,fiore,fiore,NOUN,1
fiorentino,fiorentino,fiorentino,ADJ,1
firma,firma,firma,NOUN,1
firmare,firmare,firmare,VERB,1
fiscale,fiscale,fiscale,ADJ,1
fischiare,fischiare,fischiare,VERB,1
fisicamente,fisicamente,fisicamente,ADV,1
fisico,fisico,fisico,ADJ,1
fissare,fissare,fissare,VERB,1
fisso,fisso,fisso,ADV,1
fitto,fitto,fitto,ADJ,1
fiume,fiume,fiume,NOUN,1
fiuto,fiuto,fiuto,NOUN,1
flangia,flangia,flangia,NOUN,1
flash,flash,flash,NOUN,1
flebile,flebile,flebile,ADJ,1
flemma,flemma,flemma,NOUN,1
flessibile,flessibile,flessibile,ADJ,1
fluido,fluido,fluido,NOUN,1
fluo,fluo,fluo,ADJ,1
flusso,flusso,flusso,NOUN,1
fluttuare,fluttuare,fluttuare,VERB,1
fobia,fobia,fobia,NOUN,1
fobico,fobico,fobico,NOUN,1
foglia,foglia,fogliare,NOUN,1
foglio,foglio,foglio,NOUN,1
fogna,fogna,fogna,NOUN,1
folgorare,folgorare,folgorare,VERB,1
folgore,folgore,folgore,NOUN,1
folla,folla,folla,NOUN,1
folle,folle,folle,ADJ,1
follia,follia,follia,NOUN,1
fondamentale,fondamentale,fondamentale,ADJ,1
fondamentali,fondamentali,fondamentale,ADJ,1
fondamentalmente,fondamentalmente,fondamentalmente,ADV,1
fondamento,fondamento,fondamento,NOUN,1
fondare,fondare,fondare,VERB,1
fondatore,fondatore,fondatore,NOUN,1
fondazione,fondazione,fondazione,NOUN,1
fondere,fondere,fondere,VERB,1
fondo,fondo,fondo,NOUN,1
fontana,fontana,fontana,NOUN,1
fonte,fonte,fonte,NOUN,1
forare,forare,forare,VERB,1
foresta,foresta,foresta,NOUN,1
forma,forma,formare,NOUN,1
formaggio,formaggio,formaggio,NOUN,1
formale,formale,formale,ADJ,1
formare,formare,formare,VERB,1
formato,formato,formare,VERB,1
formazione,formazione,formazione,NOUN,1
formula,formula,formulare,NOUN,1
formulare,formulare,formulare,VERB,1
fornello,fornello,fornello,NOUN,1
fornire,fornire,fornire,VERB,1
fornitore,fornitore,fornitore,NOUN,1
fornitura,fornitura,fornitura,NOUN,1
forno,forno,forno,NOUN,1
foro,foro,foro,NOUN,1
forse,forse,forse,ADV,1
forsennato,forsennato,forsennare,ADJ,1
forte,forte,forte,ADJ,1
fortemente,fortemente,fortemente,ADV,1
fortuna,fortuna,fortuna,NOUN,1
fortunatamente,fortunatamente,fortunatamente,ADV,1
fortunato,fortunato,fortunato,ADJ,1
forum,forum,forum,NOUN,1
forza,forza,forza,NOUN,1
forzare,forzare,forzare,VERB,1
forzato,forzato,forzare,VERB,1
fossa,fossa,fossa,NOUN,1
foto,foto,foto,NOUN,1
fotografare,fotografare,fotografare,VERB,1
fotografia,fotografia,fotografia,NOUN,1
fotografico,fotografico,fotografico,NOUN,1
fotografo,fotografo,fotografo,NOUN,1
fottere,fottere,fottere,VERB,1
fragile,fragile,fragile,ADJ,1
frammentarietà,frammentarietà,frammentarietà,NOUN,1
frammento,frammento,frammento,NOUN,1
francamente,francamente,francamente,ADV,1
francese,francese,francese,ADJ,1
franchezza,franchezza,franchezza,NOUN,1
frase,frase,frase,NOUN,1
frastuono,frastuono,frastuono,NOUN,1
fratellino,fratellino,fratellino,NOUN,1
fratello,fratello,fratello,NOUN,1
frazione,frazione,frazione,NOUN,1
freccia,freccia,freccia,NOUN,1
freddezza,freddezza,freddezza,NOUN,1
freddo,freddo,freddo,ADJ,1
fregare,fregare,fregare,VERB,1
fregiare,fregiare,fregiare,VERB,1
fremere,fremere,fremere,VERB,1
frenare,frenare,frenare,VERB,1
frenesia,frenesia,frenesia,NOUN,1
frenetico,frenetico,frenetico,ADJ,1
freno,freno,freno,NOUN,1
frequentare,frequentare,frequentare,VERB,1
frequente,frequente,frequente,ADJ,1
frequenza,frequenza,frequenza,NOUN,1
fresco,fresco,fresco,ADJ,1
frescura,frescura,frescura,NOUN,1
fretta,fretta,fretta,NOUN,1
frigo,frigo,frigare,NOUN,1
frigorifero,frigorifero,frigorifero,NOUN,1
frivolezza,frivolezza,frivolezza,NOUN,1
frocio,frocio,frocio,NOUN,1
fronte,fronte,fronte,NOUN,1
frontiera,frontiera,frontiera,NOUN,1
frotta,frotta,frotta,NOUN,1
frugare,frugare,frugare,VERB,1
fruizione,fruizione,fruizione,NOUN,1
frustrazione,frustrazione,frustrazione,NOUN,1
frutta,frutta,frutta,NOUN,1
frutto,frutto,frutto,NOUN,1
fucile,fucile,fucile,NOUN,1
fuga,fuga,fuga,NOUN,1
fugare,fugare,fugare,VERB,1
fuggire,fuggire,fuggire,VERB,1
fulmine,fulmine,fulmine,NOUN,1
fumare,fumare,fumare,VERB,1
fumata_nera,fumata_nera,fumata_nera,NOUN,1
fumetto,fumetto,fumetto,NOUN,1
fumo,fumo,fumo,NOUN,1
funerale,funerale,funerale,ADJ,1
funereo,funereo,funereo,ADJ,1
fungo,fungo,fungare,NOUN,1
funzionale,funzionale,funzionale,ADJ,1
funzionamento,funzionamento,funzionamento,NOUN,1
funzionare,funzionare,funzionare,VERB,1
funzionario,funzionario,funzionario,NOUN,1
funzione,funzione,funzione,NOUN,1
fuoco,fuoco,fuoco,NOUN,1
fuori,fuori,fuori,ADV,1
furbizia,furbizia,furbizia,NOUN,1
furbo,furbo,furbo,ADJ,1
furente,furente,furente,ADJ,1
furfante,furfante,furfante,NOUN,1
furgone,furgone,furgone,NOUN,1
furia,furia,furia,NOUN,1
furioso,furioso,furioso,ADJ,1
furto,furto,furto,NOUN,1
fusione,fusione,fusione,NOUN,1
fuso,fuso,fuso,VERB,1
futuro,futuro,futuro,NOUN,1
gabbia,gabbia,gabbia,NOUN,1
gabinetto,gabinetto,gabinetto,NOUN,1
gaiezza,gaiezza,gaiezza,NOUN,1
gaio,gaio,gaio,NOUN,1
galantuomo,galantuomo,galantuomo,NOUN,1
galassia,galassia,galassia,NOUN,1
galera,galera,galerare,NOUN,1
galleria,galleria,galleria,NOUN,1
gallina,gallina,gallinare,NOUN,1
gamba,gamba,gamba,NOUN,1
gamberetto,gamberetto,gamberetto,NOUN,1
gambero,gambero,gambero,NOUN,1
gambo,gambo,gambare,VERB,1
gara,gara,gara,NOUN,1
garage,garage,garage,NOUN,1
garantire,garantire,garantire,VERB,1
garanzia,garanzia,garanzia,NOUN,1
garbato,garbato,garbato,ADJ,1
garbo,garbo,garbo,NOUN,1
gareggiare,gareggiare,gareggiare,VERB,1
gas,gas,gas,NOUN,1
gatto,gatto,gatto,NOUN,1
gaudio,gaudio,gaudio,NOUN,1
gay,gay,gay,ADJ,1
gay_pride,gay_pride,gay_pride,NOUN,1
gelato,gelato,gelato,NOUN,1
gelido,gelido,gelido,ADJ,1
gelo,gelo,gelo,NOUN,1
gelosia,gelosia,gelosia,NOUN,1
geloso,geloso,geloso,ADJ,1
gemello,gemello,gemello,NOUN,1
gene,gene,gene,NOUN,1
generale,generale,generale,ADJ,1
generalmente,generalmente,generalmente,ADV,1
generare,generare,generare,VERB,1
generazione,generazione,generazione,NOUN,1
genere,genere,genere,NOUN,1
generico,generico,generico,ADJ,1
generosità,generosità,generosità,NOUN,1
generoso,generoso,generoso,ADJ,1
geneticamente,geneticamente,geneticamente,ADV,1
genetico,genetico,genetico,ADJ,1
geniale,geniale,geniale,ADJ,1
genialità,genialità,genialità,NOUN,1
genio,genio,genio,NOUN,1
genitore,genitore,genitore,NOUN,1
gennaio,gennaio,gennaio,NOUN,1
gente,gente,gente,NOUN,1
gentile,gentile,gentile,ADJ,1
gentilezza,gentilezza,gentilezza,NOUN,1
genuina,genuina,genuino,ADJ,1
geografico,geografico,geografico,ADJ,1
gesso,gesso,gesso,NOUN,1
gesta,gesta,gesta,NOUN,1
gestione,gestione,gestione,NOUN,1
gestire,gestire,gestire,VERB,1
gesto,gesto,gesto,NOUN,1
gestore,gestore,gestore,NOUN,1
gettare,gettare,gettare,VERB,1
ghiacciare,ghiacciare,ghiacciare,VERB,1
ghiaccio,ghiaccio,ghiaccio,NOUN,1
giacca,giacca,giacca,NOUN,1
giacere,giacere,giacere,VERB,1
giallo,giallo,giallo,NOUN,1
giapponese,giapponese,giapponese,ADJ,1
giardino,giardino,giardino,NOUN,1
gigante,gigante,gigante,NOUN,1
gigantesco,gigantesco,gigantesco,ADJ,1
gigantismo,gigantismo,gigantismo,NOUN,1
giglio,giglio,giglio,NOUN,1
ginepraio,ginepraio,ginepraio,NOUN,1
ginnastica,ginnastica,ginnastica,NOUN,1
ginocchio,ginocchio,ginocchio,NOUN,1
giocare,giocare,giocare,VERB,1
giocatore,giocatore,giocatore,NOUN,1
giocattolo,giocattolo,giocattolo,NOUN,1
gioco,gioco,gioco,NOUN,1
gioco_d'azzardo,gioco_d',gioco_d',VERB,2
giocondità,giocondità,giocondità,NOUN,1
giocondo,giocondo,giocondo,ADJ,1
giocoso,giocoso,giocoso,ADJ,1
gioia,gioia,gioia,NOUN,1
gioiello,gioiello,gioiello,NOUN,1
gioiosità,gioiosità,gioiosità,NOUN,1
gioioso,gioioso,gioioso,ADJ,1
giornale,giornale,giornale,NOUN,1
giornaliero,giornaliero,giornaliero,PRON,1
giornalista,giornalista,giornalista,NOUN,1
giornata,giornata,giornata,NOUN,1
giorno,giorno,giorno,NOUN,1
giovane,giovane,giovane,ADJ,1
giovanetto,giovanetto,giovaneggere,NOUN,1
giovanile,giovanile,giovanile,ADJ,1
giovedì,giovedì,giovedì,NOUN,1
gioventù,gioventù,gioventù,NOUN,1
giovialità,giovialità,giovialità,NOUN,1
giovinezza,giovinezza,giovinezza,NOUN,1
girandola,girandola,girandolo,VERB,1
girare,girare,girare,VERB,1
girato,girato,girare,VERB,1
giro,giro,giro,NOUN,1
girovagare,girovagare,girovagare,VERB,1
gita,gita,gita,NOUN,1
giubilare,giubilare,giubilare,VERB,1
giubilo,giubilo,giubilo,NOUN,1
giudicare,giudicare,giudicare,VERB,1
giudicato,giudicato,giudicare,VERB,1
giudice,giudice,giudice,NOUN,1
giudiziario,giudiziario,giudiziario,ADJ,1
giudizio,giudizio,giudizio,NOUN,1
giudizio_universale,giudizio_universale,giudizio_universale,ADJ,1
giugno,giugno,giugno,NOUN,1
giungere,giungere,giungere,VERB,1
giuoco,giuoco,giuoco,NOUN,1
giuramento,giuramento,giuramento,NOUN,1
giurare,giurare,giurare,VERB,1
giuridico,giuridico,giuridico,ADJ,1
giusta,giusta,giusto,ADJ,1
giustamente,giustamente,giustamente,ADV,1
giustificare,giustificare,giustificare,VERB,1
giustizia,giustizia,giustizia,NOUN,1
giusto,giusto,giusto,ADJ,1
già,già,già,ADV,1
globale,globale,globale,ADJ,1
gloria,gloria,gloria,NOUN,1
goal,goal,goal,NOUN,1
gocce_di_pioggia,gocce_di_pioggia,gocce_di_pioggia,NOUN,1
goccia,goccia,goccia,NOUN,1
godere,godere,godere,VERB,1
godibile,godibile,godibile,ADJ,1
goduria,goduria,goduria,NOUN,1
goffo,goffo,goffo,ADJ,1
gola,gola,gola,NOUN,1
goliardia,goliardia,goliardia,NOUN,1
goliardico,goliardico,goliardico,NOUN,1
goloso,goloso,goloso,ADJ,1
gomito,gomito,gomito,NOUN,1
gomma,gomma,gomma,NOUN,1
gonfiare,gonfiare,gonfiare,VERB,1
gonfio,gonfio,gonfio,ADJ,1
gonna,gonna,gonna,NOUN,1
gospel,gospel,gospel,NOUN,1
gossip,gossip,gossip,NOUN,1
governare,governare,governare,VERB,1
governatore,governatore,governatore,NOUN,1
governo,governo,governo,NOUN,1
gracilità,gracilità,gracilità,NOUN,1
gradevolezza,gradevolezza,gradevolezza,NOUN,1
gradimento,gradimento,gradimento,NOUN,1
gradino,gradino,gradino,NOUN,1
gradire,gradire,gradire,VERB,1
gradito,gradito,gradire,VERB,1
grado,grado,grado,NOUN,1
grafico,grafico,grafico,NOUN,1
grammatica,grammatica,grammatico,NOUN,1
grammo,grammo,grare,NOUN,1
grande,grande,grande,ADJ,1
grandezza,grandezza,grandezza,NOUN,1
grandioso,grandioso,grandioso,ADJ,1
grano,grano,grano,NOUN,1
grassa,grassa,grasso,ADJ,1
grasso,grasso,grasso,NOUN,1
gratis,gratis,gratis,ADV,1
gratitudine,gratitudine,gratitudine,NOUN,1
grato,grato,grato,ADJ,1
grattacapo,grattacapo,grattacapo,NOUN,1
grattare,grattare,grattare,VERB,1
gratuito,gratuito,gratuito,ADJ,1
grave,grave,grave,ADJ,1
gravidanza,gravidanza,gravidanza,NOUN,1
gravità,gravità,gravità,NOUN,1
gravoso,gravoso,gravoso,ADJ,1
grazie,grazie,grazie,NOUN,1
greco,greco,greco,ADJ,1
green_screen,green_screen,green_screen,NOUN,1
gretto,gretto,gretto,ADJ,1
gridare,gridare,gridare,VERB,1
grido,grido,gridare,NOUN,1
grigio,grigio,grigio,NOUN,1
grigiore,grigiore,grigiore,ADJ,1
grintoso,grintoso,grintoso,ADJ,1
grosso,grosso,grosso,ADJ,1
grossolano,grossolano,grossolano,ADJ,1
grotta,grotta,grotta,NOUN,1
gruppo,gruppo,gruppo,NOUN,1
guadagnare,guadagnare,guadagnare,VERB,1
guadagno,guadagno,guadagno,NOUN,1
guaio,guaio,guaio,NOUN,1
guancia,guancia,guancia,NOUN,1
guanto,guanto,guanto,NOUN,1
guardare,guardare,guardare,VERB,1
guardia,guardia,guardia,NOUN,1
guarire,guarire,guarire,VERB,1
guazzabuglio,guazzabuglio,guazzabuglio,NOUN,1
guerra,guerra,guerra,NOUN,1
guerriero,guerriero,guerriero,NOUN,1
gufare,gufare,gufare,VERB,1
guida,guida,guida,VERB,1
guidare,guidare,guidare,VERB,1
guru,guru,guru,NOUN,1
gustare,gustare,gustare,VERB,1
gusto,gusto,gusto,NOUN,1
hamburger,hamburger,hamburger,NOUN,1
hic_et_nunc,hic_et_nunc,hic_et_nunc,ADP,1
hobby,hobby,hobby,NOUN,1
home,home,home,NOUN,1
hosting,hosting,hosting,NOUN,1
hotel,hotel,hotel,NOUN,1
hyperlink,hyperlink,hyperlink,NOUN,1
icona,icona,icona,NOUN,1
iconoclasta,iconoclasta,iconoclastare,ADJ,1
idea,idea,idea,NOUN,1
ideale,ideale,ideale,ADJ,1
idealizzare,idealizzare,idealizzare,VERB,1
idealizzazione,idealizzazione,idealizzazione,NOUN,1
ideare,ideare,ideare,VERB,1
ideazione,ideazione,ideazione,NOUN,1
identico,identico,identico,ADJ,1
identificabile,identificabile,identificabile,ADJ,1
identificare,identificare,identificare,VERB,1
identificazione,identificazione,identificazione,NOUN,1
identità,identità,identità,NOUN,1
ideologia,ideologia,ideologia,NOUN,1
ideologico,ideologico,ideologico,ADJ,1
idilliaco,idilliaco,idilliaco,ADJ,1
idiosincrasia,idiosincrasia,idiosincrasia,NOUN,1
idiota,idiota,idiota,ADJ,1
idioti,idioti,idioto,ADJ,1
idraulico,idraulico,idraulico,NOUN,1
idrico,idrico,idrico,ADJ,1
idrofobo,idrofobo,idrofobo,NOUN,1
idrogeno,idrogeno,idrogeno,NOUN,1
ieri,ieri,ieri,ADV,1
ignobiltà,ignobiltà,ignobiltà,NOUN,1
ignorante,ignorante,ignorante,ADJ,1
ignoranza,ignoranza,ignoranza,NOUN,1
ignorare,ignorare,ignorare,VERB,1
ignoto,ignoto,ignoto,ADJ,1
ilarità,ilarità,ilarità,NOUN,1
illecito,illecito,illecito,ADJ,1
illegale,illegale,illegale,ADJ,1
illegalità,illegalità,illegalità,NOUN,1
illegittimità,illegittimità,illegittimità,NOUN,1
illudere,illudere,illudere,VERB,1
illudersi,illudersi,illudere si,VERB,1
illuminante,illuminante,illuminante,ADJ,1
illuminare,illuminare,illuminare,VERB,1
illuminato,illuminato,illuminare,VERB,1
illusione,illusione,illusione,NOUN,1
illustrare,illustrare,illustrare,VERB,1
illustre,illustre,illustre,ADJ,1
imbarazzante,imbarazzante,imbarazzante,ADJ,1
imbarazzare,imbarazzare,imbarazzare,VERB,1
imbarazzato,imbarazzato,imbarazzare,VERB,1
imbarazzo,imbarazzo,imbarazzo,NOUN,1
imbarcazione,imbarcazione,imbarcazione,NOUN,1
imbattersi,imbattersi,imbattere si,VERB,1
imbecille,imbecille,imbecille,ADJ,1
imbestialire,imbestialire,imbestialire,VERB,1
imbestialito,imbestialito,imbestialito,ADJ,1
imbronciato,imbronciato,imbronciare,VERB,1
imitare,imitare,imitare,VERB,1
immaginabile,immaginabile,immaginabile,ADJ,1
immaginare,immaginare,immaginare,VERB,1
immaginario,immaginario,immaginario,NOUN,1
immaginazione,immaginazione,immaginazione,NOUN,1
immagine,immagine,immagine,NOUN,1
immangiabile,immangiabile,immangiabile,ADJ,1
immediatamente,immediatamente,immediatamente,ADV,1
immediato,immediato,immediato,ADJ,1
immenso,immenso,immenso,ADJ,1
immergere,immergere,immergere,VERB,1
immersione,immersione,immersione,NOUN,1
immigrato,immigrato,immigrato,NOUN,1
immiserire,immiserire,immiserire,VERB,1
immobile,immobile,immobile,ADJ,1
immobiliare,immobiliare,immobiliare,VERB,1
immobilità,immobilità,immobilità,NOUN,1
immondizia,immondizia,immondizia,NOUN,1
immoralità,immoralità,immoralità,NOUN,1
immortale,immortale,immortale,ADJ,1
immotivato,immotivato,immotivare,ADJ,1
impadronirsi,impadronirsi,impadronire si,VERB,1
imparare,imparare,imparare,VERB,1
imparità,imparità,imparità,NOUN,1
impatto,impatto,impatto,NOUN,1
impaurito,impaurito,impaurire,VERB,1
impauruire,impauruire,impauruiro,VERB,1
impazienza,impazienza,impazienza,NOUN,1
impazzire,impazzire,impazzire,VERB,1
impedire,impedire,impedire,VERB,1
impedito,impedito,impedire,VERB,1
impegnare,impegnare,impegnare,VERB,1
impegnata,impegnata,impegnare,VERB,1
impegnativa,impegnativa,impegnativo,ADJ,1
impegnativo,impegnativo,impegnativo,ADJ,1
impegno,impegno,impegno,NOUN,1
impenitente,impenitente,impenitente,ADJ,1
impennata,impennata,impennata,NOUN,1
impensato,impensato,impensare,VERB,1
imperare,imperare,imperare,VERB,1
imperatore,imperatore,imperatore,NOUN,1
imperdibile,imperdibile,imperdibile,ADJ,1
imperfezione,imperfezione,imperfezione,NOUN,1
imperiale,imperiale,imperiale,ADJ,1
imperioso,imperioso,imperioso,ADJ,1
impero,impero,impero,NOUN,1
impeto,impeto,impeto,NOUN,1
impetuoso,impetuoso,impetuoso,ADJ,1
impianto,impianto,impianto,NOUN,1
impiegare,impiegare,impiegare,VERB,1
impiegato,impiegato,impiegare,VERB,1
impiego,impiego,impiego,NOUN,1
impietoso,impietoso,impietoso,ADJ,1
impietrito,impietrito,impietrire,ADJ,1
implicare,implicare,implicare,VERB,1
impolitico,impolitico,impolitico,ADJ,1
imporre,imporre,imporre,VERB,1
importa,importa,importare,VERB,1
importante,importante,importante,ADJ,1
importanti,importanti,importante,ADJ,1
importanza,importanza,importanza,NOUN,1
importare,importare,importare,VERB,1
importo,importo,importo,NOUN,1
importunare,importunare,importunare,VERB,1
impossibile,impossibile,impossibile,ADJ,1
impossibilitare,impossibilitare,impossibilitare,VERB,1
imposta,imposta,imporre,VERB,1
impostare,impostare,impostare,VERB,1
impostazione,impostazione,impostazione,NOUN,1
impotente,impotente,impotente,ADJ,1
impotenza,impotenza,impotenza,NOUN,1
imprecisione,imprecisione,imprecisione,NOUN,1
imprenditore,imprenditore,imprenditore,NOUN,1
impresa,impresa,impresa,NOUN,1
imprescindibile,imprescindibile,imprescindibile,ADJ,1
impressionabile,impressionabile,impressionabile,ADJ,1
impressionante,impressionante,impressionante,ADJ,1
impressionare,impressionare,impressionare,VERB,1
impressionato,impressionato,impressionato,ADJ,1
impressione,impressione,impressione,NOUN,1
imprevedibile,imprevedibile,imprevedibile,ADJ,1
imprevisto,imprevisto,imprevisto,NOUN,1
improbabile,improbabile,improbabile,ADJ,1
impronta,impronta,impronta,NOUN,1
improponibile,improponibile,improponibile,ADJ,1
improvvisamente,improvvisamente,improvviso,ADV,1
improvvisare,improvvisare,improvvisare,VERB,1
improvvisata,improvvisata,improvvisato,ADJ,1
improvviso,improvviso,improvviso,ADJ,1
impudenza,impudenza,impudenza,NOUN,1
impulso,impulso,impulso,NOUN,1
impuro,impuro,impuro,ADJ,1
imputata,imputata,imputare,VERB,1
imputato,imputato,imputare,VERB,1
inabilità,inabilità,inabilità,NOUN,1
inadeguatezza,inadeguatezza,inadeguatezza,NOUN,1
inadeguato,inadeguato,inadeguato,ADJ,1
inaffidabile,inaffidabile,inaffidabile,ADJ,1
inaspettato,inaspettato,inaspettato,ADJ,1
inasprire,inasprire,inasprire,VERB,1
inasprito,inasprito,inasprire,VERB,1
inatteso,inatteso,inatteso,ADJ,1
inaudito,inaudito,inaudito,ADJ,1
inaugurare,inaugurare,inaugurare,VERB,1
incamminare,incamminare,incamminare,VERB,1
incantevole,incantevole,incantevole,ADJ,1
incanto,incanto,incanto,NOUN,1
incapace,incapace,incapace,ADJ,1
incapacità,incapacità,incapacità,NOUN,1
incaricare,incaricare,incaricare,VERB,1
incarico,incarico,incarico,NOUN,1
incarnazione,incarnazione,incarnazione,NOUN,1
incasinare,incasinare,incasinare,VERB,1
incasinato,incasinato,incasinare,VERB,1
incassare,incassare,incassare,VERB,1
incastrare,incastrare,incastrare,VERB,1
incazzare,incazzare,incazzare,VERB,1
incazzarsi,incazzarsi,incazzare si,VERB,1
incazzato,incazzato,incazzare,VERB,1
incendio,incendio,incendio,NOUN,1
incenso,incenso,incenso,NOUN,1
incertezza,incertezza,incertezza,NOUN,1
incerto,incerto,incerto,ADJ,1
inchiesta,inchiesta,inchiesta,NOUN,1
inchino,inchino,inchino,NOUN,1
inciampare,inciampare,inciampare,VERB,1
incidente,incidente,incidente,NOUN,1
incidere,incidere,incidere,VERB,1
incinta,incinta,incinto,ADV,1
inciso,inciso,incidere,VERB,1
incitamento,incitamento,incitamento,NOUN,1
inclemente,inclemente,inclemente,ADV,1
includere,includere,includere,VERB,1
inclusione,inclusione,inclusione,NOUN,1
incluso,incluso,includere,VERB,1
incollare,incollare,incollare,VERB,1
incolpare,incolpare,incolpare,VERB,1
incominciare,incominciare,incominciare,VERB,1
incommensurabile,incommensurabile,incommensurabile,ADJ,1
incompletezza,incompletezza,incompletezza,NOUN,1
incomprensibile,incomprensibile,incomprensibile,ADJ,1
incomprensione,incomprensione,incomprensione,NOUN,1
inconsulto,inconsulto,inconsulto,ADV,1
incontrare,incontrare,incontrare,VERB,1
incontro,incontro,incontro,NOUN,1
incontrollabile,incontrollabile,incontrollabile,ADJ,1
incoraggiamento,incoraggiamento,incoraggiamento,NOUN,1
incoraggiare,incoraggiare,incoraggiare,VERB,1
incredibile,incredibile,incredibile,ADJ,1
incredulo,incredulo,incredulo,ADJ,1
incremento,incremento,incremento,NOUN,1
incrociare,incrociare,incrociare,VERB,1
incubi,incubi,incubo,NOUN,1
incubo,incubo,incubo,NOUN,1
inculcare,inculcare,inculcare,VERB,1
incupire,incupire,incupire,VERB,1
incupito,incupito,incupire,VERB,1
incurante,incurante,incurante,ADV,1
incuriosire,incuriosire,incuriosire,VERB,1
indagare,indagare,indagare,VERB,1
indagine,indagine,indagine,NOUN,1
indebolire,indebolire,indebolire,VERB,1
indecente,indecente,indecente,ADJ,1
indecenza,indecenza,indecenza,NOUN,1
indecisione,indecisione,indecisione,NOUN,1
indeciso,indeciso,indeciso,ADJ,1
indegnità,indegnità,indegnità,NOUN,1
indelicatezza,indelicatezza,indelicatezza,NOUN,1
indescrivibile,indescrivibile,indescrivibile,ADJ,1
indeterminazione,indeterminazione,indeterminazione,NOUN,1
indiano,indiano,indiano,ADJ,1
indicare,indicare,indicare,VERB,1
indicazione,indicazione,indicazione,NOUN,1
indice,indice,indire,VERB,1
indietro,indietro,indietro,ADV,1
indifendibile,indifendibile,indifendibile,ADJ,1
indifesa,indifesa,indifeso,ADJ,1
indifferente,indifferente,indifferente,ADJ,1
indifferenza,indifferenza,indifferenza,NOUN,1
indigente,indigente,indigente,ADJ,1
indignare,indignare,indignare,VERB,1
indignato,indignato,indignare,VERB,1
indignazione,indignazione,indignazione,NOUN,1
indipendente,indipendente,indipendente,ADJ,1
indipendentemente,indipendentemente,indipendentemente,ADV,1
indipendenza,indipendenza,indipendenza,NOUN,1
indiretto,indiretto,indiretto,ADJ,1
indirizzare,indirizzare,indirizzare,VERB,1
indirizzo,indirizzo,indirizzo,NOUN,1
indisciplinato,indisciplinato,indisciplinato,ADJ,1
indiscrezione,indiscrezione,indiscrezione,NOUN,1
indiscutibile,indiscutibile,indiscutibile,ADJ,1
indispensabile,indispensabile,indispensabile,ADJ,1
individuale,individuale,individuale,ADJ,1
individualismo,individualismo,individualismo,NOUN,1
individuare,individuare,individuare,VERB,1
individuo,individuo,individuo,NOUN,1
indizio,indizio,indizio,NOUN,1
indolenza,indolenza,indolenza,NOUN,1
indossare,indossare,indossare,VERB,1
indovinare,indovinare,indovinare,VERB,1
indovino,indovino,indovino,VERB,1
indubbiamente,indubbiamente,indubbiamente,ADV,1
indubbio,indubbio,indubbio,ADJ,1
indumento,indumento,indumento,NOUN,1
indurre,indurre,indurre,VERB,1
industria,industria,industria,NOUN,1
industriale,industriale,industriale,ADJ,1
inebriante,inebriante,inebriante,ADJ,1
inebriare,inebriare,inebriare,VERB,1
inebriato,inebriato,inebriare,VERB,1
inebriazione,inebriazione,inebriazione,NOUN,1
inedito,inedito,inedito,NOUN,1
inefficace,inefficace,inefficace,ADJ,1
inefficiente,inefficiente,inefficiente,ADJ,1
inefficienza,inefficienza,inefficienza,NOUN,1
ineluttabile,ineluttabile,ineluttabile,ADJ,1
inerpicarsi,inerpicarsi,inerpicare si,VERB,1
inerzia,inerzia,inerzia,NOUN,1
inesattezza,inesattezza,inesattezza,NOUN,1
inesistente,inesistente,inesistente,ADJ,1
inettitudine,inettitudine,inettitudine,NOUN,1
inevitabile,inevitabile,inevitabile,ADJ,1
inevitabilmente,inevitabilmente,inevitabilmente,ADV,1
infallibile,infallibile,infallibile,ADJ,1
infantile,infantile,infantile,ADJ,1
infantilità,infantilità,infantilità,NOUN,1
infanzia,infanzia,infanzia,NOUN,1
infarto,infarto,infarto,NOUN,1
infastidire,infastidire,infastidire,VERB,1
infelice,infelice,infelice,ADJ,1
infelicità,infelicità,infelicità,NOUN,1
inferi,inferi,infero,ADJ,1
inferiore,inferiore,inferiore,ADJ,1
infermiera,infermiera,infermiera,ADJ,1
infermiere,infermiere,infermiera,NOUN,1
inferno,inferno,inferno,NOUN,1
inferocire,inferocire,inferocire,VERB,1
inferocirsi,inferocirsi,inferocirsi,VERB,1
infezione,infezione,infezione,NOUN,1
infilare,infilare,infilare,VERB,1
infimità,infimità,infimità,NOUN,1
infimo,infimo,infimo,ADJ,1
infine,infine,infine,ADV,1
infinito,infinito,infinito,ADJ,1
influenza,influenza,influenza,NOUN,1
influenzare,influenzare,influenzare,VERB,1
influsso,influsso,influsso,NOUN,1
informare,informare,informare,VERB,1
informatica,informatica,informatico,ADJ,1
informatico,informatico,informatico,ADJ,1
informativo,informativo,informativo,ADJ,1
informazione,informazione,informazione,NOUN,1
infrangere,infrangere,infrangere,VERB,1
infrastruttura,infrastruttura,infrastruttura,NOUN,1
infuocare,infuocare,infuocare,VERB,1
infuriare,infuriare,infuriare,VERB,1
infuriato,infuriato,infuriato,NOUN,1
ingabbiare,ingabbiare,ingabbiare,VERB,1
ingaggiare,ingaggiare,ingaggiare,VERB,1
ingannare,ingannare,ingannare,VERB,1
inganno,inganno,inganno,NOUN,1
ingegnarsi,ingegnarsi,ingegnare si,VERB,1
ingegnere,ingegnere,ingegnere,NOUN,1
ingegneria,ingegneria,ingegneria,NOUN,1
ingegnoso,ingegnoso,ingegnoso,ADJ,1
ingenua,ingenua,ingenuo,ADJ,1
ingenuo,ingenuo,ingenuo,ADJ,1
ingestibile,ingestibile,ingestibile,ADJ,1
ingiustizia,ingiustizia,ingiustizia,NOUN,1
ingiusto,ingiusto,ingiusto,PRON,1
inglese,inglese,inglese,ADJ,1
inglobare,inglobare,inglobare,VERB,1
ingoiare,ingoiare,ingoiare,VERB,1
ingombrare,ingombrare,ingombrare,VERB,1
ingrassare,ingrassare,ingrassare,VERB,1
ingrato,ingrato,ingrare,ADJ,1
ingrediente,ingrediente,ingrediente,NOUN,1
ingresso,ingresso,ingresso,NOUN,1
inibizione,inibizione,inibizione,NOUN,1
inimitabile,inimitabile,inimitabile,ADJ,1
inimmaginabile,inimmaginabile,inimmaginabile,ADJ,1
ininterrotto,ininterrotto,ininterrotto,ADV,1
iniziale,iniziale,iniziale,ADJ,1
inizialmente,inizialmente,inizialmente,ADV,1
iniziare,iniziare,iniziare,VERB,1
iniziativa,iniziativa,iniziativa,NOUN,1
iniziato,iniziato,iniziare,VERB,1
inizio,inizio,inizio,NOUN,1
innamoramento,innamoramento,innamoramento,NOUN,1
innamorarsi,innamorarsi,innamorare si,VERB,1
innamorato,innamorato,innamorare,VERB,1
innanzitutto,innanzitutto,innanzitutto,ADV,1
innervosire,innervosire,innervosire,VERB,1
innervosisrsi,innervosisrsi,innervosisre si,VERB,1
innescare,innescare,innescare,VERB,1
innocente,innocente,innocente,ADJ,1
innocenza,innocenza,innocenza,NOUN,1
innocuo,innocuo,innocuo,ADJ,1
innovativo,innovativo,innovativo,ADJ,1
innovazione,innovazione,innovazione,NOUN,1
innumerevole,innumerevole,innumerevolo,ADJ,1
inoculazione,inoculazione,inoculazione,NOUN,1
inoltre,inoltre,inoltre,ADV,1
inondato,inondato,inondare,VERB,1
inopportunità,inopportunità,inopportunità,NOUN,1
inorridire,inorridire,inorridire,VERB,1
inorridito,inorridito,inorridire,ADJ,1
inquadrare,inquadrare,inquadrare,VERB,1
inqualificabile,inqualificabile,inqualificabile,ADJ,1
inquietante,inquietante,inquietante,ADJ,1
inquinamento,inquinamento,inquinamento,NOUN,1
inquisitorio,inquisitorio,inquisitorio,NOUN,1
insalata,insalata,insalata,NOUN,1
insanguinare,insanguinare,insanguinare,VERB,1
insanguinato,insanguinato,insanguinare,VERB,1
insediare,insediare,insediare,VERB,1
insegna,insegna,insegnare,VERB,1
insegnamento,insegnamento,insegnamento,NOUN,1
insegnante,insegnante,insegnante,NOUN,1
insegnare,insegnare,insegnare,VERB,1
insegnato,insegnato,insegnare,VERB,1
inseguire,inseguire,inseguire,VERB,1
insensibile,insensibile,insensibile,ADJ,1
inserimento,inserimento,inserimento,NOUN,1
inserire,inserire,inserire,VERB,1
insetto,insetto,insetto,NOUN,1
insicurezza,insicurezza,insicurezza,NOUN,1
insicuro,insicuro,insicuro,ADJ,1
insidia,insidia,insidia,NOUN,1
insieme,insieme,insieme,ADV,1
insinuare,insinuare,insinuare,VERB,1
insistere,insistere,insistere,VERB,1
insoddisfatto,insoddisfatto,insoddisfaggere,ADJ,1
insofferenza,insofferenza,insofferenza,NOUN,1
insolito,insolito,insolito,ADJ,1
insomma,insomma,insomma,ADV,1
insopportabile,insopportabile,insopportabile,ADJ,1
insostenibile,insostenibile,insostenibile,ADJ,1
installare,installare,installare,VERB,1
instante,instante,instante,ADV,1
insubordinazione,insubordinazione,insubordinazione,NOUN,1
insultare,insultare,insultare,VERB,1
insulto,insulto,insulto,NOUN,1
intaccare,intaccare,intaccare,VERB,1
intanto,intanto,intanto,ADV,1
intatto,intatto,intatto,ADJ,1
integrale,integrale,integrale,ADJ,1
integrare,integrare,integrare,VERB,1
integrazione,integrazione,integrazione,NOUN,1
intellettuale,intellettuale,intellettuale,ADJ,1
intelligente,intelligente,intelligente,ADJ,1
intelligenza,intelligenza,intelligenza,NOUN,1
intendere,intendere,intendere,VERB,1
intenerire,intenerire,intenerire,VERB,1
intensità,intensità,intensità,NOUN,1
intenso,intenso,intenso,ADJ,1
intento,intento,intento,NOUN,1
intenzione,intenzione,intenzione,NOUN,1
intera,intera,intero,ADJ,1
interagire,interagire,interagire,VERB,1
interamente,interamente,interamente,ADV,1
interazione,interazione,interazione,NOUN,1
intercettare,intercettare,intercettare,VERB,1
intercettazione,intercettazione,intercettazione,NOUN,1
interessante,interessante,interessante,ADJ,1
interessare,interessare,interessare,VERB,1
interessato,interessato,interessato,ADJ,1
interesse,interesse,interesse,NOUN,1
interim,interim,interim,NOUN,1
interiore,interiore,interiore,ADJ,1
interiorizzare,interiorizzare,interiorizzare,VERB,1
interiorizzazione,interiorizzazione,interiorizzazione,NOUN,1
interlocutore,interlocutore,interlocutore,NOUN,1
interloquire,interloquire,interloquire,VERB,1
intermediario,intermediario,intermediario,NOUN,1
interna,interna,interno,ADJ,1
internauta,internauta,internauta,NOUN,1
internazionale,internazionale,internazionale,ADJ,1
internet,internet,internet,NOUN,1
interno,interno,interno,ADJ,1
intero,intero,intero,ADJ,1
interpretare,interpretare,interpretare,VERB,1
interpretazione,interpretazione,interpretazione,NOUN,1
interprete,interprete,interprete,NOUN,1
interrogare,interrogare,interrogare,VERB,1
interrogativo,interrogativo,interrogativo,ADJ,1
interrogatorio,interrogatorio,interrogatorio,NOUN,1
interrompere,interrompere,interrompere,VERB,1
interruzione,interruzione,interruzione,NOUN,1
intersecare,intersecare,intersecare,VERB,1
intervallo,intervallo,intervallo,NOUN,1
intervenire,intervenire,intervenire,VERB,1
intervento,intervento,intervento,NOUN,1
intervista,intervista,intervista,NOUN,1
intesa,intesa,intendere,NOUN,1
intestare,intestare,intestare,VERB,1
intestino,intestino,intestino,NOUN,1
intimidazione,intimidazione,intimidazione,NOUN,1
intimidire,intimidire,intimidire,VERB,1
intimidito,intimidito,intimidito,ADJ,1
intimità,intimità,intimità,NOUN,1
intimo,intimo,intimo,ADJ,1
intitolare,intitolare,intitolare,VERB,1
intollerabile,intollerabile,intollerabile,ADJ,1
intonazione,intonazione,intonazione,NOUN,1
intorno,intorno,intorno,ADV,1
intransigenza,intransigenza,intransigenza,NOUN,1
intraprendere,intraprendere,intraprendere,VERB,1
intravedere,intravedere,intravedere,VERB,1
intrecciare,intrecciare,intrecciare,VERB,1
intrepido,intrepido,intrepido,ADJ,1
intristire,intristire,intristire,VERB,1
intristito,intristito,intristire,VERB,1
introdurre,introdurre,introdurre,VERB,1
introduzione,introduzione,introduzione,NOUN,1
intrusione,intrusione,intrusione,NOUN,1
intuire,intuire,intuire,VERB,1
intuitivamente,intuitivamente,intuitivamente,ADV,1
intuizione,intuizione,intuizione,NOUN,1
inutile,inutile,inutile,ADJ,1
invadere,invadere,invadere,VERB,1
invasione,invasione,invasione,NOUN,1
invecchiare,invecchiare,invecchiare,VERB,1
invece,invece,invece,ADV,1
inveire,inveire,inveire,VERB,1
inventare,inventare,inventare,VERB,1
inventivo,inventivo,inventivo,ADJ,1
invenzione,invenzione,invenzione,NOUN,1
invernale,invernale,invernale,ADJ,1
inverno,inverno,inverno,NOUN,1
inverosimile,inverosimile,inverosimile,ADJ,1
investigativo,investigativo,investigativo,ADJ,1
investimento,investimento,investimento,NOUN,1
investire,investire,investire,VERB,1
investitore,investitore,investitore,NOUN,1
invettiva,invettiva,invettivo,ADJ,1
inviare,inviare,inviare,VERB,1
inviato,inviato,inviare,VERB,1
invidia,invidia,invidia,NOUN,1
invidiare,invidiare,invidiare,VERB,1
invidioso,invidioso,invidioso,ADJ,1
inviperito,inviperito,inviperire,VERB,1
invisibile,invisibile,invisibile,ADJ,1
invitare,invitare,invitare,VERB,1
invitato,invitato,invitare,VERB,1
invito,invito,invito,NOUN,1
invocare,invocare,invocare,VERB,1
invocato,invocato,invocare,VERB,1
involontariamente,involontariamente,involontariamente,ADV,1
ipocrisia,ipocrisia,ipocrisia,NOUN,1
ipotesi,ipotesi,ipotesi,NOUN,1
ipotizzare,ipotizzare,ipotizzare,VERB,1
ira,ira,ira,NOUN,1
iracondo,iracondo,iracondo,VERB,1
iraq,iraq,iraq,PROPN,1
irascibile,irascibile,irascibile,ADJ,1
irascibilità,irascibilità,irascibilità,NOUN,1
iride,iride,iride,NOUN,1
ironia,ironia,ironia,NOUN,1
ironico,ironico,ironico,ADJ,1
irradiare,irradiare,irradiare,VERB,1
irrealistico,irrealistico,irrealistico,ADJ,1
irrecuperabile,irrecuperabile,irrecuperabile,ADJ,1
irregolare,irregolare,irregolare,ADJ,1
irremovibile,irremovibile,irremovibile,ADJ,1
irrigidire,irrigidire,irrigidire,VERB,1
irritabile,irritabile,irritabile,ADJ,1
irritabilità,irritabilità,irritabilità,NOUN,1
irritante,irritante,irritante,ADJ,1
irritare,irritare,irritare,VERB,1
irritato,irritato,irritare,VERB,1
irritazione,irritazione,irritazione,NOUN,1
ischemia,ischemia,ischemia,NOUN,1
iscritto,iscritto,iscrivere,VERB,1
iscrivere,iscrivere,iscrivere,VERB,1
iscrizione,iscrizione,iscrizione,NOUN,1
islamico,islamico,islamico,ADJ,1
isola,isola,isola,NOUN,1
isolamento,isolamento,isolamento,NOUN,1
isolare,isolare,isolare,VERB,1
isolarsi,isolarsi,isolare si,VERB,1
isolato,isolato,isolare,ADJ,1
ispettore,ispettore,ispettore,NOUN,1
ispirare,ispirare,ispirare,VERB,1
ispirazione,ispirazione,ispirazione,NOUN,1
istante,istante,istante,NOUN,1
istanza,istanza,istanza,NOUN,1
isteria,isteria,isteria,NOUN,1
isterica,isterica,isterico,ADJ,1
isterico,isterico,isterico,ADJ,1
istintivo,istintivo,istintivo,ADJ,1
istinto,istinto,istinto,NOUN,1
istituto,istituto,istituto,NOUN,1
istituzionale,istituzionale,istituzionale,ADJ,1
istituzione,istituzione,istituzione,NOUN,1
istruzione,istruzione,istruzione,NOUN,1
italiana,italiana,italiano,ADJ,1
italiano,italiano,italiano,ADJ,1
iter,iter,iter,NOUN,1
jeans,jeans,jeans,NOUN,1
karma,karma,karma,NOUN,1
killer,killer,killer,NOUN,1
labbro,labbro,labbro,NOUN,1
labile,labile,labile,ADJ,1
laboratorio,laboratorio,laboratorio,NOUN,1
laccio,laccio,laccio,NOUN,1
lacrima,lacrima,lacrima,NOUN,1
ladro,ladro,ladro,NOUN,1
laggiù,laggiù,laggiù,ADV,1
lago,lago,lago,NOUN,1
lagrima,lagrima,lagrima,NOUN,1
laica,laica,laico,ADJ,1
laico,laico,laico,ADJ,1
lama,lama,lama,NOUN,1
lamentare,lamentare,lamentare,VERB,1
lamento,lamento,lamento,NOUN,1
lamentoso,lamentoso,lamentoso,ADJ,1
lampada,lampada,lampada,NOUN,1
lampadina,lampadina,lampadina,NOUN,1
lampo,lampo,lampo,NOUN,1
lana,lana,lana,NOUN,1
lancia,lancia,lanciare,VERB,1
lanciare,lanciare,lanciare,VERB,1
lancinante,lancinante,lancinante,ADJ,1
lancio,lancio,lancio,NOUN,1
languido,languido,languido,ADJ,1
lapidario,lapidario,lapidario,NOUN,1
larga,larga,largo,ADJ,1
largo,largo,largo,NOUN,1
lasciare,lasciare,lasciare,VERB,1
lassù,lassù,lassù,VERB,1
lastra,lastra,lastra,NOUN,1
laterale,laterale,laterale,ADJ,1
latino,latino,latino,NOUN,1
latitante,latitante,latitante,ADJ,1
lato,lato,lato,NOUN,1
latte,latte,latta,NOUN,1
laurea,laurea,laurea,NOUN,1
laureare,laureare,laureare,VERB,1
laureato,laureato,laureato,VERB,1
lavare,lavare,lavare,VERB,1
lavatrice,lavatrice,lavatrice,NOUN,1
lavorare,lavorare,lavorare,VERB,1
lavorativo,lavorativo,lavorativo,ADJ,1
lavoratore,lavoratore,lavoratore,NOUN,1
lavorazione,lavorazione,lavorazione,NOUN,1
lavoro,lavoro,lavorare,NOUN,1
leader,leader,leader,NOUN,1
leadership,leadership,leadership,NOUN,1
leale,leale,leale,ADJ,1
lealtà,lealtà,lealtà,NOUN,1
leccare,leccare,leccare,VERB,1
lecita,lecita,lecito,ADJ,1
lecito,lecito,lecito,NOUN,1
lega,lega,legare,VERB,1
legale,legale,legale,ADJ,1
legame,legame,legame,NOUN,1
legare,legare,legare,VERB,1
legato,legato,legare,VERB,1
legge,legge,leggere,NOUN,1
leggenda,leggenda,leggenda,NOUN,1
leggera,leggera,leggero,ADJ,1
leggere,leggere,leggere,VERB,1
leggermente,leggermente,leggermente,ADV,1
leggero,leggero,leggero,ADJ,1
legislativo,legislativo,legislativo,ADJ,1
legittimo,legittimo,legittimo,ADJ,1
legno,legno,legno,NOUN,1
lena,lena,lenare,NOUN,1
leninismo,leninismo,leninismo,NOUN,1
lenitivo,lenitivo,lenitivo,ADJ,1
lentamente,lentamente,lentamente,ADV,1
lentezza,lentezza,lentezza,NOUN,1
lento,lento,lento,ADJ,1
lenzuolo,lenzuolo,lenzuolo,NOUN,1
leone,leone,leone,NOUN,1
leone_da_tastiera,leone_da_tastiera,leone_da_tastiera,AUX,1
lesbica,lesbica,lesbico,ADJ,1
lesione,lesione,lesione,NOUN,1
lesso,lesso,lettere,NOUN,1
letale,letale,letale,ADJ,1
letizia,letizia,letizia,NOUN,1
lettera,lettera,lettera,NOUN,1
letteralmente,letteralmente,letteralmente,ADV,1
letterario,letterario,letterario,ADJ,1
letteratura,letteratura,letteratura,NOUN,1
letto,letto,leggere,VERB,1
lettore,lettore,lettore,NOUN,1
lettura,lettura,lettura,NOUN,1
leucemia,leucemia,leucemia,NOUN,1
leva,leva,leva,NOUN,1
levare,levare,levare,VERB,1
lezione,lezione,lezione,NOUN,1
libanese,libanese,libanese,ADJ,1
liberale,liberale,liberale,ADJ,1
liberalizzazione,liberalizzazione,liberalizzazione,NOUN,1
liberamente,liberamente,libero,ADV,1
liberare,liberare,liberare,VERB,1
liberazione,liberazione,liberazione,NOUN,1
libero,libero,libero,ADJ,1
libertà,libertà,libertà,NOUN,1
libreria,libreria,libreria,NOUN,1
libretto,libretto,libretto,NOUN,1
libro,libro,libro,NOUN,1
licenza,licenza,licenza,NOUN,1
licenziare,licenziare,licenziare,VERB,1
liceo,liceo,liceo,NOUN,1
lieto,lieto,lieto,ADJ,1
lieve,lieve,lieve,ADJ,1
lievitazione,lievitazione,lievitazione,NOUN,1
light,light,light,ADJ,1
limbo,limbo,limbo,ADV,1
limitare,limitare,limitare,VERB,1
limitato,limitato,limitare,VERB,1
limite,limite,limite,NOUN,1
limone,limone,limone,NOUN,1
limpidezza,limpidezza,limpidezza,NOUN,1
linciaggio,linciaggio,linciaggio,NOUN,1
linciare,linciare,linciare,VERB,1
lindo,lindo,lindo,ADJ,1
linea,linea,linea,NOUN,1
lineare,lineare,lineare,PROPN,1
linearità,linearità,linearità,NOUN,1
linfa,linfa,linfa,NOUN,1
lingua,lingua,linguare,NOUN,1
linguaggio,linguaggio,linguaggio,NOUN,1
linguistica,linguistica,linguistico,ADJ,1
linguistico,linguistico,linguistico,ADJ,1
link,link,link,NOUN,1
liquido,liquido,liquido,NOUN,1
lira,lira,lira,NOUN,1
lirico,lirico,lirico,ADJ,1
liscia,liscia,liscio,ADJ,1
lisciare,lisciare,lisciare,VERB,1
liscio,liscio,liscio,ADJ,1
lista,lista,lista,NOUN,1
litania,litania,litania,NOUN,1
lite,lite,lite,NOUN,1
litigare,litigare,litigare,VERB,1
litigio,litigio,litigio,NOUN,1
litigioso,litigioso,litigioso,ADJ,1
litro,litro,litro,NOUN,1
live,live,live,ADJ,1
livellamento,livellamento,livellamento,NOUN,1
livello,livello,livello,NOUN,1
livore,livore,livore,NOUN,1
locale,locale,locale,ADJ,1
località,località,località,NOUN,1
localizzazione,localizzazione,localizzazione,NOUN,1
locazione,locazione,locazione,NOUN,1
logica,logica,logica,NOUN,1
logicità,logicità,logicità,NOUN,1
logico,logico,logico,ADJ,1
logorare,logorare,logorare,VERB,1
logorroico,logorroico,logorroico,ADJ,1
longevo,longevo,longevo,PROPN,1
lontananza,lontananza,lontananza,NOUN,1
lontano,lontano,lontano,ADV,1
look,look,look,NOUN,1
loquace,loquace,loquace,ADJ,1
lotta,lotta,lotta,NOUN,1
lottare,lottare,lottare,VERB,1
lucciola,lucciola,lucciolo,NOUN,1
luce,luce,luce,NOUN,1
lucida,lucida,lucido,ADJ,1
lucidità,lucidità,lucidità,NOUN,1
lucido,lucido,lucido,ADJ,1
lucrare,lucrare,lucrare,VERB,1
luglio,luglio,luglio,NOUN,1
lugubre,lugubre,lugubre,ADJ,1
luminosità,luminosità,luminosità,NOUN,1
luminoso,luminoso,luminoso,ADJ,1
luna,luna,luna,NOUN,1
lunedì,lunedì,lunedì,NOUN,1
lunghezza,lunghezza,lunghezza,NOUN,1
lungometraggio,lungometraggio,lungometraggio,NOUN,1
luogo,luogo,luogo,NOUN,1
luogo_comune,luogo_comune,luogo_comune,ADJ,1
lupo,lupo,lupo,NOUN,1
lusinghiero,lusinghiero,lusinghiero,ADJ,1
lusso,lusso,lusso,NOUN,1
lutto,lutto,lutto,NOUN,1
luttuoso,luttuoso,luttuoso,ADJ,1
macabro,macabro,macabro,ADJ,1
macchia,macchia,macchia,NOUN,1
macchina,macchina,macchina,NOUN,1
maceria,maceria,maceria,NOUN,1
macroeconomico,macroeconomico,macroeconomico,ADJ,1
madonna,madonna,madonna,PROPN,1
madre,madre,madre,NOUN,1
maestra,maestra,maestro,NOUN,1
maestro,maestro,maestro,NOUN,1
mafia,mafia,mafia,NOUN,1
mafioso,mafioso,mafioso,ADJ,1
magari,magari,magari,ADV,1
magazzino,magazzino,magazzino,NOUN,1
maggio,maggio,maggio,NOUN,1
maggioranza,maggioranza,maggioranza,NOUN,1
maggiormente,maggiormente,maggiormente,ADV,1
maggiorparte,maggiorparte,maggiorparto,VERB,1
magia,magia,magia,NOUN,1
magico,magico,magico,ADJ,1
magistrato,magistrato,magistrato,NOUN,1
magistratura,magistratura,magistratura,NOUN,1
maglia,maglia,maglia,NOUN,1
maglietta,maglietta,maglietta,NOUN,1
magnete,magnete,magnete,NOUN,1
magnetico,magnetico,magnetico,NOUN,1
magnificenza,magnificenza,magnificenza,NOUN,1
magnifico,magnifico,magnifico,ADJ,1
mago,mago,mago,NOUN,1
magrezza,magrezza,magrezza,NOUN,1
magro,magro,magro,ADJ,1
mah,mah,mah,ADV,1
mai,mai,mai,ADV,1
maiale,maiale,maiale,ADJ,1
mal_di_mare,mal_di_mare,mal_di_marire,VERB,1
malaticcio,malaticcio,malaticcio,ADJ,1
malato,malato,malare,VERB,1
malattia,malattia,malattia,NOUN,1
malcapitato,malcapitato,malcapitare,NOUN,1
male,male,male,ADV,1
maledetto,maledetto,maledire,VERB,1
maledizione,maledizione,maledizione,NOUN,1
maleducazione,maleducazione,maleducazione,NOUN,1
malefico,malefico,malefico,ADJ,1
malfamato,malfamato,malfamato,ADJ,1
malfermo,malfermo,malfermo,ADJ,1
malgrado,malgrado,malgrado,ADP,1
malinconia,malinconia,malinconia,NOUN,1
malinconica,malinconica,malinconico,ADJ,1
malinconico,malinconico,malinconico,ADJ,1
malocchio,malocchio,malocchio,NOUN,1
malore,malore,malore,NOUN,1
malridotto,malridotto,malridotto,ADJ,1
maltempo,maltempo,maltempo,NOUN,1
maltrattare,maltrattare,maltrattare,VERB,1
malumore,malumore,malumore,NOUN,1
malvagio,malvagio,malvagio,ADJ,1
malvagità,malvagità,malvagità,NOUN,1
mamma,mamma,mamma,NOUN,1
manager,manager,manager,NOUN,1
mancanza,mancanza,mancanza,NOUN,1
mancare,mancare,mancare,VERB,1
mancato,mancato,mancare,VERB,1
manco,manco,manco,ADV,1
mandare,mandare,mandare,VERB,1
mandato,mandato,mandare,NOUN,1
maneggiare,maneggiare,maneggiare,VERB,1
mangiare,mangiare,mangiare,VERB,1
mangiato,mangiato,mangiare,VERB,1
mania,mania,mania,NOUN,1
maniacale,maniacale,maniacale,ADJ,1
manica,manica,manica,NOUN,1
manico,manico,manico,NOUN,1
manicure,manicure,manicure,NOUN,1
maniera,maniera,maniera,NOUN,1
manifestare,manifestare,manifestare,VERB,1
manifestazione,manifestazione,manifestazione,NOUN,1
manifesto,manifesto,manifesto,NOUN,1
manipolatrice,manipolatrice,manipolatore,NOUN,1
mannaro,mannaro,mannaro,NOUN,1
mano,mano,mano,NOUN,1
manoscritto,manoscritto,manoscritto,NOUN,1
manovra,manovra,manovra,NOUN,1
manovrabile,manovrabile,manovrabile,ADJ,1
mansueto,mansueto,mansueto,ADJ,1
mantello,mantello,mantello,NOUN,1
mantenere,mantenere,mantenere,VERB,1
mantenuto,mantenuto,mantenere,VERB,1
mantra,mantra,mantra,NOUN,1
manuale,manuale,manuale,NOUN,1
manutenzione,manutenzione,manutenzione,NOUN,1
mappa,mappa,mappa,NOUN,1
marca,marca,marca,NOUN,1
marcare,marcare,marcare,VERB,1
marchiare,marchiare,marchiare,VERB,1
marchio,marchio,marchio,NOUN,1
marcia,marcia,marcia,NOUN,1
marciapiede,marciapiede,marciapiede,NOUN,1
marcio,marcio,marcio,NOUN,1
marcire,marcire,marcire,VERB,1
marciume,marciume,marciume,NOUN,1
mare,mare,mare,NOUN,1
marea,marea,marea,NOUN,1
maresciallo,maresciallo,maresciallo,NOUN,1
marginale,marginale,marginale,ADJ,1
margine,margine,margine,NOUN,1
marinaio,marinaio,marinaio,NOUN,1
marino,marino,marino,ADJ,1
marito,marito,marito,NOUN,1
market,market,market,NOUN,1
marketing,marketing,marketing,NOUN,1
marmo,marmo,marmo,NOUN,1
marmoreità,marmoreità,marmoreità,NOUN,1
marrone,marrone,marrone,ADJ,1
martedì,martedì,martedì,NOUN,1
martellare,martellare,martellare,VERB,1
martirio,martirio,martirio,NOUN,1
marzo,marzo,marzo,NOUN,1
mascarpone,mascarpone,mascarpone,NOUN,1
maschera,maschera,maschera,NOUN,1
mascherare,mascherare,mascherare,VERB,1
maschiaccio,maschiaccio,maschiaccio,ADJ,1
maschile,maschile,maschile,ADJ,1
maschio,maschio,maschio,NOUN,1
massa,massa,massa,NOUN,1
massacrare,massacrare,massacrare,VERB,1
massiccio,massiccio,massiccio,ADJ,1
massima,massima,massimo,ADJ,1
massimo,massimo,massimo,ADJ,1
master,master,master,NOUN,1
masticare,masticare,masticare,VERB,1
masturbare,masturbare,masturbare,VERB,1
masturbarsi,masturbarsi,masturbare si,VERB,1
masturbazione,masturbazione,masturbazione,NOUN,1
matematica,matematica,matematica,NOUN,1
matematico,matematico,matematico,ADJ,1
materasso,materasso,materasso,NOUN,1
materia,materia,materia,NOUN,1
materiale,materiale,materiale,NOUN,1
maternità,maternità,maternità,NOUN,1
materno,materno,materno,NOUN,1
matita,matita,matita,NOUN,1
matricola,matricola,matricola,NOUN,1
matrimoniale,matrimoniale,matrimoniale,ADJ,1
matrimonio,matrimonio,matrimonio,NOUN,1
mattanza,mattanza,mattanza,NOUN,1
mattina,mattina,mattina,NOUN,1
mattinata,mattinata,mattinata,NOUN,1
mattino,mattino,mattino,NOUN,1
matto,matto,matto,NOUN,1
mattone,mattone,mattone,NOUN,1
maturare,maturare,maturare,VERB,1
maturità,maturità,maturità,NOUN,1
maturo,maturo,maturo,ADJ,1
mazzo,mazzo,mazzare,NOUN,1
meccanico,meccanico,meccanico,ADJ,1
meccanismo,meccanismo,meccanismo,NOUN,1
medaglia,medaglia,medaglia,NOUN,1
medesimo,medesimo,medesimo,ADJ,1
media,media,medio,ADJ,1
mediatore,mediatore,mediatore,NOUN,1
medicina,medicina,medicina,NOUN,1
medico,medico,medico,NOUN,1
medico_di_base,medico_di_base,medico_di_base,PROPN,1
medievale,medievale,medievale,ADJ,1
medio,medio,medio,ADJ,1
medioevo,medioevo,medioevo,ADJ,1
meditare,meditare,meditare,VERB,1
meditativo,meditativo,meditativo,ADJ,1
mediterraneo,mediterraneo,mediterraneo,ADJ,1
megalomane,megalomane,megalomane,ADJ,1
meglio,meglio,meglio,ADV,1
mela,mela,mela,NOUN,1
melanzana,melanzana,melanzana,NOUN,1
membrana,membrana,membrana,NOUN,1
membro,membro,membro,NOUN,1
memoria,memoria,memoria,NOUN,1
menare,menare,menare,VERB,1
mendace,mendace,mendace,ADJ,1
meno,meno,meno,ADV,1
mensa,mensa,mensa,NOUN,1
mensile,mensile,mensile,ADJ,1
mensola,mensola,mensola,NOUN,1
mentale,mentale,mentale,ADJ,1
mentalità,mentalità,mentalità,NOUN,1
mente,mente,menta,NOUN,1
mentire,mentire,mentire,VERB,1
mento,mento,mento,NOUN,1
mentore,mentore,mentore,NOUN,1
menzogna,menzogna,menzogna,NOUN,1
menù,menù,menù,NOUN,1
meraviglia,meraviglia,meraviglia,NOUN,1
meravigliare,meravigliare,meravigliare,VERB,1
meravigliato,meravigliato,meravigliare,ADJ,1
meraviglioso,meraviglioso,meraviglioso,ADJ,1
mercante,mercante,mercante,NOUN,1
mercato,mercato,mercato,NOUN,1
merce,merce,merce,NOUN,1
mercoledì,mercoledì,mercoledì,NOUN,1
merda,merda,merda,NOUN,1
merdoso,merdoso,merdoso,ADJ,1
meridionale,meridionale,meridionale,ADJ,1
meritare,meritare,meritare,VERB,1
merito,merito,merito,NOUN,1
meritorio,meritorio,meritorio,NOUN,1
mero,mero,mero,ADJ,1
mescolare,mescolare,mescolare,VERB,1
mese,mese,mese,NOUN,1
messa,messa,mettere,NOUN,1
messaggio,messaggio,messaggio,NOUN,1
messia,messia,messia,VERB,1
mestiere,mestiere,mestiere,NOUN,1
mestizia,mestizia,mestizia,NOUN,1
mesto,mesto,mesto,NOUN,1
meta,meta,meta,NOUN,1
metafora,metafora,metafora,NOUN,1
metaforico,metaforico,metaforico,ADJ,1
metallico,metallico,metallico,ADJ,1
metallo,metallo,metallo,NOUN,1
meteo,meteo,meteo,NOUN,1
metodo,metodo,metodo,NOUN,1
metro,metro,metro,NOUN,1
metropolitano,metropolitano,metropolitare,VERB,1
mettere,mettere,mettere,VERB,1
metà,metà,metà,NOUN,1
mezzanotte,mezzanotte,mezzanotte,NOUN,1
mezzo,mezzo,mezzo,NOUN,1
mezzogiorno,mezzogiorno,mezzogiorno,NOUN,1
mica,mica,mica,ADV,1
microfono,microfono,microfono,NOUN,1
microscopio,microscopio,microscopio,NOUN,1
midollo,midollo,midollo,NOUN,1
miele,miele,miele,NOUN,1
migliaio,migliaio,migliaio,NOUN,1
miglioramento,miglioramento,miglioramento,NOUN,1
migliorare,migliorare,migliorare,VERB,1
migliore,migliore,migliore,ADJ,1
migrare,migrare,migrare,VERB,1
milanese,milanese,milanese,ADJ,1
miliardo,miliardo,miliardo,NOUN,1
milione,milione,milione,NOUN,1
militare,militare,militare,ADJ,1
millennio,millennio,millennio,NOUN,1
millimetro,millimetro,millimetro,NOUN,1
minaccia,minaccia,minacciare,NOUN,1
minacciare,minacciare,minacciare,VERB,1
minchia,minchia,minchia,NOUN,1
mini,mini,mine,ADJ,1
miniera,miniera,miniera,NOUN,1
minimale,minimale,minimale,ADJ,1
minimalista,minimalista,minimalista,ADJ,1
minimità,minimità,minimità,NOUN,1
minimo,minimo,minimo,ADJ,1
ministero,ministero,ministero,NOUN,1
ministro,ministro,ministro,NOUN,1
minoranza,minoranza,minoranza,NOUN,1
minore,minore,minore,ADJ,1
minuscola,minuscola,minuscolo,ADJ,1
minuscolo,minuscolo,minuscolo,ADJ,1
minuto,minuto,minuto,NOUN,1
minuzia,minuzia,minuzia,NOUN,1
mio,mio,mio,DET,1
miracolo,miracolo,miracolo,NOUN,1
mirare,mirare,mirare,VERB,1
mirino,mirino,mirino,NOUN,1
mischiare,mischiare,mischiare,VERB,1
misera,misera,misero,ADJ,1
miserevole,miserevole,miserevole,ADJ,1
miseria,miseria,miseria,NOUN,1
misero,misero,misero,VERB,1
missili,missili,missile,NOUN,1
missione,missione,missione,NOUN,1
misterioso,misterioso,misterioso,ADJ,1
mistero,mistero,mistero,NOUN,1
misto,misto,misto,ADJ,1
mistura,mistura,mistura,NOUN,1
misura,misura,misura,NOUN,1
misurare,misurare,misurare,VERB,1
mitezza,mitezza,mitezza,NOUN,1
mitico,mitico,mitico,ADJ,1
mito,mito,mito,NOUN,1
mittente,mittente,mittente,NOUN,1
mobile,mobile,mobile,ADJ,1
moda,moda,moda,NOUN,1
modalità,modalità,modalità,NOUN,1
modellare,modellare,modellare,VERB,1
modello,modello,modello,NOUN,1
moderato,moderato,moderato,ADJ,1
moderatore,moderatore,moderatore,NOUN,1
modernità,modernità,modernità,NOUN,1
moderno,moderno,moderno,ADJ,1
modesto,modesto,modesto,ADJ,1
modifica,modifica,modificare,VERB,1
modificare,modificare,modificare,VERB,1
modificazione,modificazione,modificazione,NOUN,1
modo,modo,modo,NOUN,1
modulo,modulo,modulo,NOUN,1
mogio,mogio,mogio,ADJ,1
moglie,moglie,moglie,NOUN,1
molecola,molecola,molecola,NOUN,1
mollare,mollare,mollare,VERB,1
molleggiare,molleggiare,molleggiare,VERB,1
mollo,mollo,mollare,VERB,1
moltiplicare,moltiplicare,moltiplicare,VERB,1
momento,momento,momento,NOUN,1
mondiale,mondiale,mondiale,ADJ,1
mondo,mondo,mondo,NOUN,1
moneta,moneta,moneta,NOUN,1
monetario,monetario,monetario,ADJ,1
monitor,monitor,monitor,NOUN,1
monologo,monologo,monologo,NOUN,1
montaggio,montaggio,montaggio,NOUN,1
montagna,montagna,montagna,NOUN,1
montare,montare,montare,VERB,1
monte,monte,monte,NOUN,1
montone,montone,montone,NOUN,1
montuoso,montuoso,montuoso,ADJ,1
monumento,monumento,monumento,NOUN,1
mora,mora,mora,NOUN,1
morale,morale,morale,ADJ,1
morbida,morbida,morbido,ADJ,1
morbidezza,morbidezza,morbidezza,NOUN,1
morbido,morbido,morbido,ADJ,1
mordere,mordere,mordere,VERB,1
moribondo,moribondo,moribondo,NOUN,1
morire,morire,morire,VERB,1
moro,moro,moro,ADJ,1
mortale,mortale,mortale,ADJ,1
morte,morte,morto,NOUN,1
mortificazione,mortificazione,mortificazione,NOUN,1
morto,morto,morire,VERB,1
mortuario,mortuario,mortuario,ADJ,1
mosca,mosca,mosca,NOUN,1
mossa,mossa,mossare,VERB,1
mostra,mostra,mostrare,VERB,1
mostrare,mostrare,mostrare,VERB,1
mostro,mostro,mostro,NOUN,1
mostruoso,mostruoso,mostruoso,ADJ,1
motivare,motivare,motivare,VERB,1
motivazione,motivazione,motivazione,NOUN,1
motivo,motivo,motivo,NOUN,1
moto,moto,moto,NOUN,1
motore,motore,motore,NOUN,1
motorino,motorino,motorino,NOUN,1
movimentare,movimentare,movimentare,VERB,1
movimento,movimento,movimento,NOUN,1
mucca,mucca,mucca,NOUN,1
mucchio,mucchio,mucchio,NOUN,1
mugugnare,mugugnare,mugugnare,VERB,1
mugugno,mugugno,mugugno,NOUN,1
multa,multa,multa,NOUN,1
multinazionale,multinazionale,multinazionale,ADJ,1
multiplo,multiplo,multiplo,ADJ,1
muovere,muovere,muovere,VERB,1
muro,muro,muro,NOUN,1
muscolare,muscolare,muscolare,ADJ,1
muscolo,muscolo,muscolo,NOUN,1
museo,museo,museo,NOUN,1
musica,musica,musica,NOUN,1
musicale,musicale,musicale,ADJ,1
musicista,musicista,musicista,NOUN,1
muso,muso,muso,NOUN,1
musulmano,musulmano,musulmano,ADJ,1
mutamento,mutamento,mutamento,NOUN,1
mutanda,mutanda,mutando,NOUN,1
mutandine,mutandine,mutandine,NOUN,1
mutare,mutare,mutare,VERB,1
mutazione,mutazione,mutazione,NOUN,1
muto,muto,mere,VERB,1
mutuo,mutuo,mutuo,ADJ,1
nano,nano,nano,NOUN,1
napoletano,napoletano,napoletano,ADJ,1
narcisista,narcisista,narcisista,NOUN,1
narrare,narrare,narrare,VERB,1
narrativo,narrativo,narrativo,ADJ,1
narratore,narratore,narratore,NOUN,1
narrazione,narrazione,narrazione,NOUN,1
nasale,nasale,nasale,ADJ,1
nascere,nascere,nascere,VERB,1
nascita,nascita,nascita,NOUN,1
nascondere,nascondere,nascondere,VERB,1
nascondino,nascondino,nascondare,VERB,1
nascosto,nascosto,nascondere,VERB,1
naso,naso,naso,NOUN,1
nastro,nastro,nastro,NOUN,1
natale,natale,natale,ADJ,1
natalizio,natalizio,natalizio,ADJ,1
nato,nato,nascere,VERB,1
nato_morto,nato_morto,nato_mriro,VERB,1
natura,natura,natura,NOUN,1
natura_selvaggia,natura_selvaggia,natura_selvaggia,ADJ,1
naturale,naturale,naturale,ADJ,1
naturalmente,naturalmente,naturalmente,ADV,1
nausea,nausea,nausea,NOUN,1
nauseabondo,nauseabondo,nauseabore,VERB,1
nauseante,nauseante,nauseante,ADJ,1
nauseare,nauseare,nauseare,PROPN,1
nave,nave,nave,NOUN,1
navigare,navigare,navigare,VERB,1
navigazione,navigazione,navigazione,NOUN,1
nazionale,nazionale,nazionale,ADJ,1
nazione,nazione,nazione,NOUN,1
nazista,nazista,nazista,ADJ,1
nebbia,nebbia,nebbia,NOUN,1
nebulosa,nebulosa,nebuloso,ADJ,1
necessariamente,necessariamente,necessariamente,ADV,1
necessario,necessario,necessario,ADJ,1
necessitare,necessitare,necessitare,VERB,1
necessità,necessità,necessità,NOUN,1
negare,negare,negare,VERB,1
negatività,negatività,negatività,NOUN,1
negativo,negativo,negativo,ADJ,1
negoziante,negoziante,negoziante,NOUN,1
negoziazione,negoziazione,negoziazione,NOUN,1
negozio,negozio,negozio,NOUN,1
negretto,negretto,negrerre,PROPN,1
negro,negro,negro,NOUN,1
nel_caso,nel_caso,nel_caso,NOUN,1
nemico,nemico,nemico,NOUN,1
nemmeno,nemmeno,nemmeno,ADV,1
neoliberismo,neoliberismo,neoliberismo,NOUN,1
neonato,neonato,neonato,ADJ,1
neppure,neppure,neppure,ADV,1
neretto,neretto,neretto,ADJ,1
nero,nero,nero,ADJ,1
nervo,nervo,nervo,NOUN,1
nervosismo,nervosismo,nervosismo,NOUN,1
nervoso,nervoso,nervoso,ADJ,1
nessuno,nessuno,nessuno,PRON,1
netto,netto,netto,ADJ,1
network,network,network,NOUN,1
neutro,neutro,neutro,ADJ,1
neve,neve,neve,NOUN,1
news,news,news,NOUN,1
nichilismo,nichilismo,nichilismo,NOUN,1
nickname,nickname,nickname,NOUN,1
nido,nido,nido,NOUN,1
niente,niente,niente,PRON,1
nipote,nipote,nipote,NOUN,1
no,no,no,ADV,1
nobile,nobile,nobile,ADJ,1
nobilitare,nobilitare,nobilitare,VERB,1
nodo,nodo,nodo,NOUN,1
noia,noia,noia,NOUN,1
noioso,noioso,noioso,ADJ,1
nome,nome,nome,NOUN,1
nomenclatura,nomenclatura,nomenclatura,NOUN,1
nomina,nomina,nominare,VERB,1
nominare,nominare,nominare,VERB,1
non,non,non,ADV,1
non_corrisposto,non_corrisposto,non_corrisposto,ADJ,1
non_valido,non_valido,non_valido,PRON,1
noncurante,noncurante,noncurante,ADJ,1
noncuranza,noncuranza,noncuranza,NOUN,1
nonna,nonna,nonno,NOUN,1
nonno,nonno,nonno,NOUN,1
nono,nono,nono,ADJ,1
nord,nord,nord,NOUN,1
norma,norma,norma,NOUN,1
normale,normale,normale,ADJ,1
normalità,normalità,normalità,NOUN,1
normalmente,normalmente,normalmente,ADV,1
normativa,normativa,normativa,NOUN,1
nostalgia,nostalgia,nostalgia,NOUN,1
nostalgico,nostalgico,nostalgico,ADJ,1
nota,nota,notare,ADJ,1
notaio,notaio,notaio,NOUN,1
notare,notare,notare,VERB,1
notevole,notevole,notevole,ADJ,1
notizia,notizia,notizia,NOUN,1
noto,noto,noto,ADJ,1
notorietà,notorietà,notorietà,NOUN,1
nottata,nottata,nottata,NOUN,1
notte,notte,notte,NOUN,1
notturno,notturno,notturno,ADJ,1
novella,novella,novella,NOUN,1
novembre,novembre,novembre,NOUN,1
novero,novero,novero,VERB,1
novità,novità,novità,NOUN,1
nozione,nozione,nozione,NOUN,1
nozze,nozze,nozza,NOUN,1
nube,nube,nube,NOUN,1
nucleare,nucleare,nucleare,ADJ,1
nucleo,nucleo,nucleo,NOUN,1
nudo,nudo,nudo,ADJ,1
nullità,nullità,nullità,NOUN,1
numerare,numerare,numerare,VERB,1
numero,numero,numero,NOUN,1
numeroso,numeroso,numeroso,ADJ,1
nuotare,nuotare,nuotare,VERB,1
nuoto,nuoto,nuoto,NOUN,1
nuova,nuova,nuovo,ADJ,1
nuovamente,nuovamente,nuovamente,ADV,1
nuovo,nuovo,nuovo,ADJ,1
nutrire,nutrire,nutrire,VERB,1
nuvola,nuvola,nuvola,NOUN,1
nuvoletta,nuvoletta,nuvoletta,NOUN,1
obbediente,obbediente,obbediente,ADJ,1
obbedire,obbedire,obbedire,VERB,1
obbligare,obbligare,obbligare,VERB,1
obbligatorio,obbligatorio,obbligatorio,ADJ,1
obbligazione,obbligazione,obbligazione,NOUN,1
obbligo,obbligo,obbligo,NOUN,1
obiettivi,obiettivi,obiettivo,NOUN,1
obiettivo,obiettivo,obiettivo,NOUN,1
obiezione,obiezione,obiezione,NOUN,1
obliterazione,obliterazione,obliterazione,NOUN,1
occasione,occasione,occasione,NOUN,1
occhiale,occhiale,occhiale,ADJ,1
occhiata,occhiata,occhiato,ADJ,1
occhio,occhio,occhio,NOUN,1
occhiolino,occhiolino,occhiolino,NOUN,1
occidentale,occidentale,occidentale,ADJ,1
occidente,occidente,occidente,NOUN,1
occorrente,occorrente,occorrente,ADJ,1
occorrere,occorrere,occorrere,VERB,1
occultare,occultare,occultare,VERB,1
occulto,occulto,occulto,ADJ,1
occupare,occupare,occupare,VERB,1
occupazione,occupazione,occupazione,NOUN,1
oceano,oceano,oceano,NOUN,1
oculato,oculato,oculato,VERB,1
oddio,oddio,oddio,ADJ,1
odiare,odiare,odiare,VERB,1
odio,odio,odiare,VERB,1
odiosità,odiosità,odiosità,NOUN,1
odioso,odioso,odioso,ADJ,1
odore,odore,odore,NOUN,1
offendere,offendere,offendere,VERB,1
offendersi,offendersi,offendere si,VERB,1
offerta,offerta,offrire,VERB,1
offesa,offesa,offesa,NOUN,1
officina,officina,officina,NOUN,1
offline,offline,offlina,NOUN,1
offrire,offrire,offrire,VERB,1
offuscare,offuscare,offuscare,VERB,1
oggettivo,oggettivo,oggettivo,ADJ,1
oggetto,oggetto,oggetto,NOUN,1
oggi,oggi,oggi,ADV,1
ogni_uomo,ogni_uomo,ogni_uomo,NOUN,1
okay,okay,okay,NOUN,1
olimpico,olimpico,olimpico,ADJ,1
olio,olio,olio,NOUN,1
oliva,oliva,oliva,NOUN,1
oltraggio,oltraggio,oltraggio,NOUN,1
oltraggioso,oltraggioso,oltraggioso,ADJ,1
oltranza,oltranza,oltranza,NOUN,1
omaggio,omaggio,omaggio,NOUN,1
ombra,ombra,ombra,NOUN,1
ombreggiato,ombreggiato,ombreggiare,VERB,1
omicidio,omicidio,omicidio,NOUN,1
omofobia,omofobia,omofobia,NOUN,1
omonimo,omonimo,omonimo,ADJ,1
onda,onda,onda,NOUN,1
ondata,ondata,ondata,NOUN,1
onde,onde,onda,NOUN,1
ondulare,ondulare,ondulare,VERB,1
onere,onere,onere,NOUN,1
onesta,onesta,onesto,ADJ,1
onestamente,onestamente,onestamente,ADV,1
onesto,onesto,onesto,ADJ,1
online,online,onlina,NOUN,1
onnipotente,onnipotente,onnipotente,ADJ,1
onorare,onorare,onorare,VERB,1
onorato,onorato,onorare,VERB,1
onore,onore,onore,NOUN,1
opera,opera,opera,NOUN,1
operaio,operaio,operaio,ADJ,1
operare,operare,operare,VERB,1
operativo,operativo,operativo,ADJ,1
operatore,operatore,operatore,NOUN,1
operazione,operazione,operazione,NOUN,1
operetta,operetta,operetta,NOUN,1
opinione,opinione,opinione,NOUN,1
opporre,opporre,opporre,VERB,1
opportuna,opportuna,opportuno,DET,1
opportunità,opportunità,opportunità,NOUN,1
opportuno,opportuno,opportuno,ADJ,1
opposizione,opposizione,opposizione,NOUN,1
opposto,opposto,opposto,ADJ,1
oppressore,oppressore,oppressore,NOUN,1
opprimente,opprimente,opprimente,ADV,1
opprimere,opprimere,opprimere,VERB,1
opuscolo,opuscolo,opuscolo,NOUN,1
opzione,opzione,opzione,NOUN,1
ora,ora,ora,ADV,1
oracolo,oracolo,oracolo,NOUN,1
orale,orale,orale,ADJ,1
oramai,oramai,oramai,ADV,1
orario,orario,orario,NOUN,1
orbita,orbita,orbita,NOUN,1
orchestra,orchestra,orchestra,NOUN,1
orco,orco,orco,NOUN,1
ordinamento,ordinamento,ordinamento,NOUN,1
ordinanza,ordinanza,ordinanza,NOUN,1
ordinare,ordinare,ordinare,VERB,1
ordinarietà,ordinarietà,ordinarietà,NOUN,1
ordinario,ordinario,ordinario,ADJ,1
ordine,ordine,ordine,NOUN,1
orecchio,orecchio,orecchio,NOUN,1
orfano,orfano,orfano,ADV,1
organico,organico,organico,ADJ,1
organismo,organismo,organismo,NOUN,1
organizzare,organizzare,organizzare,VERB,1
organizzato,organizzato,organizzare,VERB,1
organizzazione,organizzazione,organizzazione,NOUN,1
organo,organo,organo,NOUN,1
orgasmo,orgasmo,orgasmo,NOUN,1
orgoglio,orgoglio,orgoglio,NOUN,1
orgoglioso,orgoglioso,orgoglioso,ADJ,1
orientale,orientale,orientale,ADJ,1
orientamento,orientamento,orientamento,NOUN,1
orientare,orientare,orientare,VERB,1
oriente,oriente,oriente,NOUN,1
originale,originale,originale,ADJ,1
originare,originare,originare,VERB,1
originario,originario,originario,ADJ,1
origine,origine,origine,NOUN,1
orizzontale,orizzontale,orizzontale,ADJ,1
orizzonte,orizzonte,orizzonte,NOUN,1
orlo,orlo,orlo,NOUN,1
ormeggi,ormeggi,ormeggio,NOUN,1
ormone,ormone,ormone,NOUN,1
oro,oro,oro,NOUN,1
orologio,orologio,orologio,NOUN,1
oroscopo,oroscopo,oroscopo,NOUN,1
orrendo,orrendo,orrere,VERB,1
orribile,orribile,orribile,ADJ,1
orripilante,orripilante,orripilante,ADJ,1
orrore,orrore,orrore,NOUN,1
orrori,orrori,orrore,NOUN,1
orso,orso,orso,NOUN,1
orto,orto,ortare,NOUN,1
osare,osare,osare,VERB,1
oscar,oscar,oscar,PROPN,1
oscena,oscena,osceno,ADJ,1
oscenità,oscenità,oscenità,NOUN,1
osceno,osceno,osceno,ADV,1
oscillare,oscillare,oscillare,VERB,1
oscurare,oscurare,oscurare,VERB,1
oscurità,oscurità,oscurità,NOUN,1
oscuro,oscuro,oscuro,ADJ,1
ospedale,ospedale,ospedale,NOUN,1
ospitare,ospitare,ospitare,VERB,1
ospite,ospite,ospite,NOUN,1
ossequio,ossequio,ossequio,NOUN,1
osservare,osservare,osservare,VERB,1
osservazione,osservazione,osservazione,NOUN,1
ossessione,ossessione,ossessione,NOUN,1
ossidare,ossidare,ossidare,VERB,1
ossigeno,ossigeno,ossigeno,NOUN,1
osso,osso,osso,NOUN,1
ostacolare,ostacolare,ostacolare,VERB,1
ostacolo,ostacolo,ostacolo,NOUN,1
ostile,ostile,ostile,ADJ,1
ostinarsi,ostinarsi,ostinare si,VERB,1
ostinato,ostinato,ostinato,ADJ,1
ottavo,ottavo,ottavo,ADJ,1
ottenere,ottenere,ottenere,VERB,1
ottenne,ottenne,ottenere,VERB,1
ottica,ottica,ottico,ADJ,1
ottimismo,ottimismo,ottimismo,NOUN,1
ottimista,ottimista,ottimista,ADJ,1
ottimo,ottimo,ottimo,ADJ,1
ottobre,ottobre,ottobre,NOUN,1
ottusità,ottusità,ottusità,NOUN,1
out,out,out,NOUN,1
ovest,ovest,ovest,NOUN,1
ovunque,ovunque,ovunque,ADV,1
ovviamente,ovviamente,ovviamente,ADV,1
ovviare,ovviare,ovviare,VERB,1
ovvio,ovvio,ovvio,ADJ,1
pacare,pacare,pacare,VERB,1
pacifismo,pacifismo,pacifismo,NOUN,1
padre,padre,padre,NOUN,1
paesaggio,paesaggio,paesaggio,NOUN,1
paese,paese,paese,NOUN,1
paga,paga,pagare,VERB,1
pagamento,pagamento,pagamento,NOUN,1
pagare,pagare,pagare,VERB,1
pagina,pagina,pagina,NOUN,1
paglia,paglia,paglia,NOUN,1
pago,pago,pago,ADJ,1
paio,paio,paio,NOUN,1
pala,pala,pala,NOUN,1
palazzo,palazzo,palazzo,NOUN,1
palco,palco,palco,NOUN,1
palcoscenico,palcoscenico,palcoscenico,NOUN,1
palestra,palestra,palestra,NOUN,1
paletta,paletta,palettare,NOUN,1
palla,palla,palla,NOUN,1
pallido,pallido,pallido,ADJ,1
pallina,pallina,pallina,NOUN,1
pallone,pallone,pallone,NOUN,1
palo,palo,palo,NOUN,1
panchina,panchina,panchina,NOUN,1
pancia,pancia,pancia,NOUN,1
pancione,pancione,pancione,NOUN,1
pane,pane,pane,NOUN,1
panico,panico,panico,NOUN,1
panino,panino,panino,NOUN,1
panna,panna,panna,NOUN,1
pannello,pannello,pannello,NOUN,1
panno,panno,panno,NOUN,1
pannolino,pannolino,pannolino,NOUN,1
panorama,panorama,panorama,NOUN,1
pantalone,pantalone,pantalone,NOUN,1
papa,papa,papa,NOUN,1
papà,papà,papà,NOUN,1
paradiso,paradiso,paradiso,NOUN,1
paradosso,paradosso,paradosso,ADV,1
parafulmine,parafulmine,parafulmine,NOUN,1
paragonabile,paragonabile,paragonabile,ADJ,1
paragonare,paragonare,paragonare,VERB,1
paragone,paragone,paragone,NOUN,1
paralizzante,paralizzante,paralizzare,ADJ,1
parallelismo,parallelismo,parallelismo,NOUN,1
parallelo,parallelo,parallelo,ADJ,1
parametro,parametro,parametro,NOUN,1
paranoia,paranoia,paranoia,NOUN,1
parare,parare,parare,VERB,1
parcheggiare,parcheggiare,parcheggiare,VERB,1
parcheggio,parcheggio,parcheggio,NOUN,1
parco,parco,parco,NOUN,1
parente,parente,parente,NOUN,1
parentesi,parentesi,parentendere,NOUN,1
parere,parere,parere,VERB,1
parete,parete,parete,NOUN,1
pari,pari,pari,ADJ,1
parlamentare,parlamentare,parlamentare,NOUN,1
parlamento,parlamento,parlamento,NOUN,1
parlare,parlare,parlare,VERB,1
parte,parte,parte,NOUN,1
parte_inferiore,parte_inferiore,parte_inferiore,ADJ,1
partecipante,partecipante,partecipante,NOUN,1
partecipare,partecipare,partecipare,VERB,1
partecipazione,partecipazione,partecipazione,NOUN,1
partenza,partenza,partenza,NOUN,1
particella,particella,particella,NOUN,1
particolare,particolare,particolare,ADJ,1
particolarmente,particolarmente,particolarmente,ADV,1
partigiano,partigiano,partigiano,ADJ,1
partire,partire,partire,VERB,1
partita,partita,partita,NOUN,1
partito,partito,partire,VERB,1
partner,partner,partner,NOUN,1
parto,parto,parto,ADV,1
partorire,partorire,partorire,VERB,1
party,party,party,NOUN,1
parvenza,parvenza,parvenza,NOUN,1
parziale,parziale,parziale,ADJ,1
parzialità,parzialità,parzialità,NOUN,1
parzialmente,parzialmente,parzialmente,ADV,1
pasquale,pasquale,pasquale,ADJ,1
passaggio,passaggio,passaggio,NOUN,1
passaporto,passaporto,passaporto,NOUN,1
passare,passare,passare,VERB,1
passato,passato,passare,VERB,1
passeggero,passeggero,passeggero,NOUN,1
passeggiando,passeggiando,passeggiare,VERB,1
passeggiare,passeggiare,passeggiare,VERB,1
passeggiata,passeggiata,passeggiata,NOUN,1
passione,passione,passione,NOUN,1
passivo,passivo,passivo,ADJ,1
passo,passo,passare,NOUN,1
pasta,pasta,pasta,NOUN,1
pasto,pasto,pasto,NOUN,1
pastore,pastore,pastore,NOUN,1
patata,patata,patato,NOUN,1
patatina,patatina,patatino,NOUN,1
patente,patente,patente,NOUN,1
paternalistico,paternalistico,paternalistico,ADJ,1
patetico,patetico,patetico,ADJ,1
patologia,patologia,patologia,NOUN,1
patria,patria,patria,NOUN,1
patrimonio,patrimonio,patrimonio,NOUN,1
patrocinio,patrocinio,patrocinio,NOUN,1
pattern,pattern,pattern,NOUN,1
patto,patto,patto,NOUN,1
pattuglia,pattuglia,pattugliare,NOUN,1
paura,paura,paura,NOUN,1
pauroso,pauroso,pauroso,ADJ,1
pausa,pausa,pausa,NOUN,1
paventare,paventare,paventare,VERB,1
pavimento,pavimento,pavimento,NOUN,1
pazientare,pazientare,pazientare,VERB,1
paziente,paziente,paziente,NOUN,1
pazienza,pazienza,pazienza,NOUN,1
pazzesco,pazzesco,pazzesco,ADJ,1
pazzo,pazzo,pazzo,ADJ,1
peccato,peccato,peccato,NOUN,1
pecora,pecora,pecora,NOUN,1
pedalare,pedalare,pedalare,VERB,1
peggio,peggio,peggio,ADV,1
peggioramento,peggioramento,peggioramento,NOUN,1
peggiorare,peggiorare,peggiorare,VERB,1
peggiore,peggiore,peggiore,ADJ,1
pegno,pegno,pegno,NOUN,1
pelle,pelle,pelle,NOUN,1
pelliccia,pelliccia,pelliccia,NOUN,1
pellicola,pellicola,pellicolare,NOUN,1
pelo,pelo,pelo,NOUN,1
pena,pena,pena,NOUN,1
penale,penale,penale,ADJ,1
penare,penare,penare,VERB,1
penato,penato,penare,VERB,1
pendente,pendente,pendente,ADJ,1
pendere,pendere,pendere,VERB,1
pene,pene,pena,NOUN,1
penetrare,penetrare,penetrare,VERB,1
penna,penna,penna,NOUN,1
pensare,pensare,pensare,VERB,1
pensato,pensato,pensare,VERB,1
pensiero,pensiero,pensiero,NOUN,1
pensione,pensione,pensione,NOUN,1
pentirsi,pentirsi,pentire si,VERB,1
pentola,pentola,pentolare,VERB,1
peperone,peperone,peperone,NOUN,1
perbenismo,perbenismo,perbenismo,NOUN,1
percento,percento,percento,NOUN,1
percentuale,percentuale,percentuale,NOUN,1
percepire,percepire,percepire,VERB,1
percezione,percezione,percezione,NOUN,1
percorrere,percorrere,percorrere,VERB,1
percorso,percorso,percorrere,NOUN,1
percossa,percossa,percossare,VERB,1
perdere,perdere,perdere,VERB,1
perdita,perdita,perdita,NOUN,1
perdonare,perdonare,perdonare,VERB,1
perdono,perdono,perdere,VERB,1
perduto,perduto,perdere,VERB,1
perfetta,perfetta,perfetto,ADJ,1
perfettamente,perfettamente,perfettamente,ADV,1
perfetto,perfetto,perfetto,ADJ,1
perfezione,perfezione,perfezione,NOUN,1
perfidia,perfidia,perfidia,NOUN,1
perfino,perfino,perfino,ADV,1
pericolo,pericolo,pericolo,NOUN,1
pericoloso,pericoloso,pericoloso,ADJ,1
periferia,periferia,periferia,NOUN,1
periodico,periodico,periodico,NOUN,1
periodo,periodo,periodo,NOUN,1
periodo_natalizio,periodo_natalizio,periodo_natalizio,PROPN,1
perito,perito,perito,NOUN,1
perla,perla,perlare,NOUN,1
permalink,permalink,permalink,PROPN,1
permanente,permanente,permanente,ADJ,1
permesso,permesso,permettere,VERB,1
permettere,permettere,permettere,VERB,1
permissivismo,permissivismo,permissivismo,NOUN,1
pernacchia,pernacchia,pernacchia,PROPN,1
perplesso,perplesso,perplesso,ADJ,1
perquisizione,perquisizione,perquisizione,NOUN,1
perseguibile,perseguibile,perseguibile,ADJ,1
perseguire,perseguire,perseguire,VERB,1
persiano,persiano,persiano,NOUN,1
persino,persino,persino,ADV,1
perso,perso,perdere,VERB,1
persona,persona,persona,NOUN,1
personaggio,personaggio,personaggio,NOUN,1
personale,personale,personale,ADJ,1
personalità,personalità,personalità,NOUN,1
personalmente,personalmente,personalmente,ADV,1
pertanto,pertanto,pertanto,ADV,1
pervenire,pervenire,pervenire,VERB,1
pesante,pesante,pesante,ADJ,1
pesantezza,pesantezza,pesantezza,NOUN,1
pesare,pesare,pesare,VERB,1
pesca,pesca,pesca,NOUN,1
pescare,pescare,pescare,VERB,1
pescatore,pescatore,pescatore,NOUN,1
pesce,pesce,pesce,NOUN,1
peso,peso,peso,NOUN,1
pessimo,pessimo,pessimo,ADJ,1
peste,peste,pesta,NOUN,1
pesto,pesto,pestare,VERB,1
petrolio,petrolio,petrolio,NOUN,1
petto,petto,petto,NOUN,1
petulanza,petulanza,petulanza,NOUN,1
pezzente,pezzente,pezzente,ADJ,1
pezzetto,pezzetto,pezzeggere,NOUN,1
pezzo,pezzo,pezzo,NOUN,1
piacere,piacere,piacere,NOUN,1
piacevole,piacevole,piacevole,ADJ,1
pianerottolo,pianerottolo,pianerottolo,ADJ,1
pianeta,pianeta,pianeta,NOUN,1
piangere,piangere,piangere,VERB,1
piano,piano,piano,NOUN,1
pianoforte,pianoforte,pianoforte,NOUN,1
pianta,pianta,pianta,NOUN,1
piantare,piantare,piantare,VERB,1
pianto,pianto,piangere,VERB,1
pianura,pianura,pianura,NOUN,1
piatta,piatta,piatto,ADJ,1
piattaforma,piattaforma,piattaforma,NOUN,1
piatto,piatto,piatto,NOUN,1
piazza,piazza,piazza,NOUN,1
piazzale,piazzale,piazzale,NOUN,1
piazzare,piazzare,piazzare,VERB,1
picchiare,picchiare,picchiare,VERB,1
piccino,piccino,piccino,ADJ,1
picco,picco,picco,NOUN,1
piccola,piccola,piccolo,ADJ,1
piccolezza,piccolezza,piccolezza,NOUN,1
piccolo,piccolo,piccolo,ADJ,1
pidocchio,pidocchio,pidocchio,NOUN,1
piede,piede,piede,NOUN,1
piega,piega,piegare,VERB,1
piegare,piegare,piegare,VERB,1
piena,piena,pieno,ADJ,1
pienamente,pienamente,pienamente,ADV,1
pienezza,pienezza,pienezza,NOUN,1
pieno,pieno,pieno,ADJ,1
pietanza,pietanza,pietanza,NOUN,1
pietoso,pietoso,pietoso,ADJ,1
pietra,pietra,pietra,NOUN,1
pietà,pietà,pietà,NOUN,1
pigliare,pigliare,pigliare,VERB,1
pignoleria,pignoleria,pignoleria,NOUN,1
pila,pila,pila,NOUN,1
pillola,pillola,pillola,NOUN,1
pilota,pilota,pilota,NOUN,1
pioggia,pioggia,pioggia,NOUN,1
piombo,piombo,piombo,NOUN,1
pionieristico,pionieristico,pionieristico,ADJ,1
piovere,piovere,piovere,VERB,1
pippare,pippare,pippare,NOUN,1
pirata,pirata,pirata,NOUN,1
piscina,piscina,piscina,NOUN,1
pista,pista,pista,NOUN,1
pistacchio,pistacchio,pistacchio,NOUN,1
pistola,pistola,pistola,NOUN,1
pittore,pittore,pittore,NOUN,1
pittura,pittura,pitturare,NOUN,1
piuttosto,piuttosto,piuttosto,ADV,1
pizza,pizza,pizzare,NOUN,1
più,più,più,ADV,1
plastica,plastica,plastica,NOUN,1
plastico,plastico,plastico,ADJ,1
platonico,platonico,platonico,ADJ,1
plebeo,plebeo,plebeo,NOUN,1
pochino,pochino,pochare,ADV,1
pochissimo,pochissimo,poco,ADJ,1
poco,poco,poco,DET,1
poema,poema,poema,NOUN,1
poesia,poesia,poesiare,NOUN,1
poeta,poeta,poeta,NOUN,1
poetico,poetico,poetico,ADJ,1
poke,poke,poke,NOUN,1
poker,poker,poker,NOUN,1
polacco,polacco,polacco,ADJ,1
polemica,polemica,polemica,NOUN,1
poliamore,poliamore,poliamore,NOUN,1
polifonia,polifonia,polifonia,NOUN,1
politica,politica,politico,ADJ,1
politically_correct,politically_correct,politically_correct,ADJ,1
politico,politico,politico,ADJ,1
polizia,polizia,polizia,NOUN,1
poliziotto,poliziotto,poliziotto,NOUN,1
pollice,pollice,pollice,NOUN,1
polmone,polmone,polmone,NOUN,1
polo,polo,polo,NOUN,1
polpa,polpa,polpa,NOUN,1
polso,polso,polso,NOUN,1
poltrona,poltrona,poltrona,NOUN,1
polvere,polvere,polvere,NOUN,1
pomeriggio,pomeriggio,pomeriggio,NOUN,1
pomodoro,pomodoro,pomodoro,NOUN,1
pompa,pompa,pompa,NOUN,1
pomposo,pomposo,pomposo,ADJ,1
ponte,ponte,ponte,NOUN,1
popolare,popolare,popolare,ADJ,1
popolazione,popolazione,popolazione,NOUN,1
popolo,popolo,popolo,NOUN,1
porca,porca,porco,ADJ,1
porco,porco,porco,NOUN,1
porgere,porgere,porgere,VERB,1
porno,porno,porno,PRON,1
porre,porre,porre,VERB,1
porta,porta,portare,VERB,1
portafoglio,portafoglio,portafoglio,NOUN,1
portale,portale,portale,NOUN,1
portare,portare,portare,VERB,1
portata,portata,portata,NOUN,1
portatore,portatore,portatore,NOUN,1
portavoce,portavoce,portavoce,NOUN,1
portiere,portiere,portiere,NOUN,1
porto,porto,porto,NOUN,1
portoghese,portoghese,portoghese,NOUN,1
portone,portone,portone,NOUN,1
porzione,porzione,porzione,NOUN,1
posa,posa,posare,NOUN,1
posare,posare,posare,VERB,1
positiva,positiva,positivo,ADJ,1
positivo,positivo,positivo,ADJ,1
posizionare,posizionare,posizionare,VERB,1
posizione,posizione,posizione,NOUN,1
possedere,possedere,possedere,VERB,1
possente,possente,possente,ADJ,1
possessione,possessione,possessione,NOUN,1
possesso,possesso,possesso,NOUN,1
possibile,possibile,possibile,ADJ,1
possibilità,possibilità,possibilità,NOUN,1
post,post,post,ADJ,1
posta,posta,porre,NOUN,1
postale,postale,postale,ADJ,1
postare,postare,postare,VERB,1
posteriore,posteriore,posteriore,ADJ,1
posto,posto,porre,VERB,1
potente,potente,potente,ADJ,1
potenza,potenza,potenza,NOUN,1
potenziale,potenziale,potenziale,NOUN,1
potere,potere,potere,NOUN,1
povera,povera,povero,ADJ,1
poveretto,poveretto,poverere,VERB,1
povero,povero,povero,ADJ,1
povertà,povertà,povertà,NOUN,1
pozzo,pozzo,pozzo,NOUN,1
pranzo,pranzo,pranzo,NOUN,1
prassi,prassi,prassi,NOUN,1
pratica,pratica,pratica,NOUN,1
praticamente,praticamente,praticamente,ADV,1
praticare,praticare,praticare,VERB,1
pratico,pratico,pratico,ADJ,1
prato,prato,prare,VERB,1
precario,precario,precario,ADJ,1
precedente,precedente,precedente,ADJ,1
precedentemente,precedentemente,precedentemente,ADV,1
precedenza,precedenza,precedenza,NOUN,1
precedere,precedere,precedere,VERB,1
precipitare,precipitare,precipitare,VERB,1
precipizio,precipizio,precipizio,NOUN,1
precisa,precisa,precisare,ADJ,1
precisamente,precisamente,precisamente,ADV,1
precisare,precisare,precisare,VERB,1
precisazione,precisazione,precisazione,NOUN,1
precisione,precisione,precisione,NOUN,1
preciso,preciso,preciso,ADJ,1
precondizione,precondizione,precondizione,NOUN,1
preda,preda,predare,NOUN,1
predestinare,predestinare,predestinare,VERB,1
predestinato,predestinato,predestinato,ADJ,1
predetto,predetto,predere,VERB,1
predire,predire,predire,VERB,1
predisporre,predisporre,predisporre,VERB,1
predizione,predizione,predizione,NOUN,1
predominanza,predominanza,predominanza,NOUN,1
preesistenza,preesistenza,preesistenza,NOUN,1
prefazione,prefazione,prefazione,NOUN,1
preferenza,preferenza,preferenza,NOUN,1
preferenziale,preferenziale,preferenziale,ADJ,1
preferire,preferire,preferire,VERB,1
preferito,preferito,preferire,VERB,1
prefigurazione,prefigurazione,prefigurazione,NOUN,1
prefisso,prefisso,prefisso,VERB,1
pregare,pregare,pregare,VERB,1
preghiera,preghiera,preghiera,NOUN,1
preghiere,preghiere,preghiera,NOUN,1
pregio,pregio,pregio,NOUN,1
pregiudizio,pregiudizio,pregiudizio,NOUN,1
prego,prego,pregare,VERB,1
prelevare,prelevare,prelevare,VERB,1
preliminare,preliminare,preliminare,ADJ,1
preliminari,preliminari,preliminare,ADJ,1
prematuro,prematuro,prematuro,ADV,1
premere,premere,premere,VERB,1
premessa,premessa,premessare,NOUN,1
premiare,premiare,premiare,VERB,1
premier,premier,premier,NOUN,1
premio,premio,premio,NOUN,1
premurare,premurare,premurarire,VERB,1
prendere,prendere,prendere,VERB,1
prenotare,prenotare,prenotare,VERB,1
preoccupare,preoccupare,preoccupare,VERB,1
preoccupato,preoccupato,preoccupato,ADJ,1
preoccupazione,preoccupazione,preoccupazione,NOUN,1
preparare,preparare,preparare,VERB,1
preparato,preparato,preparare,VERB,1
preparazione,preparazione,preparazione,NOUN,1
prepotente,prepotente,prepotente,ADJ,1
prerogativa,prerogativa,prerogativo,ADJ,1
presa,presa,prendere,VERB,1
presagio,presagio,presagio,NOUN,1
prescindere,prescindere,prescindere,VERB,1
prescrivere,prescrivere,prescrivere,VERB,1
prescrizione,prescrizione,prescrizione,NOUN,1
presentare,presentare,presentare,VERB,1
presentazione,presentazione,presentazione,NOUN,1
presente,presente,presente,ADJ,1
presenza,presenza,presenza,NOUN,1
presepe,presepe,presepe,NOUN,1
preservare,preservare,preservare,VERB,1
presidente,presidente,presidente,NOUN,1
presidenza,presidenza,presidenza,NOUN,1
presiedere,presiedere,presiedere,VERB,1
pressa,pressa,pressare,VERB,1
pressione,pressione,pressione,NOUN,1
prestare,prestare,prestare,VERB,1
prestazione,prestazione,prestazione,NOUN,1
prestigio,prestigio,prestigio,NOUN,1
prestigioso,prestigioso,prestigioso,ADJ,1
prestito,prestito,prestito,NOUN,1
presto,presto,presto,ADV,1
presumere,presumere,presumere,VERB,1
presunte,presunte,presunto,ADJ,1
presunto,presunto,presumere,VERB,1
presunzione,presunzione,presunzione,NOUN,1
presupposizione,presupposizione,presupposizione,NOUN,1
presupposto,presupposto,presupposto,NOUN,1
prete,prete,prete,NOUN,1
pretendere,pretendere,pretendere,VERB,1
pretesa,pretesa,pretendere,NOUN,1
pretesto,pretesto,pretesto,NOUN,1
prevalentemente,prevalentemente,prevalentemente,ADV,1
prevalenza,prevalenza,prevalenza,NOUN,1
prevalere,prevalere,prevalere,VERB,1
prevaricare,prevaricare,prevaricare,VERB,1
prevedere,prevedere,prevedere,VERB,1
prevedibile,prevedibile,prevedibile,ADJ,1
preveggente,preveggente,preveggente,ADJ,1
prevenire,prevenire,prevenire,VERB,1
preventivo,preventivo,preventivo,ADJ,1
prevenzione,prevenzione,prevenzione,NOUN,1
previsione,previsione,previsione,NOUN,1
previsto,previsto,prevedere,VERB,1
prezioso,prezioso,prezioso,ADJ,1
prezzo,prezzo,prezzo,NOUN,1
prigione,prigione,prigione,NOUN,1
prigioniero,prigioniero,prigioniero,ADJ,1
prima,prima,prima,ADV,1
prima_mossa,prima_mossa,prima_mossa,VERB,1
primario,primario,primario,ADJ,1
primavera,primavera,primavera,NOUN,1
primaverile,primaverile,primaverile,ADJ,1
primeggiare,primeggiare,primeggiare,VERB,1
primo,primo,primo,ADJ,1
principale,principale,principale,ADJ,1
principalmente,principalmente,principalmente,ADV,1
principe,principe,principe,NOUN,1
principessa,principessa,principesso,ADJ,1
principio,principio,principio,NOUN,1
priorità,priorità,priorità,NOUN,1
privacy,privacy,privacy,NOUN,1
privare,privare,privare,VERB,1
privatizzazione,privatizzazione,privatizzazione,NOUN,1
privato,privato,privato,VERB,1
privilegio,privilegio,privilegio,NOUN,1
privo,privo,privo,ADJ,1
privo_di_senso,privo_di_senso,privo_di_senso,NOUN,1
probabile,probabile,probabile,ADJ,1
probabilità,probabilità,probabilità,NOUN,1
probabilmente,probabilmente,probabilmente,ADV,1
problem_solving,problem_solving,problem_solving,PROPN,1
problema,problema,problema,NOUN,1
problematico,problematico,problematico,ADJ,1
procedere,procedere,procedere,VERB,1
procedimento,procedimento,procedimento,NOUN,1
procedura,procedura,procedurare,NOUN,1
processo,processo,processo,NOUN,1
proclama,proclama,proclamare,VERB,1
proclamare,proclamare,proclamare,VERB,1
procura,procura,procurare,VERB,1
procurare,procurare,procurare,VERB,1
procuratore,procuratore,procuratore,NOUN,1
prodezza,prodezza,prodezza,NOUN,1
prodigalità,prodigalità,prodigalità,NOUN,1
prodotto,prodotto,produrre,NOUN,1
produrre,produrre,produrre,VERB,1
produttivo,produttivo,produttivo,ADJ,1
produttore,produttore,produttore,NOUN,1
produzione,produzione,produzione,NOUN,1
prof,prof,prof,NOUN,1
profanità,profanità,profanità,NOUN,1
profano,profano,profano,NOUN,1
professionale,professionale,professionale,ADJ,1
professione,professione,professione,NOUN,1
professionismo,professionismo,professionismo,NOUN,1
professionista,professionista,professionista,NOUN,1
professore,professore,professore,NOUN,1
professoressa,professoressa,professore,ADJ,1
profeta,profeta,profeta,NOUN,1
profetizzare,profetizzare,profetizzare,VERB,1
profezia,profezia,profezia,NOUN,1
profilo,profilo,profilo,NOUN,1
profitto,profitto,profitto,NOUN,1
profondamente,profondamente,profondamente,ADV,1
profondità,profondità,profondità,NOUN,1
profondo,profondo,profondo,ADJ,1
profumare,profumare,profumare,VERB,1
profumo,profumo,profumo,NOUN,1
profusione,profusione,profusione,NOUN,1
progettare,progettare,progettare,VERB,1
progettazione,progettazione,progettazione,NOUN,1
progetto,progetto,progetto,NOUN,1
prognosi,prognosi,prognosi,NOUN,1
programma,programma,programma,NOUN,1
programmare,programmare,programmare,VERB,1
programmazione,programmazione,programmazione,NOUN,1
progressivo,progressivo,progressivo,ADJ,1
progresso,progresso,progresso,NOUN,1
proibire,proibire,proibire,VERB,1
proibito,proibito,proibire,ADJ,1
proiettare,proiettare,proiettare,VERB,1
proiettile,proiettile,proiettile,NOUN,1
proiezione,proiezione,proiezione,NOUN,1
prolungare,prolungare,prolungare,VERB,1
promessa,promessa,promessa,NOUN,1
promettere,promettere,promettere,VERB,1
promoter,promoter,promoter,NOUN,1
promozione,promozione,promozione,NOUN,1
promuovere,promuovere,promuovere,VERB,1
pronosticare,pronosticare,pronosticare,VERB,1
pronostico,pronostico,pronostico,NOUN,1
pronto,pronto,pronto,ADJ,1
pronunciare,pronunciare,pronunciare,VERB,1
propaganda,propaganda,propaganda,NOUN,1
proporre,proporre,proporre,VERB,1
proporzione,proporzione,proporzione,NOUN,1
proposito,proposito,proposire,NOUN,1
proposta,proposta,proposta,NOUN,1
proprietario,proprietario,proprietario,NOUN,1
proprietà,proprietà,proprietà,NOUN,1
propugnatore,propugnatore,propugnatore,NOUN,1
prorompente,prorompente,prorompere,ADJ,1
prosa,prosa,prosa,NOUN,1
prosciutto,prosciutto,prosciuggere,NOUN,1
proseguire,proseguire,proseguire,VERB,1
prosperità,prosperità,prosperità,NOUN,1
prospettiva,prospettiva,prospettiva,NOUN,1
prossimo,prossimo,prossimo,ADJ,1
prostituta,prostituta,prostituta,NOUN,1
protagonista,protagonista,protagonista,NOUN,1
proteggere,proteggere,proteggere,VERB,1
proteina,proteina,proteina,NOUN,1
protesta,protesta,protestare,NOUN,1
protestare,protestare,protestare,VERB,1
protettivo,protettivo,protettivo,ADJ,1
protetto,protetto,proteggere,ADJ,1
protezione,protezione,protezione,NOUN,1
protocollo,protocollo,protocollo,NOUN,1
prova,prova,provare,VERB,1
provare,provare,provare,VERB,1
provenienza,provenienza,provenienza,NOUN,1
provenire,provenire,provenire,VERB,1
provincia,provincia,provincia,NOUN,1
provinciale,provinciale,provinciale,NOUN,1
provocare,provocare,provocare,VERB,1
provocazione,provocazione,provocazione,NOUN,1
provvedere,provvedere,provvedere,VERB,1
provvedimento,provvedimento,provvedimento,NOUN,1
provvidenziale,provvidenziale,provvidenziale,ADJ,1
provvisorio,provvisorio,provvisorio,ADJ,1
pseudo,pseudo,pseudo,ADJ,1
pseudonimo,pseudonimo,pseudonimo,NOUN,1
psicanalisi,psicanalisi,psicanalisi,NOUN,1
psichiatra,psichiatra,psichiatra,NOUN,1
psichico,psichico,psichico,ADJ,1
psicologia,psicologia,psicologia,NOUN,1
psicologico,psicologico,psicologico,ADJ,1
psicologo,psicologo,psicologo,NOUN,1
psicopatico,psicopatico,psicopatico,ADJ,1
psyco,psyco,psyco,X,1
pubblicare,pubblicare,pubblicare,VERB,1
pubblicazione,pubblicazione,pubblicazione,NOUN,1
pubblicitario,pubblicitario,pubblicitario,NOUN,1
pubblicità,pubblicità,pubblicità,NOUN,1
pubblico,pubblico,pubblico,ADJ,1
pudore,pudore,pudore,NOUN,1
puerile,puerile,puerile,ADJ,1
pugile,pugile,pugile,NOUN,1
pugno,pugno,pugno,NOUN,1
pulce,pulce,pulce,NOUN,1
pulire,pulire,pulire,VERB,1
pulito,pulito,pulito,ADJ,1
pulizia,pulizia,pulizia,NOUN,1
pulizie,pulizie,pulizia,NOUN,1
pullman,pullman,pullman,NOUN,1
pullulare,pullulare,pullulare,VERB,1
pulsante,pulsante,pulsante,NOUN,1
pulsare,pulsare,pulsare,VERB,1
punire,punire,punire,VERB,1
punizione,punizione,punizione,NOUN,1
punta,punta,puntare,VERB,1
puntare,puntare,puntare,VERB,1
puntata,puntata,puntare,NOUN,1
puntato,puntato,puntare,VERB,1
puntino,puntino,puntino,NOUN,1
punto,punto,punto,NOUN,1
puntuale,puntuale,puntuale,ADJ,1
puntualizzare,puntualizzare,puntualizzare,VERB,1
pupa,pupa,pupa,NOUN,1
purezza,purezza,purezza,NOUN,1
purgatorio,purgatorio,purgatorio,ADJ,1
puro,puro,puro,ADJ,1
purtroppo,purtroppo,purtroppo,ADV,1
puttana,puttana,puttano,ADJ,1
puttaniere,puttaniere,puttaniere,NOUN,1
puzza,puzza,puzzare,NOUN,1
puzzare,puzzare,puzzare,VERB,1
puzzo,puzzo,puzzo,VERB,1
puzzolente,puzzolente,puzzolente,ADJ,1
quaderno,quaderno,quaderno,NOUN,1
quadrato,quadrato,quadrato,ADJ,1
quadratura,quadratura,quadratura,NOUN,1
quadro,quadro,quadro,NOUN,1
qualificare,qualificare,qualificare,VERB,1
qualificato,qualificato,qualificare,VERB,1
quando,quando,quando,SCONJ,1
quantitativo,quantitativo,quantitativo,PRON,1
quaresima,quaresima,quaresima,ADJ,1
quarta,quarta,quarto,ADJ,1
quarto,quarto,quarto,ADJ,1
quattordici,quattordici,quattordici,NUM,1
querelare,querelare,querelare,VERB,1
questura,questura,questura,NOUN,1
quinto,quinto,quinto,ADJ,1
quotare,quotare,quotare,VERB,1
quotidianità,quotidianità,quotidianità,NOUN,1
quoziente,quoziente,quoziente,NOUN,1
rabbia,rabbia,rabbia,NOUN,1
rabbioso,rabbioso,rabbioso,ADJ,1
rabbrividire,rabbrividire,rabbrividire,VERB,1
rabbuiare,rabbuiare,rabbuiare,VERB,1
raccapricciante,raccapricciante,raccapricciante,ADJ,1
racchiudere,racchiudere,racchiudere,VERB,1
raccomandabile,raccomandabile,raccomandabile,ADJ,1
raccomandare,raccomandare,raccomandare,VERB,1
raccomandato,raccomandato,raccomandare,VERB,1
raccontare,raccontare,raccontare,VERB,1
raddoppiare,raddoppiare,raddoppiare,VERB,1
radente,radente,radente,ADJ,1
radiante,radiante,radiante,ADJ,1
radiazione,radiazione,radiazione,NOUN,1
radicale,radicale,radicale,ADJ,1
radice,radice,raode,NOUN,1
radio,radio,radio,NOUN,1
radioso,radioso,radioso,ADJ,1
rado,rado,rado,NOUN,1
raffigurare,raffigurare,raffigurare,VERB,1
raffinatezza,raffinatezza,raffinatezza,NOUN,1
raffinato,raffinato,raffinato,ADJ,1
rafforzare,rafforzare,rafforzare,VERB,1
raffreddore,raffreddore,raffreddore,NOUN,1
ragazza,ragazza,ragazzo,NOUN,1
ragazzini,ragazzini,ragazzino,NOUN,1
ragazzino,ragazzino,ragazzino,NOUN,1
ragazzo,ragazzo,ragazzo,NOUN,1
raggiante,raggiante,raggiante,ADJ,1
raggio,raggio,raggio,NOUN,1
raggiungere,raggiungere,raggiungere,VERB,1
raggiungibile,raggiungibile,raggiungibile,ADJ,1
raggiunto,raggiunto,raggiungere,VERB,1
ragionamento,ragionamento,ragionamento,NOUN,1
ragionare,ragionare,ragionare,VERB,1
ragione,ragione,ragione,NOUN,1
ragionevole,ragionevole,ragionevole,ADJ,1
ragioniere,ragioniere,ragioniera,NOUN,1
ragno,ragno,ragno,NOUN,1
rallegrare,rallegrare,rallegrare,VERB,1
rallegrarsi,rallegrarsi,rallegrare si,VERB,1
rallentare,rallentare,rallentare,VERB,1
rame,rame,rame,NOUN,1
rammaricare,rammaricare,rammaricare,VERB,1
rammaricato,rammaricato,rammaricare,VERB,1
rammentare,rammentare,rammentare,VERB,1
ramo,ramo,ramo,NOUN,1
rana,rana,rana,NOUN,1
rancore,rancore,rancore,NOUN,1
rancoroso,rancoroso,rancoroso,ADJ,1
range,range,range,NOUN,1
rapida,rapida,rapido,ADJ,1
rapidamente,rapidamente,rapidamente,ADV,1
rapido,rapido,rapido,ADJ,1
rapina,rapina,rapina,NOUN,1
rapire,rapire,rapire,VERB,1
rapporto,rapporto,rapporto,NOUN,1
rappresentante,rappresentante,rappresentante,NOUN,1
rappresentanza,rappresentanza,rappresentanza,NOUN,1
rappresentare,rappresentare,rappresentare,VERB,1
rappresentazione,rappresentazione,rappresentazione,NOUN,1
rapsodia,rapsodia,rapsodia,ADJ,1
rara,rara,raro,ADJ,1
raramente,raramente,raramente,ADV,1
rarità,rarità,rarità,NOUN,1
raro,raro,raro,ADJ,1
rassegna,rassegna,rassegnare,NOUN,1
rassegnare,rassegnare,rassegnare,VERB,1
rassegnazione,rassegnazione,rassegnazione,NOUN,1
rassicurante,rassicurante,rassicurante,ADJ,1
rassicurare,rassicurare,rassicurare,VERB,1
rata,rata,rata,NOUN,1
ravvedimento,ravvedimento,ravvedimento,NOUN,1
ravvicinare,ravvicinare,ravvicinare,VERB,1
raziocinio,raziocinio,raziocinio,NOUN,1
razionale,razionale,razionale,ADJ,1
razionalità,razionalità,razionalità,NOUN,1
razione,razione,razione,NOUN,1
razza,razza,razza,NOUN,1
re,re,re,NOUN,1
reagire,reagire,reagire,VERB,1
reale,reale,reale,ADJ,1
realistico,realistico,realistico,ADJ,1
realizzare,realizzare,realizzare,VERB,1
realizzazione,realizzazione,realizzazione,NOUN,1
realmente,realmente,realmente,ADV,1
realtà,realtà,realtà,NOUN,1
reato,reato,reato,NOUN,1
reazione,reazione,reazione,NOUN,1
recare,recare,recare,VERB,1
recensione,recensione,recensione,NOUN,1
recente,recente,recente,ADJ,1
recentemente,recentemente,recentemente,ADV,1
reciproco,reciproco,reciproco,ADJ,1
recitare,recitare,recitare,VERB,1
reclamo,reclamo,reclamo,NOUN,1
reclinare,reclinare,reclinare,VERB,1
record,record,record,NOUN,1
recuperare,recuperare,recuperare,VERB,1
recupero,recupero,recupero,NOUN,1
redazione,redazione,redazione,NOUN,1
reddito,reddito,reddito,NOUN,1
redigere,redigere,redigere,VERB,1
referendum,referendum,referendum,NOUN,1
referenza,referenza,referenza,NOUN,1
refresh,refresh,refresh,NOUN,1
regalare,regalare,regalare,VERB,1
regale,regale,regale,ADJ,1
regalo,regalo,regalo,NOUN,1
reggere,reggere,reggere,VERB,1
reggiseno,reggiseno,reggiseno,NOUN,1
regia,regia,regia,NOUN,1
regime,regime,regime,NOUN,1
regina,regina,reginare,NOUN,1
regionale,regionale,regionale,ADJ,1
regione,regione,regione,NOUN,1
regista,regista,regista,NOUN,1
registrare,registrare,registrare,VERB,1
registrazione,registrazione,registrazione,NOUN,1
registro,registro,registro,NOUN,1
regnare,regnare,regnare,VERB,1
regno,regno,regno,NOUN,1
regola,regola,regolare,VERB,1
regolamento,regolamento,regolamento,NOUN,1
regolare,regolare,regolare,VERB,1
regolarmente,regolarmente,regolarmente,ADV,1
relativa,relativa,relativo,ADJ,1
relativamente,relativamente,relativamente,ADV,1
relativo,relativo,relativo,ADJ,1
relazionato,relazionato,relazionare,VERB,1
relazione,relazione,relazione,NOUN,1
religione,religione,religione,NOUN,1
religiosità,religiosità,religiosità,NOUN,1
religioso,religioso,religioso,ADJ,1
remoto,remoto,remoto,ADP,1
rendere,rendere,rendere,VERB,1
rene,rene,rene,NOUN,1
reparto,reparto,reparto,NOUN,1
repellente,repellente,repellente,ADJ,1
repertorio,repertorio,repertorio,NOUN,1
replica,replica,replicare,NOUN,1
replicare,replicare,replicare,VERB,1
repressivo,repressivo,repressivo,ADJ,1
represso,represso,reprettere,VERB,1
repubblica,repubblica,repubblica,NOUN,1
repubblicano,repubblicano,repubblicano,ADJ,1
repulsivo,repulsivo,repulsivo,ADJ,1
requisito,requisito,requisito,NOUN,1
resa,resa,rendere,VERB,1
residente,residente,residente,ADJ,1
residenza,residenza,residenza,NOUN,1
residuo,residuo,residuo,NOUN,1
resistendo,resistendo,resistere,VERB,1
resistente,resistente,resistente,ADJ,1
resistenza,resistenza,resistenza,NOUN,1
resistere,resistere,resistere,VERB,1
resoconto,resoconto,resoconto,NOUN,1
respingere,respingere,respingere,VERB,1
respingimento,respingimento,respingimento,NOUN,1
respinto,respinto,respingere,VERB,1
respirare,respirare,respirare,VERB,1
respiro,respiro,respiro,NOUN,1
responsabile,responsabile,responsabile,ADJ,1
responsabilità,responsabilità,responsabilità,NOUN,1
responsabilizzare,responsabilizzare,responsabilizzare,VERB,1
restare,restare,restare,VERB,1
restare_a_bocca_aperta,restare_a_bocca_aperta,restare_a_bocca_aprire,VERB,1
restio,restio,restio,NOUN,1
restituire,restituire,restituire,VERB,1
resto,resto,resto,NOUN,1
restringere,restringere,restringere,VERB,1
resuscitare,resuscitare,resuscitare,VERB,1
rete,rete,rete,NOUN,1
retorica,retorica,retorica,NOUN,1
retro,retro,retro,NOUN,1
retrocedere,retrocedere,retrocedere,VERB,1
retroscena,retroscena,retroscena,NOUN,1
retta,retta,retta,NOUN,1
rettificare,rettificare,rettificare,VERB,1
rettile,rettile,rettile,NOUN,1
rettilineo,rettilineo,rettilineo,NOUN,1
retto,retto,reggere,VERB,1
revisione,revisione,revisione,NOUN,1
revisionismo,revisionismo,revisionismo,NOUN,1
riadattamento,riadattamento,riadattamento,NOUN,1
rialzare,rialzare,rialzare,VERB,1
riappacificazione,riappacificazione,riappacificazione,NOUN,1
riappropriazione,riappropriazione,riappropriazione,NOUN,1
riaprire,riaprire,riaprire,VERB,1
riassegnazione,riassegnazione,riassegnazione,NOUN,1
riassumere,riassumere,riassumere,VERB,1
ribadire,ribadire,ribadire,VERB,1
ribattere,ribattere,ribattere,VERB,1
ribellare,ribellare,ribellare,VERB,1
ribelle,ribelle,ribelle,ADJ,1
ribollire,ribollire,ribollire,VERB,1
ricadere,ricadere,ricadere,VERB,1
ricambiare,ricambiare,ricambiare,VERB,1
ricatto,ricatto,ricatto,NOUN,1
ricavare,ricavare,ricavare,VERB,1
ricavo,ricavo,ricavo,VERB,1
ricca,ricca,ricco,ADJ,1
ricchezza,ricchezza,ricchezza,NOUN,1
ricchezze,ricchezze,ricchezza,NOUN,1
ricco,ricco,ricco,ADJ,1
ricerca,ricerca,ricercare,NOUN,1
ricercare,ricercare,ricercare,VERB,1
ricercatore,ricercatore,ricercatore,NOUN,1
ricetta,ricetta,ricettare,NOUN,1
ricevere,ricevere,ricevere,VERB,1
ricevuta,ricevuta,ricevere,VERB,1
richiamare,richiamare,richiamare,VERB,1
richiamo,richiamo,richiamo,NOUN,1
richiedere,richiedere,richiedere,VERB,1
richiesta,richiesta,richiesta,NOUN,1
richiudere,richiudere,richiudere,VERB,1
ricominciare,ricominciare,ricominciare,VERB,1
ricompensa,ricompensa,ricompensare,NOUN,1
ricomposizione,ricomposizione,ricomposizione,NOUN,1
riconciliazione,riconciliazione,riconciliazione,NOUN,1
riconoscere,riconoscere,riconoscere,VERB,1
riconoscimento,riconoscimento,riconoscimento,NOUN,1
ricoprire,ricoprire,ricoprire,VERB,1
ricordare,ricordare,ricordare,VERB,1
ricordi,ricordi,ricordo,NOUN,1
ricordo,ricordo,ricordare,VERB,1
ricorrere,ricorrere,ricorrere,VERB,1
ricorso,ricorso,ricorso,NOUN,1
ricostituente,ricostituente,ricostituento,ADJ,1
ricostruire,ricostruire,ricostruire,VERB,1
ricostruzione,ricostruzione,ricostruzione,NOUN,1
ricoverare,ricoverare,ricoverare,VERB,1
ricreativo,ricreativo,ricreativo,ADJ,1
ricusare,ricusare,ricusare,VERB,1
ridare,ridare,ridare,VERB,1
ridere,ridere,ridere,VERB,1
ridicolo,ridicolo,ridicolo,NOUN,1
ridimensionamento,ridimensionamento,ridimensionamento,NOUN,1
ridimensionare,ridimensionare,ridimensionare,VERB,1
ridire,ridire,ridire,VERB,1
ridotto,ridotto,ridurre,VERB,1
ridurre,ridurre,ridurre,VERB,1
riduzione,riduzione,riduzione,NOUN,1
riempire,riempire,riempire,VERB,1
rientrare,rientrare,rientrare,VERB,1
rientro,rientro,rientro,NOUN,1
rifare,rifare,rifare,VERB,1
riferimento,riferimento,riferimento,NOUN,1
riferire,riferire,riferire,VERB,1
rifilare,rifilare,rifilare,VERB,1
rifiutare,rifiutare,rifiutare,VERB,1
rifiutato,rifiutato,rifiutare,VERB,1
rifiuto,rifiuto,rifiuto,NOUN,1
riflessione,riflessione,riflessione,NOUN,1
riflessivo,riflessivo,riflessivo,ADJ,1
riflesso,riflesso,riflettere,VERB,1
riflettere,riflettere,riflettere,VERB,1
riforma,riforma,riforma,NOUN,1
riformatore,riformatore,riformatore,NOUN,1
riformatorio,riformatorio,riformatorio,NOUN,1
rifugiare,rifugiare,rifugiare,VERB,1
rifugio,rifugio,rifugio,NOUN,1
riga,riga,riga,NOUN,1
rigidezza,rigidezza,rigidezza,NOUN,1
rigido,rigido,rigido,ADJ,1
rigo,rigo,rigo,NOUN,1
rigore,rigore,rigore,NOUN,1
rigoroso,rigoroso,rigoroso,ADJ,1
riguardare,riguardare,riguardare,VERB,1
riguardo,riguardo,riguardo,NOUN,1
rilanciare,rilanciare,rilanciare,VERB,1
rilasciare,rilasciare,rilasciare,VERB,1
rilassare,rilassare,rilassare,VERB,1
rileggere,rileggere,rileggere,VERB,1
rilevabile,rilevabile,rilevabile,ADJ,1
rilevante,rilevante,rilevante,ADJ,1
rilevare,rilevare,rilevare,VERB,1
rilievo,rilievo,rilievo,NOUN,1
rilucere,rilucere,rilucere,VERB,1
riluttante,riluttante,riluttante,ADJ,1
rima,rima,rima,VERB,1
rimandare,rimandare,rimandare,VERB,1
rimandato,rimandato,rimandare,VERB,1
rimanere,rimanere,rimanere,VERB,1
rimbombare,rimbombare,rimbombarere,VERB,1
rimediare,rimediare,rimediare,VERB,1
rimedio,rimedio,rimedio,NOUN,1
rimembranza,rimembranza,rimembranza,NOUN,1
rimettere,rimettere,rimettere,VERB,1
rimorchiare,rimorchiare,rimorchiare,VERB,1
rimorso,rimorso,rimorso,NOUN,1
rimpiangere,rimpiangere,rimpiangere,VERB,1
rimproverare,rimproverare,rimproverare,VERB,1
rimprovero,rimprovero,rimprovero,NOUN,1
rimuginare,rimuginare,rimuginare,VERB,1
rimuovere,rimuovere,rimuovere,VERB,1
rinascere,rinascere,rinascere,VERB,1
rinascimento,rinascimento,rinascimento,NOUN,1
rinchiudere,rinchiudere,rinchiudere,VERB,1
ringraziare,ringraziare,ringraziare,VERB,1
rinnegare,rinnegare,rinnegare,VERB,1
rinnovare,rinnovare,rinnovare,VERB,1
rintanare,rintanare,rintanare,VERB,1
rintracciare,rintracciare,rintracciare,VERB,1
rinunciare,rinunciare,rinunciare,VERB,1
rinvenire,rinvenire,rinvenire,VERB,1
rinviare,rinviare,rinviare,VERB,1
rinvio,rinvio,rinvio,NOUN,1
riparare,riparare,riparare,VERB,1
riparlare,riparlare,riparlare,VERB,1
riparo,riparo,riparo,NOUN,1
ripartire,ripartire,ripartire,VERB,1
ripensamento,ripensamento,ripensamento,NOUN,1
ripensare,ripensare,ripensare,VERB,1
ripetere,ripetere,ripetere,VERB,1
ripetitivo,ripetitivo,ripetitivo,ADJ,1
ripetizione,ripetizione,ripetizione,NOUN,1
ripicca,ripicca,ripiccare,VERB,1
ripieno,ripieno,ripieno,NOUN,1
riportare,riportare,riportare,VERB,1
riposare,riposare,riposare,VERB,1
riposo,riposo,riposo,NOUN,1
riprendere,riprendere,riprendere,VERB,1
ripresa,ripresa,riprendere,NOUN,1
ripresentazione,ripresentazione,ripresentazione,NOUN,1
riprodurre,riprodurre,riprodurre,VERB,1
riproduttore,riproduttore,riproduttore,NOUN,1
riproduzione,riproduzione,riproduzione,NOUN,1
riproporre,riproporre,riproporre,VERB,1
riprovare,riprovare,riprovare,VERB,1
ripudiare,ripudiare,ripudiare,VERB,1
ripudio,ripudio,ripudio,VERB,1
ripugnante,ripugnante,ripugnante,ADJ,1
ripugnanza,ripugnanza,ripugnanza,NOUN,1
ripugnare,ripugnare,ripugnare,VERB,1
ripulire,ripulire,ripulire,VERB,1
risalire,risalire,risalire,VERB,1
risaltare,risaltare,risaltare,VERB,1
risanare,risanare,risanare,VERB,1
risarcimento,risarcimento,risarcimento,NOUN,1
risata,risata,risata,NOUN,1
risatina,risatina,risatinare,NOUN,1
riscaldamento,riscaldamento,riscaldamento,NOUN,1
riscaldare,riscaldare,riscaldare,VERB,1
rischiare,rischiare,rischiare,VERB,1
rischio,rischio,rischio,NOUN,1
rischioso,rischioso,rischioso,ADJ,1
riscontrare,riscontrare,riscontrare,VERB,1
riscontro,riscontro,riscontro,NOUN,1
riscuotere,riscuotere,riscuotere,VERB,1
risentimento,risentimento,risentimento,NOUN,1
risentire,risentire,risentire,VERB,1
risentirsi_di,risentirsi_di,risentirsi_di,VERB,1
riserbo,riserbo,riserbo,NOUN,1
riserva,riserva,riservare,VERB,1
riservare,riservare,riservare,VERB,1
riservato,riservato,riservare,VERB,1
risiedere,risiedere,risiedere,VERB,1
riso,riso,riso,NOUN,1
risolto,risolto,risolvere,VERB,1
risoluto,risoluto,risoluto,ADJ,1
risoluzione,risoluzione,risoluzione,NOUN,1
risolvere,risolvere,risolvere,VERB,1
risonanza,risonanza,risonanza,NOUN,1
risorsa,risorsa,risorsa,NOUN,1
risparmiare,risparmiare,risparmiare,VERB,1
risparmio,risparmio,risparmio,NOUN,1
rispettare,rispettare,rispettare,VERB,1
rispettivamente,rispettivamente,rispettivamente,ADV,1
rispettivo,rispettivo,rispettivo,ADJ,1
rispetto,rispetto,rispetto,ADV,1
rispondere,rispondere,rispondere,VERB,1
risposta,risposta,risposta,NOUN,1
rissa,rissa,rissa,NOUN,1
ristorante,ristorante,ristorante,NOUN,1
ristretto,ristretto,ristreggere,VERB,1
risultante,risultante,risultare,ADJ,1
risultanza,risultanza,risultanza,NOUN,1
risultare,risultare,risultare,VERB,1
risultato,risultato,risultato,NOUN,1
risvegliare,risvegliare,risvegliare,VERB,1
risveglio,risveglio,risveglio,NOUN,1
ritagliare,ritagliare,ritagliare,VERB,1
ritardare,ritardare,ritardare,VERB,1
ritardo,ritardo,ritardo,NOUN,1
ritegno,ritegno,ritegno,NOUN,1
ritenere,ritenere,ritenere,VERB,1
ritirare,ritirare,ritirare,VERB,1
ritiro,ritiro,ritiro,NOUN,1
rito,rito,rito,NOUN,1
ritornare,ritornare,ritornare,VERB,1
ritornello,ritornello,ritornello,NOUN,1
ritorno,ritorno,ritorno,NOUN,1
ritrarre,ritrarre,ritrarre,VERB,1
ritratto,ritratto,ritrarre,NOUN,1
ritrovare,ritrovare,ritrovare,VERB,1
ritrovato,ritrovato,ritrovare,VERB,1
rituale,rituale,rituale,ADJ,1
riunione,riunione,riunione,NOUN,1
riunire,riunire,riunire,VERB,1
riuscire,riuscire,riuscire,VERB,1
riva,riva,rire,NOUN,1
rivale,rivale,rivale,NOUN,1
rivedere,rivedere,rivedere,VERB,1
rivelare,rivelare,rivelare,VERB,1
rivelazione,rivelazione,rivelazione,NOUN,1
rivendicare,rivendicare,rivendicare,VERB,1
riverente,riverente,riverente,ADJ,1
riverso,riverso,riverso,ADJ,1
rivestire,rivestire,rivestire,VERB,1
rivista,rivista,rivedere,NOUN,1
rivisto,rivisto,rivisto,VERB,1
rivolgere,rivolgere,rivolgere,VERB,1
rivolta,rivolta,rivolgere,NOUN,1
rivoltante,rivoltante,rivoltante,ADJ,1
rivoltella,rivoltella,rivoltellare,VERB,1
rivoluzionario,rivoluzionario,rivoluzionario,ADJ,1
rivoluzione,rivoluzione,rivoluzione,NOUN,1
roba,roba,roba,NOUN,1
robot,robot,robot,NOUN,1
robusto,robusto,robusto,ADJ,1
roccia,roccia,roccia,NOUN,1
rock,rock,rock,NOUN,1
romano,romano,romano,ADJ,1
romantico,romantico,romantico,ADJ,1
romanzo,romanzo,romanzo,NOUN,1
rompere,rompere,rompere,VERB,1
rosa,rosa,rosa,ADJ,1
rosato,rosato,rosare,VERB,1
rospo,rospo,rospo,NOUN,1
rosso,rosso,rosso,ADJ,1
rotaia,rotaia,rotaio,ADJ,1
rotocalco,rotocalco,rotocalco,NOUN,1
rotolare,rotolare,rotolare,VERB,1
rotondità,rotondità,rotondità,NOUN,1
rotondo,rotondo,rotondo,ADJ,1
rotta,rotta,rotta,NOUN,1
rotto,rotto,rompere,VERB,1
rottura,rottura,rottura,NOUN,1
rovesciare,rovesciare,rovesciare,VERB,1
rovescio,rovescio,rovescio,NOUN,1
rovina,rovina,rovina,NOUN,1
rovinare,rovinare,rovinare,VERB,1
rozzo,rozzo,rozzo,ADJ,1
rubare,rubare,rubare,VERB,1
rubrica,rubrica,rubrica,NOUN,1
rude,rude,rude,ADJ,1
ruggine,ruggine,ruggine,NOUN,1
rugosità,rugosità,rugosità,NOUN,1
rumore,rumore,rumore,NOUN,1
rumoroso,rumoroso,rumoroso,ADJ,1
ruolo,ruolo,ruolo,NOUN,1
ruota,ruota,ruotare,NOUN,1
ruotare,ruotare,ruotare,VERB,1
ruscello,ruscello,ruscello,NOUN,1
russo,russo,russo,ADJ,1
ruvidezza,ruvidezza,ruvidezza,NOUN,1
ruvido,ruvido,ruvido,ADJ,1
ruzzolare,ruzzolare,ruzzolare,VERB,1
sabato,sabato,sabato,NOUN,1
sabbia,sabbia,sabbia,NOUN,1
saccheggio,saccheggio,saccheggio,NOUN,1
sacchetto,sacchetto,sacchere,NOUN,1
sacco,sacco,sacco,NOUN,1
sacerdote,sacerdote,sacerdote,NOUN,1
sacra,sacra,sacro,ADJ,1
sacrificare,sacrificare,sacrificare,VERB,1
sacrifici,sacrifici,sacrificio,NOUN,1
sacrificio,sacrificio,sacrificio,NOUN,1
sacro,sacro,sacro,ADJ,1
saga,saga,saga,NOUN,1
sagace,sagace,sagace,ADJ,1
sagacia,sagacia,sagacia,NOUN,1
saggezza,saggezza,saggezza,NOUN,1
saggia,saggia,saggio,ADJ,1
saggio,saggio,saggio,NOUN,1
saggistica,saggistica,saggistico,ADJ,1
sagomare,sagomare,sagomare,VERB,1
sagra,sagra,sagro,NOUN,1
sala,sala,sala,NOUN,1
salario,salario,salario,NOUN,1
salato,salato,salato,ADJ,1
sale,sale,salire,VERB,1
salire,salire,salire,VERB,1
salita,salita,salita,NOUN,1
salmone,salmone,salmone,NOUN,1
salone,salone,salone,NOUN,1
salotto,salotto,salotto,NOUN,1
salsa,salsa,salsa,NOUN,1
saltare,saltare,saltare,VERB,1
saltellante,saltellante,saltellante,ADJ,1
salto,salto,salto,NOUN,1
salume,salume,salume,NOUN,1
salutare,salutare,salutare,VERB,1
salute,salute,salute,NOUN,1
saluto,saluto,saluto,NOUN,1
salvaguardia,salvaguardia,salvaguardiare,NOUN,1
salvare,salvare,salvare,VERB,1
salvatore,salvatore,salvatore,NOUN,1
salve,salve,salvo,ADJ,1
salvezza,salvezza,salvezza,NOUN,1
salvo,salvo,salvo,ADJ,1
san_valentino,san_valentino,san_valentino,AUX,1
sana,sana,sano,ADJ,1
sangue,sangue,sangue,NOUN,1
sanitario,sanitario,sanitario,ADJ,1
sanità,sanità,sanità,NOUN,1
sano,sano,sano,ADJ,1
santa,santa,santa,PROPN,1
santo,santo,santo,NOUN,1
sanzione,sanzione,sanzione,NOUN,1
sapere,sapere,sapere,VERB,1
saperi,saperi,sapero,NOUN,1
sapone,sapone,sapone,NOUN,1
sapore,sapore,sapore,NOUN,1
sardo,sardo,sardo,ADJ,1
sasso,sasso,sasso,NOUN,1
satellite,satellite,satellite,NOUN,1
saziare,saziare,saziare,VERB,1
sbagliare,sbagliare,sbagliare,VERB,1
sbagliato,sbagliato,sbagliare,VERB,1
sbaglio,sbaglio,sbaglio,VERB,1
sbalordire,sbalordire,sbalordire,VERB,1
sbalordito,sbalordito,sbalordire,VERB,1
sbandamento,sbandamento,sbandamento,NOUN,1
sbandata,sbandata,sbandare,VERB,1
sbarcare,sbarcare,sbarcare,VERB,1
sbattere,sbattere,sbattere,VERB,1
sbigottire,sbigottire,sbigottire,VERB,1
sbigottito,sbigottito,sbigottire,VERB,1
sbizzarrire,sbizzarrire,sbizzarrire,VERB,1
sbloccare,sbloccare,sbloccare,VERB,1
sbottare,sbottare,sbottare,VERB,1
sbrigare,sbrigare,sbrigare,VERB,1
sbronza,sbronza,sbronza,NOUN,1
scabroso,scabroso,scabroso,ADJ,1
scadenza,scadenza,scadenza,NOUN,1
scadenze,scadenze,scadenza,NOUN,1
scadere,scadere,scadere,VERB,1
scaffale,scaffale,scaffale,NOUN,1
scala,scala,scala,NOUN,1
scalare,scalare,scalare,VERB,1
scaldare,scaldare,scaldare,VERB,1
scalfire,scalfire,scalfire,VERB,1
scalogno,scalogno,scalogno,NOUN,1
scalpitare,scalpitare,scalpitare,VERB,1
scambiare,scambiare,scambiare,VERB,1
scambio,scambio,scambio,NOUN,1
scandalo,scandalo,scandalo,NOUN,1
scandalosamente,scandalosamente,scandalosamente,ADV,1
scandire,scandire,scandire,VERB,1
scappare,scappare,scappare,VERB,1
scaricare,scaricare,scaricare,VERB,1
scarico,scarico,scarico,NOUN,1
scarpa,scarpa,scarpa,NOUN,1
scarsa,scarsa,scarso,ADJ,1
scarsità,scarsità,scarsità,NOUN,1
scarso,scarso,scarso,ADJ,1
scartare,scartare,scartare,VERB,1
scatenare,scatenare,scatenare,VERB,1
scatola,scatola,scatola,NOUN,1
scattare,scattare,scattare,VERB,1
scatto,scatto,scatto,NOUN,1
scavare,scavare,scavare,VERB,1
scegliere,scegliere,scegliere,VERB,1
scelta,scelta,scegliere,NOUN,1
scema,scema,scema,VERB,1
scemo,scemo,sce,VERB,1
scena,scena,scena,NOUN,1
scenario,scenario,scenario,NOUN,1
scenata,scenata,scenare,VERB,1
scendere,scendere,scendere,VERB,1
sceneggiatura,sceneggiatura,sceneggiatura,NOUN,1
scheda,scheda,scheda,NOUN,1
scheggiare,scheggiare,scheggiare,VERB,1
schema,schema,schema,NOUN,1
schermo,schermo,schermo,NOUN,1
scherno,scherno,scherno,NOUN,1
scherzare,scherzare,scherzare,VERB,1
scherzo,scherzo,scherzare,VERB,1
schiacciare,schiacciare,schiacciare,VERB,1
schiaffo,schiaffo,schiaffo,NOUN,1
schiavo,schiavo,schiavo,NOUN,1
schiena,schiena,schiena,NOUN,1
schierare,schierare,schierare,VERB,1
schifare,schifare,schifare,VERB,1
schifato,schifato,schifare,VERB,1
schifo,schifo,schifo,NOUN,1
schifoso,schifoso,schifoso,ADJ,1
schiuma,schiuma,schiuma,NOUN,1
schizofrenia,schizofrenia,schizofrenia,NOUN,1
schizzare,schizzare,schizzare,VERB,1
schizzo,schizzo,schizzo,NOUN,1
sci,sci,sci,NOUN,1
scia,scia,sciare,NOUN,1
sciamano,sciamano,sciamano,NOUN,1
scientifico,scientifico,scientifico,ADJ,1
scienza,scienza,scienza,NOUN,1
scienziato,scienziato,scienziato,NOUN,1
scimmia,scimmia,scimmia,NOUN,1
scintilla,scintilla,scintilla,NOUN,1
scintillante,scintillante,scintillante,ADJ,1
sciocca,sciocca,scioccare,VERB,1
scioccare,scioccare,scioccare,VERB,1
scioccato,scioccato,scioccare,ADJ,1
sciocchezza,sciocchezza,sciocchezza,NOUN,1
sciocco,sciocco,sciocco,NOUN,1
sciogliere,sciogliere,sciogliere,VERB,1
sciopero,sciopero,sciopero,NOUN,1
scismatico,scismatico,scismatico,ADJ,1
scivolare,scivolare,scivolare,VERB,1
scolaresca,scolaresca,scolaresca,ADJ,1
scolastico,scolastico,scolastico,ADJ,1
scolorire,scolorire,scolorire,VERB,1
scolpire,scolpire,scolpire,VERB,1
scombussolare,scombussolare,scombussolare,VERB,1
scommessa,scommessa,scommessa,NOUN,1
scommettere,scommettere,scommettere,VERB,1
scommettitore,scommettitore,scommettitore,NOUN,1
scomodità,scomodità,scomodità,NOUN,1
scomparire,scomparire,scomparire,VERB,1
scomparsa,scomparsa,scomparsa,NOUN,1
scomporre,scomporre,scomporre,VERB,1
sconcertare,sconcertare,sconcertare,VERB,1
sconcertato,sconcertato,sconcertare,VERB,1
sconcerto,sconcerto,sconcerto,ADJ,1
sconfiggere,sconfiggere,sconfiggere,VERB,1
sconfitta,sconfitta,sconfitta,NOUN,1
sconfitto,sconfitto,sconfiggere,VERB,1
sconfortare,sconfortare,sconfortare,VERB,1
sconfortato,sconfortato,sconfortare,VERB,1
scongiurare,scongiurare,scongiurare,VERB,1
sconosciuto,sconosciuto,sconosciuto,ADJ,1
sconsiderato,sconsiderato,sconsiderare,VERB,1
sconsigliato,sconsigliato,sconsigliare,VERB,1
sconsolante,sconsolante,sconsolante,ADJ,1
scontato,scontato,scontare,VERB,1
sconto,sconto,sconto,NOUN,1
scontrare,scontrare,scontrare,VERB,1
scontro,scontro,scontro,NOUN,1
scontroso,scontroso,scontroso,ADJ,1
sconvenienza,sconvenienza,sconvenienza,NOUN,1
sconvolgere,sconvolgere,sconvolgere,VERB,1
sconvolgimento,sconvolgimento,sconvolgimento,NOUN,1
scopare,scopare,scopare,VERB,1
scoperta,scoperta,scoprire,NOUN,1
scopo,scopo,scopo,NOUN,1
scoppiare,scoppiare,scoppiare,VERB,1
scoprire,scoprire,scoprire,VERB,1
scoraggiamento,scoraggiamento,scoraggiamento,NOUN,1
scoraggiare,scoraggiare,scoraggiare,VERB,1
scoraggiato,scoraggiato,scoraggiare,VERB,1
scoramento,scoramento,scoramento,NOUN,1
scorare,scorare,scorare,ADJ,1
scorato,scorato,scorare,ADJ,1
scorciatoia,scorciatoia,scorciatoia,PROPN,1
scordare,scordare,scordare,VERB,1
scorgere,scorgere,scorgere,VERB,1
scorrere,scorrere,scorrere,VERB,1
scorso,scorso,scorso,ADJ,1
scorta,scorta,scorta,NOUN,1
screpolato,screpolato,screpolare,VERB,1
scritta,scritta,scritto,ADJ,1
scritto,scritto,scrivere,VERB,1
scrittore,scrittore,scrittore,NOUN,1
scrittura,scrittura,scrittura,NOUN,1
scrivania,scrivania,scrivania,NOUN,1
scrivere,scrivere,scrivere,VERB,1
scrutinare,scrutinare,scrutinare,VERB,1
scudo,scudo,scudo,NOUN,1
scultura,scultura,scultura,NOUN,1
scuola,scuola,scuola,NOUN,1
scuotere,scuotere,scuotere,VERB,1
scura,scura,scuro,ADJ,1
scurire,scurire,scurire,VERB,1
scuro,scuro,scuro,ADJ,1
scusa,scusa,scusare,VERB,1
scusare,scusare,scusare,VERB,1
sdegnare,sdegnare,sdegnare,VERB,1
sdegno,sdegno,sdegno,NOUN,1
sdoganare,sdoganare,sdoganare,VERB,1
sdoppiamento,sdoppiamento,sdoppiamento,NOUN,1
sdraiare,sdraiare,sdraiare,VERB,1
sdrucire,sdrucire,sdruciro,ADJ,1
seccare,seccare,seccare,VERB,1
seccatura,seccatura,seccatura,NOUN,1
secchio,secchio,secchio,NOUN,1
secchione,secchione,secchione,NOUN,1
secco,secco,secco,NOUN,1
secolarizzazione,secolarizzazione,secolarizzazione,NOUN,1
secolo,secolo,secolo,NOUN,1
seconda,seconda,seconda,ADJ,1
secondario,secondario,secondario,ADJ,1
sedano,sedano,sedanare,VERB,1
sede,sede,sede,NOUN,1
sedere,sedere,sedere,VERB,1
sedia,sedia,sedia,NOUN,1
sedile,sedile,sedile,NOUN,1
sedurre,sedurre,sedurre,VERB,1
seduta,seduta,sedere,VERB,1
segmento,segmento,segmento,NOUN,1
segnalare,segnalare,segnalare,VERB,1
segnalazione,segnalazione,segnalazione,NOUN,1
segnale,segnale,segnale,NOUN,1
segnare,segnare,segnare,VERB,1
segno,segno,segno,NOUN,1
segretaria,segretaria,segretaria,NOUN,1
segretario,segretario,segretario,NOUN,1
segreteria,segreteria,segreteria,NOUN,1
segretezza,segretezza,segretezza,NOUN,1
segreto,segreto,segreto,ADJ,1
seguente,seguente,seguente,ADJ,1
seguire,seguire,seguire,VERB,1
seguito,seguito,seguire,VERB,1
selezionare,selezionare,selezionare,VERB,1
selezionatore,selezionatore,selezionatore,NOUN,1
selezione,selezione,selezione,NOUN,1
selfie,selfie,selfie,NOUN,1
selvaggio,selvaggio,selvaggio,ADJ,1
semantico,semantico,semantico,ADJ,1
sembrare,sembrare,sembrare,VERB,1
seme,seme,seme,NOUN,1
seminare,seminare,seminare,VERB,1
seminato,seminato,seminare,VERB,1
semplice,semplice,semplice,ADJ,1
semplicemente,semplicemente,semplicemente,ADV,1
semplicità,semplicità,semplicità,NOUN,1
semplificare,semplificare,semplificare,VERB,1
sempre,sempre,sempre,ADV,1
senato,senato,senato,NOUN,1
senatore,senatore,senatore,NOUN,1
seno,seno,seno,NOUN,1
sensazione,sensazione,sensazione,NOUN,1
sensibile,sensibile,sensibile,ADJ,1
sensibilità,sensibilità,sensibilità,NOUN,1
senso,senso,senso,NOUN,1
sensuale,sensuale,sensuale,ADJ,1
sentenza,sentenza,sentenza,NOUN,1
sentiero,sentiero,sentiero,NOUN,1
sentimentale,sentimentale,sentimentale,ADJ,1
sentimento,sentimento,sentimento,NOUN,1
sentire,sentire,sentire,VERB,1
sentito,sentito,sentire,VERB,1
senz'anima,senz',senza,ADP,2
senza_cuore,senza_cuore,senza_cuore,NOUN,1
senza_fili,senza_fili,senza_file,ADJ,1
senzatetto,senzatetto,senzatetto,NOUN,1
separare,separare,separare,VERB,1
separato,separato,separato,VERB,1
separazione,separazione,separazione,NOUN,1
sepolto,sepolto,seppellire,VERB,1
seppellire,seppellire,seppellire,VERB,1
sequenza,sequenza,sequenza,NOUN,1
sequestrare,sequestrare,sequestrare,VERB,1
sequestro,sequestro,sequestro,NOUN,1
sera,sera,sera,NOUN,1
serata,serata,serata,NOUN,1
serenità,serenità,serenità,NOUN,1
sereno,sereno,sereno,ADJ,1
sergente,sergente,sergenta,NOUN,1
seriamente,seriamente,seriamente,ADV,1
serie,serie,serio,NOUN,1
serietà,serietà,serietà,NOUN,1
serio,serio,serio,ADJ,1
serpente,serpente,serpente,NOUN,1
serpente_a_sonagli,serpente_a_sonagli,serpente_a_sonagli,ADP,1
serra,serra,serra,NOUN,1
serrato,serrato,serrare,VERB,1
servire,servire,servire,VERB,1
servizio,servizio,servizio,NOUN,1
servo,servo,servare,NOUN,1
sessista,sessista,sessista,ADJ,1
sesso,sesso,sesso,NOUN,1
sessuale,sessuale,sessuale,ADJ,1
sessualità,sessualità,sessualità,NOUN,1
sesto,sesto,sesto,ADJ,1
set,set,set,NOUN,1
seta,seta,seta,NOUN,1
sete,sete,sete,NOUN,1
setta,setta,setta,NOUN,1
settembre,settembre,settembre,NOUN,1
settimana,settimana,settimana,NOUN,1
settimanale,settimanale,settimanale,NOUN,1
settore,settore,settore,NOUN,1
severo,severo,severo,ADJ,1
sexy,sexy,sexy,ADJ,1
sezione,sezione,sezione,NOUN,1
sfaldamento,sfaldamento,sfaldamento,NOUN,1
sfaldare,sfaldare,sfaldare,VERB,1
sfarzo,sfarzo,sfarzo,NOUN,1
sfavore,sfavore,sfavore,NOUN,1
sfera,sfera,sfera,NOUN,1
sferrare,sferrare,sferrare,VERB,1
sfida,sfida,sfidare,VERB,1
sfidante,sfidante,sfidante,ADJ,1
sfidare,sfidare,sfidare,VERB,1
sfiduciare,sfiduciare,sfiduciare,VERB,1
sfiduciato,sfiduciato,sfiduciare,VERB,1
sfiga,sfiga,sfiga,NOUN,1
sfigato,sfigato,sfigato,ADJ,1
sfilare,sfilare,sfilare,VERB,1
sfilata,sfilata,sfilare,NOUN,1
sfiorare,sfiorare,sfiorare,VERB,1
sfogare,sfogare,sfogare,VERB,1
sfogliare,sfogliare,sfogliare,VERB,1
sfogo,sfogo,sfogo,NOUN,1
sfollati,sfollati,sfollato,NOUN,1
sfondare,sfondare,sfondare,VERB,1
sfondo,sfondo,sfondo,NOUN,1
sforzare,sforzare,sforzare,VERB,1
sforzo,sforzo,sforzo,NOUN,1
sfottere,sfottere,sfottere,VERB,1
sfregare,sfregare,sfregare,VERB,1
sfrenare,sfrenare,sfrenare,VERB,1
sfruttare,sfruttare,sfruttare,VERB,1
sfuggire,sfuggire,sfuggire,VERB,1
sfuggito,sfuggito,sfuggire,VERB,1
sfumato,sfumato,sfumare,VERB,1
sfumatura,sfumatura,sfumatura,NOUN,1
sfuriata,sfuriata,sfuriare,VERB,1
sganciare,sganciare,sganciare,VERB,1
sgombro,sgombro,sgombro,ADJ,1
sgomentare,sgomentare,sgomentare,VERB,1
sgomento,sgomento,sgomento,NOUN,1
sgonfiare,sgonfiare,sgonfiare,VERB,1
sgradevole,sgradevole,sgradevole,ADJ,1
sgretolamento,sgretolamento,sgretolamento,NOUN,1
sgretolare,sgretolare,sgretolare,VERB,1
sguardo,sguardo,sguardo,NOUN,1
share,share,share,NOUN,1
shock,shock,shock,NOUN,1
shopping,shopping,shopping,NOUN,1
siciliano,siciliano,siciliano,ADJ,1
sicura,sicura,sicuro,ADJ,1
sicuramente,sicuramente,sicuramente,ADV,1
sicurezza,sicurezza,sicurezza,NOUN,1
sicuro,sicuro,sicuro,ADJ,1
sifilide,sifilide,sifilida,NOUN,1
sigaretta,sigaretta,sigarettare,NOUN,1
sigla,sigla,sigla,NOUN,1
significare,significare,significare,VERB,1
significativo,significativo,significativo,ADJ,1
significato,significato,significare,NOUN,1
signora,signora,signore,NOUN,1
signore,signore,signore,NOUN,1
signorile,signorile,signorile,ADJ,1
signorina,signorina,signorina,NOUN,1
silenzio,silenzio,silenzio,NOUN,1
silenzioso,silenzioso,silenzioso,ADJ,1
simbiosi,simbiosi,simbioso,NOUN,1
simbolico,simbolico,simbolico,ADJ,1
simbolo,simbolo,simbolo,NOUN,1
similare,similare,similare,VERB,1
simile,simile,simile,ADJ,1
simmetria,simmetria,simmetria,NOUN,1
simpatia,simpatia,simpatia,NOUN,1
simpaticissimo,simpaticissimo,simpatice,ADJ,1
simpatico,simpatico,simpatico,ADJ,1
simulare,simulare,simulare,VERB,1
sincera,sincera,sincero,ADJ,1
sinceramente,sinceramente,sinceramente,ADV,1
sincerità,sincerità,sincerità,NOUN,1
sincero,sincero,sincero,ADJ,1
sincronismo,sincronismo,sincronismo,NOUN,1
sincronizzare,sincronizzare,sincronizzare,VERB,1
sindacale,sindacale,sindacale,ADJ,1
sindacato,sindacato,sindacato,NOUN,1
sindaco,sindaco,sindaco,NOUN,1
sindrome,sindrome,sindrome,NOUN,1
sinergia,sinergia,sinergia,NOUN,1
singhiozzare,singhiozzare,singhiozzare,VERB,1
singhiozzo,singhiozzo,singhiozzo,ADJ,1
single,single,single,ADJ,1
singolare,singolare,singolare,ADJ,1
singolo,singolo,singolo,ADJ,1
sinistra,sinistra,sinistra,NOUN,1
sinistro,sinistro,sinistro,ADJ,1
sinonimo,sinonimo,sinonimo,ADJ,1
sintesi,sintesi,sintesi,NOUN,1
sintetico,sintetico,sintetico,ADJ,1
sintetizzare,sintetizzare,sintetizzare,VERB,1
sintomatologia,sintomatologia,sintomatologia,NOUN,1
sintomo,sintomo,sintomo,NOUN,1
sintonia,sintonia,sintonia,NOUN,1
sinuoso,sinuoso,sinuoso,ADJ,1
sistema,sistema,sistema,NOUN,1
sistemare,sistemare,sistemare,VERB,1
sistematizzazione,sistematizzazione,sistematizzazione,NOUN,1
sito,sito,sito,NOUN,1
situare,situare,situare,VERB,1
situazione,situazione,situazione,NOUN,1
slancio,slancio,slancio,NOUN,1
slogan,slogan,slogan,NOUN,1
smacco,smacco,smacco,NOUN,1
smagrire,smagrire,smagrire,VERB,1
smaltimento,smaltimento,smaltimento,NOUN,1
smarrire,smarrire,smarrire,VERB,1
smarrito,smarrito,smarrire,VERB,1
smentire,smentire,smentire,VERB,1
smettere,smettere,smettere,VERB,1
smontare,smontare,smontare,VERB,1
snervante,snervante,snervante,ADJ,1
snob,snob,snob,ADJ,1
sobbalzo,sobbalzo,sobbalzo,NOUN,1
sobrietà,sobrietà,sobrietà,NOUN,1
soccorso,soccorso,soccorso,NOUN,1
sociale,sociale,sociale,ADJ,1
socialista,socialista,socialista,ADJ,1
società,società,società,NOUN,1
socio,socio,socio,NOUN,1
soddisfare,soddisfare,soddisfare,VERB,1
soddisfatto,soddisfatto,soddisfare,VERB,1
soddisfazione,soddisfazione,soddisfazione,NOUN,1
sodo,sodo,sodo,ADV,1
sofferenza,sofferenza,sofferenza,NOUN,1
soffermare,soffermare,soffermare,VERB,1
sofferto,sofferto,soffrire,VERB,1
soffiare,soffiare,soffiare,VERB,1
soffio,soffio,soffio,NOUN,1
soffitto,soffitto,soffitto,NOUN,1
soffocamento,soffocamento,soffocamento,NOUN,1
soffocante,soffocante,soffocante,ADJ,1
soffocare,soffocare,soffocare,VERB,1
soffocato,soffocato,soffocare,VERB,1
soffrire,soffrire,soffrire,VERB,1
sofisma,sofisma,sofisma,NOUN,1
sofisticato,sofisticato,sofisticato,ADJ,1
soft_skill,soft_skill,soft_skill,PROPN,1
software,software,software,NOUN,1
soggettivo,soggettivo,soggettivo,ADJ,1
soggetto,soggetto,soggetto,ADJ,1
soggezione,soggezione,soggezione,NOUN,1
soggiacere,soggiacere,soggiacere,VERB,1
soggiorno,soggiorno,soggiorno,NOUN,1
soglia,soglia,sogliare,NOUN,1
sogliola,sogliola,sogliola,NOUN,1
sognare,sognare,sognare,VERB,1
sognato,sognato,sognare,VERB,1
sogno,sogno,sogno,NOUN,1
solamente,solamente,solamente,ADV,1
solare,solare,solare,ADJ,1
solcare,solcare,solcare,VERB,1
solco,solco,solco,VERB,1
soldato,soldato,soldato,NOUN,1
soldo,soldo,soldo,NOUN,1
sole,sole,sole,NOUN,1
solenne,solenne,solenne,ADJ,1
solidarietà,solidarietà,solidarietà,NOUN,1
solidarismo,solidarismo,solidarismo,NOUN,1
solido,solido,solido,ADJ,1
solitamente,solitamente,solitamente,ADV,1
solitario,solitario,solitario,ADJ,1
solito,solito,solito,ADJ,1
solitudine,solitudine,solitudine,NOUN,1
solleticare,solleticare,solleticare,VERB,1
sollevare,sollevare,sollevare,VERB,1
sollevato,sollevato,sollevare,VERB,1
sollievo,sollievo,sollievo,NOUN,1
solo,solo,solo,ADV,1
soluzione,soluzione,soluzione,NOUN,1
somigliare,somigliare,somigliare,VERB,1
somma,somma,somma,NOUN,1
sommare,sommare,sommare,VERB,1
sommerso,sommerso,sommerso,ADJ,1
sommossa,sommossa,sommossa,NOUN,1
sommosse,sommosse,sommossa,NOUN,1
sondaggio,sondaggio,sondaggio,NOUN,1
sonnecchiare,sonnecchiare,sonnecchiare,VERB,1
sonno,sonno,sonno,NOUN,1
sonoro,sonoro,sonoro,ADJ,1
sopportare,sopportare,sopportare,VERB,1
sopraddetto,sopraddetto,sopraddetto,ADJ,1
sopraffazione,sopraffazione,sopraffazione,NOUN,1
soprannome,soprannome,soprannome,NOUN,1
soprattutto,soprattutto,soprattutto,ADV,1
sopravvento,sopravvento,sopravvento,NOUN,1
sopravvivenza,sopravvivenza,sopravvivenza,NOUN,1
sopravvivere,sopravvivere,sopravvivere,VERB,1
sordido,sordido,sordido,ADJ,1
sordo,sordo,sordo,ADJ,1
sorella,sorella,sorella,NOUN,1
sorgente,sorgente,sorgente,NOUN,1
sorgere,sorgere,sorgere,VERB,1
sorprendente,sorprendente,sorprendentire,ADJ,1
sorprendere,sorprendere,sorprendere,VERB,1
sorpresa,sorpresa,sorprendere,NOUN,1
sorpreso,sorpreso,sorprendere,VERB,1
sorridere,sorridere,sorridere,VERB,1
sorriso,sorriso,sorriso,NOUN,1
sorta,sorta,sorgere,VERB,1
sorte,sorte,sorta,NOUN,1
sorvegliare,sorvegliare,sorvegliare,VERB,1
sospendere,sospendere,sospendere,VERB,1
sospensione,sospensione,sospensione,NOUN,1
sospeso,sospeso,sospendere,VERB,1
sospettare,sospettare,sospettare,VERB,1
sospetto,sospetto,sospetto,NOUN,1
sospettoso,sospettoso,sospettoso,ADJ,1
sospirare,sospirare,sospirare,VERB,1
sospirato,sospirato,sospirare,VERB,1
sospiro,sospiro,sospiro,NOUN,1
sosta,sosta,sosta,NOUN,1
sostanza,sostanza,sostanza,NOUN,1
sostanzialmente,sostanzialmente,sostanzialmente,ADV,1
sostegno,sostegno,sostegno,NOUN,1
sostenere,sostenere,sostenere,VERB,1
sostenitore,sostenitore,sostenitore,NOUN,1
sostituire,sostituire,sostituire,VERB,1
sostituzione,sostituzione,sostituzione,NOUN,1
sotterraneo,sotterraneo,sotterraneo,ADJ,1
sottile,sottile,sottile,ADJ,1
sottofondo,sottofondo,sottofondo,NOUN,1
sottolineare,sottolineare,sottolineare,VERB,1
sottolineatura,sottolineatura,sottolineaturare,VERB,1
sottomessa,sottomessa,sottomessa,ADJ,1
sottoporre,sottoporre,sottoporre,VERB,1
sottoscrivere,sottoscrivere,sottoscrivere,VERB,1
sottostare,sottostare,sottostare,VERB,1
sottovalutare,sottovalutare,sottovalutare,VERB,1
sottrarre,sottrarre,sottrarre,VERB,1
soul,soul,soul,NOUN,1
soundtrack,soundtrack,soundtrack,NOUN,1
sovietico,sovietico,sovietico,ADJ,1
sovraccarico,sovraccarico,sovraccarico,NOUN,1
sovrana,sovrana,sovrana,PROPN,1
sovrano,sovrano,sovrano,NOUN,1
sovrapporre,sovrapporre,sovrapporre,VERB,1
sovvenire,sovvenire,sovvenire,VERB,1
sovvertimento,sovvertimento,sovvertimento,NOUN,1
spaccare,spaccare,spaccare,VERB,1
spacciare,spacciare,spacciare,VERB,1
spada,spada,spada,NOUN,1
spaesamento,spaesamento,spaesamento,NOUN,1
spaghetto,spaghetto,spagheggere,NOUN,1
spagnolo,spagnolo,spagnolo,ADJ,1
spalancare,spalancare,spalancare,VERB,1
spalla,spalla,spalla,NOUN,1
spam,spam,spam,NOUN,1
sparare,sparare,sparare,VERB,1
spargere,spargere,spargere,VERB,1
sparire,sparire,sparire,VERB,1
sparo,sparo,sparo,NOUN,1
sparso,sparso,sparso,VERB,1
spasmi,spasmi,spasmo,NOUN,1
spassare,spassare,spassarere,VERB,1
spaurito,spaurito,spaurire,ADJ,1
spaventare,spaventare,spaventare,VERB,1
spaventato,spaventato,spaventare,VERB,1
spavento,spavento,spavento,NOUN,1
spaventoso,spaventoso,spaventoso,ADJ,1
spaziale,spaziale,spaziale,ADJ,1
spazio,spazio,spazio,NOUN,1
spazzare,spazzare,spazzare,VERB,1
spazzatura,spazzatura,spazzatura,NOUN,1
specchio,specchio,specchio,NOUN,1
speciale,speciale,speciale,ADJ,1
specialista,specialista,specialista,NOUN,1
specializzato,specializzato,specializzato,ADJ,1
specialmente,specialmente,specialmente,ADV,1
specie,specie,specie,NOUN,1
specificare,specificare,specificare,VERB,1
specificità,specificità,specificità,NOUN,1
specifico,specifico,specifico,ADJ,1
spedire,spedire,spedire,VERB,1
spedizione,spedizione,spedizione,NOUN,1
spegnere,spegnere,spegnere,VERB,1
spendere,spendere,spendere,VERB,1
spensieratezza,spensieratezza,spensieratezza,NOUN,1
spensierato,spensierato,spensierato,ADJ,1
spento,spento,spento,VERB,1
speranza,speranza,speranza,NOUN,1
sperare,sperare,sperare,VERB,1
sperato,sperato,sperare,VERB,1
sperimenale,sperimenale,sperimenale,ADJ,1
sperimentare,sperimentare,sperimentare,VERB,1
sperimentazione,sperimentazione,sperimentazione,NOUN,1
spesa,spesa,spesa,NOUN,1
spesso,spesso,spesso,ADV,1
spessore,spessore,spessore,NOUN,1
spettacolare,spettacolare,spettacolare,ADJ,1
spettacolo,spettacolo,spettacolo,NOUN,1
spettare,spettare,spettare,VERB,1
spettatore,spettatore,spettatore,NOUN,1
spettrale,spettrale,spettrale,ADJ,1
spettro,spettro,spettro,NOUN,1
spezzare,spezzare,spezzare,VERB,1
spia,spia,spiare,NOUN,1
spiacere,spiacere,spiacere,NOUN,1
spiacevole,spiacevole,spiacevole,ADJ,1
spiaggia,spiaggia,spiaggia,NOUN,1
spiano,spiano,spianare,VERB,1
spiare,spiare,spiare,VERB,1
spiccare,spiccare,spiccare,VERB,1
spicchio,spicchio,spicchio,NOUN,1
spiegare,spiegare,spiegare,VERB,1
spiegazione,spiegazione,spiegazione,NOUN,1
spietato,spietato,spietare,ADJ,1
spillatrice,spillatrice,spillatore,NOUN,1
spina,spina,spina,NOUN,1
spingere,spingere,spingere,VERB,1
spinta,spinta,spintare,NOUN,1
spione,spione,spione,NOUN,1
spiriti,spiriti,spirito,NOUN,1
spirito,spirito,spirito,NOUN,1
spirituale,spirituale,spirituale,ADJ,1
spiritualità,spiritualità,spiritualità,NOUN,1
splendere,splendere,splendere,VERB,1
splendido,splendido,splendido,ADJ,1
splendore,splendore,splendore,NOUN,1
spogliare,spogliare,spogliare,VERB,1
sponda,sponda,spondare,NOUN,1
spontaneo,spontaneo,spontaneo,ADJ,1
sporca,sporca,sporco,ADJ,1
sporcare,sporcare,sporcare,VERB,1
sporcizia,sporcizia,sporcizia,NOUN,1
sporco,sporco,sporco,ADJ,1
sporgere,sporgere,sporgere,VERB,1
sport,sport,sport,NOUN,1
sportello,sportello,sportello,NOUN,1
sportivo,sportivo,sportivo,ADJ,1
sposa,sposa,sposare,ADJ,1
sposare,sposare,sposare,VERB,1
sposato,sposato,sposare,VERB,1
sposo,sposo,sposare,VERB,1
spossatezza,spossatezza,spossatezza,NOUN,1
spostamento,spostamento,spostamento,NOUN,1
spostare,spostare,spostare,VERB,1
spot,spot,spot,NOUN,1
sprecare,sprecare,sprecare,VERB,1
spregevole,spregevole,spregevole,ADJ,1
spregio,spregio,spregio,NOUN,1
sprezzo,sprezzo,sprezzo,NOUN,1
sprigionare,sprigionare,sprigionare,VERB,1
sprofondare,sprofondare,sprofondare,VERB,1
sproloquio,sproloquio,sproloquio,ADV,1
sproporzionato,sproporzionato,sproporzionato,ADJ,1
spropositato,spropositato,spropositare,ADJ,1
sprovveduto,sprovveduto,sprovveduto,ADJ,1
spuntare,spuntare,spuntare,VERB,1
spunto,spunto,spunto,NOUN,1
sputare,sputare,sputare,VERB,1
sputo,sputo,spere,VERB,1
squadra,squadra,squadra,NOUN,1
squallido,squallido,squallido,ADJ,1
squalo,squalo,squalo,NOUN,1
squattrinato,squattrinato,squattrinato,ADJ,1
squilibrare,squilibrare,squilibrare,VERB,1
squillante,squillante,squillante,ADJ,1
squillare,squillare,squillare,VERB,1
stabile,stabile,stabile,ADJ,1
stabilimento,stabilimento,stabilimento,NOUN,1
stabilire,stabilire,stabilire,VERB,1
stabilità,stabilità,stabilità,NOUN,1
staccare,staccare,staccare,VERB,1
staccato,staccato,staccare,VERB,1
stadio,stadio,stadio,NOUN,1
stagione,stagione,stagione,NOUN,1
stalla,stalla,stalla,NOUN,1
stamattina,stamattina,stamattina,ADV,1
stampa,stampa,stampa,NOUN,1
stampare,stampare,stampare,VERB,1
stampato,stampato,stampare,VERB,1
stancare,stancare,stancare,VERB,1
stanchezza,stanchezza,stanchezza,NOUN,1
stanco,stanco,stanco,ADJ,1
standard,standard,standard,NOUN,1
stangata,stangata,stangare,NOUN,1
stanotte,stanotte,stanotte,NOUN,1
stanza,stanza,stanza,NOUN,1
star,star,starre,VERB,1
stare,stare,stare,VERB,1
stasera,stasera,stasera,ADV,1
statale,statale,statale,ADJ,1
statistica,statistica,statistico,ADJ,1
statistico,statistico,statistico,ADJ,1
statua,statua,statua,PROPN,1
statunitense,statunitense,statunitense,ADJ,1
status,status,status,NOUN,1
stavolta,stavolta,stavolta,ADV,1
stazione,stazione,stazione,NOUN,1
stella,stella,stella,NOUN,1
stellare,stellare,stellare,ADJ,1
stendere,stendere,stendere,VERB,1
stereotipato,stereotipato,stereotipare,VERB,1
sterlina,sterlina,sterlina,NOUN,1
sterminato,sterminato,sterminare,VERB,1
stesso,stesso,stesso,ADJ,1
stigmate,stigmate,stigmato,NOUN,1
stile,stile,stile,NOUN,1
stima,stima,stimare,NOUN,1
stimabile,stimabile,stimabile,ADJ,1
stimare,stimare,stimare,VERB,1
stimolare,stimolare,stimolare,VERB,1
stimolo,stimolo,stimolo,NOUN,1
stipendio,stipendio,stipendio,NOUN,1
stirare,stirare,stirare,VERB,1
stoffa,stoffa,stoffa,NOUN,1
stoicismo,stoicismo,stoicismo,NOUN,1
stomachevole,stomachevole,stomachevole,ADJ,1
stomaco,stomaco,stomacare,VERB,1
stonatura,stonatura,stonaturare,NOUN,1
stordimento,stordimento,stordimento,NOUN,1
storia,storia,storia,NOUN,1
storico,storico,storico,ADJ,1
storto,storto,storto,ADJ,1
strabiliare,strabiliare,strabiliare,VERB,1
strabiliato,strabiliato,strabiliare,VERB,1
stracciare,stracciare,stracciare,VERB,1
stracciato,stracciato,stracciare,ADJ,1
straccio,straccio,straccio,NOUN,1
strada,strada,strada,NOUN,1
stradale,stradale,stradale,ADJ,1
strage,strage,strage,NOUN,1
strambo,strambo,strambo,ADJ,1
straniero,straniero,straniero,ADJ,1
strano,strano,strano,ADJ,1
straordinario,straordinario,straordinario,ADJ,1
strapieno,strapieno,strapieno,ADJ,1
strappare,strappare,strappare,VERB,1
strascico,strascico,strascico,NOUN,1
stratega,stratega,stratega,NOUN,1
strategia,strategia,strategia,NOUN,1
strategico,strategico,strategico,ADJ,1
stratificare,stratificare,stratificare,VERB,1
strato,strato,strato,NOUN,1
stravincere,stravincere,stravincere,VERB,1
stravolgere,stravolgere,stravolgere,VERB,1
stravolto,stravolto,stravolto,VERB,1
strazio,strazio,straziare,NOUN,1
strega,strega,strega,NOUN,1
stregare,stregare,stregare,VERB,1
stregone,stregone,stregone,NOUN,1
strenua,strenua,strenuo,ADJ,1
strepitare,strepitare,strepitare,VERB,1
stress,stress,stress,NOUN,1
stretta,stretta,stretto,ADJ,1
strettamente,strettamente,strettamente,ADV,1
strettezza,strettezza,strettezza,NOUN,1
stretto,stretto,stretto,ADJ,1
stridere,stridere,stridere,VERB,1
strillare,strillare,strillare,VERB,1
strillo,strillo,strillo,NOUN,1
stringere,stringere,stringere,VERB,1
striscia,striscia,striscia,NOUN,1
strisciare,strisciare,strisciare,VERB,1
strizza,strizza,strizzare,VERB,1
strombazzare,strombazzare,strombazzare,VERB,1
stroncare,stroncare,stroncare,VERB,1
stroncatura,stroncatura,stroncaturare,VERB,1
stronza,stronza,stronza,PRON,1
stronzata,stronzata,stronzare,VERB,1
stronzo,stronzo,stronzo,VERB,1
stropicciare,stropicciare,stropicciare,VERB,1
strumento,strumento,strumento,NOUN,1
strusciare,strusciare,strusciare,VERB,1
struttura,struttura,struttura,NOUN,1
strutturale,strutturale,strutturale,ADJ,1
studente,studente,studente,NOUN,1
studiare,studiare,studiare,VERB,1
studio,studio,studio,NOUN,1
studioso,studioso,studioso,NOUN,1
stufare,stufare,stufare,VERB,1
stupefacente,stupefacente,stupefacente,ADJ,1
stupefatto,stupefatto,stupefatto,ADJ,1
stupendo,stupendo,stupere,VERB,1
stupidaggine,stupidaggine,stupidaggine,NOUN,1
stupidità,stupidità,stupidità,NOUN,1
stupido,stupido,stupido,ADJ,1
stupire,stupire,stupire,VERB,1
stupirsi,stupirsi,stupire si,VERB,1
stupito,stupito,stupire,VERB,1
stupore,stupore,stupore,NOUN,1
stupro,stupro,stupro,NOUN,1
style,style,style,NOUN,1
subire,subire,subire,VERB,1
subito,subito,subito,ADV,1
succedere,succedere,succedere,VERB,1
successione,successione,successione,NOUN,1
successivamente,successivamente,successivamente,ADV,1
successivo,successivo,successivo,ADJ,1
successo,successo,successo,NOUN,1
successone,successone,successone,NOUN,1
succhiare,succhiare,succhiare,VERB,1
succhiasangue,succhiasangue,succhiasangue,VERB,1
succo,succo,succo,NOUN,1
succulento,succulento,succulento,ADJ,1
sud,sud,sud,NOUN,1
sudare,sudare,sudare,VERB,1
sudato,sudato,sudare,VERB,1
suddito,suddito,suddito,NOUN,1
suddividere,suddividere,suddividere,VERB,1
sudore,sudore,sudore,NOUN,1
sufficiente,sufficiente,sufficiente,ADJ,1
suggellare,suggellare,suggellare,VERB,1
suggerimento,suggerimento,suggerimento,NOUN,1
suggerire,suggerire,suggerire,VERB,1
suggestivo,suggestivo,suggestivo,ADJ,1
sughero,sughero,sughero,NOUN,1
sugo,sugo,sugo,NOUN,1
suicidio,suicidio,suicidio,NOUN,1
suolo,suolo,suolo,NOUN,1
suonare,suonare,suonare,VERB,1
suono,suono,suono,NOUN,1
suora,suora,suora,NOUN,1
super,super,super,ADJ,1
superare,superare,superare,VERB,1
superbia,superbia,superbia,NOUN,1
superficiale,superficiale,superficiale,ADJ,1
superficie,superficie,superficie,NOUN,1
superiore,superiore,superiore,ADJ,1
supermercato,supermercato,supermercare,VERB,1
superpoteri,superpoteri,superpotero,NOUN,1
superstizioso,superstizioso,superstizioso,ADJ,1
supplente,supplente,supplente,NOUN,1
supplicare,supplicare,supplicare,VERB,1
supplizio,supplizio,suppliziare,NOUN,1
supponenza,supponenza,supponenza,NOUN,1
supporre,supporre,supporre,VERB,1
supportare,supportare,supportare,VERB,1
supporto,supporto,supporto,NOUN,1
supposizione,supposizione,supposizione,NOUN,1
supposto,supposto,supposto,ADJ,1
supremo,supremo,supremo,ADJ,1
surrogato,surrogato,surrogare,VERB,1
suscettibile,suscettibile,suscettibile,ADJ,1
suscitare,suscitare,suscitare,VERB,1
suspense,suspense,suspensa,NOUN,1
sussulto,sussulto,sussulto,NOUN,1
sussurrare,sussurrare,sussurrare,VERB,1
svanire,svanire,svanire,VERB,1
svegliare,svegliare,svegliare,VERB,1
sveglio,sveglio,sveglio,NOUN,1
svelare,svelare,svelare,VERB,1
svenire,svenire,svenire,VERB,1
sventura,sventura,sventura,NOUN,1
svilire,svilire,svilire,VERB,1
sviluppare,sviluppare,sviluppare,VERB,1
sviluppato,sviluppato,sviluppare,VERB,1
sviluppo,sviluppo,sviluppo,NOUN,1
sviscerare,sviscerare,sviscerare,VERB,1
svizzero,svizzero,svizzero,ADJ,1
svolgere,svolgere,svolgere,VERB,1
svolta,svolta,svolgere,VERB,1
svuotare,svuotare,svuotare,VERB,1
sì,sì,sì,ADV,1
tabella,tabella,tabella,NOUN,1
tacco,tacco,tacco,NOUN,1
tacere,tacere,tacere,VERB,1
tacitare,tacitare,tacitare,VERB,1
taciturno,taciturno,taciturno,ADJ,1
tafferuglio,tafferuglio,tafferuglio,ADJ,1
taglia,taglia,tagliare,NOUN,1
tagliare,tagliare,tagliare,VERB,1
tagliato,tagliato,tagliare,VERB,1
tagliere,tagliere,tagliere,VERB,1
taglio,taglio,taglio,NOUN,1
talento,talento,talento,NOUN,1
talvolta,talvolta,talvolta,ADV,1
tamponare,tamponare,tamponare,VERB,1
tampone,tampone,tampone,NOUN,1
tangente,tangente,tangente,NOUN,1
tanto,tanto,tanto,ADV,1
tappa,tappa,tappare,NOUN,1
tappare,tappare,tappare,VERB,1
tappeto,tappeto,tappeto,NOUN,1
tardi,tardi,tardi,ADV,1
tardità,tardità,tardità,NOUN,1
tardività,tardività,tardività,NOUN,1
tardo,tardo,tardo,ADV,1
targa,targa,targa,NOUN,1
tariffa,tariffa,tariffa,NOUN,1
tariffazione,tariffazione,tariffazione,NOUN,1
tarocco,tarocco,tarocco,NOUN,1
tartaro,tartaro,tartaro,NOUN,1
tasca,tasca,tasca,NOUN,1
tassa,tassa,tassa,NOUN,1
tasso,tasso,tasso,NOUN,1
tastiera,tastiera,tastiera,NOUN,1
tasto,tasto,tasto,NOUN,1
tata,tata,tare,NOUN,1
tatuaggio,tatuaggio,tatuaggio,NOUN,1
tavola,tavola,tavola,NOUN,1
tavolino,tavolino,tavolino,NOUN,1
tavolo,tavolo,tavolo,NOUN,1
taxi,taxi,taxi,NOUN,1
tazza,tazza,tazza,NOUN,1
team,team,team,X,1
teatrale,teatrale,teatrale,ADJ,1
teatro,teatro,teatro,NOUN,1
tecnica,tecnica,tecnico,ADJ,1
tecnicamente,tecnicamente,tecnicamente,ADV,1
tecnico,tecnico,tecnico,ADJ,1
tecnologia,tecnologia,tecnologia,NOUN,1
tecnologico,tecnologico,tecnologico,ADJ,1
tedesco,tedesco,tedesco,ADJ,1
tedioso,tedioso,tedioso,ADJ,1
tegame,tegame,tegame,NOUN,1
tela,tela,tela,NOUN,1
telecamera,telecamera,telecamera,NOUN,1
telefilm,telefilm,telefilm,NOUN,1
telefonare,telefonare,telefonare,VERB,1
telefonata,telefonata,telefonata,NOUN,1
telefonico,telefonico,telefonico,ADJ,1
telefonino,telefonino,telefonino,NOUN,1
telefono,telefono,telefono,NOUN,1
telegiornale,telegiornale,telegiornale,NOUN,1
telescopio,telescopio,telescopio,NOUN,1
televendita,televendita,televendita,NOUN,1
televisione,televisione,televisione,NOUN,1
televisivo,televisivo,televisivo,ADJ,1
televisore,televisore,televisore,NOUN,1
tema,tema,tema,NOUN,1
temerario,temerario,temerario,ADJ,1
temere,temere,temere,VERB,1
temperamento,temperamento,temperamento,NOUN,1
temperato,temperato,temperare,VERB,1
temperatura,temperatura,temperatura,NOUN,1
temperino,temperino,temperino,NOUN,1
tempesta,tempesta,tempesta,NOUN,1
tempio,tempio,tempio,NOUN,1
tempo,tempo,tempo,NOUN,1
temporale,temporale,temporale,ADJ,1
temporaneo,temporaneo,temporaneo,ADJ,1
tenace,tenace,tenace,ADJ,1
tenda,tenda,tenda,NOUN,1
tendenza,tendenza,tendenza,NOUN,1
tendere,tendere,tendere,VERB,1
tenebra,tenebra,tenebra,PROPN,1
tenebroso,tenebroso,tenebroso,ADJ,1
tenente,tenente,tenente,NOUN,1
tenera,tenera,tenero,ADJ,1
tenere,tenere,tenere,VERB,1
tenerezza,tenerezza,tenerezza,NOUN,1
tenero,tenero,tenero,ADJ,1
tennis,tennis,tennis,NOUN,1
tensione,tensione,tensione,NOUN,1
tentare,tentare,tentare,VERB,1
tentativo,tentativo,tentativo,NOUN,1
tentazione,tentazione,tentazione,NOUN,1
tenuta,tenuta,tenere,NOUN,1
teologia,teologia,teologia,NOUN,1
teologo,teologo,teologo,NOUN,1
teorema,teorema,teorema,NOUN,1
teoria,teoria,teoria,NOUN,1
teorico,teorico,teorico,ADJ,1
terapia,terapia,terapia,NOUN,1
terminale,terminale,terminale,NOUN,1
terminare,terminare,terminare,VERB,1
termine,termine,termine,NOUN,1
termometro,termometro,termometro,NOUN,1
terra,terra,terra,NOUN,1
terrazzo,terrazzo,terrazzo,NOUN,1
terremoto,terremoto,terremoto,NOUN,1
terreno,terreno,terreno,NOUN,1
terrestre,terrestre,terrestre,ADJ,1
terribile,terribile,terribile,ADJ,1
terrificante,terrificante,terrificante,ADJ,1
terrificare,terrificare,terrificare,VERB,1
territoriale,territoriale,territoriale,ADJ,1
territorio,territorio,territorio,NOUN,1
terrone,terrone,terrone,NOUN,1
terrore,terrore,terrore,NOUN,1
terrorismo,terrorismo,terrorismo,NOUN,1
terrorista,terrorista,terrorista,NOUN,1
terroristico,terroristico,terroristico,ADJ,1
terrorizzare,terrorizzare,terrorizzare,VERB,1
terza,terza,terzo,ADJ,1
terzo,terzo,terzo,ADJ,1
teschio,teschio,teschio,NOUN,1
tesi,tesi,tese,NOUN,1
teso,teso,teso,ADJ,1
tesoro,tesoro,tesoro,NOUN,1
tessera,tessera,tessera,NOUN,1
tessuto,tessuto,tessuto,NOUN,1
test,test,test,NOUN,1
testa,testa,testa,NOUN,1
testa_di_cazzo,testa_di_cazzo,testa_di_cazzo,VERB,1
testamento,testamento,testamento,NOUN,1
testare,testare,testare,VERB,1
testimone,testimone,testimone,NOUN,1
testimonianza,testimonianza,testimonianza,NOUN,1
testimoniare,testimoniare,testimoniare,VERB,1
testo,testo,testo,NOUN,1
tetro,tetro,tetro,ADJ,1
tetta,tetta,tetto,NOUN,1
tetto,tetto,tetto,NOUN,1
texano,texano,texano,ADJ,1
tifare,tifare,tifare,VERB,1
tifoso,tifoso,tifoso,NOUN,1
tigre,tigre,tigre,NOUN,1
timidezza,timidezza,timidezza,NOUN,1
timido,timido,timido,ADJ,1
timore,timore,timora,NOUN,1
timoroso,timoroso,timoroso,ADJ,1
tipico,tipico,tipico,ADJ,1
tipo,tipo,tipo,NOUN,1
tipologia,tipologia,tipologia,NOUN,1
tirare,tirare,tirare,VERB,1
tiro,tiro,tiro,NOUN,1
tirocinio,tirocinio,tirocinio,NOUN,1
titolare,titolare,titolare,NOUN,1
titolato,titolato,titolare,VERB,1
titolo,titolo,titolo,NOUN,1
tizio,tizio,tizio,NOUN,1
toccare,toccare,toccare,VERB,1
tocco,tocco,tocco,NOUN,1
togliere,togliere,togliere,VERB,1
tollerante,tollerante,tollerante,ADJ,1
tolleranza,tolleranza,tolleranza,NOUN,1
tollerare,tollerare,tollerare,VERB,1
tomba,tomba,tomba,NOUN,1
tondo,tondo,tondo,ADJ,1
tonnellata,tonnellata,tonnellare,VERB,1
tono,tono,tono,NOUN,1
top,top,top,NOUN,1
topo,topo,topo,NOUN,1
torcere,torcere,torcere,VERB,1
tormenta,tormenta,tormentare,VERB,1
tormentare,tormentare,tormentare,VERB,1
tormento,tormento,tormento,NOUN,1
tormentone,tormentone,tormentone,NOUN,1
tornare,tornare,tornare,VERB,1
torneo,torneo,torneo,NOUN,1
toro,toro,toro,NOUN,1
torre,torre,torre,NOUN,1
torta,torta,torgere,NOUN,1
tortellino,tortellino,tortellino,NOUN,1
tortino,tortino,tortare,NOUN,1
torto,torto,torto,NOUN,1
toscano,toscano,toscano,ADJ,1
tosse,tosse,tosse,NOUN,1
tossico,tossico,tossico,ADJ,1
totale,totale,totale,ADJ,1
totalmente,totalmente,totalmente,ADV,1
tour,tour,tour,NOUN,1
tovaglia,tovaglia,tovaglia,NOUN,1
traballante,traballante,traballante,ADJ,1
traboccante,traboccante,traboccante,ADJ,1
traccia,traccia,traccia,NOUN,1
tracciare,tracciare,tracciare,VERB,1
track,track,track,NOUN,1
tracollo,tracollo,tracollo,NOUN,1
tracotanza,tracotanza,tracotanza,NOUN,1
tradimento,tradimento,tradimento,NOUN,1
tradire,tradire,tradire,VERB,1
tradizionale,tradizionale,tradizionale,ADJ,1
tradizione,tradizione,tradizione,NOUN,1
tradotto,tradotto,tradovere,VERB,1
tradurre,tradurre,tradurre,VERB,1
traduzione,traduzione,traduzione,NOUN,1
trafelato,trafelato,trafelare,VERB,1
traffico,traffico,traffico,NOUN,1
tragedia,tragedia,tragedia,NOUN,1
tragico,tragico,tragico,ADJ,1
trama,trama,trama,NOUN,1
trambusto,trambusto,trambusto,NOUN,1
tramonto,tramonto,tramonto,NOUN,1
tramutare,tramutare,tramutare,VERB,1
tran_tran,tran_tran,tran_tran,ADJ,1
trance,trance,trance,NOUN,1
tranquilla,tranquilla,tranquillo,ADJ,1
tranquillamente,tranquillamente,tranquillamente,ADV,1
tranquillare,tranquillare,tranquillare,ADJ,1
tranquillità,tranquillità,tranquillità,NOUN,1
tranquillo,tranquillo,tranquillo,ADJ,1
trappola,trappola,trappola,NOUN,1
trarre,trarre,trarre,VERB,1
trasalire,trasalire,trasalire,VERB,1
trasalito,trasalito,trasalito,NOUN,1
trascinare,trascinare,trascinare,VERB,1
trascorrere,trascorrere,trascorrere,VERB,1
trascrizione,trascrizione,trascrizione,NOUN,1
trascurare,trascurare,trascurare,VERB,1
trasecolare,trasecolare,trasecolare,VERB,1
trasferimento,trasferimento,trasferimento,NOUN,1
trasferire,trasferire,trasferire,VERB,1
trasformare,trasformare,trasformare,VERB,1
trasformazione,trasformazione,trasformazione,NOUN,1
trasformismo,trasformismo,trasformismo,NOUN,1
trasmettere,trasmettere,trasmettere,VERB,1
trasmissione,trasmissione,trasmissione,NOUN,1
traspare,traspare,trasparere,VERB,1
trasparente,trasparente,trasparente,ADJ,1
trasparenza,trasparenza,trasparenza,NOUN,1
trasportare,trasportare,trasportare,VERB,1
trasporto,trasporto,trasporto,NOUN,1
trattamento,trattamento,trattamento,NOUN,1
trattare,trattare,trattare,VERB,1
trattativa,trattativa,trattativa,NOUN,1
trattato,trattato,trattare,VERB,1
tratteggiata,tratteggiata,tratteggiato,ADJ,1
trattenere,trattenere,trattenere,VERB,1
tratto,tratto,trarre,VERB,1
trauma,trauma,trauma,NOUN,1
traumatizzare,traumatizzare,traumatizzare,VERB,1
travestire,travestire,travestire,VERB,1
travolgere,travolgere,travolgere,VERB,1
tremante,tremante,tremante,ADJ,1
tremare,tremare,tremare,VERB,1
tremendo,tremendo,tremendo,ADJ,1
tremore,tremore,tremore,NOUN,1
trend,trend,trend,NOUN,1
treno,treno,treno,NOUN,1
trepidante,trepidante,trepidare,VERB,1
trepidazione,trepidazione,trepidazione,NOUN,1
triangolazione,triangolazione,triangolazione,NOUN,1
triangolo,triangolo,triangolo,NOUN,1
tribunale,tribunale,tribunale,NOUN,1
trincea,trincea,trincea,NOUN,1
trionfale,trionfale,trionfale,ADJ,1
trionfante,trionfante,trionfante,ADJ,1
trionfatore,trionfatore,trionfatore,NOUN,1
trionfo,trionfo,trionfo,NOUN,1
triplice,triplice,triplice,ADJ,1
triste,triste,triste,ADJ,1
tristezza,tristezza,tristezza,NOUN,1
tristo,tristo,tristo,ADJ,1
troione,troione,troione,NOUN,1
troll,troll,troll,PROPN,1
trombare,trombare,trombare,VERB,1
trombetta,trombetta,trombetta,NOUN,1
troncare,troncare,troncare,VERB,1
tronco,tronco,tronco,NOUN,1
tronfio,tronfio,tronfio,ADJ,1
trono,trono,tre,NOUN,1
troppo,troppo,troppo,ADV,1
trovare,trovare,trovare,VERB,1
trovata,trovata,trovare,VERB,1
trucco,trucco,trucco,NOUN,1
truffa,truffa,truffa,NOUN,1
truppa,truppa,truppa,NOUN,1
tubero,tubero,tubero,NOUN,1
tubo,tubo,tubo,NOUN,1
tuffare,tuffare,tuffare,VERB,1
tumore,tumore,tumore,NOUN,1
tumultuoso,tumultuoso,tumultuoso,ADJ,1
turbamento,turbamento,turbamento,NOUN,1
turbare,turbare,turbare,VERB,1
turco,turco,turco,ADJ,1
turismo,turismo,turismo,NOUN,1
turista,turista,turista,NOUN,1
turistico,turistico,turistico,ADJ,1
turno,turno,turno,NOUN,1
tuta,tuta,tuta,NOUN,1
tutela,tutela,tutelare,NOUN,1
tutelare,tutelare,tutelare,VERB,1
tutor,tutor,tutor,NOUN,1
tuttavia,tuttavia,tuttavia,ADV,1
tuttora,tuttora,tuttora,ADV,1
tweet,tweet,tweet,NOUN,1
twitter,twitter,twitter,X,1
tè,tè,tè,NOUN,1
ubbidienza,ubbidienza,ubbidienza,NOUN,1
ubriaca,ubriaca,ubriaco,ADJ,1
ubriachezza,ubriachezza,ubriachezza,NOUN,1
ubriaco,ubriaco,ubriaco,ADJ,1
uccellino,uccellino,uccellino,NOUN,1
uccello,uccello,uccello,NOUN,1
uccidere,uccidere,uccidere,VERB,1
uccisione,uccisione,uccisione,NOUN,1
ucraino,ucraino,ucraino,ADJ,1
udienza,udienza,udienza,NOUN,1
udire,udire,udire,VERB,1
ufficiale,ufficiale,ufficiale,ADJ,1
ufficializzazione,ufficializzazione,ufficializzazione,NOUN,1
ufficialmente,ufficialmente,ufficialmente,ADV,1
ufficio,ufficio,ufficio,NOUN,1
ufo,ufo,ufo,NOUN,1
ufologia,ufologia,ufologia,NOUN,1
uguaglianza,uguaglianza,uguaglianza,NOUN,1
uguale,uguale,uguale,ADJ,1
ugualmente,ugualmente,ugualmente,ADV,1
ulteriormente,ulteriormente,ulteriormente,ADV,1
ultimamente,ultimamente,ultimamente,ADV,1
ultimo,ultimo,ultimo,ADJ,1
umanitario,umanitario,umanitario,ADJ,1
umanità,umanità,umanità,NOUN,1
umano,umano,umano,ADJ,1
umido,umido,umido,ADJ,1
umile,umile,umile,ADJ,1
umiliare,umiliare,umiliare,VERB,1
umiliazione,umiliazione,umiliazione,NOUN,1
umore,umore,umore,NOUN,1
umorismo,umorismo,umorismo,NOUN,1
unghia,unghia,unghia,NOUN,1
unico,unico,unico,ADJ,1
uniforme,uniforme,uniformo,ADJ,1
unione,unione,unione,NOUN,1
unire,unire,unire,VERB,1
unisono,unisono,unisono,VERB,1
unito,unito,unire,VERB,1
unità,unità,unità,NOUN,1
universale,universale,universale,ADJ,1
universitario,universitario,universitario,ADJ,1
università,università,università,NOUN,1
universo,universo,universo,NOUN,1
uomo,uomo,uomo,NOUN,1
uovo,uovo,uovo,NOUN,1
urbanistico,urbanistico,urbanistico,ADJ,1
urbano,urbano,urbano,ADJ,1
urgente,urgente,urgente,ADJ,1
urgenza,urgenza,urgenza,NOUN,1
urina,urina,urina,NOUN,1
urla,urla,urla,NOUN,1
urlare,urlare,urlare,VERB,1
urlo,urlo,urlo,ADJ,1
urtare,urtare,urtare,VERB,1
usare,usare,usare,VERB,1
usato,usato,usare,VERB,1
uscire,uscire,uscire,VERB,1
uscita,uscita,uscire,NOUN,1
username,username,username,NOUN,1
uso,uso,uso,NOUN,1
usurare,usurare,usurare,VERB,1
utente,utente,utente,NOUN,1
utenza,utenza,utenza,NOUN,1
utile,utile,utile,ADJ,1
utilità,utilità,utilità,NOUN,1
utilizzare,utilizzare,utilizzare,VERB,1
utilizzo,utilizzo,utilizzo,NOUN,1
utopistico,utopistico,utopistico,ADJ,1
vabbè,vabbè,vabbè,ADV,1
vacanza,vacanza,vacanza,NOUN,1
vacca,vacca,vacca,NOUN,1
vaffanculo,vaffanculo,vaffanculo,NOUN,1
vaga,vaga,vago,ADJ,1
vagabondare,vagabondare,vagabondare,VERB,1
vagare,vagare,vagare,VERB,1
vago,vago,vago,ADJ,1
vaiolo,vaiolo,vaiolo,ADJ,1
valanga,valanga,valanga,ADJ,1
valere,valere,valere,VERB,1
valido,valido,valido,ADJ,1
valigia,valigia,valigia,NOUN,1
valle,valle,valle,PROPN,1
valore,valore,valore,NOUN,1
valorizzare,valorizzare,valorizzare,VERB,1
valutare,valutare,valutare,VERB,1
valutazione,valutazione,valutazione,NOUN,1
vampiro,vampiro,vampiro,PROPN,1
vandalico,vandalico,vandalico,ADJ,1
vangelo,vangelo,vangelo,NOUN,1
vaniglia,vaniglia,vaniglia,NOUN,1
vano,vano,vano,NOUN,1
vantaggio,vantaggio,vantaggio,NOUN,1
vantare,vantare,vantare,VERB,1
vapore,vapore,vapore,NOUN,1
vaporetto,vaporetto,vaporetto,ADJ,1
vaporizzatore,vaporizzatore,vaporizzatore,NOUN,1
varcare,varcare,varcare,VERB,1
variabile,variabile,variabile,NOUN,1
variante,variante,variare,VERB,1
variare,variare,variare,VERB,1
variazione,variazione,variazione,NOUN,1
varietà,varietà,varietà,NOUN,1
vario,vario,vario,ADJ,1
variopinto,variopinto,variopinto,VERB,1
vasca,vasca,vasca,NOUN,1
vaso,vaso,vaso,NOUN,1
vastità,vastità,vastità,NOUN,1
vasto,vasto,vasto,ADJ,1
vecchia,vecchia,vecchio,ADJ,1
vecchiaia,vecchiaia,vecchiaia,NOUN,1
vecchio,vecchio,vecchio,ADJ,1
vedere,vedere,vedere,VERB,1
vedova,vedova,vedovo,NOUN,1
vegetale,vegetale,vegetale,ADJ,1
veicolo,veicolo,veicolo,NOUN,1
veleno,veleno,veleno,NOUN,1
velivolo,velivolo,velivolo,NOUN,1
velo,velo,velo,NOUN,1
veloce,veloce,veloce,ADJ,1
velocemente,velocemente,velocemente,ADV,1
velocità,velocità,velocità,NOUN,1
velocizzazione,velocizzazione,velocizzazione,NOUN,1
vena,vena,venare,NOUN,1
vendere,vendere,vendere,VERB,1
vendetta,vendetta,vendettare,NOUN,1
vendicare,vendicare,vendicare,VERB,1
vendicatore,vendicatore,vendicatore,NOUN,1
vendita,vendita,venditare,NOUN,1
venditore,venditore,venditore,NOUN,1
venerando,venerando,venerare,VERB,1
venerdì,venerdì,venerdì,NOUN,1
veneto,veneto,veneto,PROPN,1
venire,venire,venire,VERB,1
ventiquattro,ventiquattro,ventiquattro,NUM,1
vento,vento,vento,NOUN,1
ventre,ventre,ventre,SCONJ,1
vera,vera,vero,ADJ,1
veramente,veramente,veramente,ADV,1
verbale,verbale,verbale,NOUN,1
verbo,verbo,verbo,NOUN,1
verde,verde,verde,ADJ,1
verdura,verdura,verdura,NOUN,1
vergine,vergine,vergine,ADJ,1
verginità,verginità,verginità,NOUN,1
vergogna,vergogna,vergogna,NOUN,1
vergognarsi,vergognarsi,vergognare si,VERB,1
vergognosa,vergognosa,vergognoso,ADJ,1
verifica,verifica,verifica,NOUN,1
verificare,verificare,verificare,VERB,1
verità,verità,verità,NOUN,1
verme,verme,verme,NOUN,1
vernice,vernice,vernice,NOUN,1
vero,vero,vero,ADJ,1
veronese,veronese,veronese,ADJ,1
verruca,verruca,verruca,NOUN,1
versare,versare,versare,VERB,1
versione,versione,versione,NOUN,1
verticale,verticale,verticale,ADJ,1
vertice,vertice,vertice,NOUN,1
vescovo,vescovo,vescovo,NOUN,1
vespa,vespa,vespa,NOUN,1
vessare,vessare,vessare,VERB,1
vessato,vessato,vessare,VERB,1
vessazione,vessazione,vessazione,NOUN,1
vestale,vestale,vestale,ADJ,1
veste,veste,vestire,VERB,1
vestire,vestire,vestire,VERB,1
vestito,vestito,vestire,VERB,1
veto,veto,veto,NOUN,1
vetrina,vetrina,vetrina,NOUN,1
vetriolo,vetriolo,vetriolo,NOUN,1
vetro,vetro,vetro,NOUN,1
vettura,vettura,vettura,NOUN,1
vetusto,vetusto,vetusto,ADJ,1
via,via,via,ADV,1
viabilistico,viabilistico,viabilistico,ADJ,1
viaggiare,viaggiare,viaggiare,VERB,1
viaggiatore,viaggiatore,viaggiatore,NOUN,1
viaggio,viaggio,viaggio,NOUN,1
viale,viale,viale,NOUN,1
vibrare,vibrare,vibrare,VERB,1
vice,vice,vice,ADJ,1
vicenda,vicenda,vicenda,NOUN,1
vicendevole,vicendevole,vicendevole,ADJ,1
viceversa,viceversa,viceversa,ADV,1
vicinanza,vicinanza,vicinanza,NOUN,1
vicino,vicino,vicino,ADV,1
vicolo,vicolo,vicolo,NOUN,1
video,video,video,NOUN,1
videogioco,videogioco,videogioco,NOUN,1
vietare,vietare,vietare,VERB,1
views,views,views,NOUN,1
vigilante,vigilante,vigilare,ADJ,1
vigile,vigile,vigile,ADJ,1
vigilia,vigilia,vigilia,NOUN,1
vigliaccamente,vigliaccamente,vigliaccamente,ADV,1
vigliaccheria,vigliaccheria,vigliaccheria,NOUN,1
vigliacco,vigliacco,vigliacco,ADJ,1
vigore,vigore,vigore,NOUN,1
vile,vile,vile,ADJ,1
villa,villa,villa,NOUN,1
villaggio,villaggio,villaggio,NOUN,1
villano,villano,villare,VERB,1
vincente,vincente,vincente,ADJ,1
vincere,vincere,vincere,VERB,1
vincitore,vincitore,vincitore,NOUN,1
vincolo,vincolo,vincolo,NOUN,1
vino,vino,vino,NOUN,1
viola,viola,violare,VERB,1
violare,violare,violare,VERB,1
violazione,violazione,violazione,NOUN,1
violentare,violentare,violentare,VERB,1
violento,violento,violento,ADJ,1
violenza,violenza,violenza,NOUN,1
violino,violino,violino,NOUN,1
virgola,virgola,virgola,NOUN,1
virile,virile,virile,ADJ,1
virtuale,virtuale,virtuale,ADJ,1
virtuosamente,virtuosamente,virtuosamente,ADV,1
virtù,virtù,virtù,NOUN,1
virus,virus,virus,NOUN,1
visibile,visibile,visibile,ADJ,1
visibilità,visibilità,visibilità,NOUN,1
visione,visione,visione,NOUN,1
visita,visita,visita,NOUN,1
visitare,visitare,visitare,VERB,1
visitatore,visitatore,visitatore,NOUN,1
visivo,visivo,visivo,ADJ,1
viso,viso,viso,NOUN,1
vissuto,vissuto,vivere,VERB,1
vista,vista,vedere,VERB,1
vita,vita,vita,NOUN,1
vitale,vitale,vitale,ADJ,1
vittima,vittima,vittima,NOUN,1
vittoria,vittoria,vittoria,NOUN,1
vittorioso,vittorioso,vittorioso,ADJ,1
vivace,vivace,vivace,ADJ,1
vivacità,vivacità,vivacità,NOUN,1
vivaddio,vivaddio,vivaddio,NOUN,1
vivente,vivente,vivente,ADJ,1
vivere,vivere,vivere,VERB,1
vivo,vivo,vivo,ADJ,1
viziato,viziato,viziare,VERB,1
vizio,vizio,vizio,NOUN,1
vocabolario,vocabolario,vocabolario,NOUN,1
vocale,vocale,vocale,ADJ,1
vocazione,vocazione,vocazione,NOUN,1
voce,voce,voce,NOUN,1
voglia,voglia,voglia,NOUN,1
volare,volare,volare,VERB,1
volentieri,volentieri,volentieri,ADV,1
volere,volere,volere,VERB,1
volgare,volgare,volgare,ADJ,1
volgere,volgere,volgere,VERB,1
volo,volo,volo,NOUN,1
volontariato,volontariato,volontariato,NOUN,1
volontario,volontario,volontario,NOUN,1
volontà,volontà,volontà,NOUN,1
volta,volta,volta,NOUN,1
voltare,voltare,voltare,VERB,1
voltastomaco,voltastomaco,voltastomaco,NOUN,1
volto,volto,volgere,NOUN,1
volume,volume,volume,NOUN,1
voluto,voluto,volere,AUX,1
vomitare,vomitare,vomitare,VERB,1
vomitevole,vomitevole,vomitevole,ADJ,1
vomito,vomito,vomire,NOUN,1
voragine,voragine,voragine,NOUN,1
vorticoso,vorticoso,vorticoso,ADJ,1
votare,votare,votare,VERB,1
voto,voto,voto,NOUN,1
vuotezza,vuotezza,vuotezza,NOUN,1
vuoto,vuoto,vuoto,ADJ,1
wallpaper,wallpaper,wallpaper,NOUN,1
web,web,web,NOUN,1
weekend,weekend,weekend,NOUN,1
windsurf,windsurf,windsurf,NOUN,1
workshop,workshop,workshop,NOUN,1
zaino,zaino,zaino,NOUN,1
zampa,zampa,zampa,NOUN,1
zen,zen,zen,NOUN,1
zia,zia,zia,NOUN,1
zimbello,zimbello,zimbello,NOUN,1
zingara,zingara,zingaro,NOUN,1
zio,zio,zio,NOUN,1
zitto,zitto,ziggere,ADJ,1
zoccola,zoccola,zoccolare,VERB,1
zombie,zombie,zombie,NOUN,1
zona,zona,zona,NOUN,1
zotico,zotico,zotico,ADJ,1
zucca,zucca,zucca,NOUN,1
zucchero,zucchero,zucchero,NOUN,1
zucchina,zucchina,zucchina,NOUN,1
☠,☠,☠,EMOJI,1
☹,☹,☹,EMOJI,1
☺,☺,☺,EMOJI,1
♥️,♥,♥,EMOJI,2
⚰️,⚰,⚰,EMOJI,2
✈,✈,✈,EMOJI,1
✊,✊,✊,EMOJI,1
✌,✌,✌,EMOJI,1
✔,✔,✔,EMOJI,1
✨,✨,✨,EMOJI,1
❌,❌,❌,EMOJI,1
❓,❓,❓,EMOJI,1
❗,❗,❗,EMOJI,1
❤,❤,❤,EMOJI,1
❤️‍🩹,❤,❤,EMOJI,2
🌚,🌚,🌚,EMOJI,1
🌝,🌝,🌝o,EMOJI,1
🌶,🌶,🌶,EMOJI,1
🌹,🌹,🌹,EMOJI,1
🌻,🌻,🌻,EMOJI,1
🍀,🍀,🍀,EMOJI,1
🍆,🍆,🍆,EMOJI,1
🍌,🍌,🍌,EMOJI,1
🍑,🍑,🍑,EMOJI,1
🎉,🎉,🎉,EMOJI,1
👀,👀,👀,EMOJI,1
👅,👅,👅,EMOJI,1
👊,👊,👊,EMOJI,1
👋,👋,👋,EMOJI,1
👌,👌,👌,EMOJI,1
👍,👍,👍,EMOJI,1
👎,👎,👎,EMOJI,1
👏,👏,👏,EMOJI,1
👻,👻,👻,EMOJI,1
👿,👿,👿,EMOJI,1
💀,💀,💀,EMOJI,1
💃,💃,💃,EMOJI,1
💅,💅,💅,EMOJI,1
💔,💔,💔,EMOJI,1
💖,💖,💖,EMOJI,1
💗,💗,💗,EMOJI,1
💙,💙,💙,EMOJI,1
💚,💚,💚,EMOJI,1
💛,💛,💛,EMOJI,1
💜,💜,💜,EMOJI,1
💝,💝,💝,EMOJI,1
💞,💞,💞,EMOJI,1
💣,💣,💣,EMOJI,1
💥,💥,💥,EMOJI,1
💦,💦,💦,EMOJI,1
💩,💩,💩o,EMOJI,1
💪,💪,💪,EMOJI,1
💸,💸,💸,EMOJI,1
🔝,🔝,🔝,EMOJI,1
🔥,🔥,🔥,EMOJI,1
🔪,🔪,🔪,EMOJI,1
🕺,🕺,🕺,EMOJI,1
🖕,🖕,🖕,EMOJI,1
🖤,🖤,🖤,EMOJI,1
🗣,🗣,🗣,EMOJI,1
😀,😀,😀,EMOJI,1
😁,😁,😁,EMOJI,1
😂,😂,😂,EMOJI,1
😃,😃,😃,EMOJI,1
😄,😄,😄,EMOJI,1
😅,😅,😅,EMOJI,1
😆,😆,😆,EMOJI,1
😇,😇,😇,EMOJI,1
😈,😈,😈,EMOJI,1
😉,😉,😉,EMOJI,1
😊,😊,😊,EMOJI,1
😋,😋,😋,EMOJI,1
😌,😌,😌,EMOJI,1
😍,😍,😍,EMOJI,1
😎,😎,😎,EMOJI,1
😏,😏,😏,EMOJI,1
😐,😐,😐,EMOJI,1
😑,😑,😑,EMOJI,1
😒,😒,😒,EMOJI,1
😓,😓,😓,EMOJI,1
😔,😔,😔,EMOJI,1
😕,😕,😕,EMOJI,1
😖,😖,😖,EMOJI,1
😗,😗,😗,EMOJI,1
😘,😘,😘,EMOJI,1
😙,😙,😙,EMOJI,1
😚,😚,😚,EMOJI,1
😛,😛,😛,EMOJI,1
😜,😜,😜,EMOJI,1
😝,😝,😝,EMOJI,1
😞,😞,😞,EMOJI,1
😟,😟,😟,EMOJI,1
😠,😠,😠,EMOJI,1
😡,😡,😡,EMOJI,1
😢,😢,😢,EMOJI,1
😣,😣,😣,EMOJI,1
😤,😤,😤,EMOJI,1
😥,😥,😥,EMOJI,1
😦,😦,😦,EMOJI,1
😧,😧,😧,EMOJI,1
😨,😨,😨,EMOJI,1
😩,😩,😩,EMOJI,1
😪,😪,😪,EMOJI,1
😫,😫,😫,EMOJI,1
😬,😬,😬,EMOJI,1
😭,😭,😭,EMOJI,1
😮,😮,😮,EMOJI,1
😮‍💨,😮,😮,EMOJI,3
😯,😯,😯,EMOJI,1
😰,😰,😰,EMOJI,1
😱,😱,😱,EMOJI,1
😲,😲,😲,EMOJI,1
😳,😳,😳,EMOJI,1
😴,😴,😴,EMOJI,1
😵,😵,😵,EMOJI,1
😵‍💫,😵,😵,EMOJI,3
😶,😶,😶,EMOJI,1
😶‍🌫️,😶,😶,EMOJI,4
😷,😷,😷,EMOJI,1
🙁,🙁,🙁,EMOJI,1
🙂,🙂,🙂,EMOJI,1
🙃,🙃,🙃,EMOJI,1
🙄,🙄,🙄,EMOJI,1
🙅‍♀️,🙅,🙅,EMOJI,4
🙈,🙈,🙈,EMOJI,1
🙉,🙉,🙉,EMOJI,1
🙊,🙊,🙊,EMOJI,1
🙋,🙋,🙋,EMOJI,1
🙋‍♀️,🙋,🙋,EMOJI,4
🙏,🙏,🙏,EMOJI,1
🤌,🤌,🤌,EMOJI,1
🤍,🤍,🤍,EMOJI,1
🤎,🤎,🤎,EMOJI,1
🤏,🤏,🤏,EMOJI,1
🤐,🤐,🤐,EMOJI,1
🤑,🤑,🤑,EMOJI,1
🤒,🤒,🤒,EMOJI,1
🤓,🤓,🤓,EMOJI,1
🤔,🤔,🤔,EMOJI,1
🤗,🤗,🤗,EMOJI,1
🤙🏻,🤙,🤙,EMOJI,2
🤝,🤝,🤝,EMOJI,1
🤞,🤞,🤞,EMOJI,1
🤡,🤡,🤡,EMOJI,1
🤢,🤢,🤢,EMOJI,1
🤣,🤣,🤣,EMOJI,1
🤤,🤤,🤤,EMOJI,1
🤥,🤥,🤥,EMOJI,1
🤦,🤦,🤦,EMOJI,1
🤦‍♀️,🤦,🤦,EMOJI,4
🤧,🤧,🤧,EMOJI,1
🤨,🤨,🤨,EMOJI,1
🤩,🤩,🤩,EMOJI,1
🤪,🤪,🤪,EMOJI,1
🤫,🤫,🤫,EMOJI,1
🤬,🤬,🤬,EMOJI,1
🤭,🤭,🤭,EMOJI,1
🤮,🤮,🤮,EMOJI,1
🤯,🤯,🤯,EMOJI,1
🤷‍♀️,🤷,🤷,EMOJI,4
🥀,🥀,🥀,EMOJI,1
🥂,🥂,🥂,EMOJI,1
🥇,🥇,🥇,EMOJI,1
🥰,🥰,🥰,EMOJI,1
🥱,🥱,🥱,EMOJI,1
🥲,🥲,🥲,EMOJI,1
🥳,🥳,🥳,EMOJI,1
🥴,🥴,🥴,EMOJI,1
🥵,🥵,🥵,EMOJI,1
🥶,🥶,🥶,EMOJI,1
🥹,🥹,🥹,EMOJI,1
🥺,🥺,🥺,EMOJI,1
🧐,🧐,🧐,EMOJI,1
🧡,🧡,🧡o,EMOJI,1
🫂,🫂,🫂,EMOJI,1
🫠,🫠,🫠,EMOJI,1
🫡,🫡,🫡,EMOJI,1
🫢,🫢,🫢,EMOJI,1
🫣,🫣,🫣,EMOJI,1
🫤,🫤,🫤,EMOJI,1
🫥,🫥,🫥,EMOJI,1
🫦,🫦,🫦,EMOJI,1
🫰,🫰,🫰,EMOJI,1
🫶,🫶,🫶,EMOJI,1
