comment_id,n_tokens_total,n_tokens_matched,tokens_matched,gioia,tristezza,rabbia,paura,disgusto,fiducia,sorpresa,aspettativa,dominant_emotion
kfrn9t4,8,6,"['vedere', 'film', 'informatico', 'trovare', 'messaggio', 'potenziale']",3.33,0.96,0.84,1.29,0.49000000000000005,2.34,2.79,3.63,aspettativa
kfrlsaj,34,26,"['vedere', 'dire', 'cosa', 'anno', 'difficile', 'mondo', 'cattivo', 'volta', 'presidente', 'repubblica', 'fare', 'discorso', 'profondo', 'netto', 'schifo', 'realtà', 'trovare', 'discorso', 'vedere', 'italiano', 'sembrare', 'vedere', 'film', 'tipo', 'classico', 'battuta']",8.709999999999999,5.5,5.08,5.71,4.38,7.15,6.94,10.29,aspettativa
kfrlcy0,134,107,"['legge', 'italiano', 'ultimo', 'opera', 'leggere', 'avere', 'pazienza', 'provare', 'leggere', 'preferire', 'leggere', 'inglese', 'autore', 'originale', 'avere', 'poco', 'lingua', 'amare', 'fare', 'gioco', 'usare', 'modo', 'parlare', 'locale', 'frase', 'dialogo', 'avere', 'inglese', 'rischiare', 'perdere', 'sfumatura', 'italiano', 'togliere', 'storia', 'avere', 'titolo', 'consigliare', 'partire', 'serie', 'carità', 'scrivere', 'perdere', 'primo', 'contratto', 'primo', 'libro', 'serie', 'trovare', 'noia', 'mortale', 'dare', 'uscire', 'film', 'serie', 'altro', 'opera', 'stesso', 'effetto', 'consigliare', 'considerare', 'livello', 'ultimo', 'opera', 'primo', 'lavoro', 'primo', 'opera', 'mettere', 'scena', 'idea', 'caro', 'prezzo', 'pagina', 'scena', 'sapere', 'extra', 'contenuto', 'abbondante', 'considerare', 'vedere', 'opera', 'punto', 'vista', 'psicologico', 'famoso', 'genere', 'aspettare', 'shock', 'assurdo', 'generazione', 'attuale', 'lettura', 'opera', 'primo', 'venire', 'fare', 'descrizione', 'omicidio', 'scena', 'forte', 'normale', 'serie', 'esplorare', 'piacere', 'piacere', 'esperienza', 'narrativo']",42.269999999999975,21.35,18.439999999999987,19.69999999999999,8.74,31.63000000000001,33.43000000000001,50.049999999999976,aspettativa
kfriclg,2,2,"['birra', 'anno']",0.79,0.25,0.04,0.17,0.08,0.37,0.21000000000000002,0.5800000000000001,gioia
kfrasfz,6,5,"['film', 'carino', 'andare', 'disco', 'amico']",3.2,0.8300000000000001,0.45999999999999996,0.7899999999999999,0.12,1.5,2.17,2.29,gioia
kfrahfl,5,5,"['litigare', 'amico', 'vedere', 'film', 'carino']",3.0300000000000002,1.26,1.3,1.1199999999999999,0.62,1.67,1.88,2.33,gioia
kfr6i7k,8,6,"['riguardare', 'film', 'buono', 'sera', 'vedere', 'ragazzo']",3.41,1.0899999999999999,0.7000000000000001,1.33,0.53,2.0,1.42,2.75,gioia
kfr68tx,17,15,"['super', 'deprimente', 'resto', 'anno', 'grandioso', 'vedere', 'film', 'ascoltare', 'musica', 'cambiare', 'lavoro', 'anno', 'sereno', 'bello', 'conclusione']",8.02,4.42,3.21,3.5,1.71,4.67,5.46,7.44,gioia
kfr2y21,30,22,"['momento', 'casa', 'cazzo', 'attesa', 'mezzanotte', 'fare', 'ennesimo', 'casa', 'anno', 'stare', 'rompere', 'minchia', 'ultimo', 'ricordare', 'passare', 'cinema', 'bello', 'guardare', 'film', 'momento', 'rimproverare', 'proporre']",9.53,7.66,6.33,5.72,2.68,6.0200000000000005,7.52,8.98,gioia
kfr1tvh,26,22,"['vacanza', 'natale', 'durare', 'giustificare', 'compito', 'vacanza', 'tipo', 'esercizio', 'croce', 'libro', 'leggere', 'giusto', 'staccare', 'poco', 'ammettere', 'leggere', 'libro', 'andare', 'leggere', 'guardare', 'film', 'giorno']",9.78,5.46,3.5000000000000004,4.53,2.3200000000000003,7.970000000000001,7.07,11.48,aspettativa
kfqzvf0,36,28,"['ciao', 'cinema', 'trovare', 'scelta', 'coraggioso', 'meraviglioso', 'film', 'momento', 'stesso', 'emozione', 'ricordare', 'festa', 'luminoso', 'rumoroso', 'volta', 'tranquillità', 'buono', 'storia', 'grande', 'schermo', 'modo', 'migliore', 'dare', 'benvenuto', 'nuovo', 'anno', 'speciale', 'luce']",16.72,5.0600000000000005,3.98,5.46,2.14,11.010000000000002,11.949999999999998,13.879999999999999,gioia
kfqtxnf,7,7,"['incredibile', 'film', 'meritare', 'visione', 'sala', 'rimpiangere', 'dire']",3.12,2.55,2.17,1.83,0.9,1.7000000000000002,2.3800000000000003,3.38,aspettativa
kfqtb7d,4,3,"['legittimo', 'film', 'scegliere']",1.46,0.88,0.49999999999999994,0.84,0.24,0.99,0.9199999999999999,1.58,aspettativa
kfqsb6h,3,2,"['film', 'iniziare']",1.5,0.63,0.32999999999999996,0.84,0.16,0.8300000000000001,0.75,1.42,gioia
kfqsanw,58,4,"['re', 'radio', 'bit', 'radio']",1.7400000000000002,0.41,0.71,0.45,0.45,1.05,0.76,1.5,gioia
kfqryaf,15,13,"['lavorare', 'cinema', 'sfigato', 'proiettare', 'film', 'cinema', 'provincia', 'odiare', 'alba', 'anno', 'capire', 'amico', 'film']",6.29,4.87,3.29,3.32,2.5300000000000002,3.1,3.9799999999999995,5.99,gioia
kfqq1vk,1,1,['film'],0.58,0.42,0.29,0.42,0.12,0.04,0.42,0.42,gioia
kfqp4o0,4,4,"['peccato', 'film', 'ambientare', 'anno']",1.1199999999999999,1.25,1.04,1.5499999999999998,0.79,0.8300000000000001,1.26,1.63,aspettativa
kfqnl0l,10,8,"['senso', 'solito', 'film', 'cattivo', 'bisognare', 'salvare', 'situazione', 'maniera']",2.38,1.92,1.88,2.59,1.3299999999999998,1.8299999999999998,2.7800000000000002,2.71,sorpresa
kfqlnf8,39,33,"['dire', 'giorno', 'sentire', 'giorno', 'festa', 'stesso', 'orribile', 'televisione', 'film', 'pubblicità', 'trattare', 'affetto', 'famiglia', 'trovare', 'ombra', 'tenere', 'compagnia', 'abbraccio', 'tenerezza', 'ombra', 'solitudine', 'odiare', 'festa', 'fare', 'albero', 'presepe', 'odiare', 'avere', 'vivere', 'avere', 'amico', 'cercare', 'pensare']",15.989999999999998,8.35,6.62,8.16,4.7,12.93,9.03,15.5,gioia
kfqh5ub,40,27,"['grande', 'gene', 'musicale', 'tempo', 'ridere', 'pensare', 'simile', 'gente', 'avere', 'creatività', 'capace', 'creare', 'pezzo', 'musica', 'classico', 'film', 'sfilata', 'stesso', 'gente', 'mestiere', 'fare', 'pagare', 'bolletta', 'album', 'produrre', 'album', 'costruire']",12.649999999999997,5.11,4.21,4.73,2.5300000000000002,10.050000000000002,8.84,13.600000000000001,aspettativa
kfqfo4n,8,4,"['film', 'fine', 'serie', 'film']",1.4499999999999997,1.59,1.04,1.42,0.41000000000000003,0.33,1.21,1.46,tristezza
kfqcyeu,6,5,"['film', 'avere', 'sala', 'scegliere', 'peggiore']",2.12,1.67,1.4100000000000001,1.7599999999999998,0.8700000000000001,1.03,1.21,2.21,aspettativa
kfqcqz1,4,4,"['film', 'ala', 'libertà', 'vedere']",2.37,0.63,0.58,0.79,0.29000000000000004,1.21,1.08,1.58,gioia
kfqa0qh,3,3,"['bellissimo', 'film', 'vedere']",2.2,0.76,0.5,0.5399999999999999,0.29000000000000004,1.0,1.13,1.71,gioia
kfq9bfr,1,1,['film'],0.58,0.42,0.29,0.42,0.12,0.04,0.42,0.42,gioia
kfq97ju,25,19,"['aspettare', 'euro', 'euro', 'fare', 'colazione', 'pranzo', 'avere', 'ora', 'mezzo', 'film', 'finire', 'ritorno', 'fare', 'uscire', 'cane', 'sperare', 'impazzire', 'buono', 'notte']",8.96,3.01,2.91,3.9299999999999997,1.5400000000000003,6.63,4.86,9.170000000000002,aspettativa
kfq93me,36,31,"['pazienza', 'parlare', 'produzione', 'tipo', 'cinema', 'americano', 'scarso', 'conoscenza', 'fenomeno', 'mafioso', 'motivo', 'successo', 'ottenere', 'romanzo', 'film', 'stesso', 'scrittore', 'nascere', 'famiglia', 'originario', 'guerra', 'mondiale', 'considerare', 'scrivere', 'film', 'cambiare', 'protagonista', 'ruolo', 'principale', 'mescolare', 'carta']",14.120000000000001,8.419999999999998,6.33,7.28,3.8000000000000007,9.14,8.7,13.559999999999999,gioia
kfq68rf,25,20,"['aspettare', 'fratello', 'tornare', 'casa', 'cenare', 'fare', 'andare', 'guardare', 'salotto', 'avere', 'amico', 'aspettare', 'giocare', 'online', 'sapere', 'film', 'pensare', 'incuriosire', 'sapere', 'sembrare']",10.580000000000002,4.78,3.7199999999999998,4.33,1.73,9.12,8.370000000000001,11.76,aspettativa
kfq5dis,2,1,['film'],0.58,0.42,0.29,0.42,0.12,0.04,0.42,0.42,gioia
kfq4tdu,28,21,"['cinema', 'cinema', 'scegliere', 'spettacolo', 'mezzanotte', 'guardare', 'film', 'buio', 'sala', 'isolato', 'mondo', 'film', 'finire', 'scoppiare', 'fastidioso', 'cosa', 'bello', 'vedere', 'fuoco', 'fare', 'vedere']",10.329999999999998,6.2299999999999995,5.33,6.2,3.08,4.7,6.66,9.52,gioia
kfq3ioa,4,4,"['vedere', 'persona', 'film', 'aspettare']",1.96,1.09,1.01,1.29,0.6599999999999999,1.46,1.54,2.0,aspettativa
kfq2oos,4,4,"['unico', 'problema', 'vedere', 'film']",2.12,1.22,1.21,1.1199999999999999,0.41000000000000003,0.9199999999999999,1.25,1.88,gioia
kfq2k02,27,17,"['cenare', 'casa', 'compagna', 'gatto', 'film', 'aspettativa', 'interazione', 'sociale', 'anno', 'celebrare', 'compagnia', 'costo', 'voglia', 'palla', 'casa', 'avere', 'rimproverare']",9.879999999999999,3.8300000000000005,3.2800000000000002,3.3,1.11,7.73,5.35,9.05,gioia
kfq0git,7,5,"['peggiore', 'salvare', 'film', 'rappresentazione', 'mafia']",1.6600000000000001,2.5100000000000002,2.25,2.34,2.0,1.33,1.54,1.96,tristezza
kfpyopt,5,5,"['parte', 'film', 'merda', 'avere', 'invidia']",1.33,1.42,1.95,1.67,1.49,0.78,1.5499999999999998,1.4500000000000002,rabbia
kfpy79e,6,4,"['vedere', 'film', 'fare', 'schifo']",1.6600000000000001,0.63,0.71,0.54,1.29,0.75,1.0,1.54,gioia
kfpwu6m,11,8,"['alternativa', 'interessante', 'dire', 'film', 'ultimo', 'cinema', 'sala', 'piccolo']",3.04,1.7000000000000002,1.2000000000000002,1.51,0.53,0.8700000000000001,2.13,2.63,gioia
kfpsqjg,13,10,"['beh', 'vedere', 'film', 'merda', 'andare', 'vedere', 'migliore', 'film', 'anno', 'dubbio']",4.0600000000000005,2.51,2.25,1.75,1.58,2.29,2.76,4.45,aspettativa
kfpdh6n,35,28,"['fare', 'fare', 'risata', 'venire', 'vita', 'vero', 'dirigente', 'tizio', 'vivere', 'dirigere', 'funzione', 'persona', 'maggioranza', 'comporre', 'italiano', 'vedere', 'figlia', 'andare', 'comprendere', 'italiano', 'concetto', 'lealtà', 'mafioso', 'secolo', 'scorso', 'tentativo', 'film', 'fare']",10.659999999999998,3.9200000000000004,3.22,4.130000000000001,2.0500000000000003,9.689999999999996,5.430000000000001,11.779999999999998,aspettativa
kfp2m2q,19,14,"['tratto', 'diverso', 'isolamento', 'conseguenza', 'raro', 'depressione', 'severo', 'termine', 'stesso', 'legare', 'genere', 'film', 'fumetto', 'donna']",3.28,4.63,2.95,5.67,2.3200000000000003,2.87,3.62,4.75,paura
kfp1f4e,42,35,"['persona', 'grado', 'gestire', 'noia', 'vivere', 'film', 'scena', 'noioso', 'tagliare', 'esistere', 'ignorare', 'sforzo', 'conseguenza', 'dovuto', 'liberare', 'persona', 'valido', 'perso', 'anno', 'stasera', 'divertito', 'continuare', 'lavorare', 'futuro', 'conto', 'ragione', 'piantare', 'dare', 'piantare', 'telefono', 'scherzare', 'anno', 'fare', 'perdere', 'tempo']",11.959999999999996,9.41,6.6899999999999995,8.21,3.1,12.13,9.58,17.01,aspettativa
kfovj7g,79,66,"['torto', 'ragazza', 'anno', 'avere', 'emotivo', 'forte', 'ritrovare', 'situazione', 'difficile', 'vedere', 'debole', 'fragile', 'dare', 'rimettere', 'continuare', 'strada', 'perdere', 'credere', 'frase', 'film', 'esperienza', 'personale', 'osservare', 'persona', 'conoscere', 'arrivare', 'conclusione', 'parte', 'caso', 'uomo', 'diventare', 'vedere', 'compagna', 'mamma', 'sapere', 'prendere', 'avere', 'direzione', 'vita', 'ritrovare', 'single', 'peggiore', 'caso', 'ritrovare', 'crescere', 'figlio', 'dire', 'emotivo', 'tanto', 'dimostrare', 'risolvere', 'situazione', 'donna', 'piacere', 'connessione', 'emotivo', 'piacere', 'ascoltare', 'momento', 'problema', 'mano', 'ragazza', 'compagna', 'moglie', 'vedere', 'tirare']",32.4,16.400000000000002,15.669999999999998,18.299999999999994,8.579999999999998,27.229999999999997,24.740000000000006,32.420000000000016,aspettativa
kfot2rd,136,104,"['festa', 'mettere', 'ansia', 'sacco', 'persona', 'convenzione', 'sociale', 'volere', 'forza', 'divertire', 'stare', 'avviso', 'pensare', 'passare', 'parte', 'vita', 'famiglia', 'locale', 'amico', 'volta', 'mettere', 'disagio', 'cosa', 'sembrare', 'faccia', 'fatto', 'amico', 'ragazza', 'festeggiare', 'avere', 'anno', 'dire', 'festa', 'importare', 'cosa', 'saggia', 'fare', 'amicizia', 'agio', 'stare', 'stesso', 'significare', 'passare', 'casa', 'guardare', 'film', 'venire', 'sera', 'partecipare', 'organizzato', 'casa', 'amico', 'dire', 'persona', 'disagio', 'parte', 'serata', 'allegro', 'ballare', 'fare', 'matto', 'intendere', 'persona', 'opposto', 'bere', 'cosa', 'causare', 'livello', 'salute', 'timido', 'tipo', 'pista', 'fare', 'matto', 'piacere', 'cosa', 'fatto', 'amico', 'aggiungere', 'avere', 'livello', 'confidenza', 'intimo', 'gruppo', 'amico', 'anno', 'raccontare', 'desiderare', 'casa', 'divano', 'guardare', 'bello', 'film', 'avere', 'ansia', 'sapere', 'guardare', 'orologio', 'sperare', 'passare', 'mezzanotte', 'chiudere', 'serata', 'passare']",47.33,20.189999999999998,13.119999999999992,21.31000000000001,8.59,38.23999999999998,32.080000000000034,49.37,aspettativa
kfopnqi,63,46,"['stare', 'uomo', 'avere', 'bisogno', 'crollare', 'credere', 'dare', 'poco', 'contesto', 'anno', 'persona', 'emotivo', 'razionale', 'trovare', 'esperienza', 'nuovo', 'ritrovare', 'emotivo', 'spiegare', 'conoscere', 'stesso', 'giorno', 'lato', 'bello', 'frase', 'film', 'lasciare', 'tempo', 'trovare', 'ragazza', 'volta', 'anno', 'conoscenza', 'avere', 'momento', 'dire', 'buono', 'grado', 'critica', 'utile', 'tornare', 'forte', 'stabile', 'guardare', 'futuro', 'adulto']",21.11,12.159999999999998,8.790000000000001,13.220000000000002,4.25,19.83,16.319999999999997,23.549999999999997,aspettativa
kfoofsb,59,42,"['dire', 'paura', 'tradire', 'volere', 'tradire', 'motivo', 'geloso', 'dire', 'stare', 'perdere', 'interesse', 'messaggio', 'mandare', 'vita', 'vuoto', 'fidare', 'relazione', 'morire', 'paura', 'vedere', 'avere', 'paura', 'perdere', 'romantico', 'film', 'realtà', 'avere', 'opzione', 'ultimo', 'spiaggia', 'disperazione', 'anonimo', 'ragazzo', 'scopare', 'vedere', 'succedere', 'mandare', 'gente', 'caso', 'modo', 'fidare', 'fine']",14.139999999999999,12.979999999999995,11.849999999999994,13.169999999999998,6.33,13.17,12.610000000000001,16.629999999999995,aspettativa
kfonjny,17,10,"['problema', 'amico', 'entrare', 'notte', 'inutile', 'fare', 'bello', 'casa', 'bello', 'film']",5.08,2.34,2.09,2.09,0.41,3.25,4.37,5.12,aspettativa
kfomcua,23,18,"['certa', 'gente', 'mancare', 'cultura', 'parte', 'individuare', 'turista', 'ragazzo', 'ragazzo', 'film', 'zombie', 'italiano', 'finire', 'mettere', 'anello', 'ragazza', 'mettere', 'paio']",7.11,3.8899999999999997,2.79,2.81,2.0200000000000005,6.24,5.32,7.56,aspettativa
kfomc19,68,51,"['evento', 'tipo', 'roba', 'disegno', 'parlare', 'disegno', 'riguardare', 'interesse', 'politico', 'vedere', 'duro', 'film', 'politico', 'rappresentare', 'modo', 'vedere', 'società', 'vedere', 'comico', 'personaggio', 'rappresentare', 'visione', 'venire', 'teatro', 'fare', 'incontro', 'pubblico', 'comico', 'uscire', 'trovare', 'scusa', 'esterno', 'evento', 'servire', 'pretesto', 'organizzare', 'cena', 'gruppo', 'amico', 'dire', 'amica', 'inventare', 'scusa', 'locale', 'accettare', 'cosa', 'rosa', 'amico', 'trovare', 'motivo', 'uscire']",23.17999999999999,9.929999999999996,9.719999999999997,9.840000000000002,5.670000000000001,17.499999999999996,16.729999999999997,25.840000000000003,aspettativa
kfoie41,9,7,"['film', 'animato', 'strano', 'chiamare', 'roba', 'dimenticare', 'dio']",2.2399999999999998,1.7499999999999998,1.4600000000000002,1.7999999999999998,0.7499999999999999,1.46,1.67,1.92,gioia
kfoeu3o,5,5,"['dire', 'rendere', 'felice', 'film', 'top']",3.04,0.9199999999999999,0.54,0.6699999999999999,0.37,1.75,1.72,2.67,gioia
kfoeqz0,5,3,"['consigliare', 'film', 'primo']",1.6600000000000001,0.75,0.62,0.67,0.2,0.9600000000000001,0.96,1.75,aspettativa
kfodzqa,54,36,"['problema', 'persona', 'super', 'controllo', 'parte', 'potente', 'chimico', 'volta', 'incontro', 'discorso', 'banale', 'evitare', 'lavoro', 'pensione', 'animale', 'gossip', 'locale', 'successo', 'personale', 'cosa', 'serio', 'tipo', 'finire', 'auto', 'attenzione', 'evitare', 'auto', 'elettrico', 'inquinamento', 'musica', 'film', 'meteo', 'clima', 'evento', 'cosa', 'tipo']",13.059999999999999,10.409999999999998,9.569999999999997,11.36,6.34,9.429999999999996,11.299999999999999,14.720000000000002,aspettativa
kfo9zdl,46,33,"['pensare', 'parente', 'differenza', 'vivere', 'avvocato', 'popolo', 'costituzione', 'dare', 'ragione', 'fare', 'festa', 'poliziotto', 'vedere', 'vario', 'club', 'ballare', 'storia', 'volta', 'pericoloso', 'casa', 'film', 'aggredire', 'figlia', 'allargare', 'giovane', 'vecchio', 'stare', 'compreso', 'moglie', 'giovane', 'avere', 'soggetto', 'fragile']",15.370000000000001,6.7299999999999995,7.35,8.84,2.9400000000000004,13.569999999999999,10.499999999999998,16.079999999999995,aspettativa
kfmnw1o,15,10,"['legge', 'frase', 'bello', 'film', 'francese', 'colonna', 'sonoro', 'recente', 'sdoganare', 'divulgare']",4.0,1.45,1.37,1.58,0.87,2.7300000000000004,2.83,4.24,aspettativa
kfml0rl,215,170,"['andare', 'liceo', 'stare', 'ragazza', 'stesso', 'classe', 'livello', 'culturale', 'compagno', 'includere', 'basso', 'potere', 'considerare', 'ragazzo', 'completo', 'senso', 'sembrare', 'vivente', 'fare', 'esempio', 'secchione', 'classe', 'incapace', 'ragazzino', 'carino', 'bello', 'bello', 'fare', 'prezioso', 'avere', 'personalità', 'piatto', 'finta', 'ricordare', 'nome', 'parlare', 'avere', 'idea', 'fare', 'santo', 'giorno', 'mese', 'integrare', 'pessimo', 'stima', 'fine', 'avere', 'momento', 'felicità', 'chiedere', 'assenza', 'andare', 'avere', 'fine', 'popolare', 'ricercare', 'strano', 'incredibile', 'confronto', 'tempo', 'buono', 'rapporto', 'ragazza', 'impossibile', 'avere', 'comunicazione', 'storia', 'finire', 'arrivare', 'sesto', 'mese', 'voto', 'avere', 'preoccupazione', 'esclusione', 'arrivare', 'felicità', 'scena', 'film', 'squallido', 'pensiero', 'inutile', 'concentrare', 'sentimento', 'persona', 'potere', 'riconoscere', 'istante', 'successivo', 'provare', 'felicità', 'momento', 'rendere', 'conto', 'felicità', 'dare', 'creare', 'spazio', 'ansia', 'resto', 'felicità', 'pensiero', 'percezione', 'ricordare', 'pensare', 'dolore', 'incertezza', 'dolore', 'agganciare', 'realtà', 'cosa', 'sensazione', 'andare', 'bisogno', 'fine', 'sembrare', 'incertezza', 'ritenere', 'positivo', 'tentare', 'ritrovare', 'felicità', 'analizzare', 'facile', 'ottenere', 'raggiungere', 'livello', 'lato', 'tenere', 'piacere', 'sperimentare', 'felicità', 'vero', 'fare', 'sentire', 'vivo', 'felice', 'momento', 'triste', 'piacevole', 'caso', 'felicità', 'presente', 'altro', 'momento', 'provare', 'gioia', 'vedere', 'emozione', 'felicità', 'particolare', 'emozione', 'difficile', 'provare', 'personale', 'esperienza', 'parte', 'volta', 'sentire', 'contentezza', 'soddisfazione', 'gratitudine', 'seguito', 'volontario', 'felicità', 'dire', 'provare', 'felicità', 'volta', 'parere']",78.43999999999997,38.449999999999974,32.290000000000006,39.77999999999998,20.369999999999994,65.34999999999998,62.29999999999997,84.17000000000006,aspettativa
kfm0yxd,5,5,"['cena', 'casa', 'bello', 'film', 'stare']",3.42,1.13,0.6599999999999999,0.71,0.32,1.75,2.17,2.71,gioia
kflts3d,7,7,"['ultimo', 'anno', 'riguardare', 'film', 'consigliare', 'fare', 'piacere']",2.8200000000000003,1.7999999999999998,1.45,1.67,0.61,2.29,1.5799999999999998,3.4099999999999997,aspettativa
kfl64rp,37,28,"['piangere', 'assurdo', 'servizio', 'parte', 'legare', 'biblioteca', 'sapere', 'fare', 'leggere', 'libro', 'avere', 'libro', 'fisico', 'libro', 'leggere', 'bello', 'voce', 'camminare', 'assurdo', 'prezzo', 'avere', 'servizio', 'abbonamento', 'singolo', 'prezzo', 'caso', 'film', 'costare']",10.889999999999992,5.4399999999999995,5.3100000000000005,5.69,3.1000000000000005,8.3,9.06,11.49,aspettativa
kfl4gnk,13,10,"['piccolo', 'guardare', 'film', 'cartone', 'pirata', 'convinto', 'trovare', 'tesoro', 'fare', 'fratello']",4.33,1.3599999999999999,1.12,1.4900000000000002,0.9,3.71,3.54,4.83,aspettativa
kfl1n2c,3,3,"['film', 'vedere', 'volta']",1.62,0.84,0.71,0.67,0.33,0.71,0.83,1.25,gioia
kfkp9vx,4,4,"['film', 'mentale', 'stare', 'tranquillo']",2.25,1.0899999999999999,0.49,0.71,0.32,1.5300000000000002,1.46,1.96,gioia
kfkcsgy,372,235,"['gente', 'veloce', 'brillante', 'solare', 'televisione', 'genere', 'scomparire', 'musica', 'stile', 'doppio', 'crescere', 'anno', 'soldo', 'comprare', 'casa', 'giorno', 'crescere', 'nuovo', 'radio', 'televisione', 'locale', 'mago', 'italiano', 'triste', 'mago', 'gente', 'ricordare', 'anno', 'dance', 'commerciale', 'tipico', 'epoca', 'fare', 'sembrare', 'mondo', 'solare', 'fine', 'famiglia', 'cristiano', 'centro', 'sinistra', 'italiano', 'fare', 'sembrare', 'nuovo', 'radio', 'locale', 'dance', 'gente', 'euforico', 'computer', 'potente', 'anno', 'arrivare', 'segmento', 'sdoganare', 'digitale', 'auto', 'segmento', 'stile', 'lanciare', 'piccolo', 'sicuro', 'costare', 'vedere', 'anno', 'costoso', 'scarso', 'anno', 'lettore', 'pratico', 'cassetta', 'auto', 'clima', 'fare', 'sentire', 'italiano', 'primo', 'spot', 'erotico', 'vero', 'film', 'porno', 'mondo', 'gente', 'euforico', 'guardare', 'rete', 'locale', 'canale', 'cellulare', 'status', 'ricco', 'divenire', 'mezzo', 'libertà', 'usare', 'terzo', 'mano', 'avere', 'cellulare', 'ragazzo', 'piacere', 'telefonare', 'filtro', 'genitore', 'film', 'cinema', 'bello', 'fare', 'ridere', 'sognare', 'bit', 'sala', 'gioco', 'gioco', 'sala', 'gioco', 'italiano', 'italiano', 'triste', 'radio', 'televisione', 'locale', 'settembre', 'crescita', 'basare', 'impresa', 'mercato', 'protezione', 'statale', 'condizione', 'familiare', 'lancia', 'alfa', 'tenere', 'banco', 'mito', 'tenere', 'botta', 'nostalgico', 'triste', 'italiano', 'finire', 'diventare', 'gruppo', 'lancia', 'alfa', 'inesistente', 'elettronico', 'francese', 'triste', 'prezzo', 'post', 'euro', 'contrario', 'stella', 'auto', 'prezzo', 'stella', 'triste', 'povero', 'stipendio', 'fermo', 'botta', 'italiano', 'lite', 'piccolo', 'impresa', 'chiuso', 'anno', 'anno', 'comprare', 'costare', 'costare', 'segmento', 'anno', 'italiano', 'felice', 'colpo', 'grosso', 'ragazza', 'anno', 'nudo', 'televisione', 'nazionale', 'porno', 'sparire', 'cellulare', 'vecchio', 'anno', 'frequentare', 'cellulare', 'cercare', 'giovane', 'felice', 'avere', 'possibilità', 'roba', 'vecchio', 'fumetto', 'musica', 'film', 'fare', 'cagare', 'giro', 'giovane', 'fragile', 'credere', 'mondo', 'filtro', 'girare', 'cameriere', 'fare', 'fotografare', 'cliente', 'ristorante', 'lavorare', 'mese', 'credere', 'comprare', 'mese', 'giovane', 'nascere', 'avere', 'anno', 'regalare', 'scuola', 'medio', 'mini', 'aggredire', 'regalo', 'povero', 'disastro', 'totale']",90.13000000000008,50.1,39.27999999999998,45.63000000000001,23.539999999999953,66.52999999999999,68.46000000000001,95.05000000000001,aspettativa
kfk9ow6,34,25,"['pizza', 'posto', 'pizza', 'napoletano', 'vivo', 'abitare', 'gestire', 'napoletano', 'assicurare', 'leggero', 'avere', 'pane', 'parlare', 'pensare', 'tagliare', 'spicchio', 'pensare', 'bocca', 'vedere', 'film', 'americano', 'credere', 'sbagliare', 'tipo', 'pizza']",11.53,4.3500000000000005,3.7,4.16,1.6600000000000001,8.08,5.330000000000001,10.869999999999997,gioia
kfk61j0,48,25,"['italiano', 'ragazzo', 'latino', 'americano', 'donna', 'immaginario', 'italiano', 'eterno', 'italiano', 'copiare', 'donna', 'spagnolo', 'portoghese', 'ascoltare', 'musica', 'credere', 'brutto', 'grazie', 'identificare', 'droga', 'dormire', 'mangiare', 'film', 'anno', 'cartone']",9.299999999999999,5.47,4.91,4.54,3.1,6.83,6.529999999999999,9.229999999999999,gioia
kfk1hqj,13,12,"['dipendere', 'gene', 'avere', 'nascita', 'consiglio', 'film', 'fantascienza', 'porta', 'universo', 'trattare', 'tema', 'genetico']",3.79,2.5,1.96,4.09,1.37,4.2,3.9800000000000004,6.09,aspettativa
kfk08pw,13,13,"['motivo', 'segnalazione', 'copyright', 'fare', 'cazzo', 'cane', 'curioso', 'passo', 'pubblicare', 'video', 'musica', 'videogioco', 'film']",5.579999999999999,2.51,3.0,2.38,1.5,3.3600000000000003,4.14,4.9,gioia
kfjvr3u,301,223,"['evento', 'anno', 'libero', 'aggiungere', 'governo', 'abolire', 'reddito', 'cittadinanza', 'opera', 'inutile', 'apparato', 'fare', 'accordo', 'fallire', 'risolvere', 'problema', 'scoprire', 'blocco', 'fare', 'importare', 'sapere', 'sapere', 'chiedere', 'testa', 'volere', 'fare', 'finta', 'confermare', 'fare', 'uso', 'cazzata', 'scandalo', 'appalto', 'periodo', 'accendere', 'dibattito', 'arma', 'capire', 'fare', 'fare', 'sindacato', 'bisognare', 'dire', 'merito', 'disastro', 'gestione', 'morire', 'anno', 'rete', 'partire', 'teoria', 'governo', 'ladro', 'colpa', 'indignazione', 'colorato', 'soldo', 'fare', 'risolvere', 'guardare', 'prevedere', 'fare', 'lavoro', 'salario', 'minimo', 'proposta', 'unire', 'opposizione', 'contrario', 'idea', 'annunciare', 'fare', 'ponte', 'stretto', 'sospetto', 'ennesimo', 'querelare', 'settimana', 'fare', 'lavoro', 'proporre', 'vicenda', 'crociata', 'serie', 'mafia', 'dire', 'avere', 'ragione', 'inventare', 'settimana', 'palla', 'omicidio', 'osceno', 'seguire', 'spiegare', 'persona', 'orribile', 'cavallo', 'frase', 'vento', 'reazione', 'colorato', 'manifestazione', 'piazza', 'sapere', 'cosa', 'clima', 'carico', 'attacco', 'quadro', 'monumento', 'premio', 'attore', 'protagonista', 'corsa', 'accusare', 'motivo', 'chiesa', 'cercare', 'mondo', 'moderno', 'fatica', 'riuscire', 'pronunciare', 'nome', 'paura', 'offendere', 'centro', 'scandalo', 'comportamento', 'bambino', 'accusa', 'volare', 'religione', 'paese', 'cinema', 'senso', 'fare', 'girare', 'sacco', 'soldo', 'rilanciare', 'mondo', 'cinematografico', 'guerra', 'giocare', 'stesso', 'film', 'grande', 'fatto', 'dimostrare', 'sequenza', 'giocare', 'carta', 'sperare', 'disastro', 'ultimo', 'decennio', 'serie', 'funzionare', 'spada', 'rosso', 'serie', 'fare', 'schifo', 'continuare', 'diventare', 'felice', 'biglietto', 'vincente', 'vendere', 'sperare', 'ricevere', 'parte', 'parere', 'forte', 'influenzare', 'elezione', 'americano', 'altro', 'parte', 'cantante', 'via', 'uscita', 'capire', 'musica', 'alternativo', 'trovare', 'nuovo', 'linfa', 'grazie', 'anno', 'diverso', 'uguale', 'scelta', 'comunicazione', 'prodotto', 'top', 'vendita', 'rimanere', 'indignazione', 'generale', 'durare', 'tennis', 'coppa', 'sacco', 'anno', 'cercare', 'gufare', 'fine', 'abolire', 'crescita', 'calcio', 'club', 'sentenza', 'corte', 'europeo', 'sconvolgere', 'dinamica', 'calcio', 'club', 'fare', 'cagare']",77.99999999999999,48.64999999999999,51.849999999999966,53.65999999999998,31.860000000000003,65.55999999999999,61.30999999999998,94.69000000000005,aspettativa
kfjvb72,16,10,"['scarico', 'film', 'serie', 'guardare', 'caso', 'posto', 'internet', 'programma', 'pagamento', 'esempio']",2.84,1.66,1.29,1.5499999999999998,1.4100000000000001,2.34,3.12,4.46,aspettativa
kfjsh08,244,181,"['evento', 'significativo', 'anno', 'governo', 'abolire', 'reddito', 'cittadinanza', 'opera', 'inutile', 'apparato', 'fare', 'accordo', 'fallire', 'risolvere', 'problema', 'scoprire', 'blocco', 'fare', 'importare', 'sapere', 'sapere', 'chiedere', 'testa', 'volere', 'fare', 'finta', 'confermare', 'fare', 'uso', 'cazzata', 'scandalo', 'appalto', 'periodo', 'arma', 'capire', 'fare', 'fare', 'sindacato', 'bisognare', 'dire', 'merito', 'morire', 'anno', 'rete', 'partire', 'teoria', 'governo', 'ladro', 'colpa', 'indignazione', 'colorato', 'soldo', 'fare', 'risolvere', 'guardare', 'prevedere', 'fare', 'lavoro', 'salario', 'minimo', 'proposta', 'unire', 'opposizione', 'contrario', 'idea', 'fare', 'ponte', 'stretto', 'querelare', 'settimana', 'fare', 'lavoro', 'proporre', 'vicenda', 'crociata', 'serie', 'mafia', 'dire', 'avere', 'ragione', 'inventare', 'settimana', 'palla', 'omicidio', 'osceno', 'seguire', 'spiegare', 'persona', 'orribile', 'cavallo', 'frase', 'vento', 'reazione', 'colorato', 'manifestazione', 'piazza', 'sapere', 'clima', 'carico', 'attacco', 'quadro', 'monumento', 'premio', 'attore', 'protagonista', 'corsa', 'accusare', 'motivo', 'chiesa', 'cercare', 'mondo', 'moderno', 'fatica', 'chiedere', 'cinema', 'senso', 'fare', 'girare', 'sacco', 'soldo', 'rilanciare', 'mondo', 'cinematografico', 'guerra', 'giocare', 'stesso', 'film', 'grande', 'fatto', 'dimostrare', 'sequenza', 'giocare', 'carta', 'sperare', 'disastro', 'ultimo', 'decennio', 'serie', 'funzionare', 'spada', 'rosso', 'fare', 'schifo', 'continuare', 'diventare', 'felice', 'biglietto', 'vincente', 'vendere', 'sperare', 'ricevere', 'parte', 'parere', 'forte', 'influenzare', 'elezione', 'americano', 'altro', 'parte', 'cantante', 'via', 'uscita', 'capire', 'musica', 'alternativo', 'trovare', 'nuovo', 'linfa', 'grazie', 'anno', 'diverso', 'uguale', 'scelta', 'comunicazione', 'prodotto', 'top', 'vendita', 'rimanere', 'indignazione', 'generale', 'durare']",64.60999999999999,39.46,40.199999999999974,41.96999999999999,24.889999999999993,53.27999999999999,49.029999999999994,78.92000000000002,aspettativa
kfjmsab,36,22,"['pagare', 'euro', 'costare', 'fregare', 'certo', 'parlare', 'entrare', 'film', 'mezzo', 'inverosimile', 'mezzo', 'film', 'video', 'accettabile', 'boh', 'pesare', 'arrivare', 'limitato', 'chiedere', 'porto', 'arma', 'pistola']",5.62,5.54,5.99,6.409999999999999,3.54,4.71,6.35,6.97,aspettativa
kfjmag6,30,25,"['credere', 'bastare', 'fare', 'telefonata', 'chiedere', 'ricordare', 'precedente', 'film', 'rifiutare', 'morire', 'diventare', 'sinistra', 'chiamare', 'chiedere', 'avere', 'voce', 'bello', 'uomo', 'modo', 'dire', 'segnale', 'inferno', 'evidente', 'parlare', 'italiano']",7.700000000000001,5.62,3.9899999999999998,6.180000000000001,2.4000000000000004,6.41,5.73,9.24,aspettativa
kfjkbi8,19,13,"['credere', 'sapere', 'sicuro', 'guardare', 'film', 'precedente', 'aspettare', 'titolo', 'coda', 'conscio', 'fatto', 'lavoro', 'complicato']",5.04,3.72,2.74,2.5900000000000003,1.24,5.33,3.55,5.84,aspettativa
kfjbnij,63,52,"['scusa', 'fare', 'giornata', 'avere', 'ora', 'dormire', 'lavoro', 'viaggio', 'andare', 'ritorno', 'rimanere', 'ora', 'giorno', 'spendere', 'cosa', 'discorso', 'fatto', 'tempo', 'volta', 'ora', 'vero', 'tempo', 'libero', 'spendere', 'hobby', 'contare', 'weekend', 'estate', 'fare', 'lavoro', 'occupare', 'ora', 'giorno', 'giorno', 'riposo', 'modo', 'altro', 'tempo', 'leggere', 'poco', 'vedere', 'film', 'giocare', 'trovare', 'certo', 'punto', 'staccare', 'fare', 'diventare', 'salute', 'mentale', 'divertimento']",23.109999999999992,10.019999999999996,5.590000000000001,9.08,2.1200000000000006,18.449999999999992,13.479999999999999,26.19000000000001,aspettativa
kfj0hc9,13,9,"['stesso', 'dire', 'film', 'fischiare', 'ragazza', 'film', 'rifiutare', 'casa', 'editore']",3.9000000000000004,2.35,1.8599999999999999,1.92,1.08,2.73,3.39,4.23,aspettativa
kfiypdk,38,29,"['problema', 'radicale', 'donna', 'diventare', 'super', 'nudo', 'fingere', 'figa', 'avere', 'terrorizzare', 'volta', 'camminare', 'andare', 'auto', 'ritorno', 'negozio', 'capitare', 'ragazza', 'giro', 'girare', 'fobico', 'seguire', 'film', 'pieno', 'film', 'psicopatico', 'canale', 'fare', 'effetto']",9.239999999999998,5.630000000000001,6.300000000000001,9.159999999999997,4.050000000000001,7.760000000000001,8.629999999999999,11.200000000000001,aspettativa
kfiyc6j,11,7,"['limitare', 'guardare', 'film', 'serie', 'fare', 'illegale', 'zona']",1.62,2.0500000000000003,2.04,2.0,1.49,1.2500000000000002,1.4500000000000002,2.67,aspettativa
kfi3hul,8,6,"['leggere', 'italiano', 'tanto', 'piacere', 'guardare', 'film']",3.25,1.3900000000000001,1.21,1.25,0.91,2.04,2.37,3.0,gioia
kfhdrlw,6,4,"['cattivo', 'film', 'dispiacere', 'sperare']",1.33,2.01,1.83,2.1799999999999997,1.29,1.04,1.33,1.79,paura
kfh2nah,7,6,"['ottimo', 'guardare', 'serie', 'film', 'gioco', 'musica']",4.09,1.5,1.21,0.84,0.5399999999999999,2.17,2.84,3.21,gioia
kfh1jiu,29,22,"['peccato', 'sistema', 'marcio', 'radice', 'possibilità', 'film', 'euro', 'abbonare', 'minimo', 'sito', 'merda', 'usare', 'prestito', 'materiale', 'avere', 'percezione', 'gioco', 'stare', 'sicuro', 'parlare', 'materiale', 'impossibile']",6.37,5.21,4.51,4.61,3.7800000000000002,6.55,5.34,7.87,aspettativa
kfgz87v,6,3,"['rimanere', 'guardare', 'film']",1.33,0.84,0.54,0.6699999999999999,0.32999999999999996,0.54,0.96,1.3399999999999999,aspettativa
kfgonfg,6,4,"['guardare', 'film', 'americano', 'esistere']",1.79,1.25,1.29,1.38,0.58,1.1600000000000001,1.6600000000000001,2.09,aspettativa
kfgmjry,179,128,"['cosa', 'fare', 'spazio', 'vero', 'identico', 'parte', 'ecosistema', 'parte', 'abbonamento', 'spazio', 'difficile', 'trovare', 'alternativa', 'stesso', 'prezzo', 'integrare', 'documento', 'desktop', 'avere', 'uso', 'attività', 'differente', 'desktop', 'documento', 'modo', 'prodotto', 'valido', 'livello', 'film', 'sapere', 'altro', 'servizio', 'fine', 'computer', 'creare', 'sistema', 'piacere', 'sacco', 'cosa', 'interessare', 'discorso', 'musica', 'avere', 'materiale', 'nozione', 'aggiungere', 'dire', 'installare', 'fare', 'media', 'manager', 'film', 'serie', 'fare', 'stesso', 'cosa', 'musica', 'usare', 'grado', 'gestire', 'archivio', 'offrire', 'orientare', 'musica', 'migliore', 'supporto', 'fila', 'desktop', 'uso', 'utilizzare', 'accedere', 'casa', 'avere', 'pubblico', 'utilizzo', 'accedere', 'creare', 'avere', 'fibra', 'misto', 'rame', 'andare', 'galera', 'italiano', 'andare', 'connessione', 'fare', 'musica', 'canzone', 'velocità', 'venire', 'idea', 'guardare', 'film', 'casa', 'mantenere', 'banda', 'aspettare', 'minuto', 'partire', 'sentire', 'esigenza', 'casa', 'stare', 'schermo', 'invitare', 'visitare', 'aprire', 'mondo', 'bello', 'atmosfera', 'aiutare', 'giudizio', 'modalità', 'primo', 'traccia', 'ascoltare', 'vecchio', 'libreria', 'album', 'credere', 'coincidenza', 'difficile', 'ignorare', 'avere', 'curiosità', 'riguardo', 'chiedere']",46.940000000000005,23.24,18.729999999999997,23.749999999999986,9.249999999999996,40.069999999999986,36.45999999999999,53.21999999999999,aspettativa
kfglt7h,69,48,"['avere', 'anno', 'piacere', 'significare', 'vedere', 'avere', 'risposta', 'perfetto', 'avere', 'pallido', 'idea', 'cosa', 'sembrare', 'problema', 'trattare', 'esperienza', 'competenza', 'bravo', 'cosa', 'dire', 'rifiuto', 'terapia', 'stupido', 'ignoranza', 'vedere', 'film', 'avere', 'carenza', 'ferro', 'medico', 'vita', 'prendere', 'problema', 'diverso', 'volta', 'corpo', 'nascita', 'fortuna', 'decennio', 'progresso', 'campo', 'medico', 'dire', 'fare', 'rimedio', 'vivere', 'vita', 'migliore']",18.59,9.82,9.199999999999998,13.649999999999993,6.090000000000001,18.439999999999994,14.479999999999993,24.300000000000004,aspettativa
kfglt0l,94,70,"['generale', 'persona', 'attivo', 'fare', 'cosa', 'rendere', 'colto', 'sapere', 'ragionare', 'cosa', 'conoscere', 'cosa', 'sapere', 'avere', 'insegnare', 'franchezza', 'stare', 'cosa', 'chiedere', 'avere', 'sapere', 'domanda', 'compito', 'inglese', 'cosa', 'chiedere', 'adulto', 'sognare', 'chiedere', 'ragazza', 'trovare', 'domanda', 'ridicolo', 'sapere', 'strano', 'senso', 'hobby', 'attività', 'scegliere', 'vita', 'tipo', 'lavoro', 'fare', 'ora', 'settimana', 'chiedere', 'piacere', 'fare', 'tempo', 'libero', 'trovare', 'pesca', 'mese', 'avere', 'passione', 'fotografia', 'coltivare', 'avere', 'inverno', 'fare', 'ragazzino', 'chiedere', 'hobby', 'film', 'parere', 'rispondere', 'fare', 'vita', 'respiro', 'mangiare']",28.81999999999998,11.689999999999998,8.05,12.639999999999997,5.08,25.019999999999992,17.32999999999999,32.709999999999994,aspettativa
kfgddtx,38,27,"['credere', 'mano', 'fare', 'conseguenza', 'forza', 'andare', 'odiare', 'abituare', 'silenzio', 'sapere', 'fare', 'altro', 'modo', 'adolescente', 'piacere', 'andare', 'ricordare', 'riprovare', 'turno', 'lavoro', 'restare', 'casa', 'sentire', 'musica', 'vedere', 'video', 'film']",11.729999999999999,6.5,5.19,5.0,3.08,8.899999999999999,7.11,11.359999999999998,gioia
kfgcy72,8,7,"['smettere', 'alcol', 'gioco', 'diverso', 'smettere', 'guardare', 'film']",2.37,2.38,2.55,2.3,1.8599999999999999,1.62,2.63,2.7299999999999995,aspettativa
kfg6cuy,19,14,"['dipendenza', 'dipendenza', 'certo', 'genere', 'film', 'cosa', 'diverso', 'dipendere', 'film', 'stesso', 'ora', 'giorno', 'bastare', 'smettere']",3.87,4.38,3.5,4.5,2.3100000000000005,3.7800000000000002,3.2,5.18,aspettativa
kffloe5,36,29,"['italiano', 'medio', 'fare', 'nero', 'onesto', 'chiudere', 'difficile', 'impresa', 'medio', 'piccolo', 'fare', 'titolare', 'problema', 'principale', 'paese', 'film', 'italiano', 'decennio', 'presentare', 'personaggio', 'mentalità', 'fregare', 'caratteristica', 'avere', 'parte', 'estero', 'sembrare', 'trovare', 'naturale']",7.890000000000001,4.28,4.69,5.94,2.5500000000000007,7.2700000000000005,7.07,10.859999999999998,aspettativa
kffepeb,65,46,"['bambino', 'intelligente', 'film', 'contenere', 'enormità', 'passare', 'locale', 'intero', 'pianeta', 'intero', 'pianeta', 'distruggere', 'colpo', 'esibire', 'poco', 'spada', 'bambino', 'intelligente', 'avere', 'pochino', 'afferrare', 'concetto', 'ordine', 'grandezza', 'sapere', 'differenza', 'città', 'metropolitano', 'anima', 'probabilità', 'infimo', 'fare', 'incontro', 'improbabile', 'differenza', 'città', 'metropolitano', 'nazione', 'continente', 'intero', 'pianeta', 'scrivere', 'sceneggiatura', 'pensare', 'effetto', 'speciale']",13.219999999999999,7.620000000000001,7.03,8.18,3.2000000000000006,11.619999999999997,11.869999999999997,15.850000000000003,aspettativa
kff7jy4,9,9,"['piacere', 'vedere', 'reazione', 'persona', 'svelare', 'informazione', 'superare', 'vedere', 'film']",5.37,2.23,2.3,3.24,1.88,3.63,4.08,5.26,gioia
kff2s6e,40,27,"['inventare', 'giovane', 'rispondere', 'piacere', 'film', 'diverso', 'solito', 'strano', 'colorato', 'film', 'volta', 'volta', 'bastare', 'rispondere', 'volta', 'dare', 'scoprire', 'spazio', 'volta', 'cosa', 'nuovo', 'anno', 'vedere', 'volta', 'volta', 'cosa', 'nuovo']",11.659999999999997,5.97,5.0,6.6899999999999995,2.8600000000000003,7.87,8.68,11.869999999999996,aspettativa
kff2aw2,129,91,"['guardare', 'arte', 'piacere', 'restare', 'arte', 'statistica', 'internazionale', 'mettere', 'italiano', 'primo', 'posto', 'presente', 'spettatore', 'occhiale', 'vista', 'sole', 'fare', 'tempo', 'dire', 'alimentare', 'creare', 'culturale', 'trovare', 'continuo', 'media', 'fare', 'finestra', 'mondo', 'spezzare', 'prodotto', 'anima', 'comprendere', 'genere', 'gusto', 'fascia', 'età', 'diventare', 'cartone', 'animato', 'ragazzo', 'conoscere', 'inglese', 'seguire', 'leggere', 'avere', 'strumento', 'dire', 'bello', 'brutto', 'massimo', 'apprezzare', 'fotografia', 'colonna', 'sonoro', 'cantare', 'allenare', 'armonia', 'film', 'lingua', 'originale', 'intendere', 'mostro', 'prodotto', 'conseguenza', 'situazione', 'bambino', 'spettatore', 'madre', 'italiano', 'bambino', 'noioso', 'parere', 'abbassare', 'volume', 'dare', 'conseguenza', 'situazione', 'mostro', 'originale', 'lavoro', 'regista', 'buttare', 'finestra', 'film', 'diverso', 'volta', 'episodio', 'stagione', 'episodio', 'volta', 'record']",37.10999999999998,15.200000000000003,10.699999999999996,15.32,8.489999999999997,28.119999999999983,26.86000000000001,39.76,aspettativa
kff2083,156,121,"['articolo', 'impressione', 'caldo', 'primo', 'fortunato', 'spettatore', 'universitario', 'amare', 'letteratura', 'primo', 'film', 'fantascienza', 'andare', 'vedere', 'piacere', 'rimanere', 'affascinare', 'sequenza', 'bar', 'battaglia', 'spaziale', 'divertente', 'giocare', 'storia', 'continuare', 'divertente', 'primo', 'film', 'effetto', 'gruppo', 'chiedere', 'pensare', 'impressionare', 'film', 'colpire', 'rispondere', 'vedere', 'mostro', 'stesso', 'piano', 'umano', 'vero', 'personaggio', 'interessante', 'mostro', 'uomo', 'umano', 'divertire', 'trama', 'esistere', 'film', 'fare', 'momento', 'spettacolare', 'riuscire', 'concludere', 'film', 'fantascienza', 'giovane', 'rispondere', 'piacere', 'film', 'diverso', 'solito', 'strano', 'colorato', 'film', 'volta', 'volta', 'bastare', 'rispondere', 'volta', 'dare', 'scoprire', 'spazio', 'volta', 'cosa', 'nuovo', 'giovane', 'operaio', 'conoscere', 'amare', 'spazio', 'irritare', 'divertire', 'eccezionale', 'divertente', 'dire', 'sincero', 'facile', 'cinema', 'pubblico', 'divertire', 'emozionare', 'fare', 'sopravvivere', 'universo', 'passare', 'decennio', 'arrivare', 'grande', 'forma', 'pronto', 'nuovo', 'grazie', 'produzione', 'sperare', 'affascinare', 'nuovo', 'generazione', 'spettatore', 'commento', 'inventare', 'giornalista', 'scrivere', 'credere', 'frase', 'giovane', 'articolo', 'interessante', 'affidabile']",61.370000000000005,23.049999999999997,20.83,27.800000000000008,10.999999999999991,39.95999999999999,43.51000000000001,60.32000000000003,gioia
kfep8b5,34,25,"['dipendere', 'emozione', 'vero', 'relazione', 'film', 'persona', 'provare', 'forte', 'attrazione', 'stare', 'vero', 'domanda', 'grado', 'passare', 'resto', 'vita', 'amico', 'stare', 'amico', 'pensare', 'amico', 'momento', 'odiare', 'escluso', 'futuro']",12.319999999999999,8.57,7.95,9.14,4.880000000000001,11.67,9.149999999999999,13.25,aspettativa
kfemd5a,70,52,"['vero', 'realtà', 'grande', 'alto', 'tipo', 'pesare', 'chilo', 'combattere', 'professionista', 'rifiutare', 'interesse', 'combattere', 'pugile', 'professionista', 'epoca', 'alto', 'proposta', 'tecnica', 'famoso', 'inutile', 'numero', 'circo', 'ultimo', 'film', 'succedere', 'testimone', 'realtà', 'finire', 'americano', 'bloccare', 'presa', 'sollevare', 'terra', 'portare', 'giro', 'protestare', 'fare', 'combattimento', 'diventare', 'amico', 'imparare', 'tecnica', 'lotta', 'libero', 'pensare', 'gente', 'pensare', 'battere', 'peso', 'massimo', 'epoca', 'film']",17.269999999999996,12.719999999999995,13.680000000000001,14.319999999999999,7.0600000000000005,17.56,13.58,24.52,aspettativa
kfce9dw,9,8,"['pensare', 'vedere', 'rivedere', 'leggere', 'romanzo', 'fine', 'film', 'godere']",4.79,2.5,1.54,2.0,0.9500000000000001,2.74,2.9299999999999997,4.33,gioia
kfc66lu,16,14,"['credere', 'diretto', 'film', 'esempio', 'film', 'mistero', 'cosa', 'genere', 'chiedere', 'guardare', 'ripresa', 'film', 'sapere', 'ladro']",4.37,3.34,2.99,4.14,1.6400000000000001,3.4000000000000004,4.86,4.84,sorpresa
kfbo6hd,12,9,"['fregare', 'cazzo', 'nero', 'fregare', 'assumere', 'nero', 'dire', 'piacere', 'film']",2.4,2.38,2.75,2.6199999999999997,2.33,1.79,2.8099999999999996,3.41,aspettativa
kfbh4m7,39,31,"['convinto', 'nonno', 'attore', 'film', 'tanto', 'uscire', 'vedere', 'passare', 'cavallo', 'credere', 'tempo', 'credere', 'tenere', 'mano', 'finestrino', 'cane', 'genitore', 'dire', 'cosa', 'figlio', 'assurdo', 'ricordare', 'asilo', 'convinto', 'epoca', 'chiamare', 'palla', 'aprire', 'parte', 'superiore', 'chiudere']",14.469999999999999,6.37,4.79,6.449999999999999,3.62,12.49,9.03,13.479999999999999,gioia
kfbc64u,15,13,"['cosa', 'venire', 'mente', 'gioco', 'premio', 'diretta', 'affondare', 'causa', 'spia', 'realizzare', 'film', 'fare', 'successo']",5.91,3.34,2.5300000000000002,4.33,1.7800000000000002,4.48,5.13,5.91,gioia
kfbad2z,18,15,"['vita', 'film', 'attore', 'padre', 'giorno', 'regista', 'ricordare', 'espressione', 'credere', 'impazzire', 'notare', 'accadere', 'anno', 'vario', 'esistere']",7.25,4.42,3.67,4.64,1.83,5.66,5.58,6.79,gioia
kfb72w4,18,12,"['guardare', 'film', 'genere', 'libro', 'fumetto', 'trovare', 'poesia', 'esistenza', 'consiglio', 'terapia', 'banale', 'avere']",5.25,3.12,1.9500000000000002,3.1799999999999997,1.1099999999999999,4.58,4.2,6.55,aspettativa
kfb5npq,49,41,"['trovare', 'piacere', 'importare', 'cosa', 'provare', 'vedere', 'film', 'esplorare', 'gusto', 'musicale', 'provare', 'fare', 'nuovo', 'conoscenza', 'avere', 'cercare', 'avere', 'conversazione', 'profondo', 'posto', 'nuovo', 'locale', 'museo', 'natura', 'studiare', 'nuovo', 'scoprire', 'stesso', 'esplorare', 'mondo', 'vita', 'apparire', 'colore', 'caso', 'andare', 'perdita', 'desiderio', 'sessuale', 'sintomo', 'comune', 'depressione']",21.74,9.38,6.0200000000000005,11.729999999999999,4.380000000000001,16.16,17.619999999999994,23.05,aspettativa
kfb3dsd,53,44,"['vita', 'avere', 'senso', 'scopo', 'esempio', 're', 'medievale', 'nascere', 'sapere', 'fare', 'mettere', 'mezzo', 'situazione', 'socio', 'politico', 'economico', 'ragione', 'profondo', 'venire', 'prescindere', 'resto', 'modo', 'giornata', 'realizzare', 'fare', 'stare', 'compagno', 'vita', 'fare', 'lavoro', 'servizio', 'piccolo', 'cosa', 'passeggiata', 'sera', 'cane', 'film', 'libro', 'cena', 'amico', 'serata', 'passare', 'matto', 'stare']",17.870000000000005,6.41,4.220000000000001,7.61,2.9400000000000004,14.129999999999992,11.250000000000002,20.56,aspettativa
kfaq1vl,11,10,"['guardare', 'film', 'vedere', 'cosa', 'inventare', 'grave', 'fare', 'minimo', 'vita', 'giorno']",4.45,2.39,1.71,2.3200000000000003,1.25,3.41,3.3200000000000003,5.04,aspettativa
kfafqow,48,36,"['prendere', 'evento', 'avvenire', 'continente', 'enorme', 'pensare', 'anno', 'scuola', 'differenza', 'dottore', 'dire', 'illegale', 'pagare', 'mensa', 'scolastico', 'scuola', 'pubblico', 'indovinare', 'succedere', 'pagare', 'portare', 'mangiare', 'casa', 'fare', 'buttare', 'nero', 'uccidere', 'fatto', 'stare', 'uccidere', 'motivo', 'film', 'vita', 'vero', 'dire', 'italiano']",11.070000000000002,8.860000000000001,7.92,9.15,6.3100000000000005,10.039999999999997,9.1,15.740000000000002,aspettativa
kfabmel,12,8,"['fatto', 'sembrare', 'teschio', 'film', 'uscire', 'usare', 'altro', 'cosa']",2.57,1.83,1.3600000000000003,2.1999999999999997,1.28,1.7000000000000002,2.29,2.92,aspettativa
kf9uojk,13,9,"['originale', 'migliore', 'film', 'italiano', 'tempo', 'significare', 'film', 'cacca', 'volgare']",3.24,1.96,1.42,1.5899999999999999,1.77,1.88,2.41,3.87,aspettativa
kf9pzo8,5,4,"['zio', 'caro', 'sembrare', 'film']",1.7000000000000002,0.75,0.6199999999999999,0.54,0.12,1.1199999999999999,1.04,1.51,gioia
kf9mcle,21,13,"['giovane', 'pressione', 'sociale', 'fare', 'anno', 'sogno', 'giocare', 'vedere', 'film', 'forza', 'festeggiare', 'dire', 'sociale']",7.91,2.83,2.92,3.1100000000000003,1.07,5.0,3.88,7.34,gioia
kf9m4cj,12,11,"['pensare', 'buttare', 'giusto', 'periodo', 'natalizio', 'fare', 'film', 'pomeriggio', 'sera', 'mettere', 'vedere']",4.4,2.91,1.88,2.25,1.6600000000000001,3.13,2.24,5.08,aspettativa
kf99lyi,39,26,"['sbagliare', 'video', 'pago', 'parte', 'film', 'uscire', 'sala', 'giorno', 'capire', 'città', 'avere', 'prodotto', 'mattina', 'arrivare', 'giorno', 'stesso', 'mese', 'gratuito', 'canale', 'scelta', 'musica', 'sapere', 'usare', 'usare', 'valere', 'abbonamento']",11.009999999999998,6.12,5.54,6.28,2.5500000000000007,8.120000000000001,7.26,11.68,aspettativa
kf98lat,3,2,"['spettacolo', 'film']",1.46,0.59,0.45999999999999996,0.63,0.29000000000000004,0.62,1.25,1.25,gioia
kf90c90,10,6,"['volta', 'volta', 'credere', 'videogioco', 'bello', 'film']",3.29,1.1700000000000002,0.99,0.97,0.24,1.75,2.33,2.33,gioia
kf8vppw,13,11,"['vero', 'fare', 'donna', 'conoscere', 'vedere', 'tipo', 'protagonista', 'film', 'serie', 'volta', 'fare']",5.12,1.84,1.7900000000000003,1.7799999999999998,0.6200000000000001,4.01,3.0200000000000005,5.7,aspettativa
kf8t1mk,53,40,"['avere', 'memoria', 'pessimo', 'aiutare', 'leggere', 'notizia', 'bastare', 'seguire', 'paio', 'giornale', 'nazionale', 'internazionale', 'aggiornare', 'succedere', 'mondo', 'curioso', 'domanda', 'esempio', 'guardare', 'film', 'primo', 'guerra', 'mondiale', 'mettere', 'pausa', 'leggere', 'periodo', 'parlare', 'finire', 'film', 'ricerca', 'personaggio', 'specifico', 'storia', 'ricordare', 'paio', 'mese', 'forza', 'domanda', 'continuare']",14.399999999999999,9.17,6.8500000000000005,8.97,4.460000000000001,11.870000000000001,11.87,18.190000000000005,aspettativa
kf8shfl,70,49,"['mezzo', 'mare', 'azzurro', 'grigio', 'salire', 'grido', 'andare', 'forza', 'vecchio', 'stile', 'fisico', 'servizio', 'rappresentare', 'miglioramento', 'vedere', 'offerta', 'proporre', 'televisione', 'canone', 'avere', 'americano', 'privato', 'diverso', 'imporre', 'modello', 'televisione', 'cavo', 'americano', 'catalogo', 'interessare', 'storico', 'film', 'vecchio', 'assurdo', 'offerta', 'migliore', 'post', 'finanziare', 'uscire', 'curiosità', 'andare', 'cercare', 'primo', 'risultato', 'mandare', 'sito', 'serie', 'intero', 'fare']",16.909999999999997,8.16,6.380000000000001,8.859999999999996,4.290000000000001,12.31,11.489999999999993,16.779999999999994,gioia
kf8peau,18,14,"['fare', 'esempio', 'pratico', 'dare', 'fastidio', 'personaggio', 'film', 'odiare', 'cambiare', 'personaggio', 'moda', 'momento', 'tipo', 'serie']",4.37,3.54,3.3200000000000003,3.7,2.32,3.99,4.92,5.76,aspettativa
kf8ozb1,25,16,"['tanto', 'film', 'guardare', 'tanto', 'piacere', 'vecchio', 'stile', 'pubblicità', 'bambino', 'tanto', 'mitico', 'unico', 'italiano', 'valere', 'pena', 'guardare']",7.12,3.9399999999999995,3.15,3.71,2.2800000000000002,5.71,5.99,7.12,gioia
kf8l86x,2,2,"['figura', 'film']",0.6599999999999999,0.42,0.29,0.42,0.12,0.12,0.45999999999999996,0.75,aspettativa
kf8hsj1,8,7,"['film', 'fare', 'piangere', 'insegnamento', 'vita', 'cartone', 'animato']",3.7800000000000002,1.75,1.04,1.4900000000000002,0.32,1.87,1.71,2.91,gioia
kf8gmj1,94,76,"['bolla', 'immobiliare', 'scoppiare', 'unico', 'comune', 'città', 'europeo', 'paese', 'milione', 'abitante', 'forza', 'cosa', 'milione', 'persona', 'sud', 'interessare', 'casa', 'prezzo', 'affitto', 'avere', 'senso', 'enorme', 'disparità', 'condizione', 'lavorativo', 'economico', 'servizio', 'università', 'centro', 'sud', 'ferro', 'paese', 'normale', 'paese', 'rotto', 'città', 'avere', 'bisogno', 'residente', 'esempio', 'sentire', 'milanese', 'lavoro', 'studio', 'sembrare', 'inizio', 'film', 'comico', 'italiana', 'altro', 'paese', 'vivere', 'possibile', 'motivo', 'altro', 'motivo', 'persona', 'vivere', 'avere', 'bisogno', 'vivere', 'andare', 'vivere', 'motivo', 'lavorativo', 'studio', 'vivere', 'difficile', 'avere', 'motivo', 'valido', 'andare', 'vivere', 'altro', 'parte', 'rimanere']",29.259999999999998,14.469999999999995,13.239999999999991,14.879999999999997,7.450000000000001,24.989999999999984,22.72,34.52000000000001,aspettativa
kf88dmt,62,52,"['parlare', 'provare', 'mandare', 'video', 'parlare', 'greco', 'rispondere', 'capire', 'dire', 'vero', 'lingua', 'via', 'gruppo', 'provare', 'vivo', 'preferire', 'imparare', 'greco', 'moderno', 'interessante', 'trovare', 'film', 'canzone', 'greco', 'mancare', 'regione', 'provare', 'mantenere', 'lingua', 'aprire', 'istituto', 'mettere', 'nome', 'via', 'doppio', 'lingua', 'italiano', 'greco', 'cosa', 'interessante', 'greco', 'moderno', 'greco', 'cosa', 'triste', 'istituto', 'studio', 'rimanere', 'chiudere', 'giorno', 'aprire', 'esempio']",19.739999999999995,9.119999999999997,6.1400000000000015,8.010000000000002,3.6800000000000006,14.889999999999993,13.929999999999994,21.990000000000002,aspettativa
kf881jg,8,5,"['votare', 'paura', 'malvagio', 'film', 'bambino']",1.49,1.47,1.75,2.38,1.4100000000000001,1.33,2.04,1.33,paura
kf7qml5,19,13,"['frequenza', 'organizzare', 'serata', 'amico', 'guardare', 'stesso', 'film', 'crimine', 'variare', 'mancare', 'programma', 'disgustoso', 'trasmettere']",5.33,3.0,2.33,3.05,2.53,4.25,4.12,6.51,aspettativa
kf7nqeq,54,41,"['documentario', 'tipo', 'personaggio', 'storico', 'letterario', 'musicale', 'solito', 'istituto', 'luce', 'concerto', 'documentare', 'musica', 'tipo', 'cosa', 'avere', 'credere', 'rimanere', 'unico', 'seguire', 'grande', 'vedere', 'vecchio', 'film', 'tanto', 'troppo', 'pubblicità', 'resto', 'solito', 'vario', 'servizio', 'dire', 'fermo', 'servizio', 'fare', 'avere', 'passione', 'indagine', 'alto', 'successo', 'fallimento', 'pubblicità']",14.329999999999997,8.389999999999999,5.970000000000001,7.13,3.6400000000000006,11.659999999999998,10.159999999999998,16.789999999999996,aspettativa
kf7nkut,39,27,"['situazione', 'simile', 'differenza', 'passo', 'anno', 'dire', 'passare', 'serata', 'cazzo', 'guardare', 'film', 'vedere', 'tempo', 'gioco', 'videogioco', 'permettere', 'sentire', 'centro', 'camminare', 'bottiglia', 'rotto', 'pomeriggio', 'primo', 'gennaio', 'cazzo', 'gola', 'pezzo']",9.730000000000002,5.27,4.63,4.5600000000000005,2.71,7.42,8.97,11.289999999999997,aspettativa
kf7c04c,15,12,"['giovedì', 'uscire', 'ultimo', 'episodio', 'stagione', 'consigliare', 'primo', 'film', 'unico', 'giorno', 'volta', 'solo']",5.2700000000000005,3.28,2.27,2.13,0.56,3.26,1.98,5.16,gioia
kf7bgng,77,54,"['anno', 'famiglia', 'tavola', 'generale', 'seguire', 'male', 'mondo', 'grande', 'fratello', 'costituire', 'parte', 'ampio', 'canale', 'fare', 'passare', 'completo', 'serie', 'film', 'paio', 'giorno', 'resto', 'anno', 'vero', 'nero', 'vedere', 'avere', 'illusione', 'scegliere', 'agente', 'stesso', 'concetto', 'avere', 'altro', 'avere', 'bombardare', 'tanto', 'vedere', 'esercitare', 'volontà', 'ricercare', 'guardare', 'ultimo', 'cosa', 'sentire', 'salvare', 'passare', 'turco', 'simpatico', 'programma', 'tenere', 'compagnia', 'anno', 'tempo', 'notte']",18.889999999999997,10.76,8.459999999999999,10.779999999999998,5.4,17.99,12.429999999999996,22.57,aspettativa
kf776lf,8,4,"['realtà', 'videogioco', 'film', 'serie']",1.67,0.83,0.66,0.71,0.29000000000000004,0.8400000000000001,1.5,1.75,aspettativa
kf72jgt,4,4,"['incuriosire', 'gioco', 'film', 'gioco']",2.71,0.42,0.29,0.42,0.12,1.12,2.59,2.4699999999999998,gioia
kf6zulk,58,46,"['dispiacere', 'dolore', 'stare', 'passare', 'passare', 'uomo', 'vita', 'avere', 'dubbio', 'uomo', 'vita', 'finire', 'giusto', 'film', 'piccolo', 'principe', 'mondo', 'rosa', 'rendere', 'speciale', 'attenzione', 'sentimento', 'affetto', 'provare', 'cosa', 'intendere', 'rosa', 'giusto', 'rosa', 'giusto', 'avere', 'dubbio', 'rendere', 'speciale', 'sentimento', 'attenzione', 'unico', 'persona', 'vita', 'sicuro', 'stare', 'tranquillo', 'tempo', 'guarire', 'tristezza', 'vicino']",21.619999999999997,11.17,7.340000000000001,10.66,5.0200000000000005,20.030000000000005,14.419999999999993,23.200000000000003,aspettativa
kf6wo3q,29,22,"['tempo', 'condurre', 'contenuto', 'contenuto', 'bello', 'film', 'canale', 'contenuto', 'notte', 'film', 'autore', 'girare', 'poco', 'mezzo', 'voglia', 'basso', 'costo', 'cerebrale', 'replica', 'cielo', 'ruota', 'cosa']",7.16,4.54,3.150000000000001,4.1,1.7800000000000002,5.25,5.78,7.93,aspettativa
kf6rweb,21,19,"['legge', 'libro', 'guardare', 'film', 'lingua', 'originale', 'forum', 'inglese', 'giorno', 'continuo', 'lingua', 'inglese', 'armato', 'dizionario', 'storia', 'anno', 'provare', 'dare', 'anno']",6.88,3.91,3.2,4.3,1.9499999999999997,5.91,5.57,9.14,aspettativa
kf6n0db,9,9,"['vacanza', 'primo', 'boh', 'ricordo', 'mischiare', 'confondere', 'film', 'periodo', 'migliore']",3.9400000000000004,1.91,1.7300000000000002,1.42,0.74,1.8,3.16,4.05,aspettativa
kf6d6ky,11,8,"['ritorno', 're', 'cinema', 'via', 'età', 'vedere', 'primo', 'film']",4.78,2.1199999999999997,1.54,2.25,0.7899999999999999,2.04,2.7600000000000002,4.37,gioia
kf6c41q,20,15,"['altro', 'giorno', 'riguardare', 'film', 'preferire', 'videogioco', 'approfittare', 'sconto', 'giorno', 'prendere', 'scaricare', 'piacere', 'ora', 'fan', 'videogioco']",6.6000000000000005,3.1999999999999997,2.98,3.35,1.3199999999999998,4.49,4.91,6.63,aspettativa
kf66v8e,32,23,"['giusta', 'osservazione', 'film', 'ricordare', 'titolo', 'trattare', 'argomento', 'difficoltà', 'pensare', 'fare', 'parte', 'arredamento', 'avere', 'valore', 'simbolico', 'dire', 'stare', 'mare', 'roba', 'matto', 'uso', 'sentire', 'caldo']",8.120000000000001,4.28,3.5300000000000002,5.0,2.1500000000000004,6.890000000000001,5.23,9.09,aspettativa
kf64utm,5,2,"['massimo', 'film']",1.29,0.71,0.58,0.71,0.32999999999999996,0.75,1.04,1.13,gioia
kf62kjv,21,14,"['canale', 'passare', 'film', 'simile', 'dottoressa', 'fare', 'schifo', 'sapere', 'bello', 'vecchio', 'tempo', 'limite', 'malattia', 'misterioso']",3.11,3.74,2.83,3.9299999999999997,1.99,3.3200000000000003,3.6399999999999997,4.59,aspettativa
kf5zzf6,8,5,"['vedere', 'ignorare', 'esistenza', 'film', 'gioco']",2.91,1.5899999999999999,1.33,1.5,0.99,1.58,1.83,2.8,gioia
kf5yp7s,5,4,"['naso', 'collezione', 'film', 'serie']",1.1199999999999999,0.62,0.36999999999999994,0.45999999999999996,0.37,0.5,0.92,1.1300000000000001,aspettativa
kf5ufvg,16,12,"['avere', 'parte', 'computer', 'guardare', 'ammettere', 'vedere', 'paio', 'film', 'videogioco', 'recente', 'gente', 'fare']",4.78,2.34,2.16,2.74,1.3800000000000001,3.4000000000000004,3.7,4.61,gioia
kf5r2s6,45,34,"['scusare', 'termine', 'operazione', 'pagamento', 'roba', 'genere', 'suonare', 'film', 'terminale', 'posta', 'statale', 'esistere', 'avere', 'stare', 'fare', 'operazione', 'semplice', 'carta', 'presente', 'parere', 'esistere', 'roba', 'genere', 'gente', 'fare', 'finto', 'argento', 'anziano', 'fare', 'firmare', 'permettere', 'ritiro', 'distanza', 'conto']",9.679999999999998,9.07,5.95,9.09,3.94,9.660000000000002,7.760000000000001,14.21,aspettativa
kf5pfsp,13,9,"['follia', 'ricordare', 'volta', 'uscire', 'nuovo', 'film', 'dire', 'nuovo', 'canzone']",4.58,2.41,1.29,3.2199999999999998,0.7899999999999999,2.04,3.33,3.75,gioia
kf5ohf2,10,6,"['informare', 'film', 'serie', 'sport', 'pensiero', 'super']",2.75,1.12,1.25,1.0899999999999999,0.8699999999999999,1.88,2.34,2.5,gioia
kf5nqhg,22,17,"['guardare', 'documentare', 'sport', 'film', 'serie', 'guardare', 'tradizionale', 'anno', 'sbaglio', 'capitare', 'accendere', 'tipo', 'fare', 'mettere', 'passare', 'sembrare', 'perdere']",4.36,3.8600000000000003,3.6100000000000003,4.06,1.5799999999999998,4.19,5.45,7.09,aspettativa
kf5kw3o,51,19,"['citazione', 'bello', 'film', 'avere', 'paura', 'offendere', 'futuro', 'tornare', 'gente', 'online', 'ingenuo', 'fare', 'raccontare', 'fatto', 'servire', 'prevenire', 'grande', 'domani', 'investimento']",7.3500000000000005,4.970000000000001,4.38,7.01,2.8500000000000005,6.21,7.24,9.17,aspettativa
kf5goad,29,20,"['trend', 'rimanere', 'prevedere', 'aumento', 'numero', 'medio', 'mese', 'altro', 'pagamento', 'quarto', 'link', 'canale', 'film', 'pagamento', 'sembrare', 'vecchio', 'sapere', 'pagare', 'pagare', 'pagare']",4.1000000000000005,3.15,1.97,3.0999999999999996,1.2399999999999998,3.98,5.18,6.32,aspettativa
kf5fglc,12,9,"['vivo', 'sasso', 'film', 'fidanzato', 'casa', 'preferire', 'fare', 'palestra', 'leggere']",5.21,1.21,1.2400000000000002,1.2400000000000002,0.52,3.2399999999999998,2.1500000000000004,4.78,gioia
kf57tkm,4,4,"['domanda', 'spontaneo', 'vedere', 'film']",2.37,0.8799999999999999,0.9199999999999999,1.6300000000000001,0.49,1.25,1.76,2.0500000000000003,gioia
kf56b0s,11,10,"['volta', 'guardare', 'film', 'vedere', 'piangere', 'contesto', 'dire', 'pianto', 'occhio', 'lucido']",4.2,3.8,3.08,3.09,1.28,2.83,2.66,3.84,gioia
kf54l8a,8,5,"['film', 'distribuire', 'genere', 'voto', 'minimo']",1.3699999999999999,0.75,0.58,0.54,0.29000000000000004,0.9100000000000001,0.7499999999999999,1.88,aspettativa
kf54jeb,22,14,"['capire', 'servizio', 'film', 'circolazione', 'arrivare', 'uscire', 'interessante', 'riguardare', 'orizzonte', 'ultimo', 'fare', 'abbonamento', 'mensile', 'pubblicità']",5.37,2.8099999999999996,2.19,2.24,1.2599999999999998,3.79,3.24,6.12,aspettativa
kf541d1,24,17,"['avere', 'intervento', 'fare', 'causa', 'malattia', 'citare', 'provare', 'entrare', 'cogliere', 'occasione', 'divano', 'bello', 'film', 'volta', 'avere', 'compagnia', 'punto']",6.7700000000000005,2.43,2.24,4.38,0.8100000000000002,5.86,5.82,7.459999999999999,aspettativa
kf4zace,53,39,"['recente', 'comprare', 'mini', 'risparmiare', 'bolletta', 'luce', 'venire', 'voglia', 'giocare', 'fisso', 'mese', 'noia', 'problema', 'personale', 'guardare', 'video', 'film', 'consumo', 'energetico', 'inutile', 'avere', 'buono', 'risolvere', 'fastidioso', 'consumo', 'energetico', 'comprare', 'mini', 'schermo', 'sapere', 'metodo', 'fare', 'risparmiare', 'mese', 'bolletta', 'provare', 'pensare', 'positivo', 'volta']",14.039999999999997,7.37,6.83,6.369999999999999,3.7700000000000005,11.19,10.15,18.349999999999998,aspettativa
kf4xzm4,28,22,"['sollevare', 'altro', 'problema', 'vecchio', 'diventare', 'fornitore', 'servizio', 'digitale', 'restringere', 'via', 'via', 'tipo', 'titolo', 'rendere', 'disponibile', 'roba', 'mettere', 'conseguenza', 'cultura', 'cinematografico', 'film', 'diventare']",6.61,5.92,4.12,5.69,2.31,6.87,5.36,9.23,aspettativa
kf4wcpk,22,18,"['finestra', 'cortile', 'madre', 'caldo', 'mortale', 'stare', 'fresco', 'aria', 'pronto', 'uscire', 'fare', 'capriccio', 'durata', 'film', 'punta', 'sedia', 'tipo', 'anno']",7.5200000000000005,3.5,1.9000000000000001,3.38,0.9500000000000001,5.44,3.84,7.67,aspettativa
kf4ug3q,17,8,"['importante', 'protagonista', 'film', 'avere', 'puntata', 'occhio', 'cuore', 'vedere']",5.12,2.13,1.75,2.12,0.8300000000000001,3.21,2.79,4.25,gioia
kf4sudt,54,40,"['solitario', 'anno', 'mancanza', 'voglia', 'trovare', 'cena', 'nonno', 'lasciare', 'andare', 'letto', 'ora', 'casa', 'fumare', 'bello', 'sparare', 'spazio', 'guardare', 'film', 'doccia', 'letto', 'anno', 'pensare', 'rendere', 'cosa', 'andare', 'montagna', 'cazzo', 'amico', 'buono', 'rapporto', 'sentire', 'poco', 'compagnia', 'avere', 'mancare', 'preferire', 'stare', 'cazzo', 'mezzo', 'casino']",17.36,11.759999999999998,8.600000000000001,9.23,4.87,13.540000000000001,12.31,17.799999999999997,aspettativa
kf4qpbn,35,30,"['valere', 'relazione', 'bello', 'amare', 'fare', 'vedere', 'film', 'scegliere', 'amare', 'cosa', 'stupendo', 'rompere', 'relazione', 'operazione', 'cuore', 'aperto', 'dare', 'ricevere', 'soffrire', 'pensare', 'concedere', 'minimo', 'rispetto', 'trattare', 'sentimento', 'cambiare', 'avere', 'decenza', 'posto', 'soffrire']",14.749999999999996,8.13,6.15,8.65,3.1100000000000003,11.969999999999997,8.739999999999998,13.919999999999998,gioia
kf4h56h,64,42,"['accordo', 'caso', 'persona', 'cogliere', 'usare', 'ambiente', 'crescere', 'minimo', 'parlare', 'persona', 'capire', 'dire', 'genio', 'persona', 'pensare', 'parlare', 'mangiare', 'fare', 'capire', 'esempio', 'sembrare', 'film', 'fare', 'ragione', 'vivere', 'tenere', 'scrittura', 'dialogo', 'stesso', 'stesso', 'fare', 'amicizia', 'nuovo', 'bisognare', 'ignoranza', 'bisognare', 'lotta', 'anno', 'anticipo', 'anno', 'cultura', 'soddisfazione']",17.919999999999995,7.61,6.239999999999999,7.53,3.6900000000000004,16.499999999999996,12.359999999999996,20.779999999999994,aspettativa
kf4g0dj,9,6,"['cazzo', 'fregare', 'video', 'avere', 'parte', 'film']",1.7000000000000002,1.4999999999999998,2.0,1.9100000000000001,1.2400000000000002,0.9,2.0500000000000003,1.8599999999999999,sorpresa
kf4folr,11,10,"['pubblicità', 'mezzo', 'film', 'odioso', 'massimo', 'giusto', 'minuto', 'metà', 'andare', 'bagno']",3.51,1.9900000000000002,1.9100000000000001,1.6300000000000003,1.87,2.5,2.36,4.3,aspettativa
kf4feav,10,9,"['prima', 'video', 'avere', 'film', 'classico', 'moderno', 'avere', 'serie', 'successo']",4.17,1.37,1.1600000000000001,2.04,0.44999999999999996,3.7,2.54,4.04,gioia
kf4ebkc,8,8,"['vero', 'avere', 'ragione', 'disporre', 'pubblicità', 'bastare', 'inizio', 'film']",3.84,1.46,1.28,1.91,0.77,4.0,2.3400000000000003,4.46,aspettativa
kf4c7bq,4,3,"['guardare', 'pubblicità', 'film']",1.17,0.8,0.58,0.63,0.58,0.67,1.21,1.71,aspettativa
kf4bdn2,26,15,"['vedere', 'roba', 'superiore', 'film', 'valido', 'uscire', 'mezzo', 'mettere', 'disposizione', 'profilo', 'primo', 'gratuito', 'prodotto', 'vincere', 'vedere']",7.16,1.7000000000000002,1.5,1.9900000000000002,1.3800000000000001,4.55,4.87,6.91,gioia
kf4aqwf,6,5,"['pubblicità', 'inizio', 'fine', 'film', 'mezzo']",1.75,1.59,1.0799999999999998,1.7499999999999998,0.8300000000000001,1.2900000000000003,1.58,2.25,aspettativa
kf499lz,76,59,"['provare', 'normale', 'attraversare', 'momento', 'sentire', 'mancare', 'terra', 'piede', 'passare', 'amare', 'desiderare', 'umano', 'valore', 'importanza', 'pensiero', 'cuore', 'legittimo', 'dolore', 'fine', 'restare', 'lucido', 'bere', 'assumere', 'sostanza', 'prendere', 'servire', 'guarire', 'guarire', 'pensare', 'obiettivo', 'palestra', 'legge', 'libro', 'cosa', 'richiedere', 'azione', 'attivo', 'cervello', 'passivo', 'film', 'aiutare', 'serie', 'priorità', 'pensiero', 'obiettivo', 'amare', 'nuovo', 'persona', 'importante', 'mondo', 'stesso', 'pensiero', 'cambiare', 'lasciare', 'perdere', 'bello', 'appassionare', 'piacere', 'fare']",27.839999999999993,15.799999999999994,12.170000000000002,16.169999999999995,6.74,23.289999999999992,18.870000000000005,29.169999999999998,aspettativa
kf45uts,10,5,"['usato', 'tonnellata', 'film', 'migliore', 'stronzata']",1.6099999999999999,1.42,1.5,1.3399999999999999,0.8700000000000001,0.9500000000000001,1.2,2.33,aspettativa
kf43zw2,33,26,"['vedere', 'modello', 'italiano', 'pagamento', 'canale', 'cazzo', 'serie', 'film', 'anno', 'messa', 'onda', 'modello', 'americano', 'via', 'cavo', 'costoso', 'utente', 'pubblicità', 'fare', 'utile', 'inventare', 'sembrare', 'cosa', 'ritornare', 'cambio', 'tecnologia']",8.730000000000002,4.34,3.12,2.99,2.37,6.62,6.69,9.97,aspettativa
kf43tlh,4,3,"['protagonista', 'film', 'vita']",1.87,0.59,0.29,0.58,0.12,0.92,0.96,1.51,gioia
kf4382q,6,6,"['avere', 'recensione', 'recente', 'parlare', 'film', 'completo']",3.0300000000000002,1.58,1.42,1.58,0.58,3.16,1.96,3.57,aspettativa
kf42zea,14,9,"['film', 'videogioco', 'fare', 'stronzata', 'speranza', 'giornale', 'fare', 'post', 'pubblicità']",3.24,1.42,1.4500000000000002,1.3399999999999999,1.1099999999999999,2.19,2.45,4.24,aspettativa
kf428w2,23,20,"['anno', 'avere', 'problema', 'guardare', 'affittare', 'trovare', 'roba', 'sembrare', 'uscire', 'film', 'minuscola', 'mensile', 'minimo', 'zona', 'peggiore', 'fortuna', 'avere', 'anno', 'fine', 'contratto']",5.82,4.59,4.21,4.96,2.1999999999999997,5.4,5.49,8.81,aspettativa
kf423a6,16,13,"['articolo', 'sbagliato', 'messaggio', 'spiegare', 'realtà', 'altro', 'film', 'avere', 'stesso', 'codice', 'anno', 'avere', 'mano']",3.91,2.2,2.3600000000000003,3.46,1.0300000000000002,4.03,3.9299999999999997,5.22,aspettativa
kf3z700,31,28,"['esprimere', 'stesso', 'pensiero', 'amare', 'amare', 'primo', 'periodo', 'primo', 'anno', 'amore', 'maturare', 'diventare', 'padre', 'sorella', 'migliore', 'amico', 'fidanzato', 'anno', 'scegliere', 'mattina', 'svegliare', 'scegliere', 'amare', 'giorno', 'giorno', 'amore', 'vedere', 'film']",15.979999999999999,7.01,4.46,6.19,1.2300000000000004,12.52,8.09,16.11,aspettativa
kf3w6zs,34,27,"['sembrare', 'grande', 'donna', 'vita', 'esistere', 'film', 'donna', 'valorizzare', 'permettere', 'stesso', 'accettare', 'limite', 'punto', 'forza', 'donna', 'vita', 'cosa', 'accessorio', 'primo', 'parte', 'cercare', 'amante', 'vuoto', 'mancare', 'manica', 'cercare', 'soluzione']",10.07,5.07,4.910000000000001,4.73,1.1600000000000001,9.02,7.340000000000001,12.309999999999999,aspettativa
kf3lz5a,60,49,"['macchina', 'film', 'americano', 'macchina', 'lavoro', 'dare', 'cultura', 'lavoro', 'fare', 'ora', 'giorno', 'macchina', 'andare', 'ufficio', 'fare', 'cosa', 'fare', 'casa', 'lavorare', 'ragionamento', 'comprare', 'casa', 'permettere', 'mutuo', 'sentire', 'parlare', 'gente', 'spaccare', 'schiena', 'stipendio', 'fame', 'acquisire', 'fare', 'vita', 'bastare', 'organizzare', 'spesa', 'vivere', 'possibilità', 'spendere', 'cosa', 'essenziale', 'fare', 'splendido', 'euro', 'persona', 'mettere', 'foto', 'permettere']",19.94,8.95,6.35,6.940000000000001,3.5900000000000007,18.269999999999992,12.779999999999998,23.04000000000001,aspettativa
kf1r8it,100,83,"['organizzazione', 'pulizia', 'efficienza', 'paragonare', 'significare', 'volere', 'città', 'reggere', 'paragone', 'unico', 'città', 'fondare', 'nome', 'città', 'idea', 'potere', 'unico', 'luogo', 'mondo', 'capitale', 'mondo', 'volta', 'perso', 'status', 'capitale', 'religione', 'caso', 'unico', 'luogo', 'mondo', 'capitale', 'sovrano', 'tedesco', 'avere', 'ambizione', 'potere', 'impero', 'sacro', 'romano', 'creare', 'imperiale', 'figlio', 'titolo', 'americano', 'contingente', 'ambizione', 'avere', 'creare', 'stile', 'classico', 'continuare', 'giorno', 'servire', 'paese', 'paese', 'europeo', 'servire', 'rappresentare', 'consigliare', 'visione', 'film', 'santo', 'grazie', 'primo', 'luogo', 'altro', 'città', 'italiano', 'luogo', 'affascinante', 'diverso', 'ricco', 'romano', 'scegliere', 'anno', 'dire', 'punto', 'vista', 'lavorativo', 'settore', 'offrire', 'pagare', 'costare']",30.029999999999994,14.399999999999997,13.779999999999994,15.239999999999995,8.030000000000001,26.969999999999995,20.14999999999999,37.03,aspettativa
kf1g092,5,3,"['infinito', 'libro', 'film']",1.63,0.71,0.44999999999999996,0.79,0.29000000000000004,0.66,1.29,1.75,aspettativa
kf1ejk0,30,27,"['ricordare', 'arrestare', 'membro', 'banda', 'armato', 'fare', 'guerra', 'controllo', 'droga', 'cittadino', 'fare', 'guerra', 'cinese', 'ammazzare', 'colpo', 'pistola', 'film', 'scorso', 'anno', 'tagliare', 'braccio', 'operatore', 'metropolitano', 'cittadina', 'cosa', 'riprendere', 'nazionale']",5.54,9.729999999999995,9.309999999999995,9.669999999999998,7.01,4.790000000000001,5.800000000000001,6.95,tristezza
kf179ut,30,22,"['film', 'guardare', 'staccare', 'cervello', 'problema', 'etico', 'stare', 'storia', 'legale', 'pensare', 'dire', 'test', 'fare', 'chiedere', 'giro', 'cosa', 'commento', 'altro', 'caso', 'singolo', 'vita', 'privato']",6.53,5.04,4.38,5.46,2.3500000000000005,6.170000000000001,6.21,8.68,aspettativa
kf16y6y,15,14,"['inizio', 'anno', 'andare', 'moda', 'film', 'italiano', 'avere', 'anno', 'tipo', 'vedere', 'porre', 'domanda', 'etico', 'giusto']",5.69,2.45,1.82,3.12,0.9800000000000001,5.82,3.5100000000000002,7.59,aspettativa
kf0s1h0,6,4,"['letto', 'film', 'scorrere', 'chiuso']",1.58,1.63,0.96,1.3399999999999999,0.37,1.3399999999999999,0.9999999999999999,2.0,aspettativa
kf00o4p,136,97,"['base', 'andare', 'trend', 'significativo', 'parte', 'carico', 'lavoro', 'netto', 'velocità', 'fare', 'roba', 'servire', 'roba', 'prendere', 'roba', 'economico', 'corrente', 'anno', 'prezzo', 'anno', 'fare', 'vedere', 'costare', 'rinnovare', 'comprare', 'limite', 'strategia', 'base', 'durare', 'anno', 'giocare', 'uso', 'fare', 'anno', 'fare', 'conto', 'avere', 'spendere', 'passato', 'vedere', 'sorta', 'equilibrio', 'ideale', 'prezzo', 'fluido', 'cosa', 'lato', 'spingere', 'vendere', 'roba', 'costare', 'utente', 'durare', 'fare', 'guadagnare', 'utente', 'medio', 'credere', 'gente', 'fare', 'film', 'fisso', 'vecchio', 'arrivare', 'vecchio', 'nuovo', 'sostituire', 'riuscire', 'conto', 'riuscire', 'vendere', 'macchina', 'fascia', 'alto', 'fare', 'servire', 'tempo', 'scelta', 'componente', 'fare', 'macchina', 'pancia', 'roba', 'valore', 'mettere', 'inutile', 'mercato', 'usato', 'lucrare', 'cambiare', 'servire', 'volta', 'costare', 'valere', 'scelta', 'componente', 'interno']",27.829999999999988,16.75,12.579999999999995,17.349999999999998,6.770000000000001,28.149999999999984,22.080000000000002,39.55,aspettativa
kezzkqj,4,2,"['metà', 'film']",0.96,0.63,0.29,0.45999999999999996,0.12,0.42,0.71,0.88,gioia
kezdjrf,63,54,"['avere', 'vita', 'parte', 'tempo', 'lavoro', 'progetto', 'personale', 'riguardare', 'lavoro', 'fare', 'gioco', 'videogioco', 'film', 'serie', 'fine', 'settimana', 'piacere', 'preparare', 'pizza', 'genitore', 'pensare', 'particolare', 'volta', 'periodo', 'andare', 'uscire', 'massimo', 'dire', 'fare', 'passeggiata', 'prendere', 'poco', 'aria', 'futuro', 'piano', 'migliorare', 'lavoro', 'sperare', 'assumere', 'azienda', 'teoria', 'lavorare', 'distanza', 'casa', 'fare', 'unico', 'soluzione', 'avere', 'possibilità', 'spezzare', 'vita', 'vivere', 'nuovo', 'esperienza']",26.130000000000003,12.290000000000001,8.319999999999999,11.409999999999998,4.44,21.299999999999994,15.789999999999992,30.370000000000005,aspettativa
kezb5ve,19,18,"['diritto', 'cercare', 'produttore', 'concludere', 'saga', 'altro', 'stagione', 'film', 'sapere', 'riuscire', 'portare', 'cosa', 'costoso', 'realizzare', 'termine', 'effetto', 'mettere', 'scena']",7.41,4.58,2.7500000000000004,4.37,1.5200000000000002,6.2700000000000005,5.53,9.16,aspettativa
kez8x6y,12,9,"['fare', 'film', 'ottenere', 'permesso', 'unico', 'notare', 'tono', 'uniforme', 'arma']",3.54,1.3399999999999999,1.5299999999999998,2.01,0.8700000000000001,1.9099999999999997,2.16,3.24,gioia
kez5u7q,36,27,"['prezzo', 'film', 'sentire', 'soddisfare', 'vedere', 'sembrare', 'classico', 'pizza', 'americano', 'senso', 'sovraccarico', 'bastare', 'pizza', 'americano', 'film', 'sci', 'piattaforma', 'parte', 'regista', 'ottimo', 'lasciare', 'mano', 'libero', 'fare', 'caos', 'lato', 'positivo']",9.78,4.55,3.2600000000000007,3.86,1.5300000000000002,7.1000000000000005,6.640000000000001,9.569999999999999,gioia
kez50mp,2,2,"['film', 'serpente']",0.58,0.5,0.71,1.25,0.87,0.04,0.5,0.42,paura
keywqun,49,34,"['serie', 'televisione', 'parte', 'serie', 'cimitero', 'cinematografia', 'generale', 'riassumere', 'storia', 'primo', 'episodio', 'vuoto', 'contenuto', 'colare', 'episodio', 'durare', 'metà', 'ultimo', 'episodio', 'problema', 'serie', 'problema', 'persona', 'stare', 'divano', 'minuto', 'vedere', 'film', 'interessante', 'vedere', 'episodio', 'serie', 'fare', 'cagare']",10.03,8.94,6.4,6.460000000000001,3.3100000000000005,6.8100000000000005,7.99,11.679999999999998,aspettativa
keyvpt4,13,9,"['reggere', 'film', 'brutto', 'sembrare', 'tagliare', 'ora', 'fare', 'serie', 'esistere']",2.19,2.29,1.62,1.63,0.79,1.9899999999999998,2.0600000000000005,3.54,aspettativa
keyvbug,6,6,"['estendere', 'conto', 'mancare', 'ora', 'film', 'minimo']",0.9099999999999999,2.05,1.12,1.5499999999999998,0.2,1.1300000000000001,1.24,2.09,aspettativa
keyu3o4,36,30,"['trarre', 'conclusione', 'cagare', 'fare', 'film', 'ottenere', 'permesso', 'tagliare', 'ora', 'film', 'possibile', 'fare', 'stare', 'trama', 'personaggio', 'volare', 'velocità', 'luce', 'finale', 'dare', 'tempo', 'fisico', 'apprezzare', 'combattimento', 'parte', 'eccezione', 'tipo', 'abominevole', 'caso', 'esagerare']",10.2,5.47,4.5600000000000005,6.8100000000000005,2.93,8.379999999999999,8.620000000000001,13.570000000000004,aspettativa
keytyf7,62,42,"['impronta', 'digitale', 'fare', 'sbloccare', 'telefono', 'facile', 'metodo', 'accesso', 'ricordare', 'vedere', 'usare', 'banale', 'incidente', 'cambiare', 'vedere', 'film', 'incluso', 'spacciare', 'sicuro', 'legge', 'spinta', 'sicurezza', 'caso', 'furto', 'fare', 'fornire', 'telefono', 'utente', 'salvare', 'casetta', 'rete', 'mobile', 'sistema', 'evoluzione', 'successivo', 'fare', 'bloccare', 'servizio', 'avere', 'salvare', 'telefono', 'personale']",15.929999999999993,7.82,7.36,10.909999999999998,5.14,16.659999999999997,12.529999999999998,18.509999999999998,aspettativa
keyqly9,9,5,"['fare', 'film', 'mentale', 'paese', 'vedere']",2.41,1.18,0.66,0.7499999999999999,0.53,1.54,1.4100000000000001,2.5,aspettativa
keyqlqb,13,11,"['fare', 'marito', 'film', 'leggere', 'bello', 'recensione', 'bello', 'sprecare', 'ora', 'tempo', 'film']",4.5600000000000005,3.05,1.8699999999999999,1.92,0.78,2.8,3.5,5.58,aspettativa
keypjzj,12,8,"['sceneggiatura', 'film', 'rifiutare', 'fare', 'portare', 'dimostrare', 'fare', 'errore']",1.6099999999999999,1.96,1.8699999999999999,2.04,1.1600000000000001,2.03,2.13,4.09,aspettativa
keynm4b,4,3,"['migliore', 'film', 'italiano']",1.3699999999999999,0.59,0.45999999999999996,0.42,0.24,0.54,0.5800000000000001,1.33,gioia
keykl7o,21,19,"['realtà', 'esistere', 'libro', 'scrivere', 'leggere', 'sapere', 'film', 'simile', 'libro', 'fare', 'ricerca', 'scoprire', 'libro', 'videogioco', 'sviluppare', 'sicuro', 'avere', 'collegamento', 'film']",9.09,3.8299999999999996,3.3100000000000005,4.0200000000000005,1.96,7.19,7.12,10.709999999999999,aspettativa
keyji0s,15,11,"['trama', 'vista', 'rivedere', 'miliardo', 'volta', 'sapere', 'guerra', 'vendetta', 'banale', 'film', 'punto']",3.25,2.83,3.0300000000000002,2.38,2.25,1.9200000000000002,2.71,4.13,aspettativa
keximqq,29,21,"['anno', 'toccare', 'discussione', 'casa', 'giorno', 'toccare', 'subire', 'bello', 'svegliare', 'fare', 'colazione', 'passeggiare', 'natura', 'cane', 'tornare', 'cenare', 'film', 'lavoro', 'impegnare', 'spendere', 'tempo']",10.45,4.93,3.0900000000000003,4.1,1.7000000000000002,7.46,6.1,10.05,gioia
kexem0k,25,17,"['proposito', 'impatto', 'culturale', 'esistere', 'sentire', 'vedere', 'citare', 'ricordare', 'film', 'impatto', 'mare', 'gente', 'andare', 'vedere', 'miliardo', 'dollaro', 'giorno']",8.4,4.08,2.92,3.54,1.6700000000000002,5.5,5.01,7.37,gioia
kexagad,166,134,"['liceo', 'misero', 'classe', 'palazzo', 'normale', 'scuola', 'merda', 'totale', 'piano', 'classe', 'stare', 'laboratorio', 'vuoto', 'porta', 'panico', 'chiuso', 'tanto', 'andare', 'pianerottolo', 'piano', 'superiore', 'perdere', 'tempo', 'fumare', 'finestra', 'giorno', 'piano', 'conto', 'porta', 'aprire', 'diventare', 'rifugio', 'fumare', 'canna', 'morire', 'compagno', 'buttare', 'strada', 'ridere', 'cosa', 'periodo', 'frequentare', 'piano', 'fare', 'cosa', 'chiudere', 'sistemare', 'dare', 'chiudere', 'aprire', 'porta', 'giorno', 'arrivare', 'aspettare', 'pianerottolo', 'piano', 'giorno', 'scala', 'partire', 'gioco', 'mano', 'piano', 'porta', 'principale', 'stanza', 'rifugio', 'salotto', 'merda', 'muro', 'tipo', 'film', 'sangue', 'impronta', 'mano', 'marrone', 'merda', 'stronzo', 'gigante', 'terra', 'primo', 'momento', 'provare', 'terrore', 'puro', 'tipo', 'uscire', 'buio', 'prendere', 'ridere', 'chiamare', 'amico', 'ridere', 'parlare', 'signore', 'fumare', 'bagno', 'dire', 'sapere', 'aprire', 'chiudere', 'porta', 'dare', 'avere', 'chiave', 'toccare', 'pulire', 'momento', 'saltare', 'tornare', 'usare', 'pianerottolo', 'chiedere', 'teoria', 'fare', 'concludere', 'spostare', 'sicurezza', 'provare', 'classe', 'seguire', 'fatto', 'stare', 'gente', 'altro', 'teoria', 'entrare', 'notte', 'stare', 'porta', 'esterno', 'cancello', 'interno', 'vedere', 'boh']",43.18,28.22999999999998,23.319999999999997,34.119999999999976,17.33999999999999,41.06999999999998,36.289999999999985,50.32000000000002,aspettativa
kexa8y0,14,9,"['riuscire', 'fare', 'film', 'media', 'carriera', 'cosa', 'nome', 'film', 'film']",3.7,2.05,1.28,2.33,0.77,2.16,2.53,4.08,aspettativa
kex7y01,30,22,"['vedere', 'punto', 'curioso', 'sembrare', 'regista', 'fare', 'film', 'brutto', 'percepire', 'passione', 'fare', 'film', 'azienda', 'finire', 'prodotto', 'opera', 'avere', 'poco', 'sparire', 'primo', 'vedere', 'pensare']",8.350000000000001,5.46,3.96,3.83,1.75,5.42,6.069999999999999,10.7,aspettativa
kex7f5k,2,1,['film'],0.58,0.42,0.29,0.42,0.12,0.04,0.42,0.42,gioia
kex5jfc,29,21,"['film', 'vedere', 'anno', 'vedere', 'sapere', 'film', 'vuoto', 'banale', 'dialogo', 'raccontare', 'universo', 'creato', 'sostanza', 'personaggio', 'aprire', 'bocca', 'raccontare', 'film', 'battuta', 'film', 'migliore']",9.79,4.21,2.49,4.14,1.6100000000000003,4.4,7.54,8.559999999999999,gioia
kex53o3,9,7,"['girare', 'film', 'altro', 'genere', 'fare', 'film', 'riuscire']",2.99,1.0,0.78,1.67,0.32,1.53,2.5,3.01,aspettativa
kex2b97,12,9,"['trattare', 'sceneggiatura', 'girare', 'trovare', 'uso', 'film', 'fare', 'cagare', 'sorprendere']",3.24,1.08,1.1600000000000001,1.79,0.8200000000000001,2.08,3.42,3.88,aspettativa
kex17lu,6,5,"['unico', 'cosa', 'uscire', 'film', 'merda']",2.29,1.25,1.0699999999999998,1.0,1.16,0.9100000000000001,1.3299999999999998,1.83,gioia
kex1432,2,2,"['dormire', 'film']",1.16,0.59,0.29,0.45999999999999996,0.12,0.29,0.63,0.75,gioia
kex0kek,14,14,"['livello', 'visivo', 'bravo', 'avere', 'idea', 'scrivere', 'storia', 'unico', 'film', 'bello', 'storia', 'scritto', 'scatenare', 'fotografia']",7.25,3.38,2.88,3.0999999999999996,1.29,4.99,5.5600000000000005,6.85,gioia
kex04k5,12,8,"['capire', 'riuscire', 'avere', 'stare', 'regista', 'film', 'immagine', 'sostanza']",4.34,1.54,1.5299999999999998,2.08,0.7799999999999999,3.29,3.17,4.04,gioia
kewy4rm,64,49,"['fare', 'sembrare', 'credere', 'persona', 'enorme', 'film', 'altezza', 'aspettativa', 'trama', 'ideare', 'succedere', 'primo', 'film', 'inserire', 'versione', 'cosa', 'accadere', 'indicare', 'motivazione', 'protagonista', 'terribile', 'strano', 'tipo', 'proiettile', 'stile', 'resto', 'fare', 'schifo', 'avere', 'netto', 'impressione', 'rilasciare', 'film', 'cambiare', 'ordine', 'scena', 'andare', 'riempire', 'buco', 'trama', 'parte', 'inutile', 'giudicare', 'prodotto', 'finito', 'unico', 'cosa', 'sperare', 'capolavoro']",16.34,8.76,6.5600000000000005,11.03,5.510000000000001,11.729999999999999,12.889999999999995,19.98,aspettativa
kewwxi1,12,10,"['paragonare', 'scrivere', 'film', 'sceneggiatura', 'rifiutare', 'film', 'indipendente', 'entrare', 'premessa', 'identico']",3.57,2.75,2.13,2.33,0.9900000000000001,2.06,3.4699999999999998,4.38,aspettativa
kewwal8,11,8,"['chiedere', 'fare', 'bello', 'film', 'chiedere', 'vincere', 'gara', 'culo']",3.82,0.7900000000000001,0.58,1.54,0.33,2.33,3.3299999999999996,4.279999999999999,aspettativa
kewnnbt,35,31,"['vivo', 'ultimo', 'episodio', 'ricordare', 'tipo', 'smettere', 'ascoltare', 'musica', 'cantante', 'uomo', 'film', 'uomo', 'ricordo', 'anno', 'votare', 'spendere', 'soldo', 'cantante', 'donna', 'provare', 'fare', 'eliminare', 'concorrente', 'uomo', 'boh', 'incazzare', 'cosa', 'lasciare', 'minimo', 'segno', 'testa']",10.489999999999997,9.61,8.379999999999999,8.149999999999999,4.85,7.5,8.67,12.120000000000001,aspettativa
kewe3a1,11,9,"['innamorato', 'parlare', 'vita', 'fare', 'film', 'testa', 'persona', 'invenzione', 'amore']",5.03,1.9700000000000002,1.25,1.8199999999999998,0.44999999999999996,4.04,3.2,5.13,aspettativa
kew9skm,54,46,"['volere', 'relazione', 'solido', 'sincero', 'ragazza', 'vedere', 'fine', 'estate', 'sapere', 'ritenere', 'sfigato', 'fallire', 'avere', 'vita', 'sociale', 'beh', 'persona', 'giusto', 'avere', 'fare', 'caso', 'esistere', 'persona', 'scegliere', 'stare', 'solo', 'venerdì', 'sabato', 'guardare', 'film', 'leggere', 'libro', 'andare', 'grande', 'città', 'aiutare', 'tornare', 'patria', 'situazione', 'restare', 'conoscere', 'amicizia', 'conoscenza', 'dire', 'volta', 'separare']",21.159999999999997,12.27,9.01,10.680000000000003,4.3500000000000005,18.549999999999997,13.069999999999999,23.129999999999995,aspettativa
kew5vpg,12,11,"['minchia', 'brutto', 'primo', 'appuntamento', 'casa', 'vedere', 'film', 'accettare', 'proporre', 'scena', 'simile']",4.99,2.7600000000000002,2.25,2.25,1.46,2.67,3.3,4.47,gioia
kevukpe,33,28,"['vario', 'livello', 'timidezza', 'timidezza', 'vero', 'ansia', 'fobia', 'sociale', 'avere', 'paura', 'ombra', 'curiosità', 'uomo', 'timido', 'sexy', 'grazie', 'opera', 'tipo', 'film', 'libro', 'anima', 'serie', 'idea', 'avere', 'esperienza', 'diretto', 'tipo', 'conoscere']",11.149999999999999,6.24,4.99,10.879999999999999,3.4700000000000006,10.33,9.59,13.360000000000003,aspettativa
kevm2h9,6,5,"['assumere', 'cattivo', 'film', 'bambino', 'piccolo']",1.8699999999999999,1.17,1.29,1.5899999999999999,0.91,0.99,1.93,1.7999999999999998,sorpresa
kevlrq4,35,26,"['avere', 'ragione', 'ragazzo', 'conoscere', 'uomo', 'esistere', 'storia', 'amore', 'esistere', 'uomo', 'mondo', 'ragazza', 'insegnare', 'avere', 'paura', 'conoscere', 'mazzo', 'fiore', 'solo', 'gusto', 'fare', 'fare', 'colpo', 'approccio', 'funzionare', 'film']",14.139999999999999,6.499999999999999,6.4799999999999995,8.17,3.41,12.119999999999994,10.789999999999997,14.790000000000001,aspettativa
kevjbnb,53,43,"['partire', 'convinto', 'riuscire', 'cambiare', 'scusa', 'cambiamento', 'ottenere', 'diventare', 'primo', 'credere', 'stesso', 'facile', 'impossibile', 'solo', 'fatto', 'difficoltà', 'volere', 'enorme', 'passo', 'avanti', 'fare', 'scusa', 'andare', 'perdere', 'soffrire', 'cosa', 'fare', 'emozione', 'sentimento', 'grado', 'iniziare', 'andare', 'stesso', 'guardare', 'film', 'corso', 'parlare', 'persona', 'ricordare', 'cambiamento', 'costante', 'stesso', 'persona']",17.169999999999995,10.94,8.22,11.270000000000001,3.89,15.249999999999998,11.649999999999997,19.449999999999996,aspettativa
kevg59o,15,14,"['festa', 'simile', 'diventare', 'film', 'americano', 'spargere', 'voce', 'diventare', 'panico', 'fine', 'arrivare', 'polizia', 'casa', 'evitare']",4.99,3.33,3.12,4.73,1.7400000000000002,4.32,4.7,6.43,aspettativa
kev8bba,21,12,"['sviluppare', 'complicazione', 'stanza', 'bagno', 'giro', 'casa', 'febbre', 'dolore', 'buono', 'leggere', 'guardare', 'film']",4.88,3.71,2.91,2.87,1.62,3.52,3.6199999999999997,4.92,aspettativa
keuv8nf,8,7,"['brano', 'studiare', 'fine', 'stesso', 'bruciare', 'tipo', 'film']",2.16,2.22,1.78,2.42,0.79,1.53,2.04,2.63,aspettativa
keus4j3,96,75,"['proposito', 'mente', 'fase', 'finale', 'combattimento', 'preparare', 'dare', 'colpo', 'buttare', 'sasso', 'dire', 'rispondere', 'attivare', 'iniziare', 'ridere', 'scappare', 'salvare', 'interpretare', 'cosa', 'esercitare', 'tentativo', 'vendetta', 'finale', 'ammazzare', 'altro', 'modo', 'cambiare', 'finale', 'parlare', 'umano', 'modo', 'ripetere', 'ridere', 'avere', 'modo', 'sapere', 'suono', 'dire', 'tentare', 'interpretare', 'contesto', 'sentire', 'dire', 'gettare', 'pietra', 'risparmiare', 'colpo', 'credere', 'suono', 'dire', 'volere', 'sentire', 'risata', 'indiano', 'inizio', 'film', 'tizio', 'raccontare', 'allontanare', 'credere', 'suono', 'dire', 'allontanato', 'cercare', 'dire', 'linguaggio', 'umano', 'volere', 'allontanato', 'conto', 'vincere', 'accettare', 'sconfitta', 'nemico', 'potente']",27.370000000000008,19.490000000000002,18.5,22.410000000000004,11.379999999999995,23.24999999999999,22.860000000000003,30.23,aspettativa
keupdrk,17,14,"['difficile', 'ricordare', 'differenza', 'film', 'anno', 'unico', 'cosa', 'scena', 'bagno', 'parlare', 'scommessa', 'inizio', 'scena', 'parere']",5.67,3.41,2.5300000000000002,3.79,1.4500000000000002,3.71,3.7399999999999998,5.58,gioia
keui120,7,2,"['mafia', 'film']",0.58,1.34,1.29,1.38,1.12,0.08,0.5,0.54,paura
keuho81,87,63,"['film', 'mese', 'fare', 'chilometro', 'andare', 'tornare', 'vedere', 'film', 'unico', 'sala', 'dotare', 'solo', 'grado', 'proiettare', 'vedere', 'esempio', 'ultimo', 'cosa', 'triste', 'volta', 'evitare', 'strada', 'traffico', 'autostrada', 'andare', 'unico', 'disponibile', 'distanza', 'umano', 'tenere', 'volume', 'alto', 'esempio', 'guardare', 'ultimo', 'dito', 'piantare', 'morire', 'uscire', 'spiegare', 'signore', 'volume', 'alto', 'significare', 'investire', 'poltrona', 'spendere', 'soldo', 'migliorare', 'sala', 'provare', 'ricevere', 'risposta', 'provare', 'parlare', 'personale', 'venditore', 'guardare', 'sguardo', 'avere', 'idea', 'cosa', 'parlare']",24.24,13.489999999999991,11.229999999999999,13.520000000000001,5.670000000000002,20.21,17.390000000000004,26.230000000000004,aspettativa
keu6ji3,19,14,"['ambiente', 'serie', 'film', 'pensare', 'vita', 'reale', 'ignorare', 'esistere', 'attore', 'serie', 'medico', 'modello', 'serie', 'uguale']",5.58,3.2300000000000004,2.62,3.04,1.58,4.84,2.9300000000000006,6.45,aspettativa
ketatep,16,14,"['anno', 'iniziare', 'imparare', 'italiano', 'potere', 'libro', 'giocare', 'guardare', 'film', 'italiano', 'capire', 'cazzo', 'messaggio', 'parlare']",7.6,2.6399999999999997,2.5999999999999996,2.33,1.7800000000000002,4.95,5.0,6.86,gioia
ket4g6d,17,14,"['fonte', 'informazione', 'libro', 'cosa', 'simile', 'film', 'esempio', 'uscire', 'cagare', 'film', 'americano', 'medio', 'credere', 'bombardare']",5.04,3.4299999999999997,2.8900000000000006,2.95,2.49,3.2800000000000002,3.6900000000000004,4.8,gioia
ket4daw,68,56,"['avere', 'sogno', 'strano', 'tipo', 'stare', 'sognare', 'inizio', 'prendere', 'controllo', 'sogno', 'sogno', 'collegare', 'anno', 'sognare', 'stesso', 'stesso', 'continuo', 'strano', 'sogno', 'morte', 'fare', 'anno', 'strano', 'stazione', 'treno', 'infinito', 'panorama', 'colorato', 'violare', 'nero', 'bianco', 'nero', 'film', 'correre', 'orizzontale', 'rotaia', 'uomo', 'tuta', 'elegante', 'stile', 'mafioso', 'film', 'funzionare', 'trovare', 'circondare', 'sparare', 'colpo', 'sentire', 'certo', 'freddo', 'sogno', 'svegliare', 'dolore', 'punto', 'sparare', 'sogno']",19.750000000000004,12.409999999999997,10.569999999999997,15.599999999999996,6.920000000000001,13.239999999999997,13.84,20.249999999999996,aspettativa
kesu84r,6,5,"['americano', 'basare', 'film', 'capire', 'paese']",1.62,0.92,0.7,0.58,0.45,1.17,1.25,1.54,gioia
kesol1v,1,1,['film'],0.58,0.42,0.29,0.42,0.12,0.04,0.42,0.42,gioia
kerz37s,10,2,"['scrivere', 'film']",1.29,1.0,0.71,0.71,0.32999999999999996,0.29,0.71,1.09,gioia
kerk444,5,4,"['verità', 'neve', 'film', 'vedere']",2.91,1.3399999999999999,0.92,1.09,0.4600000000000001,1.42,1.75,2.05,gioia
kerj5f1,30,23,"['punto', 'primo', 'dare', 'dimostrare', 'solidarietà', 'fratello', 'italiano', 'dire', 'parlare', 'amico', 'abitare', 'zona', 'fare', 'sentire', 'confronto', 'continuare', 'fare', 'naso', 'sembrare', 'film', 'sentire', 'odore', 'prato']",8.2,3.52,3.04,2.4899999999999998,1.8900000000000001,7.95,7.69,11.63,aspettativa
kerivnu,10,9,"['sede', 'senso', 'ambulanza', 'partita', 'ospedale', 'film', 'stare', 'vigile', 'fuoco']",2.7399999999999998,2.75,1.4499999999999997,3.12,0.98,2.75,2.08,3.09,paura
kerfujb,11,8,"['nuovo', 'poltrona', 'pensare', 'film', 'diventare', 'giro', 'paio', 'anno']",3.49,1.58,0.96,1.96,0.45,2.0700000000000003,2.1799999999999997,3.96,aspettativa
ker9dle,20,16,"['seguire', 'stesso', 'consiglio', 'fare', 'passeggiata', 'guardare', 'film', 'fare', 'tenere', 'legare', 'rompere', 'cazzo', 'leggere', 'medio', 'posto', 'fare']",5.45,2.0,2.21,2.41,1.12,4.989999999999999,4.07,7.37,aspettativa
ker6yty,37,26,"['sapere', 'narcisista', 'parlare', 'persona', 'fatto', 'narcisista', 'smettere', 'vedere', 'generale', 'verità', 'realtà', 'film', 'situazione', 'artificiale', 'persona', 'usare', 'filtro', 'valorizzare', 'normale', 'sentire', 'consiglio', 'persona', 'modo', 'amico', 'sincero', 'trovare']",9.149999999999999,5.3,5.82,6.37,4.58,9.66,7.99,12.050000000000002,aspettativa
ker6yii,9,7,"['film', 'nuovo', 'fabbrica', 'cioccolato', 'sacco', 'film', 'natalizio']",3.0300000000000002,2.21,1.0399999999999998,2.0,0.5800000000000001,0.9600000000000002,2.21,3.05,aspettativa
keqzkp1,11,10,"['invasione', 'storia', 'uomo', 'donna', 'fare', 'parte', 'resistenza', 'armato', 'vedere', 'film']",3.5900000000000003,3.38,4.04,3.4400000000000004,2.17,3.0,2.99,4.42,aspettativa
keqy2rl,55,38,"['doppiaggio', 'problema', 'largo', 'scala', 'traduzione', 'parlare', 'esempio', 'film', 'riscontro', 'versione', 'film', 'classico', 'versione', 'italiano', 'risultare', 'ora', 'sicuro', 'parte', 'effetto', 'opera', 'sembrare', 'film', 'rovinare', 'doppiaggio', 'credere', 'live', 'pensare', 'base', 'fatto', 'ricercare', 'dare', 'impronta', 'doppiaggio', 'puntare', 'caso', 'genere', 'riscontrare', 'certo']",11.09,5.99,5.38,6.2700000000000005,2.4800000000000004,10.97,10.559999999999997,15.950000000000001,aspettativa
keqq8g9,3,3,"['inizio', 'film', 'fantascienza']",1.9100000000000001,0.84,0.44999999999999996,1.29,0.27999999999999997,1.1300000000000001,1.58,1.9700000000000002,aspettativa
keqfgvu,9,5,"['film', 'bambino', 'lavorare', 'centro', 'commerciale']",2.0300000000000002,1.29,0.6599999999999999,0.83,0.66,1.32,1.5,1.67,gioia
keqar1c,17,14,"['contrario', 'mandare', 'giovane', 'morire', 'fare', 'perdere', 'elezione', 'andare', 'morire', 'imparare', 'imparare', 'storia', 'film', 'americano']",4.21,4.51,4.36,3.88,1.4699999999999998,3.2800000000000002,4.01,5.08,aspettativa
keq7fji,1,0,[],0.0,0.0,0.0,0.0,0.0,0.0,0.0,0.0,neutrale
keq6btp,10,7,"['volere', 'restare', 'nome', 'film', 'porno', 'attore', 'morire']",3.4899999999999998,2.75,1.9100000000000001,2.33,0.7000000000000001,2.0,2.0,3.49,aspettativa
keq4ha9,17,14,"['avere', 'ragione', 'cercare', 'modo', 'fare', 'riferimento', 'possibile', 'primo', 'film', 'sostituire', 'film', 'sbagliare', 'dare', 'impressione']",4.99,2.45,2.3600000000000003,2.75,0.99,4.41,4.05,6.91,aspettativa
keq3vni,25,19,"['primo', 'gatto', 'piacere', 'livello', 'trama', 'fantastico', 'punto', 'bello', 'avere', 'impressione', 'guardare', 'film', 'precedente', 'avere', 'altro', 'titolo', 'altro', 'personaggio', 'uguale']",7.86,2.2300000000000004,2.3900000000000006,3.6500000000000004,1.33,5.5200000000000005,6.67,8.420000000000002,aspettativa
keq2hys,9,7,"['folle', 'fare', 'paura', 'stagione', 'sembrare', 'film', 'catastrofico']",2.2800000000000002,2.26,1.79,2.8,0.78,1.2799999999999998,2.79,2.9499999999999997,aspettativa
keq248u,51,34,"['partire', 'presupposto', 'tanto', 'fare', 'schifo', 'tradurre', 'video', 'grande', 'appassionato', 'cinema', 'concetto', 'news', 'portare', 'scorso', 'secolo', 'film', 'straniero', 'film', 'italiano', 'attore', 'professionista', 'nascere', 'grande', 'mito', 'bravo', 'esistere', 'film', 'meccanico', 'rendere', 'lingua', 'italiano', 'pensare', 'film', 'comico']",14.46,7.07,5.02,6.52,3.750000000000001,9.29,10.249999999999998,15.999999999999996,aspettativa
keq0xxq,37,31,"['trovare', 'paragonabile', 'primo', 'film', 'gatto', 'bello', 'sorpresa', 'sapere', 'ritornare', 'avere', 'origine', 'considerare', 'superiore', 'film', 'problema', 'terzo', 'fatto', 'avere', 'vero', 'identità', 'sembrare', 'parte', 'richiedere', 'tema', 'battuta', 'debole', 'fare', 'eccezione', 'parte', 'liceo', 'divertente']",13.370000000000005,5.57,5.67,6.830000000000001,2.5000000000000004,8.959999999999999,10.89,13.569999999999997,aspettativa
kepztma,20,16,"['trovare', 'grande', 'trama', 'altro', 'film', 'capo', 'coda', 'inventare', 'senso', 'riempire', 'gatto', 'sommare', 'dispiaciuto', 'sembrare', 'avere', 'senso']",5.44,2.7300000000000004,2.36,2.7800000000000002,0.9400000000000002,4.03,4.78,6.62,aspettativa
kepse1y,13,7,"['cinema', 'parte', 'economico', 'finanziario', 'vedere', 'film', 'messaggio']",3.92,1.63,1.08,1.5,0.49,1.3399999999999999,2.59,3.24,gioia
kepprvm,8,6,"['credere', 'sentire', 'usare', 'isolato', 'contesto', 'film']",1.87,2.26,1.7800000000000002,2.2199999999999998,0.9899999999999999,1.6600000000000001,1.54,2.04,tristezza
kepgz12,85,76,"['scoppiare', 'guerra', 'primo', 'famiglia', 'confine', 'ucraino', 'lavorare', 'ufficio', 'primo', 'settimana', 'vedere', 'numero', 'basso', 'ucraino', 'arrivare', 'provincia', 'identificazione', 'accompagnare', 'parente', 'amico', 'italiano', 'compilare', 'modulo', 'indirizzo', 'numero', 'telefonico', 'italiano', 'collega', 'fresco', 'corso', 'dimenticare', 'famiglia', 'ospitare', 'comune', 'risiedere', 'finire', 'turno', 'persona', 'chiedere', 'scena', 'tipo', 'bastardo', 'gloria', 'film', 'nazista', 'uomo', 'andare', 'nascondere', 'moglie', 'lacrima', 'abbracciare', 'figlio', 'italiano', 'ospitare', 'spiegare', 'sentire', 'polizia', 'temere', 'peggio', 'senso', 'trovare', 'disertore', 'stare', 'consegnare', 'simile', 'leggere', 'rivedere', 'giorno', 'successivo', 'ufficio', 'arrivare', 'famiglia', 'uomo', 'ragazzo', 'età', 'nervoso']",27.059999999999995,19.46999999999999,17.31999999999999,16.459999999999997,9.929999999999994,23.68999999999999,18.8,30.849999999999987,aspettativa
keo880i,7,6,"['fascista', 'fascista', 'fascista', 'film', 'andare', 'occasione']",1.66,3.07,2.93,3.03,2.7600000000000002,0.75,1.29,1.5,tristezza
keo827l,7,5,"['bello', 'film', 'iniziare', 'stesso', 'scena']",2.83,0.7499999999999999,0.6199999999999999,1.05,0.2,1.37,2.09,2.67,gioia
keo6que,4,4,"['unico', 'film', 'avere', 'bisogno']",2.29,1.17,1.0,1.38,0.41000000000000003,1.75,1.4100000000000001,2.21,gioia
keo6pmu,13,6,"['scaricare', 'film', 'simile', 'fare', 'patatina', 'telefono']",1.9499999999999997,1.4900000000000002,1.58,1.1600000000000001,0.83,1.5,1.4599999999999997,2.58,aspettativa
keo5p8k,3,2,"['film', 'produrre']",0.9099999999999999,0.42,0.32999999999999996,0.45999999999999996,0.16,0.5,0.42,1.09,aspettativa
kenuo6i,5,3,"['unico', 'film', 'piacere']",2.29,0.8,0.5399999999999999,0.71,0.33,1.13,1.25,1.88,gioia
kemrdks,12,9,"['enorme', 'film', 'film', 'necessario', 'bastare', 'fare', 'altro', 'film', 'simile']",2.77,1.88,1.3999999999999997,2.4600000000000004,0.6900000000000001,1.69,2.79,3.26,aspettativa
kemgdfe,40,35,"['pensare', 'andare', 'programma', 'attraversare', 'tempo', 'vicenda', 'garantire', 'peggiorare', 'bisognare', 'introdurre', 'guerra', 'sesso', 'portare', 'teoria', 'americano', 'risultato', 'volta', 'sentire', 'dire', 'vita', 'aspetto', 'fisico', 'aspetto', 'perfetto', 'bello', 'ragazza', 'tratto', 'andare', 'moda', 'rappresentazione', 'donna', 'film', 'videogioco', 'esistere', 'bisognare']",12.559999999999999,7.28,5.94,7.47,3.7600000000000007,11.289999999999997,9.8,16.619999999999997,aspettativa
kem8gtj,21,19,"['guardare', 'sport', 'italiano', 'resto', 'inglese', 'film', 'serie', 'documentare', 'riferimento', 'notizia', 'giapponese', 'anima', 'doppiaggio', 'imbarazzante', 'parlare', 'cambiare', 'titolo', 'cazzo', 'roba']",4.710000000000001,2.91,3.26,3.0300000000000002,2.0300000000000002,3.42,5.0600000000000005,5.67,aspettativa
kem60u0,5,4,"['cercare', 'vedere', 'film', 'riparlare']",2.21,1.05,0.8700000000000001,1.0,0.41000000000000003,1.5899999999999999,1.58,2.5,aspettativa
kelxxq0,18,13,"['annuale', 'rientro', 'estero', 'trovare', 'roba', 'guardare', 'canale', 'roba', 'cucina', 'vecchio', 'film', 'culto', 'abolire']",3.83,3.0799999999999996,2.3400000000000003,2.16,1.33,3.08,3.41,4.75,aspettativa
kelww1e,12,11,"['affermazione', 'sembrare', 'esagerare', 'pensare', 'vedere', 'leggero', 'pari', 'film', 'problema', 'effetto', 'applicazione']",4.44,2.42,2.66,2.37,1.03,3.5300000000000002,3.8,5.34,aspettativa
kelsp25,22,16,"['dispiacere', 'confusione', 'film', 'svolgere', 'futuro', 'post', 'seguire', 'storia', 'parte', 'mondo', 'esplorare', 'problema', 'legare', 'globale', 'film', 'cercare']",5.38,5.51,4.44,6.41,2.1900000000000004,4.7700000000000005,6.13,7.43,aspettativa
kelqffb,38,27,"['cosa', 'piacere', 'mangiare', 'solito', 'tipo', 'fare', 'torta', 'ballare', 'casa', 'fare', 'telefonata', 'scherzare', 'esistere', 'testimone', 'disagio', 'umanità', 'legge', 'guardare', 'film', 'osservare', 'soffitto', 'interrogare', 'senso', 'vita', 'telefono', 'autunno', 'prossimo']",11.0,5.34,4.33,6.48,2.6900000000000004,8.82,8.299999999999999,12.51,aspettativa
kelqbst,24,18,"['film', 'lenzuolo', 'dirigere', 'trama', 'coinvolgere', 'colpire', 'globale', 'seguire', 'storia', 'giovane', 'italiano', 'variare', 'utile', 'verificare', 'informazione', 'confermare', 'film', 'cercare']",7.28,3.6399999999999997,3.65,4.59,1.7800000000000002,5.24,5.12,8.57,aspettativa
kelhu9d,23,15,"['attore', 'fregare', 'estero', 'film', 'vendere', 'rapporto', 'professionale', 'storico', 'credere', 'paragone', 'rispetto', 'avere', 'sensibilità', 'diverso', 'giusto']",6.17,3.46,3.2800000000000002,3.5799999999999996,2.35,6.79,3.96,7.409999999999999,aspettativa
kelh42d,15,12,"['avere', 'diritto', 'dire', 'fare', 'schifo', 'cosa', 'diverso', 'film', 'piacere', 'fotografia', 'sceneggiatura', 'attore']",4.79,2.38,2.29,2.83,2.79,3.69,3.49,5.92,aspettativa
kelca0u,53,48,"['opera', 'esistere', 'vuoto', 'contare', 'sensazione', 'provare', 'singolo', 'spettatore', 'dire', 'vedere', 'piacere', 'bello', 'film', 'vedere', 'via', 'scatenare', 'mare', 'sensazione', 'ispirazione', 'cambiare', 'vita', 'andare', 'dire', 'capire', 'cazzo', 'provare', 'falso', 'film', 'vedere', 'lingua', 'originale', 'trovare', 'buono', 'possibilità', 'sensazione', 'provare', 'simile', 'provare', 'vedere', 'film', 'capire', 'frequentare', 'rifiutare', 'parlare', 'persona', 'vedere', 'film', 'lingua']",26.55999999999999,12.189999999999992,9.559999999999999,12.45,6.8100000000000005,18.380000000000003,20.270000000000003,25.750000000000007,gioia
kelaeqv,5,4,"['consigliare', 'film', 'trovare', 'parlare']",2.49,1.04,0.8400000000000001,1.04,0.28,1.88,1.75,2.46,gioia
kel5vnp,15,9,"['bello', 'volere', 'perdere', 'film', 'avere', 'criminale', 'rimanere', 'buono', 'livello']",3.9499999999999997,2.75,2.95,2.54,1.29,2.25,3.1399999999999997,3.8,gioia
kel5pd4,27,17,"['doppiaggio', 'televisione', 'roba', 'simile', 'altro', 'estero', 'documentario', 'fare', 'pena', 'dire', 'parte', 'serie', 'film', 'altro', 'livello', 'altro', 'lingua']",3.8600000000000003,2.58,2.1900000000000004,2.73,1.7000000000000002,2.89,4.41,5.06,aspettativa
kel5mc2,63,50,"['primo', 'mese', 'stare', 'finire', 'volta', 'vita', 'avere', 'entusiasmo', 'piano', 'cosa', 'fare', 'girare', 'nuovo', 'chiamare', 'capo', 'nuovo', 'bastare', 'chiedere', 'mese', 'cosa', 'andare', 'rientro', 'frequente', 'costringere', 'accettare', 'fine', 'anno', 'fare', 'lavoro', 'fare', 'schifo', 'primo', 'volta', 'vita', 'mettere', 'piangere', 'dire', 'causa', 'persona', 'film', 'paio', 'occasione', 'telefonata', 'casa', 'giorno', 'colmo', 'mettere', 'trovare', 'altro', 'dare']",19.099999999999998,10.93,7.85,10.42,4.340000000000001,14.219999999999995,14.17,21.9,aspettativa
kel3f0s,20,17,"['dire', 'avere', 'senso', 'televisione', 'volta', 'cosa', 'sito', 'film', 'serie', 'vedere', 'film', 'nuovo', 'andare', 'cinema', 'canale', 'avere', 'senso']",6.2,2.94,1.99,3.37,1.3600000000000003,3.32,4.27,6.03,gioia
kel2u4b,92,71,"['piacere', 'cosa', 'sembrare', 'giovane', 'stesso', 'cosa', 'fascista', 'scherzare', 'discussione', 'serie', 'soggetto', 'politico', 'opinione', 'standard', 'società', 'orientale', 'giorno', 'puntare', 'dito', 'ragazzo', 'rissa', 'vittima', 'bullismo', 'scuola', 'violenza', 'stesso', 'situazione', 'fare', 'gioventù', 'fare', 'accusa', 'postare', 'cosa', 'cercare', 'cugino', 'vedere', 'avere', 'discussione', 'serio', 'fare', 'dare', 'risposta', 'andare', 'via', 'terapia', 'avversione', 'vedere', 'film', 'bambino', 'riga', 'uomo', 'cuore', 'ferro', 'migliore', 'azione', 'commedia', 'ragazzo', 'appassionato', 'videogioco', 'gioco', 'azione', 'ambientare', 'fascista', 'gioco', 'svolgere', 'orrore', 'guerra', 'esplorare', 'effetto', 'tempo', 'reale']",25.620000000000008,16.359999999999996,16.759999999999998,18.499999999999993,11.649999999999995,20.049999999999997,17.92,28.24,aspettativa
kel2sjg,26,19,"['guardare', 'altro', 'lingua', 'avere', 'film', 'americano', 'avere', 'sud', 'bello', 'differenza', 'personaggio', 'diverso', 'esigenza', 'copione', 'dialogo', 'avere', 'accento', 'base', 'romano']",6.44,2.66,3.03,4.28,1.6300000000000003,4.9,6.45,8.12,aspettativa
kel228t,26,22,"['doppiaggio', 'abominio', 'italiano', 'film', 'telefilm', 'italiano', 'giorno', 'notare', 'guardare', 'scena', 'cavallo', 'voce', 'registrare', 'studio', 'suono', 'presa', 'diretto', 'fare', 'paese', 'capire', 'pulire', 'naturale']",9.07,4.470000000000001,4.24,4.11,2.8800000000000003,6.28,6.79,8.909999999999998,gioia
kel0ztx,57,44,"['concludere', 'iniziare', 'scrivere', 'doppiaggio', 'fare', 'ripetere', 'difendere', 'spada', 'trattare', 'caso', 'presentare', 'sembrare', 'inutile', 'doppiaggio', 'migliorare', 'fare', 'esempio', 'stupido', 'serie', 'protagonista', 'versione', 'originale', 'avere', 'voce', 'modo', 'parlare', 'vissuto', 'traspare', 'sofferenza', 'doppiaggio', 'italiano', 'sembrare', 'provare', 'vedere', 'differenza', 'prendere', 'esempio', 'massimo', 'film', 'serie', 'normale', 'differenza', 'mostruoso', 'ciao']",14.059999999999999,8.92,7.5600000000000005,9.39,4.160000000000001,13.299999999999995,12.549999999999995,19.63,aspettativa
kel0h1d,10,8,"['volta', 'vedere', 'film', 'spagnolo', 'inglese', 'atroce', 'preferire', 'spagnolo']",3.04,1.4600000000000002,1.58,1.5,1.03,1.2399999999999998,1.71,2.58,gioia
kekyiuy,22,17,"['cinema', 'volta', 'mese', 'fare', 'passare', 'voglia', 'film', 'iniziare', 'aprire', 'sala', 'parte', 'pubblicità', 'parte', 'film', 'video', 'sala', 'buono']",7.79,3.17,1.8400000000000003,3.31,0.9800000000000002,4.0600000000000005,5.01,7.699999999999999,gioia
kekuqbk,19,16,"['aumentare', 'lavoro', 'tempo', 'stretto', 'portare', 'termine', 'lavorazione', 'pensare', 'serie', 'film', 'uscire', 'mondo', 'tempo', 'lavoro', 'aumentare', 'basso']",6.0200000000000005,5.24,3.21,4.52,1.88,4.74,4.66,8.74,aspettativa
kekujo2,79,60,"['pulizia', 'cosa', 'dare', 'fastidio', 'cinema', 'abito', 'minuto', 'macchina', 'smettere', 'bagno', 'sembrare', 'concerto', 'sedile', 'avere', 'aria', 'incredibile', 'film', 'iniziare', 'cazzo', 'minuto', 'orario', 'prevedere', 'film', 'casa', 'merda', 'mettere', 'intervista', 'proiezione', 'pausa', 'avere', 'senso', 'caso', 'momento', 'adatto', 'film', 'avere', 'pausa', 'pubblicità', 'tagliare', 'cazzo', 'cane', 'metà', 'dialogo', 'grande', 'catena', 'trovare', 'facile', 'fare', 'cartello', 'investimento', 'resa', 'ignoto', 'spettatore', 'restare', 'migliaio', 'unico', 'film', 'valere', 'pena', 'vedere']",23.329999999999988,11.719999999999997,9.469999999999997,13.289999999999994,6.220000000000001,16.029999999999998,19.02999999999999,27.029999999999998,aspettativa
keksot3,92,64,"['verità', 'assoluto', 'doppiaggio', 'film', 'parte', 'film', 'interpretazione', 'attore', 'scelta', 'regista', 'pensare', 'parte', 'stesso', 'livello', 'superiore', 'bello', 'buono', 'persona', 'grande', 'attore', 'vedere', 'recitare', 'citare', 'memoria', 'tono', 'battuta', 'film', 'tono', 'voce', 'pazzesco', 'originale', 'altro', 'cosa', 'vero', 'senso', 'termine', 'interpretazione', 'contesto', 'linguistico', 'perdere', 'battuta', 'gente', 'capire', 'considerare', 'stupido', 'imparare', 'contesto', 'altro', 'paese', 'battuta', 'riferimento', 'gioco', 'fare', 'riferimento', 'migliore', 'doppiaggio', 'italiano', 'osceno', 'parere', 'sentire', 'volta', 'opera', 'sud', 'americano']",25.129999999999985,12.129999999999995,11.25,12.22,7.920000000000001,18.399999999999988,20.129999999999992,26.669999999999984,aspettativa
keks6n9,6,6,"['guardare', 'film', 'programma', 'lingua', 'originale', 'sapere']",2.88,0.8400000000000001,0.5800000000000001,0.75,0.41,1.87,2.04,3.3,aspettativa
j2fom65,51,39,"['domanda', 'terzo', 'risposta', 'merda', 'centro', 'doppio', 'facile', 'sfogliare', 'curiosità', 'senso', 'alternativa', 'terzo', 'libro', 'primo', 'saga', 'vedere', 'primo', 'fare', 'film', 'avere', 'idea', 'trattare', 'film', 'parte', 'complesso', 'assoluto', 'libro', 'citare', 'roba', 'fantascienza', 'aspetto', 'interessante', 'filosofico', 'commento', 'genere', 'prendere', 'roba', 'incredibile', 'reddito']",13.129999999999994,5.19,4.93,6.6000000000000005,3.4,8.929999999999998,12.51,16.289999999999996,aspettativa
j2f7cdy,78,68,"['bello', 'libro', 'strada', 'casa', 'raccontare', 'storia', 'vero', 'bambino', 'anno', 'perdere', 'finire', 'adottare', 'famiglia', 'crescere', 'usare', 'trovare', 'minuscolo', 'villaggio', 'sapere', 'nome', 'paese', 'provenienza', 'parte', 'venire', 'storia', 'vero', 'film', 'fare', 'sacco', 'documentare', 'intervista', 'storia', 'telegiornale', 'epoca', 'raccontare', 'storia', 'ragazzo', 'ritrovare', 'madre', 'anno', 'libro', 'entrare', 'stesso', 'raccontare', 'intervista', 'sentire', 'storia', 'divenire', 'famoso', 'chiedere', 'facilitare', 'ricerca', 'rispondere', 'vedere', 'strada', 'camminare', 'avere', 'idea', 'iniziare', 'intervista', 'particolare', 'trovare', 'libro', 'valere', 'pena', 'storia', 'incredibile', 'leggere']",31.779999999999987,16.289999999999996,12.599999999999994,13.59,5.710000000000001,25.019999999999985,26.779999999999998,35.88,aspettativa
j2ebzb5,25,17,"['fine', 'fascismo', 'ottimo', 'esempio', 'media', 'esempio', 'cosa', 'pensare', 'nazista', 'trovare', 'film', 'efficiente', 'ordinare', 'nazista', 'dipinto', 'cretino', 'ridicolo']",5.5,5.54,5.16,4.74,3.99,5.08,4.33,6.97,aspettativa
j2eaelo,54,46,"['persona', 'capire', 'cittadino', 'innocente', 'avere', 'voce', 'capitolo', 'guerra', 'persona', 'guardare', 'cittadino', 'ucraino', 'guardare', 'russo', 'prendere', 'unico', 'vero', 'colpevole', 'fare', 'esempio', 'vietare', 'film', 'twitter', 'aprire', 'carta', 'credito', 'russo', 'usare', 'comprendere', 'uso', 'internet', 'andare', 'subire', 'grande', 'azienda', 'vedere', 'alleato', 'distruggere', 'vita', 'migliaio', 'russo', 'prendere', 'umanitario', 'cittadino', 'perdere', 'lavoro']",13.509999999999998,10.329999999999998,10.909999999999998,9.849999999999998,7.3,13.779999999999996,10.499999999999998,17.470000000000002,aspettativa
j2dvitq,43,36,"['film', 'credere', 'partecipare', 'programma', 'simile', 'indovinare', 'canzone', 'scena', 'comico', 'dare', 'fatto', 'canzone', 'indovinare', 'nota', 'domanda', 'approfondire', 'canzone', 'parente', 'meteo', 'giorno', 'comporre', 'canzone', 'sentire', 'nota', 'solo', 'cuffia', 'puntata', 'televisivo', 'proibito', 'scena', 'sogno', 'occhio', 'aperto', 'dire', 'puntata', 'parere']",15.759999999999998,7.7,4.88,6.71,2.28,10.85,12.959999999999999,17.38,aspettativa
j2d1eby,14,12,"['primo', 'volta', 'fare', 'film', 'figura', 'sperare', 'volta', 'restare', 'coerente', 'storia', 'evitare', 'criminale']",4.57,3.67,3.1999999999999997,3.59,1.9100000000000001,3.9400000000000004,3.49,5.71,aspettativa
j2d1afx,8,7,"['vedere', 'bello', 'film', 'discorso', 'finale', 'protagonista', 'risposta']",3.33,1.21,0.8699999999999999,1.29,0.41000000000000003,1.5499999999999998,2.4299999999999997,3.3,gioia
j2cztk8,163,120,"['ipocrisia', 'occidentale', 'bambino', 'guardare', 'asilo', 'medio', 'anno', 'sembrare', 'discesa', 'documentario', 'dipendente', 'anno', 'storia', 'ipocrisia', 'guardare', 'tenere', 'bambino', 'genitore', 'videogioco', 'personaggio', 'nudo', 'persona', 'passare', 'storto', 'controllare', 'personaggio', 'correre', 'pene', 'aria', 'nudo', 'maschile', 'motivo', 'film', 'nudo', 'femminile', 'interno', 'nudo', 'maschile', 'unico', 'pena', 'vedere', 'cinema', 'ragazza', 'commedia', 'anno', 'ragazza', 'protetto', 'maschio', 'fare', 'buco', 'donna', 'andare', 'nudo', 'sessualità', 'mano', 'insegnare', 'normale', 'andare', 'giro', 'nudo', 'violenza', 'normale', 'parere', 'fine', 'prete', 'strega', 'piazza', 'bambino', 'intimità', 'bisogno', 'sessuale', 'mito', 'maschile', 'violento', 'violenza', 'diventare', 'fare', 'compromesso', 'comprare', 'bambino', 'videogioco', 'violento', 'desiderare', 'violento', 'vitale', 'interno', 'casa', 'ambiente', 'fare', 'allenare', 'movimento', 'andare', 'giro', 'confuso', 'cattivo', 'relazione', 'sessualità', 'stesso', 'educazione', 'sessuale', 'discorso', 'ricordare', 'parte', 'religioso', 'fare', 'sesso', 'matrimonio', 'cattivo', 'relazione', 'corpo', 'crescita', 'persona', 'corpo', 'sapere', 'corpo', 'sapere', 'dare', 'pugno', 'premere', 'tasto']",45.139999999999986,23.88,22.029999999999987,28.179999999999993,17.009999999999984,38.629999999999946,32.38000000000002,46.49999999999997,aspettativa
j2awssv,51,41,"['fare', 'altro', 'ieri', 'volere', 'creare', 'film', 'mentale', 'avere', 'ragione', 'migliaio', 'cosa', 'disgustoso', 'fare', 'dire', 'fornire', 'prova', 'importante', 'cosa', 'spada', 'trattare', 'costo', 'affermare', 'terra', 'critica', 'rispondere', 'lavorare', 'passare', 'tempo', 'sfuggire', 'mente', 'brillante', 'mezzo', 'età', 'andare', 'anno', 'avere', 'mondo', 'mezzo', 'età', 'dire', 'cosa']",12.99,9.270000000000001,8.360000000000001,10.95,5.66,11.940000000000001,8.97,17.429999999999996,aspettativa
j2atg61,29,23,"['sera', 'avere', 'fare', 'arresto', 'fare', 'ridere', 'età', 'avere', 'anno', 'equivalere', 'uomo', 'donna', 'età', 'strano', 'cagare', 'scrivere', 'supposizione', 'film', 'mentale', 'creare', 'testa', 'parlare', 'scopare']",9.37,4.16,4.2700000000000005,5.33,2.6400000000000006,6.99,5.95,10.360000000000001,aspettativa
j29zsha,36,28,"['mancare', 'scena', 'cavallo', 'riportare', 'pagina', 'avere', 'film', 'diverso', 'testa', 'realtà', 'trattare', 'libro', 'famoso', 'storia', 'originale', 'bello', 'scritto', 'sapere', 'associare', 'sacco', 'emozione', 'negativo', 'serie', 'ricordare', 'maniera', 'caso', 'riguardo', 'piacere']",10.71,6.73,5.36,6.66,3.39,7.42,9.450000000000003,11.22,aspettativa
j29ytnb,20,18,"['pensiero', 'leggere', 'post', 'venire', 'mente', 'scena', 'film', 'interpretare', 'parlamentare', 'informare', 'indagare', 'rispondere', 'arrivare', 'arrivare', 'sbattere', 'cazzo', 'immagine', 'scrivere']",7.4,4.46,5.25,5.13,3.49,5.25,6.49,8.13,aspettativa
j29rwvf,16,13,"['amaro', 'vedere', 'resto', 'storia', 'nuovo', 'soggetto', 'ammettere', 'finanziare', 'film', 'videogioco', 'principio', 'cambiare', 'scopo']",6.08,3.1799999999999997,2.2500000000000004,4.54,1.21,4.54,5.55,6.78,aspettativa
j297hov,59,38,"['realtà', 'problema', 'giovane', 'accusare', 'vivere', 'periodo', 'giro', 'aria', 'status', 'periodo', 'periodo', 'mondo', 'esistere', 'rivoluzione', 'finire', 'giovane', 'andare', 'accendere', 'trovare', 'materiale', 'livello', 'autore', 'valere', 'autore', 'musica', 'attuale', 'valere', 'anno', 'creare', 'film', 'serie', 'giovane', 'eterno', 'fare', 'disegnare', 'computer', 'restare', 'storia']",16.01,9.319999999999999,8.31,9.22,3.6000000000000005,13.119999999999997,12.599999999999994,18.41,aspettativa
j296ahy,17,14,"['aggiungere', 'tetta', 'film', 'fatto', 'girare', 'scena', 'persona', 'doccia', 'uomo', 'donna', 'irrealistico', 'asciugamano', 'fare', 'scena']",5.17,1.6199999999999999,2.12,2.2399999999999998,1.06,2.79,4.62,5.97,aspettativa
j28w99p,14,9,"['comodo', 'sostituire', 'film', 'scena', 'importante', 'pellicola', 'preferire', 'sorpresa', 'finale']",3.5300000000000002,1.58,1.6599999999999997,1.79,0.99,1.8299999999999998,3.3899999999999997,4.21,aspettativa
j28w4od,3,3,"['bello', 'stare', 'film']",1.83,0.71,0.37,0.5,0.2,0.54,1.38,1.54,gioia
j28qksy,45,34,"['bisognare', 'fare', 'distinzione', 'libro', 'ottimo', 'strumento', 'motivo', 'studio', 'forum', 'argomento', 'interessare', 'lettura', 'fare', 'intendere', 'libro', 'strumento', 'efficace', 'valido', 'comportare', 'narrativo', 'serie', 'film', 'strumento', 'superiore', 'modesto', 'parere', 'rendere', 'libro', 'occhio', 'mente', 'inefficace', 'libro', 'fonte', 'informazione']",10.700000000000001,5.76,4.64,4.86,3.55,10.11,9.06,14.15,aspettativa
j28p6gc,13,8,"['parlare', 'grazie', 'cazzo', 'violenza', 'stare', 'film', 'cazzo', 'scusa']",2.6500000000000004,2.2199999999999998,2.5900000000000003,1.9900000000000002,1.7000000000000002,1.88,2.42,2.86,aspettativa
j28ougl,20,13,"['parlare', 'film', 'violenza', 'sbagliare', 'fare', 'parte', 'bene', 'male', 'film', 'videogioco', 'limitare', 'divieto', 'età']",4.28,4.97,4.75,4.95,2.7800000000000002,2.63,3.33,4.4399999999999995,tristezza
j28onoj,20,14,"['parlare', 'erotismo', 'marea', 'film', 'parte', 'sfondo', 'sessuale', 'parlare', 'corpo', 'nudo', 'trama', 'prevedere', 'fine', 'stesso']",5.61,2.79,2.1100000000000003,3.06,1.12,4.08,4.42,5.57,gioia
j28ft3p,10,8,"['presente', 'cambiare', 'volgare', 'notte', 'esame', 'film', 'ambientare', 'anno']",2.41,1.79,1.0,2.6799999999999997,0.66,1.7100000000000002,2.42,3.8,aspettativa
j28far7,26,20,"['vedere', 'periodo', 'post', 'natalizio', 'tetta', 'fare', 'storia', 'avere', 'ragione', 'film', 'primo', 'anno', 'distribuire', 'fare', 'livello', 'fotografia', 'luce', 'dialogo', 'bellezza', 'sembrare']",8.82,3.2,2.54,2.63,1.12,6.28,6.609999999999999,10.000000000000002,aspettativa
j28cv32,38,30,"['bello', 'anno', 'punto', 'caso', 'generale', 'caso', 'specifico', 'europeo', 'pensare', 'trattare', 'diverso', 'americano', 'epoca', 'vedere', 'donna', 'nudo', 'comprare', 'andare', 'cinema', 'aggiungere', 'scena', 'portare', 'soldo', 'immagine', 'difficoltà', 'aggiungere', 'tetta', 'film', 'aggiungere', 'vedere']",9.98,5.04,5.0,6.3,3.1500000000000004,6.5,8.869999999999997,11.2,aspettativa
j28clc8,6,4,"['bello', 'film', 'anno', 'pelo']",1.74,0.7899999999999999,0.41,0.63,0.7,0.5800000000000001,1.3399999999999999,1.71,gioia
j289vyw,114,87,"['servizio', 'fare', 'chiaro', 'messaggio', 'trasmettere', 'chiaro', 'nascere', 'vedere', 'usare', 'telefono', 'disco', 'cassetta', 'cosa', 'generale', 'chiamare', 'fatto', 'nuovo', 'generazione', 'dispositivo', 'perdere', 'perdere', 'contatto', 'umano', 'reale', 'persona', 'pieno', 'chiedere', 'fare', 'nuovo', 'amicizia', 'capire', 'funzionare', 'cosa', 'leggere', 'manuale', 'uso', 'oggetto', 'acquistare', 'stesso', 'discorso', 'aiuto', 'sapere', 'tecnologia', 'insegnare', 'usare', 'avere', 'disposizione', 'ragazzino', 'costringere', 'imparare', 'imparare', 'fare', 'cosa', 'fare', 'fare', 'cosa', 'cambiare', 'parametro', 'crisi', 'altro', 'esempio', 'sistema', 'operativo', 'fare', 'grado', 'scaricare', 'film', 'mandare', 'iniziare', 'usare', 'schermo', 'nero', 'grado', 'mandare', 'avere', 'anno', 'nuovo', 'generazione', 'diverso', 'meglio', 'peggio', 'avere', 'esperienza', 'vedere', 'cosa', 'maniera', 'diverso']",31.810000000000006,15.879999999999999,13.26999999999999,19.049999999999994,8.450000000000001,29.389999999999997,22.670000000000005,36.72999999999999,aspettativa
j288pkc,51,39,"['sesso', 'estensione', 'imbarazzante', 'osservare', 'presenza', 'specie', 'rischio', 'reazione', 'familiare', 'sesso', 'vivere', 'fare', 'parte', 'intimità', 'adulto', 'film', 'drammatico', 'scena', 'sesso', 'spingere', 'familiare', 'arrivare', 'passo', 'prestare', 'considerazione', 'misura', 'forma', 'fare', 'sapere', 'fare', 'sapere', 'fare', 'imbarazzo', 'caso', 'fare', 'parte', 'intimità', 'provocare', 'imbarazzo']",15.239999999999995,5.6899999999999995,6.48,10.519999999999996,4.260000000000001,14.11,11.799999999999999,17.61,aspettativa
j286iui,39,26,"['più', 'impronta', 'americano', 'esempio', 'film', 'europeo', 'nudo', 'tempo', 'muto', 'stare', 'semplificare', 'periodo', 'atteggiamento', 'angosciato', 'venire', 'mente', 'battuta', 'credere', 'dire', 'film', 'americano', 'vedere', 'vietare', 'vedere', 'coltello', 'andare']",7.74,6.52,5.9799999999999995,7.3,3.9800000000000004,6.88,6.46,9.17,aspettativa
j286irk,25,21,"['sembrare', 'giovane', 'scena', 'violento', 'stesso', 'gioco', 'riportare', 'giovane', 'tipologia', 'videogioco', 'avventura', 'natura', 'violento', 'esempio', 'videogioco', 'discorso', 'generale', 'media', 'film', 'giovane', 'adulto']",7.74,3.04,3.9000000000000004,4.8,1.6100000000000003,4.79,7.409999999999999,7.57,gioia
j285a57,30,24,"['mettere', 'vita', 'sdoganare', 'tatuaggio', 'sesso', 'pensare', 'voglia', 'pensare', 'bastare', 'sensazione', 'presente', 'film', 'scena', 'sesso', 'fianco', 'genitore', 'pensare', 'fare', 'pudore', 'motivo', 'sensibilità', 'simile', 'scena', 'sesso']",11.829999999999998,5.640000000000001,5.09,6.26,3.86,10.239999999999998,6.88,13.73,aspettativa
j25fru1,133,107,"['parte', 'scuola', 'viaggio', 'memoria', 'enorme', 'sembrare', 'gruppo', 'stanza', 'terzo', 'piano', 'uscire', 'ascensore', 'sembrare', 'finire', 'lato', 'ascensore', 'estendere', 'corridoio', 'fine', 'blu', 'pavimento', 'finestra', 'stesso', 'colore', 'lasciare', 'filtrare', 'luce', 'unico', 'lampadina', 'metro', 'stanza', 'ultimo', 'fondo', 'corridoio', 'porta', 'appendere', 'miracolo', 'notte', 'caduta', 'fare', 'prendere', 'infarto', 'altro', 'stanza', 'piccolo', 'punto', 'passare', 'letto', 'forza', 'passare', 'bagno', 'luce', 'funzionare', 'doccia', 'buio', 'terrazzo', 'laterale', 'tubo', 'uscire', 'odore', 'nauseante', 'rimanere', 'finestra', 'rimanere', 'chiuso', 'generale', 'intero', 'hotel', 'sembrare', 'set', 'film', 'punto', 'notte', 'porta', 'stanza', 'crollare', 'piede', 'pronto', 'eventuale', 'aggressore', 'scappare', 'chiudere', 'occhio', 'dormire', 'cuscino', 'pronto', 'autodifesa', 'dimenticare', 'torta', 'intero', 'hotel', 'buco', 'nero', 'tacco', 'connessione', 'internet', 'compagnia', 'usato', 'faccia', 'altro', 'studente', 'giorno', 'credere', 'stanza', 'avere', 'problema', 'simile']",31.069999999999993,20.23999999999999,14.539999999999997,22.779999999999994,7.560000000000001,23.349999999999977,23.99,34.810000000000024,aspettativa
j24xggt,25,14,"['primo', 'modo', 'vedere', 'targa', 'costo', 'provocare', 'vecchio', 'carico', 'sale', 'vendicare', 'meccanico', 'film', 'figlio', 'fiore']",4.9,3.03,3.86,2.7199999999999998,1.37,3.42,3.34,5.42,aspettativa
j24u09n,4,4,"['interessante', 'vedere', 'film', 'preferito']",2.83,0.63,0.58,0.54,0.33,1.37,1.6199999999999999,2.59,gioia
j246wrp,9,5,"['film', 'persona', 'film', 'preferito', 'momento']",2.87,1.76,1.58,1.92,1.1099999999999999,1.7799999999999998,2.0,2.39,gioia
j23qcra,34,25,"['vedere', 'anno', 'rapire', 'ammazzare', 'comportamento', 'fratello', 'tenere', 'occhio', 'eventuale', 'film', 'guardare', 'disegnare', 'scena', 'scrivere', 'cosa', 'inquietante', 'ammazzare', 'animale', 'dimostrare', 'rimorso', 'mostrare', 'dissociazione', 'mancanza', 'avere', 'problema']",8.05,9.969999999999999,9.309999999999999,10.29,6.2,8.08,9.2,11.41,aspettativa
j23klm6,56,48,"['vedere', 'serie', 'fedele', 'evento', 'serie', 'scena', 'lettera', 'telefonata', 'video', 'intervista', 'accadere', 'intendere', 'dire', 'inventare', 'storia', 'base', 'rimanere', 'valere', 'usare', 'nome', 'storia', 'vero', 'primo', 'cosa', 'trovare', 'online', 'cosa', 'stupire', 'film', 'episodio', 'vita', 'strada', 'libertà', 'togliere', 'aggiungere', 'pezzo', 'piacere', 'regista', 'ammettere', 'fatto', 'film', 'storia', 'interessante', 'bisogno', 'intervento', 'sceneggiatura', 'statunitense', 'forte']",19.65,10.959999999999999,9.770000000000001,11.240000000000002,4.760000000000001,14.849999999999994,17.490000000000002,22.17,aspettativa
j235puj,45,37,"['domanda', 'difficile', 'scegliere', 'rispondere', 'film', 'legare', 'livello', 'sentimentale', 'capolavoro', 'avvicinare', 'sbaglio', 'mostro', 'sacro', 'quarto', 'potere', 'punto', 'vista', 'bello', 'film', 'gruppo', 'amico', 'vivere', 'avventura', 'avvicinare', 'paura', 'rappresentare', 'comprendere', 'capire', 'diventare', 'effetto', 'salvo', 'amico', 'personaggio', 'caratterizzare', 'avviso', 'ovvio', 'parte']",14.989999999999998,5.94,5.65,9.659999999999997,3.3500000000000005,12.430000000000001,10.830000000000002,17.05,aspettativa
j22tngi,29,20,"['vedere', 'centinaio', 'volta', 'estendere', 'riflessione', 'film', 'lista', 'allungare', 'tanto', 'titolo', 'ex', 'scappare', 'film', 'paese', 'vecchio', 'rendere', 'conto', 'finire', 'lista', 'fermo']",5.140000000000001,4.93,3.12,4.75,1.6800000000000006,4.21,4.56,7.26,aspettativa
j229p05,10,7,"['club', 'vedere', 'volta', 'grande', 'film', 'mancare', 'perfetto']",3.34,1.83,1.46,1.26,0.41000000000000003,2.09,1.7,2.87,gioia
j21d9a8,26,21,"['fatto', 'basare', 'serie', 'accadere', 'ricordare', 'parlare', 'film', 'serie', 'fedele', 'avvenimento', 'stravolgere', 'inventare', 'fare', 'avvenire', 'coinvolgere', 'pubblico', 'fratello', 'prendere', 'vedere', 'serie', 'generale']",9.280000000000001,3.78,3.0,3.5300000000000002,1.24,7.65,6.300000000000001,9.070000000000002,gioia
j20vklh,6,6,"['casa', 'madre', 'cena', 'film', 'pensare', 'dormire']",4.21,1.7999999999999998,1.1199999999999999,1.09,0.49,3.0,1.9699999999999998,3.38,gioia
j20q9ls,9,7,"['anno', 'guardare', 'nascosto', 'film', 'immagine', 'profilo', 'conoscere']",3.17,1.7999999999999998,1.54,2.43,0.8200000000000001,2.21,2.71,3.62,aspettativa
j2055rt,22,14,"['anno', 'credere', 'età', 'standard', 'cominciare', 'guardare', 'film', 'stesso', 'età', 'sembrare', 'cosa', 'strano', 'fatto', 'cosa']",4.58,2.45,1.56,2.5100000000000002,1.16,4.28,3.5,5.95,aspettativa
j1zzji1,25,19,"['stare', 'gente', 'dire', 'recensione', 'film', 'sapere', 'bello', 'guardare', 'grazie', 'cazzo', 'sapere', 'piacere', 'strano', 'scegliere', 'modo', 'guardare', 'film', 'mondo', 'logico']",8.780000000000001,4.239999999999999,3.33,4.039999999999999,2.75,6.53,7.26,9.12,aspettativa
j1zfms1,102,74,"['esperienza', 'piacere', 'ambito', 'lavoro', 'convinto', 'approccio', 'lavoro', 'misurare', 'regolare', 'italiano', 'importante', 'vedere', 'giornata', 'ufficio', 'giorno', 'settimana', 'fare', 'lavoro', 'punto', 'favore', 'innovazione', 'enorme', 'città', 'abitante', 'caso', 'prossimo', 'città', 'avere', 'persona', 'ora', 'macchina', 'vivere', 'esperienza', 'diverso', 'vivere', 'nord', 'piacere', 'avere', 'gossip', 'persona', 'manco', 'dire', 'avere', 'figlio', 'mese', 'lavorare', 'esempio', 'godere', 'trovare', 'cosa', 'mangiare', 'europeo', 'italiano', 'stesso', 'cosa', 'trovare', 'altro', 'aspetto', 'considerare', 'lavorare', 'stesso', 'condizione', 'stesso', 'ambito', 'particolare', 'film', 'italiano', 'vedere', 'esperto', 'evasione', 'fiscale', 'buono', 'cibo', 'vino']",28.92,12.829999999999993,9.73,12.52,7.490000000000001,25.45000000000001,19.150000000000006,33.15,aspettativa
j1ygkdu,20,18,"['persona', 'avere', 'mezzo', 'interazione', 'dimenticare', 'fare', 'film', 'vedere', 'storia', 'pubblicare', 'correre', 'parco', 'generale', 'sembrare', 'solito', 'tentativo', 'approccio', 'vedere']",7.33,4.14,4.3500000000000005,4.92,2.13,5.45,4.39,7.839999999999999,aspettativa
j1yf5q1,95,77,"['zona', 'osservare', 'abitudine', 'capitare', 'riconoscere', 'persona', 'passare', 'certo', 'zona', 'portare', 'cane', 'stesso', 'ora', 'vedere', 'ragazza', 'correre', 'correre', 'dire', 'mettere', 'occhiale', 'nero', 'chiedere', 'andare', 'correre', 'fare', 'pensare', 'unico', 'cosa', 'sapere', 'parlare', 'impegnare', 'trovare', 'nome', 'trovare', 'zona', 'fare', 'notare', 'funzione', 'cercare', 'gente', 'servire', 'uscire', 'suggerimento', 'dare', 'fatto', 'frequentare', 'stesso', 'zona', 'sapere', 'vicinanza', 'dire', 'voglia', 'impegno', 'trovare', 'persona', 'contattare', 'sapere', 'chiedere', 'determinato', 'zona', 'sembrare', 'pretesto', 'dare', 'bastare', 'sera', 'vedere', 'passare', 'avere', 'informazione', 'dire', 'lasciare', 'perdere', 'fare', 'finta', 'pensare', 'film', 'orrore']",29.099999999999987,14.72,12.01,14.859999999999998,6.870000000000001,23.849999999999994,19.800000000000004,32.040000000000006,aspettativa
j1wei28,144,126,"['pensare', 'modo', 'migliore', 'imparare', 'inglese', 'altro', 'lingua', 'combattere', 'fronte', 'guardare', 'film', 'inglese', 'iniziare', 'leggere', 'libro', 'inglese', 'grande', 'sostenitore', 'libreria', 'locale', 'libro', 'inglese', 'costoso', 'avere', 'limitato', 'opzione', 'acquistare', 'libro', 'inglese', 'notare', 'libro', 'inglese', 'vendere', 'prezzo', 'basso', 'libreria', 'altro', 'opzione', 'ascoltare', 'cercare', 'parlare', 'inglese', 'difficile', 'avere', 'sorella', 'fratello', 'amico', 'partner', 'interessato', 'praticare', 'parlare', 'inglese', 'sera', 'settimana', 'metodo', 'importante', 'raggiungere', 'alto', 'livello', 'inglese', 'scrivere', 'inglese', 'scrivere', 'parlare', 'permettere', 'riflettere', 'formare', 'frase', 'cercare', 'usare', 'utilizzare', 'livello', 'inglese', 'alto', 'voce', 'inglese', 'permettere', 'migliorare', 'inglese', 'limitare', 'lingua', 'inglese', 'scrivere', 'permettere', 'elevare', 'inglese', 'livello', 'superiore', 'difficile', 'argomento', 'scrivere', 'modo', 'stimolare', 'cercare', 'nuovo', 'sconosciuto', 'costruire', 'frase', 'complesso', 'caso', 'cosa', 'scrivere', 'lavoro', 'corso', 'universitario', 'scegliere', 'scrivere', 'relazione', 'inglese', 'italiano', 'scrivere', 'tesi', 'laurea', 'inglese', 'università', 'pensare', 'poco', 'tempo', 'paese', 'lavorare', 'modo', 'migliore', 'migliorare', 'inglese', 'avere', 'possibilità']",45.61999999999999,20.799999999999994,17.609999999999985,20.759999999999987,8.599999999999998,39.05999999999998,30.279999999999983,54.789999999999985,aspettativa
j1vzvzq,21,17,"['perdere', 'consigliare', 'guardare', 'film', 'serie', 'grammatica', 'avere', 'bisogno', 'correggere', 'avere', 'soldo', 'investire', 'mese', 'scuola', 'inglese', 'presenza', 'online']",5.45,4.04,4.08,4.8,1.86,4.95,4.29,7.42,aspettativa
j1ufeyi,8,6,"['piacere', 'fare', 'inglese', 'film', 'libro', 'fumetto']",3.04,0.97,0.7,1.04,0.5800000000000001,1.54,2.37,2.87,gioia
j1u8pyp,10,7,"['media', 'inglese', 'navigare', 'internet', 'generale', 'serie', 'film']",1.6600000000000001,0.9199999999999999,0.7899999999999999,1.1300000000000001,0.46,0.8800000000000001,1.2,2.0,aspettativa
j1u82xb,70,55,"['piacere', 'fare', 'fallo', 'inglese', 'piacere', 'vedere', 'film', 'inglese', 'piacere', 'leggere', 'inglese', 'aiutare', 'ascoltare', 'piacere', 'videogioco', 'inglese', 'gioco', 'ovvio', 'avere', 'dialogo', 'scena', 'lingua', 'leggere', 'aiutare', 'piacere', 'meditare', 'uso', 'app', 'inglese', 'piacere', 'stare', 'leggere', 'inglese', 'argomento', 'interessare', 'legge', 'giorno', 'imparare', 'inglese', 'vedere', 'obbligo', 'fare', 'giorno', 'voglia', 'imparare', 'restare', 'antipatico', 'associare', 'cosa', 'piacere', 'imparare', 'fare', 'fare', 'esperienza', 'positivo']",29.720000000000002,8.509999999999998,6.920000000000001,8.699999999999998,5.41,23.549999999999986,17.96,29.38,gioia
j1u5nio,23,11,"['serie', 'inglese', 'capire', 'cazzo', 'avere', 'probabilità', 'capire', 'vario', 'corretto', 'soluzione', 'funzionare']",4.82,0.95,1.26,1.77,0.63,5.09,3.42,5.4399999999999995,aspettativa
j1u3evu,7,5,"['serie', 'inglese', 'incredibile', 'migliorare', 'andare']",2.1599999999999997,0.66,0.54,0.66,0.29,1.25,1.6600000000000001,2.28,aspettativa
j1u156r,338,252,"['prevenzione', 'pieno', 'idea', 'vedere', 'giustificare', 'vittima', 'situazione', 'gioco', 'brutto', 'anonimo', 'dire', 'volere', 'avere', 'faccia', 'troll', 'dire', 'uso', 'italiano', 'resto', 'età', 'medio', 'anno', 'gente', 'stare', 'esprimere', 'concetto', 'contare', 'credere', 'vivere', 'anno', 'cultura', 'argomento', 'diverso', 'controllare', 'priorità', 'altro', 'lato', 'persona', 'tipo', 'mettere', 'stesso', 'piano', 'culo', 'omicidio', 'sparare', 'fare', 'paura', 'tedesco', 'gente', 'avere', 'opinione', 'differente', 'caso', 'limite', 'gente', 'avere', 'palla', 'tirare', 'marea', 'discorso', 'natura', 'umano', 'cazzo', 'vario', 'credere', 'avere', 'senso', 'breve', 'uomo', 'donna', 'avere', 'libertà', 'volere', 'volere', 'morale', 'legge', 'impedire', 'giusto', 'fatto', 'vedere', 'strada', 'voglia', 'culo', 'morale', 'legge', 'generale', 'impedire', 'fare', 'futuro', 'possibile', 'sessuale', 'maschio', 'piacere', 'culo', 'fare', 'nuovo', 'affermazione', 'avere', 'senso', 'parlare', 'comportamento', 'tirare', 'ballo', 'marea', 'altro', 'situazione', 'videogioco', 'libro', 'film', 'simile', 'gente', 'virtuale', 'videogioco', 'fare', 'avere', 'palla', 'vita', 'vero', 'punto', 'certo', 'gente', 'tenere', 'occhio', 'controllo', 'solito', 'pubblicare', 'stare', 'fare', 'fare', 'primo', 'possibile', 'sapere', 'vedere', 'telefilm', 'funzionare', 'fare', 'cosa', 'simile', 'caso', 'prevedere', 'legge', 'necessità', 'ovvio', 'avere', 'sospetto', 'fondare', 'andare', 'presenza', 'virtuale', 'tizio', 'povero', 'scemo', 'anno', 'genere', 'bere', 'birra', 'intero', 'reparto', 'controllo', 'sembrare', 'inutile', 'dare', 'fare', 'cazzata', 'piccolo', 'esempio', 'lavorare', 'sicurezza', 'privato', 'personale', 'gente', 'chiamare', 'tipo', 'dinamica', 'cliente', 'chiedere', 'fare', 'piccolo', 'controllo', 'forza', 'ordine', 'luogo', 'fare', 'lavoro', 'pagare', 'euro', 'premere', 'tasto', 'fare', 'persona', 'privato', 'attenzione', 'provare', 'trasferire', 'cosa', 'ambito', 'pubblico', 'più', 'causa', 'legge', 'privacy', 'situazione', 'americano', 'marea', 'agente', 'occupare', 'controllare', 'oltranza', 'marea', 'gente', 'sapere', 'sapere', 'fare', 'sbagliare', 'base', 'contesto', 'sembrare', 'risorsa', 'dare', 'frutto', 'creare', 'costo', 'fatto', 'andare', 'postare', 'dimostrare', 'realtà', 'potenziale', 'criminale', 'fare', 'potenziale', 'criminale', 'potenziale', 'criminale', 'sapere', 'reato', 'conclusione', 'cosa', 'possibile', 'persona', 'avere', 'opinione', 'differente', 'argomento', 'implicare', 'potenziale', 'minacciare', 'ultimo', 'citazione', 'commento', 'fare', 'chiedere']",84.8000000000001,47.489999999999974,47.74999999999999,59.059999999999924,29.809999999999988,80.55999999999997,68.96999999999998,106.15000000000005,aspettativa
j1tz8bj,44,32,"['problema', 'donna', 'donna', 'conoscere', 'avere', 'educazione', 'sessuale', 'capire', 'conseguenza', 'fare', 'dare', 'colpo', 'venire', 'rapporto', 'finire', 'orgasmo', 'classico', 'scena', 'film', 'letto', 'venire', 'grado', 'dire', 'toccare', 'riferire', 'statistica', 'fare', 'continuare', 'avere', 'orgasmo', 'sorella', 'volere']",13.88,4.34,4.94,6.07,1.4300000000000006,11.22,9.209999999999999,15.640000000000004,aspettativa
j1tz1sv,15,13,"['sapere', 'basare', 'fatto', 'volta', 'moglie', 'vedere', 'film', 'americano', 'letto', 'vestito', 'indossare', 'volta', 'scarpa']",5.5,1.8300000000000003,1.58,1.5499999999999998,0.7400000000000001,3.34,2.33,4.12,gioia
j1tx58c,213,162,"['idiota', 'abituare', 'donna', 'telecamera', 'fermare', 'mano', 'tipico', 'gesto', 'film', 'porno', 'soldo', 'indicare', 'donna', 'marchiare', 'proprietà', 'uomo', 'donna', 'pubblico', 'diretta', 'fase', 'idiota', 'passare', 'liscia', 'volta', 'sapere', 'punire', 'prossimo', 'passo', 'passare', 'stupro', 'diretta', 'stesso', 'livello', 'omicidio', 'pagare', 'azione', 'tendere', 'distinguere', 'cosa', 'continuare', 'fare', 'cosa', 'genere', 'punire', 'pieno', 'colpa', 'legge', 'fare', 'stronzata', 'grosso', 'passare', 'liscia', 'succedere', 'inutile', 'fare', 'stronzata', 'grosso', 'lasciare', 'morire', 'stesso', 'sangue', 'succedere', 'inutile', 'chiaro', 'succedere', 'legge', 'italiano', 'continuare', 'andare', 'civile', 'sessuale', 'cosa', 'grave', 'volta', 'partire', 'sessuale', 'fermare', 'grado', 'civile', 'penale', 'parte', 'legge', 'accordo', 'parte', 'legge', 'guardare', 'caso', 'legge', 'dire', 'sessuale', 'grado', 'penale', 'difendere', 'stare', 'andare', 'civile', 'interpretare', 'cosa', 'giusto', 'piccolo', 'multa', 'donna', 'esagerare', 'guardare', 'succedere', 'valore', 'legge', 'porre', 'difesa', 'vittima', 'legge', 'ricordare', 'volta', 'scrivere', 'sudore', 'sangue', 'lotta', 'intero', 'generazione', 'stronzata', 'servire', 'lavoro', 'porto', 'difesa', 'difendere', 'solo', 'inciso', 'contesto', 'servire', 'sessuale', 'pubblico', 'fronte', 'testimone', 'pieno', 'facoltà', 'indicare', 'pesante', 'azione', 'idiota', 'pensare', 'circostanza', 'credere', 'primo', 'volta', 'caso', 'avere', 'paio', 'spiaggia', 'luna', 'continuare', 'giustificare', 'passato', 'fare', 'volta', 'pagare', 'conseguenza', 'ennesimo', 'sessuale', 'rispondere', 'suono', 'suonare', 'collega']",45.99,35.52999999999998,34.93999999999999,38.150000000000006,21.130000000000006,42.869999999999976,33.810000000000024,60.499999999999986,aspettativa
j1tvs09,8,6,"['mare', 'inverno', 'film', 'bianco', 'nero', 'vedere']",3.24,1.51,0.75,1.05,0.6300000000000001,2.08,1.5899999999999999,2.91,gioia
j1sjzzx,127,90,"['condividere', 'figa', 'commento', 'sentire', 'intelligente', 'usare', 'insulto', 'sfondo', 'sessuale', 'sperare', 'pronto', 'risposta', 'vedere', 'cercare', 'sentire', 'pensiero', 'sessuale', 'vittima', 'esagerare', 'legge', 'proteggere', 'vittima', 'legge', 'creare', 'sangue', 'sudore', 'lotta', 'proteggere', 'vittima', 'logica', 'prendere', 'anno', 'mese', 'logico', 'sessuale', 'reato', 'penale', 'legge', 'penale', 'ammettere', 'ignoranza', 'logica', 'legge', 'giusto', 'utile', 'seguire', 'corso', 'prigione', 'insegnare', 'fare', 'cazzata', 'meritare', 'privilegio', 'guadagnare', 'regalare', 'cretino', 'leccare', 'mano', 'pieno', 'controllo', 'facoltà', 'gesto', 'film', 'porno', 'venire', 'rappresentare', 'donna', 'marchiare', 'uomo', 'telecamera', 'aspettare', 'cosa', 'dire', 'caro', 'dire', 'cretino', 'fermare', 'gente', 'prendere', 'esempio', 'membro', 'società', 'fare', 'conquista', 'sabato', 'sera', 'vero', 'fare', 'cosa', 'fare']",31.36,20.639999999999993,20.959999999999994,22.14999999999999,14.26999999999999,29.15999999999999,21.339999999999993,39.540000000000006,aspettativa
j1r4var,69,52,"['positivo', 'senso', 'attualità', 'beh', 'positivo', 'senso', 'trovare', 'positivo', 'ordinario', 'fare', 'notizia', 'altro', 'ambito', 'avere', 'elemento', 'positivo', 'cosa', 'negativo', 'manco', 'scegliere', 'dire', 'salvare', 'albero', 'membro', 'anno', 'matrimonio', 'anno', 'scorso', 'storia', 'avere', 'corso', 'periodo', 'benessere', 'crescita', 'negativo', 'positivo', 'resto', 'guardare', 'epoca', 'aria', 'film', 'catastrofico', 'fare', 'paragone', 'fronte', 'opposto', 'cantare', 'andare', 'rendere', 'bello', 'servizio', 'seguire']",19.649999999999995,11.06,8.36,10.929999999999996,4.880000000000001,16.879999999999995,15.669999999999996,23.729999999999997,aspettativa
j1qghpj,101,75,"['tema', 'bello', 'episodio', 'piede', 'trovare', 'piccolo', 'capire', 'scopo', 'creare', 'divertire', 'cucciolo', 'avere', 'bisogno', 'continuo', 'stare', 'riuscire', 'copiare', 'mente', 'stimolo', 'gusto', 'film', 'tema', 'francese', 'consigliare', 'piano', 'giusto', 'vedere', 'concetto', 'veicolo', 'stimolo', 'bastare', 'senso', 'droga', 'aumentare', 'dose', 'rischio', 'istinto', 'sopravvivenza', 'drogare', 'società', 'stabilire', 'buono', 'vivere', 'comune', 'tendenza', 'estremo', 'contenuto', 'distratto', 'altro', 'termine', 'logico', 'certo', 'punto', 'cercare', 'tecnologia', 'riuscire', 'star', 'passo', 'scegliere', 'ciclo', 'vita', 'benessere', 'apparire', 'corto', 'vivere', 'dire', 'stanco', 'morire', 'dire', 'avere', 'meccanismo', 'naturale', 'diventare', 'altro', 'specie']",30.290000000000017,14.839999999999995,13.189999999999992,19.509999999999998,9.669999999999998,26.879999999999992,23.229999999999993,33.55,aspettativa
j1q8hkt,148,101,"['capire', 'caso', 'corpo', 'congelare', 'morire', 'corpo', 'gelato', 'temperatura', 'prevedere', 'morire', 'parte', 'mancare', 'reale', 'mettere', 'tecnologia', 'fine', 'leggere', 'volta', 'mente', 'copia', 'mente', 'copia', 'pensare', 'avere', 'ricordo', 'morire', 'piano', 'immaginabile', 'esistere', 'mente', 'mente', 'continuo', 'evoluzione', 'esistere', 'concetto', 'replicare', 'supporto', 'naturale', 'artificiale', 'diventare', 'gemello', 'certo', 'punto', 'gemello', 'naturale', 'morire', 'altro', 'arrivare', 'problema', 'altro', 'film', 'ricordare', 'titolo', 'personaggio', 'robot', 'stile', 'pietra', 'fantastico', 'ex', 'pilota', 'morto', 'incidente', 'salvare', 'robot', 'professore', 'vaga', 'copia', 'sentire', 'corpo', 'mancare', 'gusto', 'eventuale', 'copia', 'copia', 'ambiente', 'avere', 'problema', 'sensazione', 'trovare', 'via', 'diventare', 'puro', 'considerare', 'fantastico', 'massimo', 'avere', 'sperimentazione', 'fallito', 'elettronico', 'connettere', 'cervello', 'beh', 'dire', 'decennio', 'sviluppare', 'riuscire', 'arrivare', 'replicare', 'problema', 'anno', 'distruggere']",36.7,26.95999999999999,24.029999999999998,28.160000000000007,14.119999999999994,33.13999999999999,30.490000000000002,42.39,aspettativa
j1q29sh,51,31,"['vedere', 'miglioramento', 'parlare', 'idea', 'diventare', 'nazione', 'andare', 'dire', 'peggiore', 'periodo', 'milione', 'morto', 'giusto', 'giusto', 'bello', 'cosa', 'portare', 'documento', 'governo', 'sovietico', 'mostrare', 'stesso', 'modo', 'provare', 'documento', 'credere', 'legge', 'unico', 'cosa', 'bello', 'film']",11.86,5.970000000000001,4.6000000000000005,5.670000000000001,3.45,10.489999999999998,9.299999999999999,13.850000000000003,aspettativa
j1pxw0w,4,2,"['film', 'merda']",0.58,0.71,0.8699999999999999,0.6699999999999999,0.83,0.08,0.84,0.45999999999999996,rabbia
j1pu7mq,124,92,"['rispondere', 'gusto', 'attuale', 'netto', 'altro', 'opzione', 'disponibile', 'vedere', 'immagine', 'scrivere', 'avere', 'effetto', 'simile', 'droga', 'beh', 'giusto', 'pelo', 'leggero', 'tempo', 'televisione', 'avere', 'immagine', 'specchio', 'tipo', 'scorrere', 'sfondo', 'analisi', 'peso', 'caratteristica', 'ultimo', 'avere', 'costoso', 'limitato', 'giocattolo', 'avere', 'senso', 'offerta', 'problema', 'produrre', 'contenuto', 'produrre', 'fare', 'serie', 'selezionare', 'sistema', 'esperto', 'giusto', 'individuale', 'parere', 'offerta', 'risultare', 'migliore', 'livello', 'dispositivo', 'fisico', 'vendita', 'cominciare', 'percepire', 'medio', 'connettere', 'guardare', 'letto', 'camera', 'riguardare', 'artista', 'lato', 'sentimento', 'società', 'società', 'attuale', 'partorire', 'film', 'tragico', 'effetto', 'speciale', 'sostituire', 'assenza', 'trama', 'roba', 'fare', 'serie', 'tempo', 'dare', 'diverso', 'pubblico', 'considerazione', 'produzione', 'netto', 'propaganda', 'classico', 'evidenza', 'moderno']",31.819999999999997,18.880000000000003,18.769999999999985,21.649999999999995,13.649999999999991,32.67999999999999,24.750000000000004,42.29999999999999,aspettativa
j1prjwm,18,14,"['difetto', 'catalogo', 'ricco', 'film', 'raro', 'assenza', 'lingua', 'originale', 'ridicolo', 'scrivere', 'stesso', 'assistenza', 'diritto', 'boh']",4.8,2.62,1.9900000000000002,2.1500000000000004,1.11,3.2300000000000004,3.87,5.72,aspettativa
j1pks7q,119,83,"['prato', 'università', 'vedere', 'fare', 'attacco', 'bottone', 'cercare', 'stare', 'drago', 'accettare', 'finire', 'mettere', 'parlare', 'atomico', 'profondo', 'carino', 'cultura', 'pensare', 'fare', 'dare', 'appuntamento', 'giorno', 'appuntamento', 'andare', 'fare', 'giro', 'famoso', 'piazza', 'universitario', 'giovane', 'bere', 'fumare', 'fare', 'casino', 'via', 'selvaggio', 'tempo', 'bello', 'posto', 'ricordare', 'film', 'sicuro', 'accordare', 'giorno', 'casa', 'fare', 'conoscere', 'madre', 'giorno', 'presente', 'problema', 'girare', 'vedere', 'tipo', 'occhiale', 'sole', 'sera', 'super', 'imbarazzato', 'chiedere', 'chiamare', 'fare', 'confuso', 'chiamare', 'rispondere', 'madre', 'ora', 'guardare', 'sapere', 'tagliare', 'ponte', 'dire', 'colpa', 'genitore', 'ricadere', 'figlio', 'colpa', 'sapere', 'dire', 'distanza', 'anno', 'spiacere', 'situazione']",33.599999999999994,20.1,14.94,20.93000000000001,8.72,27.119999999999994,20.76,38.24999999999999,aspettativa
j1pir23,7,6,"['film', 'mettere', 'dare', 'possibilità', 'scegliere', 'lingua']",3.09,1.05,0.49999999999999994,1.12,0.28,1.9100000000000001,2.3,3.63,aspettativa
j1ph66f,27,18,"['amico', 'festeggiare', 'regalo', 'brutto', 'anno', 'dire', 'anno', 'regalare', 'disegnare', 'film', 'ciglio', 'mettere', 'macchina', 'libro', 'pensiero', 'papa', 'risposta', 'angelo']",7.39,3.1100000000000003,1.6100000000000003,2.41,1.5,5.48,6.26,7.33,gioia
j1ph0e3,143,105,"['appuntamento', 'brutto', 'iniziare', 'anno', 'foto', 'sembrare', 'voglia', 'trombare', 'tanto', 'online', 'chiedere', 'voglia', 'scegliere', 'posto', 'primo', 'impatto', 'vedere', 'bimbo', 'alto', 'dire', 'pensare', 'mentire', 'età', 'portare', 'posto', 'pieno', 'sedere', 'tavolo', 'prendere', 'locale', 'norma', 'uomo', 'moderno', 'pagare', 'carta', 'avere', 'pagare', 'nascere', 'batosta', 'fare', 'scattare', 'voglia', 'tornare', 'casa', 'domanda', 'fare', 'vita', 'rispondere', 'dire', 'parlare', 'spiegare', 'fare', 'vita', 'attore', 'argento', 'fare', 'fare', 'vincere', 'premio', 'persona', 'alzare', 'piede', 'festival', 'vero', 'avere', 'pagina', 'prendere', 'curiosità', 'chiedere', 'film', 'fare', 'sapere', 'vedere', 'riconoscere', 'citare', 'nome', 'mezzo', 'sentire', 'fare', 'film', 'serie', 'aprire', 'mondo', 'cinema', 'tavolo', 'amico', 'fare', 'finta', 'cosa', 'urtare', 'sera', 'parlare', 'fare', 'dote', 'attore', 'fare', 'personaggio', 'tipo', 'amico', 'spaccare', 'tempo', 'smettere', 'fondo', 'piacere', 'argento']",44.179999999999986,18.469999999999988,15.369999999999989,19.219999999999985,8.5,33.84,31.99000000000001,50.02999999999997,aspettativa
j1pgov7,72,49,"['vivere', 'futuro', 'variabile', 'possibile', 'vivere', 'futuro', 'andare', 'giusto', 'anno', 'guerra', 'nucleare', 'fatto', 'cosa', 'migliorare', 'medioevo', 'significare', 'migliorare', 'stesso', 'maniera', 'futuro', 'scenario', 'post', 'film', 'dipendere', 'durare', 'tempo', 'medio', 'avere', 'senso', 'caso', 'medico', 'specifico', 'particolare', 'merito', 'mente', 'parte', 'caso', 'capire', 'risposta', 'domanda', 'intendere', 'dire', 'sbagliato', 'esistere', 'risposta', 'giusto', 'sbagliato', 'poco', 'osservazione']",16.38,12.860000000000003,10.05,13.759999999999998,6.720000000000001,17.189999999999998,15.339999999999998,22.590000000000007,aspettativa
j1pf6io,8,6,"['guardare', 'film', 'anno', 'studioso', 'beccare', 'studioso']",2.04,2.0100000000000002,1.21,1.47,1.17,1.6100000000000003,2.54,2.96,aspettativa
j1p9jly,30,17,"['anno', 'film', 'cosa', 'invasione', 'anno', 'gustare', 'cosa', 'piacere', 'caldo', 'registro', 'guardare', 'comodo', 'scadere', 'mese', 'pensare', 'usare', 'volta']",5.83,4.54,3.4,3.59,2.54,4.2700000000000005,4.13,6.67,aspettativa
j1ny6xg,100,64,"['totalmente', 'accordo', 'guardare', 'film', 'anno', 'studioso', 'realtà', 'opposto', 'significare', 'perdere', 'film', 'impegnare', 'saga', 'nascere', 'sapere', 'nonno', 'nonno', 'film', 'capolavoro', 'sci', 'bello', 'contenuto', 'metà', 'pieno', 'mano', 'volta', 'fenomeno', 'cultura', 'pratica', 'originale', 'restare', 'punto', 'volta', 'versione', 'originale', 'attore', 'dire', 'invasione', 'corpo', 'conoscere', 'leggere', 'fumetto', 'fare', 'appassionare', 'genere', 'versione', 'terrore', 'spazio', 'scrivere', 'indiano', 'perdere', 'recente', 'stile', 'cosa', 'vivere', 'successo', 'file', 'calcolare', 'film', 'genere', 'consiglio', 'confine', 'realtà', 'anno']",27.720000000000002,15.34999999999999,10.589999999999995,13.589999999999993,5.980000000000001,21.479999999999997,19.849999999999998,31.22,aspettativa
j1nxw6s,20,18,"['volta', 'capitare', 'passare', 'tempo', 'scegliere', 'cosa', 'guardare', 'chiudere', 'finestra', 'temporale', 'guardare', 'film', 'fine', 'guardare', 'ora', 'rimanere', 'ora', 'lavoro']",4.57,5.18,3.0,4.9399999999999995,1.7999999999999998,3.69,4.99,7.48,aspettativa
j1njlkc,12,5,"['film', 'concetto', 'cultura', 'americano', 'anno']",1.6600000000000001,0.96,0.62,0.6699999999999999,0.2,1.28,1.21,1.75,aspettativa
j1nh66b,8,7,"['fregare', 'fine', 'importante', 'smettere', 'generare', 'film', 'originale']",2.5799999999999996,2.17,2.05,2.12,1.2400000000000002,1.4100000000000001,2.04,3.21,aspettativa
j1nbzob,8,8,"['dubbio', 'togliere', 'tema', 'film', 'rimanere', 'sceneggiatura', 'critico', 'stesso']",1.9400000000000002,1.8399999999999999,1.63,2.0799999999999996,0.7,1.61,1.89,2.92,aspettativa
j1nb50t,7,5,"['film', 'creativo', 'originale', 'fumetto', 'propaganda']",2.75,1.13,1.24,1.5,1.11,1.17,2.45,2.42,gioia
j1n8did,8,6,"['bello', 'tempo', 'ora', 'film', 'durare', 'ora']",2.19,1.76,0.62,1.47,0.2,1.5499999999999998,1.67,3.16,aspettativa
j1n86gs,22,19,"['pubblicità', 'guardare', 'film', 'cazzo', 'sottolineare', 'anno', 'taglio', 'pubblicità', 'avere', 'minimo', 'senso', 'pubblicità', 'sembrare', 'mettere', 'scegliere', 'pubblicità', 'quarto', 'ora', 'fanculo']",3.74,3.13,3.2800000000000002,2.84,2.66,3.45,4.83,7.3500000000000005,aspettativa
j1n5vt4,20,18,"['aprire', 'canale', 'anno', 'mandare', 'onda', 'stesso', 'serie', 'voglia', 'vedere', 'film', 'minuto', 'iniziare', 'finire', 'mettere', 'mezzo', 'altro', 'minuto', 'pubblicità']",6.2,2.79,1.71,3.26,1.28,4.1899999999999995,4.45,7.55,aspettativa
j1n4k09,14,9,"['problema', 'causa', 'retorica', 'sentire', 'inizio', 'film', 'caduta', 'aspettare', 'vero']",3.17,2.92,2.8,3.4,1.2300000000000002,3.12,3.76,4.5,aspettativa
j1n2f55,21,14,"['volta', 'fare', 'trovare', 'cosa', 'interessante', 'bene', 'male', 'volta', 'registro', 'programma', 'film', 'interessare', 'ultimo', 'opzione']",5.25,3.2399999999999998,2.87,2.58,1.56,3.83,3.94,6.46,aspettativa
j1mtlkj,10,6,"['tempo', 'scegliere', 'film', 'accendere', 'massimo', 'poco']",2.37,1.8800000000000001,1.4100000000000001,1.9299999999999997,0.37,2.04,1.96,3.2199999999999998,aspettativa
j1mnke4,139,102,"['limite', 'sicuro', 'rientrare', 'categoria', 'anno', 'vista', 'poco', 'causare', 'scuola', 'vicino', 'amico', 'comune', 'uscire', 'conversazione', 'interessante', 'avere', 'giorno', 'autobus', 'piano', 'andare', 'cenare', 'tempo', 'andare', 'locale', 'zona', 'trovare', 'ristorante', 'minuto', 'piede', 'posto', 'trovare', 'strada', 'paese', 'centinaio', 'metro', 'centro', 'storico', 'smettere', 'avere', 'marciapiede', 'terra', 'lato', 'strada', 'lato', 'striscia', 'bianco', 'campagna', 'immaginare', 'succedere', 'furgone', 'prendere', 'velocità', 'esagerato', 'braccio', 'sinistro', 'gamba', 'terra', 'fortuna', 'toccare', 'rialzare', 'dolore', 'lacrima', 'testa', 'strapieno', 'fare', 'figura', 'eroe', 'film', 'polvere', 'continuare', 'giornata', 'provare', 'capire', 'posteriore', 'uomo', 'avere', 'occhio', 'orbita', 'capire', 'dare', 'continuare', 'appuntamento', 'fine', 'discorso', 'sguardo', 'bello', 'prendere', 'matto', 'obbligare', 'andare', 'ospedale', 'lastra', 'morale', 'favola', 'rompere', 'rivedere', 'prendere', 'pazzo', 'fare', 'tirare', 'vedere', 'soldo']",33.010000000000005,17.19999999999999,14.239999999999991,21.03999999999999,7.580000000000001,26.81,24.479999999999997,39.50999999999999,aspettativa
j1mhvdl,11,9,"['fatto', 'finto', 'telegiornale', 'film', 'fare', 'passare', 'voglia', 'vedere', 'televisione']",3.8200000000000003,2.63,2.12,1.6300000000000001,1.7400000000000002,2.33,2.3,3.9699999999999998,aspettativa
j1m07c0,8,6,"['ottimo', 'motivazione', 'ricordare', 'bambino', 'iniziare', 'film']",4.59,1.46,0.58,1.47,0.41,2.71,2.3000000000000003,2.96,gioia
j1lzehn,28,19,"['volta', 'film', 'iniziare', 'avere', 'paio', 'pubblicità', 'mezzo', 'orario', 'iniziare', 'minuto', 'avere', 'minuto', 'pubblicità', 'causa', 'orario', 'finale', 'anno', 'solo', 'canale']",5.62,3.83,2.62,4.52,1.31,4.5600000000000005,3.7,7.99,aspettativa
j1lxxap,43,33,"['serie', 'film', 'rimanere', 'varietà', 'diretto', 'solito', 'pubblico', 'giovane', 'evento', 'sportivo', 'nazionale', 'mondiale', 'calcio', 'evento', 'televisivo', 'storico', 'festival', 'chiaro', 'perdere', 'fascino', 'parlare', 'orario', 'primo', 'serata', 'iniziare', 'tenere', 'canale', 'tempo', 'crollare', 'forza', 'proporre', 'nuovo', 'pubblicità']",12.83,7.140000000000001,5.249999999999999,6.38,2.64,8.27,8.990000000000002,13.11,aspettativa
j1lvqjt,14,10,"['esempio', 'classico', 'cazzo', 'pensare', 'fatto', 'programma', 'interessante', 'film', 'recente', 'tentare']",3.79,1.7000000000000002,1.75,1.6199999999999999,0.9900000000000001,3.2800000000000002,2.99,5.01,aspettativa
j1lv8nm,33,21,"['problema', 'film', 'serie', 'vecchio', 'riproporre', 'anno', 'fatto', 'scomodità', 'trovare', 'volere', 'possibilità', 'mettere', 'pausa', 'anno', 'passare', 'cazzo', 'accendere', 'guardare', 'canale', 'caso', 'inutile']",6.57,4.57,4.38,4.33,1.4300000000000002,5.41,6.64,8.459999999999997,aspettativa
j1ltte5,31,21,"['amare', 'film', 'anno', 'cercare', 'sapere', 'cercare', 'problema', 'effetto', 'caos', 'trovare', 'solito', 'tempo', 'lavorare', 'avere', 'tempo', 'perdere', 'offerta', 'avere', 'senso', 'cosa', 'guardare']",7.25,6.13,4.99,5.54,1.5299999999999998,6.73,6.21,9.579999999999998,aspettativa
j1ls6zf,1,1,['film'],0.58,0.42,0.29,0.42,0.12,0.04,0.42,0.42,gioia
j1log20,3,1,['film'],0.58,0.42,0.29,0.42,0.12,0.04,0.42,0.42,gioia
j1lnaq2,6,4,"['vedere', 'film', 'interessare', 'vedere']",2.62,0.76,0.6699999999999999,0.58,0.4600000000000001,1.0899999999999999,1.46,2.21,gioia
j1lijhz,178,133,"['cellulare', 'top', 'costare', 'differenza', 'primo', 'offrire', 'cellulare', 'avere', 'solo', 'modello', 'economico', 'top', 'livello', 'schermo', 'top', 'cosa', 'simile', 'grosso', 'differenza', 'fine', 'offrire', 'differente', 'versione', 'sistema', 'operativo', 'funzionare', 'periodo', 'testimonianza', 'persona', 'avere', 'funzionare', 'comprare', 'mese', 'scorso', 'girare', 'marca', 'diverso', 'marca', 'proporre', 'diverso', 'riguardare', 'computer', 'bisognare', 'fare', 'considerazione', 'modello', 'base', 'computer', 'pensare', 'utenza', 'base', 'garantire', 'anno', 'utilizzo', 'utilizzare', 'regalare', 'laurea', 'stesso', 'motivo', 'facile', 'scrivere', 'sistema', 'operativo', 'mantenere', 'tempo', 'roba', 'top', 'pensare', 'professionista', 'specializzato', 'settore', 'esempio', 'avere', 'super', 'schermo', 'pensare', 'utente', 'medio', 'pensare', 'direttore', 'fotografia', 'film', 'fare', 'post', 'produzione', 'campo', 'scaricare', 'video', 'formato', 'computer', 'servire', 'sistema', 'dare', 'resa', 'colore', 'momento', 'schermo', 'pensare', 'file', 'pensare', 'fotografo', 'professionista', 'fare', 'post', 'produzione', 'vedere', 'cosa', 'servire', 'persona', 'lavoro', 'fare', 'elaborazione', 'video', 'modo', 'diverso', 'parallelo', 'avere', 'immagine', 'finale', 'fine', 'pensare', 'persona', 'fare', 'uso', 'estremo', 'volere', 'durare', 'tempo', 'stare', 'coglione', 'cambiare', 'volta', 'anno']",44.479999999999976,25.690000000000005,21.57,24.649999999999995,13.479999999999993,42.16999999999997,30.080000000000034,57.109999999999985,aspettativa
j1klhk4,62,49,"['credere', 'accordo', 'tempo', 'contrario', 'fatto', 'stesso', 'dare', 'soldo', 'gente', 'comprare', 'fumetto', 'cultura', 'fine', 'passare', 'fretta', 'comprare', 'serie', 'punto', 'investire', 'settore', 'numero', 'biblioteca', 'idea', 'impossibile', 'libro', 'pensare', 'studente', 'povero', 'avere', 'aiuto', 'avere', 'iniziativa', 'sentire', 'riguardare', 'altro', 'roba', 'tipo', 'musica', 'film', 'realtà', 'fumetto', 'potere', 'dire', 'giovane', 'sapere', 'prodotto', 'brutto', 'dire', 'funzionare']",18.290000000000003,12.430000000000001,10.14,11.38,5.66,15.329999999999995,13.790000000000001,20.900000000000002,aspettativa
j1jifpd,23,19,"['film', 'uscire', 'sala', 'cinematografico', 'americano', 'giugno', 'nascere', 'uscire', 'anno', 'giorno', 'fare', 'tempo', 'film', 'amico', 'volta', 'ritrovare', 'risata', 'augurio', 'buono']",10.729999999999999,3.63,2.15,3.7299999999999995,0.9000000000000001,6.51,6.17,9.72,gioia
j1jfhsn,51,43,"['interpretare', 'carro', 'sbagliato', 'basso', 'carro', 'scrivere', 'volta', 'film', 'dirigere', 'leone', 'fare', 'narrare', 'storia', 'ambientare', 'anno', 'statua', 'raffigurare', 'persona', 'colore', 'catena', 'corpo', 'maglia', 'testa', 'corona', 'statua', 'libertà', 'punto', 'vista', 'credere', 'rappresentare', 'persona', 'colore', 'soggetto', 'particolare', 'modo', 'anno', 'finire', 'carcere', 'nero', 'andare', 'libertà', 'paventare', 'americano']",12.879999999999995,8.079999999999998,6.390000000000001,7.6,3.45,11.229999999999999,9.009999999999998,13.809999999999999,aspettativa
j1imieo,23,17,"['usare', 'cosa', 'sapere', 'aggirare', 'sistema', 'fratello', 'guardare', 'cultura', 'film', 'comprare', 'libro', 'filosofia', 'povero', 'canna', 'comprare', 'libro', 'comprare']",5.96,3.9699999999999998,3.29,3.2300000000000004,2.29,4.48,5.08,6.51,aspettativa
j1ihlsx,19,11,"['cultura', 'venire', 'società', 'libero', 'giudicare', 'cosa', 'piattaforma', 'fare', 'esempio', 'frase', 'film']",3.88,1.6199999999999999,1.7000000000000002,1.9500000000000002,1.4500000000000002,3.6500000000000004,2.79,4.51,aspettativa
j1hkfia,52,39,"['uso', 'servire', 'investire', 'stampa', 'media', 'dubbio', 'porre', 'casa', 'diventare', 'ricordare', 'film', 'normale', 'fare', 'solo', 'esperimento', 'sicurezza', 'sigaretta', 'obbligatorio', 'prendere', 'oro', 'colare', 'esperimento', 'fare', 'sicurezza', 'efficacia', 'fare', 'casa', 'vendere', 'vino', 'buono', 'fonte', 'proprietario', 'mini', 'serie', 'trattare', 'argomento', 'corruzione', 'portare', 'crisi']",12.989999999999997,7.3500000000000005,6.29,6.93,4.170000000000001,11.149999999999995,8.56,16.56,aspettativa
j1hf2yr,23,19,"['logico', 'sapere', 'film', 'fare', 'pensare', 'fare', 'stare', 'trasferire', 'assurdo', 'volere', 'fare', 'parte', 'trovare', 'culturale', 'ragazza', 'impegnare', 'vedere', 'determinato', 'ambiente']",8.99,3.92,3.45,4.15,1.79,7.23,6.2700000000000005,10.569999999999999,aspettativa
j1hehuy,33,32,"['imparare', 'italiano', 'consigliare', 'programma', 'film', 'trama', 'semplice', 'attore', 'parlare', 'modo', 'chiaro', 'lento', 'buono', 'opzione', 'medico', 'famiglia', 'riguardare', 'film', 'provare', 'vita', 'bello', 'film', 'avere', 'trama', 'semplice', 'personaggio', 'parlare', 'modo', 'lento', 'chiaro', 'trovare', 'buono']",14.87,5.420000000000001,3.87,4.73,1.6700000000000004,11.149999999999999,8.91,15.41,aspettativa
j1hdt3u,52,34,"['vero', 'insultare', 'dare', 'ragione', 'vero', 'vero', 'bolla', 'dire', 'pazzo', 'dare', 'pazzo', 'potere', 'medio', 'domanda', 'parzialità', 'notizia', 'tipo', 'fare', 'bagno', 'sangue', 'fonte', 'propaganda', 'pazzo', 'sangue', 'mangiare', 'sasso', 'pazzo', 'dire', 'pazzo', 'chiamare', 'propaganda', 'propaganda', 'usare', 'film']",9.749999999999996,9.590000000000002,9.74,12.350000000000003,7.26,9.35,10.299999999999999,11.86,paura
j1hbwuz,17,12,"['provare', 'programma', 'dare', 'onda', 'serie', 'film', 'gratuito', 'cittadino', 'obbligare', 'pagare', 'canone', 'annuale']",3.6900000000000004,2.75,2.7800000000000002,2.3899999999999997,2.0,2.84,3.71,4.68,aspettativa
j1h7gzx,69,48,"['giornale', 'letto', 'milione', 'persona', 'chiacchiera', 'bar', 'sparare', 'mettere', 'punto', 'domanda', 'propaganda', 'guerra', 'colpa', 'articolo', 'merdoso', 'coglione', 'politico', 'giornale', 'contesto', 'vedere', 'entrare', 'edificio', 'ragazzino', 'nipote', 'punto', 'domanda', 'rivelazione', 'seguire', 'capo', 'coda', 'matto', 'pericoloso', 'profeta', 'confronto', 'impotente', 'nuovo', 'indiscrezione', 'fermare', 'sapere', 'adulto', 'riconoscere', 'propaganda', 'basso', 'livello', 'titolo', 'giornale', 'avere', 'insegnare']",11.739999999999997,10.23,12.679999999999996,12.829999999999997,9.189999999999996,11.48,11.349999999999998,17.349999999999994,aspettativa
j1fhtrx,241,180,"['scrivere', 'togliere', 'alto', 'spiacere', 'avere', 'accesso', 'leggere', 'contrario', 'anno', 'favorevole', 'fare', 'riforma', 'strutturale', 'periodo', 'giovane', 'altro', 'causa', 'riforma', 'durare', 'tempo', 'tipo', 'museo', 'gratuito', 'giovane', 'vino', 'anno', 'teatro', 'gratuito', 'anno', 'musica', 'dipendere', 'libro', 'altro', 'studiare', 'costruire', 'permettere', 'migliore', 'gestione', 'studio', 'minore', 'costo', 'studiare', 'esempio', 'banale', 'analizzare', 'legare', 'altro', 'parametro', 'permettere', 'fondo', 'avere', 'bisogno', 'persona', 'recuperare', 'soldo', 'riforma', 'altro', 'parte', 'anno', 'riuscire', 'crescere', 'fare', 'riforma', 'strutturale', 'dare', 'giusto', 'prendere', 'voto', 'pochino', 'partito', 'rispettare', 'partito', 'mettere', 'ricevere', 'volta', 'scegliere', 'politico', 'accaparrare', 'voto', 'avere', 'classe', 'provare', 'culo', 'piccolo', 'famiglia', 'nuotare', 'soldo', 'avere', 'riuscire', 'cultura', 'avere', 'sconto', 'cinema', 'andare', 'andare', 'vedere', 'film', 'importante', 'avere', 'concerto', 'andare', 'sapere', 'bene', 'male', 'boh', 'sconto', 'musica', 'lira', 'donare', 'genitore', 'settimana', 'esistere', 'libro', 'scolastico', 'libro', 'leggere', 'sbagliato', 'leggere', 'libro', 'avere', 'casa', 'unico', 'sistema', 'potere', 'usare', 'andare', 'biblioteca', 'libro', 'piacere', 'leggero', 'mese', 'pena', 'pagamento', 'ragione', 'volta', 'avere', 'vita', 'giudicare', 'succedere', 'giudicare', 'cosa', 'sentire', 'stare', 'passo', 'tempo', 'avere', 'grosso', 'problema', 'parte', 'stimare', 'cercare', 'combattere', 'stare', 'giorno', 'mostrare', 'culo', 'video', 'livello', 'basso', 'imbarazzante', 'contrario', 'aiutare', 'giovane', 'contrario', 'soldo', 'pioggia', 'senso', 'riforma', 'periodo', 'fare', 'comprendere', 'scusa', 'scrivere', 'discorso', 'complesso', 'affrontare', 'pena', 'rischiare', 'scatenare', 'scontro']",71.45000000000007,38.09999999999999,33.72999999999999,39.65000000000001,18.019999999999985,61.96999999999996,52.949999999999974,84.4,aspettativa
j1e62iy,69,53,"['persona', 'libero', 'mandare', 'polizia', 'casa', 'stesso', 'modo', 'libero', 'scegliere', 'reagire', 'avere', 'fare', 'persona', 'paradosso', 'generale', 'persona', 'lamentare', 'dire', 'prendere', 'fare', 'commento', 'fare', 'conto', 'fatto', 'persona', 'piacere', 'dire', 'lamentare', 'mamma', 'persona', 'offendere', 'film', 'guardare', 'offendere', 'fare', 'film', 'protagonista', 'parte', 'parere', 'ridicolo', 'fantomatico', 'avere', 'fare', 'milione', 'avere', 'parte', 'identità', 'fare', 'battuta', 'gente', 'paio', 'gente', 'governo']",17.699999999999996,9.899999999999999,9.969999999999999,12.209999999999996,6.39,15.889999999999995,13.389999999999993,20.949999999999996,aspettativa
j1ds93c,34,23,"['persona', 'tentare', 'riuscire', 'caso', 'esistenza', 'esempio', 'incontrare', 'frase', 'film', 'libro', 'evitare', 'raggiungere', 'pubblico', 'vivere', 'luna', 'intero', 'lungometraggio', 'esponente', 'classe', 'dirigente', 'raggiungere', 'cosa', 'fare']",8.48,2.96,2.5700000000000003,4.73,2.0900000000000003,6.8500000000000005,6.7,9.509999999999998,aspettativa
j1dqnp3,191,140,"['perdere', 'fare', 'combattere', 'locale', 'combattere', 'truppa', 'ufficiale', 'scudo', 'nucleare', 'funzionare', 'colpire', 'distruggere', 'prendere', 'colpire', 'avere', 'tempo', 'ordinare', 'necessità', 'strategico', 'invadere', 'guerra', 'cercare', 'combattere', 'altro', 'lato', 'dormire', 'fare', 'colpo', 'buttare', 'altro', 'parte', 'risorsa', 'problema', 'strategico', 'avere', 'avere', 'avere', 'rappresentare', 'politica', 'vedere', 'parte', 'pensare', 'fare', 'casa', 'forte', 'pensare', 'fare', 'fare', 'terzo', 'schiavo', 'usare', 'arma', 'vincere', 'ultimo', 'guerra', 'usare', 'tempo', 'ora', 'risorsa', 'lavoro', 'schiavo', 'nemico', 'stesso', 'ragione', 'interesse', 'strategico', 'avere', 'migliore', 'conoscenza', 'tecnico', 'mondo', 'materia', 'primo', 'spazio', 'opprimere', 'territoriale', 'finire', 'dire', 'ciao', 'mare', 'mezzo', 'enorme', 'differenza', 'fottere', 'contare', 'sistema', 'gradire', 'paese', 'centro', 'considerare', 'banca', 'regno', 'unito', 'regno', 'unito', 'banca', 'droga', 'conto', 'vincere', 'impero', 'cinese', 'vario', 'momento', 'storia', 'avere', 'esercito', 'armato', 'regno', 'corruzione', 'uccidere', 'capire', 'servire', 'centro', 'centro', 'contare', 'buono', 'sapere', 'toccare', 'famoso', 'albergo', 'film', 'mini', 'serie', 'modello', 'storico', 'fare', 'nobile', 'mercante', 'criminale', 'mettere', 'accordo', 'grande', 'boss', 'reciproco', 'interesse', 'vincere', 'scontro', 'dirigere', 'alleato', 'stesso']",46.95999999999998,31.889999999999986,36.76999999999999,37.949999999999996,22.61999999999999,47.68,36.179999999999986,59.339999999999975,aspettativa
j1djcdx,103,77,"['tassa', 'volere', 'conoscere', 'reddito', 'generare', 'sesso', 'produzione', 'distribuzione', 'vendita', 'film', 'oggetto', 'similare', 'mucca', 'compensare', 'emissione', 'gas', 'produrre', 'pagare', 'tassa', 'ombra', 'città', 'italiano', 'avere', 'tenda', 'estendere', 'marciapiede', 'pubblico', 'pagare', 'tassa', 'occupazione', 'suolo', 'pubblico', 'proiezione', 'suolo', 'tenda', 'tassa', 'identico', 'applicare', 'caso', 'scala', 'esterno', 'suolo', 'pubblico', 'imposta', 'tassa', 'caso', 'conosciuto', 'tassa', 'fare', 'parte', 'costo', 'prodotto', 'esempio', 'benzina', 'calcolare', 'totale', 'incluso', 'inciso', 'estero', 'mettere', 'tassa', 'esempio', 'tassa', 'fede', 'registrare', 'cattolico', 'pagare', 'imposta', 'reddito', 'tassa', 'cane', 'avere', 'cane', 'pagare', 'tassa', 'comunale', 'annuale']",17.24,12.049999999999995,13.129999999999995,13.529999999999996,7.260000000000001,18.970000000000006,16.729999999999997,27.63,aspettativa
j1cx9pk,25,15,"['problema', 'sapere', 'funzionare', 'fontana', 'fiamma', 'film', 'pompa', 'dire', 'benzina', 'uscita', 'aria', 'piovere', 'terra', 'incendio', 'casa']",5.7,3.77,3.9299999999999997,4.46,1.6900000000000002,3.41,4.01,4.67,gioia
j1cvmcn,26,19,"['pizza', 'normale', 'bastare', 'pensare', 'classico', 'pizza', 'film', 'cartone', 'normale', 'riguardare', 'avere', 'dire', 'caso', 'valido', 'classico', 'merda', 'immangiabile', 'fare', 'avere']",6.24,3.2,2.8600000000000003,3.5700000000000003,2.68,5.41,4.409999999999999,7.32,aspettativa
j1cm1ml,5,3,"['genio', 'film', 'amico']",2.16,0.96,0.54,0.75,0.12,1.49,1.42,2.08,gioia
j1aub4z,32,23,"['vecchio', 'amico', 'fare', 'parte', 'parere', 'setta', 'volta', 'fare', 'presentazione', 'scuola', 'manco', 'mettere', 'messaggio', 'volta', 'offrire', 'portare', 'film', 'guardare', 'classe', 'indovinare', 'avere', 'hobby', 'legame']",9.24,4.96,4.18,5.26,2.4400000000000004,7.8500000000000005,6.82,11.07,aspettativa
j1a9gyz,21,16,"['alternativa', 'fare', 'persona', 'normale', 'stare', 'casa', 'guardare', 'film', 'felice', 'persona', 'fare', 'problema', 'sacrificare', 'tempo', 'genitore', 'incapace']",5.13,4.47,3.76,4.29,2.06,5.2,4.28,7.37,aspettativa
j19jywq,39,27,"['passare', 'messaggio', 'tipo', 'giovane', 'andare', 'andare', 'teatro', 'importante', 'provincia', 'primo', 'fila', 'esperienza', 'unico', 'biglietto', 'famiglia', 'vedere', 'film', 'libro', 'università', 'servizio', 'fermare', 'gente', 'chiedere', 'modo', 'spendere', 'fare', 'indignare']",11.029999999999998,5.79,4.24,4.82,2.81,7.79,7.640000000000001,12.03,aspettativa
j19glg2,39,29,"['rispondere', 'autore', 'stare', 'scusa', 'avere', 'anno', 'risposta', 'angoscia', 'credere', 'esempio', 'vedere', 'faccia', 'stupido', 'guardare', 'film', 'bianco', 'nero', 'francese', 'consigliare', 'via', 'età', 'stare', 'tranquillo', 'bastare', 'vita', 'attento', 'ciao', 'buono', 'festa']",11.71,6.21,5.0200000000000005,5.67,2.8100000000000005,10.46,7.21,14.34,aspettativa
j195d8p,76,58,"['tassa', 'concerto', 'cinema', 'disco', 'chitarra', 'elettrico', 'batteria', 'grande', 'cazzo', 'breve', 'volere', 'passare', 'studente', 'pagare', 'cosa', 'tasca', 'estate', 'cinema', 'andare', 'cinema', 'lira', 'film', 'studente', 'proiezione', 'viaggio', 'carta', 'verde', 'riduzione', 'studente', 'museo', 'mostra', 'disco', 'libro', 'usare', 'concerto', 'centro', 'sociale', 'offrire', 'libero', 'birra', 'lira', 'viaggiare', 'suonare', 'trombare', 'bere', 'video', 'complesso', 'divertire', 'casino', 'cultura', 'saltare', 'tempo', 'dritto', 'terra', 'vedere', 'volere', 'consiglio', 'cagare']",28.889999999999997,10.869999999999996,10.509999999999998,10.499999999999998,5.410000000000001,16.25,19.139999999999997,25.880000000000003,gioia
j190hct,102,70,"['accordo', 'religione', 'avere', 'impatto', 'minimo', 'sviluppo', 'ragazzo', 'partecipante', 'sembrare', 'gruppo', 'associazione', 'creare', 'generazione', 'gioventù', 'giovane', 'avere', 'influenza', 'bibbia', 'limitato', 'esempio', 'ateo', 'diventare', 'anno', 'religioso', 'prendere', 'ora', 'partecipazione', 'settimanale', 'messa', 'relativo', 'altro', 'libro', 'nodo', 'attività', 'fare', 'saltare', 'spaccare', 'naso', 'pane', 'competizione', 'lealtà', 'partecipazione', 'conseguenza', 'vedere', 'film', 'americano', 'ottenere', 'attività', 'uguale', 'imparare', 'poco', 'fotografia', 'portare', 'imparare', 'spirito', 'competizione', 'struttura', 'complesso', 'prendere', 'leggera', 'andare', 'giusto', 'indispensabile', 'fine', 'settimana', 'mese', 'tanto', 'venire', 'minuto', 'libero']",25.579999999999988,9.879999999999997,9.299999999999997,12.319999999999997,3.47,22.25999999999998,15.999999999999991,29.230000000000004,aspettativa
j18yq1d,217,160,"['risposta', 'argomento', 'chiamare', 'passare', 'livello', 'livello', 'limitato', 'passo', 'necessario', 'usare', 'vantaggio', 'digitale', 'lasciare', 'parte', 'uso', 'rifare', 'paese', 'sistema', 'nervoso', 'istituzione', 'compito', 'richiedere', 'tempo', 'avere', 'possibilità', 'evoluzione', 'catastrofico', 'fare', 'parte', 'evoluzione', 'umano', 'scegliere', 'volta', 'corso', 'opera', 'errore', 'orrore', 'aspettare', 'travolgere', 'cambiamento', 'avvenire', 'caccia', 'intercettazione', 'classico', 'atto', 'tipico', 'parte', 'politico', 'parte', 'dittatura', 'estremo', 'marginale', 'portata', 'parlare', 'presentare', 'prestare', 'giuramento', 'neoliberismo', 'volere', 'parlare', 'pubblico', 'esistere', 'scherzare', 'moneta', 'avere', 'scopo', 'formale', 'economia', 'moneta', 'scambio', 'strumento', 'fare', 'metro', 'cosa', 'simbolo', 'accettare', 'bene', 'servizio', 'strumento', 'economico', 'tecnica', 'truffa', 'classico', 'privato', 'comandare', 'pubblico', 'fingere', 'realtà', 'governo', 'rappresentare', 'fare', 'consigliare', 'breve', 'estratto', 'anno', 'film', 'parte', 'valere', 'spessore', 'conferenza', 'crisi', 'truffa', 'controllo', 'privato', 'simbolo', 'pubblico', 'moneta', 'fine', 'generale', 'storia', 'oggetto', 'lettera', 'fondo', 'pagina', 'comodo', 'elenco', 'puntato', 'scopo', 'politico', 'trovare', 'storico', 'banca', 'divenire', 'noto', 'governo', 'finanziario', 'discreto', 'comandare', 'cravatta', 'economico', 'esistenza', 'guardare', 'attuale', 'beh', 'vedere', 'libro', 'scuola', 'conseguenza', 'principio', 'basare', 'truffa', 'banale', 'parte', 'semplice', 'facile', 'spiegare', 'avere', 'fare', 'scuola', 'serio', 'formare', 'tempo', 'credere', 'conto', 'cosa', 'nero', 'bianco', 'palo', 'grasso', 'vario']",46.760000000000005,36.65000000000001,33.74999999999999,41.60999999999997,20.830000000000002,49.62000000000001,40.26999999999998,65.92,aspettativa
j18ymvu,15,11,"['chiudere', 'sembrare', 'guardare', 'film', 'uguale', 'avere', 'tempo', 'aggiungere', 'fatto', 'trovare', 'dipendente']",3.56,1.9500000000000002,1.92,2.67,0.74,3.6199999999999997,3.58,5.34,aspettativa
j18xnmb,22,20,"['concerto', 'sembrare', 'male', 'massimo', 'cultura', 'sembrare', 'vedere', 'comprare', 'libro', 'tecnologia', 'insegnante', 'comprare', 'libro', 'alunno', 'musica', 'film', 'peccato', 'avere', 'libro', 'prendere']",8.790000000000001,4.5,4.19,4.220000000000001,2.88,5.8999999999999995,8.110000000000001,10.29,aspettativa
j18ntoe,13,11,"['fan', 'serie', 'film', 'meritare', 'guardare', 'fatica', 'parte', 'bello', 'rimanere', 'età', 'oro']",4.91,1.97,1.54,1.41,0.7000000000000001,2.21,3.28,5.24,aspettativa
j18kvt1,74,54,"['realtà', 'cosa', 'andare', 'stare', 'dire', 'atto', 'diventare', 'volere', 'ordine', 'giorno', 'tipo', 'prendere', 'avvertire', 'nervosismo', 'dormire', 'fare', 'cosa', 'dovere', 'fare', 'sesso', 'diventare', 'atto', 'fare', 'corpo', 'chiedere', 'piacere', 'eccitazione', 'avere', 'dare', 'film', 'porno', 'letto', 'godere', 'vita', 'realtà', 'persona', 'soffrire', 'fatto', 'fare', 'sesso', 'uscire', 'corpo', 'vittima', 'consiglio', 'vedere', 'intervista', 'rilasciare', 'distruggere', 'cosa', 'andare', 'raccontare', 'pensare', 'vita', 'volta']",21.48999999999999,10.679999999999996,8.8,10.879999999999999,5.57,16.63,11.829999999999993,25.090000000000007,aspettativa
j18hsnh,130,92,"['ritenere', 'serio', 'causa', 'strumento', 'politico', 'verde', 'lasciare', 'intendere', 'primavera', 'colore', 'dollaro', 'tossico', 'film', 'fumetto', 'abbandonato', 'andare', 'piede', 'sicuro', 'fare', 'piede', 'furgone', 'avere', 'volta', 'caricare', 'dire', 'permettere', 'singolo', 'umano', 'andare', 'piede', 'mezzo', 'riuscire', 'fare', 'cibo', 'servire', 'altro', 'cosa', 'dintorno', 'manco', 'andare', 'piede', 'cavallo', 'barca', 'riuscire', 'parte', 'marginale', 'muovere', 'servire', 'volontario', 'personale', 'amico', 'vivo', 'andare', 'giro', 'mondo', 'aereo', 'casa', 'interessante', 'scusa', 'gamberetto', 'stare', 'mangiare', 'fettina', 'pane', 'salsa', 'cocktail', 'venire', 'negozio', 'prendere', 'piccola', 'indagine', 'tracciare', 'recuperare', 'buono', 'parte', 'cena', 'fare', 'chilometro', 'arrivare', 'parte', 'aereo', 'nave', 'vario', 'tratto', 'camion', 'euro', 'dire', 'reale', 'inciso', 'ottimo', 'esempio', 'ipocrisia']",33.48,15.109999999999998,12.559999999999995,13.939999999999994,7.810000000000001,26.49,20.710000000000004,33.62,aspettativa
j18gg8n,95,69,"['dipendere', 'tanto', 'gruppo', 'finire', 'interno', 'stesso', 'organizzazione', 'tipo', 'trovare', 'super', 'interessare', 'messa', 'cercare', 'possibile', 'stile', 'film', 'americano', 'fissare', 'sport', 'sembrare', 'parte', 'conoscere', 'persona', 'cosa', 'iniziare', 'identificare', 'personalità', 'vedere', 'inferiore', 'fare', 'parte', 'capitare', 'altro', 'settore', 'politico', 'trovare', 'persona', 'capo', 'gruppo', 'convenire', 'scappare', 'resto', 'setta', 'cosa', 'importante', 'solito', 'impegno', 'partecipare', 'chiamare', 'insistere', 'venire', 'momento', 'smettere', 'libero', 'incontrare', 'strada', 'continuare', 'problema', 'entrare', 'gruppo', 'avere', 'ruolo', 'preciso', 'attività', 'svolgere', 'contare', 'organizzare', 'campo', 'complicato']",23.73,12.699999999999994,12.979999999999997,15.869999999999996,7.950000000000001,23.759999999999987,19.45,30.470000000000017,aspettativa
j18a97u,197,159,"['riassumere', 'sentire', 'filo', 'vivere', 'solo', 'rottura', 'desiderio', 'avere', 'vivere', 'coppia', 'annullare', 'stesso', 'sopportare', 'compromesso', 'vivere', 'ambiente', 'paura', 'venire', 'lasciare', 'primo', 'difficoltà', 'coppia', 'prendere', 'verità', 'stare', 'mezzo', 'relazione', 'sano', 'prevedere', 'spazio', 'persona', 'serie', 'compromesso', 'volta', 'stare', 'solo', 'supportare', 'partner', 'volta', 'voglia', 'ascoltare', 'fare', 'avere', 'giornata', 'difficile', 'guardare', 'romantico', 'stare', 'altro', 'parte', 'scegliere', 'film', 'incontrare', 'prima', 'fare', 'requisito', 'minimo', 'dire', 'requisito', 'minimo', 'avere', 'lavoro', 'volta', 'dipendere', 'persona', 'comportamento', 'amico', 'riflettere', 'realtà', 'ragazza', 'fare', 'light', 'fare', 'problema', 'fare', 'cosa', 'divertente', 'morire', 'impegnare', 'stare', 'gioco', 'scambio', 'battuta', 'cosa', 'spingere', 'situazione', 'via', 'amico', 'ragazzo', 'avere', 'inseguire', 'portafoglio', 'pieno', 'problema', 'situazione', 'fare', 'appunto', 'offrire', 'volere', 'persona', 'sviluppare', 'certo', 'modo', 'altro', 'parte', 'ricerca', 'stesso', 'cosa', 'pazienza', 'rapporto', 'richiedere', 'tempo', 'tentativo', 'costruire', 'capire', 'modo', 'parte', 'raggiungere', 'compromesso', 'relazione', 'richiedere', 'trovare', 'persona', 'sintonia', 'succedere', 'forza', 'cosa', 'succedere', 'livello', 'superficiale', 'sperare', 'persona', 'complesso', 'richiedere', 'tempo', 'conoscere', 'tipo', 'ascoltare', 'stesso', 'musica', 'amare', 'stesso', 'romanzo', 'avere', 'stesso', 'interesse', 'terribile', 'comunicare', 'emozione', 'capire', 'poco', 'tempo', 'amore', 'vero', 'esistere', 'colpo', 'fulmine', 'complicato', 'impegnativo']",59.710000000000015,34.39000000000001,28.980000000000018,38.23999999999999,14.139999999999985,57.25999999999996,45.240000000000016,71.83999999999996,aspettativa
j1847y0,14,11,"['scarso', 'educazione', 'sesso', 'risultato', 'finire', 'credere', 'accadere', 'film', 'porno', 'modo', 'giusto']",5.41,2.33,1.57,1.96,0.86,4.57,3.08,5.8100000000000005,aspettativa
j183in7,55,47,"['cazzo', 'vivere', 'avere', 'cellulare', 'cosa', 'indispensabile', 'umanità', 'notare', 'enorme', 'problema', 'insicurezza', 'problema', 'distinguere', 'realtà', 'giovane', 'opinione', 'maniera', 'politica', 'sanità', 'moda', 'poco', 'auto', 'riuscire', 'guardare', 'piuttosto', 'telefono', 'morto', 'incidente', 'dipendenza', 'simile', 'ammettere', 'telefono', 'tavola', 'ristorante', 'vedere', 'gente', 'camminare', 'sedere', 'tavola', 'chinare', 'guardare', 'telefono', 'tristezza', 'anno', 'vedere', 'film', 'sci']",14.139999999999993,11.589999999999998,11.029999999999996,13.419999999999998,6.28,13.13,13.439999999999998,19.6,aspettativa
j17vm4q,40,31,"['rivedere', 'adulto', 'comportamento', 'scenata', 'clima', 'superiore', 'sembrare', 'parlare', 'film', 'edificio', 'ragazzo', 'vivere', 'classe', 'continuo', 'ansia', 'tensione', 'guerra', 'punizione', 'caso', 'voto', 'seconda', 'simpatia', 'iniziare', 'superiore', 'trascinare', 'asilo', 'figlio', 'continuare', 'andare', 'scuola', 'privato']",10.4,7.760000000000001,8.08,9.21,4.53,10.01,8.859999999999998,14.009999999999998,aspettativa
j16o2v6,12,10,"['guardare', 'film', 'vivo', 'solo', 'solo', 'colazione', 'pranzo', 'festeggiare', 'boh', 'esame']",4.66,2.08,1.53,1.8800000000000001,0.71,1.79,3.42,3.88,gioia
j16flti,106,88,"['avere', 'rito', 'mancare', 'sensazione', 'provare', 'pomeriggio', 'scuola', 'andare', 'casa', 'padre', 'lavoro', 'giusto', 'birra', 'stare', 'dio', 'sentire', 'libero', 'padre', 'stare', 'tornare', 'passare', 'avviare', 'casa', 'resto', 'piccolo', 'anno', 'piacere', 'fare', 'festa', 'poco', 'compagno', 'scuola', 'succedere', 'paio', 'volta', 'capitare', 'vivere', 'scena', 'film', 'cena', 'compleanno', 'presentare', 'meglio', 'festeggiare', 'amico', 'festino', 'vario', 'pazzo', 'fregare', 'divertente', 'vita', 'cambiare', 'seconda', 'punto', 'vista', 'spensieratezza', 'responsabilità', 'perdere', 'parte', 'rapporto', 'amicizia', 'tempo', 'fermare', 'avere', 'senso', 'trasferire', 'passare', 'parte', 'tempo', 'città', 'natale', 'fare', 'festa', 'tempo', 'passare', 'merda', 'sentire', 'giovane', 'avere', 'anno', 'boh', 'stretto', 'persona', 'volere', 'cura', 'resto', 'contare', 'cazzo']",35.77999999999998,18.469999999999995,13.099999999999993,19.06999999999999,6.750000000000001,30.56999999999998,27.64000000000001,40.309999999999995,aspettativa
j165194,14,7,"['film', 'videogioco', 'versione', 'cellulare', 'vedere', 'profilo', 'occhiata']",3.16,0.91,0.9100000000000001,0.87,0.5299999999999999,1.54,2.41,3.0300000000000002,gioia
j14y1pl,22,17,"['vecchio', 'morire', 'piacere', 'fare', 'bene', 'amato', 'cazzo', 'mettere', 'pescare', 'vedere', 'film', 'gioco', 'ora', 'riuscire', 'rilassare', 'maniera', 'malato']",8.25,3.92,2.92,3.7,1.6999999999999997,5.88,5.66,7.66,gioia
j14bpk8,38,31,"['arrivare', 'ritardo', 'intendere', 'dire', 'trama', 'banale', 'punto', 'film', 'ricordare', 'importanza', 'famiglia', 'cosa', 'esercito', 'persona', 'altro', 'vedere', 'rivista', 'pensare', 'stesso', 'dinamico', 'film', 'intendere', 'dire', 'brutto', 'film', 'film', 'godibile', 'scorrere', 'fare', 'livello', 'scrittura']",11.71,7.209999999999999,5.32,6.22,3.6500000000000004,8.78,7.76,12.809999999999999,aspettativa
j13ljt1,13,10,"['film', 'documentare', 'ora', 'pazzo', 'furioso', 'raccontare', 'cinema', 'modo', 'cinema', 'ideologia']",3.15,2.45,1.95,3.13,1.0,0.7100000000000001,2.84,3.0700000000000003,gioia
j13lcg0,41,29,"['caro', 'importante', 'fare', 'venire', 'vedere', 'vita', 'grande', 'trovare', 'giorno', 'solare', 'positivo', 'giorno', 'buono', 'compleanno', 'mangiare', 'film', 'passeggiata', 'fare', 'momento', 'pasta', 'amico', 'portare', 'lavoro', 'festa', 'preparato', 'top', 'scimmia', 'fatto', 'anima']",17.9,4.83,3.18,4.220000000000001,1.9900000000000002,13.039999999999997,9.940000000000001,16.310000000000002,gioia
j138o1v,65,57,"['lavoro', 'avere', 'poco', 'soldo', 'giorno', 'stesso', 'passare', 'famiglia', 'strano', 'cena', 'gruppo', 'amico', 'stretto', 'avere', 'tradizione', 'primo', 'giorno', 'weekend', 'disponibile', 'fare', 'mattina', 'sera', 'andare', 'fare', 'colazione', 'pranzo', 'bisognare', 'andare', 'offrire', 'minimo', 'decenza', 'spendere', 'euro', 'costoso', 'fare', 'compleanno', 'diventare', 'giornata', 'girare', 'ristorante', 'locale', 'città', 'occasione', 'motivo', 'tipo', 'guardare', 'film', 'divano', 'fare', 'piacere', 'concedere', 'maiale', 'bere', 'piacere', 'alcol', 'bere', 'compagnia']",25.509999999999998,10.71,7.94,9.07,5.2,18.849999999999998,14.07,26.130000000000017,aspettativa
j138gez,7,5,"['esterno', 'film', 'ora', 'tagliato', 'episodio']",0.9099999999999999,1.05,0.58,1.12,0.27999999999999997,0.5,0.78,1.1300000000000001,aspettativa
j1381s3,45,36,"['stesso', 'barca', 'avere', 'stesso', 'sintomo', 'fare', 'test', 'risultato', 'positivo', 'avere', 'rito', 'pensare', 'trarre', 'compleanno', 'giorno', 'piccolo', 'festa', 'passare', 'tempo', 'felice', 'ricordare', 'anno', 'avere', 'regalo', 'passare', 'bello', 'giornata', 'tipo', 'cena', 'ristorante', 'concerto', 'film', 'cinema', 'condizione', 'uscire', 'nuovo']",17.410000000000004,6.54,3.96,7.9399999999999995,1.9500000000000002,11.729999999999995,12.23,18.25,aspettativa
j1361g1,157,128,"['avere', 'anno', 'problema', 'parte', 'causare', 'utilizzo', 'esistenza', 'generale', 'medio', 'problema', 'generazione', 'differenza', 'precedente', 'includere', 'nascere', 'cellulare', 'mano', 'cellulare', 'cambiare', 'società', 'positivo', 'credere', 'specifico', 'evoluzione', 'medio', 'causare', 'problema', 'utente', 'condividere', 'contenuto', 'certo', 'tipo', 'avere', 'grande', 'influenza', 'altro', 'persona', 'giovane', 'avere', 'esperienza', 'vita', 'generare', 'mondo', 'parallelo', 'virtuale', 'esaltare', 'bellezza', 'ricchezza', 'dire', 'punto', 'vista', 'rivoluzione', 'usare', 'simile', 'rimorchiare', 'giro', 'tempo', 'avere', 'relazione', 'stabile', 'giovane', 'unico', 'vivo', 'credere', 'approccio', 'app', 'cosa', 'triste', 'avere', 'nipote', 'vedere', 'rete', 'misurare', 'base', 'contenuto', 'presente', 'riuscire', 'influenzare', 'precedente', 'generazione', 'pubblicità', 'film', 'serie', 'internet', 'nuovo', 'generazione', 'aggiungere', 'senso', 'perdita', 'valore', 'sociale', 'dovere', 'funzionamento', 'sistema', 'attuale', 'sociale', 'politico', 'economico', 'credere', 'senso', 'appartenere', 'società', 'contribuire', 'funzionamento', 'credere', 'elemento', 'facilitare', 'individualismo', 'fascia', 'età', 'preoccupare', 'sfida', 'esempio', 'rivolgere', 'capire', 'vita', 'fornire', 'modello', 'persona', 'successo', 'soldo', 'politico', 'società', 'individualismo', 'purtroppo', 'credere', 'pesante', 'giovane']",48.71000000000001,24.870000000000005,23.539999999999992,28.869999999999994,13.509999999999993,45.900000000000006,32.21000000000001,56.100000000000016,aspettativa
j1360sb,27,21,"['amico', 'persona', 'volere', 'caso', 'vedere', 'uscire', 'bello', 'film', 'consigliare', 'fresco', 'fresco', 'fare', 'altro', 'cosa', 'stare', 'dovere', 'fare', 'straordinario', 'fare', 'parere', 'giorno']",10.09,3.4200000000000004,2.79,3.6800000000000006,1.5699999999999998,7.4,6.1000000000000005,10.240000000000002,aspettativa
j134np9,10,4,"['sicuro', 'italiano', 'film', 'altro']",1.1600000000000001,0.63,0.58,0.75,0.27999999999999997,0.8700000000000001,0.96,1.3699999999999999,aspettativa
j12w2o1,12,9,"['dipendere', 'film', 'regista', 'occhio', 'stancare', 'fare', 'concentrare', 'cosa', 'solo']",2.21,3.17,2.7,2.04,1.45,2.2800000000000002,1.87,2.9400000000000004,tristezza
j12tx42,7,4,"['film', 'ora', 'passare', 'schermo']",0.9899999999999999,0.8799999999999999,0.41,0.76,0.16,0.5,0.79,1.21,aspettativa
j12sven,9,9,"['pensare', 'volta', 'film', 'fare', 'cagare', 'doppiaggio', 'italiano', 'fare', 'schifo']",2.74,1.71,1.83,1.2100000000000002,1.9,1.7400000000000002,1.4899999999999998,3.16,aspettativa
j11i185,7,6,"['pozzo', 'spingere', 'film', 'poco', 'contesto', 'aiutare']",1.6600000000000001,1.54,0.9899999999999999,1.72,0.28,1.1600000000000001,1.2100000000000002,1.3800000000000001,paura
j11alxx,9,7,"['attenzione', 'film', 'scena', 'bambino', 'crudo', 'impressionabile', 'consigliare']",2.58,1.42,1.29,2.4699999999999998,1.32,1.78,3.09,3.13,aspettativa
j116evp,5,4,"['film', 'usare', 'classico', 'inquietante']",1.1199999999999999,1.3900000000000001,1.13,1.92,1.2799999999999998,1.04,1.3699999999999999,1.21,paura
j115x7v,2,2,"['serie', 'film']",0.7899999999999999,0.5,0.32999999999999996,0.42,0.12,0.21000000000000002,0.54,0.75,gioia
j10wuin,5,3,"['trovare', 'film', 'piacere']",2.33,0.7100000000000001,0.6699999999999999,1.04,0.37,1.3800000000000001,2.09,2.2600000000000002,gioia
j10uni0,2,2,"['ricordare', 'film']",1.25,1.0,0.45999999999999996,0.8,0.29000000000000004,0.21000000000000002,0.71,0.5,gioia
j10tyld,16,12,"['spunto', 'originale', 'credere', 'guardare', 'sfruttare', 'meccanismo', 'simile', 'corrispondenza', 'svelare', 'film', 'perdere', 'interesse']",4.17,3.08,2.79,2.83,1.83,4.53,4.74,6.26,aspettativa
j10tqca,43,35,"['primo', 'concerto', 'andare', 'avere', 'anno', 'urlare', 'gola', 'canzone', 'memoria', 'film', 'concerto', 'volta', 'scrivere', 'lettera', 'calare', 'album', 'grazie', 'crollare', 'gruppo', 'chiamare', 'preferire', 'parte', 'importante', 'storia', 'musica', 'italiano', 'avere', 'successo', 'sapere', 'stronzo', 'cosa', 'andare', 'cazzo', 'andare', 'capire']",16.409999999999997,8.479999999999999,7.41,7.3500000000000005,3.31,9.38,10.399999999999995,15.079999999999997,gioia
j10lscs,7,6,"['stesso', 'colpo', 'scena', 'presente', 'film', 'puro']",2.16,0.79,1.04,1.46,0.33,1.3599999999999999,1.93,2.0,gioia
j106f0x,50,38,"['film', 'anno', 'sfruttare', 'trovata', 'simile', 'vedere', 'dire', 'colpo', 'scena', 'finale', 'presente', 'film', 'stesso', 'meccanismo', 'presente', 'film', 'italiano', 'noto', 'invenzione', 'primo', 'colpo', 'scena', 'caso', 'avvenire', 'metà', 'film', 'identico', 'fine', 'film', 'parte', 'prevedibile', 'bravo', 'sfruttare', 'effetto', 'sorpreso', 'sviluppo', 'film', 'avere']",13.810000000000002,8.669999999999998,8.36,9.48,4.430000000000001,9.06,13.559999999999999,15.469999999999999,aspettativa
j0zx3fz,28,26,"['guardare', 'film', 'serie', 'lingua', 'originale', 'fare', 'imparare', 'lingua', 'avere', 'esperienza', 'integrale', 'film', 'opinione', 'guardare', 'film', 'lingua', 'originale', 'preferire', 'presa', 'diretto', 'sembrare', 'scegliere', 'alternativa', 'doppiaggio', 'diventare', 'snob']",10.59,3.0700000000000003,3.2200000000000006,4.59,2.0500000000000003,7.87,8.08,13.639999999999999,aspettativa
j0zwc1n,3,3,"['vedere', 'sesto', 'senso']",0.8300000000000001,0.34,0.29000000000000004,0.08,0.21000000000000002,0.45999999999999996,0.58,0.7500000000000001,gioia
j0zvnkz,12,10,"['causa', 'trovare', 'uomo', 'piangere', 'film', 'dire', 'contrario', 'donna', 'piangere', 'lasciare']",3.62,4.46,3.88,3.95,1.1500000000000001,2.41,3.05,3.88,tristezza
j0zhtvl,15,9,"['fare', 'disprezzare', 'basare', 'concetto', 'videogioco', 'film', 'libro', 'raro', 'simile']",2.25,1.04,1.2399999999999998,0.99,1.0,1.58,2.62,2.6599999999999997,aspettativa
j0zhgqw,15,12,"['ascoltare', 'paio', 'ora', 'musica', 'anno', 'macchina', 'avere', 'traccia', 'film', 'vedere', 'video', 'vedere']",5.19,2.63,2.21,2.84,1.17,3.49,3.54,4.9,gioia
j0z34rz,19,15,"['possibilità', 'vedere', 'film', 'serie', 'bello', 'giustificare', 'stesso', 'tempo', 'passare', 'altro', 'media', 'potenziale', 'mezzo', 'dipendere', 'sfruttare']",4.58,3.5,3.42,3.7,2.25,3.95,4.33,6.07,aspettativa
j0z1w8j,31,26,"['sapere', 'film', 'parlare', 'avere', 'metro', 'giudizio', 'vedere', 'pellicola', 'lingua', 'dire', 'parte', 'volta', 'preferire', 'versione', 'italiano', 'recente', 'trono', 'attore', 'bravo', 'star', 'italiano', 'sembrare', 'inglese', 'personaggio', 'stare', 'cazzo']",9.189999999999998,4.119999999999999,4.05,4.19,2.3200000000000003,7.0600000000000005,6.53,10.229999999999999,aspettativa
j0z0w35,70,58,"['fare', 'esempio', 'giusto', 'guardare', 'nome', 'originale', 'altro', 'cagata', 'fare', 'cambiare', 'nome', 'film', 'lingua', 'italiano', 'genitore', 'vedere', 'inglese', 'tempo', 'fa', 'inutile', 'dire', 'fare', 'schifo', 'italiano', 'mezzo', 'amare', 'film', 'fatto', 'accento', 'uguale', 'carattere', 'andare', 'diventare', 'personalità', 'isterico', 'cervello', 'parlare', 'usare', 'doppiaggio', 'rimanere', 'capire', 'persona', 'parlare', 'inglese', 'avere', 'reale', 'metro', 'giudizio', 'avere', 'vedere', 'film', 'lingua', 'originale', 'dire', 'doppiaggio', 'rovinare', 'film', 'volere']",21.099999999999994,10.979999999999997,11.649999999999997,11.860000000000001,7.200000000000001,17.80999999999999,14.71999999999999,24.679999999999996,aspettativa
j0yze5o,189,159,"['ultimo', 'anno', 'vedere', 'comportamento', 'fare', 'donna', 'situazione', 'sfuggire', 'mano', 'avere', 'amico', 'donna', 'donna', 'guidare', 'conoscere', 'avere', 'amica', 'donna', 'avere', 'patente', 'macchina', 'fare', 'metro', 'sole', 'auto', 'avere', 'amico', 'anno', 'dovere', 'andare', 'prendere', 'spesa', 'cazzo', 'muovere', 'culo', 'guidare', 'dire', 'sapere', 'guidare', 'donna', 'avere', 'paura', 'uscire', 'città', 'macchina', 'fare', 'ragionamento', 'donna', 'pari', 'diritto', 'uguale', 'usare', 'mezzo', 'ruota', 'super', 'tecnologico', 'fare', 'chilometro', 'gente', 'avere', 'auto', 'usare', 'moto', 'tempesta', 'femminista', 'donna', 'cucinare', 'fare', 'cosa', 'casa', 'lamentare', 'fare', 'fare', 'uomo', 'risultato', 'fare', 'mattina', 'sera', 'fare', 'fare', 'minimo', 'indispensabile', 'dire', 'fare', 'uomo', 'gay', 'cosa', 'sapere', 'succedere', 'amicizia', 'figurare', 'relazione', 'fare', 'voglia', 'fare', 'scusa', 'donna', 'umore', 'temperatura', 'status', 'sociale', 'volta', 'situazione', 'organizzare', 'cosa', 'ultimo', 'dare', 'buca', 'cambiare', 'idea', 'gusto', 'uomo', 'cosa', 'fastidio', 'fare', 'gruppo', 'vedere', 'film', 'uscire', 'telefonino', 'maschio', 'stare', 'telefonino', 'femmina', 'smentire', 'livello', 'attenzione', 'basso', 'maschio', 'minuto', 'cosa', 'passare', 'moda', 'cambiare', 'ristorante', 'andare', 'moda', 'solito', 'esempio', 'buono', 'nuovo', 'cibo', 'minore', 'andare', 'moda', 'andare', 'cosa', 'succedere', 'maschio', 'carità', 'donna', 'riscontro', 'stesso', 'modo', 'fare', 'nuovo', 'generazione', 'notare', 'cosa']",59.54,22.289999999999985,24.329999999999988,29.089999999999986,12.769999999999992,49.96999999999999,41.56,72.0,aspettativa
j0ywxst,18,11,"['cattivo', 'imprenditore', 'vittima', 'boiata', 'bello', 'finta', 'film', 'fantascienza', 'vedere', 'rispondere', 'esprimere']",4.47,4.1,4.58,3.96,2.7,2.5,3.83,4.66,aspettativa
j0ywqvo,50,43,"['citazione', 'altro', 'film', 'fare', 'venire', 'mente', 'primo', 'episodio', 'trarre', 'storia', 'breve', 'vedere', 'consiglio', 'italiano', 'chiamare', 'occhio', 'gatto', 'trovare', 'vecchio', 'film', 'dividere', 'parte', 'primo', 'raccontare', 'storia', 'tizio', 'smettere', 'fumare', 'rivolgere', 'agenzia', 'usare', 'metodo', 'forte', 'smettere', 'fumare', 'sicuro', 'partorire', 'anno', 'estremo', 'fare', 'altro', 'parte', 'film']",15.04,10.819999999999999,9.989999999999995,10.95,5.740000000000001,12.529999999999996,13.009999999999998,17.32,aspettativa
j0ywmvu,14,13,"['caso', 'particolare', 'vivo', 'altro', 'persona', 'sembrare', 'ragionare', 'pregiudizio', 'usare', 'razionalità', 'religione', 'film', 'americano']",4.49,2.34,2.5600000000000005,3.2499999999999996,2.1100000000000003,3.45,4.57,4.49,sorpresa
j0ytpii,26,17,"['bambino', 'riga', 'genere', 'film', 'mettere', 'pieno', 'vedere', 'bambino', 'ebreo', 'campo', 'lasciare', 'vita', 'libero', 'giro', 'prendere', 'culo', 'vittima']",6.8100000000000005,3.79,2.6900000000000004,3.36,1.53,4.71,4.79,5.8,gioia
j0yrg71,26,19,"['fare', 'cagare', 'attore', 'fare', 'espressione', 'unico', 'cambiamento', 'bocca', 'film', 'avere', 'stesso', 'sguardo', 'tono', 'importare', 'cagare', 'fare', 'minacciare', 'trovare', 'cadavere']",7.36,4.17,4.12,4.96,3.3600000000000003,5.08,4.9399999999999995,7.9799999999999995,aspettativa
j0yoph8,3,3,"['domanda', 'citazione', 'film']",1.08,0.58,0.58,0.96,0.24,0.8800000000000001,1.0899999999999999,1.88,aspettativa
j0yol2m,16,13,"['sembrare', 'buco', 'trama', 'stare', 'riguardare', 'andare', 'film', 'genere', 'avere', 'trama', 'semplice', 'coerente', 'maledizione']",4.03,2.32,1.81,3.12,1.4900000000000002,3.07,3.25,6.05,aspettativa
j0yo4xv,5,4,"['primo', 'altezza', 'primo', 'film']",1.87,0.6599999999999999,0.53,0.9199999999999999,0.16,0.6300000000000001,1.5899999999999999,1.75,gioia
j0ynxis,2,1,['film'],0.58,0.42,0.29,0.42,0.12,0.04,0.42,0.42,gioia
j0ynrn8,36,26,"['film', 'imperiale', 'svolgere', 'servizio', 'militare', 'avere', 'accesso', 'potere', 'rivestire', 'carica', 'pubblico', 'comprendere', 'accesso', 'senato', 'voto', 'antico', 'ginocchio', 'capire', 'dare', 'determinato', 'potere', 'popolo', 'cagata', 'capire', 'politica', 'tipo']",9.430000000000001,3.9,5.83,4.930000000000001,4.18,9.36,6.22,12.280000000000001,aspettativa
j0ymt1u,140,115,"['opinione', 'valido', 'acquisire', 'rimanere', 'esaltare', 'film', 'serie', 'bambino', 'sentire', 'dire', 'ragazzini', 'persona', 'considerare', 'inferiore', 'sentire', 'realistico', 'apprezzare', 'scenario', 'proporre', 'anima', 'preferire', 'opera', 'psicologico', 'realtà', 'anima', 'avere', 'tema', 'messaggio', 'profondo', 'personaggio', 'curare', 'film', 'serie', 'successo', 'esempio', 'splendido', 'lieve', 'trama', 'ragazzo', 'media', 'diventare', 'protagonista', 'guerra', 'animare', 'reciproco', 'odio', 'paura', 'conflitto', 'interiore', 'appartenenza', 'fine', 'chiaro', 'lato', 'impatto', 'personaggio', 'stesso', 'consapevolezza', 'guerra', 'esistere', 'lato', 'giusto', 'apparire', 'evidente', 'personaggio', 'avere', 'ricetta', 'analogo', 'soldato', 'cercare', 'fermare', 'guerra', 'civile', 'lato', 'spingere', 'agire', 'rispettivo', 'nemico', 'giorno', 'esistere', 'avere', 'fare', 'vedere', 'puntata', 'sexy', 'no', 'pensare', 'capire', 'anima', 'critico', 'normale', 'vedere', 'rapporto', 'trattare', 'resto', 'villaggio', 'opinione', 'cambiare', 'caso', 'gente', 'pensare', 'guardare', 'cazzo', 'cartone', 'cinese', 'obbligare', 'dire', 'fumare', 'sigaretta', 'fare', 'passare', 'fare', 'male', 'danneggiare', 'passare', 'tempo']",38.33999999999998,26.86,24.660000000000004,28.710000000000004,17.9,34.32999999999999,28.64000000000002,46.829999999999984,aspettativa
j0yl47b,21,20,"['guardare', 'contrario', 'gente', 'guardare', 'convincere', 'costo', 'guardare', 'perdere', 'epoca', 'secolo', 'accettare', 'gusto', 'sentire', 'dire', 'cinema', 'venire', 'stare', 'film', 'piacere', 'insistere']",7.8,5.55,5.53,4.58,3.92,6.04,7.6,10.809999999999999,aspettativa
j0yjxo3,7,5,"['guardare', 'film', 'dare', 'giudizio', 'concreto']",2.46,1.5899999999999999,1.21,1.63,0.54,2.04,2.0,3.13,aspettativa
j0yj1my,12,11,"['guardare', 'film', 'lingua', 'originale', 'imparare', 'lingua', 'stare', 'tirare', 'fare', 'parlare', 'lingua']",5.2299999999999995,1.33,1.0,1.07,0.66,3.58,3.17,5.63,aspettativa
j0yi5za,34,28,"['interessare', 'film', 'generale', 'compagnia', 'volta', 'incontro', 'gente', 'nuovo', 'solito', 'storia', 'fare', 'citazione', 'film', 'conoscere', 'fatto', 'conoscere', 'imporre', 'passione', 'tenere', 'persona', 'dare', 'importanza', 'film', 'serie', 'guardare', 'considerare', 'fare', 'sentire']",13.08,5.64,4.93,6.55,2.7600000000000007,9.889999999999999,10.299999999999997,12.83,gioia
j0yghx3,39,31,"['gusto', 'film', 'fumetto', 'serie', 'libro', 'opera', 'teatrale', 'appassionare', 'lasciare', 'riuscire', 'punto', 'vista', 'calcio', 'fare', 'fare', 'appassionare', 'maglia', 'fare', 'voglia', 'vedere', 'colore', 'alto', 'stadio', 'persona', 'conoscere', 'stesso', 'passione', 'valere', 'altro', 'sport', 'chiaro']",14.750000000000002,4.24,4.02,4.390000000000001,3.02,9.149999999999999,9.91,14.099999999999996,gioia
j0yf71e,57,46,"['film', 'concordare', 'fumetto', 'dispiacere', 'sembrare', 'cazzata', 'bello', 'fumetto', 'personaggio', 'restare', 'cuore', 'storia', 'volta', 'complesso', 'trattare', 'tema', 'maturo', 'altro', 'prendere', 'serio', 'leggere', 'altro', 'commento', 'giudicare', 'persona', 'fare', 'passione', 'hobby', 'infantile', 'ridere', 'diventare', 'persona', 'adulto', 'parlare', 'soldo', 'pagamento', 'politica', 'giudicare', 'piano', 'superiore', 'commento', 'esame', 'coscienza', 'capire', 'cosa', 'funzionare']",16.24,9.899999999999999,8.45,11.379999999999997,5.640000000000001,14.09,12.25,17.28,aspettativa
j0ycnf7,92,64,"['film', 'privo', 'tensione', 'personaggio', 'spacciare', 'alto', 'fantascienza', 'ennesimo', 'salvare', 'giusto', 'effetto', 'speciale', 'stesso', 'discorso', 'migliore', 'film', 'ultimo', 'anno', 'sapere', 'peggiore', 'italiano', 'meritare', 'bello', 'spacciare', 'anno', 'versione', 'gioco', 'merda', 'esaltare', 'capolavoro', 'mappa', 'fare', 'veicolo', 'arma', 'italiano', 'medio', 'smettere', 'veste', 'vedere', 'piatto', 'tradizione', 'italiano', 'grazie', 'sperimentazione', 'esistere', 'tradizione', 'avere', 'genere', 'ripetitivo', 'noioso', 'primo', 'ascolto', 'eccezione', 'dire', 'altro', 'vero', 'comunismo', 'intellettuale', 'puro', 'lavoro', 'livello', 'visivo', 'girare', 'esaltare']",23.869999999999997,12.439999999999996,11.649999999999997,12.14,7.390000000000001,17.98,18.61999999999999,24.669999999999998,aspettativa
j0yc4gn,15,11,"['uguale', 'volta', 'guardare', 'film', 'giornata', 'lavoro', 'discutere', 'fatto', 'attualità', 'risultare', 'interessante']",3.88,2.79,2.24,2.21,1.46,2.3600000000000003,2.74,4.66,aspettativa
j0ybiuw,18,9,"['aggiornamento', 'legge', 'genere', 'sesso', 'categoria', 'film', 'lingua', 'originale', 'pizza']",4.67,0.8800000000000001,0.75,1.5,0.6599999999999999,3.16,2.83,5.05,aspettativa
j0yayc8,9,7,"['fare', 'film', 'storia', 'sviluppare', 'posto', 'superiore', 'fare']",2.62,1.3300000000000003,1.25,1.3299999999999998,0.58,2.2399999999999998,1.9500000000000002,3.87,aspettativa
j0yaltq,11,10,"['ironia', 'brutto', 'persona', 'adorare', 'sognare', 'film', 'film', 'regalare', 'momento', 'gioia']",5.57,3.0100000000000002,2.12,2.46,1.7800000000000002,2.87,3.67,3.5599999999999996,gioia
j0y7me3,19,18,"['fatto', 'cosa', 'fare', 'profitto', 'film', 'arte', 'musica', 'libro', 'regista', 'limitare', 'scelta', 'prodotto', 'artistico', 'utilizzare', 'forma', 'arte', 'creare', 'considerare']",9.05,4.43,3.79,4.08,2.1100000000000003,5.38,6.6,9.33,aspettativa
j0y7ia4,39,26,"['film', 'apprezzare', 'bisognare', 'possibile', 'insieme', 'ovvio', 'paragonare', 'film', 'valere', 'complesso', 'parte', 'film', 'prendere', 'puntata', 'serie', 'dire', 'riguardare', 'film', 'generale', 'accordo', 'film', 'partire', 'pensare', 'guardare', 'film', 'sbagliare']",10.07,6.77,4.8100000000000005,6.42,2.5900000000000003,6.560000000000001,7.79,12.01,aspettativa
j0y5slp,3,3,"['film', 'fare', 'cagare']",1.16,0.59,0.62,0.49999999999999994,0.45,0.32999999999999996,0.5800000000000001,1.04,gioia
j0y3177,67,51,"['accordo', 'dire', 'film', 'bello', 'parere', 'opinione', 'scena', 'azione', 'fare', 'creativo', 'parlare', 'impressionante', 'varietà', 'forma', 'vita', 'interessante', 'film', 'esplorare', 'ammirare', 'scenario', 'impossibile', 'parte', 'personaggio', 'punto', 'forte', 'trama', 'stereotipato', 'apprezzare', 'avere', 'interazione', 'figlio', 'fine', 'impatto', 'emotivo', 'scena', 'mancanza', 'fare', 'tragedia', 'trama', 'credere', 'genere', 'film', 'servire', 'complesso', 'trama', 'film', 'piacere', 'film', 'dire', 'ricordare', 'film']",21.119999999999997,12.429999999999998,10.349999999999998,13.110000000000003,5.7,13.059999999999997,18.299999999999997,24.1,aspettativa
j0y0c4y,9,6,"['primo', 'serie', 'film', 'nuovo', 'mezzo', 'disastro']",2.25,1.7,1.33,1.96,0.71,0.92,2.0,2.29,aspettativa
j0xxgzi,14,11,"['avere', 'esperienza', 'idea', 'spuntare', 'scrivere', 'film', 'fare', 'esempio', 'trovare', 'tipo', 'media']",4.99,2.03,1.54,2.75,0.78,4.25,4.4399999999999995,6.76,aspettativa
j0xs19z,7,6,"['casa', 'fare', 'vedere', 'film', 'autore', 'pubblicità']",2.79,1.14,0.7499999999999999,0.75,0.5800000000000001,1.92,1.8299999999999998,2.95,aspettativa
j0xmpat,6,5,"['gente', 'guardare', 'film', 'lingua', 'originale']",2.63,1.09,0.96,1.29,0.87,1.67,2.29,2.8,aspettativa
j0x5q30,6,5,"['fantastico', 'film', 'fare', 'strano', 'nascere']",2.91,0.67,0.37,1.01,0.32999999999999996,1.7400000000000002,2.29,2.45,gioia
j0x52ob,3,3,"['pensare', 'film', 'guerra']",1.12,2.04,1.75,1.8399999999999999,1.37,0.5800000000000001,0.6699999999999999,1.21,tristezza
j0wvw3p,18,17,"['film', 'realtà', 'credere', 'esperienza', 'persona', 'crescere', 'reale', 'rappresentare', 'film', 'altro', 'commento', 'vedere', 'dire', 'chiudere', 'telefono', 'fare', 'film']",6.74,3.59,2.7,4.55,1.73,5.24,4.84,7.3,aspettativa
j0wn587,11,7,"['ripetitivo', 'film', 'ragazzo', 'appassionare', 'toccare', 'ora', 'film']",3.16,1.26,0.7799999999999999,1.26,0.57,1.58,1.9700000000000002,2.93,gioia
j0wk5fm,26,21,"['parlare', 'persona', 'apprezzare', 'generale', 'film', 'serie', 'cazzone', 'fare', 'spegnere', 'cervello', 'rispondere', 'esigenza', 'cercare', 'spegnere', 'cervello', 'cercare', 'esagerare', 'vero', 'problema', 'diventare', 'troppo']",7.3,5.57,5.98,5.42,3.74,6.08,6.1000000000000005,9.46,aspettativa
j0wgmsf,35,28,"['italiano', 'film', 'lingua', 'originale', 'critica', 'senso', 'gente', 'scartare', 'film', 'merda', 'scordare', 'originale', 'volta', 'sforzare', 'rendere', 'fedele', 'emozione', 'attore', 'provare', 'comunicare', 'dire', 'italiano', 'bravo', 'mondo', 'vero', 'anno', 'fare', 'cagare']",11.869999999999997,7.14,6.65,6.57,4.720000000000001,9.42,9.359999999999998,12.81,aspettativa
j0wggb1,17,14,"['statunitense', 'mangiare', 'casa', 'famiglia', 'ragazza', 'avere', 'piccolo', 'cucina', 'persona', 'dire', 'cosa', 'guardare', 'film', 'americano']",6.0,2.8,2.33,2.12,1.2400000000000002,4.69,4.24,5.88,gioia
j0wgd65,12,11,"['dare', 'ragione', 'persona', 'comune', 'film', 'vedere', 'gente', 'mangiare', 'divano', 'fronte', 'televisione']",5.41,2.2199999999999998,1.59,2.19,1.62,3.75,3.17,4.34,gioia
j0wegpo,14,12,"['film', 'fare', 'italiano', 'avere', 'stanza', 'compreso', 'cucina', 'posizionare', 'tavola', 'guardare', 'eredità', 'mangiare']",4.7,1.66,1.45,1.33,0.95,3.53,3.41,5.74,aspettativa
j0w6x14,15,12,"['cosa', 'altro', 'paese', 'funzionare', 'grosso', 'carcere', 'stile', 'film', 'post', 'banda', 'strada', 'anno']",4.54,3.21,2.73,3.7399999999999998,1.4900000000000002,3.3900000000000006,3.63,4.29,gioia
j0w5akb,7,5,"['film', 'superiore', 'serio', 'tipo', 'esempio']",1.2899999999999998,1.25,0.96,1.42,0.6700000000000002,1.88,1.3800000000000001,2.51,aspettativa
j0w3913,51,38,"['film', 'piacere', 'forza', 'commemorare', 'vittima', 'noia', 'mortale', 'trama', 'scena', 'donna', 'fare', 'bambino', 'riga', 'film', 'pieno', 'bambino', 'tedesco', 'sapere', 'ebreo', 'epoca', 'scuola', 'insegnare', 'bambino', 'riconoscere', 'ebreo', 'cittadino', 'tedesco', 'epoca', 'nazista', 'gente', 'bene', 'finale', 'forzato', 'fare', 'piangere', 'migliaio', 'film', 'palla']",14.789999999999996,10.660000000000002,9.01,9.609999999999998,4.590000000000001,9.899999999999997,11.019999999999998,14.209999999999999,gioia
j0w24cb,11,8,"['film', 'accordo', 'fumetto', 'crescere', 'pane', 'mondo', 'infanzia', 'adolescenza']",5.38,3.05,2.15,2.72,1.45,3.21,3.34,5.04,gioia
j0w1jbq,12,7,"['vero', 'progetto', 'film', 'media', 'bastare', 'fare', 'film']",3.08,1.47,1.0799999999999998,1.25,0.48,2.33,1.87,3.21,aspettativa
j0vws4h,11,10,"['guardare', 'film', 'lingua', 'originale', 'rendere', 'superiore', 'sembrare', 'esperto', 'doppiaggio', 'sapere']",3.74,1.46,0.9900000000000001,1.1600000000000001,0.7,3.62,3.34,5.43,aspettativa
j0vv3b0,2,2,"['film', 'bambino']",1.37,0.6699999999999999,0.32999999999999996,0.63,0.16,0.62,1.13,0.84,gioia
j0vrj4k,6,3,"['fare', 'ridere', 'film']",1.87,0.45999999999999996,0.41,0.58,0.24,1.08,1.21,1.38,gioia
j0vlpgg,13,9,"['bello', 'film', 'piacere', 'realtà', 'fare', 'vedere', 'mondo', 'merda', 'tenere']",4.75,2.26,2.25,2.17,1.93,3.0100000000000002,3.96,4.87,aspettativa
j0vlmv6,7,7,"['vedere', 'film', 'parlare', 'generale', 'salvare', 'bello', 'bello']",4.57,1.3399999999999999,1.01,1.29,0.6300000000000001,2.2199999999999998,3.21,3.2800000000000002,gioia
j0vk1pp,20,17,"['dire', 'perdere', 'mente', 'umano', 'avere', 'offrire', 'fine', 'film', 'storia', 'scorrere', 'occhio', 'esperienza', 'fotografia', 'musica', 'punto', 'vista', 'crescere']",8.21,6.47,5.05,5.1899999999999995,2.34,7.32,6.420000000000001,8.84,aspettativa
j0vjf5t,28,19,"['film', 'serie', 'imparare', 'suonare', 'programmare', 'cucinare', 'giapponese', 'palestra', 'amico', 'parente', 'nuovo', 'amico', 'virtuale', 'discutere', 'cosa', 'interessante', 'costruzione', 'montare', 'speciale']",10.010000000000002,2.62,2.08,3.2600000000000007,1.2799999999999998,6.69,6.67,9.370000000000001,gioia
j0vjf18,53,39,"['pensare', 'stare', 'fare', 'propaganda', 'russo', 'vedere', 'film', 'parte', 'americano', 'liberare', 'regalare', 'carro', 'armare', 'bambino', 'commento', 'occasione', 'mito', 'anno', 'campo', 'rinchiudere', 'nominare', 'punto', 'film', 'indizio', 'svelare', 'trovare', 'famoso', 'ispirazione', 'film', 'venire', 'memoria', 'ebreo', 'finire', 'campo', 'liberare', 'riuscire', 'fuggire', 'liberare', 'sovietico']",15.639999999999993,9.17,7.420000000000001,9.230000000000002,4.290000000000001,10.129999999999997,12.299999999999995,15.440000000000001,gioia
j0vhlf8,10,8,"['generale', 'piacere', 'film', 'casino', 'risolvere', 'piacere', 'finale', 'sorpresa']",4.16,1.85,1.92,2.08,1.33,2.63,3.8,3.93,gioia
j0vfiy8,11,9,"['film', 'piacere', 'fantasy', 'realtà', 'piacere', 'gente', 'ultimo', 'uscita', 'autore']",4.21,2.3,2.0,2.5,1.25,3.15,3.71,4.34,aspettativa
j0vf4is,16,9,"['avere', 'genere', 'preciso', 'piacere', 'film', 'storia', 'piacere', 'esempio', 'club']",4.38,1.75,2.05,2.2099999999999995,0.79,3.6199999999999997,3.2,4.22,gioia
j0vemrq,11,9,"['film', 'generale', 'fare', 'cagare', 'fare', 'ridere', 'milione', 'persona', 'appassionare']",4.21,1.1300000000000001,1.3599999999999999,1.32,1.11,2.28,2.66,3.42,gioia
j0vebqw,2,2,"['film', 'piacere']",1.54,0.59,0.5,0.71,0.29000000000000004,0.7100000000000001,1.13,1.34,gioia
j0ve72l,10,7,"['pubblicità', 'film', 'forza', 'rompere', 'scatola', 'attenzione', 'avere']",2.63,1.5,1.7000000000000002,1.92,0.5299999999999999,1.54,2.5,3.17,aspettativa
j0vap0u,20,18,"['massacrare', 'odio', 'primo', 'video', 'odiare', 'buttare', 'tempo', 'fronte', 'schermo', 'generale', 'vedere', 'film', 'serie', 'televisivo', 'serie', 'televisivo', 'film', 'francamente']",4.16,5.55,5.59,5.24,4.81,2.6399999999999997,4.12,5.24,rabbia
j0v6zlu,6,4,"['avere', 'ragione', 'film', 'comunista']",1.7400000000000002,0.5800000000000001,0.75,1.13,0.33,1.53,1.13,1.79,aspettativa
j0v6q4x,17,16,"['insultare', 'volta', 'dire', 'divertire', 'stronzo', 'stare', 'cosa', 'finire', 'frase', 'vabbè', 'volta', 'organizzare', 'serata', 'film', 'fare', 'cambiare']",5.54,3.75,3.45,3.0,2.4400000000000004,3.42,4.44,6.63,aspettativa
j0v5lcz,5,5,"['piacere', 'film', 'tipo', 'compagnia', 'variare']",3.42,1.1300000000000001,0.8700000000000001,1.7999999999999998,0.6200000000000001,2.42,2.13,3.18,gioia
j0v4stb,6,5,"['contrario', 'fare', 'film', 'trama', 'semplice']",1.71,1.04,0.9500000000000001,0.79,0.4600000000000001,0.67,1.17,2.17,aspettativa
j0v2rz8,20,18,"['pensare', 'stare', 'fare', 'propaganda', 'russo', 'vedere', 'film', 'parte', 'americano', 'liberare', 'regalare', 'carro', 'armare', 'bambino', 'prossimo', 'volta', 'verificare', 'scrivere']",6.83,4.76,4.0600000000000005,4.33,2.5300000000000002,4.5600000000000005,4.22,6.63,gioia
j0v22vc,4,3,"['smettere', 'vedere', 'film']",1.45,0.8799999999999999,0.8799999999999999,0.6699999999999999,0.37,0.49999999999999994,0.75,1.1300000000000001,gioia
j0uph8w,2,2,"['film', 'credere']",1.25,0.59,0.41,0.59,0.16,0.8300000000000001,0.6699999999999999,0.84,gioia
j0unkx3,6,6,"['primo', 'film', 'alieno', 'blu', 'alieno', 'blu']",2.7800000000000002,0.8800000000000001,0.9900000000000001,1.54,0.28,1.3900000000000001,2.96,2.54,sorpresa
j0ud61c,16,13,"['piccolo', 'fan', 'credere', 'ascoltare', 'esplorare', 'poco', 'rimanere', 'colpire', 'film', 'enorme', 'perdita', 'mondo', 'musica']",5.78,4.85,3.77,4.01,2.16,3.4400000000000004,4.67,5.13,gioia
j0u96hn,6,4,"['trama', 'pari', 'film', 'approfondire']",1.9900000000000002,0.7,0.48999999999999994,0.84,0.37,1.21,1.42,2.63,aspettativa
j0u4jvr,13,11,"['rituale', 'gioco', 'tavolo', 'famiglia', 'piacere', 'seguire', 'apposito', 'accadere', 'festa', 'guardare', 'film']",5.92,2.0,1.5,1.71,0.87,4.76,4.62,6.7299999999999995,aspettativa
j0u44hv,2,2,"['rimanere', 'film']",0.9099999999999999,0.63,0.32999999999999996,0.45999999999999996,0.12,0.08,0.42,0.63,gioia
j0u05cz,45,34,"['primo', 'giudicare', 'recensione', 'professionale', 'marketing', 'diffondere', 'operatore', 'professionale', 'pubblico', 'primo', 'avere', 'senso', 'dare', 'fare', 'commerciale', 'avere', 'motivo', 'esistere', 'dare', 'mercato', 'avere', 'anno', 'mostrare', 'volere', 'tecnologia', 'morto', 'camminare', 'film', 'avere', 'trama', 'livello', 'buono', 'biglietto', 'visita']",14.83,6.73,6.390000000000001,8.36,3.1000000000000005,14.420000000000002,11.76,19.859999999999996,aspettativa
j0tz6u7,24,21,"['padre', 'vigilia', 'turno', 'ora', 'pausa', 'pranzo', 'solito', 'cadavere', 'divano', 'sorella', 'giro', 'amica', 'madre', 'messa', 'cena', 'leggero', 'serata', 'film', 'poltrona', 'classico', 'fantascienza']",10.07,3.55,1.9000000000000001,2.8000000000000003,1.06,6.51,5.36,8.31,gioia
j0tx0k7,6,5,"['indossare', 'film', 'porno', 'fare', 'avere']",2.45,0.6599999999999999,0.6599999999999999,1.17,0.41000000000000003,1.2,1.25,2.58,aspettativa
j0twrkc,2,0,[],0.0,0.0,0.0,0.0,0.0,0.0,0.0,0.0,neutrale
j0tv8cf,10,7,"['mangiare', 'sala', 'pranzo', 'televisione', 'roba', 'serie', 'film']",3.16,1.04,0.62,0.6699999999999999,0.62,0.8300000000000001,1.7000000000000002,2.38,gioia
j0ttrbu,11,5,"['anno', 'leva', 'vendere', 'tecnologia', 'sala']",1.67,0.54,0.24,0.5,0.12,0.95,1.09,1.71,aspettativa
j0tozjm,18,10,"['stesso', 'menù', 'pranzo', 'mela', 'gelato', 'pranzo', 'divano', 'film', 'vecchio', 'scuola']",5.17,1.54,0.96,1.25,0.44999999999999996,2.0300000000000002,2.63,4.04,gioia
j0tnhue,11,10,"['ora', 'film', 'aspettare', 'trama', 'complesso', 'trama', 'fare', 'cagare', 'mondo', 'cambiare']",3.9899999999999998,2.75,2.32,3.4699999999999998,1.5,2.8,4.03,6.16,aspettativa
j0tn64y,6,5,"['film', 'incredibile', 'trama', 'pari', 'film']",2.78,1.42,1.2,1.67,0.74,0.9100000000000001,2.3400000000000003,3.05,aspettativa
j0tn5s9,44,22,"['semplice', 'grafico', 'anno', 'migliore', 'out', 'auto', 'avere', 'preferito', 'successivo', 'fare', 'scena', 'puntare', 'film', 'serie', 'mondo', 'frenetico', 'ultimo', 'anno', 'gioco', 'cellulare', 'preferire', 'stress']",8.110000000000001,3.8900000000000006,4.390000000000001,4.34,1.6500000000000004,5.91,6.03,10.819999999999999,aspettativa
j0tm1hq,21,21,"['vero', 'paese', 'fare', 'fare', 'tecnologia', 'permettere', 'avere', 'pizza', 'film', 'durata', 'formato', 'digitale', 'considerare', 'film', 'dirigere', 'bambino', 'durare', 'minuto', 'estero', 'pausa', 'fare']",8.25,3.21,2.0700000000000003,3.63,0.9199999999999999,7.5,5.29,10.629999999999999,aspettativa
j0tf9sa,19,15,"['leggere', 'recensione', 'film', 'bello', 'livello', 'effetto', 'grafico', 'storia', 'lasciare', 'desiderare', 'cosa', 'succedere', 'film', 'vedere', 'sapere']",6.74,4.3,2.87,3.38,1.4,3.99,5.26,6.37,gioia
j0rx21d,5,3,"['idea', 'film', 'trama']",1.6199999999999999,0.62,0.44999999999999996,0.84,0.33,0.9600000000000001,1.33,2.2600000000000002,aspettativa
j0rqtvl,5,3,"['primo', 'film', 'cinema']",1.87,0.8300000000000001,0.44999999999999996,0.71,0.12,0.21000000000000002,1.3,1.58,gioia
j0rpaxl,28,24,"['dire', 'sapere', 'personaggio', 'sapere', 'lasciare', 'film', 'commentare', 'permettere', 'spettatore', 'riempire', 'buco', 'opinione', 'idea', 'modo', 'film', 'diventare', 'dire', 'bastare', 'teoria', 'idea', 'buttare', 'finestra', 'film', 'speciale']",8.219999999999999,4.25,2.8100000000000005,4.59,2.2300000000000004,7.2700000000000005,6.46,9.5,aspettativa
j0rmy2v,29,19,"['vedere', 'piacere', 'dire', 'primo', 'film', 'cinema', 'evitare', 'tipo', 'proiezione', 'vero', 'soluzione', 'fine', 'esperienza', 'valere', 'pena', 'piccola', 'parentesi', 'scena', 'braccio']",8.06,4.76,3.6100000000000003,4.83,2.41,5.86,5.31,9.76,aspettativa
j0rjyye,8,4,"['curiosità', 'cinema', 'avere', 'biglietto']",2.75,0.45,0.32999999999999996,1.29,0.2,1.29,1.83,2.5300000000000002,gioia
j0qxkts,8,5,"['ricordare', 'tema', 'sangue', 'finto', 'film']",1.62,2.42,1.9200000000000002,2.1799999999999997,1.33,0.8,1.63,1.17,tristezza
j0qc82w,65,52,"['fare', 'classico', 'piacere', 'fare', 'medico', 'studiare', 'scuola', 'noioso', 'classe', 'ragazzo', 'liceo', 'classico', 'film', 'muto', 'bianco', 'poco', 'inglese', 'altro', 'lingua', 'latino', 'greco', 'moderno', 'antico', 'riuscire', 'capire', 'scrivere', 'colonna', 'chiesa', 'chiedere', 'bagno', 'studio', 'imparare', 'metodo', 'studio', 'efficace', 'allenare', 'cervello', 'memoria', 'continuare', 'università', 'entrare', 'medicina', 'anno', 'abbandonare', 'altro', 'storia', 'lingua', 'parlare', 'presente', 'liceo', 'imparare', 'studiare']",18.719999999999995,9.67,7.3500000000000005,9.9,4.73,17.959999999999997,12.689999999999998,24.890000000000004,aspettativa
j0q4c9r,4,2,"['vedere', 'film']",1.37,0.59,0.45999999999999996,0.5,0.29000000000000004,0.45999999999999996,0.71,0.96,gioia
j0pq176,63,49,"['passare', 'cosa', 'anno', 'prescindere', 'piacere', 'gioco', 'ora', 'parte', 'affrontare', 'smettere', 'giocare', 'dare', 'precedenza', 'hobby', 'riprendere', 'giocare', 'ultimo', 'anno', 'tornare', 'voglia', 'giusto', 'continuare', 'hobby', 'appassionare', 'tempo', 'sensazione', 'anno', 'avere', 'fare', 'tempo', 'libero', 'fare', 'gusto', 'cambiare', 'crescere', 'voglia', 'guardare', 'film', 'giocare', 'giusto', 'giocare', 'anno', 'piacere', 'pausa', 'aiutare', 'passione', 'hobby', 'poco', 'tempo']",25.03999999999999,9.8,6.32,9.75,3.39,20.709999999999997,16.56,27.620000000000015,aspettativa
j0pkx0w,97,78,"['parere', 'capacità', 'videogioco', 'paragonabile', 'lettura', 'paragonabile', 'sogno', 'misura', 'minore', 'film', 'ricordare', 'videogioco', 'impressione', 'lettura', 'avere', 'realistico', 'persona', 'giocare', 'ora', 'ora', 'lettura', 'presunto', 'capacità', 'scelta', 'singolo', 'numero', 'enorme', 'persona', 'influenzare', 'potere', 'enorme', 'morale', 'debole', 'persona', 'scegliere', 'subire', 'scelta', 'ultimo', 'elezione', 'dimostrazione', 'fatto', 'italiano', 'balia', 'forza', 'esterno', 'scegliere', 'ordine', 'dire', 'mentire', 'dire', 'uccidere', 'bambino', 'vittima', 'anno', 'bambino', 'tornare', 'presunto', 'libero', 'italiano', 'dire', 'esistere', 'ultimo', 'elezione', 'colpo', 'occulto', 'coordinare', 'parte', 'causa', 'condizione', 'politico', 'assenza', 'vero', 'leader', 'sinistra', 'delusione', 'stella', 'elezione', 'libero']",23.910000000000018,17.839999999999996,17.189999999999994,19.04000000000001,11.789999999999997,23.189999999999987,20.25,30.929999999999982,aspettativa
j0p9ow5,8,4,"['usare', 'film', 'realtà', 'compreso']",1.8299999999999998,1.3,0.9999999999999999,1.13,0.62,1.67,1.3399999999999999,1.88,aspettativa
j0p36y5,13,8,"['casa', 'film', 'leggere', 'libro', 'cosa', 'vecchio', 'gusto', 'personale']",4.55,2.55,1.53,1.7000000000000002,1.9899999999999998,2.9800000000000004,3.24,3.79,gioia
j0p1t1d,13,9,"['sentire', 'uguale', 'versione', 'film', 'ultimo', 'registrare', 'stare', 'live', 'diverso']",1.98,2.12,1.9500000000000002,1.96,1.4300000000000002,1.6500000000000001,2.41,3.17,aspettativa
j0ox5l9,29,21,"['canzone', 'originale', 'scena', 'film', 'cantare', 'altro', 'arco', 'altro', 'strumento', 'modo', 'grazie', 'cercare', 'minuto', 'cominciare', 'pensare', 'fare', 'minuto', 'film', 'peccato', 'pezzo', 'splendido']",8.020000000000001,3.8200000000000003,3.11,4.47,1.52,4.78,5.96,8.67,aspettativa
j0ov34s,16,13,"['film', 'vita', 'cantante', 'gruppo', 'interpretare', 'versione', 'magnifico', 'trovare', 'cazzo', 'parte', 'sperare', 'registrare', 'intero']",5.65,1.42,1.25,1.5700000000000003,0.77,4.28,4.45,6.180000000000001,aspettativa
j0nr2qy,5,3,"['casa', 'vedere', 'film']",2.29,0.97,0.6699999999999999,0.71,0.33,1.25,1.2899999999999998,1.71,gioia
j0nglhd,10,9,"['vedere', 'film', 'azione', 'killer', 'perso', 'tempo', 'poco', 'master', 'duello']",1.7800000000000002,3.09,3.3,3.34,1.38,1.41,2.09,3.09,paura
j0l0b2f,3,2,"['film', 'vedere']",1.37,0.59,0.45999999999999996,0.5,0.29000000000000004,0.45999999999999996,0.71,0.96,gioia
j0i544d,68,50,"['ritardo', 'dare', 'risposta', 'piacere', 'film', 'macchina', 'esplodere', 'continuare', 'ridere', 'dire', 'parlare', 'amico', 'cosa', 'capolavoro', 'divertire', 'dare', 'cercare', 'persona', 'piacere', 'azione', 'cretino', 'piacere', 'dramma', 'persona', 'finto', 'ridicolo', 'volta', 'avere', 'impressione', 'avere', 'fare', 'vero', 'dramma', 'malattia', 'lutto', 'gioco', 'videogioco', 'cretino', 'mondo', 'pensare', 'sperare', 'situazione', 'simile', 'chiedere', 'piacere', 'divertente', 'fare', 'sentire', 'colpa', 'chiedere']",20.479999999999997,14.68,12.879999999999999,14.269999999999994,7.78,16.749999999999996,17.819999999999986,23.61,aspettativa
j0fo2ho,21,17,"['dire', 'cosa', 'fare', 'effetto', 'albero', 'fare', 'colore', 'scopo', 'bello', 'bello', 'film', 'spessore', 'film', 'stesso', 'prodotto', 'bello', 'vedere']",8.86,2.37,1.74,2.45,1.1199999999999999,4.7,5.99,7.69,gioia
j0eg9q0,7,3,"['sembrare', 'chiaro', 'film']",1.08,0.58,0.32999999999999996,0.42,0.12,0.75,1.08,1.34,aspettativa
j0ci490,17,13,"['vedere', 'canale', 'anno', 'vedere', 'parte', 'programma', 'interessante', 'serie', 'televisivo', 'seguire', 'film', 'vedere', 'vario']",5.08,1.76,1.17,1.44,0.9600000000000001,3.37,3.49,5.62,aspettativa
j0cfq70,15,11,"['gemello', 'buono', 'ultimo', 'film', 'avere', 'stesso', 'padre', 'punto', 'trend', 'iniziare', 'rischiare']",4.75,1.99,1.6900000000000002,2.6399999999999997,0.5599999999999999,3.91,2.62,4.71,gioia
j0ce98f,29,25,"['finire', 'aspettare', 'piacevole', 'stupore', 'provocare', 'primo', 'sapere', 'abituare', 'cosa', 'ora', 'film', 'ora', 'succedere', 'sapere', 'preparazione', 'terzo', 'film', 'sapere', 'arrivare', 'film', 'vedere', 'innovazione', 'sensazione', 'fare', 'dovere']",11.309999999999999,5.56,4.19,6.04,2.35,7.87,8.7,11.340000000000002,aspettativa
j0cbj7b,20,13,"['primo', 'trama', 'semplice', 'incredibile', 'epoca', 'permettere', 'vivere', 'vero', 'dire', 'dire', 'fare', 'paragonare', 'film']",6.04,2.46,2.1599999999999997,2.4899999999999998,1.2399999999999998,4.79,4.8100000000000005,7.38,aspettativa
j0br8mf,26,14,"['tenere', 'giusto', 'vedere', 'film', 'interessante', 'prendere', 'fiato', 'sembrare', 'cervello', 'rapido', 'successione', 'pausa', 'fare', 'pensare']",5.83,3.0800000000000005,2.29,3.04,1.7,4.44,4.27,7.05,aspettativa
j0bo7t0,16,13,"['suonare', 'male', 'storia', 'semplice', 'fare', 'bello', 'film', 'storia', 'semplice', 'lasciare', 'spazio', 'resto', 'film']",5.29,4.41,3.34,3.6799999999999997,1.5700000000000003,2.38,4.01,4.39,gioia
j0b7nmy,6,6,"['sud', 'parlare', 'film', 'nord', 'parlare', 'porno']",3.02,1.37,1.0,0.83,0.32,1.34,1.79,2.25,gioia
j0b3fit,32,21,"['mondo', 'spettacolo', 'fare', 'ascolto', 'credere', 'unico', 'film', 'dipendere', 'contesto', 'generale', 'sdoganare', 'restare', 'vecchio', 'legge', 'stesso', 'legge', 'manifestazione', 'oltraggioso', 'strato', 'codice', 'penale']",8.14,5.68,5.83,6.01,3.83,7.8100000000000005,5.91,9.620000000000001,aspettativa
j0arpwp,47,38,"['fare', 'film', 'andare', 'storto', 'figuraccia', 'fare', 'gente', 'pensare', 'fregare', 'gente', 'parlare', 'figuraccia', 'fare', 'vita', 'unico', 'persona', 'mondo', 'volere', 'prova', 'provare', 'figura', 'persona', 'venire', 'mente', 'vero', 'stesso', 'cosa', 'confronto', 'confrontare', 'persona', 'volta', 'sentire', 'paura', 'pensare', 'fregare', 'sapere', 'fare', 'avere']",13.469999999999999,10.579999999999998,9.52,11.809999999999999,6.760000000000001,12.72,10.879999999999997,16.34,aspettativa
j0anpzz,4,3,"['contare', 'parlare', 'film']",1.7000000000000002,0.75,0.5,0.5,0.2,1.1300000000000001,1.25,1.3299999999999998,gioia
j08zo3e,1,1,['film'],0.58,0.42,0.29,0.42,0.12,0.04,0.42,0.42,gioia
j08x5io,29,21,"['dipendere', 'termine', 'coprire', 'ampio', 'spettro', 'film', 'romanzo', 'caso', 'venire', 'mente', 'mostro', 'assassino', 'sangue', 'orrore', 'bambino', 'piccolo', 'pozzo', 'famoso', 'mostro', 'mostro', 'particolare']",4.87,6.45,5.33,9.94,5.61,3.12,6.74,4.83,paura
j08urqx,25,16,"['controllare', 'classico', 'film', 'trovare', 'riga', 'raccontare', 'giusto', 'iniziare', 'film', 'sviluppo', 'trama', 'film', 'fantasma', 'personaggio', 'anno', 'possibile']",7.28,2.96,2.24,4.6,1.23,4.82,6.05,8.48,aspettativa
j07ks4w,5,5,"['avere', 'consiglio', 'consigliare', 'guardare', 'film']",2.33,0.96,1.0,1.51,0.44999999999999996,2.58,1.6199999999999999,3.21,aspettativa
j06hi2b,62,47,"['fare', 'post', 'prematuro', 'caso', 'alunno', 'scuola', 'sentire', 'film', 'orrore', 'proiettare', 'classe', 'occupare', 'sito', 'sezione', 'analisi', 'corso', 'fatto', 'disponibile', 'sito', 'concorrente', 'approfondire', 'aspetto', 'notare', 'schema', 'promuovere', 'film', 'orrore', 'basso', 'costo', 'fare', 'filtrare', 'giornale', 'ambito', 'locale', 'citare', 'film', 'pubblicità', 'gratuito', 'notare', 'diffusione', 'film', 'primo', 'presente', 'home', 'video', 'versione', 'italiano']",13.309999999999997,8.44,6.53,10.449999999999998,4.620000000000001,10.399999999999999,12.449999999999996,18.309999999999995,aspettativa
j06cl77,6,2,"['preferire', 'periodo']",0.62,0.16,0.2,0.29000000000000004,0.08,0.38,0.42,1.21,aspettativa
j064531,76,55,"['concordare', 'discorso', 'libro', 'serie', 'serie', 'snob', 'sembrare', 'libro', 'lettura', 'saggio', 'tecnico', 'romanzo', 'libro', 'pensare', 'classico', 'letteratura', 'autore', 'attuale', 'fumetto', 'letteratura', 'avere', 'pensare', 'fumetto', 'giapponese', 'avere', 'riferimento', 'anno', 'puro', 'esistere', 'opera', 'avere', 'complessità', 'elevato', 'pieno', 'telefilm', 'anima', 'avere', 'complessità', 'arrivare', 'grande', 'massa', 'discorso', 'diverso', 'fare', 'film', 'produrre', 'film', 'interessante', 'trovare', 'puro', 'riguardare', 'saggio', 'libro', 'paragonare', 'video']",20.559999999999988,9.579999999999998,7.670000000000002,10.139999999999997,5.030000000000001,18.63999999999999,16.879999999999995,26.929999999999996,aspettativa
j05zb6o,7,6,"['nuovo', 'film', 'casa', 'tratto', 'storia', 'vero']",3.38,1.8,1.42,1.67,0.45,2.49,2.67,2.96,gioia
j05ygyt,26,21,"['punto', 'vista', 'autorizzare', 'capo', 'serie', 'profondo', 'film', 'autore', 'buono', 'libro', 'gioco', 'fare', 'guardare', 'mamma', 'amico', 'natale', 'gioco', 'cazzo', 'cultura', 'dipendere', 'media']",9.459999999999999,2.91,3.08,2.8600000000000003,1.53,8.24,7.71,9.94,aspettativa
j05wgom,3,2,"['citazione', 'film']",0.7899999999999999,0.5,0.5,0.5,0.16,0.42,0.71,0.96,aspettativa
j05vxos,6,6,"['dimenticare', 'fare', 'scena', 'riprendere', 'film', 'nord']",1.7400000000000002,1.46,1.54,1.5799999999999998,0.62,1.04,1.54,2.3,aspettativa
j04g22c,12,6,"['gamba', 'piacevole', 'effetto', 'fare', 'disegnare', 'film']",3.17,0.8300000000000001,0.6599999999999999,0.7899999999999999,0.16,1.62,1.63,2.54,gioia
j03yr2o,32,23,"['insulto', 'singolo', 'fare', 'modo', 'pensare', 'pregiudizio', 'società', 'valere', 'razza', 'razza', 'sud', 'esempio', 'svizzero', 'parlare', 'meridionale', 'meridionale', 'africano', 'circolo', 'avere', 'fine', 'consiglio', 'film', 'parlare']",7.0200000000000005,5.37,4.75,4.62,2.7800000000000002,6.55,5.57,8.23,aspettativa
j03w1l0,47,44,"['guardare', 'portafoglio', 'guardare', 'dire', 'andare', 'paese', 'base', 'stare', 'senso', 'avere', 'fare', 'soldo', 'proporzione', 'avere', 'cosa', 'stare', 'altro', 'manco', 'pago', 'assicurazione', 'medico', 'simile', 'pubblico', 'guardare', 'orto', 'terzo', 'mondo', 'adorare', 'posto', 'offrire', 'trattare', 'schiavo', 'resto', 'rimanere', 'film', 'post', 'povertà', 'avere', 'situazione', 'avere', 'dubbio', 'diverso', 'posto', 'diverso']",12.91,8.47,8.110000000000001,10.889999999999997,5.970000000000001,12.679999999999996,11.319999999999997,19.020000000000003,aspettativa
j02j2m1,18,13,"['prima', 'cosa', 'uscire', 'chiudere', 'ospedale', 'fare', 'supremo', 'napoletano', 'fare', 'film', 'altro', 'oscar', 'vedere']",5.03,2.1999999999999997,1.4100000000000001,2.7,1.37,3.53,3.31,5.49,aspettativa
j01ck0v,70,66,"['professore', 'inglese', 'sapere', 'inglese', 'esistere', 'estero', 'nuovo', 'generazione', 'imparare', 'piccolo', 'grazie', 'internet', 'film', 'serie', 'lingua', 'originale', 'riguardare', 'metodo', 'insegnamento', 'scuola', 'fare', 'corso', 'lingua', 'dare', 'base', 'pretendere', 'portare', 'livello', 'uso', 'contesto', 'scolastico', 'esempio', 'sapere', 'inglese', 'usare', 'giorno', 'metodo', 'insegnamento', 'accordo', 'inutile', 'fare', 'studiare', 'letteratura', 'lingua', 'originale', 'gente', 'ordinare', 'caffè', 'inglese', 'mettere', 'ora', 'conversazione', 'settimana', 'situazione', 'cambiare', 'liceo', 'linguistico', 'fare', 'ora', 'conversazione', 'settimana', 'inutile', 'persona', 'classe', 'contribuire', 'conversazione']",23.51,8.709999999999999,7.8500000000000005,9.91,3.8400000000000003,20.650000000000002,15.019999999999992,30.94,aspettativa
j01673f,30,18,"['linguistico', 'studio', 'istituto', 'monte', 'insegnare', 'giapponese', 'cifra', 'romano', 'servire', 'cinema', 'usare', 'cifra', 'romano', 'firmare', 'film', 'coda', 'scrittura', 'conto']",5.18,3.96,2.91,2.84,1.4900000000000002,4.68,3.83,6.91,aspettativa
hqorg4s,25,20,"['misto', 'ristorante', 'casa', 'costare', 'mezzanotte', 'andare', 'centro', 'guardare', 'fuoco', 'alto', 'dipendere', 'turista', 'giro', 'fare', 'venire', 'voglia', 'bello', 'film', 'momento', 'rivedere']",8.99,3.83,3.37,3.87,2.1,5.61,6.3,8.41,gioia
hqo8qob,4,4,"['vino', 'mezzanotte', 'bello', 'film']",2.7,0.96,0.5,0.63,0.24,0.7900000000000001,1.3399999999999999,1.6999999999999997,gioia
hqax4rk,75,56,"['problema', 'videogioco', 'complesso', 'primo', 'problema', 'merda', 'gioco', 'bello', 'libro', 'libro', 'avere', 'storico', 'senso', 'avere', 'libro', 'vecchio', 'classico', 'difficile', 'giocare', 'gioco', 'vecchio', 'avere', 'versione', 'computer', 'vecchio', 'storia', 'videogioco', 'forza', 'complesso', 'ragione', 'gioco', 'media', 'controllo', 'protagonista', 'complesso', 'fornire', 'gioco', 'gioco', 'film', 'altro', 'libro', 'complesso', 'trama', 'avere', 'controllo', 'protagonista', 'creare', 'gioco', 'crescente', 'difficoltà', 'mezzo', 'diverso', 'fare', 'sposo', 'libro', 'idea']",22.669999999999998,9.25,9.749999999999996,11.739999999999997,5.24,18.4,21.940000000000005,27.0,aspettativa
hq4ox7e,52,44,"['esistere', 'videogioco', 'pari', 'romanzo', 'storia', 'lasciare', 'insegnare', 'punto', 'vista', 'diverso', 'ampliare', 'conoscenza', 'diventare', 'mettere', 'giocare', 'fare', 'azione', 'ripetitivo', 'modalità', 'pilota', 'automatico', 'voglia', 'avventura', 'tenerezza', 'scegliere', 'libro', 'ascolto', 'musica', 'guardare', 'film', 'videogioco', 'dire', 'gente', 'conoscere', 'trovare', 'dire', 'contento', 'sentire', 'pensare', 'riguardare', 'videogioco', 'pensare', 'sentire', 'sereno']",20.790000000000003,9.269999999999996,7.41,9.159999999999998,4.64,16.06,16.409999999999997,21.46999999999999,aspettativa
hq4ipmk,26,16,"['scena', 'bagno', 'imperatore', 'film', 'dimostrare', 'acqua', 'funzionare', 'voce', 'primo', 'bisogno', 'alzare', 'guidare', 'puro', 'voce', 'magnifico', 'rappresentazione']",7.2,1.48,2.37,2.33,0.9000000000000001,5.7700000000000005,4.74,7.38,aspettativa
hq3eopr,153,107,"['lungometraggio', 'adulto', 'fatto', 'rispettare', 'fumetto', 'originale', 'trovare', 'superiore', 'accento', 'spostare', 'umorismo', 'malinconia', 'vedere', 'amaro', 'primo', 'film', 'mostro', 'volgare', 'città', 'rappresentare', 'peggio', 'americano', 'cattivo', 'affascinare', 'nuovo', 'serie', 'fare', 'realtà', 'storico', 'paio', 'cantante', 'prova', 'scuola', 'moderno', 'fare', 'vero', 'miracolo', 'serie', 'storico', 'riuscire', 'portare', 'originale', 'foresta', 'mascherare', 'interessante', 'circuito', 'vedere', 'carino', 'rosso', 'avere', 'capacità', 'duro', 'necessario', 'storia', 'fidare', 'scienza', 'scienziato', 'vedere', 'documentario', 'affare', 'avere', 'importante', 'capire', 'funzionare', 'politica', 'statunitense', 'serie', 'povero', 'triste', 'drogare', 'disperato', 'romanzo', 'criminale', 'sacco', 'attore', 'interessante', 'serie', 'fantascienza', 'straordinario', 'cancellare', 'solo', 'stagione', 'puntata', 'colpire', 'colpire', 'triste', 'gioia', 'gioventù', 'dare', 'nostalgia', 'dolce', 'tempo', 'spazio', 'colpa', 'eccellente', 'ricordare', 'primo', 'stagione', 'lato', 'triste', 'versione', 'anno', 'serie', 'riuscire', 'contesto', 'moderno', 'interessante']",41.96000000000001,25.969999999999995,21.33999999999999,26.73,13.109999999999994,32.00000000000001,33.010000000000005,47.969999999999985,aspettativa
hq1fpu3,31,28,"['piacere', 'idea', 'film', 'trovare', 'riferimento', 'film', 'vecchio', 'caso', 'storia', 'scritto', 'bambino', 'avere', 'senso', 'esempio', 'uomo', 'intelligente', 'pensare', 'stupido', 'strano', 'creare', 'film', 'bambino', 'bambino', 'sapere', 'film', 'vecchio', 'capire', 'riferimento']",13.179999999999998,7.32,5.16,6.47,2.8400000000000003,11.169999999999998,11.43,13.729999999999999,aspettativa
hq1dkkj,5,4,"['ultimo', 'film', 'vedere', 'piacere']",2.41,1.3399999999999999,1.2499999999999998,1.0,0.5800000000000001,1.3,1.46,1.96,gioia
hq1d50l,7,4,"['chiedere', 'film', 'sperare', 'azione']",1.5,0.63,0.29,0.8,0.12,1.1600000000000001,1.0,1.88,aspettativa
hq18th9,27,22,"['combattimento', 'pessimo', 'colonna', 'sonoro', 'trama', 'fare', 'pena', 'dialogo', 'caso', 'vecchio', 'personaggio', 'pieno', 'vecchio', 'film', 'scena', 'somigliare', 'vecchia', 'dare', 'senso', 'nostalgia', 'fare', 'vacca']",5.33,5.47,3.5300000000000002,4.53,2.3500000000000005,3.6500000000000004,5.739999999999999,7.3,aspettativa
hpoyzcx,66,53,"['ragione', 'ripetere', 'impedire', 'lavoro', 'equivalere', 'fare', 'fare', 'fame', 'gente', 'gente', 'pagare', 'tassa', 'dovere', 'governo', 'impedire', 'lavoro', 'lavoro', 'semplice', 'vedere', 'vedere', 'contrario', 'forza', 'stesso', 'condizione', 'contribuire', 'tempo', 'pretendere', 'mettere', 'stesso', 'piano', 'punto', 'vista', 'rischio', 'avere', 'vantaggio', 'fronte', 'rischio', 'idraulico', 'venire', 'fare', 'lavoro', 'casa', 'mostro', 'tatuaggio', 'fare', 'entrare', 'film', 'minuto', 'preferire', 'canzone', 'avere', 'occhio', 'verde']",18.339999999999993,12.169999999999996,11.649999999999997,12.689999999999998,7.22,16.65999999999999,13.849999999999998,23.969999999999995,aspettativa
hposq77,80,62,"['ragione', 'ripetere', 'impedire', 'lavoro', 'equivalere', 'fare', 'fare', 'fame', 'gente', 'gente', 'pagare', 'tassa', 'dovere', 'governo', 'generare', 'contento', 'idraulico', 'venire', 'fare', 'lavoro', 'casa', 'pensare', 'avere', 'tatuaggio', 'fregare', 'massimo', 'fumare', 'casa', 'volta', 'iniziare', 'togliere', 'diritto', 'lavoro', 'base', 'base', 'cosa', 'serio', 'sapere', 'iniziare', 'sapere', 'arrivare', 'innocuo', 'lavoro', 'avere', 'occhio', 'verde', 'avere', 'colorato', 'puzzare', 'volere', 'fine', 'fine', 'successo', 'prova', 'film', 'minuto', 'cercare', 'accettare', 'perdita', 'minuto', 'accettare', 'cazzata']",23.879999999999992,17.1,14.32999999999999,16.370000000000005,9.499999999999996,19.639999999999993,15.739999999999991,27.639999999999997,aspettativa
hpkv0fo,72,52,"['comune', 'scuola', 'privato', 'migliore', 'pubblico', 'fare', 'ultimo', 'anno', 'competizione', 'maniera', 'curioso', 'documentario', 'pratica', 'parlare', 'maniera', 'sorta', 'parlare', 'fare', 'asta', 'mucca', 'fare', 'risoluzione', 'raggiungere', 'inevitabile', 'guerra', 'globale', 'parte', 'argomento', 'legale', 'inevitabile', 'crisi', 'economico', 'forza', 'mondiale', 'iniziare', 'grande', 'delusione', 'piccolo', 'film', 'scuola', 'sfidare', 'scuola', 'ricco', 'dibattito', 'bello', 'dibattito', 'vecchio', 'stile', 'guardare', 'puntata', 'dibattito', 'community']",16.869999999999997,10.72,10.819999999999999,12.14,5.28,14.079999999999991,12.28,21.369999999999994,aspettativa
hpco1eo,2,1,['pazzo'],0.04,0.5,0.29,0.79,0.17,0.08,0.54,0.04,paura
hp2gf15,6,6,"['premio', 'vincere', 'film', 'bello', 'ritorno', 'cinema']",4.91,0.8699999999999999,0.44999999999999996,1.12,0.2,1.88,4.05,3.91,gioia
howndd6,6,5,"['vedere', 'ora', 'vedere', 'film', 'pazzesco']",2.8600000000000003,0.97,0.96,1.33,0.67,1.17,2.04,2.29,gioia
howekd8,42,30,"['equilibrio', 'difficile', 'gesto', 'civiltà', 'avere', 'motivazione', 'libertà', 'lavorare', 'atto', 'grave', 'accettare', 'sconvolgere', 'persona', 'chiedere', 'cosa', 'semplice', 'prendere', 'film', 'minuto', 'minuto', 'chiudere', 'licenziare', 'minuto', 'pausa', 'pranzo', 'pausa', 'fine', 'diventare', 'schiavo', 'sapere']",9.15,7.24,6.33,9.009999999999998,3.95,6.920000000000001,6.79,10.58,aspettativa
hovi8fp,5,4,"['candidato', 'anno', 'categoria', 'film']",0.8699999999999999,0.8400000000000001,0.37,0.76,0.24,0.6200000000000001,0.8,1.5,aspettativa
hosfab4,16,14,"['parlare', 'condividere', 'notizia', 'dire', 'spacciare', 'pubblicità', 'sembrare', 'ripetere', 'infinito', 'film', 'ricevere', 'premio', 'raccontare', 'problema']",5.96,3.04,2.66,3.08,1.87,3.74,6.25,6.89,aspettativa
hoqqcgs,9,7,"['mano', 'dio', 'conquistare', 'vincere', 'premio', 'film', 'internazionale']",4.13,0.5,0.44999999999999996,0.96,0.16,3.38,3.26,4.0,gioia
hojl99j,36,28,"['sentire', 'pensare', 'stesso', 'cosa', 'pensare', 'parte', 'scienziato', 'teorico', 'tipo', 'tecnologia', 'stile', 'ovviare', 'problema', 'distanza', 'fisico', 'episodio', 'testimoniare', 'pilota', 'caccia', 'americano', 'alto', 'episodio', 'testimone', 'scuola', 'immaginare', 'film', 'limite', 'avere']",7.54,6.91,6.090000000000001,7.8100000000000005,3.4400000000000004,8.72,6.82,11.66,aspettativa
hoegljd,18,13,"['arrivare', 'film', 'italiano', 'mano', 'dio', 'prezioso', 'chiave', 'pellicola', 'avere', 'attivo', 'vincere', 'film', 'internazionale']",5.87,1.5,1.62,2.29,0.81,4.5,4.21,5.38,gioia
hodoayg,67,52,"['vincitore', 'premio', 'critico', 'giornalista', 'eleggere', 'migliore', 'produzione', 'cinematografico', 'stagione', 'scorso', 'anno', 'confermare', 'film', 'costume', 'effetto', 'speciale', 'femminile', 'maschile', 'colonna', 'sonoro', 'anno', 'film', 'vincere', 'premio', 'testa', 'dramma', 'vincere', 'premio', 'film', 'maschile', 'giovane', 'sci', 'vincere', 'categoria', 'colonna', 'sonoro', 'fotografia', 'montaggio', 'costume', 'effetto', 'altro', 'vincitore', 'spiccare', 'primo', 'premio', 'film', 'italiano', 'mano', 'dio', 'vincere', 'film', 'internazionale']",25.3,7.82,5.880000000000001,7.98,3.130000000000001,14.639999999999993,19.03,23.070000000000004,gioia
ho8tih0,7,6,"['film', 'fantascienza', 'lavoro', 'campo', 'vedere', 'meraviglia']",3.57,1.46,0.95,1.2000000000000002,0.62,1.46,2.74,2.83,gioia
ho4w6qc,59,45,"['vincitore', 'premio', 'critico', 'scegliere', 'migliore', 'film', 'migliore', 'interpretazione', 'stagione', 'cinematografico', 'anno', 'magnetico', 'potere', 'cane', 'vincere', 'premio', 'migliore', 'film', 'regia', 'attore', 'migliore', 'attore', 'protagonista', 'migliore', 'attore', 'protagonista', 'migliore', 'fotografia', 'premio', 'tecnico', 'sci', 'vincere', 'montaggio', 'colonna', 'sonoro', 'ultimo', 'vincere', 'premio', 'interessante', 'spiccare', 'migliore', 'attore', 'assegnare', 'confermare', 'critico']",25.310000000000006,5.970000000000001,4.68,6.0600000000000005,3.03,16.84,15.669999999999995,25.74999999999999,aspettativa
hnra16p,28,17,"['anno', 'annunciare', 'lista', 'migliore', 'film', 'stagione', 'scorso', 'anno', 'film', 'ottenere', 'categoria', 'film', 'lista', 'anno', 'pizza', 'potere', 'cane']",8.11,3.38,1.82,3.11,1.23,4.74,4.109999999999999,8.09,gioia
hnlt92l,4,2,"['film', 'grazie']",1.29,0.42,0.29,0.42,0.12,0.75,0.71,0.88,gioia
hnlqp4e,19,13,"['pensare', 'fattore', 'giorno', 'carica', 'dare', 'post', 'rivelare', 'inutile', 'porre', 'fine', 'anno', 'film', 'parlare']",5.15,3.71,2.8400000000000003,2.7499999999999996,0.91,4.0200000000000005,3.46,6.12,aspettativa
hniiszz,9,5,"['sembrare', 'bello', 'film', 'mostrare', 'giusto']",2.6999999999999997,0.7,0.6199999999999999,0.83,0.2,1.9099999999999997,2.58,3.21,aspettativa
hnh00td,85,62,"['vincitore', 'fondare', 'critico', 'cinematografico', 'tentativo', 'vuoto', 'comunità', 'cinematografico', 'locale', 'rappresentazione', 'media', 'scena', 'nazionale', 'scorso', 'anno', 'critico', 'confermare', 'film', 'colonna', 'sonoro', 'internazionale', 'originale', 'anno', 'omaggio', 'anno', 'film', 'vincere', 'premio', 'migliore', 'film', 'migliore', 'originale', 'migliore', 'attore', 'maschile', 'premio', 'viaggio', 'pianura', 'vecchio', 'titolo', 'potere', 'cane', 'vincere', 'categoria', 'fotografia', 'femminile', 'attore', 'regia', 'interessante', 'spiccare', 'vincere', 'pellicola', 'giapponese', 'conquistare', 'premio', 'migliore', 'film', 'migliore', 'film', 'internazionale', 'momento', 'categoria']",29.88,10.299999999999995,7.48,9.989999999999998,4.75,20.38,20.69,30.970000000000002,aspettativa
hng6qg6,30,22,"['sembrare', 'credere', 'avere', 'figlio', 'basso', 'credere', 'spesa', 'ricordare', 'vecchio', 'film', 'coppia', 'volere', 'ricevere', 'contributo', 'stesso', 'volere', 'bambino', 'chiedere', 'aiuto', 'genitore', 'solito', 'caso']",10.03,4.87,4.2,5.06,1.4,9.569999999999999,6.77,9.919999999999998,gioia
hnfths6,38,35,"['consigliere', 'leggere', 'sito', 'giornale', 'italiano', 'maniera', 'capire', 'aria', 'tirare', 'romanzo', 'film', 'recente', 'buono', 'idea', 'laurea', 'buono', 'iniziare', 'fare', 'tesi', 'ultimo', 'anno', 'avere', 'sezione', 'locale', 'pazzo', 'gioia', 'volere', 'terra', 'nome', 'madre', 'generale', 'film', 'brutto', 'via', 'essenziale']",15.569999999999997,7.569999999999999,5.73,7.13,3.2500000000000004,11.93,8.76,15.659999999999997,aspettativa
hn9bw5p,56,36,"['premio', 'critico', 'giornalista', 'eleggere', 'migliore', 'film', 'migliore', 'prova', 'cinematografico', 'stagione', 'anno', 'dramma', 'romanzo', 'potere', 'cane', 'conquistare', 'testa', 'migliore', 'film', 'regia', 'sci', 'categoria', 'fotografia', 'montaggio', 'colonna', 'sonoro', 'omaggio', 'omonimo', 'categoria', 'film', 'femminile', 'candidato', 'categoria', 'film', 'potere', 'cane']",15.939999999999996,6.4399999999999995,4.86,6.569999999999999,3.8100000000000005,10.449999999999998,10.19,15.889999999999997,gioia
hn6fvff,8,7,"['premio', 'parere', 'film', 'bello', 'sapere', 'accordo', 'preferire']",4.49,0.9600000000000001,0.7400000000000001,0.9600000000000001,0.33,2.04,2.8899999999999997,4.0,gioia
hn37z69,54,30,"['premio', 'critico', 'giornalista', 'scegliere', 'migliore', 'film', 'migliore', 'cinematografico', 'stagione', 'anno', 'conquistare', 'numero', 'film', 'francese', 'rivelazione', 'maschile', 'film', 'testa', 'opera', 'attore', 'regia', 'femminile', 'maschile', 'attore', 'film', 'originale', 'film', 'candidato', 'categoria', 'film']",13.499999999999998,6.16,4.36,6.14,2.880000000000001,7.99,9.92,15.689999999999996,aspettativa
hn1ny8p,74,60,"['nuovo', 'fare', 'cagare', 'vedere', 'manifesto', 'film', 'capire', 'storia', 'acqua', 'usare', 'usare', 'voce', 'capire', 'voce', 'scena', 'bagno', 'dimostrare', 'sostanza', 'bagno', 'avere', 'parete', 'cemento', 'tuta', 'tuta', 'vecchio', 'film', 'sembrare', 'funzionare', 'avere', 'linea', 'primo', 'libro', 'diventare', 'fondamentale', 'parte', 'cosa', 'incredibile', 'vecchio', 'considerare', 'pretendere', 'spiegare', 'creare', 'seguire', 'spiegare', 'sembrare', 'fare', 'botta', 'curioso', 'portare', 'vedere', 'film', 'sapere', 'vedere', 'faccia', 'nano', 'camminare', 'passo', 'stronzo', 'finale', 'film']",22.109999999999992,10.300000000000002,11.069999999999997,10.720000000000002,5.990000000000001,19.150000000000002,16.77,25.57,aspettativa
hn1895q,60,39,"['premio', 'assegnare', 'ristretto', 'autorevole', 'gruppo', 'critico', 'americano', 'migliore', 'produzione', 'cinematografico', 'anno', 'anno', 'conquistare', 'numero', 'premio', 'sci', 'vincere', 'categoria', 'film', 'fotografia', 'colonna', 'sonoro', 'premio', 'pellicola', 'opera', 'attore', 'film', 'dramma', 'femminile', 'maschile', 'interessante', 'spiccare', 'premio', 'migliore', 'posto', 'migliore', 'attore', 'assegnare', 'posto']",18.02,5.57,4.11,5.57,3.2800000000000002,12.169999999999998,12.809999999999995,19.489999999999995,aspettativa
hms9a2j,14,12,"['arrivare', 'primo', 'stagione', 'premio', 'americano', 'mano', 'dio', 'candidato', 'categoria', 'film', 'internazionale', 'lista']",4.67,1.2900000000000003,0.77,1.6700000000000002,0.44,4.01,3.59,5.71,aspettativa
hlhohoy,2,2,"['film', 'preferito']",1.37,0.42,0.41,0.42,0.12,0.8300000000000001,0.75,1.34,gioia
hkg2m89,22,15,"['rapina', 'finire', 'film', 'successo', 'riva', 'acqua', 'caduta', 'causare', 'romantico', 'freddo', 'bloccare', 'sperare', 'avere', 'chiamare', 'ospedale']",5.109999999999999,4.79,3.17,5.16,2.32,4.41,3.6100000000000003,5.38,aspettativa
hjpo3d8,19,4,"['re', 'film', 'fare', 'live']",1.5300000000000002,0.63,0.49999999999999994,0.79,0.33,0.9100000000000001,0.88,1.8399999999999999,aspettativa
hjnooic,9,6,"['capacità', 'antipatico', 'vero', 'programma', 'film', 'fiorentino']",1.75,1.4100000000000001,1.5300000000000002,0.8300000000000001,1.1099999999999999,1.83,1.16,2.26,aspettativa
hjjg9jl,130,95,"['opinione', 'personale', 'volere', 'situazione', 'generale', 'singolo', 'senso', 'frase', 'precedente', 'puntare', 'buono', 'punto', 'persona', 'puntare', 'studiare', 'lingua', 'contesto', 'professionale', 'avviso', 'arrivare', 'capire', 'senso', 'frase', 'capire', 'lingua', 'madre', 'fare', 'operazione', 'conoscenza', 'indispensabile', 'dire', 'fronte', 'tavola', 'sapere', 'significato', 'contesto', 'tono', 'voce', 'altro', 'fare', 'esclamazione', 'sorpresa', 'positivo', 'comune', 'conoscere', 'corno', 'copia', 'portare', 'strada', 'significato', 'originale', 'altro', 'lingua', 'valere', 'film', 'ascoltare', 'musica', 'lingua', 'originale', 'consigliare', 'ideale', 'guardare', 'cosa', 'conoscere', 'parte', 'fare', 'associazione', 'metodo', 'vedere', 'essenziale', 'ripetizione', 'sembrare', 'utile', 'inizio', 'riguardare', 'volta', 'stesso', 'episodio', 'rendere', 'schema', 'contesto', 'utilizzo', 'contenuto', 'nuovo', 'assorbire', 'vocabolario', 'lingua', 'avere', 'struttura', 'rimanere', 'base', 'italiano', 'verbo', 'volta', 'nuovo']",33.24999999999998,13.029999999999998,11.299999999999994,16.4,7.320000000000001,30.569999999999986,25.21999999999999,40.83,aspettativa
hjjcfru,37,31,"['consiglio', 'riguardare', 'film', 'preferire', 'inglese', 'partire', 'ricordare', 'memoria', 'vedere', 'sacco', 'volta', 'utile', 'iniziare', 'meccanismo', 'diverso', 'comprensione', 'solo', 'ascolto', 'conoscere', 'film', 'parte', 'conoscere', 'senso', 'frase', 'vedere', 'differenza', 'enorme', 'sentire', 'cosa', 'nuovo', 'bisogno']",13.22,6.89,4.449999999999999,7.03,2.8400000000000003,10.149999999999999,9.180000000000001,13.449999999999996,aspettativa
hi818np,16,16,"['critico', 'americano', 'grande', 'bellezza', 'vincere', 'libertà', 'linguaggio', 'cinematografico', 'riportare', 'recensione', 'seguire', 'proiezione', 'film', 'interpretare', 'vittoria', 'credere']",7.91,2.62,2.1,3.08,1.15,6.46,5.97,8.5,aspettativa
hi7zwkr,10,9,"['grande', 'bellezza', 'vincere', 'avere', 'grande', 'film', 'italiano', 'ragione', 'visibile']",5.01,1.53,1.67,2.05,0.73,3.24,3.42,4.74,gioia
hi7s7av,35,32,"['domanda', 'interessante', 'effetto', 'grande', 'bellezza', 'vincere', 'linguaggio', 'cinematografico', 'film', 'lineare', 'caso', 'mano', 'dio', 'selezionare', 'festival', 'chiave', 'precedere', 'dimostrare', 'forte', 'parte', 'critica', 'americano', 'sfidante', 'forte', 'strada', 'partire', 'meno', 'buono', 'candidato', 'differenza', 'altro', 'anno']",11.669999999999998,5.44,5.130000000000001,7.45,2.1700000000000004,10.999999999999998,12.11,15.749999999999996,aspettativa
hi69nsw,6,4,"['chiedere', 'probabilità', 'volta', 'film']",1.12,0.88,0.54,1.05,0.16,0.92,0.95,1.5799999999999998,aspettativa
hi0369a,70,56,"['tipo', 'caso', 'esempio', 'tipo', 'parlare', 'anno', 'diventare', 'caso', 'livello', 'mondiale', 'fare', 'film', 'polizia', 'togliere', 'divieto', 'parlare', 'fare', 'sembrare', 'cattivo', 'creare', 'precedente', 'agente', 'sembrare', 'mela', 'domanda', 'sapere', 'zitto', 'anno', 'permettere', 'nome', 'famiglia', 'continuo', 'inferno', 'giudiziario', 'svegliare', 'caso', 'finire', 'attenzione', 'fare', 'film', 'distribuire', 'mondo', 'stare', 'punire', 'parlare', 'sistema', 'marcio', 'parlare', 'supermercato', 'braccio', 'armare', 'garantire', 'sicurezza', 'cittadino', 'stesso', 'cosa']",17.06,12.999999999999995,10.209999999999999,12.9,6.380000000000001,18.390000000000004,14.149999999999995,23.82999999999999,aspettativa
hhc71mx,5,4,"['capire', 'lista', 'film', 'italiano']",1.67,0.92,0.67,0.79,0.45,1.0,1.05,1.58,gioia
hhc6qlv,2,2,"['film', 'italiano']",0.75,0.59,0.45999999999999996,0.42,0.24,0.08,0.45999999999999996,0.5,gioia
hhc60al,6,5,"['fine', 'stare', 'migliore', 'film', 'decennio']",1.9500000000000002,1.6700000000000002,1.08,1.6599999999999997,0.58,1.29,1.33,2.62,aspettativa
hhbwl1k,14,12,"['credere', 'dovere', 'fatto', 'film', 'leggero', 'gente', 'andare', 'ottenere', 'voto', 'minimo', 'includere', 'lista']",5.41,2.12,1.78,2.3200000000000003,1.1600000000000001,4.09,2.76,4.93,gioia
hhac7k1,5,5,"['contento', 'ultimo', 'classifica', 'film', 'tremendo']",2.08,1.5,1.3699999999999999,1.63,0.5700000000000001,0.8400000000000001,1.46,1.58,gioia
hh9suzq,4,1,['film'],0.58,0.42,0.29,0.42,0.12,0.04,0.42,0.42,gioia
hfhymbj,105,83,"['sembrare', 'difficile', 'cominciare', 'dire', 'persona', 'finire', 'studiare', 'lavorare', 'rilassare', 'cosa', 'fare', 'scrittore', 'competere', 'attenzione', 'gente', 'cosa', 'musica', 'video', 'film', 'videogioco', 'tipo', 'lettura', 'serie', 'sport', 'vario', 'sport', 'suonare', 'strumento', 'piccolo', 'parte', 'persona', 'libro', 'saggistica', 'professionale', 'leggere', 'libro', 'disposizione', 'catalogo', 'infinito', 'autore', 'stesso', 'tempo', 'avere', 'catalogo', 'infinito', 'autore', 'contemporaneo', 'scrivere', 'libro', 'scrittore', 'casuale', 'avere', 'contatto', 'pubblicare', 'libro', 'poesia', 'dubbio', 'gusto', 'dire', 'competizione', 'alto', 'avere', 'idea', 'scommettere', 'difficile', 'stare', 'buttare', 'tempo', 'fare', 'scrivere', 'provare', 'emergere', 'buono', 'modo', 'dare', 'guadagnare', 'avere', 'certo', 'visibilità', 'distribuire', 'libro', 'caso', 'difficile']",32.16,15.729999999999997,12.329999999999998,16.14999999999999,8.989999999999995,26.959999999999987,24.849999999999998,38.76999999999999,aspettativa
hf9awpu,9,6,"['film', 'estetico', 'bello', 'prova', 'supporto', 'contorno']",3.03,1.21,0.54,1.04,0.16,1.75,1.67,2.87,gioia
heua7s8,25,20,"['credere', 'piattaforma', 'simile', 'mettere', 'bello', 'avviso', 'mostrare', 'contenuto', 'digitale', 'provenienza', 'fare', 'film', 'porno', 'violenza', 'pubblico', 'origine', 'contenuto', 'digitale', 'marchiare', 'fonte']",6.74,3.33,3.45,4.319999999999999,2.69,6.69,5.86,9.120000000000001,aspettativa
he8utqx,12,7,"['gente', 'film', 'università', 'migliore', 'grande', 'gene', 'venire']",2.83,0.9999999999999999,0.83,1.54,0.7000000000000001,2.21,1.87,3.5,aspettativa
hdp3k7c,8,6,"['fare', 'film', 'vittima', 'italiano', 'mondo', 'paese']",2.0799999999999996,2.3899999999999997,1.9499999999999997,1.8399999999999999,1.2000000000000002,1.2399999999999998,1.58,2.41,aspettativa
hdigbkd,9,4,"['doppiaggio', 'guardare', 'film', 'originale']",2.0,0.71,0.62,0.7899999999999999,0.45,1.25,1.87,2.38,aspettativa
hdi7oln,57,47,"['attenzione', 'avere', 'guardare', 'film', 'ritenere', 'vittima', 'principale', 'situazione', 'avere', 'diritto', 'avere', 'doppiaggio', 'dovere', 'dire', 'possibile', 'decennio', 'protagonista', 'film', 'americano', 'parlare', 'voce', 'prescindere', 'ricominciare', 'guardare', 'cinema', 'scoprire', 'film', 'lingua', 'originale', 'italiano', 'voce', 'alto', 'protagonista', 'parlare', 'voce', 'normale', 'doppiaggio', 'italiano', 'personaggio', 'italiano', 'sembrare', 'agitare', 'ascoltare', 'lingua', 'originale', 'sembrare', 'sereno']",18.409999999999997,6.7700000000000005,7.23,9.19,3.6600000000000006,14.219999999999997,14.419999999999996,21.919999999999998,aspettativa
hdi12zo,20,18,"['dare', 'fastidio', 'gente', 'guardare', 'film', 'dormire', 'notte', 'rispettare', 'gusto', 'gente', 'puzza', 'snob', 'schermo', 'scrivere', 'vedere', 'roba', 'lingua', 'originale']",7.79,4.1,3.42,3.6100000000000003,4.67,5.1000000000000005,6.11,7.35,gioia
hdhpw1h,19,15,"['guardare', 'film', 'originale', 'ritenere', 'sveglio', 'guardare', 'film', 'italiano', 'persona', 'diverso', 'schermo', 'capire', 'voce', 'forma', 'faccia']",5.58,2.77,2.6399999999999997,2.87,2.14,4.34,4.7,6.42,aspettativa
hdhmvci,15,13,"['guardare', 'film', 'originale', 'ritenere', 'sveglio', 'lasciare', 'guardare', 'cosa', 'cacchio', 'parere', 'roba', 'originale', 'vedere']",4.42,2.8,2.3,2.33,1.7099999999999997,3.37,4.19,5.17,aspettativa
hdhf3ly,6,5,"['guardare', 'film', 'lingua', 'originale', 'tono']",2.17,0.8400000000000001,0.79,0.88,0.58,1.21,2.0,2.42,aspettativa
hdhe3e0,7,6,"['film', 'merda', 'fare', 'anno', 'parte', 'casa']",2.29,1.5099999999999998,1.2399999999999998,1.21,0.91,1.5699999999999998,1.96,2.45,aspettativa
hdgew4r,10,7,"['dare', 'fastidio', 'avere', 'storia', 'distruggere', 'monumento', 'film']",2.42,2.67,2.66,2.1799999999999997,1.0299999999999998,1.6600000000000001,2.47,2.71,aspettativa
hdcmyy5,19,16,"['capire', 'film', 'volta', 'avere', 'marcia', 'dire', 'eccezionale', 'riprendere', 'epoca', 'avanguardia', 'storia', 'amore', 'attenzione', 'sesso', 'dialogo', 'comparso']",8.31,3.83,3.34,4.47,1.57,7.5200000000000005,6.45,9.14,aspettativa
hd3vn1o,28,24,"['pensare', 'scrivere', 'gusto', 'film', 'vedere', 'buono', 'film', 'trama', 'vedere', 'materiale', 'partenza', 'lato', 'visivo', 'fare', 'mancare', 'mancanza', 'sembrare', 'mettere', 'sostanza', 'ultimo', 'lavoro', 'grande', 'lasciare', 'anno']",9.729999999999999,7.1000000000000005,4.24,4.8,2.9800000000000004,6.8,6.7,12.040000000000003,aspettativa
hcun7j3,36,28,"['esistere', 'separazione', 'potere', 'legislativo', 'esecutivo', 'giudiziario', 'avere', 'potere', 'giudiziario', 'esecutivo', 'emettere', 'sentenza', 'eseguire', 'nazione', 'parlamentare', 'cosa', 'succedere', 'partito', 'amico', 'venditore', 'arma', 'promuovere', 'solo', 'vedere', 'altro', 'film', 'azione', 'cascare']",8.28,6.569999999999999,6.71,8.15,3.74,8.509999999999998,6.84,12.139999999999997,aspettativa
hckmcoy,105,86,"['togliere', 'bocca', 'tossico', 'sapere', 'casa', 'insinuare', 'interno', 'ambiente', 'familiare', 'massimo', 'ambito', 'scolastico', 'avere', 'percepire', 'sbagliato', 'stupire', 'altro', 'ragazzo', 'possibile', 'capire', 'anno', 'andare', 'evento', 'fenomeno', 'culturale', 'conseguire', 'portare', 'avere', 'paura', 'uomo', 'donna', 'uomo', 'aiutare', 'entrare', 'mondo', 'femminile', 'amico', 'ringraziare', 'volere', 'bene', 'avere', 'modo', 'iniziare', 'bellezza', 'mondo', 'femminile', 'proibire', 'stringere', 'rapporto', 'amicizia', 'ragazzo', 'corso', 'vita', 'avere', 'rapporto', 'fattore', 'amicizia', 'avere', 'amico', 'maschio', 'buono', 'ragazzo', 'grandioso', 'grande', 'uomo', 'conoscere', 'fare', 'pelle', 'traumatizzare', 'credere', 'dovere', 'fatto', 'avere', 'paura', 'anima', 'sapere', 'contatto', 'conoscere', 'sentimento', 'emozione', 'caso', 'stare', 'girare', 'film', 'verità', 'andare']",41.62999999999999,18.739999999999995,16.459999999999997,21.469999999999988,8.799999999999999,36.68,28.1,42.569999999999986,aspettativa
hb75spd,20,12,"['lavoro', 'famiglia', 'film', 'lecito', 'chiedere', 'modo', 'capo', 'cosa', 'pratico', 'insistere', 'sostegno', 'lavoro']",4.19,2.95,2.7300000000000004,1.93,1.04,3.87,2.08,5.15,aspettativa
hb2t6vg,22,21,"['cassa', 'integrazione', 'novembre', 'azienda', 'pagare', 'novembre', 'sapere', 'succedere', 'avere', 'altro', 'sede', 'chilometro', 'sperare', 'incarico', 'avere', 'senso', 'grazie', 'attenzione', 'vedere', 'film', 'ciao']",8.61,3.0,2.4000000000000004,4.0,1.11,6.78,6.75,9.830000000000002,aspettativa
hasrwpc,61,53,"['mafia', 'gruppo', 'codardo', 'punto', 'fastidio', 'film', 'mafia', 'italiano', 'gruppo', 'persona', 'ruotare', 'onore', 'famiglia', 'rispetto', 'ammettere', 'fare', 'vita', 'vero', 'mafioso', 'codardo', 'palla', 'spazzatura', 'società', 'rifiuto', 'possibilità', 'fatto', 'persona', 'fare', 'dare', 'vita', 'finire', 'prigione', 'resto', 'giorno', 'boss', 'ordinare', 'pensare', 'ricevere', 'onore', 'gloria', 'modo', 'dare', 'vita', 'giusto', 'causa', 'fare', 'capire', 'basso', 'intelligenza', 'medio', 'persona', 'primo', 'ultimo']",19.479999999999993,12.709999999999997,11.829999999999997,11.599999999999993,8.5,18.22,12.339999999999996,23.15,aspettativa
has88j4,3,3,"['credere', 'vedere', 'film']",2.04,0.76,0.5800000000000001,0.6699999999999999,0.33,1.25,0.96,1.38,gioia
h9t6y6i,5,4,"['impressionare', 'film', 'vedere', 'andare']",2.12,1.0,0.75,0.75,0.4600000000000001,0.96,1.58,1.67,gioia
h9sqi52,17,12,"['sentire', 'crociata', 'scendere', 'perso', 'fiducia', 'effetto', 'terribile', 'offendere', 'cosa', 'sperare', 'scelta', 'film']",3.38,4.5,4.5200000000000005,4.62,2.99,3.53,3.53,4.88,aspettativa
h9so02c,11,9,"['piccolo', 'rapire', 'film', 'grande', 'sviluppare', 'interesse', 'enorme', 'religione', 'merda']",2.75,1.9100000000000001,2.2700000000000005,2.51,1.85,2.1500000000000004,2.96,3.12,aspettativa
h9sljho,18,12,"['fare', 'impressione', 'apprezzare', 'estetico', 'vedere', 'gusto', 'giudicare', 'intero', 'film', 'trucco', 'personaggio', 'secondario']",4.87,1.9100000000000001,1.57,1.6999999999999997,1.7400000000000002,3.1100000000000003,3.62,5.21,aspettativa
h9p25sh,7,5,"['fare', 'nuovo', 'film', 'grazie', 'attore']",2.96,0.8300000000000001,0.54,1.29,0.32999999999999996,1.92,1.87,2.83,gioia
h90218i,18,12,"['finanziare', 'armare', 'film', 'personaggio', 'interpretare', 'combattere', 'fianco', 'sovietico', 'avere', 'ragione', 'analizzare', 'assistenza']",3.03,2.0,2.62,3.7,1.41,4.37,2.29,4.34,fiducia
h8jjqhk,6,6,"['leggere', 'vedere', 'storia', 'partigiano', 'film', 'documentario']",3.58,2.01,1.4200000000000002,1.25,0.83,2.37,2.21,2.7199999999999998,gioia
h8cc4pf,11,10,"['leggere', 'piccolo', 'capire', 'criterio', 'valutazione', 'parte', 'teatro', 'scegliere', 'scena', 'film']",4.13,2.21,1.4100000000000001,2.07,0.6600000000000001,2.45,3.55,4.58,aspettativa
h8a0i3p,35,33,"['ricordare', 'andare', 'onda', 'canale', 'stesso', 'momento', 'trama', 'sbagliare', 'ragazzo', 'innamorato', 'avere', 'bisogno', 'conquistare', 'ragazza', 'avere', 'cosa', 'fare', 'favore', 'dire', 'sembrare', 'favore', 'vestito', 'quadro', 'tipo', 'chitarra', 'sbagliare', 'profumo', 'vago', 'ripetere', 'vedere', 'film', 'pensare', 'anno']",13.68,7.36,5.71,7.25,3.76,10.78,9.809999999999999,14.419999999999998,aspettativa
h7sj4ep,27,21,"['potere', 'avere', 'coscienza', 'sentire', 'pensiero', 'dire', 'avere', 'certezza', 'stare', 'autentico', 'parlare', 'notizia', 'sfera', 'sperimentare', 'persona', 'sperimentare', 'persona', 'dire', 'reale', 'film', 'esempio']",8.77,3.61,3.8,4.7,3.0700000000000003,7.4,6.71,9.42,aspettativa
h7fy5ax,18,13,"['milanese', 'parte', 'trasmettere', 'film', 'pensare', 'sentire', 'tipo', 'fregare', 'dire', 'rotto', 'cazzo', 'cosa', 'genere']",3.24,3.83,3.5300000000000002,3.1500000000000004,2.37,2.880000000000001,3.33,4.49,aspettativa
h7fglhq,13,7,"['parlare', 'italiano', 'standard', 'usare', 'film', 'straniero', 'medio']",1.9100000000000001,1.63,1.22,1.42,0.8200000000000001,1.2100000000000002,1.3699999999999999,1.7,gioia
h72cwn5,14,8,"['indagine', 'processo', 'film', 'insegnare', 'lega', 'scegliere', 'soldo', 'parte']",2.33,1.42,1.19,1.9100000000000001,0.9900000000000001,2.0300000000000002,1.92,3.41,aspettativa
h6k6t2k,8,7,"['mentalità', 'medio', 'pensare', 'contrario', 'studiare', 'storia', 'film']",2.12,2.42,2.24,1.63,0.8699999999999999,1.4900000000000002,1.8,2.55,aspettativa
h6hm39e,39,31,"['stare', 'situazione', 'risposta', 'unico', 'spiegare', 'vedere', 'dire', 'coppia', 'perfetto', 'possibilità', 'equilibrio', 'fatto', 'frequentare', 'altro', 'persona', 'parlare', 'sfogare', 'ex', 'chiudere', 'relazione', 'genere', 'accettare', 'ragazza', 'stesso', 'compagnia', 'sentire', 'ex', 'condividere', 'film', 'messaggio', 'citare']",13.829999999999995,5.88,5.46,5.279999999999999,3.2399999999999998,11.829999999999997,8.85,13.710000000000003,gioia
h6gfhnh,25,20,"['avere', 'anno', 'film', 'distanza', 'guardare', 'documentario', 'guardare', 'stesso', 'casa', 'sapere', 'fare', 'ragazza', 'compagno', 'sapere', 'lavorare', 'compagno', 'ultimo', 'domanda', 'capitare', 'risposta']",8.54,4.66,3.21,4.420000000000001,1.69,7.63,5.99,9.679999999999998,aspettativa
h6gf5nn,29,26,"['rispondere', 'domanda', 'anno', 'avere', 'compagno', 'senso', 'guardare', 'film', 'documentare', 'fare', 'ragazza', 'vita', 'ragazzo', 'lavorare', 'ragazzo', 'cosa', 'fare', 'passato', 'ragazzo', 'prestare', 'servizio', 'volontario', 'ministero', 'difesa', 'ministero', 'interno']",9.809999999999999,3.9299999999999997,2.62,4.03,1.9400000000000002,9.51,5.69,12.88,aspettativa
h6geab2,24,16,"['paura', 'uomo', 'donna', 'animale', 'improbabile', 'escludere', 'pensare', 'avere', 'coscienza', 'sapere', 'esistere', 'avere', 'certezza', 'autentico', 'film', 'esempio']",7.37,4.2700000000000005,4.12,5.37,2.1500000000000004,6.4,5.49,8.290000000000001,aspettativa
h6clhbj,74,46,"['morire', 'vero', 'accusare', 'omicidio', 'causa', 'morte', 'conseguente', 'morte', 'causa', 'causa', 'morte', 'stesso', 'motivo', 'lavoro', 'dare', 'esempio', 'protezione', 'cadere', 'testa', 'bravo', 'morire', 'morire', 'altro', 'motivo', 'resto', 'supposizione', 'pretendere', 'pratica', 'medico', 'seguire', 'ragionamento', 'subire', 'conseguenza', 'fare', 'esempio', 'colpo', 'conseguenza', 'capire', 'film', 'polizia', 'dire', 'morte', 'trauma', 'corpo', 'cervello', 'picchiare']",11.110000000000003,15.709999999999996,13.829999999999997,16.279999999999998,7.33,12.679999999999998,11.299999999999997,16.219999999999995,paura
h5zc4pr,49,34,"['punto', 'basso', 'raggiungere', 'storia', 'immenso', 'vergogna', 'fare', 'conto', 'resto', 'bastare', 'vedere', 'carriera', 'interno', 'apparato', 'catena', 'comando', 'vero', 'indiscutibile', 'rendere', 'teatro', 'mattanza', 'visione', 'film', 'trattare', 'immagine', 'licenza', 'poetico', 'puro', 'semplice', 'sociale', 'testimonianza', 'sede', 'notte', 'giorno']",10.770000000000001,7.6899999999999995,5.59,6.87,3.0500000000000003,10.120000000000001,6.540000000000001,11.67,aspettativa
h5z7nej,49,34,"['punto', 'basso', 'raggiungere', 'storia', 'immenso', 'vergogna', 'fare', 'conto', 'resto', 'bastare', 'vedere', 'carriera', 'interno', 'apparato', 'catena', 'comando', 'vero', 'indiscutibile', 'rendere', 'teatro', 'mattanza', 'visione', 'film', 'trattare', 'immagine', 'licenza', 'poetico', 'puro', 'semplice', 'sociale', 'testimonianza', 'sede', 'notte', 'giorno']",10.770000000000001,7.6899999999999995,5.59,6.87,3.0500000000000003,10.120000000000001,6.540000000000001,11.67,aspettativa
h4gxvr8,46,43,"['avere', 'anno', 'credere', 'giovane', 'piacere', 'cinema', 'piacere', 'film', 'serie', 'anima', 'giapponese', 'fumetto', 'musica', 'importare', 'genere', 'forma', 'arte', 'presentare', 'tema', 'attualità', 'forte', 'sorta', 'discussione', 'legare', 'tema', 'trattato', 'vario', 'film', 'serie', 'partire', 'scena', 'canzone', 'passare', 'riflessione', 'personale', 'ragazzo', 'sapere', 'occhio', 'grande', 'proposta', 'sembrare', 'stupidaggine', 'idea']",19.26999999999999,9.54,7.95,9.809999999999999,3.5200000000000005,14.489999999999997,15.389999999999997,20.43,aspettativa
h23sy1f,12,9,"['storico', 'eccessivo', 'difendere', 'italiano', 'dare', 'potere', 'modo', 'intervenire', 'servire']",2.3800000000000003,1.8399999999999999,1.88,1.54,1.2000000000000002,2.12,1.71,2.83,aspettativa
h1i83aj,11,9,"['sapere', 'film', 'mentale', 'fare', 'momento', 'mettere', 'rappresentare', 'realtà', 'attuale']",3.67,2.6300000000000003,1.91,2.62,1.4,3.4099999999999997,2.87,4.21,aspettativa
gzdnv3e,365,270,"['fare', 'poco', 'confusione', 'trovare', 'accordo', 'società', 'momento', 'insostenibile', 'tecnologia', 'fondamentale', 'avvenire', 'trovare', 'accordo', 'futuro', 'sembrare', 'sembrare', 'letteratura', 'arte', 'ispirare', 'invenzione', 'umano', 'diventare', 'possibile', 'caso', 'rinascimento', 'provocare', 'impulso', 'progresso', 'enorme', 'rinascimento', 'svuotare', 'fabbrica', 'persona', 'arte', 'reddito', 'universale', 'porta', 'ispirare', 'nuovo', 'idea', 'invenzione', 'scegliere', 'anno', 'esempio', 'ritenere', 'punto', 'massimo', 'mondo', 'occidentale', 'capire', 'fare', 'panno', 'africano', 'morire', 'anno', 'fare', 'dolce', 'stile', 'vita', 'insostenibile', 'economia', 'massimo', 'storico', 'diseguaglianza', 'crescente', 'ridurre', 'minimo', 'termine', 'politica', 'credibile', 'esagerare', 'libertà', 'individuale', 'intaccare', 'clima', 'settembre', 'ottimismo', 'futuro', 'avere', 'tempo', 'legge', 'libro', 'conoscenza', 'datato', 'professore', 'catastrofe', 'ambientale', 'energia', 'solare', 'carbone', 'buono', 'mercato', 'sfida', 'ambientale', 'via', 'risoluzione', 'cosa', 'importante', 'anno', 'esistere', 'stare', 'mondo', 'reale', 'dire', 'volere', 'fisico', 'reale', 'provare', 'volta', 'vita', 'reale', 'vita', 'virtuale', 'privare', 'capire', 'sentito', 'dire', 'contrario', 'anno', 'sembrare', 'vita', 'reale', 'incollare', 'schermo', 'telefonino', 'parlare', 'distanza', 'sembrare', 'normale', 'normale', 'cosa', 'anno', 'anno', 'nonno', 'incollare', 'televisore', 'sostenere', 'vita', 'migliore', 'uomo', 'cacciatore', 'grande', 'parte', 'continuare', 'migliaio', 'anno', 'raccontare', 'film', 'impressione', 'anno', 'posto', 'misura', 'televisione', 'videogioco', 'stare', 'sbagliare', 'ricordare', 'passato', 'maniera', 'arrivo', 'punto', 'pensare', 'vita', 'passare', 'sedere', 'computer', 'conoscere', 'umano', 'vita', 'reale', 'fatto', 'incontrare', 'persona', 'mondo', 'avere', 'idea', 'simile', 'mio', 'anno', 'fatto', 'futuro', 'interazione', 'reale', 'preferire', 'spendere', 'tempo', 'obbligare', 'uscire', 'vicino', 'casa', 'libertà', 'venire', 'occhio', 'capacità', 'evoluzione', 'tecnologico', 'digitale', 'poco', 'fare', 'aiutare', 'usare', 'tecnologia', 'vero', 'miglioramento', 'condizione', 'umano', 'presente', 'nonno', 'odiare', 'persona', 'papà', 'odiare', 'dire', 'porta', 'disoccupazione', 'rimanere', 'utile', 'permettere', 'liberare', 'persona', 'vita', 'negozio', 'caricare', 'commissione', 'prodotto', 'attività', 'utile', 'finire', 'cervello', 'ingannare', 'futuro', 'parte', 'vita', 'mondo', 'virtuale', 'disegnare', 'misura', 'uomo', 'vivere', 'città', 'piccolo', 'appartamento', 'servire', 'tempo', 'ufficio', 'computer', 'facile', 'passato', 'normale', 'avere', 'paura', 'progresso', 'chiesa', 'bruciare', 'scienziato', 'medioevo', 'esperienza', 'vita', 'visione', 'mondo', 'diverso', 'credere', 'utile', 'andare', 'discutere', 'sperare', 'dare', 'altro', 'punto', 'vista']",108.54000000000012,62.77999999999999,50.24999999999997,61.67999999999998,32.53999999999996,101.42000000000007,78.32000000000002,127.25999999999995,aspettativa
gxilbeh,23,19,"['esistere', 'consistente', 'propaganda', 'fare', 'videogioco', 'film', 'serie', 'televisivo', 'articolo', 'saggio', 'storico', 'network', 'fare', 'buono', 'lavoro', 'propaganda', 'investire', 'miliardo', 'anno']",6.8,3.5700000000000003,3.7700000000000005,3.91,2.49,6.239999999999999,4.74,9.170000000000002,aspettativa
gx7dnvb,56,49,"['tempo', 'natura', 'prendere', 'cane', 'andare', 'fare', 'giro', 'spiaggia', 'bar', 'bere', 'caffè', 'amico', 'guardare', 'film', 'divertente', 'chiedere', 'aiuto', 'professionale', 'psicologo', 'avere', 'pensiero', 'avere', 'alto', 'basso', 'imparare', 'gestire', 'felicità', 'tristezza', 'cercare', 'stesso', 'lacrima', 'sorriso', 'tristezza', 'avere', 'paura', 'accettare', 'considerare', 'parte', 'spaventare', 'esistere', 'anno', 'migliore', 'peggiore', 'vita', 'cura', 'circondare', 'persona', 'amare', 'amare']",22.160000000000004,12.110000000000001,8.340000000000002,13.290000000000003,4.140000000000001,19.249999999999996,13.459999999999996,21.63,gioia
gx1xxkr,6,5,"['dire', 'noto', 'film', 'studio', 'porco']",1.5700000000000003,1.17,1.41,1.3299999999999998,1.38,1.25,1.63,2.14,aspettativa
gvwtkg3,84,64,"['cultura', 'giapponese', 'affascinare', 'anno', 'cartone', 'guerriero', 'cartone', 'fare', 'impazzire', 'bambino', 'epoca', 'perdere', 'interesse', 'cartone', 'giapponese', 'sopportare', 'esagerazione', 'personaggio', 'rapporto', 'maschio', 'femmina', 'fondo', 'verità', 'eccezione', 'studio', 'amare', 'tanto', 'opera', 'arte', 'film', 'animato', 'imparare', 'apprezzare', 'resto', 'cultura', 'pensare', 'videogioco', 'cartone', 'animato', 'resto', 'mondo', 'arrivare', 'scoprire', 'conclusione', 'sincero', 'domanda', 'giovane', 'favorevole', 'contrario', 'cultura', 'dire', 'cosa', 'superficiale', 'porgere', 'trarre', 'conclusione', 'pregiudizio', 'media', 'luogo', 'comune', 'nuovo', 'trend', 'fare', 'tirare']",27.22,13.019999999999998,10.589999999999998,11.679999999999996,6.06,20.839999999999993,19.50000000000001,28.099999999999998,aspettativa
gvh09k5,6,4,"['telegiornale', 'parlare', 'film', 'network']",1.4099999999999997,1.5,1.29,0.96,0.7000000000000001,1.05,0.9199999999999999,1.63,aspettativa
gvfvfms,9,8,"['uscire', 'film', 'suscitare', 'scandalo', 'film', 'costringere', 'persona', 'riflettere']",2.87,3.05,3.08,3.29,2.2800000000000002,1.1900000000000002,2.8200000000000003,2.8899999999999997,paura
gv6kfkk,70,53,"['privacy', 'avere', 'luogo', 'lavoro', 'lavoro', 'severo', 'luogo', 'lavoro', 'mettere', 'lavoro', 'lasciare', 'perdere', 'valanga', 'compilare', 'caso', 'aspettare', 'verificare', 'privacy', 'lavoratore', 'inutile', 'mettere', 'telecamera', 'inquadrare', 'dipendente', 'aprire', 'portafoglio', 'euro', 'contante', 'avere', 'ripresa', 'inquadrare', 'fare', 'dipendente', 'avvisare', 'modo', 'ovvio', 'telecamera', 'rischiare', 'cogliere', 'rubare', 'euro', 'contante', 'contratto', 'tempo', 'licenziare', 'piede', 'film', 'americano', 'chiamare', 'legale', 'migliaio', 'euro', 'euro']",13.409999999999997,12.469999999999995,11.459999999999997,13.469999999999999,5.760000000000001,14.779999999999994,11.499999999999995,21.150000000000002,aspettativa
guzt01j,11,6,"['fare', 'ripetere', 'film', 'propaganda', 'sembrare', 'ridicolo']",0.9899999999999999,1.7600000000000002,1.6199999999999999,1.62,1.2000000000000002,0.9099999999999999,1.4499999999999997,2.51,aspettativa
guzf7bk,15,12,"['versione', 'animare', 'fumetto', 'originale', 'fare', 'cagare', 'vedere', 'volta', 'film', 'consigliare', 'dare', 'occhiata']",5.82,1.8399999999999999,1.6600000000000001,1.46,1.1,3.58,3.7300000000000004,5.69,gioia
guz2m4w,15,12,"['scrivere', 'concetto', 'sinistra', 'sbagliare', 'parlare', 'sorgere', 'inizio', 'film', 'trovare', 'punto', 'parlare', 'personaggio']",5.07,2.6500000000000004,2.13,2.56,0.8599999999999999,3.76,3.58,5.3,aspettativa
guyzbdg,22,14,"['film', 'analizzare', 'comunismo', 'faccenda', 'comunismo', 'esistere', 'fantasma', 'epoca', 'scrivere', 'anno', 'attenzione', 'cantare', 'vittoria', 'esistere']",6.53,4.69,3.9299999999999997,5.64,2.6999999999999997,4.61,5.21,7.76,aspettativa
guyyuro,23,17,"['realtà', 'contrario', 'film', 'analizzare', 'comunismo', 'faccenda', 'resto', 'trattare', 'storia', 'propaganda', 'comunista', 'morire', 'sepolto', 'comunismo', 'esistere', 'fantasma', 'epoca']",3.5700000000000003,6.21,5.72,6.76,4.3,3.3200000000000003,4.46,5.8,paura
gtlrcn3,16,10,"['prendere', 'giro', 'sperare', 'ascoltare', 'proposta', 'straniero', 'online', 'guardare', 'film', 'capire']",4.42,2.09,1.79,2.54,1.6199999999999997,3.25,3.46,4.51,aspettativa
gtkneak,44,29,"['sapere', 'realtà', 'valere', 'pena', 'discutere', 'tribunale', 'altro', 'film', 'passato', 'notizia', 'vero', 'ridicolo', 'negare', 'cosa', 'sapere', 'punto', 'avere', 'dubbio', 'buono', 'fede', 'avere', 'negativo', 'positivo', 'capitare', 'capitare', 'inventare', 'merito', 'fare', 'simpatia']",11.57,7.5,5.6499999999999995,7.7700000000000005,2.8600000000000003,10.11,9.6,13.519999999999998,aspettativa
gtds4k6,42,8,"['riguardo', 'fan', 'sito', 'sapere', 'idea', 'film', 'film', 'spot']",3.65,1.37,0.99,1.21,0.61,2.74,3.0,3.5599999999999996,gioia
gt09inb,36,23,"['neonato', 'premio', 'sindacato', 'americano', 'interno', 'eleggere', 'migliore', 'realizzazione', 'cinema', 'lavoro', 'interno', 'figura', 'professionale', 'appartenere', 'categoria', 'categoria', 'vincere', 'categoria', 'vincere', 'categoria', 'vincere', 'categoria', 'vincere']",9.74,2.17,1.9900000000000002,1.6000000000000005,0.66,6.59,7.260000000000001,9.6,gioia
gsqfmqs,140,108,"['sapere', 'film', 'tempo', 'cercare', 'parcheggio', 'tempo', 'autobus', 'figurare', 'guardare', 'lasciare', 'stare', 'capire', 'persona', 'credere', 'avere', 'ragione', 'modo', 'aperto', 'idea', 'fornire', 'dare', 'ragionamento', 'risultare', 'fare', 'parlare', 'bravo', 'sembrare', 'modo', 'escluso', 'pensiero', 'aprire', 'nuovo', 'punto', 'vista', 'motivo', 'paese', 'adottare', 'stile', 'vita', 'culo', 'pesante', 'largo', 'genio', 'batteria', 'auto', 'colpo', 'utilizzare', 'volta', 'automobile', 'circolazione', 'contare', 'trasporto', 'risorsa', 'continuare', 'restare', 'contraddizione', 'fare', 'fronte', 'precedente', 'commento', 'interessare', 'continuare', 'considerare', 'complessità', 'realtà', 'sociale', 'alienazione', 'resto', 'ragione', 'rivoluzione', 'società', 'continuare', 'ignorare', 'apparenza', 'fattore', 'realtà', 'specie', 'culto', 'primo', 'criticare', 'paese', 'credere', 'parlare', 'dire', 'ultimo', 'cosa', 'servire', 'gente', 'fare', 'trovare', 'reale', 'soluzione', 'problema', 'fare', 'dire', 'altro', 'paese', 'migliore', 'affermazione', 'fare', 'bello', 'favore', 'piacere', 'persona', 'patria', 'affrontare', 'terra', 'problema']",37.109999999999985,19.729999999999993,17.550000000000004,21.859999999999992,10.119999999999997,38.129999999999995,27.590000000000018,49.22,aspettativa
gsau9yo,135,116,"['accordo', 'andare', 'migliorare', 'forte', 'spinta', 'ultimo', 'tempo', 'tema', 'generale', 'dire', 'casa', 'passare', 'elettrico', 'fare', 'direzione', 'spostamento', 'abituale', 'casa', 'lavoro', 'casa', 'facoltà', 'scuola', 'necessità', 'prendere', 'auto', 'portare', 'stesso', 'salvo', 'avere', 'bisogno', 'lavorare', 'portare', 'merce', 'iniziare', 'lavorare', 'servire', 'mezzo', 'pubblico', 'andare', 'giornata', 'brutto', 'auto', 'traffico', 'causare', 'stress', 'andare', 'motorino', 'cambiare', 'casa', 'spostare', 'città', 'iniziare', 'fare', 'preferire', 'perdere', 'tempo', 'viaggio', 'leggere', 'giocare', 'ascoltare', 'musica', 'guardare', 'film', 'stare', 'traffico', 'rischio', 'incidente', 'stress', 'spesa', 'tornare', 'città', 'cambiare', 'lavoro', 'continuo', 'usare', 'stesso', 'motivo', 'mezzo', 'pubblico', 'perfetto', 'capitare', 'saltare', 'corsa', 'capitare', 'stare', 'piede', 'caldo', 'capitare', 'senzatetto', 'fare', 'odore', 'capitare', 'ragazzino', 'cellulare', 'musica', 'palla', 'auto', 'spostamento', 'familiare', 'domanda', 'sbaglio', 'ultimo', 'anno', 'numero', 'vettura', 'giro', 'aumentare', 'media', 'vettura', 'guadagnare', 'centimetro', 'lunghezza', 'trovare', 'parcheggio', 'diventare', 'difficile']",41.699999999999996,26.139999999999972,23.219999999999995,28.590000000000007,10.739999999999995,33.74999999999998,33.04999999999998,50.619999999999976,aspettativa
gs3nvwf,19,15,"['pensare', 'anno', 'finire', 'discorso', 'limite', 'vedere', 'sembrare', 'conoscere', 'anno', 'film', 'guardare', 'pensare', 'verità', 'tipo', 'lavoratore']",6.32,4.58,3.63,4.1000000000000005,1.63,6.11,4.68,8.1,aspettativa
gs38guo,88,74,"['avere', 'anno', 'manco', 'uscire', 'scuola', 'lamentare', 'vita', 'fare', 'schifo', 'avere', 'problema', 'famiglia', 'serio', 'andare', 'lavorare', 'città', 'chilometro', 'turno', 'notturno', 'fare', 'schifo', 'fare', 'migliorare', 'mondo', 'migliorare', 'negativo', 'avere', 'anno', 'cercare', 'gioco', 'università', 'lavorare', 'libro', 'fare', 'soldo', 'facile', 'stare', 'vita', 'film', 'periodo', 'pensare', 'fare', 'festa', 'avere', 'anno', 'dire', 'limite', 'scopare', 'fare', 'schifo', 'avere', 'relazione', 'persona', 'età', 'volere', 'apprezzare', 'amare', 'difficile', 'trovare', 'persona', 'giusto', 'dire', 'periodo', 'sentire', 'aspetto', 'fare', 'rimanere', 'giocare', 'fare', 'cercare', 'capire', 'volere', 'difficile', 'sapere']",29.35999999999999,14.649999999999997,12.839999999999998,15.659999999999997,8.589999999999998,24.989999999999988,18.909999999999997,35.46999999999999,aspettativa
gs2m3ki,63,43,"['anno', 'peccato', 'passare', 'anno', 'tornare', 'percezione', 'avere', 'vivere', 'periodo', 'cultura', 'film', 'pensare', 'futuro', 'andare', 'avere', 'anno', 'sicurezza', 'credere', 'futuro', 'bisognare', 'lasciare', 'condizionare', 'vita', 'vita', 'pensare', 'inutile', 'prospettiva', 'mondo', 'grave', 'prevedere', 'eventuale', 'investire', 'ricerca', 'situazione', 'portare', 'opportunità', 'piangere', 'latte', 'tempo', 'bisognare', 'avere', 'trarre', 'meglio']",16.219999999999995,12.600000000000001,8.869999999999997,13.62,4.44,18.27,12.459999999999996,22.08,aspettativa
gs29arh,73,53,"['situazione', 'vivere', 'anno', 'dire', 'sorprendere', 'recuperare', 'futuro', 'adolescenza', 'legge', 'vietare', 'andare', 'discoteca', 'festa', 'chiamare', 'avere', 'anno', 'adolescenza', 'pensare', 'studiare', 'aiutare', 'famiglia', 'dare', 'fastidio', 'pensare', 'macchina', 'andare', 'fare', 'parere', 'risultato', 'arrivare', 'fare', 'stare', 'fare', 'bambino', 'discoteca', 'dire', 'stare', 'adolescenza', 'film', 'dire', 'divertito', 'finire', 'limite', 'età', 'perso', 'peggio', 'minacciare', 'vita', 'potere', 'sabato', 'sera', 'sembrare', 'esagerato']",21.699999999999996,15.549999999999997,13.18,15.509999999999998,8.52,17.94,15.849999999999996,26.040000000000006,aspettativa
grom1cd,18,13,"['risolvere', 'anno', 'anno', 'rimuovere', 'antenna', 'casa', 'piattaforma', 'film', 'serie', 'unico', 'cosa', 'servire', 'vedere']",4.8999999999999995,3.0599999999999996,1.83,2.12,0.95,3.8100000000000005,2.5300000000000002,4.94,aspettativa
gri1c04,28,2,"['auto', 'film']",0.75,0.45999999999999996,0.45999999999999996,0.59,0.16,0.21000000000000002,0.54,0.63,gioia
gr7qixi,19,14,"['ipotizzare', 'scatola', 'magico', 'fare', 'camion', 'mettere', 'scena', 'film', 'catastrofico', 'servizio', 'passare', 'livello', 'spiegazione', 'logico']",3.61,2.55,1.9000000000000001,2.45,0.9,2.8200000000000003,4.159999999999999,5.96,aspettativa
gqfk9sl,6,5,"['film', 'contento', 'ottenere', 'minimo', 'riconoscimento']",2.95,0.71,0.6199999999999999,0.45999999999999996,0.16,1.12,1.38,1.96,gioia
gq8zfmz,4,4,"['film', 'necessario', 'condizione', 'donna']",1.5799999999999998,0.8,0.9099999999999999,1.17,0.37,0.84,1.04,1.71,aspettativa
gq6rqip,28,25,"['primo', 'latino', 'lingua', 'cercare', 'parlare', 'latino', 'riuscire', 'usare', 'celebre', 'film', 'film', 'comico', 'medievale', 'pagina', 'libertà', 'pagina', 'comico', 'inventare', 'nuovo', 'partito', 'tornare', 're', 'servo', 'credere', 'prendere']",12.839999999999998,4.62,3.8600000000000003,4.489999999999999,1.8199999999999998,8.08,9.16,12.62,gioia
gp6qc46,12,8,"['causa', 'centinaio', 'film', 'serie', 'televisivo', 'protagonista', 'grande', 'donna']",2.38,0.9999999999999999,1.0799999999999998,1.2000000000000002,0.41000000000000003,1.5499999999999998,2.03,3.25,aspettativa
gp29tql,14,14,"['indicare', 'punto', 'preciso', 'contenere', 'offesa', 'mancanza', 'rispetto', 'tipo', 'propaganda', 'fare', 'telegiornale', 'film', 'serie', 'televisivo']",2.86,3.96,3.66,3.2,2.2,3.54,3.0700000000000003,5.08,aspettativa
gop3vil,1,1,['film'],0.58,0.42,0.29,0.42,0.12,0.04,0.42,0.42,gioia
gntuwbh,49,44,"['ritardo', 'realizzare', 'dittatura', 'gente', 'guardare', 'musica', 'nascosto', 'anno', 'nascere', 'comunismo', 'programma', 'film', 'italiano', 'film', 'italiano', 'generazione', 'imparare', 'italiano', 'ricordare', 'fare', 'vedere', 'film', 'conoscere', 'ricordare', 'vedere', 'film', 'infanzia', 'italiano', 'sapere', 'cantare', 'canzone', 'film', 'animato', 'albanese', 'vedere', 'albanese', 'dire', 'realizzare', 'successo', 'importanza', 'vecchio', 'piano', 'nuovo', 'fare']",21.750000000000004,12.170000000000003,8.53,11.889999999999997,5.450000000000001,12.969999999999994,13.209999999999996,18.929999999999993,gioia
gngyhsh,37,32,"['amare', 'rappresentare', 'vivo', 'estero', 'anno', 'prendere', 'giro', 'causa', 'classe', 'politico', 'sentire', 'giro', 'fare', 'gioco', 'nascondere', 'bullismo', 'lontananza', 'problema', 'reale', 'paese', 'amare', 'dire', 'perdere', 'treno', 'giorno', 'fare', 'film', 'mamma', 'perdere', 'aereo', 'quarto', 'stagione']",11.949999999999998,8.459999999999999,7.430000000000001,7.7299999999999995,2.99,9.420000000000002,8.38,13.010000000000003,aspettativa
gms1awm,17,11,"['categoria', 'italiano', 'inserire', 'documentario', 'canzone', 'colonna', 'sonoro', 'film', 'vita', 'trucco', 'film']",4.08,2.09,1.29,1.45,0.69,1.52,3.09,3.21,gioia
gmgd0uv,34,25,"['vedere', 'passare', 'finestra', 'casa', 'morire', 'diventare', 'odiare', 'favola', 'maledizione', 'terribile', 'diventare', 'figlio', 'sfilare', 'gridare', 'slogan', 'anno', 'diventare', 'volta', 'giusto', 'sera', 'grande', 'freddo', 'film', 'argomento', 'consigliare']",8.709999999999997,6.2,5.87,7.29,3.9800000000000004,6.550000000000001,6.2,10.809999999999999,aspettativa
glzfn1k,3,2,"['conoscere', 'film']",1.41,0.63,0.45999999999999996,0.6699999999999999,0.16,0.7100000000000001,1.0,0.96,gioia
glueigs,276,206,"['volta', 'regione', 'sbagliare', 'fare', 'calcolo', 'volta', 'toccare', 'tempo', 'piano', 'partire', 'marzo', 'annunciare', 'sanità', 'giorno', 'partire', 'mese', 'febbraio', 'rettificare', 'stesso', 'consigliere', 'regionale', 'corsa', 'carica', 'figuraccia', 'fare', 'consegnare', 'base', 'buono', 'parte', 'altro', 'regione', 'italiano', 'avviare', 'campagna', 'prossimo', 'settimana', 'seguente', 'partire', 'resto', 'paese', 'spiegare', 'cambio', 'piano', 'dire', 'precisazione', 'arrivare', 'governo', 'nuovo', 'previsione', 'consentire', 'andare', 'sequenza', 'parallelo', 'inoculazione', 'disponibile', 'caso', 'febbraio', 'guidare', 'operazione', 'chiamare', 'uomo', 'tornare', 'passo', 'falso', 'ospedale', 'mezzo', 'trasformare', 'marketing', 'politico', 'esibire', 'conferenza', 'stampa', 'azione', 'concreto', 'giornalista', 'ex', 'capo', 'protezione', 'civile', 'tenere', 'tono', 'promettere', 'milione', 'giugno', 'cosa', 'realizzare', 'persona', 'giorno', 'mese', 'arrivare', 'milione', 'inserire', 'fase', 'fare', 'avere', 'piano', 'esecutivo', 'mano', 'incertezza', 'dose', 'uomo', 'governare', 'protezione', 'civile', 'anno', 'grande', 'evento', 'campagna', 'importante', 'operazione', 'protezione', 'realizzare', 'capire', 'altro', 'regione', 'proclama', 'operazione', 'assumere', 'film', 'personaggio', 'vita', 'contribuire', 'risolvere', 'problema', 'paese', 'euro', 'svolgere', 'nuovo', 'ruolo', 'italiano', 'piacere', 'medico', 'infermiere', 'pensione', 'ultimo', 'ora', 'circolare', 'voce', 'via', 'produzione', 'impegnare', 'possibilità', 'azienda', 'regionale', 'azienda', 'ritenere', 'fattibile', 'segnalare', 'complessità', 'azienda', 'ritenere', 'possibile', 'dare', 'risposta', 'tempo', 'tecnico', 'necessario', 'opposizione', 'vedere', 'respingere', 'piano', 'linea', 'dare', 'indicazione', 'piano', 'indicare', 'contattare', 'anziano', 'struttura', 'utilizzare', 'personale', 'mettere', 'disposizione', 'ennesimo', 'volta', 'regione', 'evento', 'dire', 'consigliera', 'operazione', 'arrivare', 'momento', 'giusto', 'coprire', 'ennesimo', 'inefficienza', 'parlare', 'fatto', 'partire', 'mese', 'commentare', 'capogruppo', 'momento', 'sembrare', 'mancare', 'orizzonte', 'ascoltare', 'opposizione', 'medico', 'personale', 'sanitario', 'studente', 'restituire', 'presente', 'futuro', 'dire']",68.17000000000002,41.999999999999986,31.99999999999999,44.66999999999997,20.159999999999975,72.91000000000001,51.43,99.07999999999998,aspettativa
gll6j43,4,3,"['consiglio', 'film', 'fantastico']",1.83,0.45999999999999996,0.32999999999999996,0.59,0.12,1.54,1.42,1.96,aspettativa
glcn02l,26,20,"['caso', 'problema', 'mentalità', 'film', 'videogioco', 'eroe', 'solitario', 'risolvere', 'realtà', 'difficoltà', 'stare', 'chiedere', 'aiuto', 'assassino', 'donna', 'fatto', 'donna', 'vedere', 'oggetto', 'persona']",6.95,5.0,5.03,5.630000000000001,2.52,6.26,5.95,8.72,aspettativa
gjxvek7,4,4,"['bello', 'sembrare', 'scena', 'film']",1.7399999999999998,0.58,0.6199999999999999,0.63,0.16,0.5399999999999999,2.09,2.13,aspettativa
gjbrj31,7,6,"['ricordare', 'film', 'processo', 'intento', 'storico', 'accusare']",1.83,2.33,1.58,2.29,1.37,1.46,2.04,2.42,aspettativa
gj1g261,252,11,"['guida', 'style', 'coma', 'concept', 'news', 'opera', 'bastardo', 'web', 'pasta', 'sapere', 'set']",3.66,1.9500000000000002,2.5,2.0,1.33,2.5799999999999996,2.8800000000000003,4.79,aspettativa
ginsyub,5,3,"['scenario', 'film', 'bello']",1.6199999999999999,0.45999999999999996,0.29,0.54,0.12,0.5,1.42,1.58,gioia
gich4q4,39,29,"['ciao', 'unico', 'link', 'riuscire', 'trovare', 'funzionare', 'resto', 'scrivere', 'unico', 'cosa', 'segnalare', 'dire', 'altro', 'posto', 'altro', 'posto', 'dire', 'chiedere', 'parte', 'usare', 'mostrare', 'altro', 'cosa', 'fare', 'gratuito', 'scaricare', 'film', 'link', 'andare']",11.199999999999998,4.55,4.130000000000001,5.390000000000001,2.5600000000000005,7.91,8.81,12.399999999999995,aspettativa
ghpkdcg,48,42,"['anima', 'esistere', 'anima', 'uscire', 'corpo', 'momento', 'morte', 'andare', 'risposta', 'religione', 'andare', 'altro', 'corpo', 'andare', 'mondo', 'cristianesimo', 'gestire', 'anima', 'dio', 'sorta', 'energia', 'gestire', 'universo', 'film', 'energia', 'gestire', 'vita', 'anima', 'esistere', 'coscienza', 'morire', 'cervello', 'emozione', 'dare', 'reazione', 'chimico', 'avvenire', 'cervello', 'animale', 'vivo', 'avere', 'anima']",19.270000000000003,10.910000000000004,10.62,13.799999999999999,6.430000000000001,15.44,12.03,18.189999999999998,gioia
