comment_id,n_tokens_total,n_tokens_matched,tokens_matched,gioia,tristezza,rabbia,paura,disgusto,fiducia,sorpresa,aspettativa,dominant_emotion
kfrn9t4,8,6,"['vedere', 'film', 'informatico', 'trovare', 'messaggio', 'potenziale']",4.109794574544158,1.913419320607579,1.8329423779556997,2.366420334102762,1.3663297761028497,4.020534782755822,4.05064751209915,4.498198940630657,aspettativa
kfrlsaj,34,26,"['vedere', 'dire', 'cosa', 'anno', 'difficile', 'mondo', 'cattivo', 'volta', 'presidente', 'repubblica', 'fare', 'discorso', 'profondo', 'netto', 'schifo', 'realtà', 'trovare', 'discorso', 'vedere', 'italiano', 'sembrare', 'vedere', 'film', 'tipo', 'classico', 'battuta']",14.571813133511949,11.274962405907697,10.99052859581835,12.149144486327991,9.265890120459703,15.173172346553523,15.388062339113924,16.902960247296637,aspettativa
kfrlcy0,134,107,"['legge', 'italiano', 'ultimo', 'opera', 'leggere', 'avere', 'pazienza', 'provare', 'leggere', 'preferire', 'leggere', 'inglese', 'autore', 'originale', 'avere', 'poco', 'lingua', 'amare', 'fare', 'gioco', 'usare', 'modo', 'parlare', 'locale', 'frase', 'dialogo', 'avere', 'inglese', 'rischiare', 'perdere', 'sfumatura', 'italiano', 'togliere', 'storia', 'avere', 'titolo', 'consigliare', 'partire', 'serie', 'carità', 'scrivere', 'perdere', 'primo', 'contratto', 'primo', 'libro', 'serie', 'trovare', 'noia', 'mortale', 'dare', 'uscire', 'film', 'serie', 'altro', 'opera', 'stesso', 'effetto', 'consigliare', 'considerare', 'livello', 'ultimo', 'opera', 'primo', 'lavoro', 'primo', 'opera', 'mettere', 'scena', 'idea', 'caro', 'prezzo', 'pagina', 'scena', 'sapere', 'extra', 'contenuto', 'abbondante', 'considerare', 'vedere', 'opera', 'punto', 'vista', 'psicologico', 'famoso', 'genere', 'aspettare', 'shock', 'assurdo', 'generazione', 'attuale', 'lettura', 'opera', 'primo', 'venire', 'fare', 'descrizione', 'omicidio', 'scena', 'forte', 'normale', 'serie', 'esplorare', 'piacere', 'piacere', 'esperienza', 'narrativo']",66.2373904967728,39.79389525242083,38.40552959157216,42.69277268123544,27.222451336197974,65.38720703320672,67.9086735624034,75.02771575098271,aspettativa
kfriclg,2,2,"['birra', 'anno']",1.4656102597426184,0.5198819454695848,0.3304132794523449,0.5187699026459661,0.3456911057409327,1.0556023602303648,0.8942661485148453,1.0970399171752843,gioia
kfrasfz,6,5,"['film', 'carino', 'andare', 'disco', 'amico']",4.0060539606745476,1.521117370995757,1.252540736826914,1.7462406349405195,0.8584723239136419,3.0403752962751556,3.419997105851784,3.3209046210302504,gioia
kfrahfl,5,5,"['litigare', 'amico', 'vedere', 'film', 'carino']",3.425626698311691,2.0520196027006845,2.1514299609044727,2.1436400129465363,1.53072723118734,2.7903739301223562,3.1123312085238197,3.020929768970152,gioia
kfr6i7k,8,6,"['riguardare', 'film', 'buono', 'sera', 'vedere', 'ragazzo']",4.196625654445176,2.3604243562650087,2.0232872314961208,2.859810277243768,1.698214289757327,3.5833139118505963,3.3682875090626534,3.8534256761731465,gioia
kfr68tx,17,15,"['super', 'deprimente', 'resto', 'anno', 'grandioso', 'vedere', 'film', 'ascoltare', 'musica', 'cambiare', 'lavoro', 'anno', 'sereno', 'bello', 'conclusione']",10.16621214947107,6.292510762924177,5.588082545813697,6.486107034587258,4.063936017201766,8.872977139415,9.501785335885508,10.269821499488536,aspettativa
kfr2y21,30,22,"['momento', 'casa', 'cazzo', 'attesa', 'mezzanotte', 'fare', 'ennesimo', 'casa', 'anno', 'stare', 'rompere', 'minchia', 'ultimo', 'ricordare', 'passare', 'cinema', 'bello', 'guardare', 'film', 'momento', 'rimproverare', 'proporre']",12.86619123408895,11.345941281177856,10.783407821241914,10.738560143160742,7.33755300169611,11.618086523540654,13.893024305282887,13.170466559165396,sorpresa
kfr1tvh,26,22,"['vacanza', 'natale', 'durare', 'giustificare', 'compito', 'vacanza', 'tipo', 'esercizio', 'croce', 'libro', 'leggere', 'giusto', 'staccare', 'poco', 'ammettere', 'leggere', 'libro', 'andare', 'leggere', 'guardare', 'film', 'giorno']",13.30923168405598,9.985938623377743,8.459146527060021,9.920412246515898,6.7260066271763606,13.432869819679334,13.372509858588357,15.0518711278554,aspettativa
kfqzvf0,36,28,"['ciao', 'cinema', 'trovare', 'scelta', 'coraggioso', 'meraviglioso', 'film', 'momento', 'stesso', 'emozione', 'ricordare', 'festa', 'luminoso', 'rumoroso', 'volta', 'tranquillità', 'buono', 'storia', 'grande', 'schermo', 'modo', 'migliore', 'dare', 'benvenuto', 'nuovo', 'anno', 'speciale', 'luce']",19.892010782992397,8.724518384059351,8.552569317885759,10.42441413299485,5.999697037558709,17.926192818312977,18.692147187335838,19.041884533877813,gioia
kfqtxnf,7,7,"['incredibile', 'film', 'meritare', 'visione', 'sala', 'rimpiangere', 'dire']",4.244470821108167,3.738968141762917,3.5006272611760356,3.516336150626349,2.402953914683536,3.7435895588833534,4.433153911142886,4.541573687943166,aspettativa
kfqtb7d,4,3,"['legittimo', 'film', 'scegliere']",2.0322451381213105,1.4038017076472091,1.146324931320477,1.4977934346274608,0.8391123567884873,1.9324915637940827,1.9292620458031808,2.1693970682926658,aspettativa
kfqsb6h,3,2,"['film', 'iniziare']",1.5375725625010155,0.9146020764690269,0.7471986901140226,1.105446642921895,0.5457928292137786,1.2501913842877903,1.3293930156802811,1.5037566680972434,gioia
kfqsanw,58,4,"['re', 'radio', 'bit', 'radio']",2.9429612653396426,1.2503708169302112,1.5455807862402966,1.4128889671499558,1.183451269704829,2.6132842453804166,2.4658456069160883,2.8006903608548495,gioia
kfqryaf,15,13,"['lavorare', 'cinema', 'sfigato', 'proiettare', 'film', 'cinema', 'provincia', 'odiare', 'alba', 'anno', 'capire', 'amico', 'film']",7.998480002508412,6.934646988113541,5.779739748764811,6.203473944119417,4.959081388594884,6.603788343467732,7.764148361935693,7.96793240351397,gioia
kfqq1vk,1,1,['film'],0.7009394218798187,0.6037802010294635,0.5345885174222281,0.6494568413132021,0.3737923279363268,0.4010549434443897,0.7352342179409509,0.61272349552629,sorpresa
kfqp4o0,4,4,"['peccato', 'film', 'ambientare', 'anno']",2.0785572294542702,1.9989842048231639,1.835638290186022,2.3521090412414942,1.4761737618281443,2.162740734052316,2.566683628535724,2.6653987307261935,aspettativa
kfqnl0l,10,8,"['senso', 'solito', 'film', 'cattivo', 'bisognare', 'salvare', 'situazione', 'maniera']",3.8698174336954043,3.835230752659908,3.6213623151945358,4.333994349979445,2.834583459198307,3.9277013523608075,5.379091712922001,4.5248432489985255,sorpresa
kfqlnf8,39,33,"['dire', 'giorno', 'sentire', 'giorno', 'festa', 'stesso', 'orribile', 'televisione', 'film', 'pubblicità', 'trattare', 'affetto', 'famiglia', 'trovare', 'ombra', 'tenere', 'compagnia', 'abbraccio', 'tenerezza', 'ombra', 'solitudine', 'odiare', 'festa', 'fare', 'albero', 'presepe', 'odiare', 'avere', 'vivere', 'avere', 'amico', 'cercare', 'pensare']",20.626974695089345,13.484174842519067,12.101637475912515,14.682418936157362,9.935191020227942,20.47283945901731,18.504766256232767,20.963035163878658,aspettativa
kfqh5ub,40,27,"['grande', 'gene', 'musicale', 'tempo', 'ridere', 'pensare', 'simile', 'gente', 'avere', 'creatività', 'capace', 'creare', 'pezzo', 'musica', 'classico', 'film', 'sfilata', 'stesso', 'gente', 'mestiere', 'fare', 'pagare', 'bolletta', 'album', 'produrre', 'album', 'costruire']",17.46958082965339,9.400545664600468,8.867272713239506,10.398665845799101,6.695977815437365,17.920289871424863,16.80960193708273,19.15799743075345,aspettativa
kfqfo4n,8,4,"['film', 'fine', 'serie', 'film']",2.2832417904723727,2.347457503795763,1.9852253970375955,2.3322273670166545,1.3615040504785376,1.7776038060253172,2.5758850581367208,2.477309207618029,sorpresa
kfqcyeu,6,5,"['film', 'avere', 'sala', 'scegliere', 'peggiore']",3.0130641410462005,2.4202487859474235,2.288623660170683,2.7087102636369083,1.7438965011592127,2.47482015199229,2.879532598580556,3.0814359093211707,aspettativa
kfqcqz1,4,4,"['film', 'ala', 'libertà', 'vedere']",2.7426052072030114,1.3139255318195253,1.3318098666665599,1.8950080526121784,0.9732969954918105,2.2910227448470764,2.558142606625766,2.4175018263936487,gioia
kfqa0qh,3,3,"['bellissimo', 'film', 'vedere']",2.4619868819648696,1.1736765944118526,1.025526866135068,1.1888453152759433,0.7777166829219351,1.8709048279901548,2.0017677502920033,2.138731037116978,gioia
kfq9bfr,1,1,['film'],0.7009394218798187,0.6037802010294635,0.5345885174222281,0.6494568413132021,0.3737923279363268,0.4010549434443897,0.7352342179409509,0.61272349552629,sorpresa
kfq97ju,25,19,"['aspettare', 'euro', 'euro', 'fare', 'colazione', 'pranzo', 'avere', 'ora', 'mezzo', 'film', 'finire', 'ritorno', 'fare', 'uscire', 'cane', 'sperare', 'impazzire', 'buono', 'notte']",12.667122342717086,6.770756513452837,6.565147212487021,8.025705190480185,4.926372355806381,12.213498517229388,11.010891704275926,13.23203962794971,aspettativa
kfq93me,36,31,"['pazienza', 'parlare', 'produzione', 'tipo', 'cinema', 'americano', 'scarso', 'conoscenza', 'fenomeno', 'mafioso', 'motivo', 'successo', 'ottenere', 'romanzo', 'film', 'stesso', 'scrittore', 'nascere', 'famiglia', 'originario', 'guerra', 'mondiale', 'considerare', 'scrivere', 'film', 'cambiare', 'protagonista', 'ruolo', 'principale', 'mescolare', 'carta']",19.798864554522545,13.24302627130937,12.113909358807787,13.397810621459687,9.14779069122637,18.42317659504653,18.455003367703224,20.024752619773828,aspettativa
kfq68rf,25,20,"['aspettare', 'fratello', 'tornare', 'casa', 'cenare', 'fare', 'andare', 'guardare', 'salotto', 'avere', 'amico', 'aspettare', 'giocare', 'online', 'sapere', 'film', 'pensare', 'incuriosire', 'sapere', 'sembrare']",13.890204543335587,7.474437225219432,6.808972618147582,8.096243970960328,4.8112548766309695,14.063521545902503,13.448680014696551,14.838036174933062,aspettativa
kfq5dis,2,1,['film'],0.7009394218798187,0.6037802010294635,0.5345885174222281,0.6494568413132021,0.3737923279363268,0.4010549434443897,0.7352342179409509,0.61272349552629,sorpresa
kfq4tdu,28,21,"['cinema', 'cinema', 'scegliere', 'spettacolo', 'mezzanotte', 'guardare', 'film', 'buio', 'sala', 'isolato', 'mondo', 'film', 'finire', 'scoppiare', 'fastidioso', 'cosa', 'bello', 'vedere', 'fuoco', 'fare', 'vedere']",13.188188791652715,9.78436413151759,9.287676077988168,10.459946936618998,7.072303671955842,10.64955749348961,12.730997695144982,12.984864961630423,gioia
kfq3ioa,4,4,"['vedere', 'persona', 'film', 'aspettare']",2.618342028486022,1.8925533039740081,1.8924423471619332,2.2134220715463124,1.5577828043797242,2.5428045433349524,2.7141703998648934,2.7171866406273946,aspettativa
kfq2oos,4,4,"['unico', 'problema', 'vedere', 'film']",2.6505591090648455,1.8643173746311246,1.8537925143975125,1.9310770046938939,1.2008546113948246,2.094829175472312,2.454733101877698,2.540979872645093,gioia
kfq2k02,27,17,"['cenare', 'casa', 'compagna', 'gatto', 'film', 'aspettativa', 'interazione', 'sociale', 'anno', 'celebrare', 'compagnia', 'costo', 'voglia', 'palla', 'casa', 'avere', 'rimproverare']",11.957199442678641,6.198234330232071,5.805453811766024,6.513055467834366,3.766379046819215,11.43314683722489,10.135381757757143,11.589241091101032,gioia
kfq0git,7,5,"['peggiore', 'salvare', 'film', 'rappresentazione', 'mafia']",2.1979817267510593,2.868285245938163,2.79368624486702,2.8458762133729545,2.451836243813486,2.3032479608748826,2.7789893329804993,2.713731818707765,tristezza
kfpyopt,5,5,"['parte', 'film', 'merda', 'avere', 'invidia']",2.2791776274467868,2.6587711220911103,3.118401408513944,2.9253497210186996,2.569184065146094,2.048137705546878,3.150582743371892,2.4713157983940137,sorpresa
kfpy79e,6,4,"['vedere', 'film', 'fare', 'schifo']",2.261251264100618,1.271985519414566,1.4257033315270364,1.3447313887842585,1.7086248454082607,1.86908209108174,2.117194110944514,2.283119724302811,aspettativa
kfpwu6m,11,8,"['alternativa', 'interessante', 'dire', 'film', 'ultimo', 'cinema', 'sala', 'piccolo']",4.935163328418607,3.2968596197956486,2.9712186187609007,3.6198908448605978,2.1406876766905722,3.691662239326649,4.992310303758257,4.598207505859827,sorpresa
kfpsqjg,13,10,"['beh', 'vedere', 'film', 'merda', 'andare', 'vedere', 'migliore', 'film', 'anno', 'dubbio']",5.987282527368583,4.433163030085763,4.22107643414946,4.195416810548618,3.354026611039559,5.4514446920646655,5.951613065712281,6.566108340967176,aspettativa
kfpdh6n,35,28,"['fare', 'fare', 'risata', 'venire', 'vita', 'vero', 'dirigente', 'tizio', 'vivere', 'dirigere', 'funzione', 'persona', 'maggioranza', 'comporre', 'italiano', 'vedere', 'figlia', 'andare', 'comprendere', 'italiano', 'concetto', 'lealtà', 'mafioso', 'secolo', 'scorso', 'tentativo', 'film', 'fare']",17.14442829512691,9.310786115415631,8.640547435067605,10.077798082701726,6.857864892283922,18.3535226308903,14.540531471476765,18.887419733265617,aspettativa
kfp2m2q,19,14,"['tratto', 'diverso', 'isolamento', 'conseguenza', 'raro', 'depressione', 'severo', 'termine', 'stesso', 'legare', 'genere', 'film', 'fumetto', 'donna']",6.331178269146685,6.616584538081427,5.72947122994846,7.788913417834104,4.653576558623367,7.260322206813104,7.929312327999822,8.039204014190496,aspettativa
kfp1f4e,42,35,"['persona', 'grado', 'gestire', 'noia', 'vivere', 'film', 'scena', 'noioso', 'tagliare', 'esistere', 'ignorare', 'sforzo', 'conseguenza', 'dovuto', 'liberare', 'persona', 'valido', 'perso', 'anno', 'stasera', 'divertito', 'continuare', 'lavorare', 'futuro', 'conto', 'ragione', 'piantare', 'dare', 'piantare', 'telefono', 'scherzare', 'anno', 'fare', 'perdere', 'tempo']",19.019402091669726,16.133790699207342,13.961965605892983,16.17351652098429,10.181663854365073,21.612880793876244,20.4221128901049,24.05029796110156,aspettativa
kfovj7g,79,66,"['torto', 'ragazza', 'anno', 'avere', 'emotivo', 'forte', 'ritrovare', 'situazione', 'difficile', 'vedere', 'debole', 'fragile', 'dare', 'rimettere', 'continuare', 'strada', 'perdere', 'credere', 'frase', 'film', 'esperienza', 'personale', 'osservare', 'persona', 'conoscere', 'arrivare', 'conclusione', 'parte', 'caso', 'uomo', 'diventare', 'vedere', 'compagna', 'mamma', 'sapere', 'prendere', 'avere', 'direzione', 'vita', 'ritrovare', 'single', 'peggiore', 'caso', 'ritrovare', 'crescere', 'figlio', 'dire', 'emotivo', 'tanto', 'dimostrare', 'risolvere', 'situazione', 'donna', 'piacere', 'connessione', 'emotivo', 'piacere', 'ascoltare', 'momento', 'problema', 'mano', 'ragazza', 'compagna', 'moglie', 'vedere', 'tirare']",41.898186710082165,26.908128836275854,27.058969852964196,31.21490149365042,20.03941453540331,42.82708556457684,42.71150294148096,44.17135786112756,aspettativa
kfot2rd,136,104,"['festa', 'mettere', 'ansia', 'sacco', 'persona', 'convenzione', 'sociale', 'volere', 'forza', 'divertire', 'stare', 'avviso', 'pensare', 'passare', 'parte', 'vita', 'famiglia', 'locale', 'amico', 'volta', 'mettere', 'disagio', 'cosa', 'sembrare', 'faccia', 'fatto', 'amico', 'ragazza', 'festeggiare', 'avere', 'anno', 'dire', 'festa', 'importare', 'cosa', 'saggia', 'fare', 'amicizia', 'agio', 'stare', 'stesso', 'significare', 'passare', 'casa', 'guardare', 'film', 'venire', 'sera', 'partecipare', 'organizzato', 'casa', 'amico', 'dire', 'persona', 'disagio', 'parte', 'serata', 'allegro', 'ballare', 'fare', 'matto', 'intendere', 'persona', 'opposto', 'bere', 'cosa', 'causare', 'livello', 'salute', 'timido', 'tipo', 'pista', 'fare', 'matto', 'piacere', 'cosa', 'fatto', 'amico', 'aggiungere', 'avere', 'livello', 'confidenza', 'intimo', 'gruppo', 'amico', 'anno', 'raccontare', 'desiderare', 'casa', 'divano', 'guardare', 'bello', 'film', 'avere', 'ansia', 'sapere', 'guardare', 'orologio', 'sperare', 'passare', 'mezzanotte', 'chiudere', 'serata', 'passare']",68.24905835946403,39.92587228808356,34.66432511356536,44.97527059422186,27.929394455439514,68.22233722339969,65.402479415767,71.87579291455593,aspettativa
kfopnqi,63,46,"['stare', 'uomo', 'avere', 'bisogno', 'crollare', 'credere', 'dare', 'poco', 'contesto', 'anno', 'persona', 'emotivo', 'razionale', 'trovare', 'esperienza', 'nuovo', 'ritrovare', 'emotivo', 'spiegare', 'conoscere', 'stesso', 'giorno', 'lato', 'bello', 'frase', 'film', 'lasciare', 'tempo', 'trovare', 'ragazza', 'volta', 'anno', 'conoscenza', 'avere', 'momento', 'dire', 'buono', 'grado', 'critica', 'utile', 'tornare', 'forte', 'stabile', 'guardare', 'futuro', 'adulto']",28.175271310435193,19.52645470239364,17.411112745366808,22.05690938387585,12.517286210968365,30.68069247928628,28.86159746389007,32.27676570379773,aspettativa
kfoofsb,59,42,"['dire', 'paura', 'tradire', 'volere', 'tradire', 'motivo', 'geloso', 'dire', 'stare', 'perdere', 'interesse', 'messaggio', 'mandare', 'vita', 'vuoto', 'fidare', 'relazione', 'morire', 'paura', 'vedere', 'avere', 'paura', 'perdere', 'romantico', 'film', 'realtà', 'avere', 'opzione', 'ultimo', 'spiaggia', 'disperazione', 'anonimo', 'ragazzo', 'scopare', 'vedere', 'succedere', 'mandare', 'gente', 'caso', 'modo', 'fidare', 'fine']",21.366460938842994,19.933600074887934,19.42248560993718,21.598079356147608,14.233221933874898,23.527650718866443,24.799244548841063,25.61914265754337,aspettativa
kfonjny,17,10,"['problema', 'amico', 'entrare', 'notte', 'inutile', 'fare', 'bello', 'casa', 'bello', 'film']",6.377806801666349,3.8468681029845726,3.693518055841147,4.144823774096576,2.2150802348842777,5.699698031760225,6.550795522819708,6.552433980169993,aspettativa
kfomcua,23,18,"['certa', 'gente', 'mancare', 'cultura', 'parte', 'individuare', 'turista', 'ragazzo', 'ragazzo', 'film', 'zombie', 'italiano', 'finire', 'mettere', 'anello', 'ragazza', 'mettere', 'paio']",11.25836092067841,7.0448707339190975,6.328947137316807,6.7985896049956045,4.983238918322835,11.381552473786638,10.969741750248124,11.78694705620336,aspettativa
kfomc19,68,51,"['evento', 'tipo', 'roba', 'disegno', 'parlare', 'disegno', 'riguardare', 'interesse', 'politico', 'vedere', 'duro', 'film', 'politico', 'rappresentare', 'modo', 'vedere', 'società', 'vedere', 'comico', 'personaggio', 'rappresentare', 'visione', 'venire', 'teatro', 'fare', 'incontro', 'pubblico', 'comico', 'uscire', 'trovare', 'scusa', 'esterno', 'evento', 'servire', 'pretesto', 'organizzare', 'cena', 'gruppo', 'amico', 'dire', 'amica', 'inventare', 'scusa', 'locale', 'accettare', 'cosa', 'rosa', 'amico', 'trovare', 'motivo', 'uscire']",32.37512130597462,19.78041819882715,19.881418060911408,21.827730885468323,15.044506523828005,31.56165131605887,32.38976798473913,35.55566715394619,aspettativa
kfoie41,9,7,"['film', 'animato', 'strano', 'chiamare', 'roba', 'dimenticare', 'dio']",3.5853754510210423,3.3546713582458936,3.303354434009625,3.544121547629425,2.6774537673189824,3.389005597066695,4.083173450275247,3.5242444398724118,sorpresa
kfoeu3o,5,5,"['dire', 'rendere', 'felice', 'film', 'top']",3.704794947674926,1.8462887244405357,1.5545886892924468,1.8668649754278608,1.2355968051247794,3.2667472597665625,3.2222629208364593,3.6133686898627904,gioia
kfoeqz0,5,3,"['consigliare', 'film', 'primo']",2.1511152238412854,1.2273418708565318,1.1433413498008544,1.307049609553291,0.7432114616889183,1.8435332560363127,1.9567871946585167,2.224182996584221,aspettativa
kfodzqa,54,36,"['problema', 'persona', 'super', 'controllo', 'parte', 'potente', 'chimico', 'volta', 'incontro', 'discorso', 'banale', 'evitare', 'lavoro', 'pensione', 'animale', 'gossip', 'locale', 'successo', 'personale', 'cosa', 'serio', 'tipo', 'finire', 'auto', 'attenzione', 'evitare', 'auto', 'elettrico', 'inquinamento', 'musica', 'film', 'meteo', 'clima', 'evento', 'cosa', 'tipo']",20.147035262827746,18.243860063151644,17.908361400993254,19.929713164793213,14.39323995778764,20.092054359770028,22.998465218148915,23.062340484050853,aspettativa
kfo9zdl,46,33,"['pensare', 'parente', 'differenza', 'vivere', 'avvocato', 'popolo', 'costituzione', 'dare', 'ragione', 'fare', 'festa', 'poliziotto', 'vedere', 'vario', 'club', 'ballare', 'storia', 'volta', 'pericoloso', 'casa', 'film', 'aggredire', 'figlia', 'allargare', 'giovane', 'vecchio', 'stare', 'compreso', 'moglie', 'giovane', 'avere', 'soggetto', 'fragile']",20.887494852052146,12.545934256503122,13.072401019842884,15.614770399510254,8.732856745823451,21.61483157010873,20.322587776148776,22.22447964649576,aspettativa
kfmnw1o,15,10,"['legge', 'frase', 'bello', 'film', 'francese', 'colonna', 'sonoro', 'recente', 'sdoganare', 'divulgare']",6.105577301116108,3.0816085309763124,3.0644174762700915,3.5458017959901524,2.415376519514772,6.2775524310438175,6.044600671927737,6.8015819709026895,aspettativa
kfml0rl,215,170,"['andare', 'liceo', 'stare', 'ragazza', 'stesso', 'classe', 'livello', 'culturale', 'compagno', 'includere', 'basso', 'potere', 'considerare', 'ragazzo', 'completo', 'senso', 'sembrare', 'vivente', 'fare', 'esempio', 'secchione', 'classe', 'incapace', 'ragazzino', 'carino', 'bello', 'bello', 'fare', 'prezioso', 'avere', 'personalità', 'piatto', 'finta', 'ricordare', 'nome', 'parlare', 'avere', 'idea', 'fare', 'santo', 'giorno', 'mese', 'integrare', 'pessimo', 'stima', 'fine', 'avere', 'momento', 'felicità', 'chiedere', 'assenza', 'andare', 'avere', 'fine', 'popolare', 'ricercare', 'strano', 'incredibile', 'confronto', 'tempo', 'buono', 'rapporto', 'ragazza', 'impossibile', 'avere', 'comunicazione', 'storia', 'finire', 'arrivare', 'sesto', 'mese', 'voto', 'avere', 'preoccupazione', 'esclusione', 'arrivare', 'felicità', 'scena', 'film', 'squallido', 'pensiero', 'inutile', 'concentrare', 'sentimento', 'persona', 'potere', 'riconoscere', 'istante', 'successivo', 'provare', 'felicità', 'momento', 'rendere', 'conto', 'felicità', 'dare', 'creare', 'spazio', 'ansia', 'resto', 'felicità', 'pensiero', 'percezione', 'ricordare', 'pensare', 'dolore', 'incertezza', 'dolore', 'agganciare', 'realtà', 'cosa', 'sensazione', 'andare', 'bisogno', 'fine', 'sembrare', 'incertezza', 'ritenere', 'positivo', 'tentare', 'ritrovare', 'felicità', 'analizzare', 'facile', 'ottenere', 'raggiungere', 'livello', 'lato', 'tenere', 'piacere', 'sperimentare', 'felicità', 'vero', 'fare', 'sentire', 'vivo', 'felice', 'momento', 'triste', 'piacevole', 'caso', 'felicità', 'presente', 'altro', 'momento', 'provare', 'gioia', 'vedere', 'emozione', 'felicità', 'particolare', 'emozione', 'difficile', 'provare', 'personale', 'esperienza', 'parte', 'volta', 'sentire', 'contentezza', 'soddisfazione', 'gratitudine', 'seguito', 'volontario', 'felicità', 'dire', 'provare', 'felicità', 'volta', 'parere']",105.2528159611956,65.89768131836625,62.852387703656674,73.75892989302426,48.281512637091,107.47852573691705,107.79196900526922,115.44973712171617,aspettativa
kfm0yxd,5,5,"['cena', 'casa', 'bello', 'film', 'stare']",4.006792542168297,1.764206884833293,1.4973635169045518,1.7745118901232173,1.1046913746959492,3.1956748205705736,3.4478093200964093,3.5412673111137396,gioia
kflts3d,7,7,"['ultimo', 'anno', 'riguardare', 'film', 'consigliare', 'fare', 'piacere']",3.9387266802438887,3.2953854917095953,2.949795223470394,3.436563135436214,2.086300191808525,4.100537015419555,3.8024437705461787,4.653317404029853,aspettativa
kfl64rp,37,28,"['piangere', 'assurdo', 'servizio', 'parte', 'legare', 'biblioteca', 'sapere', 'fare', 'leggere', 'libro', 'avere', 'libro', 'fisico', 'libro', 'leggere', 'bello', 'voce', 'camminare', 'assurdo', 'prezzo', 'avere', 'servizio', 'abbonamento', 'singolo', 'prezzo', 'caso', 'film', 'costare']",16.947876622167016,11.325644691699457,11.298642053119645,12.793786243753837,8.59035706143768,16.726821577655127,18.025813522937526,18.205456675681898,aspettativa
kfl4gnk,13,10,"['piccolo', 'guardare', 'film', 'cartone', 'pirata', 'convinto', 'trovare', 'tesoro', 'fare', 'fratello']",6.477869041677286,3.2007168512417765,3.1748907939513833,3.8745657356414087,2.7929077326448892,5.952617891252273,6.429268051449003,6.372499999686794,gioia
kfl1n2c,3,3,"['film', 'vedere', 'volta']",2.1789424526756154,1.5062036674518866,1.4213338310109793,1.4777007823719552,0.9814220431989236,1.7701547715739412,1.9209196069507093,1.996564106876403,gioia
kfkp9vx,4,4,"['film', 'mentale', 'stare', 'tranquillo']",2.9488667660069936,1.7059118111653664,1.3024359271036001,1.6373755125967413,1.0233237267504638,2.69729982375188,2.675017136725206,2.8157821958111207,gioia
kfkcsgy,372,235,"['gente', 'veloce', 'brillante', 'solare', 'televisione', 'genere', 'scomparire', 'musica', 'stile', 'doppio', 'crescere', 'anno', 'soldo', 'comprare', 'casa', 'giorno', 'crescere', 'nuovo', 'radio', 'televisione', 'locale', 'mago', 'italiano', 'triste', 'mago', 'gente', 'ricordare', 'anno', 'dance', 'commerciale', 'tipico', 'epoca', 'fare', 'sembrare', 'mondo', 'solare', 'fine', 'famiglia', 'cristiano', 'centro', 'sinistra', 'italiano', 'fare', 'sembrare', 'nuovo', 'radio', 'locale', 'dance', 'gente', 'euforico', 'computer', 'potente', 'anno', 'arrivare', 'segmento', 'sdoganare', 'digitale', 'auto', 'segmento', 'stile', 'lanciare', 'piccolo', 'sicuro', 'costare', 'vedere', 'anno', 'costoso', 'scarso', 'anno', 'lettore', 'pratico', 'cassetta', 'auto', 'clima', 'fare', 'sentire', 'italiano', 'primo', 'spot', 'erotico', 'vero', 'film', 'porno', 'mondo', 'gente', 'euforico', 'guardare', 'rete', 'locale', 'canale', 'cellulare', 'status', 'ricco', 'divenire', 'mezzo', 'libertà', 'usare', 'terzo', 'mano', 'avere', 'cellulare', 'ragazzo', 'piacere', 'telefonare', 'filtro', 'genitore', 'film', 'cinema', 'bello', 'fare', 'ridere', 'sognare', 'bit', 'sala', 'gioco', 'gioco', 'sala', 'gioco', 'italiano', 'italiano', 'triste', 'radio', 'televisione', 'locale', 'settembre', 'crescita', 'basare', 'impresa', 'mercato', 'protezione', 'statale', 'condizione', 'familiare', 'lancia', 'alfa', 'tenere', 'banco', 'mito', 'tenere', 'botta', 'nostalgico', 'triste', 'italiano', 'finire', 'diventare', 'gruppo', 'lancia', 'alfa', 'inesistente', 'elettronico', 'francese', 'triste', 'prezzo', 'post', 'euro', 'contrario', 'stella', 'auto', 'prezzo', 'stella', 'triste', 'povero', 'stipendio', 'fermo', 'botta', 'italiano', 'lite', 'piccolo', 'impresa', 'chiuso', 'anno', 'anno', 'comprare', 'costare', 'costare', 'segmento', 'anno', 'italiano', 'felice', 'colpo', 'grosso', 'ragazza', 'anno', 'nudo', 'televisione', 'nazionale', 'porno', 'sparire', 'cellulare', 'vecchio', 'anno', 'frequentare', 'cellulare', 'cercare', 'giovane', 'felice', 'avere', 'possibilità', 'roba', 'vecchio', 'fumetto', 'musica', 'film', 'fare', 'cagare', 'giro', 'giovane', 'fragile', 'credere', 'mondo', 'filtro', 'girare', 'cameriere', 'fare', 'fotografare', 'cliente', 'ristorante', 'lavorare', 'mese', 'credere', 'comprare', 'mese', 'giovane', 'nascere', 'avere', 'anno', 'regalare', 'scuola', 'medio', 'mini', 'aggredire', 'regalo', 'povero', 'disastro', 'totale']",141.1007777537294,95.66862248728573,89.80839835856747,100.22062488157047,69.1970976094424,137.99867650771907,143.69985943762526,151.48658425906373,aspettativa
kfk9ow6,34,25,"['pizza', 'posto', 'pizza', 'napoletano', 'vivo', 'abitare', 'gestire', 'napoletano', 'assicurare', 'leggero', 'avere', 'pane', 'parlare', 'pensare', 'tagliare', 'spicchio', 'pensare', 'bocca', 'vedere', 'film', 'americano', 'credere', 'sbagliare', 'tipo', 'pizza']",16.65795052681758,8.276576874135298,8.026481193050454,8.969184080082494,5.89664705223414,15.339206934777524,14.071079245136044,16.060761916700773,gioia
kfk61j0,48,25,"['italiano', 'ragazzo', 'latino', 'americano', 'donna', 'immaginario', 'italiano', 'eterno', 'italiano', 'copiare', 'donna', 'spagnolo', 'portoghese', 'ascoltare', 'musica', 'credere', 'brutto', 'grazie', 'identificare', 'droga', 'dormire', 'mangiare', 'film', 'anno', 'cartone']",14.994525791335896,10.831915008951329,10.910313915286793,10.484029548329525,8.669377831670605,13.849943777129019,14.985355053722175,14.884246938550614,gioia
kfk1hqj,13,12,"['dipendere', 'gene', 'avere', 'nascita', 'consiglio', 'film', 'fantascienza', 'porta', 'universo', 'trattare', 'tema', 'genetico']",6.428986254524703,4.857289584950111,4.655808686443709,6.680316637553004,3.6210838875934,7.647809765784664,7.719092918980954,8.640716077734872,aspettativa
kfk08pw,13,13,"['motivo', 'segnalazione', 'copyright', 'fare', 'cazzo', 'cane', 'curioso', 'passo', 'pubblicare', 'video', 'musica', 'videogioco', 'film']",7.920436177133492,5.018611222784744,5.752423286744368,5.749867429488014,4.196697004245301,7.4599676917142625,8.281822508981408,8.115830247638778,sorpresa
kfjvr3u,301,223,"['evento', 'anno', 'libero', 'aggiungere', 'governo', 'abolire', 'reddito', 'cittadinanza', 'opera', 'inutile', 'apparato', 'fare', 'accordo', 'fallire', 'risolvere', 'problema', 'scoprire', 'blocco', 'fare', 'importare', 'sapere', 'sapere', 'chiedere', 'testa', 'volere', 'fare', 'finta', 'confermare', 'fare', 'uso', 'cazzata', 'scandalo', 'appalto', 'periodo', 'accendere', 'dibattito', 'arma', 'capire', 'fare', 'fare', 'sindacato', 'bisognare', 'dire', 'merito', 'disastro', 'gestione', 'morire', 'anno', 'rete', 'partire', 'teoria', 'governo', 'ladro', 'colpa', 'indignazione', 'colorato', 'soldo', 'fare', 'risolvere', 'guardare', 'prevedere', 'fare', 'lavoro', 'salario', 'minimo', 'proposta', 'unire', 'opposizione', 'contrario', 'idea', 'annunciare', 'fare', 'ponte', 'stretto', 'sospetto', 'ennesimo', 'querelare', 'settimana', 'fare', 'lavoro', 'proporre', 'vicenda', 'crociata', 'serie', 'mafia', 'dire', 'avere', 'ragione', 'inventare', 'settimana', 'palla', 'omicidio', 'osceno', 'seguire', 'spiegare', 'persona', 'orribile', 'cavallo', 'frase', 'vento', 'reazione', 'colorato', 'manifestazione', 'piazza', 'sapere', 'cosa', 'clima', 'carico', 'attacco', 'quadro', 'monumento', 'premio', 'attore', 'protagonista', 'corsa', 'accusare', 'motivo', 'chiesa', 'cercare', 'mondo', 'moderno', 'fatica', 'riuscire', 'pronunciare', 'nome', 'paura', 'offendere', 'centro', 'scandalo', 'comportamento', 'bambino', 'accusa', 'volare', 'religione', 'paese', 'cinema', 'senso', 'fare', 'girare', 'sacco', 'soldo', 'rilanciare', 'mondo', 'cinematografico', 'guerra', 'giocare', 'stesso', 'film', 'grande', 'fatto', 'dimostrare', 'sequenza', 'giocare', 'carta', 'sperare', 'disastro', 'ultimo', 'decennio', 'serie', 'funzionare', 'spada', 'rosso', 'serie', 'fare', 'schifo', 'continuare', 'diventare', 'felice', 'biglietto', 'vincente', 'vendere', 'sperare', 'ricevere', 'parte', 'parere', 'forte', 'influenzare', 'elezione', 'americano', 'altro', 'parte', 'cantante', 'via', 'uscita', 'capire', 'musica', 'alternativo', 'trovare', 'nuovo', 'linfa', 'grazie', 'anno', 'diverso', 'uguale', 'scelta', 'comunicazione', 'prodotto', 'top', 'vendita', 'rimanere', 'indignazione', 'generale', 'durare', 'tennis', 'coppa', 'sacco', 'anno', 'cercare', 'gufare', 'fine', 'abolire', 'crescita', 'calcio', 'club', 'sentenza', 'corte', 'europeo', 'sconvolgere', 'dinamica', 'calcio', 'club', 'fare', 'cagare']",123.37919043048788,90.55340957987029,93.330568008337,100.69628805491459,71.10182631604289,127.07749322454227,130.00653482942096,142.66683853136038,aspettativa
kfjvb72,16,10,"['scarico', 'film', 'serie', 'guardare', 'caso', 'posto', 'internet', 'programma', 'pagamento', 'esempio']",5.5433052570834285,3.7012442915655765,3.593258696039549,4.105737205111742,3.25709806798684,5.921758852102401,6.543800456291186,7.154134011026129,aspettativa
kfjsh08,244,181,"['evento', 'significativo', 'anno', 'governo', 'abolire', 'reddito', 'cittadinanza', 'opera', 'inutile', 'apparato', 'fare', 'accordo', 'fallire', 'risolvere', 'problema', 'scoprire', 'blocco', 'fare', 'importare', 'sapere', 'sapere', 'chiedere', 'testa', 'volere', 'fare', 'finta', 'confermare', 'fare', 'uso', 'cazzata', 'scandalo', 'appalto', 'periodo', 'arma', 'capire', 'fare', 'fare', 'sindacato', 'bisognare', 'dire', 'merito', 'morire', 'anno', 'rete', 'partire', 'teoria', 'governo', 'ladro', 'colpa', 'indignazione', 'colorato', 'soldo', 'fare', 'risolvere', 'guardare', 'prevedere', 'fare', 'lavoro', 'salario', 'minimo', 'proposta', 'unire', 'opposizione', 'contrario', 'idea', 'fare', 'ponte', 'stretto', 'querelare', 'settimana', 'fare', 'lavoro', 'proporre', 'vicenda', 'crociata', 'serie', 'mafia', 'dire', 'avere', 'ragione', 'inventare', 'settimana', 'palla', 'omicidio', 'osceno', 'seguire', 'spiegare', 'persona', 'orribile', 'cavallo', 'frase', 'vento', 'reazione', 'colorato', 'manifestazione', 'piazza', 'sapere', 'clima', 'carico', 'attacco', 'quadro', 'monumento', 'premio', 'attore', 'protagonista', 'corsa', 'accusare', 'motivo', 'chiesa', 'cercare', 'mondo', 'moderno', 'fatica', 'chiedere', 'cinema', 'senso', 'fare', 'girare', 'sacco', 'soldo', 'rilanciare', 'mondo', 'cinematografico', 'guerra', 'giocare', 'stesso', 'film', 'grande', 'fatto', 'dimostrare', 'sequenza', 'giocare', 'carta', 'sperare', 'disastro', 'ultimo', 'decennio', 'serie', 'funzionare', 'spada', 'rosso', 'fare', 'schifo', 'continuare', 'diventare', 'felice', 'biglietto', 'vincente', 'vendere', 'sperare', 'ricevere', 'parte', 'parere', 'forte', 'influenzare', 'elezione', 'americano', 'altro', 'parte', 'cantante', 'via', 'uscita', 'capire', 'musica', 'alternativo', 'trovare', 'nuovo', 'linfa', 'grazie', 'anno', 'diverso', 'uguale', 'scelta', 'comunicazione', 'prodotto', 'top', 'vendita', 'rimanere', 'indignazione', 'generale', 'durare']",100.99572169586315,72.67400136939138,73.17539529579948,79.92551758279525,55.58019559318361,103.76237250884485,104.78339022702536,117.24811870442974,aspettativa
kfjmsab,36,22,"['pagare', 'euro', 'costare', 'fregare', 'certo', 'parlare', 'entrare', 'film', 'mezzo', 'inverosimile', 'mezzo', 'film', 'video', 'accettabile', 'boh', 'pesare', 'arrivare', 'limitato', 'chiedere', 'porto', 'arma', 'pistola']",10.243995890102642,10.955321335325394,11.770358274826208,12.338150406829453,8.933625518258104,10.780615884098214,13.524764806003953,12.204940646796008,sorpresa
kfjmag6,30,25,"['credere', 'bastare', 'fare', 'telefonata', 'chiedere', 'ricordare', 'precedente', 'film', 'rifiutare', 'morire', 'diventare', 'sinistra', 'chiamare', 'chiedere', 'avere', 'voce', 'bello', 'uomo', 'modo', 'dire', 'segnale', 'inferno', 'evidente', 'parlare', 'italiano']",13.445862835872175,10.714291891554424,9.51122311836506,11.953049336130045,7.389150551140388,14.739937883039287,14.322253019639287,16.463269799047367,aspettativa
kfjkbi8,19,13,"['credere', 'sapere', 'sicuro', 'guardare', 'film', 'precedente', 'aspettare', 'titolo', 'coda', 'conscio', 'fatto', 'lavoro', 'complicato']",7.8852925112358845,5.915198085950464,5.203964478204002,5.670511265684754,3.747484236591664,8.949671331929661,7.8696487790901735,8.910359830733304,fiducia
kfjbnij,63,52,"['scusa', 'fare', 'giornata', 'avere', 'ora', 'dormire', 'lavoro', 'viaggio', 'andare', 'ritorno', 'rimanere', 'ora', 'giorno', 'spendere', 'cosa', 'discorso', 'fatto', 'tempo', 'volta', 'ora', 'vero', 'tempo', 'libero', 'spendere', 'hobby', 'contare', 'weekend', 'estate', 'fare', 'lavoro', 'occupare', 'ora', 'giorno', 'giorno', 'riposo', 'modo', 'altro', 'tempo', 'leggere', 'poco', 'vedere', 'film', 'giocare', 'trovare', 'certo', 'punto', 'staccare', 'fare', 'diventare', 'salute', 'mentale', 'divertimento']",33.605213292840105,19.96238953024876,15.88771939196586,21.09578675504277,11.15855174921037,34.10984671347061,30.935522952358355,38.23740747636313,aspettativa
kfj0hc9,13,9,"['stesso', 'dire', 'film', 'fischiare', 'ragazza', 'film', 'rifiutare', 'casa', 'editore']",5.7470513651360875,3.734467250735077,3.6461384424136574,3.947232892802071,2.8171898737628362,5.494118919654067,6.098086966744913,6.137285593622396,aspettativa
kfiypdk,38,29,"['problema', 'radicale', 'donna', 'diventare', 'super', 'nudo', 'fingere', 'figa', 'avere', 'terrorizzare', 'volta', 'camminare', 'andare', 'auto', 'ritorno', 'negozio', 'capitare', 'ragazza', 'giro', 'girare', 'fobico', 'seguire', 'film', 'pieno', 'film', 'psicopatico', 'canale', 'fare', 'effetto']",15.47912758867501,11.83057785967791,12.620452131997729,15.26378860729953,9.869930412525482,15.88263608639184,18.102068092588205,18.023121162173993,sorpresa
kfiyc6j,11,7,"['limitare', 'guardare', 'film', 'serie', 'fare', 'illegale', 'zona']",3.4045119006119187,3.1751618138591797,3.1585625987729116,3.350187430071292,2.609991553691177,3.564665956048282,3.773077024038805,4.609503586067565,aspettativa
kfi3hul,8,6,"['leggere', 'italiano', 'tanto', 'piacere', 'guardare', 'film']",4.233473953366868,2.701673787771006,2.686955892171754,2.712175049797396,2.1882222871346615,3.677169854887765,4.109468695653397,4.049487821843755,gioia
kfhdrlw,6,4,"['cattivo', 'film', 'dispiacere', 'sperare']",1.752216165283006,2.424147631057508,2.3462694068227794,2.5731701669355638,1.8804013233177543,1.7556492265391692,2.2742994452235306,2.1501847349336636,paura
kfh2nah,7,6,"['ottimo', 'guardare', 'serie', 'film', 'gioco', 'musica']",4.614202693584855,2.1905580112305576,2.0412032074765367,2.140375425007692,1.4189138749310712,3.8279239842302,4.19358858064524,4.224612636998397,gioia
kfh1jiu,29,22,"['peccato', 'sistema', 'marcio', 'radice', 'possibilità', 'film', 'euro', 'abbonare', 'minimo', 'sito', 'merda', 'usare', 'prestito', 'materiale', 'avere', 'percezione', 'gioco', 'stare', 'sicuro', 'parlare', 'materiale', 'impossibile']",11.271669083618923,9.80056377016783,8.869194290139019,9.360185366936141,7.409944323915758,12.61242964727646,12.125606485228689,13.671632787293897,aspettativa
kfgz87v,6,3,"['rimanere', 'guardare', 'film']",2.0753112142861143,1.4872860916288178,1.1842915271783196,1.3854815361060226,0.9032582038727206,1.5603968323211654,1.903294851823936,2.01609403166389,gioia
kfgonfg,6,4,"['guardare', 'film', 'americano', 'esistere']",2.2643047203610576,2.0381671396213785,2.311329051982806,2.2920180874244673,1.5675893040713589,2.1823991556601414,2.954020742529043,2.648472586711847,sorpresa
kfgmjry,179,128,"['cosa', 'fare', 'spazio', 'vero', 'identico', 'parte', 'ecosistema', 'parte', 'abbonamento', 'spazio', 'difficile', 'trovare', 'alternativa', 'stesso', 'prezzo', 'integrare', 'documento', 'desktop', 'avere', 'uso', 'attività', 'differente', 'desktop', 'documento', 'modo', 'prodotto', 'valido', 'livello', 'film', 'sapere', 'altro', 'servizio', 'fine', 'computer', 'creare', 'sistema', 'piacere', 'sacco', 'cosa', 'interessare', 'discorso', 'musica', 'avere', 'materiale', 'nozione', 'aggiungere', 'dire', 'installare', 'fare', 'media', 'manager', 'film', 'serie', 'fare', 'stesso', 'cosa', 'musica', 'usare', 'grado', 'gestire', 'archivio', 'offrire', 'orientare', 'musica', 'migliore', 'supporto', 'fila', 'desktop', 'uso', 'utilizzare', 'accedere', 'casa', 'avere', 'pubblico', 'utilizzo', 'accedere', 'creare', 'avere', 'fibra', 'misto', 'rame', 'andare', 'galera', 'italiano', 'andare', 'connessione', 'fare', 'musica', 'canzone', 'velocità', 'venire', 'idea', 'guardare', 'film', 'casa', 'mantenere', 'banda', 'aspettare', 'minuto', 'partire', 'sentire', 'esigenza', 'casa', 'stare', 'schermo', 'invitare', 'visitare', 'aprire', 'mondo', 'bello', 'atmosfera', 'aiutare', 'giudizio', 'modalità', 'primo', 'traccia', 'ascoltare', 'vecchio', 'libreria', 'album', 'credere', 'coincidenza', 'difficile', 'ignorare', 'avere', 'curiosità', 'riguardo', 'chiedere']",76.49419945424356,47.879268231283405,45.08961008593749,54.100396735715265,33.076648651902794,79.9907663257237,79.48585044068999,87.0016282092671,aspettativa
kfglt7h,69,48,"['avere', 'anno', 'piacere', 'significare', 'vedere', 'avere', 'risposta', 'perfetto', 'avere', 'pallido', 'idea', 'cosa', 'sembrare', 'problema', 'trattare', 'esperienza', 'competenza', 'bravo', 'cosa', 'dire', 'rifiuto', 'terapia', 'stupido', 'ignoranza', 'vedere', 'film', 'avere', 'carenza', 'ferro', 'medico', 'vita', 'prendere', 'problema', 'diverso', 'volta', 'corpo', 'nascita', 'fortuna', 'decennio', 'progresso', 'campo', 'medico', 'dire', 'fare', 'rimedio', 'vivere', 'vita', 'migliore']",27.187178002436845,19.496286238520703,19.314074363623728,23.745452297147008,15.233515202163806,30.383406217049775,28.90939973614288,32.94191743979045,aspettativa
kfglt0l,94,70,"['generale', 'persona', 'attivo', 'fare', 'cosa', 'rendere', 'colto', 'sapere', 'ragionare', 'cosa', 'conoscere', 'cosa', 'sapere', 'avere', 'insegnare', 'franchezza', 'stare', 'cosa', 'chiedere', 'avere', 'sapere', 'domanda', 'compito', 'inglese', 'cosa', 'chiedere', 'adulto', 'sognare', 'chiedere', 'ragazza', 'trovare', 'domanda', 'ridicolo', 'sapere', 'strano', 'senso', 'hobby', 'attività', 'scegliere', 'vita', 'tipo', 'lavoro', 'fare', 'ora', 'settimana', 'chiedere', 'piacere', 'fare', 'tempo', 'libero', 'trovare', 'pesca', 'mese', 'avere', 'passione', 'fotografia', 'coltivare', 'avere', 'inverno', 'fare', 'ragazzino', 'chiedere', 'hobby', 'film', 'parere', 'rispondere', 'fare', 'vita', 'respiro', 'mangiare']",44.147693820957834,25.774103080130438,22.380833619676917,28.722335797893656,18.07863942446775,46.34812526262962,40.920950900163795,48.846131555084774,aspettativa
kfgddtx,38,27,"['credere', 'mano', 'fare', 'conseguenza', 'forza', 'andare', 'odiare', 'abituare', 'silenzio', 'sapere', 'fare', 'altro', 'modo', 'adolescente', 'piacere', 'andare', 'ricordare', 'riprovare', 'turno', 'lavoro', 'restare', 'casa', 'sentire', 'musica', 'vedere', 'video', 'film']",17.227592478233493,11.070397558515335,10.083304481956233,11.082649543865188,7.580191159233384,17.358130173902445,15.995731705322093,18.357259982124422,aspettativa
kfgcy72,8,7,"['smettere', 'alcol', 'gioco', 'diverso', 'smettere', 'guardare', 'film']",3.2923576135687216,3.910888063241435,4.244701763229479,3.933895469382451,3.233845235252571,3.1690792194216932,4.331120115940252,3.865106104971254,sorpresa
kfg6cuy,19,14,"['dipendenza', 'dipendenza', 'certo', 'genere', 'film', 'cosa', 'diverso', 'dipendere', 'film', 'stesso', 'ora', 'giorno', 'bastare', 'smettere']",7.005072488667537,7.412584816841109,6.716466967132894,7.642363738865648,5.263908864532325,8.018772859124065,8.022861102271557,8.738084239751073,aspettativa
kffloe5,36,29,"['italiano', 'medio', 'fare', 'nero', 'onesto', 'chiudere', 'difficile', 'impresa', 'medio', 'piccolo', 'fare', 'titolare', 'problema', 'principale', 'paese', 'film', 'italiano', 'decennio', 'presentare', 'personaggio', 'mentalità', 'fregare', 'caratteristica', 'avere', 'parte', 'estero', 'sembrare', 'trovare', 'naturale']",15.724311781367845,11.594136003247788,11.777622474431094,13.461963026708709,8.78170486594488,16.484477789990077,17.30572170582103,18.315424925956105,aspettativa
kffepeb,65,46,"['bambino', 'intelligente', 'film', 'contenere', 'enormità', 'passare', 'locale', 'intero', 'pianeta', 'intero', 'pianeta', 'distruggere', 'colpo', 'esibire', 'poco', 'spada', 'bambino', 'intelligente', 'avere', 'pochino', 'afferrare', 'concetto', 'ordine', 'grandezza', 'sapere', 'differenza', 'città', 'metropolitano', 'anima', 'probabilità', 'infimo', 'fare', 'incontro', 'improbabile', 'differenza', 'città', 'metropolitano', 'nazione', 'continente', 'intero', 'pianeta', 'scrivere', 'sceneggiatura', 'pensare', 'effetto', 'speciale']",25.420170005588805,17.185779508588283,17.368263995035424,19.823927518443764,12.073327004568101,27.450343244678248,28.084167895601507,30.522188812435118,aspettativa
kff7jy4,9,9,"['piacere', 'vedere', 'reazione', 'persona', 'svelare', 'informazione', 'superare', 'vedere', 'film']",6.276530612534418,3.8575245211637057,4.024603283920998,4.828327463894153,3.424684795111363,5.778371840367599,6.318592439152027,6.370087525155548,aspettativa
kff2s6e,40,27,"['inventare', 'giovane', 'rispondere', 'piacere', 'film', 'diverso', 'solito', 'strano', 'colorato', 'film', 'volta', 'volta', 'bastare', 'rispondere', 'volta', 'dare', 'scoprire', 'spazio', 'volta', 'cosa', 'nuovo', 'anno', 'vedere', 'volta', 'volta', 'cosa', 'nuovo']",17.238929654566626,12.649953731086535,11.928663329414237,13.572012661396958,9.058833565371632,16.524052447212377,17.42493624444864,17.974562874303412,aspettativa
kff2aw2,129,91,"['guardare', 'arte', 'piacere', 'restare', 'arte', 'statistica', 'internazionale', 'mettere', 'italiano', 'primo', 'posto', 'presente', 'spettatore', 'occhiale', 'vista', 'sole', 'fare', 'tempo', 'dire', 'alimentare', 'creare', 'culturale', 'trovare', 'continuo', 'media', 'fare', 'finestra', 'mondo', 'spezzare', 'prodotto', 'anima', 'comprendere', 'genere', 'gusto', 'fascia', 'età', 'diventare', 'cartone', 'animato', 'ragazzo', 'conoscere', 'inglese', 'seguire', 'leggere', 'avere', 'strumento', 'dire', 'bello', 'brutto', 'massimo', 'apprezzare', 'fotografia', 'colonna', 'sonoro', 'cantare', 'allenare', 'armonia', 'film', 'lingua', 'originale', 'intendere', 'mostro', 'prodotto', 'conseguenza', 'situazione', 'bambino', 'spettatore', 'madre', 'italiano', 'bambino', 'noioso', 'parere', 'abbassare', 'volume', 'dare', 'conseguenza', 'situazione', 'mostro', 'originale', 'lavoro', 'regista', 'buttare', 'finestra', 'film', 'diverso', 'volta', 'episodio', 'stagione', 'episodio', 'volta', 'record']",56.04176117158438,32.068000473340454,28.721448825219447,35.24209154093369,23.25859211298961,56.14494756216409,54.42940486951203,61.00123955916403,aspettativa
kff2083,156,121,"['articolo', 'impressione', 'caldo', 'primo', 'fortunato', 'spettatore', 'universitario', 'amare', 'letteratura', 'primo', 'film', 'fantascienza', 'andare', 'vedere', 'piacere', 'rimanere', 'affascinare', 'sequenza', 'bar', 'battaglia', 'spaziale', 'divertente', 'giocare', 'storia', 'continuare', 'divertente', 'primo', 'film', 'effetto', 'gruppo', 'chiedere', 'pensare', 'impressionare', 'film', 'colpire', 'rispondere', 'vedere', 'mostro', 'stesso', 'piano', 'umano', 'vero', 'personaggio', 'interessante', 'mostro', 'uomo', 'umano', 'divertire', 'trama', 'esistere', 'film', 'fare', 'momento', 'spettacolare', 'riuscire', 'concludere', 'film', 'fantascienza', 'giovane', 'rispondere', 'piacere', 'film', 'diverso', 'solito', 'strano', 'colorato', 'film', 'volta', 'volta', 'bastare', 'rispondere', 'volta', 'dare', 'scoprire', 'spazio', 'volta', 'cosa', 'nuovo', 'giovane', 'operaio', 'conoscere', 'amare', 'spazio', 'irritare', 'divertire', 'eccezionale', 'divertente', 'dire', 'sincero', 'facile', 'cinema', 'pubblico', 'divertire', 'emozionare', 'fare', 'sopravvivere', 'universo', 'passare', 'decennio', 'arrivare', 'grande', 'forma', 'pronto', 'nuovo', 'grazie', 'produzione', 'sperare', 'affascinare', 'nuovo', 'generazione', 'spettatore', 'commento', 'inventare', 'giornalista', 'scrivere', 'credere', 'frase', 'giovane', 'articolo', 'interessante', 'affidabile']",81.21285598643816,44.389661342679304,43.613960570284206,52.66918538520109,31.823292516716286,75.05367085061827,78.39529255635246,84.00062212340987,aspettativa
kfep8b5,34,25,"['dipendere', 'emozione', 'vero', 'relazione', 'film', 'persona', 'provare', 'forte', 'attrazione', 'stare', 'vero', 'domanda', 'grado', 'passare', 'resto', 'vita', 'amico', 'stare', 'amico', 'pensare', 'amico', 'momento', 'odiare', 'escluso', 'futuro']",15.568009017999408,12.148519604037263,11.711960348255568,13.328516162130754,8.948949889940252,16.55850816332598,15.704902163581522,17.13135546692771,aspettativa
kfemd5a,70,52,"['vero', 'realtà', 'grande', 'alto', 'tipo', 'pesare', 'chilo', 'combattere', 'professionista', 'rifiutare', 'interesse', 'combattere', 'pugile', 'professionista', 'epoca', 'alto', 'proposta', 'tecnica', 'famoso', 'inutile', 'numero', 'circo', 'ultimo', 'film', 'succedere', 'testimone', 'realtà', 'finire', 'americano', 'bloccare', 'presa', 'sollevare', 'terra', 'portare', 'giro', 'protestare', 'fare', 'combattimento', 'diventare', 'amico', 'imparare', 'tecnica', 'lotta', 'libero', 'pensare', 'gente', 'pensare', 'battere', 'peso', 'massimo', 'epoca', 'film']",27.53171665282426,23.203190143587648,24.340628902923026,25.76189134469871,18.049954884365857,30.90537295199127,30.588580814687628,34.4744536072436,aspettativa
kfce9dw,9,8,"['pensare', 'vedere', 'rivedere', 'leggere', 'romanzo', 'fine', 'film', 'godere']",5.712659268462258,3.562835033535791,3.017622829137324,3.648689402719128,2.3168287872567985,4.87977336504569,5.241293262446819,5.530968703500716,gioia
kfc66lu,16,14,"['credere', 'diretto', 'film', 'esempio', 'film', 'mistero', 'cosa', 'genere', 'chiedere', 'guardare', 'ripresa', 'film', 'sapere', 'ladro']",7.792374636452718,5.862275024273054,5.7235319046716535,6.960128252429842,4.299018310680644,7.979053892427045,9.081037708586873,8.605140463896266,sorpresa
kfbo6hd,12,9,"['fregare', 'cazzo', 'nero', 'fregare', 'assumere', 'nero', 'dire', 'piacere', 'film']",4.178707602087081,4.633352603230378,5.0327098330115305,4.992402995023059,4.457337116561091,4.394427583400969,5.482495167766916,5.254211202505853,sorpresa
kfbh4m7,39,31,"['convinto', 'nonno', 'attore', 'film', 'tanto', 'uscire', 'vedere', 'passare', 'cavallo', 'credere', 'tempo', 'credere', 'tenere', 'mano', 'finestrino', 'cane', 'genitore', 'dire', 'cosa', 'figlio', 'assurdo', 'ricordare', 'asilo', 'convinto', 'epoca', 'chiamare', 'palla', 'aprire', 'parte', 'superiore', 'chiudere']",20.640897217424076,12.324615860139648,11.310882233855304,13.624368167699389,9.313323504247503,20.750096380137034,19.480862856728315,20.323062553752873,fiducia
kfbc64u,15,13,"['cosa', 'venire', 'mente', 'gioco', 'premio', 'diretta', 'affondare', 'causa', 'spia', 'realizzare', 'film', 'fare', 'successo']",7.791712279061622,5.450910609294903,5.047226131746607,6.49006435387625,4.06088437301317,7.496750138894926,8.42131977981354,8.301042069952826,sorpresa
kfbad2z,18,15,"['vita', 'film', 'attore', 'padre', 'giorno', 'regista', 'ricordare', 'espressione', 'credere', 'impazzire', 'notare', 'accadere', 'anno', 'vario', 'esistere']",9.708518863457595,6.8455981108090365,6.460885924085112,7.677337446919013,4.650183391608208,9.626458311076721,10.103619814785958,9.878098720206884,sorpresa
kfb72w4,18,12,"['guardare', 'film', 'genere', 'libro', 'fumetto', 'trovare', 'poesia', 'esistenza', 'consiglio', 'terapia', 'banale', 'avere']",7.201569705335521,5.031220994819579,4.317630631251546,5.414872646554361,3.509536602915827,7.691576928674405,7.5853605466209135,8.776329021143564,aspettativa
kfb5npq,49,41,"['trovare', 'piacere', 'importare', 'cosa', 'provare', 'vedere', 'film', 'esplorare', 'gusto', 'musicale', 'provare', 'fare', 'nuovo', 'conoscenza', 'avere', 'cercare', 'avere', 'conversazione', 'profondo', 'posto', 'nuovo', 'locale', 'museo', 'natura', 'studiare', 'nuovo', 'scoprire', 'stesso', 'esplorare', 'mondo', 'vita', 'apparire', 'colore', 'caso', 'andare', 'perdita', 'desiderio', 'sessuale', 'sintomo', 'comune', 'depressione']",27.654606740630417,15.757025519562134,13.828123328418233,18.810254176102948,11.031571128834685,26.591196641849873,27.491438498049657,29.12974315729757,aspettativa
kfb3dsd,53,44,"['vita', 'avere', 'senso', 'scopo', 'esempio', 're', 'medievale', 'nascere', 'sapere', 'fare', 'mettere', 'mezzo', 'situazione', 'socio', 'politico', 'economico', 'ragione', 'profondo', 'venire', 'prescindere', 'resto', 'modo', 'giornata', 'realizzare', 'fare', 'stare', 'compagno', 'vita', 'fare', 'lavoro', 'servizio', 'piccolo', 'cosa', 'passeggiata', 'sera', 'cane', 'film', 'libro', 'cena', 'amico', 'serata', 'passare', 'matto', 'stare']",28.119291926818306,14.486652410248977,12.730344578346063,17.00285695726871,10.191911298734793,27.53668424314762,26.48781636973274,31.215762041404894,aspettativa
kfaq1vl,11,10,"['guardare', 'film', 'vedere', 'cosa', 'inventare', 'grave', 'fare', 'minimo', 'vita', 'giorno']",6.088991509908018,4.36236015822191,3.735925797611629,4.304389626461251,3.02772273716149,6.093693011558516,6.044199773525068,6.912457834241511,aspettativa
kfafqow,48,36,"['prendere', 'evento', 'avvenire', 'continente', 'enorme', 'pensare', 'anno', 'scuola', 'differenza', 'dottore', 'dire', 'illegale', 'pagare', 'mensa', 'scolastico', 'scuola', 'pubblico', 'indovinare', 'succedere', 'pagare', 'portare', 'mangiare', 'casa', 'fare', 'buttare', 'nero', 'uccidere', 'fatto', 'stare', 'uccidere', 'motivo', 'film', 'vita', 'vero', 'dire', 'italiano']",19.208822396251268,16.425867104884748,16.08984361945067,17.675214465231825,13.559155491008386,21.02129886289249,21.563325771730188,24.189134387029608,aspettativa
kfabmel,12,8,"['fatto', 'sembrare', 'teschio', 'film', 'uscire', 'usare', 'altro', 'cosa']",4.193169727110626,3.605185380244122,3.3766121290541062,4.137430988121604,3.0233377393428733,4.045979196282062,4.921088950138431,4.706902644729815,sorpresa
kf9uojk,13,9,"['originale', 'migliore', 'film', 'italiano', 'tempo', 'significare', 'film', 'cacca', 'volgare']",4.6677868011728085,3.8148582759071084,3.736834256195243,3.6010424279835767,3.77264980809242,4.11576761469112,4.94836089921109,5.117346790564727,aspettativa
kf9pzo8,5,4,"['zio', 'caro', 'sembrare', 'film']",2.572506512733787,1.4403358123727465,1.4159977008920661,1.3878101225590158,0.7946798326406259,2.3944132641715554,2.2595967367908054,2.4923384535286544,gioia
kf9mcle,21,13,"['giovane', 'pressione', 'sociale', 'fare', 'anno', 'sogno', 'giocare', 'vedere', 'film', 'forza', 'festeggiare', 'dire', 'sociale']",9.570324205475194,4.930132984507457,4.839647440160668,5.591809954799053,3.2687578084127007,8.579870558183414,7.972065997981126,9.436524564060417,gioia
kf9m4cj,12,11,"['pensare', 'buttare', 'giusto', 'periodo', 'natalizio', 'fare', 'film', 'pomeriggio', 'sera', 'mettere', 'vedere']",6.655214006869705,4.989324875611695,4.214900664259263,4.880848896192425,3.683748267801572,6.445530537006402,6.166340559619465,7.473014168957886,aspettativa
kf99lyi,39,26,"['sbagliare', 'video', 'pago', 'parte', 'film', 'uscire', 'sala', 'giorno', 'capire', 'città', 'avere', 'prodotto', 'mattina', 'arrivare', 'giorno', 'stesso', 'mese', 'gratuito', 'canale', 'scelta', 'musica', 'sapere', 'usare', 'usare', 'valere', 'abbonamento']",16.199133887337286,11.500824257752233,10.90880428791643,12.613559859736755,8.027191182986861,15.819626793935283,16.26270240343127,17.594552307790085,aspettativa
kf98lat,3,2,"['spettacolo', 'film']",1.5368595313461948,0.8954412638301181,0.8512745397128821,1.035493954402081,0.6432447942208777,1.1329125754894172,1.5951401725417782,1.4210923213072544,sorpresa
kf90c90,10,6,"['volta', 'volta', 'credere', 'videogioco', 'bello', 'film']",4.354125196890854,2.375280406930943,2.2925648425845258,2.4984482138025683,1.4129873088424176,3.6638116276797206,4.063868212914277,3.8056671885855886,gioia
kf8vppw,13,11,"['vero', 'fare', 'donna', 'conoscere', 'vedere', 'tipo', 'protagonista', 'film', 'serie', 'volta', 'fare']",7.6327097636367025,3.734779399209881,3.63061018916219,4.132085698361489,2.368372294415783,7.582893038391816,6.736031303769167,8.377617562218125,aspettativa
kf8t1mk,53,40,"['avere', 'memoria', 'pessimo', 'aiutare', 'leggere', 'notizia', 'bastare', 'seguire', 'paio', 'giornale', 'nazionale', 'internazionale', 'aggiornare', 'succedere', 'mondo', 'curioso', 'domanda', 'esempio', 'guardare', 'film', 'primo', 'guerra', 'mondiale', 'mettere', 'pausa', 'leggere', 'periodo', 'parlare', 'finire', 'film', 'ricerca', 'personaggio', 'specifico', 'storia', 'ricordare', 'paio', 'mese', 'forza', 'domanda', 'continuare']",23.9245703712777,16.418794766118598,14.848215218124647,17.801187236905076,11.453196634111816,24.94417643188254,25.026587623077393,28.06827329583858,aspettativa
kf8shfl,70,49,"['mezzo', 'mare', 'azzurro', 'grigio', 'salire', 'grido', 'andare', 'forza', 'vecchio', 'stile', 'fisico', 'servizio', 'rappresentare', 'miglioramento', 'vedere', 'offerta', 'proporre', 'televisione', 'canone', 'avere', 'americano', 'privato', 'diverso', 'imporre', 'modello', 'televisione', 'cavo', 'americano', 'catalogo', 'interessare', 'storico', 'film', 'vecchio', 'assurdo', 'offerta', 'migliore', 'post', 'finanziare', 'uscire', 'curiosità', 'andare', 'cercare', 'primo', 'risultato', 'mandare', 'sito', 'serie', 'intero', 'fare']",29.088515280425337,18.34168205661709,17.24659551476255,20.473153117008465,13.586748966346345,28.441564321560758,28.803240982135232,30.084052125735393,aspettativa
kf8peau,18,14,"['fare', 'esempio', 'pratico', 'dare', 'fastidio', 'personaggio', 'film', 'odiare', 'cambiare', 'personaggio', 'moda', 'momento', 'tipo', 'serie']",7.500988321871616,5.758357453101959,5.840744695479871,6.516788523178106,4.551985840648539,8.275609021193333,9.257164043132105,9.294969271074354,aspettativa
kf8ozb1,25,16,"['tanto', 'film', 'guardare', 'tanto', 'piacere', 'vecchio', 'stile', 'pubblicità', 'bambino', 'tanto', 'mitico', 'unico', 'italiano', 'valere', 'pena', 'guardare']",10.135325222274306,7.2447335134952775,6.975413974624883,7.536976742945455,5.617975933729712,10.06356589264063,10.665250553283093,10.511202833795924,sorpresa
kf8l86x,2,2,"['figura', 'film']",1.1257048529116387,0.7314802146204055,0.6409729227169749,0.808531172863418,0.44905210998358747,0.9394298748033214,1.1422500595657368,1.4607929146302587,aspettativa
kf8hsj1,8,7,"['film', 'fare', 'piangere', 'insegnamento', 'vita', 'cartone', 'animato']",4.934446692387322,2.5880121220836183,2.076418424866081,2.7536030999393404,1.5338758061980198,3.8580071325681238,3.9888315811699973,4.33969644124124,gioia
kf8gmj1,94,76,"['bolla', 'immobiliare', 'scoppiare', 'unico', 'comune', 'città', 'europeo', 'paese', 'milione', 'abitante', 'forza', 'cosa', 'milione', 'persona', 'sud', 'interessare', 'casa', 'prezzo', 'affitto', 'avere', 'senso', 'enorme', 'disparità', 'condizione', 'lavorativo', 'economico', 'servizio', 'università', 'centro', 'sud', 'ferro', 'paese', 'normale', 'paese', 'rotto', 'città', 'avere', 'bisogno', 'residente', 'esempio', 'sentire', 'milanese', 'lavoro', 'studio', 'sembrare', 'inizio', 'film', 'comico', 'italiana', 'altro', 'paese', 'vivere', 'possibile', 'motivo', 'altro', 'motivo', 'persona', 'vivere', 'avere', 'bisogno', 'vivere', 'andare', 'vivere', 'motivo', 'lavorativo', 'studio', 'vivere', 'difficile', 'avere', 'motivo', 'valido', 'andare', 'vivere', 'altro', 'parte', 'rimanere']",45.99802638222874,30.094911599843737,29.415563638945798,33.545965206460586,22.508357189128645,47.68712841857033,48.115174158436005,52.624903642933454,aspettativa
kf88dmt,62,52,"['parlare', 'provare', 'mandare', 'video', 'parlare', 'greco', 'rispondere', 'capire', 'dire', 'vero', 'lingua', 'via', 'gruppo', 'provare', 'vivo', 'preferire', 'imparare', 'greco', 'moderno', 'interessante', 'trovare', 'film', 'canzone', 'greco', 'mancare', 'regione', 'provare', 'mantenere', 'lingua', 'aprire', 'istituto', 'mettere', 'nome', 'via', 'doppio', 'lingua', 'italiano', 'greco', 'cosa', 'interessante', 'greco', 'moderno', 'greco', 'cosa', 'triste', 'istituto', 'studio', 'rimanere', 'chiudere', 'giorno', 'aprire', 'esempio']",32.035037739935305,19.038486568846995,16.675098907999857,20.625463761148307,12.982201870489625,31.169232351918872,31.302069264782777,36.169368674793,aspettativa
kf881jg,8,5,"['votare', 'paura', 'malvagio', 'film', 'bambino']",2.162938540845351,2.5406171361962513,2.9049218644201775,3.2577922659318044,2.478229164009674,2.331615905673343,3.1517427036556596,2.3617138174722503,paura
kf7qml5,19,13,"['frequenza', 'organizzare', 'serata', 'amico', 'guardare', 'stesso', 'film', 'crimine', 'variare', 'mancare', 'programma', 'disgustoso', 'trasmettere']",7.50551343773653,4.704479168571072,4.338478898802203,5.136661272631794,4.026692065377261,7.7003414107161525,7.463413755574916,8.598419345157007,aspettativa
kf7nqeq,54,41,"['documentario', 'tipo', 'personaggio', 'storico', 'letterario', 'musicale', 'solito', 'istituto', 'luce', 'concerto', 'documentare', 'musica', 'tipo', 'cosa', 'avere', 'credere', 'rimanere', 'unico', 'seguire', 'grande', 'vedere', 'vecchio', 'film', 'tanto', 'troppo', 'pubblicità', 'resto', 'solito', 'vario', 'servizio', 'dire', 'fermo', 'servizio', 'fare', 'avere', 'passione', 'indagine', 'alto', 'successo', 'fallimento', 'pubblicità']",24.015096665842236,16.906015405045792,14.646765297619758,17.199601632369056,11.50237906787959,25.487637897267344,24.142000860714397,28.099038361914833,aspettativa
kf7nkut,39,27,"['situazione', 'simile', 'differenza', 'passo', 'anno', 'dire', 'passare', 'serata', 'cazzo', 'guardare', 'film', 'vedere', 'tempo', 'gioco', 'videogioco', 'permettere', 'sentire', 'centro', 'camminare', 'bottiglia', 'rotto', 'pomeriggio', 'primo', 'gennaio', 'cazzo', 'gola', 'pezzo']",16.002584227199268,10.954124460346975,10.879498695637496,11.644350021829533,8.215217568462192,15.889074403160885,17.781732101361783,17.719023745829087,sorpresa
kf7c04c,15,12,"['giovedì', 'uscire', 'ultimo', 'episodio', 'stagione', 'consigliare', 'primo', 'film', 'unico', 'giorno', 'volta', 'solo']",7.542285112058887,5.836465587640307,4.835995683550504,5.13732233325618,3.05642632894316,6.9281536184444565,6.311872179329188,7.7955295191656635,aspettativa
kf7bgng,77,54,"['anno', 'famiglia', 'tavola', 'generale', 'seguire', 'male', 'mondo', 'grande', 'fratello', 'costituire', 'parte', 'ampio', 'canale', 'fare', 'passare', 'completo', 'serie', 'film', 'paio', 'giorno', 'resto', 'anno', 'vero', 'nero', 'vedere', 'avere', 'illusione', 'scegliere', 'agente', 'stesso', 'concetto', 'avere', 'altro', 'avere', 'bombardare', 'tanto', 'vedere', 'esercitare', 'volontà', 'ricercare', 'guardare', 'ultimo', 'cosa', 'sentire', 'salvare', 'passare', 'turco', 'simpatico', 'programma', 'tenere', 'compagnia', 'anno', 'tempo', 'notte']",31.24751433380421,21.643447247206556,19.524521425300886,23.3896819449976,15.425251901860005,34.26611107472771,31.2349237831597,36.18469456243439,aspettativa
kf776lf,8,4,"['realtà', 'videogioco', 'film', 'serie']",2.6221480149873786,1.5751280939419676,1.4742517134144928,1.66070392251609,1.0246918561621756,2.307065306527733,2.7669719475714576,2.8239912893116275,aspettativa
kf72jgt,4,4,"['incuriosire', 'gioco', 'film', 'gioco']",2.936884211252759,0.9496372631108914,0.9567319522781135,1.2511322228261372,0.6667553807868679,2.1620760438151843,3.0960107836840196,2.797106024512531,sorpresa
kf6zulk,58,46,"['dispiacere', 'dolore', 'stare', 'passare', 'passare', 'uomo', 'vita', 'avere', 'dubbio', 'uomo', 'vita', 'finire', 'giusto', 'film', 'piccolo', 'principe', 'mondo', 'rosa', 'rendere', 'speciale', 'attenzione', 'sentimento', 'affetto', 'provare', 'cosa', 'intendere', 'rosa', 'giusto', 'rosa', 'giusto', 'avere', 'dubbio', 'rendere', 'speciale', 'sentimento', 'attenzione', 'unico', 'persona', 'vita', 'sicuro', 'stare', 'tranquillo', 'tempo', 'guarire', 'tristezza', 'vicino']",29.876398102205332,18.49790715264071,15.625660544812282,19.508776542505327,12.550178201137136,31.065525085818695,28.087470005089525,31.773247907249168,aspettativa
kf6wo3q,29,22,"['tempo', 'condurre', 'contenuto', 'contenuto', 'bello', 'film', 'canale', 'contenuto', 'notte', 'film', 'autore', 'girare', 'poco', 'mezzo', 'voglia', 'basso', 'costo', 'cerebrale', 'replica', 'cielo', 'ruota', 'cosa']",11.83334335348127,9.55962540825635,8.457454615309274,9.917455257111554,6.685538247487463,11.774139690160302,12.993436076849594,12.985484749690604,sorpresa
kf6rweb,21,19,"['legge', 'libro', 'guardare', 'film', 'lingua', 'originale', 'forum', 'inglese', 'giorno', 'continuo', 'lingua', 'inglese', 'armato', 'dizionario', 'storia', 'anno', 'provare', 'dare', 'anno']",12.222878702115306,6.887395238650296,6.3697036560588085,7.928570499587612,4.789466014864828,12.51201569512911,11.791467080984955,13.718705910192039,aspettativa
kf6n0db,9,9,"['vacanza', 'primo', 'boh', 'ricordo', 'mischiare', 'confondere', 'film', 'periodo', 'migliore']",5.287741299760025,3.411249149581721,3.5266858395639575,3.621949602829542,2.4622567680366116,4.474013054872248,5.937423868034459,5.813348126209192,sorpresa
kf6d6ky,11,8,"['ritorno', 're', 'cinema', 'via', 'età', 'vedere', 'primo', 'film']",5.842983170810752,3.5101238165415136,3.166931140095137,3.9283027349461888,2.3043729439548595,4.573376112786111,5.281376977739287,5.712027566108638,gioia
kf6c41q,20,15,"['altro', 'giorno', 'riguardare', 'film', 'preferire', 'videogioco', 'approfittare', 'sconto', 'giorno', 'prendere', 'scaricare', 'piacere', 'ora', 'fan', 'videogioco']",9.184436626391824,6.0407278934895485,5.957500012870761,7.056938589471983,4.105456703740899,8.833799244392491,9.46237730172474,9.85012987123957,aspettativa
kf66v8e,32,23,"['giusta', 'osservazione', 'film', 'ricordare', 'titolo', 'trattare', 'argomento', 'difficoltà', 'pensare', 'fare', 'parte', 'arredamento', 'avere', 'valore', 'simbolico', 'dire', 'stare', 'mare', 'roba', 'matto', 'uso', 'sentire', 'caldo']",13.340741194176818,9.371401264014306,8.991707610779697,10.84358261829155,7.072570939309425,13.765493645216035,13.763981989361623,14.958210188880553,aspettativa
kf64utm,5,2,"['massimo', 'film']",1.466657247457749,1.0184133334970795,0.9646846653770618,1.1211376640622623,0.7145800659891921,1.2200895006502317,1.5200270925009525,1.3953949713369278,sorpresa
kf62kjv,21,14,"['canale', 'passare', 'film', 'simile', 'dottoressa', 'fare', 'schifo', 'sapere', 'bello', 'vecchio', 'tempo', 'limite', 'malattia', 'misterioso']",6.130745526675554,6.684971138759757,5.967859247637141,7.311109079048265,5.04357166660097,7.114235327453787,8.223078338135544,8.060996501379675,sorpresa
kf5zzf6,8,5,"['vedere', 'ignorare', 'esistenza', 'film', 'gioco']",3.296733934952169,2.3569140474105725,2.2681876888618278,2.4440060824478507,1.8834367869280133,2.781020391022894,3.158984564926102,3.3059443688856036,aspettativa
kf5yp7s,5,4,"['naso', 'collezione', 'film', 'serie']",2.5049728401816465,1.3833644270561951,1.2391860106821018,1.4267636347423664,1.1396946580438132,2.1651176522826328,2.6553633244867485,2.6670012078318983,aspettativa
kf5ufvg,16,12,"['avere', 'parte', 'computer', 'guardare', 'ammettere', 'vedere', 'paio', 'film', 'videogioco', 'recente', 'gente', 'fare']",7.626212553180045,4.591626413061477,4.501888771316934,5.3336933550163135,3.419361888669572,7.341485670649469,7.644621291634295,8.019028990360287,aspettativa
kf5r2s6,45,34,"['scusare', 'termine', 'operazione', 'pagamento', 'roba', 'genere', 'suonare', 'film', 'terminale', 'posta', 'statale', 'esistere', 'avere', 'stare', 'fare', 'operazione', 'semplice', 'carta', 'presente', 'parere', 'esistere', 'roba', 'genere', 'gente', 'fare', 'finto', 'argento', 'anziano', 'fare', 'firmare', 'permettere', 'ritiro', 'distanza', 'conto']",17.539482387144183,15.631826484394121,13.470937005812946,15.97927868591168,10.86730958357704,19.760034755475733,19.204159756245787,22.191306298704124,aspettativa
kf5pfsp,13,9,"['follia', 'ricordare', 'volta', 'uscire', 'nuovo', 'film', 'dire', 'nuovo', 'canzone']",5.904360120936418,4.263587243121428,3.5998103940910915,5.041961548266966,2.777524995280962,4.747761842626893,5.956272434450517,5.545835380771397,sorpresa
kf5ohf2,10,6,"['informare', 'film', 'serie', 'sport', 'pensiero', 'super']",4.114740993517305,2.3941708535372896,2.6182630986181326,2.619536534030021,1.9983207487051817,3.744371791385341,4.242426830718027,4.086774686086921,sorpresa
kf5nqhg,22,17,"['guardare', 'documentare', 'sport', 'film', 'serie', 'guardare', 'tradizionale', 'anno', 'sbaglio', 'capitare', 'accendere', 'tipo', 'fare', 'mettere', 'passare', 'sembrare', 'perdere']",9.1471161255864,7.131904586269528,7.029167370816589,7.869141480329552,4.966394965082401,9.985029150396189,11.05217688455464,11.736330424107722,aspettativa
kf5kw3o,51,19,"['citazione', 'bello', 'film', 'avere', 'paura', 'offendere', 'futuro', 'tornare', 'gente', 'online', 'ingenuo', 'fare', 'raccontare', 'fatto', 'servire', 'prevenire', 'grande', 'domani', 'investimento']",10.834605604573426,8.343762318699635,8.271083202565535,10.456544053244851,6.311394629106114,11.336750935610633,12.585661773500272,12.93442258452607,aspettativa
kf5goad,29,20,"['trend', 'rimanere', 'prevedere', 'aumento', 'numero', 'medio', 'mese', 'altro', 'pagamento', 'quarto', 'link', 'canale', 'film', 'pagamento', 'sembrare', 'vecchio', 'sapere', 'pagare', 'pagare', 'pagare']",9.992041053455988,9.025163739849882,7.768663383600491,9.333300777220327,6.298293508453582,11.137315411724337,12.596436252733666,12.749710240243813,aspettativa
kf5fglc,12,9,"['vivo', 'sasso', 'film', 'fidanzato', 'casa', 'preferire', 'fare', 'palestra', 'leggere']",6.286174355901913,2.521064535151631,2.6940518894421284,3.0226598907404663,1.8240841449817564,5.554849683508727,4.7908062387302,6.118782881994178,gioia
kf57tkm,4,4,"['domanda', 'spontaneo', 'vedere', 'film']",2.827812070053334,1.617900905156961,1.6873399537570704,2.2488916570771833,1.2403114157520663,2.345953473245863,2.8246279580072744,2.708145629788292,gioia
kf56b0s,11,10,"['volta', 'guardare', 'film', 'vedere', 'piangere', 'contesto', 'dire', 'pianto', 'occhio', 'lucido']",5.8933350542908665,5.477341338076085,5.160115994399451,5.51280888918174,3.62473962080385,5.751393675958942,6.073814440410736,6.35867825978778,aspettativa
kf54l8a,8,5,"['film', 'distribuire', 'genere', 'voto', 'minimo']",2.5841928999325234,1.8754394855150767,1.5629951261600774,1.6252004242873426,1.080388669601109,2.8743534467889873,2.4892330025512757,3.5526348173896958,aspettativa
kf54jeb,22,14,"['capire', 'servizio', 'film', 'circolazione', 'arrivare', 'uscire', 'interessante', 'riguardare', 'orizzonte', 'ultimo', 'fare', 'abbonamento', 'mensile', 'pubblicità']",8.305602409567136,5.754639771500673,5.180966187959979,6.089913605656768,4.102648491301438,8.024428112703838,7.687839614699235,9.028637395323454,aspettativa
kf541d1,24,17,"['avere', 'intervento', 'fare', 'causa', 'malattia', 'citare', 'provare', 'entrare', 'cogliere', 'occasione', 'divano', 'bello', 'film', 'volta', 'avere', 'compagnia', 'punto']",10.125299093728408,5.5051657204036255,5.45238904440567,7.6026641493972855,3.659204085314463,10.82450736484055,10.921919728907767,11.538422250283338,aspettativa
kf4zace,53,39,"['recente', 'comprare', 'mini', 'risparmiare', 'bolletta', 'luce', 'venire', 'voglia', 'giocare', 'fisso', 'mese', 'noia', 'problema', 'personale', 'guardare', 'video', 'film', 'consumo', 'energetico', 'inutile', 'avere', 'buono', 'risolvere', 'fastidioso', 'consumo', 'energetico', 'comprare', 'mini', 'schermo', 'sapere', 'metodo', 'fare', 'risparmiare', 'mese', 'bolletta', 'provare', 'pensare', 'positivo', 'volta']",22.986803438464488,15.063668878341854,14.339272924989219,15.257454013853907,10.948053164070203,22.60430135060846,22.795156563403122,26.565893982002944,aspettativa
kf4xzm4,28,22,"['sollevare', 'altro', 'problema', 'vecchio', 'diventare', 'fornitore', 'servizio', 'digitale', 'restringere', 'via', 'via', 'tipo', 'titolo', 'rendere', 'disponibile', 'roba', 'mettere', 'conseguenza', 'cultura', 'cinematografico', 'film', 'diventare']",11.371308783602707,10.613686819037456,9.365900279909237,11.15135886711753,7.27066223637421,13.342343140736945,13.057811605021874,14.534102424479393,aspettativa
kf4wcpk,22,18,"['finestra', 'cortile', 'madre', 'caldo', 'mortale', 'stare', 'fresco', 'aria', 'pronto', 'uscire', 'fare', 'capriccio', 'durata', 'film', 'punta', 'sedia', 'tipo', 'anno']",11.522893648339073,6.311955780012326,5.310067491668839,7.142180929698491,3.8573368911273906,10.709644118566926,10.07631578239621,11.632876742714885,aspettativa
kf4ug3q,17,8,"['importante', 'protagonista', 'film', 'avere', 'puntata', 'occhio', 'cuore', 'vedere']",6.080257236876712,3.2265043286115715,2.9905765501989396,3.570579296355729,2.1233279109044623,5.221669334994988,5.089055152530497,5.517101883952627,gioia
kf4sudt,54,40,"['solitario', 'anno', 'mancanza', 'voglia', 'trovare', 'cena', 'nonno', 'lasciare', 'andare', 'letto', 'ora', 'casa', 'fumare', 'bello', 'sparare', 'spazio', 'guardare', 'film', 'doccia', 'letto', 'anno', 'pensare', 'rendere', 'cosa', 'andare', 'montagna', 'cazzo', 'amico', 'buono', 'rapporto', 'sentire', 'poco', 'compagnia', 'avere', 'mancare', 'preferire', 'stare', 'cazzo', 'mezzo', 'casino']",23.982990206610108,18.633317100299394,16.56633538483229,18.170987966199142,12.552969074752914,23.673267130589192,24.03331878779191,25.428832448338937,aspettativa
kf4qpbn,35,30,"['valere', 'relazione', 'bello', 'amare', 'fare', 'vedere', 'film', 'scegliere', 'amare', 'cosa', 'stupendo', 'rompere', 'relazione', 'operazione', 'cuore', 'aperto', 'dare', 'ricevere', 'soffrire', 'pensare', 'concedere', 'minimo', 'rispetto', 'trattare', 'sentimento', 'cambiare', 'avere', 'decenza', 'posto', 'soffrire']",18.427142966479327,12.94752858374614,11.71942283096455,14.056333075212805,8.73457410309531,18.60478076000087,17.16150890462575,19.20450088577843,aspettativa
kf4h56h,64,42,"['accordo', 'caso', 'persona', 'cogliere', 'usare', 'ambiente', 'crescere', 'minimo', 'parlare', 'persona', 'capire', 'dire', 'genio', 'persona', 'pensare', 'parlare', 'mangiare', 'fare', 'capire', 'esempio', 'sembrare', 'film', 'fare', 'ragione', 'vivere', 'tenere', 'scrittura', 'dialogo', 'stesso', 'stesso', 'fare', 'amicizia', 'nuovo', 'bisognare', 'ignoranza', 'bisognare', 'lotta', 'anno', 'anticipo', 'anno', 'cultura', 'soddisfazione']",26.00907551579427,15.753915057299173,14.275985863450618,17.121210419322022,11.095738841850377,28.080762889716844,25.490327792987387,29.417111966029093,aspettativa
kf4g0dj,9,6,"['cazzo', 'fregare', 'video', 'avere', 'parte', 'film']",3.0744655257364473,3.050553289694358,3.6191921404081313,3.5279327669764724,2.74489279812314,2.6553384728896305,4.185286403700951,3.2955954157237364,sorpresa
kf4folr,11,10,"['pubblicità', 'mezzo', 'film', 'odioso', 'massimo', 'giusto', 'minuto', 'metà', 'andare', 'bagno']",6.003436490156498,4.082701005384291,4.0156661100805735,4.163339735087949,3.7589098895562087,5.570519325079862,5.803589050078463,6.609649411887127,aspettativa
kf4feav,10,9,"['prima', 'video', 'avere', 'film', 'classico', 'moderno', 'avere', 'serie', 'successo']",6.195338668682281,3.1723034506762406,2.9423493162848446,3.8323255692821294,2.059064037489725,6.509358029439971,5.655463162593684,6.412592695549251,fiducia
kf4ebkc,8,8,"['vero', 'avere', 'ragione', 'disporre', 'pubblicità', 'bastare', 'inizio', 'film']",5.341369587686077,3.0149417736964335,2.797664784477349,3.503258897930574,2.1859428377508148,5.9938382565039685,4.9028106491996075,6.001784441225369,aspettativa
kf4c7bq,4,3,"['guardare', 'pubblicità', 'film']",1.8051587624367817,1.3833179891017133,1.286180998782901,1.3870479852343354,1.1832511906068321,1.6850943595471795,2.1546328993409647,2.2995718927372404,aspettativa
kf4bdn2,26,15,"['vedere', 'roba', 'superiore', 'film', 'valido', 'uscire', 'mezzo', 'mettere', 'disposizione', 'profilo', 'primo', 'gratuito', 'prodotto', 'vincere', 'vedere']",10.208414987877065,4.676581523528456,4.778017589200933,5.496195220322578,4.142054935863656,9.391877442969056,9.607339203623338,10.343730209192204,aspettativa
kf4aqwf,6,5,"['pubblicità', 'inizio', 'fine', 'film', 'mezzo']",2.7194284012932783,2.6623135578957697,2.492087235434635,2.9169884589326096,2.1401002739817203,2.5933182297670427,3.215541450357205,3.179217373128764,sorpresa
kf499lz,76,59,"['provare', 'normale', 'attraversare', 'momento', 'sentire', 'mancare', 'terra', 'piede', 'passare', 'amare', 'desiderare', 'umano', 'valore', 'importanza', 'pensiero', 'cuore', 'legittimo', 'dolore', 'fine', 'restare', 'lucido', 'bere', 'assumere', 'sostanza', 'prendere', 'servire', 'guarire', 'guarire', 'pensare', 'obiettivo', 'palestra', 'legge', 'libro', 'cosa', 'richiedere', 'azione', 'attivo', 'cervello', 'passivo', 'film', 'aiutare', 'serie', 'priorità', 'pensiero', 'obiettivo', 'amare', 'nuovo', 'persona', 'importante', 'mondo', 'stesso', 'pensiero', 'cambiare', 'lasciare', 'perdere', 'bello', 'appassionare', 'piacere', 'fare']",36.658133170648924,25.33277566379165,23.401974013716696,27.708775484657053,18.01887722319295,37.490824221848015,36.11265232859034,39.66379772756225,aspettativa
kf45uts,10,5,"['usato', 'tonnellata', 'film', 'migliore', 'stronzata']",2.4268472217839583,2.2956339358620506,2.484137182808829,2.3975979748496696,1.8941276473376858,2.3657068509738597,2.927218458185906,3.394186288743343,aspettativa
kf43zw2,33,26,"['vedere', 'modello', 'italiano', 'pagamento', 'canale', 'cazzo', 'serie', 'film', 'anno', 'messa', 'onda', 'modello', 'americano', 'via', 'cavo', 'costoso', 'utente', 'pubblicità', 'fare', 'utile', 'inventare', 'sembrare', 'cosa', 'ritornare', 'cambio', 'tecnologia']",14.878439731804812,10.300307826471611,9.387422694449972,9.967006197294246,7.866886837833348,15.041011810235815,15.609918437403126,16.62747088741356,aspettativa
kf43tlh,4,3,"['protagonista', 'film', 'vita']",2.377998849805099,0.9929939986965929,0.8096557793974831,1.1538049627893803,0.5815816441200375,1.8673700039479566,1.9159876737969932,2.1187257961952763,gioia
kf4382q,6,6,"['avere', 'recensione', 'recente', 'parlare', 'film', 'completo']",4.065001386295624,2.5888835208997945,2.4597541990389202,2.819735867379971,1.6632457773302813,4.47045280191618,3.8331912992561996,4.477498324793563,aspettativa
kf42zea,14,9,"['film', 'videogioco', 'fare', 'stronzata', 'speranza', 'giornale', 'fare', 'post', 'pubblicità']",5.3732777931506925,3.2057655507268272,3.3234356385920227,3.467146864433658,2.7846373208851167,5.159808960583696,5.482285937484033,6.371287186432054,aspettativa
kf428w2,23,20,"['anno', 'avere', 'problema', 'guardare', 'affittare', 'trovare', 'roba', 'sembrare', 'uscire', 'film', 'minuscola', 'mensile', 'minimo', 'zona', 'peggiore', 'fortuna', 'avere', 'anno', 'fine', 'contratto']",10.089983258644297,9.103469372363639,8.669260111972246,9.575118281802858,6.585016469850149,11.408782031528828,11.628119604740977,13.358464423213233,aspettativa
kf423a6,16,13,"['articolo', 'sbagliato', 'messaggio', 'spiegare', 'realtà', 'altro', 'film', 'avere', 'stesso', 'codice', 'anno', 'avere', 'mano']",7.29333812935561,4.538646310428419,4.765011844102536,6.11115498213638,3.3286286952115525,8.412953978275079,8.38060726064516,8.87364129706457,aspettativa
kf3z700,31,28,"['esprimere', 'stesso', 'pensiero', 'amare', 'amare', 'primo', 'periodo', 'primo', 'anno', 'amore', 'maturare', 'diventare', 'padre', 'sorella', 'migliore', 'amico', 'fidanzato', 'anno', 'scegliere', 'mattina', 'svegliare', 'scegliere', 'amare', 'giorno', 'giorno', 'amore', 'vedere', 'film']",20.406216232774142,10.90348299289481,9.112620136949877,11.623304671279897,5.998998286250878,20.023394107590565,17.21514765708952,21.13131567975615,aspettativa
kf3w6zs,34,27,"['sembrare', 'grande', 'donna', 'vita', 'esistere', 'film', 'donna', 'valorizzare', 'permettere', 'stesso', 'accettare', 'limite', 'punto', 'forza', 'donna', 'vita', 'cosa', 'accessorio', 'primo', 'parte', 'cercare', 'amante', 'vuoto', 'mancare', 'manica', 'cercare', 'soluzione']",16.273673153175732,9.973202284499461,9.852201647558852,10.690191717310606,6.239138429381001,16.968590518906556,16.365764011604163,18.691096729707475,aspettativa
kf3lz5a,60,49,"['macchina', 'film', 'americano', 'macchina', 'lavoro', 'dare', 'cultura', 'lavoro', 'fare', 'ora', 'giorno', 'macchina', 'andare', 'ufficio', 'fare', 'cosa', 'fare', 'casa', 'lavorare', 'ragionamento', 'comprare', 'casa', 'permettere', 'mutuo', 'sentire', 'parlare', 'gente', 'spaccare', 'schiena', 'stipendio', 'fame', 'acquisire', 'fare', 'vita', 'bastare', 'organizzare', 'spesa', 'vivere', 'possibilità', 'spendere', 'cosa', 'essenziale', 'fare', 'splendido', 'euro', 'persona', 'mettere', 'foto', 'permettere']",30.094498581255028,18.06379582349211,15.993400548318434,18.69516442800438,12.239211786985983,32.921266843188064,29.139742101629366,34.332375991974224,aspettativa
kf1r8it,100,83,"['organizzazione', 'pulizia', 'efficienza', 'paragonare', 'significare', 'volere', 'città', 'reggere', 'paragone', 'unico', 'città', 'fondare', 'nome', 'città', 'idea', 'potere', 'unico', 'luogo', 'mondo', 'capitale', 'mondo', 'volta', 'perso', 'status', 'capitale', 'religione', 'caso', 'unico', 'luogo', 'mondo', 'capitale', 'sovrano', 'tedesco', 'avere', 'ambizione', 'potere', 'impero', 'sacro', 'romano', 'creare', 'imperiale', 'figlio', 'titolo', 'americano', 'contingente', 'ambizione', 'avere', 'creare', 'stile', 'classico', 'continuare', 'giorno', 'servire', 'paese', 'paese', 'europeo', 'servire', 'rappresentare', 'consigliare', 'visione', 'film', 'santo', 'grazie', 'primo', 'luogo', 'altro', 'città', 'italiano', 'luogo', 'affascinante', 'diverso', 'ricco', 'romano', 'scegliere', 'anno', 'dire', 'punto', 'vista', 'lavorativo', 'settore', 'offrire', 'pagare', 'costare']",49.80971247505294,32.38945345807155,32.117861938862404,36.036969174298434,24.35808217240546,54.29835742764051,49.98779375699547,58.85895816044368,aspettativa
kf1g092,5,3,"['infinito', 'libro', 'film']",2.1450313325652135,1.2348496793436003,1.108330633078705,1.4544772847325884,0.862996430342134,1.7037898672961627,2.211624003184544,2.2653228366140796,aspettativa
kf1ejk0,30,27,"['ricordare', 'arrestare', 'membro', 'banda', 'armato', 'fare', 'guerra', 'controllo', 'droga', 'cittadino', 'fare', 'guerra', 'cinese', 'ammazzare', 'colpo', 'pistola', 'film', 'scorso', 'anno', 'tagliare', 'braccio', 'operatore', 'metropolitano', 'cittadina', 'cosa', 'riprendere', 'nazionale']",11.596042451600539,14.654485485102722,14.336236474498453,14.891168478775594,11.69898116380525,12.891747114815272,14.511689171541692,14.324842770654476,paura
kf179ut,30,22,"['film', 'guardare', 'staccare', 'cervello', 'problema', 'etico', 'stare', 'storia', 'legale', 'pensare', 'dire', 'test', 'fare', 'chiedere', 'giro', 'cosa', 'commento', 'altro', 'caso', 'singolo', 'vita', 'privato']",11.999365586603684,9.54441704022455,9.20072094194534,11.40164387427129,6.783850649456704,12.856194907051156,13.488030188379117,13.91238303259608,aspettativa
kf16y6y,15,14,"['inizio', 'anno', 'andare', 'moda', 'film', 'italiano', 'avere', 'anno', 'tipo', 'vedere', 'porre', 'domanda', 'etico', 'giusto']",9.045441695412649,5.144802661253081,4.558117841444086,5.791547955786799,3.404264891024026,9.861485980146147,8.193516784360554,10.626718656449954,aspettativa
kf0s1h0,6,4,"['letto', 'film', 'scorrere', 'chiuso']",2.2040690839679984,2.2520872245996877,1.7946920885373967,2.1710038724363567,1.2420784613183287,2.3084778242535697,2.261659351560911,2.6072950142839386,aspettativa
kf00o4p,136,97,"['base', 'andare', 'trend', 'significativo', 'parte', 'carico', 'lavoro', 'netto', 'velocità', 'fare', 'roba', 'servire', 'roba', 'prendere', 'roba', 'economico', 'corrente', 'anno', 'prezzo', 'anno', 'fare', 'vedere', 'costare', 'rinnovare', 'comprare', 'limite', 'strategia', 'base', 'durare', 'anno', 'giocare', 'uso', 'fare', 'anno', 'fare', 'conto', 'avere', 'spendere', 'passato', 'vedere', 'sorta', 'equilibrio', 'ideale', 'prezzo', 'fluido', 'cosa', 'lato', 'spingere', 'vendere', 'roba', 'costare', 'utente', 'durare', 'fare', 'guadagnare', 'utente', 'medio', 'credere', 'gente', 'fare', 'film', 'fisso', 'vecchio', 'arrivare', 'vecchio', 'nuovo', 'sostituire', 'riuscire', 'conto', 'riuscire', 'vendere', 'macchina', 'fascia', 'alto', 'fare', 'servire', 'tempo', 'scelta', 'componente', 'fare', 'macchina', 'pancia', 'roba', 'valore', 'mettere', 'inutile', 'mercato', 'usato', 'lucrare', 'cambiare', 'servire', 'volta', 'costare', 'valere', 'scelta', 'componente', 'interno']",51.89804080533219,38.204604282910296,35.208298967466575,40.96236888554529,26.194975037227014,59.25328942776546,56.32470277087839,65.38234796901146,aspettativa
kezzkqj,4,2,"['metà', 'film']",1.3999509200563216,0.968993705367292,0.7220339084285918,0.9360900007720272,0.5180079399564781,1.1601418010663302,1.3837201607884992,1.377871472722707,gioia
kezdjrf,63,54,"['avere', 'vita', 'parte', 'tempo', 'lavoro', 'progetto', 'personale', 'riguardare', 'lavoro', 'fare', 'gioco', 'videogioco', 'film', 'serie', 'fine', 'settimana', 'piacere', 'preparare', 'pizza', 'genitore', 'pensare', 'particolare', 'volta', 'periodo', 'andare', 'uscire', 'massimo', 'dire', 'fare', 'passeggiata', 'prendere', 'poco', 'aria', 'futuro', 'piano', 'migliorare', 'lavoro', 'sperare', 'assumere', 'azienda', 'teoria', 'lavorare', 'distanza', 'casa', 'fare', 'unico', 'soluzione', 'avere', 'possibilità', 'spezzare', 'vita', 'vivere', 'nuovo', 'esperienza']",35.02970546636727,21.79315813130178,18.821953033425327,22.939473897536086,13.782062817959076,35.71060314689624,32.27920686783926,39.62688452613096,aspettativa
kezb5ve,19,18,"['diritto', 'cercare', 'produttore', 'concludere', 'saga', 'altro', 'stagione', 'film', 'sapere', 'riuscire', 'portare', 'cosa', 'costoso', 'realizzare', 'termine', 'effetto', 'mettere', 'scena']",10.855393548373021,7.596153387638574,6.531939157625722,8.222974828197138,4.941513175048542,11.487486177553532,11.278613479991243,12.727998507153748,aspettativa
kez8x6y,12,9,"['fare', 'film', 'ottenere', 'permesso', 'unico', 'notare', 'tono', 'uniforme', 'arma']",5.432872075009192,3.4041162523420185,3.7608585699477857,4.411795867489971,2.9023284754993455,4.740483313805572,5.340183599034824,5.482678034882724,aspettativa
kez5u7q,36,27,"['prezzo', 'film', 'sentire', 'soddisfare', 'vedere', 'sembrare', 'classico', 'pizza', 'americano', 'senso', 'sovraccarico', 'bastare', 'pizza', 'americano', 'film', 'sci', 'piattaforma', 'parte', 'regista', 'ottimo', 'lasciare', 'mano', 'libero', 'fare', 'caos', 'lato', 'positivo']",14.765143992543818,9.870828429100314,9.37740619643224,10.608876145065583,6.657318450684538,15.098591572168123,15.753862231536951,16.163547381491906,aspettativa
kez50mp,2,2,"['film', 'serpente']",0.7635677918977924,0.9738168981315711,1.175534763056719,1.4572822633108957,1.1895760572692136,0.4968569334351649,1.04456144321735,0.7542915963339911,paura
keywqun,49,34,"['serie', 'televisione', 'parte', 'serie', 'cimitero', 'cinematografia', 'generale', 'riassumere', 'storia', 'primo', 'episodio', 'vuoto', 'contenuto', 'colare', 'episodio', 'durare', 'metà', 'ultimo', 'episodio', 'problema', 'serie', 'problema', 'persona', 'stare', 'divano', 'minuto', 'vedere', 'film', 'interessante', 'vedere', 'episodio', 'serie', 'fare', 'cagare']",18.319142817383923,16.972102905818957,14.743947816156192,15.789414988163795,11.241270268282353,17.87207690197532,20.08667236744607,20.908162581635114,aspettativa
keyvpt4,13,9,"['reggere', 'film', 'brutto', 'sembrare', 'tagliare', 'ora', 'fare', 'serie', 'esistere']",4.320866880933207,4.149978479250548,3.472405416723861,3.7250654147728204,2.445992109037091,5.142372718319499,4.9680484477233,5.923112667824952,aspettativa
keyvbug,6,6,"['estendere', 'conto', 'mancare', 'ora', 'film', 'minimo']",2.321410791588038,3.6167483877593436,2.6902087320340033,3.139973015961408,1.650808150284918,3.0713771341928156,3.2584351622816303,3.815405934263968,aspettativa
keyu3o4,36,30,"['trarre', 'conclusione', 'cagare', 'fare', 'film', 'ottenere', 'permesso', 'tagliare', 'ora', 'film', 'possibile', 'fare', 'stare', 'trama', 'personaggio', 'volare', 'velocità', 'luce', 'finale', 'dare', 'tempo', 'fisico', 'apprezzare', 'combattimento', 'parte', 'eccezione', 'tipo', 'abominevole', 'caso', 'esagerare']",17.307929559347244,11.62406368804444,11.054527505494052,13.79009017207508,8.438464573788535,17.946433266789995,18.722375838100238,20.76799678477504,aspettativa
keytyf7,62,42,"['impronta', 'digitale', 'fare', 'sbloccare', 'telefono', 'facile', 'metodo', 'accesso', 'ricordare', 'vedere', 'usare', 'banale', 'incidente', 'cambiare', 'vedere', 'film', 'incluso', 'spacciare', 'sicuro', 'legge', 'spinta', 'sicurezza', 'caso', 'furto', 'fare', 'fornire', 'telefono', 'utente', 'salvare', 'casetta', 'rete', 'mobile', 'sistema', 'evoluzione', 'successivo', 'fare', 'bloccare', 'servizio', 'avere', 'salvare', 'telefono', 'personale']",24.413822313661388,15.315697200908456,15.236655652168245,18.768672933552303,12.229818782704436,28.167633482647133,25.26805034174084,28.64877342754499,aspettativa
keyqly9,9,5,"['fare', 'film', 'mentale', 'paese', 'vedere']",3.540354397139098,2.001677577431767,1.6414677608277553,1.9100093553218696,1.370830109101775,3.2873962546056363,3.165552818629644,3.7355700685014663,aspettativa
keyqlqb,13,11,"['fare', 'marito', 'film', 'leggere', 'bello', 'recensione', 'bello', 'sprecare', 'ora', 'tempo', 'film']",6.555945134760246,4.841076624801258,3.954764651837856,4.516936458638933,2.7292548238892733,6.229715704778025,6.680474994569315,7.7121592387950715,aspettativa
keypjzj,12,8,"['sceneggiatura', 'film', 'rifiutare', 'fare', 'portare', 'dimostrare', 'fare', 'errore']",3.5489779840803837,3.074020520085373,3.029137036202016,3.4138910758449974,2.273553668343333,4.507731813553429,4.538330746838717,5.786746430472033,aspettativa
keynm4b,4,3,"['migliore', 'film', 'italiano']",1.999338200916392,1.3290080982795693,1.241630531725207,1.1227413424130397,0.9604532012544975,1.5036092055508576,1.6245150868443001,1.8862933040752117,gioia
keykl7o,21,19,"['realtà', 'esistere', 'libro', 'scrivere', 'leggere', 'sapere', 'film', 'simile', 'libro', 'fare', 'ricerca', 'scoprire', 'libro', 'videogioco', 'sviluppare', 'sicuro', 'avere', 'collegamento', 'film']",12.663376102458717,6.848173493997552,6.618811493697147,7.875263867518945,5.015546882814747,12.841182495254197,12.662468074134866,14.23552858596183,aspettativa
keyji0s,15,11,"['trama', 'vista', 'rivedere', 'miliardo', 'volta', 'sapere', 'guerra', 'vendetta', 'banale', 'film', 'punto']",5.573768859597819,4.661753271047029,4.800614843673173,4.566273520572537,3.9647788505795845,5.469604949483566,6.313920331988725,6.901136167688467,aspettativa
keximqq,29,21,"['anno', 'toccare', 'discussione', 'casa', 'giorno', 'toccare', 'subire', 'bello', 'svegliare', 'fare', 'colazione', 'passeggiare', 'natura', 'cane', 'tornare', 'cenare', 'film', 'lavoro', 'impegnare', 'spendere', 'tempo']",14.100014684048256,8.446828772470717,7.328941226207495,8.80574670162336,5.4594600724372215,13.523986169295794,12.75747977413105,14.516659306733079,aspettativa
kexem0k,25,17,"['proposito', 'impatto', 'culturale', 'esistere', 'sentire', 'vedere', 'citare', 'ricordare', 'film', 'impatto', 'mare', 'gente', 'andare', 'vedere', 'miliardo', 'dollaro', 'giorno']",11.26646088786875,7.254444448801123,6.24981811616017,7.392506241884757,4.5949039750043745,10.47598838162863,10.324673737374003,10.853275547183712,gioia
kexagad,166,134,"['liceo', 'misero', 'classe', 'palazzo', 'normale', 'scuola', 'merda', 'totale', 'piano', 'classe', 'stare', 'laboratorio', 'vuoto', 'porta', 'panico', 'chiuso', 'tanto', 'andare', 'pianerottolo', 'piano', 'superiore', 'perdere', 'tempo', 'fumare', 'finestra', 'giorno', 'piano', 'conto', 'porta', 'aprire', 'diventare', 'rifugio', 'fumare', 'canna', 'morire', 'compagno', 'buttare', 'strada', 'ridere', 'cosa', 'periodo', 'frequentare', 'piano', 'fare', 'cosa', 'chiudere', 'sistemare', 'dare', 'chiudere', 'aprire', 'porta', 'giorno', 'arrivare', 'aspettare', 'pianerottolo', 'piano', 'giorno', 'scala', 'partire', 'gioco', 'mano', 'piano', 'porta', 'principale', 'stanza', 'rifugio', 'salotto', 'merda', 'muro', 'tipo', 'film', 'sangue', 'impronta', 'mano', 'marrone', 'merda', 'stronzo', 'gigante', 'terra', 'primo', 'momento', 'provare', 'terrore', 'puro', 'tipo', 'uscire', 'buio', 'prendere', 'ridere', 'chiamare', 'amico', 'ridere', 'parlare', 'signore', 'fumare', 'bagno', 'dire', 'sapere', 'aprire', 'chiudere', 'porta', 'dare', 'avere', 'chiave', 'toccare', 'pulire', 'momento', 'saltare', 'tornare', 'usare', 'pianerottolo', 'chiedere', 'teoria', 'fare', 'concludere', 'spostare', 'sicurezza', 'provare', 'classe', 'seguire', 'fatto', 'stare', 'gente', 'altro', 'teoria', 'entrare', 'notte', 'stare', 'porta', 'esterno', 'cancello', 'interno', 'vedere', 'boh']",72.12282894341119,55.33660522809517,52.9217246961075,65.63467701456491,43.44954020201608,79.55147360495742,79.94547079369742,83.79185203868879,aspettativa
kexa8y0,14,9,"['riuscire', 'fare', 'film', 'media', 'carriera', 'cosa', 'nome', 'film', 'film']",5.497070907506449,3.903539225970299,3.3768058062911197,4.330539909825625,2.7062486090499682,5.236116531493086,5.656734329356459,6.304493057373841,aspettativa
kex7y01,30,22,"['vedere', 'punto', 'curioso', 'sembrare', 'regista', 'fare', 'film', 'brutto', 'percepire', 'passione', 'fare', 'film', 'azienda', 'finire', 'prodotto', 'opera', 'avere', 'poco', 'sparire', 'primo', 'vedere', 'pensare']",12.874355663041102,9.340796481719504,8.20488167151716,8.807754793191439,5.693262931153179,12.482424041623894,13.31202297408306,15.541928318355989,aspettativa
kex7f5k,2,1,['film'],0.7009394218798187,0.6037802010294635,0.5345885174222281,0.6494568413132021,0.3737923279363268,0.4010549434443897,0.7352342179409509,0.61272349552629,sorpresa
kex5jfc,29,21,"['film', 'vedere', 'anno', 'vedere', 'sapere', 'film', 'vuoto', 'banale', 'dialogo', 'raccontare', 'universo', 'creato', 'sostanza', 'personaggio', 'aprire', 'bocca', 'raccontare', 'film', 'battuta', 'film', 'migliore']",13.674533567255914,7.749414425341508,6.904738894205597,8.699921078514896,5.9686968541427685,11.137350690894825,13.982649192759082,13.426898284872411,sorpresa
kex53o3,9,7,"['girare', 'film', 'altro', 'genere', 'fare', 'film', 'riuscire']",4.452344710655463,2.243162041025103,2.19971932861758,3.1693395819281256,1.5452390920651078,3.9969006952741744,4.80631983355649,4.96624712050761,aspettativa
kex2b97,12,9,"['trattare', 'sceneggiatura', 'girare', 'trovare', 'uso', 'film', 'fare', 'cagare', 'sorprendere']",5.137892559467849,2.88302371189989,3.150223846343528,3.845301605529856,2.5460112979403324,4.894107803843037,5.892611289171148,5.962593091304468,aspettativa
kex17lu,6,5,"['unico', 'cosa', 'uscire', 'film', 'merda']",3.0475415670871997,2.3277426947009885,2.2172039798615297,2.2170315137718295,2.182953408609923,2.362583704632538,2.895778886434647,2.7761675933568166,gioia
kex1432,2,2,"['dormire', 'film']",1.5742203300660482,0.9085768154582313,0.6866801847443931,0.8972236240841488,0.4957608617858762,1.038986262940929,1.310836228672524,1.243693950736743,gioia
kex0kek,14,14,"['livello', 'visivo', 'bravo', 'avere', 'idea', 'scrivere', 'storia', 'unico', 'film', 'bello', 'storia', 'scritto', 'scatenare', 'fotografia']",9.6682389145738,5.501094445263122,5.377734402848579,6.1539271630569194,3.7692481586207456,8.971036804741757,9.519876539434065,9.643420967974578,gioia
kex04k5,12,8,"['capire', 'riuscire', 'avere', 'stare', 'regista', 'film', 'immagine', 'sostanza']",5.75019866465376,2.89452406253005,2.8912567973806524,3.5715118833107367,2.111374378248999,5.585697511594516,5.589979807439519,5.8250175039479375,aspettativa
kewy4rm,64,49,"['fare', 'sembrare', 'credere', 'persona', 'enorme', 'film', 'altezza', 'aspettativa', 'trama', 'ideare', 'succedere', 'primo', 'film', 'inserire', 'versione', 'cosa', 'accadere', 'indicare', 'motivazione', 'protagonista', 'terribile', 'strano', 'tipo', 'proiettile', 'stile', 'resto', 'fare', 'schifo', 'avere', 'netto', 'impressione', 'rilasciare', 'film', 'cambiare', 'ordine', 'scena', 'andare', 'riempire', 'buco', 'trama', 'parte', 'inutile', 'giudicare', 'prodotto', 'finito', 'unico', 'cosa', 'sperare', 'capolavoro']",27.99364744615511,18.482747817169876,17.45491399321634,22.258783088717696,14.78647442258984,27.572893445289754,29.297884190905997,32.26005216777756,aspettativa
kewwxi1,12,10,"['paragonare', 'scrivere', 'film', 'sceneggiatura', 'rifiutare', 'film', 'indipendente', 'entrare', 'premessa', 'identico']",5.564178252897975,4.420819454552905,4.260928738975731,4.636293122944157,2.934972210551189,5.241094597933771,6.88804350758439,6.751222507351264,sorpresa
kewwal8,11,8,"['chiedere', 'fare', 'bello', 'film', 'chiedere', 'vincere', 'gara', 'culo']",5.153457397261955,2.1698252102944307,2.0339140932184967,3.266495148066246,1.5053699761153316,5.1125308974557635,5.359435108527364,6.04078334309265,aspettativa
kewnnbt,35,31,"['vivo', 'ultimo', 'episodio', 'ricordare', 'tipo', 'smettere', 'ascoltare', 'musica', 'cantante', 'uomo', 'film', 'uomo', 'ricordo', 'anno', 'votare', 'spendere', 'soldo', 'cantante', 'donna', 'provare', 'fare', 'eliminare', 'concorrente', 'uomo', 'boh', 'incazzare', 'cosa', 'lasciare', 'minimo', 'segno', 'testa']",16.400064248295692,16.14470804244546,15.250329893447919,15.700520718609207,11.485908103721059,16.27918915247506,18.55254829522673,19.129039124231568,aspettativa
kewe3a1,11,9,"['innamorato', 'parlare', 'vita', 'fare', 'film', 'testa', 'persona', 'invenzione', 'amore']",6.405294584876705,3.2988273045915992,2.8750069027181473,3.6806004540322093,2.04255263749782,6.443892894899343,5.730085251786168,6.7652403657109,aspettativa
kew9skm,54,46,"['volere', 'relazione', 'solido', 'sincero', 'ragazza', 'vedere', 'fine', 'estate', 'sapere', 'ritenere', 'sfigato', 'fallire', 'avere', 'vita', 'sociale', 'beh', 'persona', 'giusto', 'avere', 'fare', 'caso', 'esistere', 'persona', 'scegliere', 'stare', 'solo', 'venerdì', 'sabato', 'guardare', 'film', 'leggere', 'libro', 'andare', 'grande', 'città', 'aiutare', 'tornare', 'patria', 'situazione', 'restare', 'conoscere', 'amicizia', 'conoscenza', 'dire', 'volta', 'separare']",29.03429427560652,19.668953705873662,17.421329020733435,20.27433280627345,12.74135301703788,30.163488708856946,27.239937873417663,31.790563311269338,aspettativa
kew5vpg,12,11,"['minchia', 'brutto', 'primo', 'appuntamento', 'casa', 'vedere', 'film', 'accettare', 'proporre', 'scena', 'simile']",7.042919840643167,4.87250228654577,4.83789456042709,4.951724697677239,3.800340737765471,5.935401028229369,7.027003858700329,6.796174621467013,gioia
kevukpe,33,28,"['vario', 'livello', 'timidezza', 'timidezza', 'vero', 'ansia', 'fobia', 'sociale', 'avere', 'paura', 'ombra', 'curiosità', 'uomo', 'timido', 'sexy', 'grazie', 'opera', 'tipo', 'film', 'libro', 'anima', 'serie', 'idea', 'avere', 'esperienza', 'diretto', 'tipo', 'conoscere']",15.884089948566649,11.228220614512823,10.610907387138194,15.480450309186281,8.344808977916214,17.057266903651165,17.587615220046885,18.275634638914873,aspettativa
kevm2h9,6,5,"['assumere', 'cattivo', 'film', 'bambino', 'piccolo']",2.957288084714686,1.8958862531064085,1.9728939743444251,2.3257447499699473,1.5462376214173121,2.3121219501699737,3.3312225046682764,2.733836707312687,sorpresa
kevlrq4,35,26,"['avere', 'ragione', 'ragazzo', 'conoscere', 'uomo', 'esistere', 'storia', 'amore', 'esistere', 'uomo', 'mondo', 'ragazza', 'insegnare', 'avere', 'paura', 'conoscere', 'mazzo', 'fiore', 'solo', 'gusto', 'fare', 'fare', 'colpo', 'approccio', 'funzionare', 'film']",16.965244702981124,10.18013613802,10.373470250310692,12.38113579557583,7.506930025599472,17.29933096254312,17.0413229043122,18.089208504959537,aspettativa
kevjbnb,53,43,"['partire', 'convinto', 'riuscire', 'cambiare', 'scusa', 'cambiamento', 'ottenere', 'diventare', 'primo', 'credere', 'stesso', 'facile', 'impossibile', 'solo', 'fatto', 'difficoltà', 'volere', 'enorme', 'passo', 'avanti', 'fare', 'scusa', 'andare', 'perdere', 'soffrire', 'cosa', 'fare', 'emozione', 'sentimento', 'grado', 'iniziare', 'andare', 'stesso', 'guardare', 'film', 'corso', 'parlare', 'persona', 'ricordare', 'cambiamento', 'costante', 'stesso', 'persona']",25.58424545728789,17.96614983204861,16.001926421780507,19.757996809372248,11.627755589759024,27.280365518573007,24.986324248728764,28.649123027886137,aspettativa
kevg59o,15,14,"['festa', 'simile', 'diventare', 'film', 'americano', 'spargere', 'voce', 'diventare', 'panico', 'fine', 'arrivare', 'polizia', 'casa', 'evitare']",7.334270781034336,5.867581677853611,6.105274598709897,7.317186536913096,4.453437218468193,8.085794909194025,8.743561292198162,9.135112799084805,aspettativa
kev8bba,21,12,"['sviluppare', 'complicazione', 'stanza', 'bagno', 'giro', 'casa', 'febbre', 'dolore', 'buono', 'leggere', 'guardare', 'film']",7.070540206540859,5.258595108892242,4.767387551308156,5.159085341069791,3.712172140768566,6.528362067581552,7.0478796075325425,7.358087764963629,aspettativa
keuv8nf,8,7,"['brano', 'studiare', 'fine', 'stesso', 'bruciare', 'tipo', 'film']",3.688627118593354,3.5302411332646457,3.3350725074675536,3.9494353773845114,2.3402090097565877,3.6792387259009613,4.351950647786258,4.206858082914875,sorpresa
keus4j3,96,75,"['proposito', 'mente', 'fase', 'finale', 'combattimento', 'preparare', 'dare', 'colpo', 'buttare', 'sasso', 'dire', 'rispondere', 'attivare', 'iniziare', 'ridere', 'scappare', 'salvare', 'interpretare', 'cosa', 'esercitare', 'tentativo', 'vendetta', 'finale', 'ammazzare', 'altro', 'modo', 'cambiare', 'finale', 'parlare', 'umano', 'modo', 'ripetere', 'ridere', 'avere', 'modo', 'sapere', 'suono', 'dire', 'tentare', 'interpretare', 'contesto', 'sentire', 'dire', 'gettare', 'pietra', 'risparmiare', 'colpo', 'credere', 'suono', 'dire', 'volere', 'sentire', 'risata', 'indiano', 'inizio', 'film', 'tizio', 'raccontare', 'allontanare', 'credere', 'suono', 'dire', 'allontanato', 'cercare', 'dire', 'linguaggio', 'umano', 'volere', 'allontanato', 'conto', 'vincere', 'accettare', 'sconfitta', 'nemico', 'potente']",39.66290680469433,33.859097558035536,34.50719681681215,38.57467660242147,26.76047130514215,42.26887831671605,45.18796722278673,46.882723391382456,aspettativa
keupdrk,17,14,"['difficile', 'ricordare', 'differenza', 'film', 'anno', 'unico', 'cosa', 'scena', 'bagno', 'parlare', 'scommessa', 'inizio', 'scena', 'parere']",8.80038977966732,6.612181775316367,6.111575198068017,7.323203007722309,4.7803071857865485,8.037168376791819,8.820686707481572,9.038262403853102,aspettativa
keui120,7,2,"['mafia', 'film']",0.7887373813694157,1.4160858314700926,1.41581933774233,1.4510175132503198,1.2307251610618786,0.5501269823070767,1.0631620678573073,0.829301335735737,paura
keuho81,87,63,"['film', 'mese', 'fare', 'chilometro', 'andare', 'tornare', 'vedere', 'film', 'unico', 'sala', 'dotare', 'solo', 'grado', 'proiettare', 'vedere', 'esempio', 'ultimo', 'cosa', 'triste', 'volta', 'evitare', 'strada', 'traffico', 'autostrada', 'andare', 'unico', 'disponibile', 'distanza', 'umano', 'tenere', 'volume', 'alto', 'esempio', 'guardare', 'ultimo', 'dito', 'piantare', 'morire', 'uscire', 'spiegare', 'signore', 'volume', 'alto', 'significare', 'investire', 'poltrona', 'spendere', 'soldo', 'migliorare', 'sala', 'provare', 'ricevere', 'risposta', 'provare', 'parlare', 'personale', 'venditore', 'guardare', 'sguardo', 'avere', 'idea', 'cosa', 'parlare']",37.92457776108382,26.17852353146453,25.044203744149193,28.42501261122923,18.13430872089165,38.60990218840556,37.80743709426771,40.88302626767192,aspettativa
keu6ji3,19,14,"['ambiente', 'serie', 'film', 'pensare', 'vita', 'reale', 'ignorare', 'esistere', 'attore', 'serie', 'medico', 'modello', 'serie', 'uguale']",8.918723836599693,5.445933926480913,4.938762366262467,5.645614676905069,3.7308353145341737,9.378696163396867,7.786350761668541,10.020198160934433,aspettativa
ketatep,16,14,"['anno', 'iniziare', 'imparare', 'italiano', 'potere', 'libro', 'giocare', 'guardare', 'film', 'italiano', 'capire', 'cazzo', 'messaggio', 'parlare']",9.808412020968422,5.564829225274266,5.784996114550373,5.595206554913711,4.597955406666509,8.588493246877771,9.185370766152591,9.311008578156722,gioia
ket4g6d,17,14,"['fonte', 'informazione', 'libro', 'cosa', 'simile', 'film', 'esempio', 'uscire', 'cagare', 'film', 'americano', 'medio', 'credere', 'bombardare']",8.064670578686549,6.476871749728289,6.428552570131186,6.342965431295577,5.438285737012805,7.698735706119639,8.60100305107541,8.261815320861713,sorpresa
ket4daw,68,56,"['avere', 'sogno', 'strano', 'tipo', 'stare', 'sognare', 'inizio', 'prendere', 'controllo', 'sogno', 'sogno', 'collegare', 'anno', 'sognare', 'stesso', 'stesso', 'continuo', 'strano', 'sogno', 'morte', 'fare', 'anno', 'strano', 'stazione', 'treno', 'infinito', 'panorama', 'colorato', 'violare', 'nero', 'bianco', 'nero', 'film', 'correre', 'orizzontale', 'rotaia', 'uomo', 'tuta', 'elegante', 'stile', 'mafioso', 'film', 'funzionare', 'trovare', 'circondare', 'sparare', 'colpo', 'sentire', 'certo', 'freddo', 'sogno', 'svegliare', 'dolore', 'punto', 'sparare', 'sogno']",32.046171456323904,23.370282692751225,22.091805744687477,27.70517193849541,17.804393798154372,30.67091572403107,33.45604972494109,34.505179566729375,aspettativa
kesu84r,6,5,"['americano', 'basare', 'film', 'capire', 'paese']",2.8210798745633787,1.9328934877043764,2.0084870640891426,1.916133753605745,1.4832331435646324,3.085529808745876,3.157109855866577,3.062216951558069,sorpresa
kesol1v,1,1,['film'],0.7009394218798187,0.6037802010294635,0.5345885174222281,0.6494568413132021,0.3737923279363268,0.4010549434443897,0.7352342179409509,0.61272349552629,sorpresa
kerz37s,10,2,"['scrivere', 'film']",1.446209898163409,1.2612731030287594,1.095739521685207,1.165691549390721,0.7785602201051556,0.9561354606551691,1.3603730526176079,1.351660353363772,gioia
kerk444,5,4,"['verità', 'neve', 'film', 'vedere']",3.2195429456780222,1.8389970607883348,1.6026869510296335,1.8833598152922957,1.170365078110163,2.4544328844185617,2.831551806215212,2.6850591820740592,gioia
kerj5f1,30,23,"['punto', 'primo', 'dare', 'dimostrare', 'solidarietà', 'fratello', 'italiano', 'dire', 'parlare', 'amico', 'abitare', 'zona', 'fare', 'sentire', 'confronto', 'continuare', 'fare', 'naso', 'sembrare', 'film', 'sentire', 'odore', 'prato']",14.051627208460372,7.67729551975944,7.498669223407607,7.939816798739485,5.857131604675567,15.290506876105905,14.855831121858666,17.174088554705634,aspettativa
kerivnu,10,9,"['sede', 'senso', 'ambulanza', 'partita', 'ospedale', 'film', 'stare', 'vigile', 'fuoco']",4.736961700930203,4.009196124951409,3.4400947273490283,4.602147664313177,2.744173533969145,5.284856917140742,5.290509393433277,5.046214931889922,sorpresa
kerfujb,11,8,"['nuovo', 'poltrona', 'pensare', 'film', 'diventare', 'giro', 'paio', 'anno']",5.624070806757409,2.813065649892661,2.390574613349681,3.4256089301868338,1.7250127273036078,5.096647381538027,5.070797326932714,5.956129527013642,aspettativa
ker9dle,20,16,"['seguire', 'stesso', 'consiglio', 'fare', 'passeggiata', 'guardare', 'film', 'fare', 'tenere', 'legare', 'rompere', 'cazzo', 'leggere', 'medio', 'posto', 'fare']",9.583400002932642,5.000676743782368,5.120118477080227,5.734970990414453,3.626852252850686,10.174606892542531,9.366558821016845,11.265082629603928,aspettativa
ker6yty,37,26,"['sapere', 'narcisista', 'parlare', 'persona', 'fatto', 'narcisista', 'smettere', 'vedere', 'generale', 'verità', 'realtà', 'film', 'situazione', 'artificiale', 'persona', 'usare', 'filtro', 'valorizzare', 'normale', 'sentire', 'consiglio', 'persona', 'modo', 'amico', 'sincero', 'trovare']",14.264446338755832,11.009227861505217,11.70172919420894,12.625918314618813,9.86442463574817,16.330273149459995,16.10742598999494,17.48698466090901,aspettativa
ker6yii,9,7,"['film', 'nuovo', 'fabbrica', 'cioccolato', 'sacco', 'film', 'natalizio']",4.105819486144991,3.7583433872564753,2.9716864046529277,3.9750429001463754,2.2918374358083446,3.2963063509357777,4.484892759803199,4.635842766550274,aspettativa
keqzkp1,11,10,"['invasione', 'storia', 'uomo', 'donna', 'fare', 'parte', 'resistenza', 'armato', 'vedere', 'film']",5.482712581947157,5.055134301584528,5.5129399129705225,5.3714034390779855,3.9435112579646714,5.561779133266267,6.172909000342234,6.296655246126182,aspettativa
keqy2rl,55,38,"['doppiaggio', 'problema', 'largo', 'scala', 'traduzione', 'parlare', 'esempio', 'film', 'riscontro', 'versione', 'film', 'classico', 'versione', 'italiano', 'risultare', 'ora', 'sicuro', 'parte', 'effetto', 'opera', 'sembrare', 'film', 'rovinare', 'doppiaggio', 'credere', 'live', 'pensare', 'base', 'fatto', 'ricercare', 'dare', 'impronta', 'doppiaggio', 'puntare', 'caso', 'genere', 'riscontrare', 'certo']",21.351463513595476,13.642480173268194,13.559461558374116,15.850389229064692,9.764863878152761,23.996324726010943,24.228563960095208,26.912835426199038,aspettativa
keqq8g9,3,3,"['inizio', 'film', 'fantascienza']",2.1785277775592164,1.2940340361804183,1.1073531533836407,1.7049868671635517,0.8414015464158184,1.8284457837416261,2.2728403866564397,2.24017993472582,sorpresa
keqfgvu,9,5,"['film', 'bambino', 'lavorare', 'centro', 'commerciale']",3.1492789221058892,2.3011883843223226,1.8891542895395186,2.102363328646204,1.7887300441287144,3.0392936050114057,3.123652456155466,3.1169275718686924,gioia
keqar1c,17,14,"['contrario', 'mandare', 'giovane', 'morire', 'fare', 'perdere', 'elezione', 'andare', 'morire', 'imparare', 'imparare', 'storia', 'film', 'americano']",6.451633047836331,6.925070563380366,7.018316321943499,6.928913013854104,4.4564375720316,6.839822782992326,7.959350698027368,7.973445069481557,aspettativa
keq7fji,1,0,[],0.0,0.0,0.0,0.0,0.0,0.0,0.0,0.0,neutrale
keq6btp,10,7,"['volere', 'restare', 'nome', 'film', 'porno', 'attore', 'morire']",4.492107497902325,3.7729870029763286,3.3034827779036657,3.747106955935056,2.2671666282666982,3.936310980468833,4.343066797158631,4.692159569818404,aspettativa
keq4ha9,17,14,"['avere', 'ragione', 'cercare', 'modo', 'fare', 'riferimento', 'possibile', 'primo', 'film', 'sostituire', 'film', 'sbagliare', 'dare', 'impressione']",7.942290668274807,4.797572376170342,4.792504164091598,5.628244170537908,3.32367060836986,8.643888361468951,8.525867618418424,10.111198690239933,aspettativa
keq3vni,25,19,"['primo', 'gatto', 'piacere', 'livello', 'trama', 'fantastico', 'punto', 'bello', 'avere', 'impressione', 'guardare', 'film', 'precedente', 'avere', 'altro', 'titolo', 'altro', 'personaggio', 'uguale']",11.898683560490383,5.898615450100193,6.343085595738441,8.045267728234894,4.668329216982948,11.806871057972417,13.078578256277643,13.519182692835162,aspettativa
keq2hys,9,7,"['folle', 'fare', 'paura', 'stagione', 'sembrare', 'film', 'catastrofico']",3.649815666973964,3.2553967096710252,3.1079782775836247,3.9246270252437734,2.1579988650191098,3.3197153460004554,4.6670466729005184,4.272586962676191,sorpresa
keq248u,51,34,"['partire', 'presupposto', 'tanto', 'fare', 'schifo', 'tradurre', 'video', 'grande', 'appassionato', 'cinema', 'concetto', 'news', 'portare', 'scorso', 'secolo', 'film', 'straniero', 'film', 'italiano', 'attore', 'professionista', 'nascere', 'grande', 'mito', 'bravo', 'esistere', 'film', 'meccanico', 'rendere', 'lingua', 'italiano', 'pensare', 'film', 'comico']",21.202600590192347,13.50504424785959,12.198544513057067,14.005245010503717,9.963778138336815,20.14843080010774,20.771949501104505,23.57729469908395,aspettativa
keq0xxq,37,31,"['trovare', 'paragonabile', 'primo', 'film', 'gatto', 'bello', 'sorpresa', 'sapere', 'ritornare', 'avere', 'origine', 'considerare', 'superiore', 'film', 'problema', 'terzo', 'fatto', 'avere', 'vero', 'identità', 'sembrare', 'parte', 'richiedere', 'tema', 'battuta', 'debole', 'fare', 'eccezione', 'parte', 'liceo', 'divertente']",19.861460691822504,11.511501020645031,11.918554024006447,13.74252262993389,8.299141710827673,18.779431921424163,20.549703187905834,20.7571870970794,aspettativa
kepztma,20,16,"['trovare', 'grande', 'trama', 'altro', 'film', 'capo', 'coda', 'inventare', 'senso', 'riempire', 'gatto', 'sommare', 'dispiaciuto', 'sembrare', 'avere', 'senso']",8.545821637996655,5.556872191142804,5.549875833486311,6.452224534935326,3.8107237695790785,8.502902279206483,10.1163717218358,10.385391853292088,aspettativa
kepse1y,13,7,"['cinema', 'parte', 'economico', 'finanziario', 'vedere', 'film', 'messaggio']",5.152899726424182,3.073267927682929,2.750258405693387,3.316688460974678,1.9351422734826351,3.8042003736506724,4.946384300659682,4.720484983655408,gioia
kepprvm,8,6,"['credere', 'sentire', 'usare', 'isolato', 'contesto', 'film']",2.9232860353248076,3.36997799543619,3.1853552184217855,3.6509775792930768,2.4471068776454046,3.161850807980999,3.494167615838305,3.5162722445139227,paura
kepgz12,85,76,"['scoppiare', 'guerra', 'primo', 'famiglia', 'confine', 'ucraino', 'lavorare', 'ufficio', 'primo', 'settimana', 'vedere', 'numero', 'basso', 'ucraino', 'arrivare', 'provincia', 'identificazione', 'accompagnare', 'parente', 'amico', 'italiano', 'compilare', 'modulo', 'indirizzo', 'numero', 'telefonico', 'italiano', 'collega', 'fresco', 'corso', 'dimenticare', 'famiglia', 'ospitare', 'comune', 'risiedere', 'finire', 'turno', 'persona', 'chiedere', 'scena', 'tipo', 'bastardo', 'gloria', 'film', 'nazista', 'uomo', 'andare', 'nascondere', 'moglie', 'lacrima', 'abbracciare', 'figlio', 'italiano', 'ospitare', 'spiegare', 'sentire', 'polizia', 'temere', 'peggio', 'senso', 'trovare', 'disertore', 'stare', 'consegnare', 'simile', 'leggere', 'rivedere', 'giorno', 'successivo', 'ufficio', 'arrivare', 'famiglia', 'uomo', 'ragazzo', 'età', 'nervoso']",41.301861180607325,33.757972782140484,31.75243265476675,33.02449214955152,24.483527835389474,43.69735156437221,42.105536481748345,46.681315125019836,aspettativa
keo880i,7,6,"['fascista', 'fascista', 'fascista', 'film', 'andare', 'occasione']",2.4588868195341833,3.477065894269573,3.3943605507141994,3.459680432286281,3.0964308416356614,2.1343907509687687,2.8469091559661797,2.5669035883164373,tristezza
keo827l,7,5,"['bello', 'film', 'iniziare', 'stesso', 'scena']",3.598574564738126,1.5146226699444212,1.5620994113439028,2.012973672766594,1.0173544323091603,2.9647272448091835,3.5367380687831944,3.530475102383666,gioia
keo6que,4,4,"['unico', 'film', 'avere', 'bisogno']",2.854678020691964,1.7941836001112432,1.6791242174577188,2.076554989217933,1.1518580488391772,2.708185479389906,2.602625825978773,2.8500130651266393,gioia
keo6pmu,13,6,"['scaricare', 'film', 'simile', 'fare', 'patatina', 'telefono']",3.3427729607807124,2.7379583244910393,2.8395183695706177,2.739356500625624,2.1145447561183044,3.590955871914297,3.643473206240696,4.173732306232061,aspettativa
keo5p8k,3,2,"['film', 'produrre']",1.2899704690504028,0.7499206549557463,0.6793534829980987,0.8438407231572287,0.49398126952489385,1.1862323711591107,1.0972054223481025,1.4809126509707617,aspettativa
kenuo6i,5,3,"['unico', 'film', 'piacere']",2.4451998992991397,1.204516005221057,1.0313970663939211,1.2634735914741446,0.7848821450023123,1.8990492021797187,2.002162807030736,2.1769855408376952,gioia
kemrdks,12,9,"['enorme', 'film', 'film', 'necessario', 'bastare', 'fare', 'altro', 'film', 'simile']",5.047598623538238,3.9750773162240867,3.7173405215820616,4.9462970778121145,2.7284675153841222,5.038294655130644,6.111176410348333,5.907986321137466,sorpresa
kemgdfe,40,35,"['pensare', 'andare', 'programma', 'attraversare', 'tempo', 'vicenda', 'garantire', 'peggiorare', 'bisognare', 'introdurre', 'guerra', 'sesso', 'portare', 'teoria', 'americano', 'risultato', 'volta', 'sentire', 'dire', 'vita', 'aspetto', 'fisico', 'aspetto', 'perfetto', 'bello', 'ragazza', 'tratto', 'andare', 'moda', 'rappresentazione', 'donna', 'film', 'videogioco', 'esistere', 'bisognare']",19.705459691093367,13.806481677148977,12.528453078017288,15.18503840782275,9.660503137915102,21.669282042517903,21.02862691967433,24.30484319859938,aspettativa
kem8gtj,21,19,"['guardare', 'sport', 'italiano', 'resto', 'inglese', 'film', 'serie', 'documentare', 'riferimento', 'notizia', 'giapponese', 'anima', 'doppiaggio', 'imbarazzante', 'parlare', 'cambiare', 'titolo', 'cazzo', 'roba']",10.45306209377086,6.712418771498439,7.234705755887034,7.145560757271687,5.58929289245783,10.453475962824738,11.468170208189663,11.814698346577723,aspettativa
kem60u0,5,4,"['cercare', 'vedere', 'film', 'riparlare']",2.851177796377912,1.6945154531421323,1.5912605974953415,1.8554532260033114,1.1277264562612903,2.6867811272317086,2.7554181724439712,3.0809816199131275,aspettativa
kelxxq0,18,13,"['annuale', 'rientro', 'estero', 'trovare', 'roba', 'guardare', 'canale', 'roba', 'cucina', 'vecchio', 'film', 'culto', 'abolire']",6.118450571771129,6.523401018796457,5.948506145473073,6.199772798785303,4.815980827256606,6.39052932175642,7.496658124757497,7.329593209753837,sorpresa
kelww1e,12,11,"['affermazione', 'sembrare', 'esagerare', 'pensare', 'vedere', 'leggero', 'pari', 'film', 'problema', 'effetto', 'applicazione']",6.868949941506303,4.241800739457227,4.4662871512030495,4.769960825545746,2.966569810595818,6.904235760008514,7.192199352745058,7.647063328840119,aspettativa
kelsp25,22,16,"['dispiacere', 'confusione', 'film', 'svolgere', 'futuro', 'post', 'seguire', 'storia', 'parte', 'mondo', 'esplorare', 'problema', 'legare', 'globale', 'film', 'cercare']",8.517593972249108,8.156323677367881,7.8129635331381815,9.47437887399975,5.592209700126808,8.96789043362685,10.892966631374236,10.451409802669692,sorpresa
kelqffb,38,27,"['cosa', 'piacere', 'mangiare', 'solito', 'tipo', 'fare', 'torta', 'ballare', 'casa', 'fare', 'telefonata', 'scherzare', 'esistere', 'testimone', 'disagio', 'umanità', 'legge', 'guardare', 'film', 'osservare', 'soffitto', 'interrogare', 'senso', 'vita', 'telefono', 'autunno', 'prossimo']",16.32973860510139,10.532870291630486,9.499188078892946,11.888696308543079,7.481768490438609,16.250187575369548,16.69893788440914,18.159084646464393,aspettativa
kelqbst,24,18,"['film', 'lenzuolo', 'dirigere', 'trama', 'coinvolgere', 'colpire', 'globale', 'seguire', 'storia', 'giovane', 'italiano', 'variare', 'utile', 'verificare', 'informazione', 'confermare', 'film', 'cercare']",11.313315356920496,7.099372288889097,7.096691277250473,8.366675835240304,5.081324625858942,10.806256541902956,11.0773680391446,12.385117301168108,aspettativa
kelhu9d,23,15,"['attore', 'fregare', 'estero', 'film', 'vendere', 'rapporto', 'professionale', 'storico', 'credere', 'paragone', 'rispetto', 'avere', 'sensibilità', 'diverso', 'giusto']",8.725876496422522,6.0513486824425495,5.804427669695366,6.915144156355074,4.650104674476464,9.763090009698258,8.290014610866681,9.739695598945122,fiducia
kelh42d,15,12,"['avere', 'diritto', 'dire', 'fare', 'schifo', 'cosa', 'diverso', 'film', 'piacere', 'fotografia', 'sceneggiatura', 'attore']",6.867599004410464,4.790569183451054,4.802134437388197,5.335641570862096,4.766320552682711,6.93169562543896,7.15452477823953,8.086771770570936,aspettativa
kelca0u,53,48,"['opera', 'esistere', 'vuoto', 'contare', 'sensazione', 'provare', 'singolo', 'spettatore', 'dire', 'vedere', 'piacere', 'bello', 'film', 'vedere', 'via', 'scatenare', 'mare', 'sensazione', 'ispirazione', 'cambiare', 'vita', 'andare', 'dire', 'capire', 'cazzo', 'provare', 'falso', 'film', 'vedere', 'lingua', 'originale', 'trovare', 'buono', 'possibilità', 'sensazione', 'provare', 'simile', 'provare', 'vedere', 'film', 'capire', 'frequentare', 'rifiutare', 'parlare', 'persona', 'vedere', 'film', 'lingua']",32.94368508715629,19.43618124587253,18.567787429111398,22.055396702922565,14.770714593485755,30.193287393764454,32.32179844395843,32.8450162256482,gioia
kelaeqv,5,4,"['consigliare', 'film', 'trovare', 'parlare']",2.9591603719284456,1.6651275908600236,1.5178078842889198,1.803456196460915,0.9895399649952855,2.781056753969363,2.7291434441826556,2.9257163879600827,gioia
kel5vnp,15,9,"['bello', 'volere', 'perdere', 'film', 'avere', 'criminale', 'rimanere', 'buono', 'livello']",5.515603007945822,3.9657622656453504,3.9815212802882765,4.08731754074718,2.64301608805749,4.746975492364755,5.522974977005082,5.46152127479151,sorpresa
kel5pd4,27,17,"['doppiaggio', 'televisione', 'roba', 'simile', 'altro', 'estero', 'documentario', 'fare', 'pena', 'dire', 'parte', 'serie', 'film', 'altro', 'livello', 'altro', 'lingua']",8.65970035141542,6.493675995853718,6.578023335307555,7.8228483924817045,5.365157159043838,8.781355808811206,10.798107191999115,10.169862860261711,sorpresa
kel5mc2,63,50,"['primo', 'mese', 'stare', 'finire', 'volta', 'vita', 'avere', 'entusiasmo', 'piano', 'cosa', 'fare', 'girare', 'nuovo', 'chiamare', 'capo', 'nuovo', 'bastare', 'chiedere', 'mese', 'cosa', 'andare', 'rientro', 'frequente', 'costringere', 'accettare', 'fine', 'anno', 'fare', 'lavoro', 'fare', 'schifo', 'primo', 'volta', 'vita', 'mettere', 'piangere', 'dire', 'causa', 'persona', 'film', 'paio', 'occasione', 'telefonata', 'casa', 'giorno', 'colmo', 'mettere', 'trovare', 'altro', 'dare']",30.037936728676176,21.254788991227286,18.896942042359388,22.565348081967894,14.324433974305261,30.308176950147878,30.601647801086944,34.12443247361533,aspettativa
kel3f0s,20,17,"['dire', 'avere', 'senso', 'televisione', 'volta', 'cosa', 'sito', 'film', 'serie', 'vedere', 'film', 'nuovo', 'andare', 'cinema', 'canale', 'avere', 'senso']",9.974705792699917,6.861557666522954,6.08778551599527,7.6538490324135475,5.122456918128603,8.947328999521574,11.13963956374643,10.817432073775377,sorpresa
kel2u4b,92,71,"['piacere', 'cosa', 'sembrare', 'giovane', 'stesso', 'cosa', 'fascista', 'scherzare', 'discussione', 'serie', 'soggetto', 'politico', 'opinione', 'standard', 'società', 'orientale', 'giorno', 'puntare', 'dito', 'ragazzo', 'rissa', 'vittima', 'bullismo', 'scuola', 'violenza', 'stesso', 'situazione', 'fare', 'gioventù', 'fare', 'accusa', 'postare', 'cosa', 'cercare', 'cugino', 'vedere', 'avere', 'discussione', 'serio', 'fare', 'dare', 'risposta', 'andare', 'via', 'terapia', 'avversione', 'vedere', 'film', 'bambino', 'riga', 'uomo', 'cuore', 'ferro', 'migliore', 'azione', 'commedia', 'ragazzo', 'appassionato', 'videogioco', 'gioco', 'azione', 'ambientare', 'fascista', 'gioco', 'svolgere', 'orrore', 'guerra', 'esplorare', 'effetto', 'tempo', 'reale']",40.139678556358334,28.712730002581758,28.990588280689945,32.66387109109334,22.895209175408223,40.655176847499476,40.752633351191214,44.46833045642368,aspettativa
kel2sjg,26,19,"['guardare', 'altro', 'lingua', 'avere', 'film', 'americano', 'avere', 'sud', 'bello', 'differenza', 'personaggio', 'diverso', 'esigenza', 'copione', 'dialogo', 'avere', 'accento', 'base', 'romano']",11.172744936183964,6.848285030167271,7.504658363805755,8.89651420969428,5.347456072146608,11.281310486677382,13.150322997991127,13.283674828515746,aspettativa
kel228t,26,22,"['doppiaggio', 'abominio', 'italiano', 'film', 'telefilm', 'italiano', 'giorno', 'notare', 'guardare', 'scena', 'cavallo', 'voce', 'registrare', 'studio', 'suono', 'presa', 'diretto', 'fare', 'paese', 'capire', 'pulire', 'naturale']",14.281675181902118,8.894006050703073,8.98491790527199,9.183979812438487,7.114813444232396,13.17886608069478,14.073944849693339,14.414982243064488,aspettativa
kel0ztx,57,44,"['concludere', 'iniziare', 'scrivere', 'doppiaggio', 'fare', 'ripetere', 'difendere', 'spada', 'trattare', 'caso', 'presentare', 'sembrare', 'inutile', 'doppiaggio', 'migliorare', 'fare', 'esempio', 'stupido', 'serie', 'protagonista', 'versione', 'originale', 'avere', 'voce', 'modo', 'parlare', 'vissuto', 'traspare', 'sofferenza', 'doppiaggio', 'italiano', 'sembrare', 'provare', 'vedere', 'differenza', 'prendere', 'esempio', 'massimo', 'film', 'serie', 'normale', 'differenza', 'mostruoso', 'ciao']",24.292913894103293,17.12289008736671,16.464398753148444,19.11887770965504,12.02665401641513,27.03961173190599,27.1584037949308,30.62952310597814,aspettativa
kel0h1d,10,8,"['volta', 'vedere', 'film', 'spagnolo', 'inglese', 'atroce', 'preferire', 'spagnolo']",5.413407878323375,2.8605222451251953,2.9364516847098114,3.1279515139370546,2.2832752512293224,4.267727956774752,4.666026058346555,4.801758771840668,gioia
kekyiuy,22,17,"['cinema', 'volta', 'mese', 'fare', 'passare', 'voglia', 'film', 'iniziare', 'aprire', 'sala', 'parte', 'pubblicità', 'parte', 'film', 'video', 'sala', 'buono']",11.589621852066474,7.0204249561616106,6.0128827878838065,7.707094464144601,4.484852577543552,9.750615332871476,11.154615172963403,11.714445816069226,aspettativa
kekuqbk,19,16,"['aumentare', 'lavoro', 'tempo', 'stretto', 'portare', 'termine', 'lavorazione', 'pensare', 'serie', 'film', 'uscire', 'mondo', 'tempo', 'lavoro', 'aumentare', 'basso']",8.712139599465338,7.55658075445541,6.3380162019261,7.703592344012916,4.685487157613625,9.200408243993333,9.36207441664537,11.176847377320037,aspettativa
kekujo2,79,60,"['pulizia', 'cosa', 'dare', 'fastidio', 'cinema', 'abito', 'minuto', 'macchina', 'smettere', 'bagno', 'sembrare', 'concerto', 'sedile', 'avere', 'aria', 'incredibile', 'film', 'iniziare', 'cazzo', 'minuto', 'orario', 'prevedere', 'film', 'casa', 'merda', 'mettere', 'intervista', 'proiezione', 'pausa', 'avere', 'senso', 'caso', 'momento', 'adatto', 'film', 'avere', 'pausa', 'pubblicità', 'tagliare', 'cazzo', 'cane', 'metà', 'dialogo', 'grande', 'catena', 'trovare', 'facile', 'fare', 'cartello', 'investimento', 'resa', 'ignoto', 'spettatore', 'restare', 'migliaio', 'unico', 'film', 'valere', 'pena', 'vedere']",34.721123696430425,23.16673982943571,22.307315173139543,27.02525854733551,17.359215877803813,33.451764895461146,37.85161631415637,39.58175334022315,aspettativa
keksot3,92,64,"['verità', 'assoluto', 'doppiaggio', 'film', 'parte', 'film', 'interpretazione', 'attore', 'scelta', 'regista', 'pensare', 'parte', 'stesso', 'livello', 'superiore', 'bello', 'buono', 'persona', 'grande', 'attore', 'vedere', 'recitare', 'citare', 'memoria', 'tono', 'battuta', 'film', 'tono', 'voce', 'pazzesco', 'originale', 'altro', 'cosa', 'vero', 'senso', 'termine', 'interpretazione', 'contesto', 'linguistico', 'perdere', 'battuta', 'gente', 'capire', 'considerare', 'stupido', 'imparare', 'contesto', 'altro', 'paese', 'battuta', 'riferimento', 'gioco', 'fare', 'riferimento', 'migliore', 'doppiaggio', 'italiano', 'osceno', 'parere', 'sentire', 'volta', 'opera', 'sud', 'americano']",38.57799297678705,24.7936051543043,25.41622482055869,27.922329696424303,20.219732268538127,38.207324448085465,41.376178935538796,41.69879066615244,aspettativa
keks6n9,6,6,"['guardare', 'film', 'programma', 'lingua', 'originale', 'sapere']",4.268956920178864,1.7440254518741853,1.5624143569030684,1.9746386998790264,1.2051159774338343,3.9287263433090844,3.846408018750584,4.553881973606415,aspettativa
j2fom65,51,39,"['domanda', 'terzo', 'risposta', 'merda', 'centro', 'doppio', 'facile', 'sfogliare', 'curiosità', 'senso', 'alternativa', 'terzo', 'libro', 'primo', 'saga', 'vedere', 'primo', 'fare', 'film', 'avere', 'idea', 'trattare', 'film', 'parte', 'complesso', 'assoluto', 'libro', 'citare', 'roba', 'fantascienza', 'aspetto', 'interessante', 'filosofico', 'commento', 'genere', 'prendere', 'roba', 'incredibile', 'reddito']",22.14932972539317,13.865696490680978,14.325654497782628,16.586274970294504,11.009806165193224,22.33377947747404,25.651615356892144,26.435324924761144,aspettativa
j2f7cdy,78,68,"['bello', 'libro', 'strada', 'casa', 'raccontare', 'storia', 'vero', 'bambino', 'anno', 'perdere', 'finire', 'adottare', 'famiglia', 'crescere', 'usare', 'trovare', 'minuscolo', 'villaggio', 'sapere', 'nome', 'paese', 'provenienza', 'parte', 'venire', 'storia', 'vero', 'film', 'fare', 'sacco', 'documentare', 'intervista', 'storia', 'telegiornale', 'epoca', 'raccontare', 'storia', 'ragazzo', 'ritrovare', 'madre', 'anno', 'libro', 'entrare', 'stesso', 'raccontare', 'intervista', 'sentire', 'storia', 'divenire', 'famoso', 'chiedere', 'facilitare', 'ricerca', 'rispondere', 'vedere', 'strada', 'camminare', 'avere', 'idea', 'iniziare', 'intervista', 'particolare', 'trovare', 'libro', 'valere', 'pena', 'storia', 'incredibile', 'leggere']",43.933650339027416,26.258101598675182,24.116844636372022,28.012880220399193,17.03655298835774,43.46620006594799,45.35597678902186,48.648568924467845,aspettativa
j2ebzb5,25,17,"['fine', 'fascismo', 'ottimo', 'esempio', 'media', 'esempio', 'cosa', 'pensare', 'nazista', 'trovare', 'film', 'efficiente', 'ordinare', 'nazista', 'dipinto', 'cretino', 'ridicolo']",8.007759328217386,8.134511761595084,7.891239452446952,7.855458629911395,6.6347939570528185,8.928896425427352,9.166632976636805,9.83044188245748,aspettativa
j2eaelo,54,46,"['persona', 'capire', 'cittadino', 'innocente', 'avere', 'voce', 'capitolo', 'guerra', 'persona', 'guardare', 'cittadino', 'ucraino', 'guardare', 'russo', 'prendere', 'unico', 'vero', 'colpevole', 'fare', 'esempio', 'vietare', 'film', 'twitter', 'aprire', 'carta', 'credito', 'russo', 'usare', 'comprendere', 'uso', 'internet', 'andare', 'subire', 'grande', 'azienda', 'vedere', 'alleato', 'distruggere', 'vita', 'migliaio', 'russo', 'prendere', 'umanitario', 'cittadino', 'perdere', 'lavoro']",23.477170997854373,20.43589610262453,21.539686939472276,21.938034984041714,17.000949210579765,26.959743736605727,26.289385410820515,28.92301780999325,aspettativa
j2dvitq,43,36,"['film', 'credere', 'partecipare', 'programma', 'simile', 'indovinare', 'canzone', 'scena', 'comico', 'dare', 'fatto', 'canzone', 'indovinare', 'nota', 'domanda', 'approfondire', 'canzone', 'parente', 'meteo', 'giorno', 'comporre', 'canzone', 'sentire', 'nota', 'solo', 'cuffia', 'puntata', 'televisivo', 'proibito', 'scena', 'sogno', 'occhio', 'aperto', 'dire', 'puntata', 'parere']",23.238428203881654,14.256555989840987,12.46954117063347,15.056035957435567,8.912650460874026,21.537459637726013,23.87448500298857,24.569862031707498,aspettativa
j2d1eby,14,12,"['primo', 'volta', 'fare', 'film', 'figura', 'sperare', 'volta', 'restare', 'coerente', 'storia', 'evitare', 'criminale']",6.710270109837333,5.446618198291126,5.2004189327065395,5.724391729816478,3.7917119758401077,7.041267728579056,7.002867244599426,8.071248877177942,aspettativa
j2d1afx,8,7,"['vedere', 'bello', 'film', 'discorso', 'finale', 'protagonista', 'risposta']",4.917200910050989,2.5612877682914625,2.343043576789073,3.11806035938387,1.6763241953498051,4.130850813705495,4.854215829436244,5.0843820490463605,aspettativa
j2cztk8,163,120,"['ipocrisia', 'occidentale', 'bambino', 'guardare', 'asilo', 'medio', 'anno', 'sembrare', 'discesa', 'documentario', 'dipendente', 'anno', 'storia', 'ipocrisia', 'guardare', 'tenere', 'bambino', 'genitore', 'videogioco', 'personaggio', 'nudo', 'persona', 'passare', 'storto', 'controllare', 'personaggio', 'correre', 'pene', 'aria', 'nudo', 'maschile', 'motivo', 'film', 'nudo', 'femminile', 'interno', 'nudo', 'maschile', 'unico', 'pena', 'vedere', 'cinema', 'ragazza', 'commedia', 'anno', 'ragazza', 'protetto', 'maschio', 'fare', 'buco', 'donna', 'andare', 'nudo', 'sessualità', 'mano', 'insegnare', 'normale', 'andare', 'giro', 'nudo', 'violenza', 'normale', 'parere', 'fine', 'prete', 'strega', 'piazza', 'bambino', 'intimità', 'bisogno', 'sessuale', 'mito', 'maschile', 'violento', 'violenza', 'diventare', 'fare', 'compromesso', 'comprare', 'bambino', 'videogioco', 'violento', 'desiderare', 'violento', 'vitale', 'interno', 'casa', 'ambiente', 'fare', 'allenare', 'movimento', 'andare', 'giro', 'confuso', 'cattivo', 'relazione', 'sessualità', 'stesso', 'educazione', 'sessuale', 'discorso', 'ricordare', 'parte', 'religioso', 'fare', 'sesso', 'matrimonio', 'cattivo', 'relazione', 'corpo', 'crescita', 'persona', 'corpo', 'sapere', 'corpo', 'sapere', 'dare', 'pugno', 'premere', 'tasto']",70.5989961922497,47.33789896014067,45.700903309161376,54.039348459236,37.822014421986395,72.63698173358223,70.61762958877452,75.32187718201328,aspettativa
j2awssv,51,41,"['fare', 'altro', 'ieri', 'volere', 'creare', 'film', 'mentale', 'avere', 'ragione', 'migliaio', 'cosa', 'disgustoso', 'fare', 'dire', 'fornire', 'prova', 'importante', 'cosa', 'spada', 'trattare', 'costo', 'affermare', 'terra', 'critica', 'rispondere', 'lavorare', 'passare', 'tempo', 'sfuggire', 'mente', 'brillante', 'mezzo', 'età', 'andare', 'anno', 'avere', 'mondo', 'mezzo', 'età', 'dire', 'cosa']",22.48220289849513,18.943791419283446,18.023670176607233,21.14732680306466,14.658907388939852,24.282194244407425,23.487471091229953,27.02873220675062,aspettativa
j2atg61,29,23,"['sera', 'avere', 'fare', 'arresto', 'fare', 'ridere', 'età', 'avere', 'anno', 'equivalere', 'uomo', 'donna', 'età', 'strano', 'cagare', 'scrivere', 'supposizione', 'film', 'mentale', 'creare', 'testa', 'parlare', 'scopare']",14.016533842439559,8.781036448895017,8.888748097847651,10.383108107483107,6.957784270122919,14.203841245685561,13.435554463359296,15.516324797368126,aspettativa
j29zsha,36,28,"['mancare', 'scena', 'cavallo', 'riportare', 'pagina', 'avere', 'film', 'diverso', 'testa', 'realtà', 'trattare', 'libro', 'famoso', 'storia', 'originale', 'bello', 'scritto', 'sapere', 'associare', 'sacco', 'emozione', 'negativo', 'serie', 'ricordare', 'maniera', 'caso', 'riguardo', 'piacere']",16.781585679019273,11.902894333254816,11.091385824979051,13.264540300878105,8.452400845575083,16.384272407073414,18.19365954860498,18.55198853161097,aspettativa
j29ytnb,20,18,"['pensiero', 'leggere', 'post', 'venire', 'mente', 'scena', 'film', 'interpretare', 'parlamentare', 'informare', 'indagare', 'rispondere', 'arrivare', 'arrivare', 'sbattere', 'cazzo', 'immagine', 'scrivere']",10.853364590235966,7.676054990088582,8.930903119332076,9.0306290541507,7.006733717297158,10.30085800301134,12.052567996570877,11.871192747659512,sorpresa
j29rwvf,16,13,"['amaro', 'vedere', 'resto', 'storia', 'nuovo', 'soggetto', 'ammettere', 'finanziare', 'film', 'videogioco', 'principio', 'cambiare', 'scopo']",8.129505708524242,5.477847459107048,4.978016356208131,6.713329767545119,3.7672585137355146,7.672164922555149,8.743925530463398,8.83524752831522,aspettativa
j297hov,59,38,"['realtà', 'problema', 'giovane', 'accusare', 'vivere', 'periodo', 'giro', 'aria', 'status', 'periodo', 'periodo', 'mondo', 'esistere', 'rivoluzione', 'finire', 'giovane', 'andare', 'accendere', 'trovare', 'materiale', 'livello', 'autore', 'valere', 'autore', 'musica', 'attuale', 'valere', 'anno', 'creare', 'film', 'serie', 'giovane', 'eterno', 'fare', 'disegnare', 'computer', 'restare', 'storia']",23.859436047948435,15.20734425493093,14.44649956794864,16.700787202465545,9.918689628272418,24.592833912796543,24.37547158119645,27.258268571116595,aspettativa
j296ahy,17,14,"['aggiungere', 'tetta', 'film', 'fatto', 'girare', 'scena', 'persona', 'doccia', 'uomo', 'donna', 'irrealistico', 'asciugamano', 'fare', 'scena']",8.639075125365514,4.459960195770449,5.087754827177008,5.825602739525776,3.7017811874599036,7.8218986805384745,9.686940938372317,9.867833846778263,aspettativa
j28w99p,14,9,"['comodo', 'sostituire', 'film', 'scena', 'importante', 'pellicola', 'preferire', 'sorpresa', 'finale']",5.485508121912213,3.3979616288228867,3.7134242076931896,4.040221719767757,2.8536762658581702,4.681610375420008,6.187848442147347,6.071535928730757,sorpresa
j28w4od,3,3,"['bello', 'stare', 'film']",2.2702009485467047,1.175542230254815,0.9727875766286669,1.1998966332072567,0.7315501345935913,1.6122074656018834,2.175595178246772,2.096900524895421,gioia
j28qksy,45,34,"['bisognare', 'fare', 'distinzione', 'libro', 'ottimo', 'strumento', 'motivo', 'studio', 'forum', 'argomento', 'interessare', 'lettura', 'fare', 'intendere', 'libro', 'strumento', 'efficace', 'valido', 'comportare', 'narrativo', 'serie', 'film', 'strumento', 'superiore', 'modesto', 'parere', 'rendere', 'libro', 'occhio', 'mente', 'inefficace', 'libro', 'fonte', 'informazione']",19.84869469790082,12.214166991573723,11.62144011107689,13.742287537348437,9.415745181433094,22.111977583951173,21.600394117800494,23.894033757654793,aspettativa
j28p6gc,13,8,"['parlare', 'grazie', 'cazzo', 'violenza', 'stare', 'film', 'cazzo', 'scusa']",4.169020405812149,3.5005974935851816,4.073636947185963,3.6737949854951806,3.1037863868721827,3.9428827974505642,4.962632309924351,4.4754363671151545,sorpresa
j28ougl,20,13,"['parlare', 'film', 'violenza', 'sbagliare', 'fare', 'parte', 'bene', 'male', 'film', 'videogioco', 'limitare', 'divieto', 'età']",6.36436269882871,7.153079228578253,7.1157132681055355,7.511122335781008,5.258095401771521,5.987407749786249,7.442948831054104,7.062775249738948,paura
j28onoj,20,14,"['parlare', 'erotismo', 'marea', 'film', 'parte', 'sfondo', 'sessuale', 'parlare', 'corpo', 'nudo', 'trama', 'prevedere', 'fine', 'stesso']",9.011100691079902,5.624140551554897,4.871113308610356,5.990632238368519,3.6066272616888115,8.117308163073137,8.703590051817482,8.602726264846464,gioia
j28ft3p,10,8,"['presente', 'cambiare', 'volgare', 'notte', 'esame', 'film', 'ambientare', 'anno']",4.321459850181003,3.5108300102603143,3.047427886812181,4.338763092945027,2.508274688070462,4.33958866886757,5.020500194403392,5.487571581590318,aspettativa
j28far7,26,20,"['vedere', 'periodo', 'post', 'natalizio', 'tetta', 'fare', 'storia', 'avere', 'ragione', 'film', 'primo', 'anno', 'distribuire', 'fare', 'livello', 'fotografia', 'luce', 'dialogo', 'bellezza', 'sembrare']",13.47138981918098,6.453923380586543,6.085694350252926,7.1619243794583625,4.382370367912431,13.047174511824986,13.052896933444016,14.663300441988518,aspettativa
j28cv32,38,30,"['bello', 'anno', 'punto', 'caso', 'generale', 'caso', 'specifico', 'europeo', 'pensare', 'trattare', 'diverso', 'americano', 'epoca', 'vedere', 'donna', 'nudo', 'comprare', 'andare', 'cinema', 'aggiungere', 'scena', 'portare', 'soldo', 'immagine', 'difficoltà', 'aggiungere', 'tetta', 'film', 'aggiungere', 'vedere']",16.86534328056159,11.332551989851751,11.965691396119983,13.850941648093379,8.902004330552485,16.17533135351173,19.63326669032929,19.023342838829144,sorpresa
j28clc8,6,4,"['bello', 'film', 'anno', 'pelo']",2.327098596189935,1.5066287076659015,1.3247423739817028,1.5370105362508313,1.5379523201242933,1.826514228801893,2.3961366493611456,2.445602897649293,aspettativa
j289vyw,114,87,"['servizio', 'fare', 'chiaro', 'messaggio', 'trasmettere', 'chiaro', 'nascere', 'vedere', 'usare', 'telefono', 'disco', 'cassetta', 'cosa', 'generale', 'chiamare', 'fatto', 'nuovo', 'generazione', 'dispositivo', 'perdere', 'perdere', 'contatto', 'umano', 'reale', 'persona', 'pieno', 'chiedere', 'fare', 'nuovo', 'amicizia', 'capire', 'funzionare', 'cosa', 'leggere', 'manuale', 'uso', 'oggetto', 'acquistare', 'stesso', 'discorso', 'aiuto', 'sapere', 'tecnologia', 'insegnare', 'usare', 'avere', 'disposizione', 'ragazzino', 'costringere', 'imparare', 'imparare', 'fare', 'cosa', 'fare', 'fare', 'cosa', 'cambiare', 'parametro', 'crisi', 'altro', 'esempio', 'sistema', 'operativo', 'fare', 'grado', 'scaricare', 'film', 'mandare', 'iniziare', 'usare', 'schermo', 'nero', 'grado', 'mandare', 'avere', 'anno', 'nuovo', 'generazione', 'diverso', 'meglio', 'peggio', 'avere', 'esperienza', 'vedere', 'cosa', 'maniera', 'diverso']",51.134019711652556,32.748624458655016,30.688006169755422,37.88493105563196,24.376901681724647,55.85482508798858,50.87222824810607,59.03325657970122,aspettativa
j288pkc,51,39,"['sesso', 'estensione', 'imbarazzante', 'osservare', 'presenza', 'specie', 'rischio', 'reazione', 'familiare', 'sesso', 'vivere', 'fare', 'parte', 'intimità', 'adulto', 'film', 'drammatico', 'scena', 'sesso', 'spingere', 'familiare', 'arrivare', 'passo', 'prestare', 'considerazione', 'misura', 'forma', 'fare', 'sapere', 'fare', 'sapere', 'fare', 'imbarazzo', 'caso', 'fare', 'parte', 'intimità', 'provocare', 'imbarazzo']",23.243144856098507,13.121298842617072,13.881493426543534,17.6896704703648,10.460916525508567,24.73173396969027,23.91772422410558,25.86510291467278,aspettativa
j286iui,39,26,"['più', 'impronta', 'americano', 'esempio', 'film', 'europeo', 'nudo', 'tempo', 'muto', 'stare', 'semplificare', 'periodo', 'atteggiamento', 'angosciato', 'venire', 'mente', 'battuta', 'credere', 'dire', 'film', 'americano', 'vedere', 'vietare', 'vedere', 'coltello', 'andare']",13.399712434302995,11.860792611501932,12.165428132552393,13.196460598889722,9.304268216987051,14.427029848444024,15.61073387943705,15.93217566772806,aspettativa
j286irk,25,21,"['sembrare', 'giovane', 'scena', 'violento', 'stesso', 'gioco', 'riportare', 'giovane', 'tipologia', 'videogioco', 'avventura', 'natura', 'violento', 'esempio', 'videogioco', 'discorso', 'generale', 'media', 'film', 'giovane', 'adulto']",12.013294694654695,7.537845797214263,8.198000167492559,9.655492216218253,5.623533955300914,11.45430386724345,13.853354367810935,12.941506830545624,sorpresa
j285a57,30,24,"['mettere', 'vita', 'sdoganare', 'tatuaggio', 'sesso', 'pensare', 'voglia', 'pensare', 'bastare', 'sensazione', 'presente', 'film', 'scena', 'sesso', 'fianco', 'genitore', 'pensare', 'fare', 'pudore', 'motivo', 'sensibilità', 'simile', 'scena', 'sesso']",15.828913561548088,9.819214247859822,9.621170413976875,11.170147220504159,7.722872715125852,16.725958851117333,15.03506673138284,18.020802425699685,aspettativa
j25fru1,133,107,"['parte', 'scuola', 'viaggio', 'memoria', 'enorme', 'sembrare', 'gruppo', 'stanza', 'terzo', 'piano', 'uscire', 'ascensore', 'sembrare', 'finire', 'lato', 'ascensore', 'estendere', 'corridoio', 'fine', 'blu', 'pavimento', 'finestra', 'stesso', 'colore', 'lasciare', 'filtrare', 'luce', 'unico', 'lampadina', 'metro', 'stanza', 'ultimo', 'fondo', 'corridoio', 'porta', 'appendere', 'miracolo', 'notte', 'caduta', 'fare', 'prendere', 'infarto', 'altro', 'stanza', 'piccolo', 'punto', 'passare', 'letto', 'forza', 'passare', 'bagno', 'luce', 'funzionare', 'doccia', 'buio', 'terrazzo', 'laterale', 'tubo', 'uscire', 'odore', 'nauseante', 'rimanere', 'finestra', 'rimanere', 'chiuso', 'generale', 'intero', 'hotel', 'sembrare', 'set', 'film', 'punto', 'notte', 'porta', 'stanza', 'crollare', 'piede', 'pronto', 'eventuale', 'aggressore', 'scappare', 'chiudere', 'occhio', 'dormire', 'cuscino', 'pronto', 'autodifesa', 'dimenticare', 'torta', 'intero', 'hotel', 'buco', 'nero', 'tacco', 'connessione', 'internet', 'compagnia', 'usato', 'faccia', 'altro', 'studente', 'giorno', 'credere', 'stanza', 'avere', 'problema', 'simile']",55.83238914587729,41.96164668857621,37.36365120204708,47.96921123466632,28.877281896884156,56.975477397473,59.48839301325289,63.84696584631166,aspettativa
j24xggt,25,14,"['primo', 'modo', 'vedere', 'targa', 'costo', 'provocare', 'vecchio', 'carico', 'sale', 'vendicare', 'meccanico', 'film', 'figlio', 'fiore']",7.1999605421747415,5.851927208383548,6.411850169018399,5.902382642216525,4.445760411212307,7.002423483476368,7.923782063472728,8.314655012529178,aspettativa
j24u09n,4,4,"['interessante', 'vedere', 'film', 'preferito']",3.1816219035427933,1.218537913264476,1.1975716412404422,1.3759262935844527,0.8971144480363262,2.4732048095975587,2.6826155062564,2.9881225775110503,gioia
j246wrp,9,5,"['film', 'persona', 'film', 'preferito', 'momento']",3.302894843039136,2.5691012602562466,2.520149459428783,2.9017530246401084,2.0697106301154284,2.937877873267407,3.341200107586176,3.178666788247604,sorpresa
j23qcra,34,25,"['vedere', 'anno', 'rapire', 'ammazzare', 'comportamento', 'fratello', 'tenere', 'occhio', 'eventuale', 'film', 'guardare', 'disegnare', 'scena', 'scrivere', 'cosa', 'inquietante', 'ammazzare', 'animale', 'dimostrare', 'rimorso', 'mostrare', 'dissociazione', 'mancanza', 'avere', 'problema']",12.465640817910389,13.375560594357125,13.203842983966034,14.207878845386789,10.278276831785979,13.753603956380049,15.617393823751824,15.419099255515512,sorpresa
j23klm6,56,48,"['vedere', 'serie', 'fedele', 'evento', 'serie', 'scena', 'lettera', 'telefonata', 'video', 'intervista', 'accadere', 'intendere', 'dire', 'inventare', 'storia', 'base', 'rimanere', 'valere', 'usare', 'nome', 'storia', 'vero', 'primo', 'cosa', 'trovare', 'online', 'cosa', 'stupire', 'film', 'episodio', 'vita', 'strada', 'libertà', 'togliere', 'aggiungere', 'pezzo', 'piacere', 'regista', 'ammettere', 'fatto', 'film', 'storia', 'interessante', 'bisogno', 'intervento', 'sceneggiatura', 'statunitense', 'forte']",29.325077795395256,20.408107881655056,19.580058860466487,22.289305643947046,14.21905515805561,28.927981716161103,32.25584608304701,32.98093999384982,aspettativa
j235puj,45,37,"['domanda', 'difficile', 'scegliere', 'rispondere', 'film', 'legare', 'livello', 'sentimentale', 'capolavoro', 'avvicinare', 'sbaglio', 'mostro', 'sacro', 'quarto', 'potere', 'punto', 'vista', 'bello', 'film', 'gruppo', 'amico', 'vivere', 'avventura', 'avvicinare', 'paura', 'rappresentare', 'comprendere', 'capire', 'diventare', 'effetto', 'salvo', 'amico', 'personaggio', 'caratterizzare', 'avviso', 'ovvio', 'parte']",21.68671390230346,13.661590823784524,13.449351925782873,17.133739995724085,10.268171455570938,22.634464103244156,22.4474294337369,24.92290931106156,aspettativa
j22tngi,29,20,"['vedere', 'centinaio', 'volta', 'estendere', 'riflessione', 'film', 'lista', 'allungare', 'tanto', 'titolo', 'ex', 'scappare', 'film', 'paese', 'vecchio', 'rendere', 'conto', 'finire', 'lista', 'fermo']",10.297839614980424,9.738148172738835,8.24931219961798,10.181552101200133,6.266770649781833,11.230749613775734,12.074153241004296,13.208974915241066,aspettativa
j229p05,10,7,"['club', 'vedere', 'volta', 'grande', 'film', 'mancare', 'perfetto']",4.663933343738336,3.235233004971508,2.9572786814900414,3.0591630034090667,1.834807773893266,4.180808863114843,4.03523142416769,4.380408960354255,gioia
j21d9a8,26,21,"['fatto', 'basare', 'serie', 'accadere', 'ricordare', 'parlare', 'film', 'serie', 'fedele', 'avvenimento', 'stravolgere', 'inventare', 'fare', 'avvenire', 'coinvolgere', 'pubblico', 'fratello', 'prendere', 'vedere', 'serie', 'generale']",13.769255220773797,7.612546396453956,7.11307972981495,8.24383818385279,4.9361382272095975,14.243894966693423,12.847643783542791,14.496745910194566,aspettativa
j20vklh,6,6,"['casa', 'madre', 'cena', 'film', 'pensare', 'dormire']",4.794388854281825,2.418394148273622,1.9696838484627646,2.2547281554721623,1.4035505213569117,4.256462209936514,3.6999859036822276,4.211509175845697,gioia
j20q9ls,9,7,"['anno', 'guardare', 'nascosto', 'film', 'immagine', 'profilo', 'conoscere']",4.4279031680496574,3.1143759416206787,2.919881088847221,3.7939015853080518,2.165261895042293,4.392108137881266,4.746003604562523,5.133671899081335,aspettativa
j2055rt,22,14,"['anno', 'credere', 'età', 'standard', 'cominciare', 'guardare', 'film', 'stesso', 'età', 'sembrare', 'cosa', 'strano', 'fatto', 'cosa']",8.104198658024417,5.751093036091168,4.952376711312204,6.205915610375705,4.273293687934,8.902796419098413,8.57268385323816,9.653258649198893,aspettativa
j1zzji1,25,19,"['stare', 'gente', 'dire', 'recensione', 'film', 'sapere', 'bello', 'guardare', 'grazie', 'cazzo', 'sapere', 'piacere', 'strano', 'scegliere', 'modo', 'guardare', 'film', 'mondo', 'logico']",12.22256082680257,7.415684480319597,7.16291386711393,8.243759004282866,6.063301551087781,11.824551154621384,12.919480969430003,13.036840012942491,aspettativa
j1zfms1,102,74,"['esperienza', 'piacere', 'ambito', 'lavoro', 'convinto', 'approccio', 'lavoro', 'misurare', 'regolare', 'italiano', 'importante', 'vedere', 'giornata', 'ufficio', 'giorno', 'settimana', 'fare', 'lavoro', 'punto', 'favore', 'innovazione', 'enorme', 'città', 'abitante', 'caso', 'prossimo', 'città', 'avere', 'persona', 'ora', 'macchina', 'vivere', 'esperienza', 'diverso', 'vivere', 'nord', 'piacere', 'avere', 'gossip', 'persona', 'manco', 'dire', 'avere', 'figlio', 'mese', 'lavorare', 'esempio', 'godere', 'trovare', 'cosa', 'mangiare', 'europeo', 'italiano', 'stesso', 'cosa', 'trovare', 'altro', 'aspetto', 'considerare', 'lavorare', 'stesso', 'condizione', 'stesso', 'ambito', 'particolare', 'film', 'italiano', 'vedere', 'esperto', 'evasione', 'fiscale', 'buono', 'cibo', 'vino']",45.04999679496611,27.770469429626658,25.238173621130855,29.62308668799469,21.012573817414925,47.92261160704204,43.626639990340266,51.082430772838755,aspettativa
j1ygkdu,20,18,"['persona', 'avere', 'mezzo', 'interazione', 'dimenticare', 'fare', 'film', 'vedere', 'storia', 'pubblicare', 'correre', 'parco', 'generale', 'sembrare', 'solito', 'tentativo', 'approccio', 'vedere']",10.693266845890102,7.944643255265942,8.201393572044447,8.978670627198637,6.103442899262568,10.615754457684531,10.351092700159423,11.54995555949991,aspettativa
j1yf5q1,95,77,"['zona', 'osservare', 'abitudine', 'capitare', 'riconoscere', 'persona', 'passare', 'certo', 'zona', 'portare', 'cane', 'stesso', 'ora', 'vedere', 'ragazza', 'correre', 'correre', 'dire', 'mettere', 'occhiale', 'nero', 'chiedere', 'andare', 'correre', 'fare', 'pensare', 'unico', 'cosa', 'sapere', 'parlare', 'impegnare', 'trovare', 'nome', 'trovare', 'zona', 'fare', 'notare', 'funzione', 'cercare', 'gente', 'servire', 'uscire', 'suggerimento', 'dare', 'fatto', 'frequentare', 'stesso', 'zona', 'sapere', 'vicinanza', 'dire', 'voglia', 'impegno', 'trovare', 'persona', 'contattare', 'sapere', 'chiedere', 'determinato', 'zona', 'sembrare', 'pretesto', 'dare', 'bastare', 'sera', 'vedere', 'passare', 'avere', 'informazione', 'dire', 'lasciare', 'perdere', 'fare', 'finta', 'pensare', 'film', 'orrore']",46.93475751749358,30.205236716176543,27.35838447303878,33.00463794766961,21.475693486697818,49.181343884575554,45.24924069922393,52.71065153473596,aspettativa
j1wei28,144,126,"['pensare', 'modo', 'migliore', 'imparare', 'inglese', 'altro', 'lingua', 'combattere', 'fronte', 'guardare', 'film', 'inglese', 'iniziare', 'leggere', 'libro', 'inglese', 'grande', 'sostenitore', 'libreria', 'locale', 'libro', 'inglese', 'costoso', 'avere', 'limitato', 'opzione', 'acquistare', 'libro', 'inglese', 'notare', 'libro', 'inglese', 'vendere', 'prezzo', 'basso', 'libreria', 'altro', 'opzione', 'ascoltare', 'cercare', 'parlare', 'inglese', 'difficile', 'avere', 'sorella', 'fratello', 'amico', 'partner', 'interessato', 'praticare', 'parlare', 'inglese', 'sera', 'settimana', 'metodo', 'importante', 'raggiungere', 'alto', 'livello', 'inglese', 'scrivere', 'inglese', 'scrivere', 'parlare', 'permettere', 'riflettere', 'formare', 'frase', 'cercare', 'usare', 'utilizzare', 'livello', 'inglese', 'alto', 'voce', 'inglese', 'permettere', 'migliorare', 'inglese', 'limitare', 'lingua', 'inglese', 'scrivere', 'permettere', 'elevare', 'inglese', 'livello', 'superiore', 'difficile', 'argomento', 'scrivere', 'modo', 'stimolare', 'cercare', 'nuovo', 'sconosciuto', 'costruire', 'frase', 'complesso', 'caso', 'cosa', 'scrivere', 'lavoro', 'corso', 'universitario', 'scegliere', 'scrivere', 'relazione', 'inglese', 'italiano', 'scrivere', 'tesi', 'laurea', 'inglese', 'università', 'pensare', 'poco', 'tempo', 'paese', 'lavorare', 'modo', 'migliore', 'migliorare', 'inglese', 'avere', 'possibilità']",79.65454527932488,41.30324323953056,39.07227543888034,46.94089252008974,28.308012833643982,80.3702986370801,74.26026155731314,85.50539601489504,aspettativa
j1vzvzq,21,17,"['perdere', 'consigliare', 'guardare', 'film', 'serie', 'grammatica', 'avere', 'bisogno', 'correggere', 'avere', 'soldo', 'investire', 'mese', 'scuola', 'inglese', 'presenza', 'online']",9.94352580154135,7.449037740923624,7.495995731506036,8.487747382906338,5.238722570699474,10.45947938114961,10.439253895673332,11.823121014914728,aspettativa
j1ufeyi,8,6,"['piacere', 'fare', 'inglese', 'film', 'libro', 'fumetto']",4.449905425110334,1.8443639861441148,1.7282169364540496,2.227155978839429,1.4152295503486267,3.689293357836685,4.1200407818674165,4.173348409578925,gioia
j1u8pyp,10,7,"['media', 'inglese', 'navigare', 'internet', 'generale', 'serie', 'film']",3.8142060096193195,2.5352389613206814,2.5048951858313364,2.9196089255458832,1.9406326204658155,3.7037347945604946,3.8955815372828537,4.343735737286986,aspettativa
j1u82xb,70,55,"['piacere', 'fare', 'fallo', 'inglese', 'piacere', 'vedere', 'film', 'inglese', 'piacere', 'leggere', 'inglese', 'aiutare', 'ascoltare', 'piacere', 'videogioco', 'inglese', 'gioco', 'ovvio', 'avere', 'dialogo', 'scena', 'lingua', 'leggere', 'aiutare', 'piacere', 'meditare', 'uso', 'app', 'inglese', 'piacere', 'stare', 'leggere', 'inglese', 'argomento', 'interessare', 'legge', 'giorno', 'imparare', 'inglese', 'vedere', 'obbligo', 'fare', 'giorno', 'voglia', 'imparare', 'restare', 'antipatico', 'associare', 'cosa', 'piacere', 'imparare', 'fare', 'fare', 'esperienza', 'positivo']",39.802568222390086,16.314699850423278,15.402399161626464,19.063146918160864,12.516889757978722,38.52371076847591,33.776847148518485,39.049072609988194,gioia
j1u5nio,23,11,"['serie', 'inglese', 'capire', 'cazzo', 'avere', 'probabilità', 'capire', 'vario', 'corretto', 'soluzione', 'funzionare']",7.322479644945195,2.8075662835270387,3.133414785564239,3.9647870760774087,2.2351534550105225,7.995789254798276,6.99009895302768,7.812006949441619,fiducia
j1u3evu,7,5,"['serie', 'inglese', 'incredibile', 'migliorare', 'andare']",3.706514117706081,1.382761631764668,1.190828340887006,1.5217601815817219,0.8529671266529353,3.3253387880518908,3.1281840067225275,3.6093452547938627,gioia
j1u156r,338,252,"['prevenzione', 'pieno', 'idea', 'vedere', 'giustificare', 'vittima', 'situazione', 'gioco', 'brutto', 'anonimo', 'dire', 'volere', 'avere', 'faccia', 'troll', 'dire', 'uso', 'italiano', 'resto', 'età', 'medio', 'anno', 'gente', 'stare', 'esprimere', 'concetto', 'contare', 'credere', 'vivere', 'anno', 'cultura', 'argomento', 'diverso', 'controllare', 'priorità', 'altro', 'lato', 'persona', 'tipo', 'mettere', 'stesso', 'piano', 'culo', 'omicidio', 'sparare', 'fare', 'paura', 'tedesco', 'gente', 'avere', 'opinione', 'differente', 'caso', 'limite', 'gente', 'avere', 'palla', 'tirare', 'marea', 'discorso', 'natura', 'umano', 'cazzo', 'vario', 'credere', 'avere', 'senso', 'breve', 'uomo', 'donna', 'avere', 'libertà', 'volere', 'volere', 'morale', 'legge', 'impedire', 'giusto', 'fatto', 'vedere', 'strada', 'voglia', 'culo', 'morale', 'legge', 'generale', 'impedire', 'fare', 'futuro', 'possibile', 'sessuale', 'maschio', 'piacere', 'culo', 'fare', 'nuovo', 'affermazione', 'avere', 'senso', 'parlare', 'comportamento', 'tirare', 'ballo', 'marea', 'altro', 'situazione', 'videogioco', 'libro', 'film', 'simile', 'gente', 'virtuale', 'videogioco', 'fare', 'avere', 'palla', 'vita', 'vero', 'punto', 'certo', 'gente', 'tenere', 'occhio', 'controllo', 'solito', 'pubblicare', 'stare', 'fare', 'fare', 'primo', 'possibile', 'sapere', 'vedere', 'telefilm', 'funzionare', 'fare', 'cosa', 'simile', 'caso', 'prevedere', 'legge', 'necessità', 'ovvio', 'avere', 'sospetto', 'fondare', 'andare', 'presenza', 'virtuale', 'tizio', 'povero', 'scemo', 'anno', 'genere', 'bere', 'birra', 'intero', 'reparto', 'controllo', 'sembrare', 'inutile', 'dare', 'fare', 'cazzata', 'piccolo', 'esempio', 'lavorare', 'sicurezza', 'privato', 'personale', 'gente', 'chiamare', 'tipo', 'dinamica', 'cliente', 'chiedere', 'fare', 'piccolo', 'controllo', 'forza', 'ordine', 'luogo', 'fare', 'lavoro', 'pagare', 'euro', 'premere', 'tasto', 'fare', 'persona', 'privato', 'attenzione', 'provare', 'trasferire', 'cosa', 'ambito', 'pubblico', 'più', 'causa', 'legge', 'privacy', 'situazione', 'americano', 'marea', 'agente', 'occupare', 'controllare', 'oltranza', 'marea', 'gente', 'sapere', 'sapere', 'fare', 'sbagliare', 'base', 'contesto', 'sembrare', 'risorsa', 'dare', 'frutto', 'creare', 'costo', 'fatto', 'andare', 'postare', 'dimostrare', 'realtà', 'potenziale', 'criminale', 'fare', 'potenziale', 'criminale', 'potenziale', 'criminale', 'sapere', 'reato', 'conclusione', 'cosa', 'possibile', 'persona', 'avere', 'opinione', 'differente', 'argomento', 'implicare', 'potenziale', 'minacciare', 'ultimo', 'citazione', 'commento', 'fare', 'chiedere']",140.13771405209403,97.12484186361446,98.35413420634973,114.27365487753302,75.07040088245616,154.21519880195768,150.60638282374515,166.66834953870634,aspettativa
j1tz8bj,44,32,"['problema', 'donna', 'donna', 'conoscere', 'avere', 'educazione', 'sessuale', 'capire', 'conseguenza', 'fare', 'dare', 'colpo', 'venire', 'rapporto', 'finire', 'orgasmo', 'classico', 'scena', 'film', 'letto', 'venire', 'grado', 'dire', 'toccare', 'riferire', 'statistica', 'fare', 'continuare', 'avere', 'orgasmo', 'sorella', 'volere']",20.866170939305825,10.316475346579194,10.656460928402879,13.005364913751237,6.936339434708528,21.226372934553623,19.604091154834872,23.002720498895947,aspettativa
j1tz1sv,15,13,"['sapere', 'basare', 'fatto', 'volta', 'moglie', 'vedere', 'film', 'americano', 'letto', 'vestito', 'indossare', 'volta', 'scarpa']",9.044127462692385,4.292762257195775,4.236002392975715,4.558221290283371,2.9548254407601817,8.10789189172388,7.25460613691291,8.061618191205877,gioia
j1tx58c,213,162,"['idiota', 'abituare', 'donna', 'telecamera', 'fermare', 'mano', 'tipico', 'gesto', 'film', 'porno', 'soldo', 'indicare', 'donna', 'marchiare', 'proprietà', 'uomo', 'donna', 'pubblico', 'diretta', 'fase', 'idiota', 'passare', 'liscia', 'volta', 'sapere', 'punire', 'prossimo', 'passo', 'passare', 'stupro', 'diretta', 'stesso', 'livello', 'omicidio', 'pagare', 'azione', 'tendere', 'distinguere', 'cosa', 'continuare', 'fare', 'cosa', 'genere', 'punire', 'pieno', 'colpa', 'legge', 'fare', 'stronzata', 'grosso', 'passare', 'liscia', 'succedere', 'inutile', 'fare', 'stronzata', 'grosso', 'lasciare', 'morire', 'stesso', 'sangue', 'succedere', 'inutile', 'chiaro', 'succedere', 'legge', 'italiano', 'continuare', 'andare', 'civile', 'sessuale', 'cosa', 'grave', 'volta', 'partire', 'sessuale', 'fermare', 'grado', 'civile', 'penale', 'parte', 'legge', 'accordo', 'parte', 'legge', 'guardare', 'caso', 'legge', 'dire', 'sessuale', 'grado', 'penale', 'difendere', 'stare', 'andare', 'civile', 'interpretare', 'cosa', 'giusto', 'piccolo', 'multa', 'donna', 'esagerare', 'guardare', 'succedere', 'valore', 'legge', 'porre', 'difesa', 'vittima', 'legge', 'ricordare', 'volta', 'scrivere', 'sudore', 'sangue', 'lotta', 'intero', 'generazione', 'stronzata', 'servire', 'lavoro', 'porto', 'difesa', 'difendere', 'solo', 'inciso', 'contesto', 'servire', 'sessuale', 'pubblico', 'fronte', 'testimone', 'pieno', 'facoltà', 'indicare', 'pesante', 'azione', 'idiota', 'pensare', 'circostanza', 'credere', 'primo', 'volta', 'caso', 'avere', 'paio', 'spiaggia', 'luna', 'continuare', 'giustificare', 'passato', 'fare', 'volta', 'pagare', 'conseguenza', 'ennesimo', 'sessuale', 'rispondere', 'suono', 'suonare', 'collega']",85.54278622037111,70.72619019070805,69.78308741550212,77.0266263520123,53.50947187845653,93.29583745523584,90.97119626968181,101.9557115346811,aspettativa
j1tvs09,8,6,"['mare', 'inverno', 'film', 'bianco', 'nero', 'vedere']",4.2202606056202425,2.6835791566647136,2.125060770644909,2.5598291684706402,1.8582963194664477,3.92111513158504,3.5837592660323723,4.134438264458494,gioia
j1sjzzx,127,90,"['condividere', 'figa', 'commento', 'sentire', 'intelligente', 'usare', 'insulto', 'sfondo', 'sessuale', 'sperare', 'pronto', 'risposta', 'vedere', 'cercare', 'sentire', 'pensiero', 'sessuale', 'vittima', 'esagerare', 'legge', 'proteggere', 'vittima', 'legge', 'creare', 'sangue', 'sudore', 'lotta', 'proteggere', 'vittima', 'logica', 'prendere', 'anno', 'mese', 'logico', 'sessuale', 'reato', 'penale', 'legge', 'penale', 'ammettere', 'ignoranza', 'logica', 'legge', 'giusto', 'utile', 'seguire', 'corso', 'prigione', 'insegnare', 'fare', 'cazzata', 'meritare', 'privilegio', 'guadagnare', 'regalare', 'cretino', 'leccare', 'mano', 'pieno', 'controllo', 'facoltà', 'gesto', 'film', 'porno', 'venire', 'rappresentare', 'donna', 'marchiare', 'uomo', 'telecamera', 'aspettare', 'cosa', 'dire', 'caro', 'dire', 'cretino', 'fermare', 'gente', 'prendere', 'esempio', 'membro', 'società', 'fare', 'conquista', 'sabato', 'sera', 'vero', 'fare', 'cosa', 'fare']",48.9264256011392,38.60399053573437,38.929890385856694,42.65220571906157,31.187158536841647,53.035549889187294,51.20882048121831,57.914952250835896,aspettativa
j1r4var,69,52,"['positivo', 'senso', 'attualità', 'beh', 'positivo', 'senso', 'trovare', 'positivo', 'ordinario', 'fare', 'notizia', 'altro', 'ambito', 'avere', 'elemento', 'positivo', 'cosa', 'negativo', 'manco', 'scegliere', 'dire', 'salvare', 'albero', 'membro', 'anno', 'matrimonio', 'anno', 'scorso', 'storia', 'avere', 'corso', 'periodo', 'benessere', 'crescita', 'negativo', 'positivo', 'resto', 'guardare', 'epoca', 'aria', 'film', 'catastrofico', 'fare', 'paragone', 'fronte', 'opposto', 'cantare', 'andare', 'rendere', 'bello', 'servizio', 'seguire']",29.57471132490547,20.853348926248366,18.65185515009691,22.429421212745186,14.336739871304045,31.286724957283482,31.440820713549353,34.74281480495173,aspettativa
j1qghpj,101,75,"['tema', 'bello', 'episodio', 'piede', 'trovare', 'piccolo', 'capire', 'scopo', 'creare', 'divertire', 'cucciolo', 'avere', 'bisogno', 'continuo', 'stare', 'riuscire', 'copiare', 'mente', 'stimolo', 'gusto', 'film', 'tema', 'francese', 'consigliare', 'piano', 'giusto', 'vedere', 'concetto', 'veicolo', 'stimolo', 'bastare', 'senso', 'droga', 'aumentare', 'dose', 'rischio', 'istinto', 'sopravvivenza', 'drogare', 'società', 'stabilire', 'buono', 'vivere', 'comune', 'tendenza', 'estremo', 'contenuto', 'distratto', 'altro', 'termine', 'logico', 'certo', 'punto', 'cercare', 'tecnologia', 'riuscire', 'star', 'passo', 'scegliere', 'ciclo', 'vita', 'benessere', 'apparire', 'corto', 'vivere', 'dire', 'stanco', 'morire', 'dire', 'avere', 'meccanismo', 'naturale', 'diventare', 'altro', 'specie']",43.457839501536824,29.448685038711016,28.449853304328002,34.67481052216016,23.46506560386108,46.09556006196436,45.877323988094105,49.03458263429204,aspettativa
j1q8hkt,148,101,"['capire', 'caso', 'corpo', 'congelare', 'morire', 'corpo', 'gelato', 'temperatura', 'prevedere', 'morire', 'parte', 'mancare', 'reale', 'mettere', 'tecnologia', 'fine', 'leggere', 'volta', 'mente', 'copia', 'mente', 'copia', 'pensare', 'avere', 'ricordo', 'morire', 'piano', 'immaginabile', 'esistere', 'mente', 'mente', 'continuo', 'evoluzione', 'esistere', 'concetto', 'replicare', 'supporto', 'naturale', 'artificiale', 'diventare', 'gemello', 'certo', 'punto', 'gemello', 'naturale', 'morire', 'altro', 'arrivare', 'problema', 'altro', 'film', 'ricordare', 'titolo', 'personaggio', 'robot', 'stile', 'pietra', 'fantastico', 'ex', 'pilota', 'morto', 'incidente', 'salvare', 'robot', 'professore', 'vaga', 'copia', 'sentire', 'corpo', 'mancare', 'gusto', 'eventuale', 'copia', 'copia', 'ambiente', 'avere', 'problema', 'sensazione', 'trovare', 'via', 'diventare', 'puro', 'considerare', 'fantastico', 'massimo', 'avere', 'sperimentazione', 'fallito', 'elettronico', 'connettere', 'cervello', 'beh', 'dire', 'decennio', 'sviluppare', 'riuscire', 'arrivare', 'replicare', 'problema', 'anno', 'distruggere']",55.544331197488475,43.67593327361403,42.81862837802995,48.45573893255428,31.842051604950942,60.825136468881226,61.329723650121785,65.84777157489954,aspettativa
j1q29sh,51,31,"['vedere', 'miglioramento', 'parlare', 'idea', 'diventare', 'nazione', 'andare', 'dire', 'peggiore', 'periodo', 'milione', 'morto', 'giusto', 'giusto', 'bello', 'cosa', 'portare', 'documento', 'governo', 'sovietico', 'mostrare', 'stesso', 'modo', 'provare', 'documento', 'credere', 'legge', 'unico', 'cosa', 'bello', 'film']",18.046256670245224,11.94594534905452,10.983188933667812,12.694494624106966,8.93399866850104,19.431002001490395,18.78928898389254,21.06916547164963,aspettativa
j1pxw0w,4,2,"['film', 'merda']",0.827582653481358,1.127801635683424,1.3298155859169671,1.1602756382839372,1.2278049096801213,0.5633759721282381,1.3019497638473039,0.8122701128318042,rabbia
j1pu7mq,124,92,"['rispondere', 'gusto', 'attuale', 'netto', 'altro', 'opzione', 'disponibile', 'vedere', 'immagine', 'scrivere', 'avere', 'effetto', 'simile', 'droga', 'beh', 'giusto', 'pelo', 'leggero', 'tempo', 'televisione', 'avere', 'immagine', 'specchio', 'tipo', 'scorrere', 'sfondo', 'analisi', 'peso', 'caratteristica', 'ultimo', 'avere', 'costoso', 'limitato', 'giocattolo', 'avere', 'senso', 'offerta', 'problema', 'produrre', 'contenuto', 'produrre', 'fare', 'serie', 'selezionare', 'sistema', 'esperto', 'giusto', 'individuale', 'parere', 'offerta', 'risultare', 'migliore', 'livello', 'dispositivo', 'fisico', 'vendita', 'cominciare', 'percepire', 'medio', 'connettere', 'guardare', 'letto', 'camera', 'riguardare', 'artista', 'lato', 'sentimento', 'società', 'società', 'attuale', 'partorire', 'film', 'tragico', 'effetto', 'speciale', 'sostituire', 'assenza', 'trama', 'roba', 'fare', 'serie', 'tempo', 'dare', 'diverso', 'pubblico', 'considerazione', 'produzione', 'netto', 'propaganda', 'classico', 'evidenza', 'moderno']",51.18202196691084,36.29497869486788,35.952754045473256,40.34576425771199,28.81501965401661,57.23919707925826,53.60606526704649,62.53101522895462,aspettativa
j1prjwm,18,14,"['difetto', 'catalogo', 'ricco', 'film', 'raro', 'assenza', 'lingua', 'originale', 'ridicolo', 'scrivere', 'stesso', 'assistenza', 'diritto', 'boh']",7.895135060380524,5.325275887313904,4.924297285858814,5.623441247206338,3.637641095810467,7.539399347110431,8.808251022203441,8.893328940515856,aspettativa
j1pks7q,119,83,"['prato', 'università', 'vedere', 'fare', 'attacco', 'bottone', 'cercare', 'stare', 'drago', 'accettare', 'finire', 'mettere', 'parlare', 'atomico', 'profondo', 'carino', 'cultura', 'pensare', 'fare', 'dare', 'appuntamento', 'giorno', 'appuntamento', 'andare', 'fare', 'giro', 'famoso', 'piazza', 'universitario', 'giovane', 'bere', 'fumare', 'fare', 'casino', 'via', 'selvaggio', 'tempo', 'bello', 'posto', 'ricordare', 'film', 'sicuro', 'accordare', 'giorno', 'casa', 'fare', 'conoscere', 'madre', 'giorno', 'presente', 'problema', 'girare', 'vedere', 'tipo', 'occhiale', 'sole', 'sera', 'super', 'imbarazzato', 'chiedere', 'chiamare', 'fare', 'confuso', 'chiamare', 'rispondere', 'madre', 'ora', 'guardare', 'sapere', 'tagliare', 'ponte', 'dire', 'colpa', 'genitore', 'ricadere', 'figlio', 'colpa', 'sapere', 'dire', 'distanza', 'anno', 'spiacere', 'situazione']",50.13352625175392,35.08142717309181,30.790573672805703,38.36099927916919,23.36377937084142,51.18339179261842,47.92401281370052,56.31090301369766,aspettativa
j1pir23,7,6,"['film', 'mettere', 'dare', 'possibilità', 'scegliere', 'lingua']",4.2939795151119275,1.937830728278856,1.6008063610491825,2.3250637630051294,1.2146673101268244,3.930694232281037,4.095834337995915,4.769941213430404,aspettativa
j1ph66f,27,18,"['amico', 'festeggiare', 'regalo', 'brutto', 'anno', 'dire', 'anno', 'regalare', 'disegnare', 'film', 'ciglio', 'mettere', 'macchina', 'libro', 'pensiero', 'papa', 'risposta', 'angelo']",11.075849143559106,6.751873010854249,5.696176360256954,7.213763617405482,5.059800722301581,11.10261212494725,11.745783342858335,11.71069042908413,sorpresa
j1ph0e3,143,105,"['appuntamento', 'brutto', 'iniziare', 'anno', 'foto', 'sembrare', 'voglia', 'trombare', 'tanto', 'online', 'chiedere', 'voglia', 'scegliere', 'posto', 'primo', 'impatto', 'vedere', 'bimbo', 'alto', 'dire', 'pensare', 'mentire', 'età', 'portare', 'posto', 'pieno', 'sedere', 'tavolo', 'prendere', 'locale', 'norma', 'uomo', 'moderno', 'pagare', 'carta', 'avere', 'pagare', 'nascere', 'batosta', 'fare', 'scattare', 'voglia', 'tornare', 'casa', 'domanda', 'fare', 'vita', 'rispondere', 'dire', 'parlare', 'spiegare', 'fare', 'vita', 'attore', 'argento', 'fare', 'fare', 'vincere', 'premio', 'persona', 'alzare', 'piede', 'festival', 'vero', 'avere', 'pagina', 'prendere', 'curiosità', 'chiedere', 'film', 'fare', 'sapere', 'vedere', 'riconoscere', 'citare', 'nome', 'mezzo', 'sentire', 'fare', 'film', 'serie', 'aprire', 'mondo', 'cinema', 'tavolo', 'amico', 'fare', 'finta', 'cosa', 'urtare', 'sera', 'parlare', 'fare', 'dote', 'attore', 'fare', 'personaggio', 'tipo', 'amico', 'spaccare', 'tempo', 'smettere', 'fondo', 'piacere', 'argento']",64.96008796156487,38.18408352022888,36.792662767244515,43.076404018314534,27.822187948415138,65.4928773797728,65.01003569364183,72.83804950144504,aspettativa
j1pgov7,72,49,"['vivere', 'futuro', 'variabile', 'possibile', 'vivere', 'futuro', 'andare', 'giusto', 'anno', 'guerra', 'nucleare', 'fatto', 'cosa', 'migliorare', 'medioevo', 'significare', 'migliorare', 'stesso', 'maniera', 'futuro', 'scenario', 'post', 'film', 'dipendere', 'durare', 'tempo', 'medio', 'avere', 'senso', 'caso', 'medico', 'specifico', 'particolare', 'merito', 'mente', 'parte', 'caso', 'capire', 'risposta', 'domanda', 'intendere', 'dire', 'sbagliato', 'esistere', 'risposta', 'giusto', 'sbagliato', 'poco', 'osservazione']",26.981226297764938,21.66753762282642,20.003860748252567,23.8454235604194,15.525561550913338,30.201281456939572,30.91802621450338,32.786130926221404,aspettativa
j1pf6io,8,6,"['guardare', 'film', 'anno', 'studioso', 'beccare', 'studioso']",3.413702685947767,3.224851941326576,2.761758741096041,3.126037727112531,2.436052915627035,3.512859173788745,4.382959693580381,4.25584055670096,sorpresa
j1p9jly,30,17,"['anno', 'film', 'cosa', 'invasione', 'anno', 'gustare', 'cosa', 'piacere', 'caldo', 'registro', 'guardare', 'comodo', 'scadere', 'mese', 'pensare', 'usare', 'volta']",9.49843595178495,8.259110578084352,7.239766147292116,7.842380859521594,6.230669459361207,9.474767754821787,9.793805912639671,10.886443026622219,aspettativa
j1ny6xg,100,64,"['totalmente', 'accordo', 'guardare', 'film', 'anno', 'studioso', 'realtà', 'opposto', 'significare', 'perdere', 'film', 'impegnare', 'saga', 'nascere', 'sapere', 'nonno', 'nonno', 'film', 'capolavoro', 'sci', 'bello', 'contenuto', 'metà', 'pieno', 'mano', 'volta', 'fenomeno', 'cultura', 'pratica', 'originale', 'restare', 'punto', 'volta', 'versione', 'originale', 'attore', 'dire', 'invasione', 'corpo', 'conoscere', 'leggere', 'fumetto', 'fare', 'appassionare', 'genere', 'versione', 'terrore', 'spazio', 'scrivere', 'indiano', 'perdere', 'recente', 'stile', 'cosa', 'vivere', 'successo', 'file', 'calcolare', 'film', 'genere', 'consiglio', 'confine', 'realtà', 'anno']",40.231361700047614,26.60684892633429,23.853562594679982,28.248650651397398,18.184628109605413,40.62989056989426,40.33440588436018,45.342057027437946,aspettativa
j1nxw6s,20,18,"['volta', 'capitare', 'passare', 'tempo', 'scegliere', 'cosa', 'guardare', 'chiudere', 'finestra', 'temporale', 'guardare', 'film', 'fine', 'guardare', 'ora', 'rimanere', 'ora', 'lavoro']",9.147702042080473,9.640683220902297,7.8005939554144375,9.909233597092763,6.033740513029231,9.711676289324343,11.194844514521101,12.134751511375882,aspettativa
j1njlkc,12,5,"['film', 'concetto', 'cultura', 'americano', 'anno']",2.593887911774577,1.9392614597477915,1.8699295907013147,1.9661884229151707,1.2237986900945446,2.958667582728233,2.9519516557761736,3.3428686453490943,aspettativa
j1nh66b,8,7,"['fregare', 'fine', 'importante', 'smettere', 'generare', 'film', 'originale']",3.722955498008055,3.5063800885128673,3.508345721889275,3.5976389261287967,2.5805730239013704,3.32977548591772,4.047747210839019,4.339957143186625,aspettativa
j1nbzob,8,8,"['dubbio', 'togliere', 'tema', 'film', 'rimanere', 'sceneggiatura', 'critico', 'stesso']",4.1750346479706355,3.6446959286130145,3.381513306088218,3.9591809138212732,2.3229619012533087,4.349379262384031,4.763818938046219,5.208722511988409,aspettativa
j1nb50t,7,5,"['film', 'creativo', 'originale', 'fumetto', 'propaganda']",3.261963337850176,1.8997843668175358,2.053244715585929,2.352307477820741,1.762190208736497,2.472767196987773,3.5018624201703568,3.0573166094096265,sorpresa
j1n8did,8,6,"['bello', 'tempo', 'ora', 'film', 'durare', 'ora']",3.383800047217746,2.9536278107246785,2.032266370421622,3.01583566648093,1.4184244883236565,3.5994263975986582,3.6502133325430832,4.532722675998045,aspettativa
j1n86gs,22,19,"['pubblicità', 'guardare', 'film', 'cazzo', 'sottolineare', 'anno', 'taglio', 'pubblicità', 'avere', 'minimo', 'senso', 'pubblicità', 'sembrare', 'mettere', 'scegliere', 'pubblicità', 'quarto', 'ora', 'fanculo']",8.461013857905193,7.83186727182539,7.534001424432888,7.524078754266642,6.221761603223386,9.726901550518438,11.332433735988511,12.412320154228846,aspettativa
j1n5vt4,20,18,"['aprire', 'canale', 'anno', 'mandare', 'onda', 'stesso', 'serie', 'voglia', 'vedere', 'film', 'minuto', 'iniziare', 'finire', 'mettere', 'mezzo', 'altro', 'minuto', 'pubblicità']",10.618803740896587,7.020536246058551,6.1901023886223685,8.162847542072804,5.228521467122983,10.489482486883354,11.20846560205697,12.696739500951693,aspettativa
j1n4k09,14,9,"['problema', 'causa', 'retorica', 'sentire', 'inizio', 'film', 'caduta', 'aspettare', 'vero']",4.530394502454903,4.7768285873400576,4.762838348076034,5.408305933214687,3.2937114775700405,4.984686060029574,6.108692342062236,5.7964426081658,sorpresa
j1n2f55,21,14,"['volta', 'fare', 'trovare', 'cosa', 'interessante', 'bene', 'male', 'volta', 'registro', 'programma', 'film', 'interessare', 'ultimo', 'opzione']",7.810001172759545,5.7833490533830325,5.453097146584035,5.610125630592769,3.993514182991313,7.953273301899099,7.9502200329426245,9.496346929804124,aspettativa
j1mtlkj,10,6,"['tempo', 'scegliere', 'film', 'accendere', 'massimo', 'poco']",3.272777486093771,3.116385978065551,2.711548248789508,3.232906641869123,1.667445344547148,3.4751179696061607,3.654856091441664,4.119884260497,aspettativa
j1mnke4,139,102,"['limite', 'sicuro', 'rientrare', 'categoria', 'anno', 'vista', 'poco', 'causare', 'scuola', 'vicino', 'amico', 'comune', 'uscire', 'conversazione', 'interessante', 'avere', 'giorno', 'autobus', 'piano', 'andare', 'cenare', 'tempo', 'andare', 'locale', 'zona', 'trovare', 'ristorante', 'minuto', 'piede', 'posto', 'trovare', 'strada', 'paese', 'centinaio', 'metro', 'centro', 'storico', 'smettere', 'avere', 'marciapiede', 'terra', 'lato', 'strada', 'lato', 'striscia', 'bianco', 'campagna', 'immaginare', 'succedere', 'furgone', 'prendere', 'velocità', 'esagerato', 'braccio', 'sinistro', 'gamba', 'terra', 'fortuna', 'toccare', 'rialzare', 'dolore', 'lacrima', 'testa', 'strapieno', 'fare', 'figura', 'eroe', 'film', 'polvere', 'continuare', 'giornata', 'provare', 'capire', 'posteriore', 'uomo', 'avere', 'occhio', 'orbita', 'capire', 'dare', 'continuare', 'appuntamento', 'fine', 'discorso', 'sguardo', 'bello', 'prendere', 'matto', 'obbligare', 'andare', 'ospedale', 'lastra', 'morale', 'favola', 'rompere', 'rivedere', 'prendere', 'pazzo', 'fare', 'tirare', 'vedere', 'soldo']",56.13003888569483,36.89573951229412,34.71100483173536,43.00997479559714,26.212716417331176,58.56079555943776,56.908311492587856,66.16113563358229,aspettativa
j1mhvdl,11,9,"['fatto', 'finto', 'telegiornale', 'film', 'fare', 'passare', 'voglia', 'vedere', 'televisione']",5.619491062258656,4.128042594623243,3.690191759583627,3.7424354466104073,3.1630645529299386,5.053531020665062,5.246879934505905,5.84711303167715,aspettativa
j1m07c0,8,6,"['ottimo', 'motivazione', 'ricordare', 'bambino', 'iniziare', 'film']",4.888975280956552,2.1777834577801407,1.6591658708857855,2.448271014718264,1.32234440389889,3.9642112381969143,3.8157276871476693,3.841372902814597,gioia
j1lzehn,28,19,"['volta', 'film', 'iniziare', 'avere', 'paio', 'pubblicità', 'mezzo', 'orario', 'iniziare', 'minuto', 'avere', 'minuto', 'pubblicità', 'causa', 'orario', 'finale', 'anno', 'solo', 'canale']",10.160479654683554,8.740399154780615,7.516293289203268,9.68863780019334,5.848005770138972,10.803622118970907,11.150476637298945,13.403862491543622,aspettativa
j1lxxap,43,33,"['serie', 'film', 'rimanere', 'varietà', 'diretto', 'solito', 'pubblico', 'giovane', 'evento', 'sportivo', 'nazionale', 'mondiale', 'calcio', 'evento', 'televisivo', 'storico', 'festival', 'chiaro', 'perdere', 'fascino', 'parlare', 'orario', 'primo', 'serata', 'iniziare', 'tenere', 'canale', 'tempo', 'crollare', 'forza', 'proporre', 'nuovo', 'pubblicità']",20.479425814209836,14.172626139012197,12.740747691153587,14.484778700251388,9.873720959433433,19.10169141199403,20.310483523433174,21.522312984002543,aspettativa
j1lvqjt,14,10,"['esempio', 'classico', 'cazzo', 'pensare', 'fatto', 'programma', 'interessante', 'film', 'recente', 'tentare']",6.063526130667214,3.400433780070301,3.5895068389410416,3.823523592862075,2.659615730202691,6.47365243456403,6.267669181864396,7.164606306599757,aspettativa
j1lv8nm,33,21,"['problema', 'film', 'serie', 'vecchio', 'riproporre', 'anno', 'fatto', 'scomodità', 'trovare', 'volere', 'possibilità', 'mettere', 'pausa', 'anno', 'passare', 'cazzo', 'accendere', 'guardare', 'canale', 'caso', 'inutile']",11.183858705795378,9.478441298816914,9.147135761643728,9.819171799972029,6.216671217106391,11.629736373247443,13.415703198718587,13.512027625797154,aspettativa
j1ltte5,31,21,"['amare', 'film', 'anno', 'cercare', 'sapere', 'cercare', 'problema', 'effetto', 'caos', 'trovare', 'solito', 'tempo', 'lavorare', 'avere', 'tempo', 'perdere', 'offerta', 'avere', 'senso', 'cosa', 'guardare']",11.566535873494775,10.195826403033816,9.307221141211187,10.226058950992881,6.177553372262878,12.348926164572614,12.960695214086385,13.706638277886958,aspettativa
j1ls6zf,1,1,['film'],0.7009394218798187,0.6037802010294635,0.5345885174222281,0.6494568413132021,0.3737923279363268,0.4010549434443897,0.7352342179409509,0.61272349552629,sorpresa
j1log20,3,1,['film'],0.7009394218798187,0.6037802010294635,0.5345885174222281,0.6494568413132021,0.3737923279363268,0.4010549434443897,0.7352342179409509,0.61272349552629,sorpresa
j1lnaq2,6,4,"['vedere', 'film', 'interessare', 'vedere']",3.1723077200248575,1.3670388092017813,1.3426636573301138,1.4591948271971071,1.0536429940193637,2.4003077101649257,2.6890373257895015,2.9026962995818724,gioia
j1lijhz,178,133,"['cellulare', 'top', 'costare', 'differenza', 'primo', 'offrire', 'cellulare', 'avere', 'solo', 'modello', 'economico', 'top', 'livello', 'schermo', 'top', 'cosa', 'simile', 'grosso', 'differenza', 'fine', 'offrire', 'differente', 'versione', 'sistema', 'operativo', 'funzionare', 'periodo', 'testimonianza', 'persona', 'avere', 'funzionare', 'comprare', 'mese', 'scorso', 'girare', 'marca', 'diverso', 'marca', 'proporre', 'diverso', 'riguardare', 'computer', 'bisognare', 'fare', 'considerazione', 'modello', 'base', 'computer', 'pensare', 'utenza', 'base', 'garantire', 'anno', 'utilizzo', 'utilizzare', 'regalare', 'laurea', 'stesso', 'motivo', 'facile', 'scrivere', 'sistema', 'operativo', 'mantenere', 'tempo', 'roba', 'top', 'pensare', 'professionista', 'specializzato', 'settore', 'esempio', 'avere', 'super', 'schermo', 'pensare', 'utente', 'medio', 'pensare', 'direttore', 'fotografia', 'film', 'fare', 'post', 'produzione', 'campo', 'scaricare', 'video', 'formato', 'computer', 'servire', 'sistema', 'dare', 'resa', 'colore', 'momento', 'schermo', 'pensare', 'file', 'pensare', 'fotografo', 'professionista', 'fare', 'post', 'produzione', 'vedere', 'cosa', 'servire', 'persona', 'lavoro', 'fare', 'elaborazione', 'video', 'modo', 'diverso', 'parallelo', 'avere', 'immagine', 'finale', 'fine', 'pensare', 'persona', 'fare', 'uso', 'estremo', 'volere', 'durare', 'tempo', 'stare', 'coglione', 'cambiare', 'volta', 'anno']",75.94263218332584,52.25437351707136,48.971696765079976,55.64014496060718,38.21677091033525,84.55171052438406,76.40169508803102,91.75109122352592,aspettativa
j1klhk4,62,49,"['credere', 'accordo', 'tempo', 'contrario', 'fatto', 'stesso', 'dare', 'soldo', 'gente', 'comprare', 'fumetto', 'cultura', 'fine', 'passare', 'fretta', 'comprare', 'serie', 'punto', 'investire', 'settore', 'numero', 'biblioteca', 'idea', 'impossibile', 'libro', 'pensare', 'studente', 'povero', 'avere', 'aiuto', 'avere', 'iniziativa', 'sentire', 'riguardare', 'altro', 'roba', 'tipo', 'musica', 'film', 'realtà', 'fumetto', 'potere', 'dire', 'giovane', 'sapere', 'prodotto', 'brutto', 'dire', 'funzionare']",27.908246379052063,21.77520507322157,20.55563960857923,22.77995219585261,15.59970833041658,28.751462309790433,29.625328014571114,31.610704563323974,aspettativa
j1jifpd,23,19,"['film', 'uscire', 'sala', 'cinematografico', 'americano', 'giugno', 'nascere', 'uscire', 'anno', 'giorno', 'fare', 'tempo', 'film', 'amico', 'volta', 'ritrovare', 'risata', 'augurio', 'buono']",13.594088145472144,6.979932819821002,6.202336860015761,7.911321216385847,4.41187745301221,11.956393840490247,12.098794821625102,13.300908354993773,gioia
j1jfhsn,51,43,"['interpretare', 'carro', 'sbagliato', 'basso', 'carro', 'scrivere', 'volta', 'film', 'dirigere', 'leone', 'fare', 'narrare', 'storia', 'ambientare', 'anno', 'statua', 'raffigurare', 'persona', 'colore', 'catena', 'corpo', 'maglia', 'testa', 'corona', 'statua', 'libertà', 'punto', 'vista', 'credere', 'rappresentare', 'persona', 'colore', 'soggetto', 'particolare', 'modo', 'anno', 'finire', 'carcere', 'nero', 'andare', 'libertà', 'paventare', 'americano']",23.809709987177342,16.764565588040806,15.095166304691775,17.82897009213336,11.266807044147278,25.975833409712187,23.926547301279115,26.76950111735049,aspettativa
j1imieo,23,17,"['usare', 'cosa', 'sapere', 'aggirare', 'sistema', 'fratello', 'guardare', 'cultura', 'film', 'comprare', 'libro', 'filosofia', 'povero', 'canna', 'comprare', 'libro', 'comprare']",10.023872753870423,7.24132132649981,6.955402993883819,7.45302022575306,5.644574396898714,9.52003151214138,10.709250492657757,10.726776559362676,aspettativa
j1ihlsx,19,11,"['cultura', 'venire', 'società', 'libero', 'giudicare', 'cosa', 'piattaforma', 'fare', 'esempio', 'frase', 'film']",6.260106340265451,3.6779070290125793,3.7277875423021967,4.555739049794107,3.2090917672983466,6.848113972237645,6.531112093380828,7.201243544456609,aspettativa
j1hkfia,52,39,"['uso', 'servire', 'investire', 'stampa', 'media', 'dubbio', 'porre', 'casa', 'diventare', 'ricordare', 'film', 'normale', 'fare', 'solo', 'esperimento', 'sicurezza', 'sigaretta', 'obbligatorio', 'prendere', 'oro', 'colare', 'esperimento', 'fare', 'sicurezza', 'efficacia', 'fare', 'casa', 'vendere', 'vino', 'buono', 'fonte', 'proprietario', 'mini', 'serie', 'trattare', 'argomento', 'corruzione', 'portare', 'crisi']",21.241493539059352,14.564710292427748,13.92626370042432,15.609677948585169,10.968011203630423,22.91811936953144,21.542653536490917,26.19892473884902,aspettativa
j1hf2yr,23,19,"['logico', 'sapere', 'film', 'fare', 'pensare', 'fare', 'stare', 'trasferire', 'assurdo', 'volere', 'fare', 'parte', 'trovare', 'culturale', 'ragazza', 'impegnare', 'vedere', 'determinato', 'ambiente']",12.709323484220318,7.172530751885713,6.681671832613558,8.008282270461876,4.891304923834992,12.78230780119675,12.041385747155068,14.156826393378028,aspettativa
j1hehuy,33,32,"['imparare', 'italiano', 'consigliare', 'programma', 'film', 'trama', 'semplice', 'attore', 'parlare', 'modo', 'chiaro', 'lento', 'buono', 'opzione', 'medico', 'famiglia', 'riguardare', 'film', 'provare', 'vita', 'bello', 'film', 'avere', 'trama', 'semplice', 'personaggio', 'parlare', 'modo', 'lento', 'chiaro', 'trovare', 'buono']",20.6232516262759,11.497826565893583,10.019731050580393,11.735690434513572,7.055326467152959,19.954675927066898,18.908888593248356,22.189263923067035,aspettativa
j1hdt3u,52,34,"['vero', 'insultare', 'dare', 'ragione', 'vero', 'vero', 'bolla', 'dire', 'pazzo', 'dare', 'pazzo', 'potere', 'medio', 'domanda', 'parzialità', 'notizia', 'tipo', 'fare', 'bagno', 'sangue', 'fonte', 'propaganda', 'pazzo', 'sangue', 'mangiare', 'sasso', 'pazzo', 'dire', 'pazzo', 'chiamare', 'propaganda', 'propaganda', 'usare', 'film']",16.06259460025146,16.29327578538815,17.115009101355124,18.93321172875554,13.990372163397387,17.556322902891313,19.977397870740763,18.925192347854015,sorpresa
j1hbwuz,17,12,"['provare', 'programma', 'dare', 'onda', 'serie', 'film', 'gratuito', 'cittadino', 'obbligare', 'pagare', 'canone', 'annuale']",6.228938928914341,5.425938692080271,5.608952267674804,5.402947739844835,4.439849786573517,6.518583045971432,7.278240143633967,7.545203127144506,aspettativa
j1h7gzx,69,48,"['giornale', 'letto', 'milione', 'persona', 'chiacchiera', 'bar', 'sparare', 'mettere', 'punto', 'domanda', 'propaganda', 'guerra', 'colpa', 'articolo', 'merdoso', 'coglione', 'politico', 'giornale', 'contesto', 'vedere', 'entrare', 'edificio', 'ragazzino', 'nipote', 'punto', 'domanda', 'rivelazione', 'seguire', 'capo', 'coda', 'matto', 'pericoloso', 'profeta', 'confronto', 'impotente', 'nuovo', 'indiscrezione', 'fermare', 'sapere', 'adulto', 'riconoscere', 'propaganda', 'basso', 'livello', 'titolo', 'giornale', 'avere', 'insegnare']",22.012625663306075,19.48922208601315,21.64552268204694,22.55959710558302,17.213525704179578,24.84116759479029,26.733420850104082,28.581319979939337,aspettativa
j1fhtrx,241,180,"['scrivere', 'togliere', 'alto', 'spiacere', 'avere', 'accesso', 'leggere', 'contrario', 'anno', 'favorevole', 'fare', 'riforma', 'strutturale', 'periodo', 'giovane', 'altro', 'causa', 'riforma', 'durare', 'tempo', 'tipo', 'museo', 'gratuito', 'giovane', 'vino', 'anno', 'teatro', 'gratuito', 'anno', 'musica', 'dipendere', 'libro', 'altro', 'studiare', 'costruire', 'permettere', 'migliore', 'gestione', 'studio', 'minore', 'costo', 'studiare', 'esempio', 'banale', 'analizzare', 'legare', 'altro', 'parametro', 'permettere', 'fondo', 'avere', 'bisogno', 'persona', 'recuperare', 'soldo', 'riforma', 'altro', 'parte', 'anno', 'riuscire', 'crescere', 'fare', 'riforma', 'strutturale', 'dare', 'giusto', 'prendere', 'voto', 'pochino', 'partito', 'rispettare', 'partito', 'mettere', 'ricevere', 'volta', 'scegliere', 'politico', 'accaparrare', 'voto', 'avere', 'classe', 'provare', 'culo', 'piccolo', 'famiglia', 'nuotare', 'soldo', 'avere', 'riuscire', 'cultura', 'avere', 'sconto', 'cinema', 'andare', 'andare', 'vedere', 'film', 'importante', 'avere', 'concerto', 'andare', 'sapere', 'bene', 'male', 'boh', 'sconto', 'musica', 'lira', 'donare', 'genitore', 'settimana', 'esistere', 'libro', 'scolastico', 'libro', 'leggere', 'sbagliato', 'leggere', 'libro', 'avere', 'casa', 'unico', 'sistema', 'potere', 'usare', 'andare', 'biblioteca', 'libro', 'piacere', 'leggero', 'mese', 'pena', 'pagamento', 'ragione', 'volta', 'avere', 'vita', 'giudicare', 'succedere', 'giudicare', 'cosa', 'sentire', 'stare', 'passo', 'tempo', 'avere', 'grosso', 'problema', 'parte', 'stimare', 'cercare', 'combattere', 'stare', 'giorno', 'mostrare', 'culo', 'video', 'livello', 'basso', 'imbarazzante', 'contrario', 'aiutare', 'giovane', 'contrario', 'soldo', 'pioggia', 'senso', 'riforma', 'periodo', 'fare', 'comprendere', 'scusa', 'scrivere', 'discorso', 'complesso', 'affrontare', 'pena', 'rischiare', 'scatenare', 'scontro']",107.90714908289681,71.46711405404668,68.64603215239327,79.58301560039543,50.45553436234863,112.23566637397899,110.08392799719334,122.58768499257066,aspettativa
j1e62iy,69,53,"['persona', 'libero', 'mandare', 'polizia', 'casa', 'stesso', 'modo', 'libero', 'scegliere', 'reagire', 'avere', 'fare', 'persona', 'paradosso', 'generale', 'persona', 'lamentare', 'dire', 'prendere', 'fare', 'commento', 'fare', 'conto', 'fatto', 'persona', 'piacere', 'dire', 'lamentare', 'mamma', 'persona', 'offendere', 'film', 'guardare', 'offendere', 'fare', 'film', 'protagonista', 'parte', 'parere', 'ridicolo', 'fantomatico', 'avere', 'fare', 'milione', 'avere', 'parte', 'identità', 'fare', 'battuta', 'gente', 'paio', 'gente', 'governo']",29.02411154912127,21.64519695862746,22.165028778049525,25.297587944257693,17.31452203934508,31.617247420675945,31.261337219924776,34.56417538162304,aspettativa
j1ds93c,34,23,"['persona', 'tentare', 'riuscire', 'caso', 'esistenza', 'esempio', 'incontrare', 'frase', 'film', 'libro', 'evitare', 'raggiungere', 'pubblico', 'vivere', 'luna', 'intero', 'lungometraggio', 'esponente', 'classe', 'dirigente', 'raggiungere', 'cosa', 'fare']",14.120078797481296,6.97016508719783,7.101664344513365,9.311779184366946,5.912451446751318,14.337939130317926,14.236753108865424,15.509630918816097,aspettativa
j1dqnp3,191,140,"['perdere', 'fare', 'combattere', 'locale', 'combattere', 'truppa', 'ufficiale', 'scudo', 'nucleare', 'funzionare', 'colpire', 'distruggere', 'prendere', 'colpire', 'avere', 'tempo', 'ordinare', 'necessità', 'strategico', 'invadere', 'guerra', 'cercare', 'combattere', 'altro', 'lato', 'dormire', 'fare', 'colpo', 'buttare', 'altro', 'parte', 'risorsa', 'problema', 'strategico', 'avere', 'avere', 'avere', 'rappresentare', 'politica', 'vedere', 'parte', 'pensare', 'fare', 'casa', 'forte', 'pensare', 'fare', 'fare', 'terzo', 'schiavo', 'usare', 'arma', 'vincere', 'ultimo', 'guerra', 'usare', 'tempo', 'ora', 'risorsa', 'lavoro', 'schiavo', 'nemico', 'stesso', 'ragione', 'interesse', 'strategico', 'avere', 'migliore', 'conoscenza', 'tecnico', 'mondo', 'materia', 'primo', 'spazio', 'opprimere', 'territoriale', 'finire', 'dire', 'ciao', 'mare', 'mezzo', 'enorme', 'differenza', 'fottere', 'contare', 'sistema', 'gradire', 'paese', 'centro', 'considerare', 'banca', 'regno', 'unito', 'regno', 'unito', 'banca', 'droga', 'conto', 'vincere', 'impero', 'cinese', 'vario', 'momento', 'storia', 'avere', 'esercito', 'armato', 'regno', 'corruzione', 'uccidere', 'capire', 'servire', 'centro', 'centro', 'contare', 'buono', 'sapere', 'toccare', 'famoso', 'albergo', 'film', 'mini', 'serie', 'modello', 'storico', 'fare', 'nobile', 'mercante', 'criminale', 'mettere', 'accordo', 'grande', 'boss', 'reciproco', 'interesse', 'vincere', 'scontro', 'dirigere', 'alleato', 'stesso']",75.33427581177031,57.28203489400497,60.99913966981726,66.11433846450174,46.05877394393673,84.59914292505415,80.27987550000766,89.5854419414923,aspettativa
j1djcdx,103,77,"['tassa', 'volere', 'conoscere', 'reddito', 'generare', 'sesso', 'produzione', 'distribuzione', 'vendita', 'film', 'oggetto', 'similare', 'mucca', 'compensare', 'emissione', 'gas', 'produrre', 'pagare', 'tassa', 'ombra', 'città', 'italiano', 'avere', 'tenda', 'estendere', 'marciapiede', 'pubblico', 'pagare', 'tassa', 'occupazione', 'suolo', 'pubblico', 'proiezione', 'suolo', 'tenda', 'tassa', 'identico', 'applicare', 'caso', 'scala', 'esterno', 'suolo', 'pubblico', 'imposta', 'tassa', 'caso', 'conosciuto', 'tassa', 'fare', 'parte', 'costo', 'prodotto', 'esempio', 'benzina', 'calcolare', 'totale', 'incluso', 'inciso', 'estero', 'mettere', 'tassa', 'esempio', 'tassa', 'fede', 'registrare', 'cattolico', 'pagare', 'imposta', 'reddito', 'tassa', 'cane', 'avere', 'cane', 'pagare', 'tassa', 'comunale', 'annuale']",38.031795390574715,31.815227048637357,31.96405506552287,34.90838478485453,24.234170634828693,43.78040218272949,44.235425272861995,49.12026701164764,aspettativa
j1cx9pk,25,15,"['problema', 'sapere', 'funzionare', 'fontana', 'fiamma', 'film', 'pompa', 'dire', 'benzina', 'uscita', 'aria', 'piovere', 'terra', 'incendio', 'casa']",8.483489045309481,6.906174404336909,7.1583701897441925,7.913172438152501,5.111965903622183,7.57154846528393,8.906752833325905,8.154405341044555,sorpresa
j1cvmcn,26,19,"['pizza', 'normale', 'bastare', 'pensare', 'classico', 'pizza', 'film', 'cartone', 'normale', 'riguardare', 'avere', 'dire', 'caso', 'valido', 'classico', 'merda', 'immangiabile', 'fare', 'avere']",10.61419138560993,7.374136161412098,7.078217823636337,8.31912093956123,6.410343202449372,11.430035227853288,11.004849610735333,12.107051401945379,aspettativa
j1cm1ml,5,3,"['genio', 'film', 'amico']",2.319653834620536,1.292462147774351,1.049682991944462,1.3271431570245364,0.6764395626531688,2.0696042447181977,2.101709705936792,2.283256820782538,gioia
j1aub4z,32,23,"['vecchio', 'amico', 'fare', 'parte', 'parere', 'setta', 'volta', 'fare', 'presentazione', 'scuola', 'manco', 'mettere', 'messaggio', 'volta', 'offrire', 'portare', 'film', 'guardare', 'classe', 'indovinare', 'avere', 'hobby', 'legame']",14.072763407900451,9.276103733348569,8.68076522259656,10.103107262473898,6.3756608775888814,14.536365297496912,14.114499303786149,15.857586766664065,aspettativa
j1a9gyz,21,16,"['alternativa', 'fare', 'persona', 'normale', 'stare', 'casa', 'guardare', 'film', 'felice', 'persona', 'fare', 'problema', 'sacrificare', 'tempo', 'genitore', 'incapace']",8.297731421065167,7.363882425420718,6.902271676246428,8.016219949317641,5.323592135182757,9.776655534032011,9.419628735708944,10.889772522571693,aspettativa
j19jywq,39,27,"['passare', 'messaggio', 'tipo', 'giovane', 'andare', 'andare', 'teatro', 'importante', 'provincia', 'primo', 'fila', 'esperienza', 'unico', 'biglietto', 'famiglia', 'vedere', 'film', 'libro', 'università', 'servizio', 'fermare', 'gente', 'chiedere', 'modo', 'spendere', 'fare', 'indignare']",16.632609854113777,11.222929068338573,9.911302214301154,11.621886482198747,8.010530385875809,16.491034830617497,16.725587866535697,18.800086924407438,aspettativa
j19glg2,39,29,"['rispondere', 'autore', 'stare', 'scusa', 'avere', 'anno', 'risposta', 'angoscia', 'credere', 'esempio', 'vedere', 'faccia', 'stupido', 'guardare', 'film', 'bianco', 'nero', 'francese', 'consigliare', 'via', 'età', 'stare', 'tranquillo', 'bastare', 'vita', 'attento', 'ciao', 'buono', 'festa']",17.9274021071969,11.64738518787862,10.621310587193152,12.26741630422468,8.066200138792716,19.499253842331484,17.234685852127154,20.777382355171124,aspettativa
j195d8p,76,58,"['tassa', 'concerto', 'cinema', 'disco', 'chitarra', 'elettrico', 'batteria', 'grande', 'cazzo', 'breve', 'volere', 'passare', 'studente', 'pagare', 'cosa', 'tasca', 'estate', 'cinema', 'andare', 'cinema', 'lira', 'film', 'studente', 'proiezione', 'viaggio', 'carta', 'verde', 'riduzione', 'studente', 'museo', 'mostra', 'disco', 'libro', 'usare', 'concerto', 'centro', 'sociale', 'offrire', 'libero', 'birra', 'lira', 'viaggiare', 'suonare', 'trombare', 'bere', 'video', 'complesso', 'divertire', 'casino', 'cultura', 'saltare', 'tempo', 'dritto', 'terra', 'vedere', 'volere', 'consiglio', 'cagare']",38.908041343145925,22.04647834100332,21.89112669050606,23.540359187810186,16.946719619381806,32.64766903675255,36.58339181851371,36.79270109419417,gioia
j190hct,102,70,"['accordo', 'religione', 'avere', 'impatto', 'minimo', 'sviluppo', 'ragazzo', 'partecipante', 'sembrare', 'gruppo', 'associazione', 'creare', 'generazione', 'gioventù', 'giovane', 'avere', 'influenza', 'bibbia', 'limitato', 'esempio', 'ateo', 'diventare', 'anno', 'religioso', 'prendere', 'ora', 'partecipazione', 'settimanale', 'messa', 'relativo', 'altro', 'libro', 'nodo', 'attività', 'fare', 'saltare', 'spaccare', 'naso', 'pane', 'competizione', 'lealtà', 'partecipazione', 'conseguenza', 'vedere', 'film', 'americano', 'ottenere', 'attività', 'uguale', 'imparare', 'poco', 'fotografia', 'portare', 'imparare', 'spirito', 'competizione', 'struttura', 'complesso', 'prendere', 'leggera', 'andare', 'giusto', 'indispensabile', 'fine', 'settimana', 'mese', 'tanto', 'venire', 'minuto', 'libero']",41.382802552650794,24.86622076551613,23.428484064241548,28.36242460292653,16.045001137591438,43.61675889682137,39.45268129897004,46.43143190182529,aspettativa
j18yq1d,217,160,"['risposta', 'argomento', 'chiamare', 'passare', 'livello', 'livello', 'limitato', 'passo', 'necessario', 'usare', 'vantaggio', 'digitale', 'lasciare', 'parte', 'uso', 'rifare', 'paese', 'sistema', 'nervoso', 'istituzione', 'compito', 'richiedere', 'tempo', 'avere', 'possibilità', 'evoluzione', 'catastrofico', 'fare', 'parte', 'evoluzione', 'umano', 'scegliere', 'volta', 'corso', 'opera', 'errore', 'orrore', 'aspettare', 'travolgere', 'cambiamento', 'avvenire', 'caccia', 'intercettazione', 'classico', 'atto', 'tipico', 'parte', 'politico', 'parte', 'dittatura', 'estremo', 'marginale', 'portata', 'parlare', 'presentare', 'prestare', 'giuramento', 'neoliberismo', 'volere', 'parlare', 'pubblico', 'esistere', 'scherzare', 'moneta', 'avere', 'scopo', 'formale', 'economia', 'moneta', 'scambio', 'strumento', 'fare', 'metro', 'cosa', 'simbolo', 'accettare', 'bene', 'servizio', 'strumento', 'economico', 'tecnica', 'truffa', 'classico', 'privato', 'comandare', 'pubblico', 'fingere', 'realtà', 'governo', 'rappresentare', 'fare', 'consigliare', 'breve', 'estratto', 'anno', 'film', 'parte', 'valere', 'spessore', 'conferenza', 'crisi', 'truffa', 'controllo', 'privato', 'simbolo', 'pubblico', 'moneta', 'fine', 'generale', 'storia', 'oggetto', 'lettera', 'fondo', 'pagina', 'comodo', 'elenco', 'puntato', 'scopo', 'politico', 'trovare', 'storico', 'banca', 'divenire', 'noto', 'governo', 'finanziario', 'discreto', 'comandare', 'cravatta', 'economico', 'esistenza', 'guardare', 'attuale', 'beh', 'vedere', 'libro', 'scuola', 'conseguenza', 'principio', 'basare', 'truffa', 'banale', 'parte', 'semplice', 'facile', 'spiegare', 'avere', 'fare', 'scuola', 'serio', 'formare', 'tempo', 'credere', 'conto', 'cosa', 'nero', 'bianco', 'palo', 'grasso', 'vario']",83.9497652550409,70.48470053823216,68.46299177843028,78.86753976074156,52.87900628000729,96.74975896928294,94.69311500277699,103.83607611596494,aspettativa
j18ymvu,15,11,"['chiudere', 'sembrare', 'guardare', 'film', 'uguale', 'avere', 'tempo', 'aggiungere', 'fatto', 'trovare', 'dipendente']",6.1536574855640795,4.099181729208439,4.1864649015821485,5.202268928207198,2.8303108454184733,6.917926956777986,7.1732039341003695,7.785892829656932,aspettativa
j18xnmb,22,20,"['concerto', 'sembrare', 'male', 'massimo', 'cultura', 'sembrare', 'vedere', 'comprare', 'libro', 'tecnologia', 'insegnante', 'comprare', 'libro', 'alunno', 'musica', 'film', 'peccato', 'avere', 'libro', 'prendere']",12.420538915960803,7.352378876293424,7.515951471719925,8.390233348681708,5.775658982778122,11.833179747323788,13.724327446369774,14.23472567409806,aspettativa
j18ntoe,13,11,"['fan', 'serie', 'film', 'meritare', 'guardare', 'fatica', 'parte', 'bello', 'rimanere', 'età', 'oro']",7.330067107667837,4.349151862744846,3.9561356036656434,4.272623726652234,2.8642383349886535,6.017875388813757,7.038326256030606,7.7771901903272305,aspettativa
j18kvt1,74,54,"['realtà', 'cosa', 'andare', 'stare', 'dire', 'atto', 'diventare', 'volere', 'ordine', 'giorno', 'tipo', 'prendere', 'avvertire', 'nervosismo', 'dormire', 'fare', 'cosa', 'dovere', 'fare', 'sesso', 'diventare', 'atto', 'fare', 'corpo', 'chiedere', 'piacere', 'eccitazione', 'avere', 'dare', 'film', 'porno', 'letto', 'godere', 'vita', 'realtà', 'persona', 'soffrire', 'fatto', 'fare', 'sesso', 'uscire', 'corpo', 'vittima', 'consiglio', 'vedere', 'intervista', 'rilasciare', 'distruggere', 'cosa', 'andare', 'raccontare', 'pensare', 'vita', 'volta']",33.18881557072342,21.32712507741789,19.46482387916274,23.17556973230123,15.44710419458717,33.46594358786905,30.7213019732249,37.765165118971666,aspettativa
j18hsnh,130,92,"['ritenere', 'serio', 'causa', 'strumento', 'politico', 'verde', 'lasciare', 'intendere', 'primavera', 'colore', 'dollaro', 'tossico', 'film', 'fumetto', 'abbandonato', 'andare', 'piede', 'sicuro', 'fare', 'piede', 'furgone', 'avere', 'volta', 'caricare', 'dire', 'permettere', 'singolo', 'umano', 'andare', 'piede', 'mezzo', 'riuscire', 'fare', 'cibo', 'servire', 'altro', 'cosa', 'dintorno', 'manco', 'andare', 'piede', 'cavallo', 'barca', 'riuscire', 'parte', 'marginale', 'muovere', 'servire', 'volontario', 'personale', 'amico', 'vivo', 'andare', 'giro', 'mondo', 'aereo', 'casa', 'interessante', 'scusa', 'gamberetto', 'stare', 'mangiare', 'fettina', 'pane', 'salsa', 'cocktail', 'venire', 'negozio', 'prendere', 'piccola', 'indagine', 'tracciare', 'recuperare', 'buono', 'parte', 'cena', 'fare', 'chilometro', 'arrivare', 'parte', 'aereo', 'nave', 'vario', 'tratto', 'camion', 'euro', 'dire', 'reale', 'inciso', 'ottimo', 'esempio', 'ipocrisia']",53.97322106899045,31.603250590585812,30.348736124985336,35.24954192621812,25.72946744959583,53.53756764966379,50.58833569438323,56.119522308884136,aspettativa
j18gg8n,95,69,"['dipendere', 'tanto', 'gruppo', 'finire', 'interno', 'stesso', 'organizzazione', 'tipo', 'trovare', 'super', 'interessare', 'messa', 'cercare', 'possibile', 'stile', 'film', 'americano', 'fissare', 'sport', 'sembrare', 'parte', 'conoscere', 'persona', 'cosa', 'iniziare', 'identificare', 'personalità', 'vedere', 'inferiore', 'fare', 'parte', 'capitare', 'altro', 'settore', 'politico', 'trovare', 'persona', 'capo', 'gruppo', 'convenire', 'scappare', 'resto', 'setta', 'cosa', 'importante', 'solito', 'impegno', 'partecipare', 'chiamare', 'insistere', 'venire', 'momento', 'smettere', 'libero', 'incontrare', 'strada', 'continuare', 'problema', 'entrare', 'gruppo', 'avere', 'ruolo', 'preciso', 'attività', 'svolgere', 'contare', 'organizzare', 'campo', 'complicato']",38.82393797726591,27.23055475584379,27.336166150577327,30.834267877816114,20.814237101105654,42.88686681761881,41.12405852787017,45.28893481419579,aspettativa
j18a97u,197,159,"['riassumere', 'sentire', 'filo', 'vivere', 'solo', 'rottura', 'desiderio', 'avere', 'vivere', 'coppia', 'annullare', 'stesso', 'sopportare', 'compromesso', 'vivere', 'ambiente', 'paura', 'venire', 'lasciare', 'primo', 'difficoltà', 'coppia', 'prendere', 'verità', 'stare', 'mezzo', 'relazione', 'sano', 'prevedere', 'spazio', 'persona', 'serie', 'compromesso', 'volta', 'stare', 'solo', 'supportare', 'partner', 'volta', 'voglia', 'ascoltare', 'fare', 'avere', 'giornata', 'difficile', 'guardare', 'romantico', 'stare', 'altro', 'parte', 'scegliere', 'film', 'incontrare', 'prima', 'fare', 'requisito', 'minimo', 'dire', 'requisito', 'minimo', 'avere', 'lavoro', 'volta', 'dipendere', 'persona', 'comportamento', 'amico', 'riflettere', 'realtà', 'ragazza', 'fare', 'light', 'fare', 'problema', 'fare', 'cosa', 'divertente', 'morire', 'impegnare', 'stare', 'gioco', 'scambio', 'battuta', 'cosa', 'spingere', 'situazione', 'via', 'amico', 'ragazzo', 'avere', 'inseguire', 'portafoglio', 'pieno', 'problema', 'situazione', 'fare', 'appunto', 'offrire', 'volere', 'persona', 'sviluppare', 'certo', 'modo', 'altro', 'parte', 'ricerca', 'stesso', 'cosa', 'pazienza', 'rapporto', 'richiedere', 'tempo', 'tentativo', 'costruire', 'capire', 'modo', 'parte', 'raggiungere', 'compromesso', 'relazione', 'richiedere', 'trovare', 'persona', 'sintonia', 'succedere', 'forza', 'cosa', 'succedere', 'livello', 'superficiale', 'sperare', 'persona', 'complesso', 'richiedere', 'tempo', 'conoscere', 'tipo', 'ascoltare', 'stesso', 'musica', 'amare', 'stesso', 'romanzo', 'avere', 'stesso', 'interesse', 'terribile', 'comunicare', 'emozione', 'capire', 'poco', 'tempo', 'amore', 'vero', 'esistere', 'colpo', 'fulmine', 'complicato', 'impegnativo']",92.19084623010333,66.106650496222,62.28178632426799,73.52855510431577,45.31513895787481,100.56484352918451,95.9770912016894,107.19378351778619,aspettativa
j1847y0,14,11,"['scarso', 'educazione', 'sesso', 'risultato', 'finire', 'credere', 'accadere', 'film', 'porno', 'modo', 'giusto']",6.961910772747114,4.1926031676787625,3.570256252511193,4.15905937023311,2.614855405356942,7.053777856577795,6.438976891222247,7.8145011226551295,aspettativa
j183in7,55,47,"['cazzo', 'vivere', 'avere', 'cellulare', 'cosa', 'indispensabile', 'umanità', 'notare', 'enorme', 'problema', 'insicurezza', 'problema', 'distinguere', 'realtà', 'giovane', 'opinione', 'maniera', 'politica', 'sanità', 'moda', 'poco', 'auto', 'riuscire', 'guardare', 'piuttosto', 'telefono', 'morto', 'incidente', 'dipendenza', 'simile', 'ammettere', 'telefono', 'tavola', 'ristorante', 'vedere', 'gente', 'camminare', 'sedere', 'tavola', 'chinare', 'guardare', 'telefono', 'tristezza', 'anno', 'vedere', 'film', 'sci']",24.50237251743244,21.735415204654256,21.828643810984623,24.65898866805171,16.46004299285625,26.869215191586722,29.325847650570765,30.890323040446976,aspettativa
j17vm4q,40,31,"['rivedere', 'adulto', 'comportamento', 'scenata', 'clima', 'superiore', 'sembrare', 'parlare', 'film', 'edificio', 'ragazzo', 'vivere', 'classe', 'continuo', 'ansia', 'tensione', 'guerra', 'punizione', 'caso', 'voto', 'seconda', 'simpatia', 'iniziare', 'superiore', 'trascinare', 'asilo', 'figlio', 'continuare', 'andare', 'scuola', 'privato']",16.559630227027665,12.97405348883714,13.361091585255163,14.911524644264379,9.795287600729262,18.53777944305916,18.237452393341293,20.25563158781631,aspettativa
j16o2v6,12,10,"['guardare', 'film', 'vivo', 'solo', 'solo', 'colazione', 'pranzo', 'festeggiare', 'boh', 'esame']",5.894767873221975,3.7606145388633734,3.406052936440132,3.8461254583769264,2.3433530467435313,4.29281919514552,5.8093757918564695,5.29467341990998,gioia
j16flti,106,88,"['avere', 'rito', 'mancare', 'sensazione', 'provare', 'pomeriggio', 'scuola', 'andare', 'casa', 'padre', 'lavoro', 'giusto', 'birra', 'stare', 'dio', 'sentire', 'libero', 'padre', 'stare', 'tornare', 'passare', 'avviare', 'casa', 'resto', 'piccolo', 'anno', 'piacere', 'fare', 'festa', 'poco', 'compagno', 'scuola', 'succedere', 'paio', 'volta', 'capitare', 'vivere', 'scena', 'film', 'cena', 'compleanno', 'presentare', 'meglio', 'festeggiare', 'amico', 'festino', 'vario', 'pazzo', 'fregare', 'divertente', 'vita', 'cambiare', 'seconda', 'punto', 'vista', 'spensieratezza', 'responsabilità', 'perdere', 'parte', 'rapporto', 'amicizia', 'tempo', 'fermare', 'avere', 'senso', 'trasferire', 'passare', 'parte', 'tempo', 'città', 'natale', 'fare', 'festa', 'tempo', 'passare', 'merda', 'sentire', 'giovane', 'avere', 'anno', 'boh', 'stretto', 'persona', 'volere', 'cura', 'resto', 'contare', 'cazzo']",53.369825072627606,34.540730534181385,31.173343386915885,38.68883559953242,22.803697216430862,54.760290870648646,54.95487431312552,59.270615905816335,aspettativa
j165194,14,7,"['film', 'videogioco', 'versione', 'cellulare', 'vedere', 'profilo', 'occhiata']",4.904183538825555,2.1788996309444406,2.3088364435750623,2.5622486950100956,1.7197128312183336,4.212632195405831,4.803821017444756,5.015234197359204,aspettativa
j14y1pl,22,17,"['vecchio', 'morire', 'piacere', 'fare', 'bene', 'amato', 'cazzo', 'mettere', 'pescare', 'vedere', 'film', 'gioco', 'ora', 'riuscire', 'rilassare', 'maniera', 'malato']",10.761575810609598,6.657929349482116,6.081335206420797,7.243150329274897,4.576305210053471,10.321422015567931,10.615946192979898,11.078288936304812,aspettativa
j14bpk8,38,31,"['arrivare', 'ritardo', 'intendere', 'dire', 'trama', 'banale', 'punto', 'film', 'ricordare', 'importanza', 'famiglia', 'cosa', 'esercito', 'persona', 'altro', 'vedere', 'rivista', 'pensare', 'stesso', 'dinamico', 'film', 'intendere', 'dire', 'brutto', 'film', 'film', 'godibile', 'scorrere', 'fare', 'livello', 'scrittura']",18.064119934621544,13.00641120138428,11.802610415967868,13.283794039158257,9.726968015505172,18.290616528815082,18.33123560616745,20.384106849147486,aspettativa
j13ljt1,13,10,"['film', 'documentare', 'ora', 'pazzo', 'furioso', 'raccontare', 'cinema', 'modo', 'cinema', 'ideologia']",4.96439150877093,4.256172260082055,4.001342961992682,5.136034729773569,3.0133554568374885,4.170371725488783,5.935150330236961,5.87922227875773,sorpresa
j13lcg0,41,29,"['caro', 'importante', 'fare', 'venire', 'vedere', 'vita', 'grande', 'trovare', 'giorno', 'solare', 'positivo', 'giorno', 'buono', 'compleanno', 'mangiare', 'film', 'passeggiata', 'fare', 'momento', 'pasta', 'amico', 'portare', 'lavoro', 'festa', 'preparato', 'top', 'scimmia', 'fatto', 'anima']",22.045145089208727,8.619737015412396,7.463369370605645,9.55652657283924,5.686621973063893,20.42780272905537,17.91516102255634,21.274854601211924,gioia
j138o1v,65,57,"['lavoro', 'avere', 'poco', 'soldo', 'giorno', 'stesso', 'passare', 'famiglia', 'strano', 'cena', 'gruppo', 'amico', 'stretto', 'avere', 'tradizione', 'primo', 'giorno', 'weekend', 'disponibile', 'fare', 'mattina', 'sera', 'andare', 'fare', 'colazione', 'pranzo', 'bisognare', 'andare', 'offrire', 'minimo', 'decenza', 'spendere', 'euro', 'costoso', 'fare', 'compleanno', 'diventare', 'giornata', 'girare', 'ristorante', 'locale', 'città', 'occasione', 'motivo', 'tipo', 'guardare', 'film', 'divano', 'fare', 'piacere', 'concedere', 'maiale', 'bere', 'piacere', 'alcol', 'bere', 'compagnia']",37.43762359370032,21.817249683257014,19.132000845770918,22.39241361990462,15.185537378441506,36.07943536017435,32.94463001241134,39.29481748894929,aspettativa
j138gez,7,5,"['esterno', 'film', 'ora', 'tagliato', 'episodio']",2.463937003208005,2.7615155528917987,2.2129587751893536,3.0214054485560307,1.6499124943465056,2.4535161985272413,2.9880878987586676,2.934915885028882,paura
j1381s3,45,36,"['stesso', 'barca', 'avere', 'stesso', 'sintomo', 'fare', 'test', 'risultato', 'positivo', 'avere', 'rito', 'pensare', 'trarre', 'compleanno', 'giorno', 'piccolo', 'festa', 'passare', 'tempo', 'felice', 'ricordare', 'anno', 'avere', 'regalo', 'passare', 'bello', 'giornata', 'tipo', 'cena', 'ristorante', 'concerto', 'film', 'cinema', 'condizione', 'uscire', 'nuovo']",24.39244995941015,12.641888922930544,10.808931525434044,15.174215617474689,7.999678936050537,22.617995803643815,23.151029847722263,25.345295821733938,aspettativa
j1361g1,157,128,"['avere', 'anno', 'problema', 'parte', 'causare', 'utilizzo', 'esistenza', 'generale', 'medio', 'problema', 'generazione', 'differenza', 'precedente', 'includere', 'nascere', 'cellulare', 'mano', 'cellulare', 'cambiare', 'società', 'positivo', 'credere', 'specifico', 'evoluzione', 'medio', 'causare', 'problema', 'utente', 'condividere', 'contenuto', 'certo', 'tipo', 'avere', 'grande', 'influenza', 'altro', 'persona', 'giovane', 'avere', 'esperienza', 'vita', 'generare', 'mondo', 'parallelo', 'virtuale', 'esaltare', 'bellezza', 'ricchezza', 'dire', 'punto', 'vista', 'rivoluzione', 'usare', 'simile', 'rimorchiare', 'giro', 'tempo', 'avere', 'relazione', 'stabile', 'giovane', 'unico', 'vivo', 'credere', 'approccio', 'app', 'cosa', 'triste', 'avere', 'nipote', 'vedere', 'rete', 'misurare', 'base', 'contenuto', 'presente', 'riuscire', 'influenzare', 'precedente', 'generazione', 'pubblicità', 'film', 'serie', 'internet', 'nuovo', 'generazione', 'aggiungere', 'senso', 'perdita', 'valore', 'sociale', 'dovere', 'funzionamento', 'sistema', 'attuale', 'sociale', 'politico', 'economico', 'credere', 'senso', 'appartenere', 'società', 'contribuire', 'funzionamento', 'credere', 'elemento', 'facilitare', 'individualismo', 'fascia', 'età', 'preoccupare', 'sfida', 'esempio', 'rivolgere', 'capire', 'vita', 'fornire', 'modello', 'persona', 'successo', 'soldo', 'politico', 'società', 'individualismo', 'purtroppo', 'credere', 'pesante', 'giovane']",75.95940696725737,50.309032643618195,48.69219336167505,56.480816447684816,36.635799758064095,81.83952101774935,75.66391445557093,85.69651918834563,aspettativa
j1360sb,27,21,"['amico', 'persona', 'volere', 'caso', 'vedere', 'uscire', 'bello', 'film', 'consigliare', 'fresco', 'fresco', 'fare', 'altro', 'cosa', 'stare', 'dovere', 'fare', 'straordinario', 'fare', 'parere', 'giorno']",14.083999411802855,7.349477226297926,6.920391794931541,8.433600755463091,5.405878600782983,13.723225807466815,12.718934369066949,14.586278725809565,aspettativa
j134np9,10,4,"['sicuro', 'italiano', 'film', 'altro']",2.182690392312094,1.6190142436972537,1.647034843883631,1.7454521201863602,1.2250625156740187,2.09968361184554,2.348123438526452,2.3741134604630716,aspettativa
j12w2o1,12,9,"['dipendere', 'film', 'regista', 'occhio', 'stancare', 'fare', 'concentrare', 'cosa', 'solo']",4.067853785217108,5.056523994593476,4.680015538473965,4.278754934888521,3.4624326157181615,4.688141540603178,4.725533058586996,5.050721308860835,tristezza
j12tx42,7,4,"['film', 'ora', 'passare', 'schermo']",2.245928784318748,1.9290944251004156,1.4238393852468485,1.9624811227346295,1.0207198819828134,2.2766445008108454,2.472878215044302,2.7861724691146916,aspettativa
j12sven,9,9,"['pensare', 'volta', 'film', 'fare', 'cagare', 'doppiaggio', 'italiano', 'fare', 'schifo']",4.921565237549661,3.6885270522713616,3.9584875122966885,3.3555233837829084,3.655894472708283,4.528388994582615,4.608367531707871,5.299043286311819,aspettativa
j11i185,7,6,"['pozzo', 'spingere', 'film', 'poco', 'contesto', 'aiutare']",2.6488876875600127,3.0710141631444148,2.8501735146998874,3.5395304635604496,1.842527968823913,2.6127650081584934,3.193628416875271,2.9726052485498546,paura
j11alxx,9,7,"['attenzione', 'film', 'scena', 'bambino', 'crudo', 'impressionabile', 'consigliare']",3.7287378735357253,2.8919016756014626,3.0881847204429396,3.922445600623069,2.8071207412385055,3.5309745518112994,4.935501114205352,4.351833506652023,sorpresa
j116evp,5,4,"['film', 'usare', 'classico', 'inquietante']",1.9354683518507707,2.196967333828645,2.0708830244348766,2.540071351763039,1.9289351560277652,2.169900096036549,2.467983058020282,2.119823339049409,paura
j115x7v,2,2,"['serie', 'film']",1.3468564461988475,0.89247824978483,0.7565988881120073,0.8829516227324978,0.5077535522666559,1.0778131267176003,1.3024865311694316,1.417140391611761,aspettativa
j10wuin,5,3,"['trovare', 'film', 'piacere']",2.3327582798001756,1.1677332199065298,1.1817276424038357,1.5161838518634303,0.8591419792897569,1.940091931179673,2.4344384075781997,2.3014289695449106,sorpresa
j10uni0,2,2,"['ricordare', 'film']",1.4364625186202877,1.296512577302685,0.9646940857242672,1.239784731011236,0.7682431649200647,0.82251675328648,1.319213466384646,0.9522420851462245,gioia
j10tyld,16,12,"['spunto', 'originale', 'credere', 'guardare', 'sfruttare', 'meccanismo', 'simile', 'corrispondenza', 'svelare', 'film', 'perdere', 'interesse']",6.352931218878074,4.918918492988166,4.8194439018704776,5.257740531172904,3.7438006392430303,7.521499470357847,7.639768987805478,8.329193228110512,aspettativa
j10tqca,43,35,"['primo', 'concerto', 'andare', 'avere', 'anno', 'urlare', 'gola', 'canzone', 'memoria', 'film', 'concerto', 'volta', 'scrivere', 'lettera', 'calare', 'album', 'grazie', 'crollare', 'gruppo', 'chiamare', 'preferire', 'parte', 'importante', 'storia', 'musica', 'italiano', 'avere', 'successo', 'sapere', 'stronzo', 'cosa', 'andare', 'cazzo', 'andare', 'capire']",22.747981641178946,15.022096686101513,14.120535043647498,15.275041269074952,10.163444346767761,19.859057668788623,21.342824451240205,22.438509620259815,gioia
j10lscs,7,6,"['stesso', 'colpo', 'scena', 'presente', 'film', 'puro']",3.6896091393275277,1.997963782387834,2.2946106599877716,2.857931427937732,1.472630289756348,3.4496633289610763,3.999021359822088,3.743550281831384,sorpresa
j106f0x,50,38,"['film', 'anno', 'sfruttare', 'trovata', 'simile', 'vedere', 'dire', 'colpo', 'scena', 'finale', 'presente', 'film', 'stesso', 'meccanismo', 'presente', 'film', 'italiano', 'noto', 'invenzione', 'primo', 'colpo', 'scena', 'caso', 'avvenire', 'metà', 'film', 'identico', 'fine', 'film', 'parte', 'prevedibile', 'bravo', 'sfruttare', 'effetto', 'sorpreso', 'sviluppo', 'film', 'avere']",22.03507003690301,16.470227090447825,16.862910917808936,18.70054269188598,12.255248404077584,20.86852015679639,25.562850342117386,24.356388877385783,sorpresa
j0zx3fz,28,26,"['guardare', 'film', 'serie', 'lingua', 'originale', 'fare', 'imparare', 'lingua', 'avere', 'esperienza', 'integrale', 'film', 'opinione', 'guardare', 'film', 'lingua', 'originale', 'preferire', 'presa', 'diretto', 'sembrare', 'scegliere', 'alternativa', 'doppiaggio', 'diventare', 'snob']",16.640106329647132,7.7417270825766735,8.031362491864853,10.240887699344022,6.094458222581927,16.68199934765783,16.567506419634938,19.572728394149074,aspettativa
j0zwc1n,3,3,"['vedere', 'sesto', 'senso']",1.4433687555274664,1.0017007282546866,1.017143772236987,0.8678320063715024,0.7451186985689059,1.3132850331055528,2.023010109769264,1.6826828832690692,sorpresa
j0zvnkz,12,10,"['causa', 'trovare', 'uomo', 'piangere', 'film', 'dire', 'contrario', 'donna', 'piangere', 'lasciare']",4.767551808092718,6.082576522533536,5.823229519154368,5.988396152086563,3.6834661285480914,4.715828538151422,5.91119038633302,5.555716716828292,tristezza
j0zhtvl,15,9,"['fare', 'disprezzare', 'basare', 'concetto', 'videogioco', 'film', 'libro', 'raro', 'simile']",4.387423315321765,2.6489349995170586,2.9692622845508754,3.0586664504853056,2.44721384987312,4.895565648600543,5.328964126744365,5.468177981764532,aspettativa
j0zhgqw,15,12,"['ascoltare', 'paio', 'ora', 'musica', 'anno', 'macchina', 'avere', 'traccia', 'film', 'vedere', 'video', 'vedere']",7.738355143851652,4.850810013479853,4.558406764695636,5.690624561992316,3.361087218249059,7.710417546974687,7.821726881691406,8.162812001187458,aspettativa
j0z34rz,19,15,"['possibilità', 'vedere', 'film', 'serie', 'bello', 'giustificare', 'stesso', 'tempo', 'passare', 'altro', 'media', 'potenziale', 'mezzo', 'dipendere', 'sfruttare']",7.8868484300862205,6.306771156450589,6.361900436587381,7.043093091894818,4.953681197434835,8.364748089405298,9.147783788182279,9.4801180645165,aspettativa
j0z1w8j,31,26,"['sapere', 'film', 'parlare', 'avere', 'metro', 'giudizio', 'vedere', 'pellicola', 'lingua', 'dire', 'parte', 'volta', 'preferire', 'versione', 'italiano', 'recente', 'trono', 'attore', 'bravo', 'star', 'italiano', 'sembrare', 'inglese', 'personaggio', 'stare', 'cazzo']",16.034234462277855,10.068882157395462,10.268715594534441,10.787215740585816,7.761529943398119,15.916200280617815,16.093045982079836,17.025608678676495,aspettativa
j0z0w35,70,58,"['fare', 'esempio', 'giusto', 'guardare', 'nome', 'originale', 'altro', 'cagata', 'fare', 'cambiare', 'nome', 'film', 'lingua', 'italiano', 'genitore', 'vedere', 'inglese', 'tempo', 'fa', 'inutile', 'dire', 'fare', 'schifo', 'italiano', 'mezzo', 'amare', 'film', 'fatto', 'accento', 'uguale', 'carattere', 'andare', 'diventare', 'personalità', 'isterico', 'cervello', 'parlare', 'usare', 'doppiaggio', 'rimanere', 'capire', 'persona', 'parlare', 'inglese', 'avere', 'reale', 'metro', 'giudizio', 'avere', 'vedere', 'film', 'lingua', 'originale', 'dire', 'doppiaggio', 'rovinare', 'film', 'volere']",35.142568668220925,22.70877607788695,23.40495479163634,24.915226932533187,17.910772553140536,36.232432216950286,34.28662613306118,38.655727486484544,aspettativa
j0yze5o,189,159,"['ultimo', 'anno', 'vedere', 'comportamento', 'fare', 'donna', 'situazione', 'sfuggire', 'mano', 'avere', 'amico', 'donna', 'donna', 'guidare', 'conoscere', 'avere', 'amica', 'donna', 'avere', 'patente', 'macchina', 'fare', 'metro', 'sole', 'auto', 'avere', 'amico', 'anno', 'dovere', 'andare', 'prendere', 'spesa', 'cazzo', 'muovere', 'culo', 'guidare', 'dire', 'sapere', 'guidare', 'donna', 'avere', 'paura', 'uscire', 'città', 'macchina', 'fare', 'ragionamento', 'donna', 'pari', 'diritto', 'uguale', 'usare', 'mezzo', 'ruota', 'super', 'tecnologico', 'fare', 'chilometro', 'gente', 'avere', 'auto', 'usare', 'moto', 'tempesta', 'femminista', 'donna', 'cucinare', 'fare', 'cosa', 'casa', 'lamentare', 'fare', 'fare', 'uomo', 'risultato', 'fare', 'mattina', 'sera', 'fare', 'fare', 'minimo', 'indispensabile', 'dire', 'fare', 'uomo', 'gay', 'cosa', 'sapere', 'succedere', 'amicizia', 'figurare', 'relazione', 'fare', 'voglia', 'fare', 'scusa', 'donna', 'umore', 'temperatura', 'status', 'sociale', 'volta', 'situazione', 'organizzare', 'cosa', 'ultimo', 'dare', 'buca', 'cambiare', 'idea', 'gusto', 'uomo', 'cosa', 'fastidio', 'fare', 'gruppo', 'vedere', 'film', 'uscire', 'telefonino', 'maschio', 'stare', 'telefonino', 'femmina', 'smentire', 'livello', 'attenzione', 'basso', 'maschio', 'minuto', 'cosa', 'passare', 'moda', 'cambiare', 'ristorante', 'andare', 'moda', 'solito', 'esempio', 'buono', 'nuovo', 'cibo', 'minore', 'andare', 'moda', 'andare', 'cosa', 'succedere', 'maschio', 'carità', 'donna', 'riscontro', 'stesso', 'modo', 'fare', 'nuovo', 'generazione', 'notare', 'cosa']",97.2472253142344,54.89126661875678,56.18830527831966,65.46198931929109,41.47376807645287,100.8773000106446,95.10887604482062,111.09539146580856,aspettativa
j0ywxst,18,11,"['cattivo', 'imprenditore', 'vittima', 'boiata', 'bello', 'finta', 'film', 'fantascienza', 'vedere', 'rispondere', 'esprimere']",5.740729182092768,5.971045322317285,6.500092075806746,5.954578247187587,4.835858603151694,5.084688492295075,6.637842577489536,6.235579626568623,sorpresa
j0ywqvo,50,43,"['citazione', 'altro', 'film', 'fare', 'venire', 'mente', 'primo', 'episodio', 'trarre', 'storia', 'breve', 'vedere', 'consiglio', 'italiano', 'chiamare', 'occhio', 'gatto', 'trovare', 'vecchio', 'film', 'dividere', 'parte', 'primo', 'raccontare', 'storia', 'tizio', 'smettere', 'fumare', 'rivolgere', 'agenzia', 'usare', 'metodo', 'forte', 'smettere', 'fumare', 'sicuro', 'partorire', 'anno', 'estremo', 'fare', 'altro', 'parte', 'film']",23.997944719743604,19.618172934737842,19.520764887619354,21.17037852818314,14.504120416113805,24.667582621980614,26.653519053251383,27.188007061926584,aspettativa
j0ywmvu,14,13,"['caso', 'particolare', 'vivo', 'altro', 'persona', 'sembrare', 'ragionare', 'pregiudizio', 'usare', 'razionalità', 'religione', 'film', 'americano']",7.104032464563084,5.352032186775517,6.010728284575358,6.694817608420723,4.993020922756379,7.195637366377787,8.809319942399517,7.7096749613167415,sorpresa
j0ytpii,26,17,"['bambino', 'riga', 'genere', 'film', 'mettere', 'pieno', 'vedere', 'bambino', 'ebreo', 'campo', 'lasciare', 'vita', 'libero', 'giro', 'prendere', 'culo', 'vittima']",10.206598664577093,7.036837819570782,6.511302812159876,7.253983245200071,4.7644912494743625,9.683711995409269,10.335091040813033,10.23741939341028,sorpresa
j0yrg71,26,19,"['fare', 'cagare', 'attore', 'fare', 'espressione', 'unico', 'cambiamento', 'bocca', 'film', 'avere', 'stesso', 'sguardo', 'tono', 'importare', 'cagare', 'fare', 'minacciare', 'trovare', 'cadavere']",10.821527155197359,7.461622042448993,7.860931346913309,8.421416045713745,7.059525954842776,10.075183999113198,10.806318495043698,11.449226519382757,aspettativa
j0yoph8,3,3,"['domanda', 'citazione', 'film']",1.7460151935926502,1.1980187934808353,1.2412492870118914,1.5699308271446704,0.8390551360296895,1.8649383966361486,2.0628694167741153,2.3959448011869875,aspettativa
j0yol2m,16,13,"['sembrare', 'buco', 'trama', 'stare', 'riguardare', 'andare', 'film', 'genere', 'avere', 'trama', 'semplice', 'coerente', 'maledizione']",7.113788888860303,5.023031301890397,4.502836200972707,6.049565662849584,3.805677441930534,7.302971206799553,7.518581646541838,8.94332744694276,aspettativa
j0yo4xv,5,4,"['primo', 'altezza', 'primo', 'film']",2.763426041755731,1.3924519442314587,1.3751672500882295,1.9333100436376807,0.9281204280321613,2.1266262572122008,2.91843717838739,2.7370496735401755,sorpresa
j0ynxis,2,1,['film'],0.7009394218798187,0.6037802010294635,0.5345885174222281,0.6494568413132021,0.3737923279363268,0.4010549434443897,0.7352342179409509,0.61272349552629,sorpresa
j0ynrn8,36,26,"['film', 'imperiale', 'svolgere', 'servizio', 'militare', 'avere', 'accesso', 'potere', 'rivestire', 'carica', 'pubblico', 'comprendere', 'accesso', 'senato', 'voto', 'antico', 'ginocchio', 'capire', 'dare', 'determinato', 'potere', 'popolo', 'cagata', 'capire', 'politica', 'tipo']",14.484980266842138,9.363126647182744,10.707014262830505,10.973083378342572,8.642715677089184,16.537574380008905,14.708294694914951,17.83651139955795,aspettativa
j0ymt1u,140,115,"['opinione', 'valido', 'acquisire', 'rimanere', 'esaltare', 'film', 'serie', 'bambino', 'sentire', 'dire', 'ragazzini', 'persona', 'considerare', 'inferiore', 'sentire', 'realistico', 'apprezzare', 'scenario', 'proporre', 'anima', 'preferire', 'opera', 'psicologico', 'realtà', 'anima', 'avere', 'tema', 'messaggio', 'profondo', 'personaggio', 'curare', 'film', 'serie', 'successo', 'esempio', 'splendido', 'lieve', 'trama', 'ragazzo', 'media', 'diventare', 'protagonista', 'guerra', 'animare', 'reciproco', 'odio', 'paura', 'conflitto', 'interiore', 'appartenenza', 'fine', 'chiaro', 'lato', 'impatto', 'personaggio', 'stesso', 'consapevolezza', 'guerra', 'esistere', 'lato', 'giusto', 'apparire', 'evidente', 'personaggio', 'avere', 'ricetta', 'analogo', 'soldato', 'cercare', 'fermare', 'guerra', 'civile', 'lato', 'spingere', 'agire', 'rispettivo', 'nemico', 'giorno', 'esistere', 'avere', 'fare', 'vedere', 'puntata', 'sexy', 'no', 'pensare', 'capire', 'anima', 'critico', 'normale', 'vedere', 'rapporto', 'trattare', 'resto', 'villaggio', 'opinione', 'cambiare', 'caso', 'gente', 'pensare', 'guardare', 'cazzo', 'cartone', 'cinese', 'obbligare', 'dire', 'fumare', 'sigaretta', 'fare', 'passare', 'fare', 'male', 'danneggiare', 'passare', 'tempo']",62.93429060497888,47.156251558368815,46.04006638546253,52.38212893731214,36.93929933413374,67.90012365110742,66.5238433895822,74.95139251462352,aspettativa
j0yl47b,21,20,"['guardare', 'contrario', 'gente', 'guardare', 'convincere', 'costo', 'guardare', 'perdere', 'epoca', 'secolo', 'accettare', 'gusto', 'sentire', 'dire', 'cinema', 'venire', 'stare', 'film', 'piacere', 'insistere']",11.491810084811883,9.144031015901753,9.414505899696131,9.228106461301314,7.469806175337565,11.467039290779844,13.251131829199968,13.932670282584258,aspettativa
j0yjxo3,7,5,"['guardare', 'film', 'dare', 'giudizio', 'concreto']",3.2315490381899163,2.348142088807842,2.1209414483856492,2.548918255335627,1.4861271740135977,3.2572985365825584,3.3671660995592374,3.6905195376673205,aspettativa
j0yj1my,12,11,"['guardare', 'film', 'lingua', 'originale', 'imparare', 'lingua', 'stare', 'tirare', 'fare', 'parlare', 'lingua']",7.919404934004281,3.200615600203693,3.013289610524476,3.5135231034491317,2.344174167847349,7.319727319921783,6.754484387803482,8.266643646815917,aspettativa
j0yi5za,34,28,"['interessare', 'film', 'generale', 'compagnia', 'volta', 'incontro', 'gente', 'nuovo', 'solito', 'storia', 'fare', 'citazione', 'film', 'conoscere', 'fatto', 'conoscere', 'imporre', 'passione', 'tenere', 'persona', 'dare', 'importanza', 'film', 'serie', 'guardare', 'considerare', 'fare', 'sentire']",18.118154876586768,11.220979459893629,11.05547505830603,12.948190724042789,8.25497329063306,17.858139412390884,18.350988197334523,18.959177865024465,aspettativa
j0yghx3,39,31,"['gusto', 'film', 'fumetto', 'serie', 'libro', 'opera', 'teatrale', 'appassionare', 'lasciare', 'riuscire', 'punto', 'vista', 'calcio', 'fare', 'fare', 'appassionare', 'maglia', 'fare', 'voglia', 'vedere', 'colore', 'alto', 'stadio', 'persona', 'conoscere', 'stesso', 'passione', 'valere', 'altro', 'sport', 'chiaro']",21.16945224758148,9.466042656196704,9.749203646569061,11.04073031138927,7.784439477345421,19.32367489125361,19.826271018028738,21.610440629288302,aspettativa
j0yf71e,57,46,"['film', 'concordare', 'fumetto', 'dispiacere', 'sembrare', 'cazzata', 'bello', 'fumetto', 'personaggio', 'restare', 'cuore', 'storia', 'volta', 'complesso', 'trattare', 'tema', 'maturo', 'altro', 'prendere', 'serio', 'leggere', 'altro', 'commento', 'giudicare', 'persona', 'fare', 'passione', 'hobby', 'infantile', 'ridere', 'diventare', 'persona', 'adulto', 'parlare', 'soldo', 'pagamento', 'politica', 'giudicare', 'piano', 'superiore', 'commento', 'esame', 'coscienza', 'capire', 'cosa', 'funzionare']",26.14366855944196,20.277682288249142,19.907735870505316,23.41013527619824,15.529788301403185,27.713095656939394,27.867010275967715,29.09533047989101,aspettativa
j0ycnf7,92,64,"['film', 'privo', 'tensione', 'personaggio', 'spacciare', 'alto', 'fantascienza', 'ennesimo', 'salvare', 'giusto', 'effetto', 'speciale', 'stesso', 'discorso', 'migliore', 'film', 'ultimo', 'anno', 'sapere', 'peggiore', 'italiano', 'meritare', 'bello', 'spacciare', 'anno', 'versione', 'gioco', 'merda', 'esaltare', 'capolavoro', 'mappa', 'fare', 'veicolo', 'arma', 'italiano', 'medio', 'smettere', 'veste', 'vedere', 'piatto', 'tradizione', 'italiano', 'grazie', 'sperimentazione', 'esistere', 'tradizione', 'avere', 'genere', 'ripetitivo', 'noioso', 'primo', 'ascolto', 'eccezione', 'dire', 'altro', 'vero', 'comunismo', 'intellettuale', 'puro', 'lavoro', 'livello', 'visivo', 'girare', 'esaltare']",37.28137861591682,25.403717844971528,25.129156893081444,26.804248829012707,19.27832491038987,36.70502011753936,38.50054869029456,39.56464927432814,aspettativa
j0yc4gn,15,11,"['uguale', 'volta', 'guardare', 'film', 'giornata', 'lavoro', 'discutere', 'fatto', 'attualità', 'risultare', 'interessante']",6.619675631385896,4.91476532380696,4.6097546313779,4.856422575938279,3.537261100487594,6.202788907725388,6.49199149602393,7.554707430351673,aspettativa
j0ybiuw,18,9,"['aggiornamento', 'legge', 'genere', 'sesso', 'categoria', 'film', 'lingua', 'originale', 'pizza']",5.755823065381334,2.0595705747424793,1.9941253171084798,2.817772498869929,1.6019971004543843,5.421799076180703,5.085938112656883,6.307800250462383,aspettativa
j0yayc8,9,7,"['fare', 'film', 'storia', 'sviluppare', 'posto', 'superiore', 'fare']",4.248447524057717,2.4380609566928793,2.3832639948936936,2.791368591529817,1.6994831045281111,4.579763723830411,4.22283991005697,5.436387824500191,aspettativa
j0yaltq,11,10,"['ironia', 'brutto', 'persona', 'adorare', 'sognare', 'film', 'film', 'regalare', 'momento', 'gioia']",6.780368977895507,4.5954661653667825,4.1807659065144955,4.659813703913707,3.634956399445861,5.466415034543785,6.440492469676761,5.647825819324055,gioia
j0y7me3,19,18,"['fatto', 'cosa', 'fare', 'profitto', 'film', 'arte', 'musica', 'libro', 'regista', 'limitare', 'scelta', 'prodotto', 'artistico', 'utilizzare', 'forma', 'arte', 'creare', 'considerare']",12.114848278520395,7.388274368003528,7.017968941774705,7.942014779604,5.351925738937115,11.063576733439936,11.921891061258115,12.847840832327034,aspettativa
j0y7ia4,39,26,"['film', 'apprezzare', 'bisognare', 'possibile', 'insieme', 'ovvio', 'paragonare', 'film', 'valere', 'complesso', 'parte', 'film', 'prendere', 'puntata', 'serie', 'dire', 'riguardare', 'film', 'generale', 'accordo', 'film', 'partire', 'pensare', 'guardare', 'film', 'sbagliare']",14.815649644191854,12.642715529653916,11.365565881284349,13.320028255327289,8.530917351123929,14.398583719181287,16.32313581895806,17.367254668376415,aspettativa
j0y5slp,3,3,"['film', 'fare', 'cagare']",1.8072377583590122,1.218418383536159,1.333058528558936,1.188521126671561,1.1384355364124907,1.3175727903252263,1.5881100295493515,1.7234881883381483,gioia
j0y3177,67,51,"['accordo', 'dire', 'film', 'bello', 'parere', 'opinione', 'scena', 'azione', 'fare', 'creativo', 'parlare', 'impressionante', 'varietà', 'forma', 'vita', 'interessante', 'film', 'esplorare', 'ammirare', 'scenario', 'impossibile', 'parte', 'personaggio', 'punto', 'forte', 'trama', 'stereotipato', 'apprezzare', 'avere', 'interazione', 'figlio', 'fine', 'impatto', 'emotivo', 'scena', 'mancanza', 'fare', 'tragedia', 'trama', 'credere', 'genere', 'film', 'servire', 'complesso', 'trama', 'film', 'piacere', 'film', 'dire', 'ricordare', 'film']",30.636648902580447,21.655516658787743,20.930280535216635,24.520908829893322,15.35579241753581,28.836127729864568,34.224332166700144,34.95527988591262,aspettativa
j0y0c4y,9,6,"['primo', 'serie', 'film', 'nuovo', 'mezzo', 'disastro']",3.571646942715117,2.7662525633243407,2.691939080618504,3.162854034965358,2.0288923416751903,2.9109036661603147,3.8979376463623456,3.6752359693725736,sorpresa
j0xxgzi,14,11,"['avere', 'esperienza', 'idea', 'spuntare', 'scrivere', 'film', 'fare', 'esempio', 'trovare', 'tipo', 'media']",6.835841000853343,3.6515318643960804,3.4500833686048447,4.673971734599806,2.489521082206973,7.322891240752584,7.432661268503299,8.525255290894501,aspettativa
j0xs19z,7,6,"['casa', 'fare', 'vedere', 'film', 'autore', 'pubblicità']",3.92697484709115,1.968632807079846,1.7712436369668012,2.0271410843782,1.4800608184166957,3.945581515725295,3.8083008995537444,4.3164416601463085,aspettativa
j0xmpat,6,5,"['gente', 'guardare', 'film', 'lingua', 'originale']",3.507745604873567,1.8876392930959607,1.887244953099954,2.2740405094882914,1.5965746603394675,3.1595641714506884,3.6193016059931944,3.6859824504525323,aspettativa
j0x5q30,6,5,"['fantastico', 'film', 'fare', 'strano', 'nascere']",3.4564784423443706,1.5779484935112964,1.5154649585067104,2.146737213266198,1.3726637010087925,3.023504656055713,3.522814142968526,3.3491790949047693,sorpresa
j0x52ob,3,3,"['pensare', 'film', 'guerra']",1.4001596108590577,2.1295251778852986,1.9907996910419425,2.0471708909592468,1.6533350539198133,1.2233851187210778,1.5943137725007899,1.5611621080922025,tristezza
j0wvw3p,18,17,"['film', 'realtà', 'credere', 'esperienza', 'persona', 'crescere', 'reale', 'rappresentare', 'film', 'altro', 'commento', 'vedere', 'dire', 'chiudere', 'telefono', 'fare', 'film']",10.104896098111965,7.5362504785576565,7.194621373207314,9.0577617754208,5.565316910776041,10.44434786790963,10.69811581028759,11.332522624149231,aspettativa
j0wn587,11,7,"['ripetitivo', 'film', 'ragazzo', 'appassionare', 'toccare', 'ora', 'film']",4.369140659728369,2.806411146548289,2.293359472130933,2.912626040481583,2.045085869321514,3.968417610466444,4.138848283267832,4.486713190926741,aspettativa
j0wk5fm,26,21,"['parlare', 'persona', 'apprezzare', 'generale', 'film', 'serie', 'cazzone', 'fare', 'spegnere', 'cervello', 'rispondere', 'esigenza', 'cercare', 'spegnere', 'cervello', 'cercare', 'esagerare', 'vero', 'problema', 'diventare', 'troppo']",10.837198062637658,10.14031872306488,10.405496499549258,10.539070768223498,8.128122160810124,11.342223521763856,12.209858845674969,13.169776890843199,aspettativa
j0wgmsf,35,28,"['italiano', 'film', 'lingua', 'originale', 'critica', 'senso', 'gente', 'scartare', 'film', 'merda', 'scordare', 'originale', 'volta', 'sforzare', 'rendere', 'fedele', 'emozione', 'attore', 'provare', 'comunicare', 'dire', 'italiano', 'bravo', 'mondo', 'vero', 'anno', 'fare', 'cagare']",16.597741533434895,12.596456698850112,12.541734226601788,12.624564024785245,10.001690651969817,16.411549299534194,17.6135939601771,18.17720205484819,aspettativa
j0wggb1,17,14,"['statunitense', 'mangiare', 'casa', 'famiglia', 'ragazza', 'avere', 'piccolo', 'cucina', 'persona', 'dire', 'cosa', 'guardare', 'film', 'americano']",8.852287418211503,5.784065493727801,5.766204853963908,5.891157726975636,4.31794547456023,8.537610944400058,9.200189742013203,8.966259686273258,sorpresa
j0wgd65,12,11,"['dare', 'ragione', 'persona', 'comune', 'film', 'vedere', 'gente', 'mangiare', 'divano', 'fronte', 'televisione']",7.493590666513497,4.2137809939507385,3.8142731531799883,4.625258737213993,3.5177138834399333,6.821957646262882,6.5233853558664565,6.682167785896447,gioia
j0wegpo,14,12,"['film', 'fare', 'italiano', 'avere', 'stanza', 'compreso', 'cucina', 'posizionare', 'tavola', 'guardare', 'eredità', 'mangiare']",7.643716012561413,4.070587004303527,3.911708160336658,4.106236088102422,3.118968498657131,7.61171062867457,7.418417514141533,8.941869893083645,aspettativa
j0w6x14,15,12,"['cosa', 'altro', 'paese', 'funzionare', 'grosso', 'carcere', 'stile', 'film', 'post', 'banda', 'strada', 'anno']",7.156655746653453,5.647421294459124,5.484082561483818,6.375134885516043,4.304695685955696,6.97390725149342,7.750721402960391,7.277735646241661,sorpresa
j0w5akb,7,5,"['film', 'superiore', 'serio', 'tipo', 'esempio']",2.5913479592981403,2.293825710063715,2.1411047914762182,2.5992316490754583,1.7176444185923236,3.4700365120098375,3.1640452315734073,3.7486009948631733,aspettativa
j0w3913,51,38,"['film', 'piacere', 'forza', 'commemorare', 'vittima', 'noia', 'mortale', 'trama', 'scena', 'donna', 'fare', 'bambino', 'riga', 'film', 'pieno', 'bambino', 'tedesco', 'sapere', 'ebreo', 'epoca', 'scuola', 'insegnare', 'bambino', 'riconoscere', 'ebreo', 'cittadino', 'tedesco', 'epoca', 'nazista', 'gente', 'bene', 'finale', 'forzato', 'fare', 'piangere', 'migliaio', 'film', 'palla']",21.259267498908855,17.756865548478956,16.98985192686629,18.02209209109378,12.195061616278686,20.285236677130797,22.510276858794278,22.50966707980012,sorpresa
j0w24cb,11,8,"['film', 'accordo', 'fumetto', 'crescere', 'pane', 'mondo', 'infanzia', 'adolescenza']",5.972661816342441,3.579796809922122,3.1232277820991676,3.7640528590772235,2.4315995518799682,5.002384249777582,5.22900191677797,5.658348356872649,gioia
j0w1jbq,12,7,"['vero', 'progetto', 'film', 'media', 'bastare', 'fare', 'film']",4.471407022931246,2.7094844200023234,2.3560248807167596,2.831155074213494,1.6682246660506461,4.666920659643557,4.2277012108594105,5.034659141507242,aspettativa
j0vws4h,11,10,"['guardare', 'film', 'lingua', 'originale', 'rendere', 'superiore', 'sembrare', 'esperto', 'doppiaggio', 'sapere']",6.388156998663284,3.1622462986056203,2.83445699864571,3.4458212276684153,2.183857702326945,6.960534642936347,6.510812906007012,7.72632392555392,aspettativa
j0vv3b0,2,2,"['film', 'bambino']",1.5396447402974367,0.9385590062419039,0.7708213476765262,1.040504006635874,0.5620408188764857,1.1415044016518443,1.552433122366316,1.2277075457778313,sorpresa
j0vrj4k,6,3,"['fare', 'ridere', 'film']",2.2288151346997207,0.9157432808418501,0.8911635589269811,1.1494111192144858,0.6606411791887301,1.903180693512901,1.967069200882348,2.056675054763916,gioia
j0vlpgg,13,9,"['bello', 'film', 'piacere', 'realtà', 'fare', 'vedere', 'mondo', 'merda', 'tenere']",5.890740460755777,3.6317605744290082,3.8068438765445034,3.9850737316196474,3.2662119828218117,5.380570601624698,6.132602454937732,6.1845999592663485,aspettativa
j0vlmv6,7,7,"['vedere', 'film', 'parlare', 'generale', 'salvare', 'bello', 'bello']",5.019198997980294,2.617690857693792,2.5436088743275,2.8479353190589234,1.9804650788579092,3.8362493214436766,4.661996969525542,4.218447174389642,gioia
j0vk1pp,20,17,"['dire', 'perdere', 'mente', 'umano', 'avere', 'offrire', 'fine', 'film', 'storia', 'scorrere', 'occhio', 'esperienza', 'fotografia', 'musica', 'punto', 'vista', 'crescere']",10.26695213308632,8.452304011624912,7.7204470787705475,8.384673894961793,5.392043474958855,10.944531213933265,10.947124361793739,11.551471979792504,aspettativa
j0vjf5t,28,19,"['film', 'serie', 'imparare', 'suonare', 'programmare', 'cucinare', 'giapponese', 'palestra', 'amico', 'parente', 'nuovo', 'amico', 'virtuale', 'discutere', 'cosa', 'interessante', 'costruzione', 'montare', 'speciale']",12.853383775225991,6.325644905126853,5.814109412145196,7.3104562907538,4.589733590948992,11.80767707905615,12.100733253652045,13.305311243831797,aspettativa
j0vjf18,53,39,"['pensare', 'stare', 'fare', 'propaganda', 'russo', 'vedere', 'film', 'parte', 'americano', 'liberare', 'regalare', 'carro', 'armare', 'bambino', 'commento', 'occasione', 'mito', 'anno', 'campo', 'rinchiudere', 'nominare', 'punto', 'film', 'indizio', 'svelare', 'trovare', 'famoso', 'ispirazione', 'film', 'venire', 'memoria', 'ebreo', 'finire', 'campo', 'liberare', 'riuscire', 'fuggire', 'liberare', 'sovietico']",22.639374708852564,17.73391950392091,16.803262185345236,18.631074669237023,12.360833545007946,21.202425021166615,24.33858989027616,24.039452104351103,sorpresa
j0vhlf8,10,8,"['generale', 'piacere', 'film', 'casino', 'risolvere', 'piacere', 'finale', 'sorpresa']",4.839271942191556,3.4730574107205117,3.7093550617754265,3.918055047262155,2.963031442649377,4.3248323065460275,5.416327463882483,4.8652604027978175,sorpresa
j0vfiy8,11,9,"['film', 'piacere', 'fantasy', 'realtà', 'piacere', 'gente', 'ultimo', 'uscita', 'autore']",5.444604098787561,3.9502186485099826,3.8109705418901356,4.458077466542448,2.8571086873854794,5.563859068881352,6.183885449056528,5.908937066688189,sorpresa
j0vf4is,16,9,"['avere', 'genere', 'preciso', 'piacere', 'film', 'storia', 'piacere', 'esempio', 'club']",5.926839219771143,3.2619062515836386,3.5146365465061606,3.9484354856977104,2.2642413800270305,6.1842956000632165,5.730479022133321,6.1770641150238905,fiducia
j0vemrq,11,9,"['film', 'generale', 'fare', 'cagare', 'fare', 'ridere', 'milione', 'persona', 'appassionare']",5.567014338141701,3.122578379548149,3.48120708408995,3.5545698442753566,3.0281480582806366,4.776634810149383,5.16748757898939,5.302197141279868,gioia
j0vebqw,2,2,"['film', 'piacere']",1.5649927628583407,0.9032166477612257,0.8679098331617459,1.0704267279535915,0.6428735908542902,1.180329329919517,1.5319098472239498,1.4608205325182775,gioia
j0ve72l,10,7,"['pubblicità', 'film', 'forza', 'rompere', 'scatola', 'attenzione', 'avere']",3.959055721666225,2.8600036889707328,3.0616557199796954,3.3944683148221664,1.9915535624244511,3.612215324112656,4.562904783245219,4.549387901874185,sorpresa
j0vap0u,20,18,"['massacrare', 'odio', 'primo', 'video', 'odiare', 'buttare', 'tempo', 'fronte', 'schermo', 'generale', 'vedere', 'film', 'serie', 'televisivo', 'serie', 'televisivo', 'film', 'francamente']",8.163191343748624,9.284785561203089,9.545203199792047,9.45568872475168,8.233189995577643,8.083219098567435,10.267651814371199,9.807528263933976,sorpresa
j0v6zlu,6,4,"['avere', 'ragione', 'film', 'comunista']",2.4773818566109562,1.4418153374004592,1.6141970344620626,2.0866024145153204,1.2818465923536557,2.5318666271653107,2.6076115953735393,2.606982381417504,sorpresa
j0v6q4x,17,16,"['insultare', 'volta', 'dire', 'divertire', 'stronzo', 'stare', 'cosa', 'finire', 'frase', 'vabbè', 'volta', 'organizzare', 'serata', 'film', 'fare', 'cambiare']",8.840575577155722,7.255782085452982,7.118856701631922,7.0323193316856125,5.75486801568078,8.500605093815402,9.683021010015313,10.288667454659139,aspettativa
j0v5lcz,5,5,"['piacere', 'film', 'tipo', 'compagnia', 'variare']",3.734549871142131,1.9291213036596002,1.794811542299346,2.5541489545701825,1.4180721392112223,3.447354893765038,3.3923781439200225,3.6955637510680655,gioia
j0v4stb,6,5,"['contrario', 'fare', 'film', 'trama', 'semplice']",2.8605411225850625,2.00711599521737,1.9506557714699142,1.9153398770408723,1.3706190901350543,2.3936713716350315,2.8380617498344556,3.2195817245232896,aspettativa
j0v2rz8,20,18,"['pensare', 'stare', 'fare', 'propaganda', 'russo', 'vedere', 'film', 'parte', 'americano', 'liberare', 'regalare', 'carro', 'armare', 'bambino', 'prossimo', 'volta', 'verificare', 'scrivere']",10.401985038805792,8.800183018012412,8.432993099779678,9.05620072509597,6.373991564982148,10.065010920354936,10.629139271688594,11.083027834979493,aspettativa
j0v22vc,4,3,"['smettere', 'vedere', 'film']",1.8479747848801655,1.611131058274158,1.666511523204929,1.498321066232514,1.0929261646053998,1.3903816038275896,1.7433897637918125,1.7420550129904262,gioia
j0uph8w,2,2,"['film', 'credere']",1.4944612213184212,0.9002811016120777,0.7868830263269618,0.9857371367558821,0.5436756837338284,1.310560671836134,1.2801627205606514,1.2558306752696953,gioia
j0unkx3,6,6,"['primo', 'film', 'alieno', 'blu', 'alieno', 'blu']",3.8978822718416986,1.9993108354683717,2.2631984803732084,3.001727575749214,1.4525248882165727,3.259652508898709,4.639567487772986,3.8917912424096004,sorpresa
j0ud61c,16,13,"['piccolo', 'fan', 'credere', 'ascoltare', 'esplorare', 'poco', 'rimanere', 'colpire', 'film', 'enorme', 'perdita', 'mondo', 'musica']",7.544304029873468,6.6608026009420085,5.9678210071025815,6.5143710326142275,4.423082546792666,6.371381566362302,8.096055977784957,7.211138928835063,sorpresa
j0u96hn,6,4,"['trama', 'pari', 'film', 'approfondire']",2.7566185116110615,1.3639817690018485,1.2582135702310329,1.6474042938822007,1.0031631165927708,2.5353752938937744,2.6881403852380714,3.23076724344309,aspettativa
j0u4jvr,13,11,"['rituale', 'gioco', 'tavolo', 'famiglia', 'piacere', 'seguire', 'apposito', 'accadere', 'festa', 'guardare', 'film']",7.521884347976763,3.539129865607471,3.302892278726959,3.997139211474127,2.469073195755747,7.713951518715196,7.439223979684531,8.549781166529996,aspettativa
j0u44hv,2,2,"['rimanere', 'film']",1.4397251759067413,1.0926292623722194,0.7658438916405654,0.9297626569846489,0.5355855892435208,0.8325373742652951,1.1099244439293727,1.1737844638752242,gioia
j0u05cz,45,34,"['primo', 'giudicare', 'recensione', 'professionale', 'marketing', 'diffondere', 'operatore', 'professionale', 'pubblico', 'primo', 'avere', 'senso', 'dare', 'fare', 'commerciale', 'avere', 'motivo', 'esistere', 'dare', 'mercato', 'avere', 'anno', 'mostrare', 'volere', 'tecnologia', 'morto', 'camminare', 'film', 'avere', 'trama', 'livello', 'buono', 'biglietto', 'visita']",21.335520871734563,12.090015271765772,12.007074231149339,14.782803255767979,8.648603155857751,23.36775457170169,22.159998970946567,25.674299013792115,aspettativa
j0tz6u7,24,21,"['padre', 'vigilia', 'turno', 'ora', 'pausa', 'pranzo', 'solito', 'cadavere', 'divano', 'sorella', 'giro', 'amica', 'madre', 'messa', 'cena', 'leggero', 'serata', 'film', 'poltrona', 'classico', 'fantascienza']",14.543353701690533,7.370345102233764,5.813939287570787,7.223544022547342,4.403438803245983,13.148253621027262,11.80510677497062,13.210764600546684,gioia
j0tx0k7,6,5,"['indossare', 'film', 'porno', 'fare', 'avere']",3.593179014516748,1.5893129657946803,1.5867128268083455,2.1486633074524235,1.2568765488216114,3.028051653431383,3.067917444888621,3.788062202071132,aspettativa
j0twrkc,2,0,[],0.0,0.0,0.0,0.0,0.0,0.0,0.0,0.0,neutrale
j0tv8cf,10,7,"['mangiare', 'sala', 'pranzo', 'televisione', 'roba', 'serie', 'film']",4.864478599676551,2.470086747976235,2.2319190385311654,2.321173467434518,2.000582747744295,3.3714123020432867,4.213649271055709,4.188175703168488,gioia
j0ttrbu,11,5,"['anno', 'leva', 'vendere', 'tecnologia', 'sala']",3.3375041282735145,1.6133034773460384,1.3486071890643032,1.8341440434772052,1.0110129883988992,2.8839546698190244,3.137110116042541,3.3989957071216064,aspettativa
j0tozjm,18,10,"['stesso', 'menù', 'pranzo', 'mela', 'gelato', 'pranzo', 'divano', 'film', 'vecchio', 'scuola']",7.357604580383878,2.9202912993948313,2.503484802988642,3.172987409865071,1.810822331622784,5.662863610806641,5.887098334334748,6.415415980793544,gioia
j0tnhue,11,10,"['ora', 'film', 'aspettare', 'trama', 'complesso', 'trama', 'fare', 'cagare', 'mondo', 'cambiare']",5.75118306560218,4.544537044119502,4.409232718742729,5.324951383233962,3.479731373836778,5.689102112578491,6.67708551254582,7.508939570206316,aspettativa
j0tn64y,6,5,"['film', 'incredibile', 'trama', 'pari', 'film']",3.463418528756867,2.217269392005064,2.1433975931376676,2.6014115375442644,1.6352185876802596,2.6602686932720685,3.6753133925865153,3.739678378360821,aspettativa
j0tn5s9,44,22,"['semplice', 'grafico', 'anno', 'migliore', 'out', 'auto', 'avere', 'preferito', 'successivo', 'fare', 'scena', 'puntare', 'film', 'serie', 'mondo', 'frenetico', 'ultimo', 'anno', 'gioco', 'cellulare', 'preferire', 'stress']",13.04158545251048,8.12675632423493,8.53838059970231,9.385509487624125,5.607137791726227,13.043712428311215,13.302548873085376,15.93936342641505,aspettativa
j0tm1hq,21,21,"['vero', 'paese', 'fare', 'fare', 'tecnologia', 'permettere', 'avere', 'pizza', 'film', 'durata', 'formato', 'digitale', 'considerare', 'film', 'dirigere', 'bambino', 'durare', 'minuto', 'estero', 'pausa', 'fare']",13.026035616302329,6.796700939185155,6.015367680540753,8.5563742977946,4.3537930167348975,14.044734104427416,12.368668020193596,15.54584827098379,aspettativa
j0tf9sa,19,15,"['leggere', 'recensione', 'film', 'bello', 'livello', 'effetto', 'grafico', 'storia', 'lasciare', 'desiderare', 'cosa', 'succedere', 'film', 'vedere', 'sapere']",9.662413198762874,6.62281795299638,5.725649901307732,6.656984583063408,4.251440440226683,8.645187824840114,9.736052285325242,9.801300439396892,aspettativa
j0rx21d,5,3,"['idea', 'film', 'trama']",2.0274220294493013,1.1338027933744197,1.0565026358663678,1.418392615009497,0.8369925364175756,1.800742952049308,2.107904464849267,2.4515141274605208,aspettativa
j0rqtvl,5,3,"['primo', 'film', 'cinema']",2.297541254995137,1.2713472401337966,1.0621584198659584,1.3664937505979013,0.702041527506277,1.3672264783046542,2.193985910065513,2.0977431966645748,gioia
j0rpaxl,28,24,"['dire', 'sapere', 'personaggio', 'sapere', 'lasciare', 'film', 'commentare', 'permettere', 'spettatore', 'riempire', 'buco', 'opinione', 'idea', 'modo', 'film', 'diventare', 'dire', 'bastare', 'teoria', 'idea', 'buttare', 'finestra', 'film', 'speciale']",13.647579010814088,9.000528200431356,8.203218259339671,10.267635249907034,6.9814262286820545,14.673944727027438,14.251505154025182,15.878595095251745,aspettativa
j0rmy2v,29,19,"['vedere', 'piacere', 'dire', 'primo', 'film', 'cinema', 'evitare', 'tipo', 'proiezione', 'vero', 'soluzione', 'fine', 'esperienza', 'valere', 'pena', 'piccola', 'parentesi', 'scena', 'braccio']",11.27198735265943,7.9868164902138545,7.352627548532643,8.67015779587734,5.766912869558329,11.446451941895338,11.235717985323415,13.354105087530137,aspettativa
j0rjyye,8,4,"['curiosità', 'cinema', 'avere', 'biglietto']",3.143996002146797,1.1299721468499064,1.0936423433386866,1.8780597069129394,0.8260306516857834,2.5090117892724804,2.8644176905827194,3.0364268687167932,gioia
j0qxkts,8,5,"['ricordare', 'tema', 'sangue', 'finto', 'film']",2.4579893509247888,3.309591575124297,3.063339978060263,3.281027341005643,2.439880803193504,2.0830860686825683,3.1299710228312057,2.318352343330036,tristezza
j0qc82w,65,52,"['fare', 'classico', 'piacere', 'fare', 'medico', 'studiare', 'scuola', 'noioso', 'classe', 'ragazzo', 'liceo', 'classico', 'film', 'muto', 'bianco', 'poco', 'inglese', 'altro', 'lingua', 'latino', 'greco', 'moderno', 'antico', 'riuscire', 'capire', 'scrivere', 'colonna', 'chiesa', 'chiedere', 'bagno', 'studio', 'imparare', 'metodo', 'studio', 'efficace', 'allenare', 'cervello', 'memoria', 'continuare', 'università', 'entrare', 'medicina', 'anno', 'abbandonare', 'altro', 'storia', 'lingua', 'parlare', 'presente', 'liceo', 'imparare', 'studiare']",30.631321053635688,18.776674417556393,16.857021392377824,21.06452368736046,12.897449098504056,33.85795671913949,29.868088551725926,36.953619417718954,aspettativa
j0q4c9r,4,2,"['vedere', 'film']",1.5930227722182893,0.9166004967652723,0.8493755879223811,0.9482474939529808,0.6598466611609268,1.1102835451965598,1.3514759255807922,1.3306750556875777,gioia
j0pq176,63,49,"['passare', 'cosa', 'anno', 'prescindere', 'piacere', 'gioco', 'ora', 'parte', 'affrontare', 'smettere', 'giocare', 'dare', 'precedenza', 'hobby', 'riprendere', 'giocare', 'ultimo', 'anno', 'tornare', 'voglia', 'giusto', 'continuare', 'hobby', 'appassionare', 'tempo', 'sensazione', 'anno', 'avere', 'fare', 'tempo', 'libero', 'fare', 'gusto', 'cambiare', 'crescere', 'voglia', 'guardare', 'film', 'giocare', 'giusto', 'giocare', 'anno', 'piacere', 'pausa', 'aiutare', 'passione', 'hobby', 'poco', 'tempo']",32.315462235995795,18.322608665870646,15.68079748908122,19.990485735775763,11.448970959768367,32.90196052241862,30.206530683859295,35.53853940228944,aspettativa
j0pkx0w,97,78,"['parere', 'capacità', 'videogioco', 'paragonabile', 'lettura', 'paragonabile', 'sogno', 'misura', 'minore', 'film', 'ricordare', 'videogioco', 'impressione', 'lettura', 'avere', 'realistico', 'persona', 'giocare', 'ora', 'ora', 'lettura', 'presunto', 'capacità', 'scelta', 'singolo', 'numero', 'enorme', 'persona', 'influenzare', 'potere', 'enorme', 'morale', 'debole', 'persona', 'scegliere', 'subire', 'scelta', 'ultimo', 'elezione', 'dimostrazione', 'fatto', 'italiano', 'balia', 'forza', 'esterno', 'scegliere', 'ordine', 'dire', 'mentire', 'dire', 'uccidere', 'bambino', 'vittima', 'anno', 'bambino', 'tornare', 'presunto', 'libero', 'italiano', 'dire', 'esistere', 'ultimo', 'elezione', 'colpo', 'occulto', 'coordinare', 'parte', 'causa', 'condizione', 'politico', 'assenza', 'vero', 'leader', 'sinistra', 'delusione', 'stella', 'elezione', 'libero']",41.247559270139874,34.380473747308635,34.79101891557208,38.095900083005404,28.21569942637902,45.127558828279376,46.18051766283498,49.08633809477145,aspettativa
j0p9ow5,8,4,"['usare', 'film', 'realtà', 'compreso']",2.476729699737848,2.053008510724776,1.895572636879527,2.1092650149960126,1.4667955904958856,2.6229807606216893,2.586750421583966,2.6793585010662935,aspettativa
j0p36y5,13,8,"['casa', 'film', 'leggere', 'libro', 'cosa', 'vecchio', 'gusto', 'personale']",5.470682335608845,3.96394047243011,3.3516558445331848,3.6453736555417757,3.3739224241062753,4.908369695142406,5.408846250483201,5.13823857557497,gioia
j0p1t1d,13,9,"['sentire', 'uguale', 'versione', 'film', 'ultimo', 'registrare', 'stare', 'live', 'diverso']",4.7374745462032015,4.008299090907491,4.111145199380229,4.235506073390727,3.2597923486135976,4.908184899679444,5.702529443553712,6.025748246711123,aspettativa
j0ox5l9,29,21,"['canzone', 'originale', 'scena', 'film', 'cantare', 'altro', 'arco', 'altro', 'strumento', 'modo', 'grazie', 'cercare', 'minuto', 'cominciare', 'pensare', 'fare', 'minuto', 'film', 'peccato', 'pezzo', 'splendido']",12.724124710679725,7.760874930381542,7.327457281932622,9.447626222765262,5.165428659895188,11.614431196059536,13.490911733926112,14.232599589358868,aspettativa
j0ov34s,16,13,"['film', 'vita', 'cantante', 'gruppo', 'interpretare', 'versione', 'magnifico', 'trovare', 'cazzo', 'parte', 'sperare', 'registrare', 'intero']",8.637419006943045,3.8087186170377803,3.8496258372413847,4.56802778155773,2.93932496239931,8.3982649646493,8.433474720861081,9.214233719029618,aspettativa
j0nr2qy,5,3,"['casa', 'vedere', 'film']",2.451912646431898,1.3326543122088672,1.1769414158815303,1.334271558569629,0.8596507325852996,1.9539560358972583,2.0775425270522714,2.105091305256835,gioia
j0nglhd,10,9,"['vedere', 'film', 'azione', 'killer', 'perso', 'tempo', 'poco', 'master', 'duello']",3.5708750158532854,4.729422713330688,4.74734853012961,4.980661161583642,3.108486434758985,3.916997612277225,4.803650982914688,5.038256967391613,aspettativa
j0l0b2f,3,2,"['film', 'vedere']",1.5930227722182893,0.9166004967652723,0.8493755879223811,0.9482474939529808,0.6598466611609268,1.1102835451965598,1.3514759255807922,1.3306750556875777,gioia
j0i544d,68,50,"['ritardo', 'dare', 'risposta', 'piacere', 'film', 'macchina', 'esplodere', 'continuare', 'ridere', 'dire', 'parlare', 'amico', 'cosa', 'capolavoro', 'divertire', 'dare', 'cercare', 'persona', 'piacere', 'azione', 'cretino', 'piacere', 'dramma', 'persona', 'finto', 'ridicolo', 'volta', 'avere', 'impressione', 'avere', 'fare', 'vero', 'dramma', 'malattia', 'lutto', 'gioco', 'videogioco', 'cretino', 'mondo', 'pensare', 'sperare', 'situazione', 'simile', 'chiedere', 'piacere', 'divertente', 'fare', 'sentire', 'colpa', 'chiedere']",28.05410152496647,22.323651668398718,21.713155052314963,24.33870781053416,16.623691304813725,29.50034996650023,31.353647395018726,32.36051990917226,aspettativa
j0fo2ho,21,17,"['dire', 'cosa', 'fare', 'effetto', 'albero', 'fare', 'colore', 'scopo', 'bello', 'bello', 'film', 'spessore', 'film', 'stesso', 'prodotto', 'bello', 'vedere']",12.2752947797583,5.220670605541285,4.8322593336192625,6.0205821242793,3.841781476459101,10.529594925572399,10.932578677499663,11.5567054742764,gioia
j0eg9q0,7,3,"['sembrare', 'chiaro', 'film']",1.8499238835690242,1.0411505987077472,0.8638263335696178,1.0685726961421405,0.59332590990954,1.810112998117527,1.9620171342439159,2.045527114473996,aspettativa
j0ci490,17,13,"['vedere', 'canale', 'anno', 'vedere', 'parte', 'programma', 'interessante', 'serie', 'televisivo', 'seguire', 'film', 'vedere', 'vario']",8.226463488688722,4.596886885053019,4.066565218063426,5.024887139520913,3.4824958157628902,7.923382486312778,8.423962788431071,9.211460688463625,aspettativa
j0cfq70,15,11,"['gemello', 'buono', 'ultimo', 'film', 'avere', 'stesso', 'padre', 'punto', 'trend', 'iniziare', 'rischiare']",6.98224625403513,4.079347139809149,3.8946162942645026,4.838558043917388,2.566371924755773,7.117231828664304,6.503675200622743,7.346466318709596,aspettativa
j0ce98f,29,25,"['finire', 'aspettare', 'piacevole', 'stupore', 'provocare', 'primo', 'sapere', 'abituare', 'cosa', 'ora', 'film', 'ora', 'succedere', 'sapere', 'preparazione', 'terzo', 'film', 'sapere', 'arrivare', 'film', 'vedere', 'innovazione', 'sensazione', 'fare', 'dovere']",16.180545516717725,10.723233775180274,9.709025508921652,11.769439109704681,7.22988644232039,15.470742565264812,16.27748015492045,16.91896445708499,aspettativa
j0cbj7b,20,13,"['primo', 'trama', 'semplice', 'incredibile', 'epoca', 'permettere', 'vivere', 'vero', 'dire', 'dire', 'fare', 'paragonare', 'film']",8.665814825929031,4.889925209009009,4.749223713029654,5.425479202023458,3.549758802293969,8.71149061428136,8.775690615866848,9.991738896628974,aspettativa
j0br8mf,26,14,"['tenere', 'giusto', 'vedere', 'film', 'interessante', 'prendere', 'fiato', 'sembrare', 'cervello', 'rapido', 'successione', 'pausa', 'fare', 'pensare']",8.78378770216871,5.575598771052875,5.1081793557108135,6.3508235982380645,4.031282476245458,8.811120468687175,8.9673585634971,10.130166113148706,aspettativa
j0bo7t0,16,13,"['suonare', 'male', 'storia', 'semplice', 'fare', 'bello', 'film', 'storia', 'semplice', 'lasciare', 'spazio', 'resto', 'film']",8.006478233224712,6.028364684459373,5.347505334245732,6.1116295352638925,3.7715616986369316,6.478360251016159,7.855829464328793,7.639054124689178,gioia
j0b7nmy,6,6,"['sud', 'parlare', 'film', 'nord', 'parlare', 'porno']",4.486890903028191,2.3579092277278257,2.117899215936071,2.268971096429545,1.4431249568227116,3.6528045342631925,3.959510285803819,4.014152465171995,gioia
j0b3fit,32,21,"['mondo', 'spettacolo', 'fare', 'ascolto', 'credere', 'unico', 'film', 'dipendere', 'contesto', 'generale', 'sdoganare', 'restare', 'vecchio', 'legge', 'stesso', 'legge', 'manifestazione', 'oltraggioso', 'strato', 'codice', 'penale']",10.934617257825606,9.328251271362888,9.578316230715714,10.303751769337538,7.601221166453085,12.100584957290602,11.791295358170089,13.079470264842966,aspettativa
j0arpwp,47,38,"['fare', 'film', 'andare', 'storto', 'figuraccia', 'fare', 'gente', 'pensare', 'fregare', 'gente', 'parlare', 'figuraccia', 'fare', 'vita', 'unico', 'persona', 'mondo', 'volere', 'prova', 'provare', 'figura', 'persona', 'venire', 'mente', 'vero', 'stesso', 'cosa', 'confronto', 'confrontare', 'persona', 'volta', 'sentire', 'paura', 'pensare', 'fregare', 'sapere', 'fare', 'avere']",21.260991537338903,17.21117199872447,16.839284525961247,19.303075422617937,13.70854239232367,23.003895728252104,22.73145814621371,24.707238000714202,aspettativa
j0anpzz,4,3,"['contare', 'parlare', 'film']",2.237535170707917,1.2194513295561378,1.0667168759202192,1.2053100521430897,0.7277076694260227,1.9783744548459865,2.0902107893402806,1.97524370942803,gioia
j08zo3e,1,1,['film'],0.7009394218798187,0.6037802010294635,0.5345885174222281,0.6494568413132021,0.3737923279363268,0.4010549434443897,0.7352342179409509,0.61272349552629,sorpresa
j08x5io,29,21,"['dipendere', 'termine', 'coprire', 'ampio', 'spettro', 'film', 'romanzo', 'caso', 'venire', 'mente', 'mostro', 'assassino', 'sangue', 'orrore', 'bambino', 'piccolo', 'pozzo', 'famoso', 'mostro', 'mostro', 'particolare']",8.430213597033724,10.073346827757723,10.075592746668361,13.118746488630771,9.348399394490853,7.537534725030062,12.768594701788764,9.038883283631609,paura
j08urqx,25,16,"['controllare', 'classico', 'film', 'trovare', 'riga', 'raccontare', 'giusto', 'iniziare', 'film', 'sviluppo', 'trama', 'film', 'fantasma', 'personaggio', 'anno', 'possibile']",9.800638317498958,6.134554410568629,5.785479934008379,7.860028105837722,4.236475517932904,9.522431355126136,10.53759641610189,11.08245118944846,aspettativa
j07ks4w,5,5,"['avere', 'consiglio', 'consigliare', 'guardare', 'film']",3.221799255737356,1.8671601940177884,1.883421857739616,2.421223011796698,1.315029565773306,3.715448862495351,3.176154173679994,3.9153900275387414,aspettativa
j06hi2b,62,47,"['fare', 'post', 'prematuro', 'caso', 'alunno', 'scuola', 'sentire', 'film', 'orrore', 'proiettare', 'classe', 'occupare', 'sito', 'sezione', 'analisi', 'corso', 'fatto', 'disponibile', 'sito', 'concorrente', 'approfondire', 'aspetto', 'notare', 'schema', 'promuovere', 'film', 'orrore', 'basso', 'costo', 'fare', 'filtrare', 'giornale', 'ambito', 'locale', 'citare', 'film', 'pubblicità', 'gratuito', 'notare', 'diffusione', 'film', 'primo', 'presente', 'home', 'video', 'versione', 'italiano']",24.210953323504082,17.863178620780438,17.07494119337383,20.789119022952047,14.221871736715876,25.294865566865923,27.668931717198856,29.981655628349692,aspettativa
j06cl77,6,2,"['preferire', 'periodo']",1.1413423885336673,0.6043542004267575,0.6302452082350505,0.8224665104453861,0.4389188157508489,1.207489008239455,1.2389713065380028,1.7495426632119908,aspettativa
j064531,76,55,"['concordare', 'discorso', 'libro', 'serie', 'serie', 'snob', 'sembrare', 'libro', 'lettura', 'saggio', 'tecnico', 'romanzo', 'libro', 'pensare', 'classico', 'letteratura', 'autore', 'attuale', 'fumetto', 'letteratura', 'avere', 'pensare', 'fumetto', 'giapponese', 'avere', 'riferimento', 'anno', 'puro', 'esistere', 'opera', 'avere', 'complessità', 'elevato', 'pieno', 'telefilm', 'anima', 'avere', 'complessità', 'arrivare', 'grande', 'massa', 'discorso', 'diverso', 'fare', 'film', 'produrre', 'film', 'interessante', 'trovare', 'puro', 'riguardare', 'saggio', 'libro', 'paragonare', 'video']",33.18428448758336,20.269121245418162,18.75474639923685,22.85218554654054,14.50069076188252,35.63468229997627,34.73363219291145,39.65771711906271,aspettativa
j05zb6o,7,6,"['nuovo', 'film', 'casa', 'tratto', 'storia', 'vero']",4.095235578328758,2.472657234912385,2.270428815277685,2.6736749505769604,1.4679629248023423,4.118447717955013,3.9291967842071878,3.9448593193465142,fiducia
j05ygyt,26,21,"['punto', 'vista', 'autorizzare', 'capo', 'serie', 'profondo', 'film', 'autore', 'buono', 'libro', 'gioco', 'fare', 'guardare', 'mamma', 'amico', 'natale', 'gioco', 'cazzo', 'cultura', 'dipendere', 'media']",12.948193200152948,6.486029613371188,7.0119068968651845,7.660757620366446,4.855510690227993,13.91165150703422,13.727460750110781,14.698492234508304,aspettativa
j05wgom,3,2,"['citazione', 'film']",1.2341454244602088,0.905912233279324,0.9445921638388999,1.0019856232544497,0.5978122887119939,1.1534074869236919,1.3998920367739225,1.4531321717012335,aspettativa
j05vxos,6,6,"['dimenticare', 'fare', 'scena', 'riprendere', 'film', 'nord']",3.303061468769526,2.6013429969125976,2.7524192794299096,2.9625284232894957,1.899245623106065,3.2550288138188,3.7741391085903957,4.0505988524677985,aspettativa
j04g22c,12,6,"['gamba', 'piacevole', 'effetto', 'fare', 'disegnare', 'film']",4.495767608465644,1.701832593469398,1.5553856101043224,1.950791272600517,0.9997180001628849,3.874720740685468,3.542449459118249,4.095873119656845,gioia
j03yr2o,32,23,"['insulto', 'singolo', 'fare', 'modo', 'pensare', 'pregiudizio', 'società', 'valere', 'razza', 'razza', 'sud', 'esempio', 'svizzero', 'parlare', 'meridionale', 'meridionale', 'africano', 'circolo', 'avere', 'fine', 'consiglio', 'film', 'parlare']",12.794272240933887,9.931439857428643,9.327893210417308,10.266446342028775,6.950518159714416,13.644928068639528,13.423676871928633,14.245762167525653,aspettativa
j03w1l0,47,44,"['guardare', 'portafoglio', 'guardare', 'dire', 'andare', 'paese', 'base', 'stare', 'senso', 'avere', 'fare', 'soldo', 'proporzione', 'avere', 'cosa', 'stare', 'altro', 'manco', 'pago', 'assicurazione', 'medico', 'simile', 'pubblico', 'guardare', 'orto', 'terzo', 'mondo', 'adorare', 'posto', 'offrire', 'trattare', 'schiavo', 'resto', 'rimanere', 'film', 'post', 'povertà', 'avere', 'situazione', 'avere', 'dubbio', 'diverso', 'posto', 'diverso']",24.07053433158595,17.690570011413023,17.528662088747407,20.539837978484414,14.166064736144584,26.13535129075494,26.427822791204072,29.921991012395274,aspettativa
j02j2m1,18,13,"['prima', 'cosa', 'uscire', 'chiudere', 'ospedale', 'fare', 'supremo', 'napoletano', 'fare', 'film', 'altro', 'oscar', 'vedere']",8.142880113380093,4.664777366096264,4.226559089477491,5.593591270522236,3.650136461725597,7.798698727217873,7.994857817420925,8.723483702607927,aspettativa
j01ck0v,70,66,"['professore', 'inglese', 'sapere', 'inglese', 'esistere', 'estero', 'nuovo', 'generazione', 'imparare', 'piccolo', 'grazie', 'internet', 'film', 'serie', 'lingua', 'originale', 'riguardare', 'metodo', 'insegnamento', 'scuola', 'fare', 'corso', 'lingua', 'dare', 'base', 'pretendere', 'portare', 'livello', 'uso', 'contesto', 'scolastico', 'esempio', 'sapere', 'inglese', 'usare', 'giorno', 'metodo', 'insegnamento', 'accordo', 'inutile', 'fare', 'studiare', 'letteratura', 'lingua', 'originale', 'gente', 'ordinare', 'caffè', 'inglese', 'mettere', 'ora', 'conversazione', 'settimana', 'situazione', 'cambiare', 'liceo', 'linguistico', 'fare', 'ora', 'conversazione', 'settimana', 'inutile', 'persona', 'classe', 'contribuire', 'conversazione']",40.84396959471178,20.453063425058943,19.55903173459672,24.42961733412966,14.165338247550629,42.67821042100819,37.677738814593795,47.03030674817259,aspettativa
j01673f,30,18,"['linguistico', 'studio', 'istituto', 'monte', 'insegnare', 'giapponese', 'cifra', 'romano', 'servire', 'cinema', 'usare', 'cifra', 'romano', 'firmare', 'film', 'coda', 'scrittura', 'conto']",10.05965086556463,7.803185157413243,6.689189054711678,7.224061218835997,4.928292913566056,11.07081051058844,10.204392339872058,12.240597831547856,aspettativa
hqorg4s,25,20,"['misto', 'ristorante', 'casa', 'costare', 'mezzanotte', 'andare', 'centro', 'guardare', 'fuoco', 'alto', 'dipendere', 'turista', 'giro', 'fare', 'venire', 'voglia', 'bello', 'film', 'momento', 'rivedere']",13.690591304901876,7.057592254903484,6.933386097802495,8.103274509020356,5.242638497672361,12.075619371322981,12.920998868721107,13.424882031834759,gioia
hqo8qob,4,4,"['vino', 'mezzanotte', 'bello', 'film']",3.2048946153440507,1.491682584140245,1.2022299762202047,1.4275172841836667,0.8941037680636565,2.0456430642294463,2.4342761648793787,2.3927458838369535,gioia
hqax4rk,75,56,"['problema', 'videogioco', 'complesso', 'primo', 'problema', 'merda', 'gioco', 'bello', 'libro', 'libro', 'avere', 'storico', 'senso', 'avere', 'libro', 'vecchio', 'classico', 'difficile', 'giocare', 'gioco', 'vecchio', 'avere', 'versione', 'computer', 'vecchio', 'storia', 'videogioco', 'forza', 'complesso', 'ragione', 'gioco', 'media', 'controllo', 'protagonista', 'complesso', 'fornire', 'gioco', 'gioco', 'film', 'altro', 'libro', 'complesso', 'trama', 'avere', 'controllo', 'protagonista', 'creare', 'gioco', 'crescente', 'difficoltà', 'mezzo', 'diverso', 'fare', 'sposo', 'libro', 'idea']",33.09459437881332,19.90145366156448,20.748164108671503,24.2890512525091,15.210096145057808,33.95258787660525,37.37519456518339,38.301246159233216,aspettativa
hq4ox7e,52,44,"['esistere', 'videogioco', 'pari', 'romanzo', 'storia', 'lasciare', 'insegnare', 'punto', 'vista', 'diverso', 'ampliare', 'conoscenza', 'diventare', 'mettere', 'giocare', 'fare', 'azione', 'ripetitivo', 'modalità', 'pilota', 'automatico', 'voglia', 'avventura', 'tenerezza', 'scegliere', 'libro', 'ascolto', 'musica', 'guardare', 'film', 'videogioco', 'dire', 'gente', 'conoscere', 'trovare', 'dire', 'contento', 'sentire', 'pensare', 'riguardare', 'videogioco', 'pensare', 'sentire', 'sereno']",28.086309126292413,16.09829783997613,15.104005932830889,18.274066498696673,11.871083503300389,28.183839597363647,28.70641932872951,30.34577151576617,aspettativa
hq4ipmk,26,16,"['scena', 'bagno', 'imperatore', 'film', 'dimostrare', 'acqua', 'funzionare', 'voce', 'primo', 'bisogno', 'alzare', 'guidare', 'puro', 'voce', 'magnifico', 'rappresentazione']",11.104853581310408,4.334941915250763,5.068867426939255,5.962684326272884,3.511500267134804,10.47904006630381,9.880776681474435,11.032193224422725,gioia
hq3eopr,153,107,"['lungometraggio', 'adulto', 'fatto', 'rispettare', 'fumetto', 'originale', 'trovare', 'superiore', 'accento', 'spostare', 'umorismo', 'malinconia', 'vedere', 'amaro', 'primo', 'film', 'mostro', 'volgare', 'città', 'rappresentare', 'peggio', 'americano', 'cattivo', 'affascinare', 'nuovo', 'serie', 'fare', 'realtà', 'storico', 'paio', 'cantante', 'prova', 'scuola', 'moderno', 'fare', 'vero', 'miracolo', 'serie', 'storico', 'riuscire', 'portare', 'originale', 'foresta', 'mascherare', 'interessante', 'circuito', 'vedere', 'carino', 'rosso', 'avere', 'capacità', 'duro', 'necessario', 'storia', 'fidare', 'scienza', 'scienziato', 'vedere', 'documentario', 'affare', 'avere', 'importante', 'capire', 'funzionare', 'politica', 'statunitense', 'serie', 'povero', 'triste', 'drogare', 'disperato', 'romanzo', 'criminale', 'sacco', 'attore', 'interessante', 'serie', 'fantascienza', 'straordinario', 'cancellare', 'solo', 'stagione', 'puntata', 'colpire', 'colpire', 'triste', 'gioia', 'gioventù', 'dare', 'nostalgia', 'dolce', 'tempo', 'spazio', 'colpa', 'eccellente', 'ricordare', 'primo', 'stagione', 'lato', 'triste', 'versione', 'anno', 'serie', 'riuscire', 'contesto', 'moderno', 'interessante']",60.88319057312821,44.50873648673247,41.66783740016648,48.579700768759565,31.7468834895575,61.147123616148825,64.32148402178717,69.77337104028561,aspettativa
hq1fpu3,31,28,"['piacere', 'idea', 'film', 'trovare', 'riferimento', 'film', 'vecchio', 'caso', 'storia', 'scritto', 'bambino', 'avere', 'senso', 'esempio', 'uomo', 'intelligente', 'pensare', 'stupido', 'strano', 'creare', 'film', 'bambino', 'bambino', 'sapere', 'film', 'vecchio', 'capire', 'riferimento']",17.649181414567988,11.631367842400168,10.496800416167822,12.462583530912834,7.9164764713453675,18.20885249253193,18.93927232401586,18.78279074903199,sorpresa
hq1dkkj,5,4,"['ultimo', 'film', 'vedere', 'piacere']",2.660409532492344,2.0368353651174878,1.9858562608058143,1.8860916442952902,1.3606709261817596,2.202341697134138,2.4711169665490473,2.4380429785322173,gioia
hq1d50l,7,4,"['chiedere', 'film', 'sperare', 'azione']",2.486360724289262,1.303145410657081,1.0763732244905801,1.7485591491807007,0.7751187500771631,2.6369762464481066,2.4983300309405663,3.010227046522207,aspettativa
hq18th9,27,22,"['combattimento', 'pessimo', 'colonna', 'sonoro', 'trama', 'fare', 'pena', 'dialogo', 'caso', 'vecchio', 'personaggio', 'pieno', 'vecchio', 'film', 'scena', 'somigliare', 'vecchia', 'dare', 'senso', 'nostalgia', 'fare', 'vacca']",10.303320266966868,9.5343532575349,8.622087122849731,9.925799704456955,6.842990466483003,10.488962271338407,13.32864956888026,12.753840968005429,sorpresa
hpoyzcx,66,53,"['ragione', 'ripetere', 'impedire', 'lavoro', 'equivalere', 'fare', 'fare', 'fame', 'gente', 'gente', 'pagare', 'tassa', 'dovere', 'governo', 'impedire', 'lavoro', 'lavoro', 'semplice', 'vedere', 'vedere', 'contrario', 'forza', 'stesso', 'condizione', 'contribuire', 'tempo', 'pretendere', 'mettere', 'stesso', 'piano', 'punto', 'vista', 'rischio', 'avere', 'vantaggio', 'fronte', 'rischio', 'idraulico', 'venire', 'fare', 'lavoro', 'casa', 'mostro', 'tatuaggio', 'fare', 'entrare', 'film', 'minuto', 'preferire', 'canzone', 'avere', 'occhio', 'verde']",28.936052952502596,22.223547143429553,21.966933209911343,23.916164805017956,16.732569315284792,31.977569197904405,30.928179592603588,35.36852959138161,aspettativa
hposq77,80,62,"['ragione', 'ripetere', 'impedire', 'lavoro', 'equivalere', 'fare', 'fare', 'fame', 'gente', 'gente', 'pagare', 'tassa', 'dovere', 'governo', 'generare', 'contento', 'idraulico', 'venire', 'fare', 'lavoro', 'casa', 'pensare', 'avere', 'tatuaggio', 'fregare', 'massimo', 'fumare', 'casa', 'volta', 'iniziare', 'togliere', 'diritto', 'lavoro', 'base', 'base', 'cosa', 'serio', 'sapere', 'iniziare', 'sapere', 'arrivare', 'innocuo', 'lavoro', 'avere', 'occhio', 'verde', 'avere', 'colorato', 'puzzare', 'volere', 'fine', 'fine', 'successo', 'prova', 'film', 'minuto', 'cercare', 'accettare', 'perdita', 'minuto', 'accettare', 'cazzata']",34.822835145136196,28.254993873776584,26.489540959022577,29.327223226699232,20.873062466745726,36.480386434885105,35.373429442355416,40.250843541187606,aspettativa
hpkv0fo,72,52,"['comune', 'scuola', 'privato', 'migliore', 'pubblico', 'fare', 'ultimo', 'anno', 'competizione', 'maniera', 'curioso', 'documentario', 'pratica', 'parlare', 'maniera', 'sorta', 'parlare', 'fare', 'asta', 'mucca', 'fare', 'risoluzione', 'raggiungere', 'inevitabile', 'guerra', 'globale', 'parte', 'argomento', 'legale', 'inevitabile', 'crisi', 'economico', 'forza', 'mondiale', 'iniziare', 'grande', 'delusione', 'piccolo', 'film', 'scuola', 'sfidare', 'scuola', 'ricco', 'dibattito', 'bello', 'dibattito', 'vecchio', 'stile', 'guardare', 'puntata', 'dibattito', 'community']",29.80400270514985,21.032015415184297,21.208913627311574,24.384791589745568,15.186936658262425,30.69009654665483,30.8469741734108,34.03148525765582,aspettativa
hpco1eo,2,1,['pazzo'],0.1834210458627468,0.6768197542107435,0.5879357691175641,0.9002843688527391,0.4498779029931616,0.2321559567214703,0.6746043132708218,0.2542902337227773,paura
hp2gf15,6,6,"['premio', 'vincere', 'film', 'bello', 'ritorno', 'cinema']",4.952290272039262,1.6609838525254903,1.5073126840999935,2.224924969614018,1.0797844798914045,3.4332852813858805,4.737305392195394,4.294503205451639,gioia
howndd6,6,5,"['vedere', 'ora', 'vedere', 'film', 'pazzesco']",3.5526963812023666,2.012835878572108,1.957397542628318,2.4372507648856967,1.5322769512054757,2.8628617782816876,3.445274994553112,3.42541993698205,gioia
howekd8,42,30,"['equilibrio', 'difficile', 'gesto', 'civiltà', 'avere', 'motivazione', 'libertà', 'lavorare', 'atto', 'grave', 'accettare', 'sconvolgere', 'persona', 'chiedere', 'cosa', 'semplice', 'prendere', 'film', 'minuto', 'minuto', 'chiudere', 'licenziare', 'minuto', 'pausa', 'pranzo', 'pausa', 'fine', 'diventare', 'schiavo', 'sapere']",15.926839916474801,14.006060391945693,13.164026490310409,16.211233949027392,10.310475727639986,16.349299704594028,17.119089970742614,18.512598092772915,aspettativa
hovi8fp,5,4,"['candidato', 'anno', 'categoria', 'film']",1.5952172879330941,1.4868484021754476,1.1140989545163258,1.5448060999732887,0.8938305933594133,1.7503771375750172,1.8985590260791283,2.305190424157091,aspettativa
hosfab4,16,14,"['parlare', 'condividere', 'notizia', 'dire', 'spacciare', 'pubblicità', 'sembrare', 'ripetere', 'infinito', 'film', 'ricevere', 'premio', 'raccontare', 'problema']",8.119676539502342,5.613799881751276,5.457099518782105,6.143768211819675,4.351080662866424,7.755508209282676,9.628163588846439,9.328530073552384,sorpresa
hoqqcgs,9,7,"['mano', 'dio', 'conquistare', 'vincere', 'premio', 'film', 'internazionale']",5.03145260735131,1.513705874539328,1.5256014518848857,2.247307326159284,1.0738912378631862,5.163705453686155,4.62516720754509,5.050919883395488,fiducia
hojl99j,36,28,"['sentire', 'pensare', 'stesso', 'cosa', 'pensare', 'parte', 'scienziato', 'teorico', 'tipo', 'tecnologia', 'stile', 'ovviare', 'problema', 'distanza', 'fisico', 'episodio', 'testimoniare', 'pilota', 'caccia', 'americano', 'alto', 'episodio', 'testimone', 'scuola', 'immaginare', 'film', 'limite', 'avere']",14.605295229516782,12.98320407005357,12.321623572801673,14.440967164206784,9.258812144101125,17.026849949834006,16.979131981393497,18.514454203195463,aspettativa
hoegljd,18,13,"['arrivare', 'film', 'italiano', 'mano', 'dio', 'prezioso', 'chiave', 'pellicola', 'avere', 'attivo', 'vincere', 'film', 'internazionale']",8.480005831715319,4.051851517012824,4.318085828051723,5.044084712381867,3.239883570998571,8.47684314484125,8.072241430178178,8.431748151591835,gioia
hodoayg,67,52,"['vincitore', 'premio', 'critico', 'giornalista', 'eleggere', 'migliore', 'produzione', 'cinematografico', 'stagione', 'scorso', 'anno', 'confermare', 'film', 'costume', 'effetto', 'speciale', 'femminile', 'maschile', 'colonna', 'sonoro', 'anno', 'film', 'vincere', 'premio', 'testa', 'dramma', 'vincere', 'premio', 'film', 'maschile', 'giovane', 'sci', 'vincere', 'categoria', 'colonna', 'sonoro', 'fotografia', 'montaggio', 'costume', 'effetto', 'altro', 'vincitore', 'spiccare', 'primo', 'premio', 'film', 'italiano', 'mano', 'dio', 'vincere', 'film', 'internazionale']",34.44511725363318,16.64755151499073,15.581766766289862,19.145258473628566,11.589223860030454,30.710513322450442,32.46523911146042,34.02392426983269,gioia
ho8tih0,7,6,"['film', 'fantascienza', 'lavoro', 'campo', 'vedere', 'meraviglia']",4.409781117497285,2.604976047256179,2.3874677927446077,2.756768300198512,1.9158737442776417,3.41883354266744,4.380980056285657,4.017779430986823,gioia
ho4w6qc,59,45,"['vincitore', 'premio', 'critico', 'scegliere', 'migliore', 'film', 'migliore', 'interpretazione', 'stagione', 'cinematografico', 'anno', 'magnetico', 'potere', 'cane', 'vincere', 'premio', 'migliore', 'film', 'regia', 'attore', 'migliore', 'attore', 'protagonista', 'migliore', 'attore', 'protagonista', 'migliore', 'fotografia', 'premio', 'tecnico', 'sci', 'vincere', 'montaggio', 'colonna', 'sonoro', 'ultimo', 'vincere', 'premio', 'interessante', 'spiccare', 'migliore', 'attore', 'assegnare', 'confermare', 'critico']",31.978156454849643,12.583729845326657,11.71170785569687,14.765901778696943,8.93904761390969,30.072195127923383,27.61326071447373,33.028953720008225,aspettativa
hnra16p,28,17,"['anno', 'annunciare', 'lista', 'migliore', 'film', 'stagione', 'scorso', 'anno', 'film', 'ottenere', 'categoria', 'film', 'lista', 'anno', 'pizza', 'potere', 'cane']",11.18499366802741,6.384395297639083,4.964995357813305,6.750771912591435,3.919557426665645,10.035150331382825,9.552670184843114,11.630756775575025,aspettativa
hnlt92l,4,2,"['film', 'grazie']",1.5321385493418247,0.7116392399573991,0.6333982644999381,0.8096517394070004,0.4448992344991969,1.2675119436395619,1.273711710071739,1.267464140258201,gioia
hnlqp4e,19,13,"['pensare', 'fattore', 'giorno', 'carica', 'dare', 'post', 'rivelare', 'inutile', 'porre', 'fine', 'anno', 'film', 'parlare']",7.980237426140174,5.890024385377402,5.318001661657288,5.685664120147919,3.5294723463683555,7.943538381881354,7.696627987322598,8.913256363881318,aspettativa
hniiszz,9,5,"['sembrare', 'bello', 'film', 'mostrare', 'giusto']",3.3825480293132024,1.4354755369218206,1.4461864105770126,1.8294237867726202,0.9539093390817044,3.1777403480782542,3.650061530477448,3.7817689905521976,aspettativa
hnh00td,85,62,"['vincitore', 'fondare', 'critico', 'cinematografico', 'tentativo', 'vuoto', 'comunità', 'cinematografico', 'locale', 'rappresentazione', 'media', 'scena', 'nazionale', 'scorso', 'anno', 'critico', 'confermare', 'film', 'colonna', 'sonoro', 'internazionale', 'originale', 'anno', 'omaggio', 'anno', 'film', 'vincere', 'premio', 'migliore', 'film', 'migliore', 'originale', 'migliore', 'attore', 'maschile', 'premio', 'viaggio', 'pianura', 'vecchio', 'titolo', 'potere', 'cane', 'vincere', 'categoria', 'fotografia', 'femminile', 'attore', 'regia', 'interessante', 'spiccare', 'vincere', 'pellicola', 'giapponese', 'conquistare', 'premio', 'migliore', 'film', 'migliore', 'film', 'internazionale', 'momento', 'categoria']",39.85042307951172,20.577927039249047,18.497268496859437,22.706525262750237,14.396658286580843,37.84822741748587,37.47075548979132,42.61948025704308,aspettativa
hng6qg6,30,22,"['sembrare', 'credere', 'avere', 'figlio', 'basso', 'credere', 'spesa', 'ricordare', 'vecchio', 'film', 'coppia', 'volere', 'ricevere', 'contributo', 'stesso', 'volere', 'bambino', 'chiedere', 'aiuto', 'genitore', 'solito', 'caso']",13.537429262456364,8.303796459748673,7.768011093447223,9.227710709526212,5.102889158295978,14.716588804671444,13.057861726328923,14.437121510791545,fiducia
hnfths6,38,35,"['consigliere', 'leggere', 'sito', 'giornale', 'italiano', 'maniera', 'capire', 'aria', 'tirare', 'romanzo', 'film', 'recente', 'buono', 'idea', 'laurea', 'buono', 'iniziare', 'fare', 'tesi', 'ultimo', 'anno', 'avere', 'sezione', 'locale', 'pazzo', 'gioia', 'volere', 'terra', 'nome', 'madre', 'generale', 'film', 'brutto', 'via', 'essenziale']",21.181479997526207,14.435014973588888,13.199410617222695,14.971264742373,10.113546053639963,20.73639728274857,19.674650001302172,22.340136249269356,aspettativa
hn9bw5p,56,36,"['premio', 'critico', 'giornalista', 'eleggere', 'migliore', 'film', 'migliore', 'prova', 'cinematografico', 'stagione', 'anno', 'dramma', 'romanzo', 'potere', 'cane', 'conquistare', 'testa', 'migliore', 'film', 'regia', 'sci', 'categoria', 'fotografia', 'montaggio', 'colonna', 'sonoro', 'omaggio', 'omonimo', 'categoria', 'film', 'femminile', 'candidato', 'categoria', 'film', 'potere', 'cane']",21.787344916804628,11.573803401473228,10.710196986757591,13.125851066307298,8.707789404536829,20.49641734111702,20.261655857891462,22.527184304403658,aspettativa
hn6fvff,8,7,"['premio', 'parere', 'film', 'bello', 'sapere', 'accordo', 'preferire']",5.449604549375957,2.1328433526111934,2.01669807100314,2.4895949379692546,1.4488752297453775,4.267122666948679,4.690502846595894,5.0239489678708855,gioia
hn37z69,54,30,"['premio', 'critico', 'giornalista', 'scegliere', 'migliore', 'film', 'migliore', 'cinematografico', 'stagione', 'anno', 'conquistare', 'numero', 'film', 'francese', 'rivelazione', 'maschile', 'film', 'testa', 'opera', 'attore', 'regia', 'femminile', 'maschile', 'attore', 'film', 'originale', 'film', 'candidato', 'categoria', 'film']",18.654642332082044,11.933379394705524,10.993749762371394,13.193770011881432,8.949566251660503,17.253143616772793,18.66408055759006,21.149890406612855,aspettativa
hn1ny8p,74,60,"['nuovo', 'fare', 'cagare', 'vedere', 'manifesto', 'film', 'capire', 'storia', 'acqua', 'usare', 'usare', 'voce', 'capire', 'voce', 'scena', 'bagno', 'dimostrare', 'sostanza', 'bagno', 'avere', 'parete', 'cemento', 'tuta', 'tuta', 'vecchio', 'film', 'sembrare', 'funzionare', 'avere', 'linea', 'primo', 'libro', 'diventare', 'fondamentale', 'parte', 'cosa', 'incredibile', 'vecchio', 'considerare', 'pretendere', 'spiegare', 'creare', 'seguire', 'spiegare', 'sembrare', 'fare', 'botta', 'curioso', 'portare', 'vedere', 'film', 'sapere', 'vedere', 'faccia', 'nano', 'camminare', 'passo', 'stronzo', 'finale', 'film']",35.54713269684049,21.939640652492095,22.15828034978835,23.996706857885677,16.841062784657765,37.11716619160781,36.18040955715369,40.09471643811937,aspettativa
hn1895q,60,39,"['premio', 'assegnare', 'ristretto', 'autorevole', 'gruppo', 'critico', 'americano', 'migliore', 'produzione', 'cinematografico', 'anno', 'anno', 'conquistare', 'numero', 'premio', 'sci', 'vincere', 'categoria', 'film', 'fotografia', 'colonna', 'sonoro', 'premio', 'pellicola', 'opera', 'attore', 'film', 'dramma', 'femminile', 'maschile', 'interessante', 'spiccare', 'premio', 'migliore', 'posto', 'migliore', 'attore', 'assegnare', 'posto']",23.89866805434117,12.342903004652028,11.691091876179637,14.088289904917552,9.77844995300371,23.30221675192113,23.189376534531288,26.076310793499786,aspettativa
hms9a2j,14,12,"['arrivare', 'primo', 'stagione', 'premio', 'americano', 'mano', 'dio', 'candidato', 'categoria', 'film', 'internazionale', 'lista']",6.834528985578754,3.288382369546758,3.1716431713278577,4.19090520300518,2.3452940589600377,7.4131225357091175,7.005698053025222,8.026749521493633,aspettativa
hlhohoy,2,2,"['film', 'preferito']",1.5029004859385058,0.7430319650285611,0.7221755145403872,0.8347005629410509,0.46726363440725177,1.269518088385231,1.2977728539325093,1.4812202823218952,gioia
hkg2m89,22,15,"['rapina', 'finire', 'film', 'successo', 'riva', 'acqua', 'caduta', 'causare', 'romantico', 'freddo', 'bloccare', 'sperare', 'avere', 'chiamare', 'ospedale']",8.392092387431788,7.9034149295348275,6.571498981289177,8.268872769117916,5.344746431530848,8.214230649213778,8.645147360160735,8.669280828234086,aspettativa
hjpo3d8,19,4,"['re', 'film', 'fare', 'live']",2.6189431075738367,1.3415845665768242,1.3403689061889459,1.7018752610540178,1.0562407340494426,2.3958342796900043,2.549007172878959,3.014140093026054,aspettativa
hjnooic,9,6,"['capacità', 'antipatico', 'vero', 'programma', 'film', 'fiorentino']",2.910974415000817,2.504374972913527,2.552916989262231,2.2061741541709567,2.0052957378247735,3.624457497737964,2.9904292744920613,3.75437806761197,aspettativa
hjjg9jl,130,95,"['opinione', 'personale', 'volere', 'situazione', 'generale', 'singolo', 'senso', 'frase', 'precedente', 'puntare', 'buono', 'punto', 'persona', 'puntare', 'studiare', 'lingua', 'contesto', 'professionale', 'avviso', 'arrivare', 'capire', 'senso', 'frase', 'capire', 'lingua', 'madre', 'fare', 'operazione', 'conoscenza', 'indispensabile', 'dire', 'fronte', 'tavola', 'sapere', 'significato', 'contesto', 'tono', 'voce', 'altro', 'fare', 'esclamazione', 'sorpresa', 'positivo', 'comune', 'conoscere', 'corno', 'copia', 'portare', 'strada', 'significato', 'originale', 'altro', 'lingua', 'valere', 'film', 'ascoltare', 'musica', 'lingua', 'originale', 'consigliare', 'ideale', 'guardare', 'cosa', 'conoscere', 'parte', 'fare', 'associazione', 'metodo', 'vedere', 'essenziale', 'ripetizione', 'sembrare', 'utile', 'inizio', 'riguardare', 'volta', 'stesso', 'episodio', 'rendere', 'schema', 'contesto', 'utilizzo', 'contenuto', 'nuovo', 'assorbire', 'vocabolario', 'lingua', 'avere', 'struttura', 'rimanere', 'base', 'italiano', 'verbo', 'volta', 'nuovo']",55.335862052294594,32.39784990740127,31.639560255961392,39.51549910836265,24.833733904179933,59.17245119105312,57.53773244243057,65.01529948830301,aspettativa
hjjcfru,37,31,"['consiglio', 'riguardare', 'film', 'preferire', 'inglese', 'partire', 'ricordare', 'memoria', 'vedere', 'sacco', 'volta', 'utile', 'iniziare', 'meccanismo', 'diverso', 'comprensione', 'solo', 'ascolto', 'conoscere', 'film', 'parte', 'conoscere', 'senso', 'frase', 'vedere', 'differenza', 'enorme', 'sentire', 'cosa', 'nuovo', 'bisogno']",18.932018503677625,12.771241918333414,11.161982132001475,14.21241781002027,8.696924732844288,18.596420445275953,19.40421759253522,20.33104599986217,aspettativa
hi818np,16,16,"['critico', 'americano', 'grande', 'bellezza', 'vincere', 'libertà', 'linguaggio', 'cinematografico', 'riportare', 'recensione', 'seguire', 'proiezione', 'film', 'interpretare', 'vittoria', 'credere']",10.497668640345994,5.502028888805708,5.378494748587364,6.681194808348488,3.936065338338783,10.870391978427572,10.607476048491026,11.64926031452558,aspettativa
hi7zwkr,10,9,"['grande', 'bellezza', 'vincere', 'avere', 'grande', 'film', 'italiano', 'ragione', 'visibile']",6.411504145906538,3.3751877426755366,3.5353688419086575,3.9800262293271587,2.5560857394068877,5.756876630721003,6.009892691214711,6.348933022616816,gioia
hi7s7av,35,32,"['domanda', 'interessante', 'effetto', 'grande', 'bellezza', 'vincere', 'linguaggio', 'cinematografico', 'film', 'lineare', 'caso', 'mano', 'dio', 'selezionare', 'festival', 'chiave', 'precedere', 'dimostrare', 'forte', 'parte', 'critica', 'americano', 'sfidante', 'forte', 'strada', 'partire', 'meno', 'buono', 'candidato', 'differenza', 'altro', 'anno']",18.007259187385777,11.547040154864499,11.769255350018394,14.402866770177413,8.135622419029378,20.459312869497484,21.504011161622472,22.314171010499212,aspettativa
hi69nsw,6,4,"['chiedere', 'probabilità', 'volta', 'film']",2.1954926494007725,1.844755891871283,1.562835637969454,2.189443387328276,1.0401100036711872,2.5283159063355543,2.475492616737812,2.8851784100333617,aspettativa
hi0369a,70,56,"['tipo', 'caso', 'esempio', 'tipo', 'parlare', 'anno', 'diventare', 'caso', 'livello', 'mondiale', 'fare', 'film', 'polizia', 'togliere', 'divieto', 'parlare', 'fare', 'sembrare', 'cattivo', 'creare', 'precedente', 'agente', 'sembrare', 'mela', 'domanda', 'sapere', 'zitto', 'anno', 'permettere', 'nome', 'famiglia', 'continuo', 'inferno', 'giudiziario', 'svegliare', 'caso', 'finire', 'attenzione', 'fare', 'film', 'distribuire', 'mondo', 'stare', 'punire', 'parlare', 'sistema', 'marcio', 'parlare', 'supermercato', 'braccio', 'armare', 'garantire', 'sicurezza', 'cittadino', 'stesso', 'cosa']",30.327809401192763,23.633016099129073,21.64111497027302,25.406755719922785,16.704108495171337,35.24876318790988,32.56593530623878,37.13328121980028,aspettativa
hhc71mx,5,4,"['capire', 'lista', 'film', 'italiano']",2.612982998355009,1.8760381621674214,1.7320717689956493,1.8212581011954463,1.4007782798139146,2.279750655271198,2.4480577138846,2.5928835590817414,gioia
hhc6qlv,2,2,"['film', 'italiano']",1.2442043214563925,1.2079123596498853,1.1453597850423225,0.9665131792948513,0.8895837502735543,0.7648150214492486,1.1735323228386436,1.0033463972064607,gioia
hhc60al,6,5,"['fine', 'stare', 'migliore', 'film', 'decennio']",2.871590061069609,2.589876900173494,2.1863981902304213,2.7255185377020594,1.6379134878980717,2.7912723144287823,3.011022256202807,3.485730926546077,aspettativa
hhbwl1k,14,12,"['credere', 'dovere', 'fatto', 'film', 'leggero', 'gente', 'andare', 'ottenere', 'voto', 'minimo', 'includere', 'lista']",7.946431610818419,4.660623734937287,4.167401634497204,4.923042647988792,3.1886775404333516,7.815329750455314,6.742191232112225,8.114830164563491,aspettativa
hhac7k1,5,5,"['contento', 'ultimo', 'classifica', 'film', 'tremendo']",2.6261707237699996,2.4875260555335563,2.4635962672829175,2.6907928701199233,1.6972874814368233,2.05607234047059,2.8041453672409973,2.4256046941798832,sorpresa
hh9suzq,4,1,['film'],0.7009394218798187,0.6037802010294635,0.5345885174222281,0.6494568413132021,0.3737923279363268,0.4010549434443897,0.7352342179409509,0.61272349552629,sorpresa
hfhymbj,105,83,"['sembrare', 'difficile', 'cominciare', 'dire', 'persona', 'finire', 'studiare', 'lavorare', 'rilassare', 'cosa', 'fare', 'scrittore', 'competere', 'attenzione', 'gente', 'cosa', 'musica', 'video', 'film', 'videogioco', 'tipo', 'lettura', 'serie', 'sport', 'vario', 'sport', 'suonare', 'strumento', 'piccolo', 'parte', 'persona', 'libro', 'saggistica', 'professionale', 'leggere', 'libro', 'disposizione', 'catalogo', 'infinito', 'autore', 'stesso', 'tempo', 'avere', 'catalogo', 'infinito', 'autore', 'contemporaneo', 'scrivere', 'libro', 'scrittore', 'casuale', 'avere', 'contatto', 'pubblicare', 'libro', 'poesia', 'dubbio', 'gusto', 'dire', 'competizione', 'alto', 'avere', 'idea', 'scommettere', 'difficile', 'stare', 'buttare', 'tempo', 'fare', 'scrivere', 'provare', 'emergere', 'buono', 'modo', 'dare', 'guadagnare', 'avere', 'certo', 'visibilità', 'distribuire', 'libro', 'caso', 'difficile']",50.54108502332555,31.707017990425545,30.012214292990727,35.860578625105475,24.27534156710102,52.53200448639216,52.90872008731132,57.64322021283441,aspettativa
hf9awpu,9,6,"['film', 'estetico', 'bello', 'prova', 'supporto', 'contorno']",4.31942158929499,1.938963763818068,1.4749867072804388,2.102661443377438,1.0200672393744368,3.690643935968812,3.3903539140497867,4.048120076562771,gioia
heua7s8,25,20,"['credere', 'piattaforma', 'simile', 'mettere', 'bello', 'avviso', 'mostrare', 'contenuto', 'digitale', 'provenienza', 'fare', 'film', 'porno', 'violenza', 'pubblico', 'origine', 'contenuto', 'digitale', 'marchiare', 'fonte']",11.114244854262925,7.156509535079386,7.403291901862048,9.032498902184127,6.009897221223336,12.970363005762476,12.11439029875925,13.790399952187983,aspettativa
he8utqx,12,7,"['gente', 'film', 'università', 'migliore', 'grande', 'gene', 'venire']",4.492033170057184,2.1432324657404362,2.0493753116026165,2.8627783798410102,1.6700305572831868,4.532914508228595,4.248407053394408,5.209689823641228,aspettativa
hdp3k7c,8,6,"['fare', 'film', 'vittima', 'italiano', 'mondo', 'paese']",3.2915482931155315,3.299532773876563,3.0623252427964585,2.9112564011238637,2.403468506223117,2.9673091200674007,3.4246350714622844,3.6145602689133223,aspettativa
hdigbkd,9,4,"['doppiaggio', 'guardare', 'film', 'originale']",2.8015108902570227,1.4164427736945748,1.4355747114197253,1.7218291250651103,1.1201615732040084,2.5592045477871874,3.0048052979204147,3.0973754416109114,aspettativa
hdi7oln,57,47,"['attenzione', 'avere', 'guardare', 'film', 'ritenere', 'vittima', 'principale', 'situazione', 'avere', 'diritto', 'avere', 'doppiaggio', 'dovere', 'dire', 'possibile', 'decennio', 'protagonista', 'film', 'americano', 'parlare', 'voce', 'prescindere', 'ricominciare', 'guardare', 'cinema', 'scoprire', 'film', 'lingua', 'originale', 'italiano', 'voce', 'alto', 'protagonista', 'parlare', 'voce', 'normale', 'doppiaggio', 'italiano', 'personaggio', 'italiano', 'sembrare', 'agitare', 'ascoltare', 'lingua', 'originale', 'sembrare', 'sereno']",29.28976866965204,16.16412931378841,17.18446956122293,19.65698862989145,12.48130019071389,29.041650411937727,30.01497911078356,32.880262346446045,aspettativa
hdi12zo,20,18,"['dare', 'fastidio', 'gente', 'guardare', 'film', 'dormire', 'notte', 'rispettare', 'gusto', 'gente', 'puzza', 'snob', 'schermo', 'scrivere', 'vedere', 'roba', 'lingua', 'originale']",10.724152384243315,7.304340205376194,7.187452940232562,7.411972627952186,7.264886575772686,9.74587916422912,11.01280622145822,10.657723433120934,sorpresa
hdhpw1h,19,15,"['guardare', 'film', 'originale', 'ritenere', 'sveglio', 'guardare', 'film', 'italiano', 'persona', 'diverso', 'schermo', 'capire', 'voce', 'forma', 'faccia']",9.455740229764316,5.91140303585536,6.015784261575365,6.469641544557302,4.939784028622642,9.450925399161415,9.818275781272703,10.461531987213409,aspettativa
hdhmvci,15,13,"['guardare', 'film', 'originale', 'ritenere', 'sveglio', 'lasciare', 'guardare', 'cosa', 'cacchio', 'parere', 'roba', 'originale', 'vedere']",7.33042310758278,5.740182608681798,5.679470055514385,5.730723417082989,4.6906448279821715,7.3282894994092125,8.457732244359121,8.20786044452191,sorpresa
hdhf3ly,6,5,"['guardare', 'film', 'lingua', 'originale', 'tono']",3.217110226854511,1.872612621775214,1.9949512968844707,2.1699977309046075,1.588153158680075,2.757023008302449,3.5435695085734427,3.3828991436572236,sorpresa
hdhe3e0,7,6,"['film', 'merda', 'fare', 'anno', 'parte', 'casa']",3.513916642305707,2.677722545690628,2.5416318416107675,2.7287873933851636,2.037952754324545,3.3084765506216516,3.864955241835888,3.811300089165505,sorpresa
hdgew4r,10,7,"['dare', 'fastidio', 'avere', 'storia', 'distruggere', 'monumento', 'film']",3.512637816050569,4.0834870877777645,4.100677239258027,3.935849189992757,2.7245203692370197,3.4193571790568504,4.420154526855196,3.999566924069635,sorpresa
hdcmyy5,19,16,"['capire', 'film', 'volta', 'avere', 'marcia', 'dire', 'eccezionale', 'riprendere', 'epoca', 'avanguardia', 'storia', 'amore', 'attenzione', 'sesso', 'dialogo', 'comparso']",10.847267662952621,6.627298765826516,6.489831871941561,7.853983269720175,4.627163364815626,11.40641370526161,11.162755560374114,11.850894597124583,aspettativa
hd3vn1o,28,24,"['pensare', 'scrivere', 'gusto', 'film', 'vedere', 'buono', 'film', 'trama', 'vedere', 'materiale', 'partenza', 'lato', 'visivo', 'fare', 'mancare', 'mancanza', 'sembrare', 'mettere', 'sostanza', 'ultimo', 'lavoro', 'grande', 'lasciare', 'anno']",14.032382648048848,10.774045355667385,8.746335198900288,9.961223492728738,6.952476922765551,13.729177848912638,14.058221655801677,16.931989022362114,aspettativa
hcun7j3,36,28,"['esistere', 'separazione', 'potere', 'legislativo', 'esecutivo', 'giudiziario', 'avere', 'potere', 'giudiziario', 'esecutivo', 'emettere', 'sentenza', 'eseguire', 'nazione', 'parlamentare', 'cosa', 'succedere', 'partito', 'amico', 'venditore', 'arma', 'promuovere', 'solo', 'vedere', 'altro', 'film', 'azione', 'cascare']",14.067818180907484,12.780038475612665,12.714640041322022,14.75447507372181,9.556437171609906,16.187509938946516,16.18749637730345,18.22235404893444,aspettativa
hckmcoy,105,86,"['togliere', 'bocca', 'tossico', 'sapere', 'casa', 'insinuare', 'interno', 'ambiente', 'familiare', 'massimo', 'ambito', 'scolastico', 'avere', 'percepire', 'sbagliato', 'stupire', 'altro', 'ragazzo', 'possibile', 'capire', 'anno', 'andare', 'evento', 'fenomeno', 'culturale', 'conseguire', 'portare', 'avere', 'paura', 'uomo', 'donna', 'uomo', 'aiutare', 'entrare', 'mondo', 'femminile', 'amico', 'ringraziare', 'volere', 'bene', 'avere', 'modo', 'iniziare', 'bellezza', 'mondo', 'femminile', 'proibire', 'stringere', 'rapporto', 'amicizia', 'ragazzo', 'corso', 'vita', 'avere', 'rapporto', 'fattore', 'amicizia', 'avere', 'amico', 'maschio', 'buono', 'ragazzo', 'grandioso', 'grande', 'uomo', 'conoscere', 'fare', 'pelle', 'traumatizzare', 'credere', 'dovere', 'fatto', 'avere', 'paura', 'anima', 'sapere', 'contatto', 'conoscere', 'sentimento', 'emozione', 'caso', 'stare', 'girare', 'film', 'verità', 'andare']",55.19494225543103,32.085422351720396,31.01346587346124,37.25813568491156,22.97051666970137,57.226774938781446,52.92209926365602,59.059053576780926,aspettativa
hb75spd,20,12,"['lavoro', 'famiglia', 'film', 'lecito', 'chiedere', 'modo', 'capo', 'cosa', 'pratico', 'insistere', 'sostegno', 'lavoro']",6.648360635782635,5.232323151405069,5.015154549998937,5.003827632355868,3.4440283158318823,7.44040666590605,6.482113440006955,8.246445740289747,aspettativa
hb2t6vg,22,21,"['cassa', 'integrazione', 'novembre', 'azienda', 'pagare', 'novembre', 'sapere', 'succedere', 'avere', 'altro', 'sede', 'chilometro', 'sperare', 'incarico', 'avere', 'senso', 'grazie', 'attenzione', 'vedere', 'film', 'ciao']",13.27215875686332,7.028087916766632,6.8669902005577335,8.866658110010423,5.000028893638808,13.465282144250185,13.91388900296238,14.608021539776892,aspettativa
hasrwpc,61,53,"['mafia', 'gruppo', 'codardo', 'punto', 'fastidio', 'film', 'mafia', 'italiano', 'gruppo', 'persona', 'ruotare', 'onore', 'famiglia', 'rispetto', 'ammettere', 'fare', 'vita', 'vero', 'mafioso', 'codardo', 'palla', 'spazzatura', 'società', 'rifiuto', 'possibilità', 'fatto', 'persona', 'fare', 'dare', 'vita', 'finire', 'prigione', 'resto', 'giorno', 'boss', 'ordinare', 'pensare', 'ricevere', 'onore', 'gloria', 'modo', 'dare', 'vita', 'giusto', 'causa', 'fare', 'capire', 'basso', 'intelligenza', 'medio', 'persona', 'primo', 'ultimo']",28.963722037744695,21.056864965010835,20.56924588844731,21.78510962395236,16.45774562112146,31.03036272519455,28.64556613649904,33.59718038063146,aspettativa
has88j4,3,3,"['credere', 'vedere', 'film']",2.386544571656892,1.2131013973478866,1.1016700968271147,1.284527789395661,0.8297300169584284,2.019789273588304,1.8964044282004928,1.973782235430983,gioia
h9t6y6i,5,4,"['impressionare', 'film', 'vedere', 'andare']",2.9490963552108194,1.6920515574393717,1.494378852611479,1.689505614687139,1.146459192548694,2.36651595562112,2.741104915920898,2.668262951571519,gioia
h9sqi52,17,12,"['sentire', 'crociata', 'scendere', 'perso', 'fiducia', 'effetto', 'terribile', 'offendere', 'cosa', 'sperare', 'scelta', 'film']",5.370410455670752,6.846761658625808,6.91434088926251,7.014637640232562,5.552004270367877,6.09958750653001,6.993357090988342,6.770483018149949,paura
h9so02c,11,9,"['piccolo', 'rapire', 'film', 'grande', 'sviluppare', 'interesse', 'enorme', 'religione', 'merda']",4.875899074157813,3.544737419299683,3.9017332706591614,4.395417761856853,3.317983244264407,4.594540544040011,5.867977583744549,5.095692839057471,sorpresa
h9sljho,18,12,"['fare', 'impressione', 'apprezzare', 'estetico', 'vedere', 'gusto', 'giudicare', 'intero', 'film', 'trucco', 'personaggio', 'secondario']",7.509604159947297,4.260910629017336,4.2218621660022695,4.710509082395177,3.660064827523324,7.170208644926181,7.620438237891627,8.158820705797307,aspettativa
h9p25sh,7,5,"['fare', 'nuovo', 'film', 'grazie', 'attore']",3.686099030618485,1.5961061526329838,1.4311938439388623,2.108532844604457,1.085344629284009,3.353602082537367,3.259923680177583,3.714234757051678,aspettativa
h90218i,18,12,"['finanziare', 'armare', 'film', 'personaggio', 'interpretare', 'combattere', 'fianco', 'sovietico', 'avere', 'ragione', 'analizzare', 'assistenza']",5.885611875408436,4.710882893574273,5.141161316536875,6.213745772148802,3.8005933822687066,7.788305080137725,6.526856533176419,7.592878732093575,fiducia
h8jjqhk,6,6,"['leggere', 'vedere', 'storia', 'partigiano', 'film', 'documentario']",4.432428341373446,2.8271372291911074,2.48253012137994,2.630857962174967,1.900602624929375,3.951896420030708,3.983822262228803,3.9208501684049355,gioia
h8cc4pf,11,10,"['leggere', 'piccolo', 'capire', 'criterio', 'valutazione', 'parte', 'teatro', 'scegliere', 'scena', 'film']",6.211391860549662,4.039302094301841,3.6401922829531,4.5769750954826325,2.5512447231432174,5.330763256697942,6.773802900840424,6.679440717671072,sorpresa
h8a0i3p,35,33,"['ricordare', 'andare', 'onda', 'canale', 'stesso', 'momento', 'trama', 'sbagliare', 'ragazzo', 'innamorato', 'avere', 'bisogno', 'conquistare', 'ragazza', 'avere', 'cosa', 'fare', 'favore', 'dire', 'sembrare', 'favore', 'vestito', 'quadro', 'tipo', 'chitarra', 'sbagliare', 'profumo', 'vago', 'ripetere', 'vedere', 'film', 'pensare', 'anno']",20.102779038198165,13.282289600030504,12.367363849267642,14.268420538849055,10.167003581135374,19.92718837411243,19.955113587738964,21.243627967109333,aspettativa
h7sj4ep,27,21,"['potere', 'avere', 'coscienza', 'sentire', 'pensiero', 'dire', 'avere', 'certezza', 'stare', 'autentico', 'parlare', 'notizia', 'sfera', 'sperimentare', 'persona', 'sperimentare', 'persona', 'dire', 'reale', 'film', 'esempio']",13.770785426159064,8.177678437269035,8.394173425754685,9.777180488352473,7.081214062046601,14.106300160472449,13.665326100501737,14.778547705274544,aspettativa
h7fy5ax,18,13,"['milanese', 'parte', 'trasmettere', 'film', 'pensare', 'sentire', 'tipo', 'fregare', 'dire', 'rotto', 'cazzo', 'cosa', 'genere']",6.359169020777138,6.665092941289109,6.653750897635374,6.498624433897456,5.2931797298790455,6.797677781645823,7.914567342362582,7.9042292714317695,sorpresa
h7fglhq,13,7,"['parlare', 'italiano', 'standard', 'usare', 'film', 'straniero', 'medio']",3.925820757539297,3.7216098123171735,3.270169726438832,3.3951169656300673,2.6003387737334682,3.815929854579041,4.062623419195277,4.091099932142798,aspettativa
h72cwn5,14,8,"['indagine', 'processo', 'film', 'insegnare', 'lega', 'scegliere', 'soldo', 'parte']",4.097592617509447,3.3313923413471294,3.298002094358959,3.985666164122003,2.8249014226775335,4.277391638356393,4.654651766007936,5.093663674348982,aspettativa
h6k6t2k,8,7,"['mentalità', 'medio', 'pensare', 'contrario', 'studiare', 'storia', 'film']",3.7468052686968956,3.9660455613406036,3.8374256352200677,3.4744927517368547,2.500083164927741,3.771964536388437,4.27692760759995,4.35778002314307,aspettativa
h6hm39e,39,31,"['stare', 'situazione', 'risposta', 'unico', 'spiegare', 'vedere', 'dire', 'coppia', 'perfetto', 'possibilità', 'equilibrio', 'fatto', 'frequentare', 'altro', 'persona', 'parlare', 'sfogare', 'ex', 'chiudere', 'relazione', 'genere', 'accettare', 'ragazza', 'stesso', 'compagnia', 'sentire', 'ex', 'condividere', 'film', 'messaggio', 'citare']",19.7349514339938,11.662667725758618,11.536898859242575,12.606632936550572,8.765636759263838,20.86592364668913,18.968885013029713,21.022301603485072,aspettativa
h6gfhnh,25,20,"['avere', 'anno', 'film', 'distanza', 'guardare', 'documentario', 'guardare', 'stesso', 'casa', 'sapere', 'fare', 'ragazza', 'compagno', 'sapere', 'lavorare', 'compagno', 'ultimo', 'domanda', 'capitare', 'risposta']",12.668071870867697,8.227314050770039,7.145987454315208,8.759260559259992,5.2723454572217925,13.267955281022735,12.264744104970625,13.853240901037825,aspettativa
h6gf5nn,29,26,"['rispondere', 'domanda', 'anno', 'avere', 'compagno', 'senso', 'guardare', 'film', 'documentare', 'fare', 'ragazza', 'vita', 'ragazzo', 'lavorare', 'ragazzo', 'cosa', 'fare', 'passato', 'ragazzo', 'prestare', 'servizio', 'volontario', 'ministero', 'difesa', 'ministero', 'interno']",15.771218691407988,9.376471898302293,8.07814641678559,10.076305693700675,6.735313103285148,17.43725183630144,15.150802459047622,18.883091431477713,aspettativa
h6geab2,24,16,"['paura', 'uomo', 'donna', 'animale', 'improbabile', 'escludere', 'pensare', 'avere', 'coscienza', 'sapere', 'esistere', 'avere', 'certezza', 'autentico', 'film', 'esempio']",9.925985228608708,6.889107602633119,6.749990596660363,8.122947932838674,4.895019446183813,10.259891041943302,10.206714614734754,11.06652335609268,aspettativa
h6clhbj,74,46,"['morire', 'vero', 'accusare', 'omicidio', 'causa', 'morte', 'conseguente', 'morte', 'causa', 'causa', 'morte', 'stesso', 'motivo', 'lavoro', 'dare', 'esempio', 'protezione', 'cadere', 'testa', 'bravo', 'morire', 'morire', 'altro', 'motivo', 'resto', 'supposizione', 'pretendere', 'pratica', 'medico', 'seguire', 'ragionamento', 'subire', 'conseguenza', 'fare', 'esempio', 'colpo', 'conseguenza', 'capire', 'film', 'polizia', 'dire', 'morte', 'trauma', 'corpo', 'cervello', 'picchiare']",20.08120215895387,23.477143207582827,22.504269946465694,25.47111878599628,16.38665295402702,24.27477901246638,25.327835483796644,26.662242501017023,aspettativa
h5zc4pr,49,34,"['punto', 'basso', 'raggiungere', 'storia', 'immenso', 'vergogna', 'fare', 'conto', 'resto', 'bastare', 'vedere', 'carriera', 'interno', 'apparato', 'catena', 'comando', 'vero', 'indiscutibile', 'rendere', 'teatro', 'mattanza', 'visione', 'film', 'trattare', 'immagine', 'licenza', 'poetico', 'puro', 'semplice', 'sociale', 'testimonianza', 'sede', 'notte', 'giorno']",18.80525717763286,14.077845951118196,11.991396051791497,14.336903754884036,8.957092005011441,20.685921704662366,17.86917167781598,20.552357147131783,fiducia
h5z7nej,49,34,"['punto', 'basso', 'raggiungere', 'storia', 'immenso', 'vergogna', 'fare', 'conto', 'resto', 'bastare', 'vedere', 'carriera', 'interno', 'apparato', 'catena', 'comando', 'vero', 'indiscutibile', 'rendere', 'teatro', 'mattanza', 'visione', 'film', 'trattare', 'immagine', 'licenza', 'poetico', 'puro', 'semplice', 'sociale', 'testimonianza', 'sede', 'notte', 'giorno']",18.80525717763286,14.077845951118196,11.991396051791497,14.336903754884036,8.957092005011441,20.685921704662366,17.86917167781598,20.552357147131783,fiducia
h4gxvr8,46,43,"['avere', 'anno', 'credere', 'giovane', 'piacere', 'cinema', 'piacere', 'film', 'serie', 'anima', 'giapponese', 'fumetto', 'musica', 'importare', 'genere', 'forma', 'arte', 'presentare', 'tema', 'attualità', 'forte', 'sorta', 'discussione', 'legare', 'tema', 'trattato', 'vario', 'film', 'serie', 'partire', 'scena', 'canzone', 'passare', 'riflessione', 'personale', 'ragazzo', 'sapere', 'occhio', 'grande', 'proposta', 'sembrare', 'stupidaggine', 'idea']",27.928076663837707,17.300649857236518,16.184265000572427,19.441884479860317,11.21480080927903,27.697870035753684,28.832282992707597,30.613142483433542,aspettativa
h23sy1f,12,9,"['storico', 'eccessivo', 'difendere', 'italiano', 'dare', 'potere', 'modo', 'intervenire', 'servire']",4.544323308316251,4.23180944570717,4.257124775515161,4.1253006193421715,3.243524903930611,4.96044284994532,5.045328305302654,5.600329467756469,aspettativa
h1i83aj,11,9,"['sapere', 'film', 'mentale', 'fare', 'momento', 'mettere', 'rappresentare', 'realtà', 'attuale']",5.603844577999672,4.116987559509518,3.6536124708854385,4.50299903357252,2.9349383903319737,6.043326890132462,5.776690579711162,6.370034148562208,aspettativa
gzdnv3e,365,270,"['fare', 'poco', 'confusione', 'trovare', 'accordo', 'società', 'momento', 'insostenibile', 'tecnologia', 'fondamentale', 'avvenire', 'trovare', 'accordo', 'futuro', 'sembrare', 'sembrare', 'letteratura', 'arte', 'ispirare', 'invenzione', 'umano', 'diventare', 'possibile', 'caso', 'rinascimento', 'provocare', 'impulso', 'progresso', 'enorme', 'rinascimento', 'svuotare', 'fabbrica', 'persona', 'arte', 'reddito', 'universale', 'porta', 'ispirare', 'nuovo', 'idea', 'invenzione', 'scegliere', 'anno', 'esempio', 'ritenere', 'punto', 'massimo', 'mondo', 'occidentale', 'capire', 'fare', 'panno', 'africano', 'morire', 'anno', 'fare', 'dolce', 'stile', 'vita', 'insostenibile', 'economia', 'massimo', 'storico', 'diseguaglianza', 'crescente', 'ridurre', 'minimo', 'termine', 'politica', 'credibile', 'esagerare', 'libertà', 'individuale', 'intaccare', 'clima', 'settembre', 'ottimismo', 'futuro', 'avere', 'tempo', 'legge', 'libro', 'conoscenza', 'datato', 'professore', 'catastrofe', 'ambientale', 'energia', 'solare', 'carbone', 'buono', 'mercato', 'sfida', 'ambientale', 'via', 'risoluzione', 'cosa', 'importante', 'anno', 'esistere', 'stare', 'mondo', 'reale', 'dire', 'volere', 'fisico', 'reale', 'provare', 'volta', 'vita', 'reale', 'vita', 'virtuale', 'privare', 'capire', 'sentito', 'dire', 'contrario', 'anno', 'sembrare', 'vita', 'reale', 'incollare', 'schermo', 'telefonino', 'parlare', 'distanza', 'sembrare', 'normale', 'normale', 'cosa', 'anno', 'anno', 'nonno', 'incollare', 'televisore', 'sostenere', 'vita', 'migliore', 'uomo', 'cacciatore', 'grande', 'parte', 'continuare', 'migliaio', 'anno', 'raccontare', 'film', 'impressione', 'anno', 'posto', 'misura', 'televisione', 'videogioco', 'stare', 'sbagliare', 'ricordare', 'passato', 'maniera', 'arrivo', 'punto', 'pensare', 'vita', 'passare', 'sedere', 'computer', 'conoscere', 'umano', 'vita', 'reale', 'fatto', 'incontrare', 'persona', 'mondo', 'avere', 'idea', 'simile', 'mio', 'anno', 'fatto', 'futuro', 'interazione', 'reale', 'preferire', 'spendere', 'tempo', 'obbligare', 'uscire', 'vicino', 'casa', 'libertà', 'venire', 'occhio', 'capacità', 'evoluzione', 'tecnologico', 'digitale', 'poco', 'fare', 'aiutare', 'usare', 'tecnologia', 'vero', 'miglioramento', 'condizione', 'umano', 'presente', 'nonno', 'odiare', 'persona', 'papà', 'odiare', 'dire', 'porta', 'disoccupazione', 'rimanere', 'utile', 'permettere', 'liberare', 'persona', 'vita', 'negozio', 'caricare', 'commissione', 'prodotto', 'attività', 'utile', 'finire', 'cervello', 'ingannare', 'futuro', 'parte', 'vita', 'mondo', 'virtuale', 'disegnare', 'misura', 'uomo', 'vivere', 'città', 'piccolo', 'appartamento', 'servire', 'tempo', 'ufficio', 'computer', 'facile', 'passato', 'normale', 'avere', 'paura', 'progresso', 'chiesa', 'bruciare', 'scienziato', 'medioevo', 'esperienza', 'vita', 'visione', 'mondo', 'diverso', 'credere', 'utile', 'andare', 'discutere', 'sperare', 'dare', 'altro', 'punto', 'vista']",161.12783217657272,111.34515861879225,102.2386916933485,119.09715875426778,79.44003341237884,172.9458294044093,162.3526139774072,184.05838186571324,aspettativa
gxilbeh,23,19,"['esistere', 'consistente', 'propaganda', 'fare', 'videogioco', 'film', 'serie', 'televisivo', 'articolo', 'saggio', 'storico', 'network', 'fare', 'buono', 'lavoro', 'propaganda', 'investire', 'miliardo', 'anno']",10.961120289712303,6.881977394168268,6.688072316419199,7.5618441986851765,5.188720406295442,12.111416304812368,10.788135247566368,13.503417611307968,aspettativa
gx7dnvb,56,49,"['tempo', 'natura', 'prendere', 'cane', 'andare', 'fare', 'giro', 'spiaggia', 'bar', 'bere', 'caffè', 'amico', 'guardare', 'film', 'divertente', 'chiedere', 'aiuto', 'professionale', 'psicologo', 'avere', 'pensiero', 'avere', 'alto', 'basso', 'imparare', 'gestire', 'felicità', 'tristezza', 'cercare', 'stesso', 'lacrima', 'sorriso', 'tristezza', 'avere', 'paura', 'accettare', 'considerare', 'parte', 'spaventare', 'esistere', 'anno', 'migliore', 'peggiore', 'vita', 'cura', 'circondare', 'persona', 'amare', 'amare']",30.338342322615677,19.483380703600137,17.194873337143378,22.305162239484748,12.695887088719008,30.71937054698161,27.931432229745567,31.057588311870582,aspettativa
gx1xxkr,6,5,"['dire', 'noto', 'film', 'studio', 'porco']",2.710011455436333,2.350965044422456,2.6161424080325295,2.6645644940148254,2.3976826283424817,2.836093766885389,3.319838064181674,3.311490022916772,sorpresa
gvwtkg3,84,64,"['cultura', 'giapponese', 'affascinare', 'anno', 'cartone', 'guerriero', 'cartone', 'fare', 'impazzire', 'bambino', 'epoca', 'perdere', 'interesse', 'cartone', 'giapponese', 'sopportare', 'esagerazione', 'personaggio', 'rapporto', 'maschio', 'femmina', 'fondo', 'verità', 'eccezione', 'studio', 'amare', 'tanto', 'opera', 'arte', 'film', 'animato', 'imparare', 'apprezzare', 'resto', 'cultura', 'pensare', 'videogioco', 'cartone', 'animato', 'resto', 'mondo', 'arrivare', 'scoprire', 'conclusione', 'sincero', 'domanda', 'giovane', 'favorevole', 'contrario', 'cultura', 'dire', 'cosa', 'superficiale', 'porgere', 'trarre', 'conclusione', 'pregiudizio', 'media', 'luogo', 'comune', 'nuovo', 'trend', 'fare', 'tirare']",40.14707245629739,24.813121661047468,23.062390164646345,26.4027263517946,18.020356420390186,38.70898748131767,39.309063245231414,42.88007490006624,aspettativa
gvh09k5,6,4,"['telegiornale', 'parlare', 'film', 'network']",2.2496562052838645,2.142365433550944,1.9850088386761413,1.8995130529071766,1.441344374991553,2.3221766799400316,2.2514905736636557,2.533459355597663,aspettativa
gvfvfms,9,8,"['uscire', 'film', 'suscitare', 'scandalo', 'film', 'costringere', 'persona', 'riflettere']",4.1115987254093085,4.633542993321614,4.6091780435651675,4.922777693996328,3.789979567202132,3.4683017351800736,4.942420839135568,4.375227351974139,sorpresa
gv6kfkk,70,53,"['privacy', 'avere', 'luogo', 'lavoro', 'lavoro', 'severo', 'luogo', 'lavoro', 'mettere', 'lavoro', 'lasciare', 'perdere', 'valanga', 'compilare', 'caso', 'aspettare', 'verificare', 'privacy', 'lavoratore', 'inutile', 'mettere', 'telecamera', 'inquadrare', 'dipendente', 'aprire', 'portafoglio', 'euro', 'contante', 'avere', 'ripresa', 'inquadrare', 'fare', 'dipendente', 'avvisare', 'modo', 'ovvio', 'telecamera', 'rischiare', 'cogliere', 'rubare', 'euro', 'contante', 'contratto', 'tempo', 'licenziare', 'piede', 'film', 'americano', 'chiamare', 'legale', 'migliaio', 'euro', 'euro']",26.390710058623387,23.662198003553847,23.233283095445934,26.48439270124426,17.6073190670547,31.088168288066715,30.551887685701423,34.26027073659333,aspettativa
guzt01j,11,6,"['fare', 'ripetere', 'film', 'propaganda', 'sembrare', 'ridicolo']",2.2918057658543476,2.9924631524456813,2.7797952607010794,2.905882772381481,2.2481071747731196,2.8469282969759475,3.3939645570832275,3.831852936195616,aspettativa
guzf7bk,15,12,"['versione', 'animare', 'fumetto', 'originale', 'fare', 'cagare', 'vedere', 'volta', 'film', 'consigliare', 'dare', 'occhiata']",8.398005071282663,4.021621980061025,4.119556147785977,4.286310541580531,3.197164100428383,7.397480784286996,7.618437054035591,8.309391530208444,gioia
guz2m4w,15,12,"['scrivere', 'concetto', 'sinistra', 'sbagliare', 'parlare', 'sorgere', 'inizio', 'film', 'trovare', 'punto', 'parlare', 'personaggio']",7.1602907905747095,4.589313084928326,4.263547100526227,4.916209400280854,2.873769798762276,7.432318416828472,7.3455562664536815,8.446448322019233,aspettativa
guyzbdg,22,14,"['film', 'analizzare', 'comunismo', 'faccenda', 'comunismo', 'esistere', 'fantasma', 'epoca', 'scrivere', 'anno', 'attenzione', 'cantare', 'vittoria', 'esistere']",8.444060671385591,6.958902432570853,6.587878222696038,8.022777142765523,5.343465939961256,8.272861745453046,9.214076055751462,9.767458534882536,aspettativa
guyyuro,23,17,"['realtà', 'contrario', 'film', 'analizzare', 'comunismo', 'faccenda', 'resto', 'trattare', 'storia', 'propaganda', 'comunista', 'morire', 'sepolto', 'comunismo', 'esistere', 'fantasma', 'epoca']",6.655394187582931,9.569584556431062,9.537802556175023,10.35737644506368,8.07701874412545,7.568066704473607,9.703556315483388,9.296711954016756,paura
gtlrcn3,16,10,"['prendere', 'giro', 'sperare', 'ascoltare', 'proposta', 'straniero', 'online', 'guardare', 'film', 'capire']",6.5626461469342825,3.97051683190614,4.0210992152378,4.8710898353432786,3.374011385819357,6.359677175460564,6.838656777205548,6.908955783035423,aspettativa
gtkneak,44,29,"['sapere', 'realtà', 'valere', 'pena', 'discutere', 'tribunale', 'altro', 'film', 'passato', 'notizia', 'vero', 'ridicolo', 'negare', 'cosa', 'sapere', 'punto', 'avere', 'dubbio', 'buono', 'fede', 'avere', 'negativo', 'positivo', 'capitare', 'capitare', 'inventare', 'merito', 'fare', 'simpatia']",16.17830959576571,13.098861337175016,11.846074722738164,14.073019249438673,8.61440101052071,17.0386204466774,17.777954865398637,18.657584129029107,aspettativa
gtds4k6,42,8,"['riguardo', 'fan', 'sito', 'sapere', 'idea', 'film', 'film', 'spot']",5.271867949295634,2.8677247129403,2.731842778360647,3.1013239672397717,2.128813531315883,5.090755048661543,5.504468908754676,5.315566843336847,sorpresa
gt09inb,36,23,"['neonato', 'premio', 'sindacato', 'americano', 'interno', 'eleggere', 'migliore', 'realizzazione', 'cinema', 'lavoro', 'interno', 'figura', 'professionale', 'appartenere', 'categoria', 'categoria', 'vincere', 'categoria', 'vincere', 'categoria', 'vincere', 'categoria', 'vincere']",11.825389419761633,5.6803113450966904,5.5054769779163895,5.822314109186638,3.752540071120644,11.142248067977935,11.803207104358753,12.401556357666458,aspettativa
gsqfmqs,140,108,"['sapere', 'film', 'tempo', 'cercare', 'parcheggio', 'tempo', 'autobus', 'figurare', 'guardare', 'lasciare', 'stare', 'capire', 'persona', 'credere', 'avere', 'ragione', 'modo', 'aperto', 'idea', 'fornire', 'dare', 'ragionamento', 'risultare', 'fare', 'parlare', 'bravo', 'sembrare', 'modo', 'escluso', 'pensiero', 'aprire', 'nuovo', 'punto', 'vista', 'motivo', 'paese', 'adottare', 'stile', 'vita', 'culo', 'pesante', 'largo', 'genio', 'batteria', 'auto', 'colpo', 'utilizzare', 'volta', 'automobile', 'circolazione', 'contare', 'trasporto', 'risorsa', 'continuare', 'restare', 'contraddizione', 'fare', 'fronte', 'precedente', 'commento', 'interessare', 'continuare', 'considerare', 'complessità', 'realtà', 'sociale', 'alienazione', 'resto', 'ragione', 'rivoluzione', 'società', 'continuare', 'ignorare', 'apparenza', 'fattore', 'realtà', 'specie', 'culto', 'primo', 'criticare', 'paese', 'credere', 'parlare', 'dire', 'ultimo', 'cosa', 'servire', 'gente', 'fare', 'trovare', 'reale', 'soluzione', 'problema', 'fare', 'dire', 'altro', 'paese', 'migliore', 'affermazione', 'fare', 'bello', 'favore', 'piacere', 'persona', 'patria', 'affrontare', 'terra', 'problema']",61.52895511481259,40.77785588443703,39.27266196739589,46.3579607926162,30.024596167945756,68.69432281154229,63.01511425218561,74.33335846712576,aspettativa
gsau9yo,135,116,"['accordo', 'andare', 'migliorare', 'forte', 'spinta', 'ultimo', 'tempo', 'tema', 'generale', 'dire', 'casa', 'passare', 'elettrico', 'fare', 'direzione', 'spostamento', 'abituale', 'casa', 'lavoro', 'casa', 'facoltà', 'scuola', 'necessità', 'prendere', 'auto', 'portare', 'stesso', 'salvo', 'avere', 'bisogno', 'lavorare', 'portare', 'merce', 'iniziare', 'lavorare', 'servire', 'mezzo', 'pubblico', 'andare', 'giornata', 'brutto', 'auto', 'traffico', 'causare', 'stress', 'andare', 'motorino', 'cambiare', 'casa', 'spostare', 'città', 'iniziare', 'fare', 'preferire', 'perdere', 'tempo', 'viaggio', 'leggere', 'giocare', 'ascoltare', 'musica', 'guardare', 'film', 'stare', 'traffico', 'rischio', 'incidente', 'stress', 'spesa', 'tornare', 'città', 'cambiare', 'lavoro', 'continuo', 'usare', 'stesso', 'motivo', 'mezzo', 'pubblico', 'perfetto', 'capitare', 'saltare', 'corsa', 'capitare', 'stare', 'piede', 'caldo', 'capitare', 'senzatetto', 'fare', 'odore', 'capitare', 'ragazzino', 'cellulare', 'musica', 'palla', 'auto', 'spostamento', 'familiare', 'domanda', 'sbaglio', 'ultimo', 'anno', 'numero', 'vettura', 'giro', 'aumentare', 'media', 'vettura', 'guadagnare', 'centimetro', 'lunghezza', 'trovare', 'parcheggio', 'diventare', 'difficile']",65.70073466553673,49.49844024496601,47.52276016740368,54.89342908178159,34.819142628589645,68.26962429522828,69.4871888126618,76.85205846744977,aspettativa
gs3nvwf,19,15,"['pensare', 'anno', 'finire', 'discorso', 'limite', 'vedere', 'sembrare', 'conoscere', 'anno', 'film', 'guardare', 'pensare', 'verità', 'tipo', 'lavoratore']",9.249196381479697,7.233601750241449,6.485704657160251,7.484973908668492,4.498220443636725,10.1244437870861,9.615719986041745,11.025354614390375,aspettativa
gs38guo,88,74,"['avere', 'anno', 'manco', 'uscire', 'scuola', 'lamentare', 'vita', 'fare', 'schifo', 'avere', 'problema', 'famiglia', 'serio', 'andare', 'lavorare', 'città', 'chilometro', 'turno', 'notturno', 'fare', 'schifo', 'fare', 'migliorare', 'mondo', 'migliorare', 'negativo', 'avere', 'anno', 'cercare', 'gioco', 'università', 'lavorare', 'libro', 'fare', 'soldo', 'facile', 'stare', 'vita', 'film', 'periodo', 'pensare', 'fare', 'festa', 'avere', 'anno', 'dire', 'limite', 'scopare', 'fare', 'schifo', 'avere', 'relazione', 'persona', 'età', 'volere', 'apprezzare', 'amare', 'difficile', 'trovare', 'persona', 'giusto', 'dire', 'periodo', 'sentire', 'aspetto', 'fare', 'rimanere', 'giocare', 'fare', 'cercare', 'capire', 'volere', 'difficile', 'sapere']",43.96442587147162,29.244369662174787,27.5131299508842,32.37521587275758,21.968059291548247,46.07639274940026,42.65899476929365,51.360559654681246,aspettativa
gs2m3ki,63,43,"['anno', 'peccato', 'passare', 'anno', 'tornare', 'percezione', 'avere', 'vivere', 'periodo', 'cultura', 'film', 'pensare', 'futuro', 'andare', 'avere', 'anno', 'sicurezza', 'credere', 'futuro', 'bisognare', 'lasciare', 'condizionare', 'vita', 'vita', 'pensare', 'inutile', 'prospettiva', 'mondo', 'grave', 'prevedere', 'eventuale', 'investire', 'ricerca', 'situazione', 'portare', 'opportunità', 'piangere', 'latte', 'tempo', 'bisognare', 'avere', 'trarre', 'meglio']",23.989199132385014,19.89824344357955,16.811360473947733,21.71893266381835,12.259472166322816,28.451534295208273,25.371951299216583,29.795677779915632,aspettativa
gs29arh,73,53,"['situazione', 'vivere', 'anno', 'dire', 'sorprendere', 'recuperare', 'futuro', 'adolescenza', 'legge', 'vietare', 'andare', 'discoteca', 'festa', 'chiamare', 'avere', 'anno', 'adolescenza', 'pensare', 'studiare', 'aiutare', 'famiglia', 'dare', 'fastidio', 'pensare', 'macchina', 'andare', 'fare', 'parere', 'risultato', 'arrivare', 'fare', 'stare', 'fare', 'bambino', 'discoteca', 'dire', 'stare', 'adolescenza', 'film', 'dire', 'divertito', 'finire', 'limite', 'età', 'perso', 'peggio', 'minacciare', 'vita', 'potere', 'sabato', 'sera', 'sembrare', 'esagerato']",31.447643382952748,24.17893367386677,22.67408300440804,26.192977797775523,17.61656753754781,32.560929854105744,32.47035516612922,36.14084672909327,aspettativa
grom1cd,18,13,"['risolvere', 'anno', 'anno', 'rimuovere', 'antenna', 'casa', 'piattaforma', 'film', 'serie', 'unico', 'cosa', 'servire', 'vedere']",7.769318459561411,5.647633125505404,4.592598131800538,5.568936044264221,3.499457239287035,8.36609199249787,7.092124759698101,8.506786664656728,aspettativa
gri1c04,28,2,"['auto', 'film']",1.2791479746505359,0.9677441244187353,1.0795817811575183,1.224924672650631,0.6936228548216551,1.0531735658167278,1.3640579486048972,1.2939772966292349,sorpresa
gr7qixi,19,14,"['ipotizzare', 'scatola', 'magico', 'fare', 'camion', 'mettere', 'scena', 'film', 'catastrofico', 'servizio', 'passare', 'livello', 'spiegazione', 'logico']",7.371609494543768,5.183565978834227,4.7920983661529,5.992475126507178,3.834245636613419,7.827519813011051,8.805008175066872,9.609657583776812,aspettativa
gqfk9sl,6,5,"['film', 'contento', 'ottenere', 'minimo', 'riconoscimento']",3.600988871801584,1.739180979300573,1.511333290660666,1.5218545395153864,0.9386606016578175,2.721691225409851,2.8395708275588234,3.176531640662161,gioia
gq8zfmz,4,4,"['film', 'necessario', 'condizione', 'donna']",2.53993045451938,1.8580214707215676,1.9339764912944826,2.321875773969411,1.3906534336096628,2.292279446342968,2.5847811284810054,2.7553717817708403,aspettativa
gq6rqip,28,25,"['primo', 'latino', 'lingua', 'cercare', 'parlare', 'latino', 'riuscire', 'usare', 'celebre', 'film', 'film', 'comico', 'medievale', 'pagina', 'libertà', 'pagina', 'comico', 'inventare', 'nuovo', 'partito', 'tornare', 're', 'servo', 'credere', 'prendere']",17.228384739359456,9.16423881901468,8.92871446484307,10.161287895759644,6.2130691944914656,15.6123533877594,16.75461261658963,17.796745528565253,aspettativa
gp6qc46,12,8,"['causa', 'centinaio', 'film', 'serie', 'televisivo', 'protagonista', 'grande', 'donna']",4.75236659593504,2.791935072694739,2.849918426536716,3.3143125648183496,1.9720465521089896,4.830344187661085,5.230211571365298,5.925582381748082,aspettativa
gp29tql,14,14,"['indicare', 'punto', 'preciso', 'contenere', 'offesa', 'mancanza', 'rispetto', 'tipo', 'propaganda', 'fare', 'telegiornale', 'film', 'serie', 'televisivo']",6.129946594167192,6.437143699903508,6.2856801255438715,6.307516278026875,4.650653266926745,7.7494278111763135,7.942261809578489,8.830034125748954,aspettativa
gop3vil,1,1,['film'],0.7009394218798187,0.6037802010294635,0.5345885174222281,0.6494568413132021,0.3737923279363268,0.4010549434443897,0.7352342179409509,0.61272349552629,sorpresa
gntuwbh,49,44,"['ritardo', 'realizzare', 'dittatura', 'gente', 'guardare', 'musica', 'nascosto', 'anno', 'nascere', 'comunismo', 'programma', 'film', 'italiano', 'film', 'italiano', 'generazione', 'imparare', 'italiano', 'ricordare', 'fare', 'vedere', 'film', 'conoscere', 'ricordare', 'vedere', 'film', 'infanzia', 'italiano', 'sapere', 'cantare', 'canzone', 'film', 'animato', 'albanese', 'vedere', 'albanese', 'dire', 'realizzare', 'successo', 'importanza', 'vecchio', 'piano', 'nuovo', 'fare']",28.436775766524626,20.66617240240164,18.50269872576822,21.276708958788635,14.558659702977753,24.777801115939194,26.5664512720531,27.42857906734451,gioia
gngyhsh,37,32,"['amare', 'rappresentare', 'vivo', 'estero', 'anno', 'prendere', 'giro', 'causa', 'classe', 'politico', 'sentire', 'giro', 'fare', 'gioco', 'nascondere', 'bullismo', 'lontananza', 'problema', 'reale', 'paese', 'amare', 'dire', 'perdere', 'treno', 'giorno', 'fare', 'film', 'mamma', 'perdere', 'aereo', 'quarto', 'stagione']",18.255631559417065,13.758145187163514,12.865234861385057,14.720975470432622,8.720944074632172,18.30814793459612,18.2961770751566,19.82918455205311,aspettativa
gms1awm,17,11,"['categoria', 'italiano', 'inserire', 'documentario', 'canzone', 'colonna', 'sonoro', 'film', 'vita', 'trucco', 'film']",6.353863174978316,3.9640068075031607,3.5168787124746403,3.863133816006787,2.6683275713175654,5.219470686372729,6.277636215626984,5.9304094562611676,gioia
gmgd0uv,34,25,"['vedere', 'passare', 'finestra', 'casa', 'morire', 'diventare', 'odiare', 'favola', 'maledizione', 'terribile', 'diventare', 'figlio', 'sfilare', 'gridare', 'slogan', 'anno', 'diventare', 'volta', 'giusto', 'sera', 'grande', 'freddo', 'film', 'argomento', 'consigliare']",14.124741689304205,10.84092893411782,10.47743418223742,12.532167487376025,8.26568926330066,14.105116135238807,14.79741829478016,16.69517352767482,aspettativa
glzfn1k,3,2,"['conoscere', 'film']",1.5575710120835762,0.9324948921712282,0.8488812554446732,1.0642257145710938,0.5714447103911543,1.207384305172486,1.4888247860766908,1.306488416869998,gioia
glueigs,276,206,"['volta', 'regione', 'sbagliare', 'fare', 'calcolo', 'volta', 'toccare', 'tempo', 'piano', 'partire', 'marzo', 'annunciare', 'sanità', 'giorno', 'partire', 'mese', 'febbraio', 'rettificare', 'stesso', 'consigliere', 'regionale', 'corsa', 'carica', 'figuraccia', 'fare', 'consegnare', 'base', 'buono', 'parte', 'altro', 'regione', 'italiano', 'avviare', 'campagna', 'prossimo', 'settimana', 'seguente', 'partire', 'resto', 'paese', 'spiegare', 'cambio', 'piano', 'dire', 'precisazione', 'arrivare', 'governo', 'nuovo', 'previsione', 'consentire', 'andare', 'sequenza', 'parallelo', 'inoculazione', 'disponibile', 'caso', 'febbraio', 'guidare', 'operazione', 'chiamare', 'uomo', 'tornare', 'passo', 'falso', 'ospedale', 'mezzo', 'trasformare', 'marketing', 'politico', 'esibire', 'conferenza', 'stampa', 'azione', 'concreto', 'giornalista', 'ex', 'capo', 'protezione', 'civile', 'tenere', 'tono', 'promettere', 'milione', 'giugno', 'cosa', 'realizzare', 'persona', 'giorno', 'mese', 'arrivare', 'milione', 'inserire', 'fase', 'fare', 'avere', 'piano', 'esecutivo', 'mano', 'incertezza', 'dose', 'uomo', 'governare', 'protezione', 'civile', 'anno', 'grande', 'evento', 'campagna', 'importante', 'operazione', 'protezione', 'realizzare', 'capire', 'altro', 'regione', 'proclama', 'operazione', 'assumere', 'film', 'personaggio', 'vita', 'contribuire', 'risolvere', 'problema', 'paese', 'euro', 'svolgere', 'nuovo', 'ruolo', 'italiano', 'piacere', 'medico', 'infermiere', 'pensione', 'ultimo', 'ora', 'circolare', 'voce', 'via', 'produzione', 'impegnare', 'possibilità', 'azienda', 'regionale', 'azienda', 'ritenere', 'fattibile', 'segnalare', 'complessità', 'azienda', 'ritenere', 'possibile', 'dare', 'risposta', 'tempo', 'tecnico', 'necessario', 'opposizione', 'vedere', 'respingere', 'piano', 'linea', 'dare', 'indicazione', 'piano', 'indicare', 'contattare', 'anziano', 'struttura', 'utilizzare', 'personale', 'mettere', 'disposizione', 'ennesimo', 'volta', 'regione', 'evento', 'dire', 'consigliera', 'operazione', 'arrivare', 'momento', 'giusto', 'coprire', 'ennesimo', 'inefficienza', 'parlare', 'fatto', 'partire', 'mese', 'commentare', 'capogruppo', 'momento', 'sembrare', 'mancare', 'orizzonte', 'ascoltare', 'opposizione', 'medico', 'personale', 'sanitario', 'studente', 'restituire', 'presente', 'futuro', 'dire']",116.30251635145083,82.58895724409517,76.35524127356419,92.1594704193349,59.44269769153628,134.43749833509435,121.28164046279133,147.13578034576744,aspettativa
gll6j43,4,3,"['consiglio', 'film', 'fantastico']",2.100899447237433,0.9244098606473399,0.8531066064560336,1.1727462262208963,0.584547029372507,2.1123719271287786,2.0335382395397965,2.2406252096995893,aspettativa
glcn02l,26,20,"['caso', 'problema', 'mentalità', 'film', 'videogioco', 'eroe', 'solitario', 'risolvere', 'realtà', 'difficoltà', 'stare', 'chiedere', 'aiuto', 'assassino', 'donna', 'fatto', 'donna', 'vedere', 'oggetto', 'persona']",10.951004043647023,8.888621728271561,8.993819167121263,10.066996482355302,6.430168457704538,11.894032664560719,12.185950999069671,13.142395859630131,aspettativa
gjxvek7,4,4,"['bello', 'sembrare', 'scena', 'film']",2.4643627358887965,1.2705215596185218,1.4351422757268621,1.6076149541409634,0.8846528581229837,1.917135219182667,3.095858223674384,2.85853602128704,sorpresa
gjbrj31,7,6,"['ricordare', 'film', 'processo', 'intento', 'storico', 'accusare']",3.0280317693730368,3.5019701996838912,2.9272098778251108,3.5713163859960786,2.524241053754747,3.136906578444811,3.7321850636033185,3.5815364532469243,sorpresa
gj1g261,252,11,"['guida', 'style', 'coma', 'concept', 'news', 'opera', 'bastardo', 'web', 'pasta', 'sapere', 'set']",6.274198508433992,3.6095857904036053,4.118510089640263,4.095347119762803,2.9769285799568976,6.137371213883533,6.345457908341483,7.267105453536723,aspettativa
ginsyub,5,3,"['scenario', 'film', 'bello']",2.0949606009408543,0.9127056898714244,0.8521194846766506,1.1891156827747298,0.6004365072701989,1.5868337710454692,2.1910505796875324,2.164271273838516,sorpresa
gich4q4,39,29,"['ciao', 'unico', 'link', 'riuscire', 'trovare', 'funzionare', 'resto', 'scrivere', 'unico', 'cosa', 'segnalare', 'dire', 'altro', 'posto', 'altro', 'posto', 'dire', 'chiedere', 'parte', 'usare', 'mostrare', 'altro', 'cosa', 'fare', 'gratuito', 'scaricare', 'film', 'link', 'andare']",17.966426320801542,10.762072004962972,10.598827032537939,12.830272756231649,8.428454294660193,17.470619158661464,18.761426744034654,20.118722038688805,aspettativa
ghpkdcg,48,42,"['anima', 'esistere', 'anima', 'uscire', 'corpo', 'momento', 'morte', 'andare', 'risposta', 'religione', 'andare', 'altro', 'corpo', 'andare', 'mondo', 'cristianesimo', 'gestire', 'anima', 'dio', 'sorta', 'energia', 'gestire', 'universo', 'film', 'energia', 'gestire', 'vita', 'anima', 'esistere', 'coscienza', 'morire', 'cervello', 'emozione', 'dare', 'reazione', 'chimico', 'avvenire', 'cervello', 'animale', 'vivo', 'avere', 'anima']",27.314281525310243,17.58481558737175,17.398368215295562,20.910380564721727,13.475730061294026,27.063719083336135,25.371888655583316,27.98032230539914,aspettativa
