comment_id,n_tokens_total,n_tokens_matched,tokens_matched,gioia,tristezza,rabbia,paura,disgusto,fiducia,sorpresa,aspettativa,dominant_emotion
kfrn9t4,8,6,"['vedere', 'film', 'informatico', 'trovare', 'messaggio', 'potenziale']",3.817371609090099,1.5558870753797365,1.4605889862223123,1.9627627088142259,1.0377061100642808,3.390334239222389,3.5779046950619695,4.1726243378941605,aspettativa
kfrlsaj,34,26,"['vedere', 'dire', 'cosa', 'anno', 'difficile', 'mondo', 'cattivo', 'volta', 'presidente', 'repubblica', 'fare', 'discorso', 'profondo', 'netto', 'schifo', 'realtà', 'trovare', 'discorso', 'vedere', 'italiano', 'sembrare', 'vedere', 'film', 'tipo', 'classico', 'battuta']",12.373633208444971,9.109351503692311,8.77408037238647,9.734465303954991,7.433681325287314,12.164482716595954,12.220038961946205,14.423100154560398,aspettativa
kfrlcy0,134,107,"['legge', 'italiano', 'ultimo', 'opera', 'leggere', 'avere', 'pazienza', 'provare', 'leggere', 'preferire', 'leggere', 'inglese', 'autore', 'originale', 'avere', 'poco', 'lingua', 'amare', 'fare', 'gioco', 'usare', 'modo', 'parlare', 'locale', 'frase', 'dialogo', 'avere', 'inglese', 'rischiare', 'perdere', 'sfumatura', 'italiano', 'togliere', 'storia', 'avere', 'titolo', 'consigliare', 'partire', 'serie', 'carità', 'scrivere', 'perdere', 'primo', 'contratto', 'primo', 'libro', 'serie', 'trovare', 'noia', 'mortale', 'dare', 'uscire', 'film', 'serie', 'altro', 'opera', 'stesso', 'effetto', 'consigliare', 'considerare', 'livello', 'ultimo', 'opera', 'primo', 'lavoro', 'primo', 'opera', 'mettere', 'scena', 'idea', 'caro', 'prezzo', 'pagina', 'scena', 'sapere', 'extra', 'contenuto', 'abbondante', 'considerare', 'vedere', 'opera', 'punto', 'vista', 'psicologico', 'famoso', 'genere', 'aspettare', 'shock', 'assurdo', 'generazione', 'attuale', 'lettura', 'opera', 'primo', 'venire', 'fare', 'descrizione', 'omicidio', 'scena', 'forte', 'normale', 'serie', 'esplorare', 'piacere', 'piacere', 'esperienza', 'narrativo']",57.24961906048303,32.87743453276303,30.91845599473259,34.07048292577211,20.29153208512373,52.72825439575418,54.97917097650212,65.66107234436423,aspettativa
kfriclg,2,2,"['birra', 'anno']",1.2122564123391366,0.41867621591849047,0.22150829965771549,0.3879811891537287,0.2460569410880829,0.7985014751439781,0.6376663428217783,0.9031499482345526,gioia
kfrasfz,6,5,"['film', 'carino', 'andare', 'disco', 'amico']",3.7037837254215926,1.261948356872348,0.9553379605168211,1.3876503968378247,0.581545202446026,2.462734560171972,2.951248191157365,2.9343153881439066,gioia
kfrahfl,5,5,"['litigare', 'amico', 'vedere', 'film', 'carino']",3.277266686444807,1.7550122516879278,1.8321437255652955,1.759775008091585,1.1892045194920875,2.3702337063264727,2.650207005327387,2.761831105606345,gioia
kfr6i7k,8,6,"['riguardare', 'film', 'buono', 'sera', 'vedere', 'ragazzo']",3.901641034028235,1.8840152226656306,1.5270545196850753,2.286131423277355,1.260133931098329,2.989571194906622,2.6376796931641584,3.439641047608217,gioia
kfr68tx,17,15,"['super', 'deprimente', 'resto', 'anno', 'grandioso', 'vedere', 'film', 'ascoltare', 'musica', 'cambiare', 'lavoro', 'anno', 'sereno', 'bello', 'conclusione']",9.36138259341942,5.590319226827614,4.696301591133561,5.366316896617037,3.1812100107511037,7.296860712134375,7.986115834928442,9.208638437180335,gioia
kfr2y21,30,22,"['momento', 'casa', 'cazzo', 'attesa', 'mezzanotte', 'fare', 'ennesimo', 'casa', 'anno', 'stare', 'rompere', 'minchia', 'ultimo', 'ricordare', 'passare', 'cinema', 'bello', 'guardare', 'film', 'momento', 'rimproverare', 'proporre']",11.615119521305594,9.963713300736158,9.113379888276198,8.85660008947546,5.590970626060068,9.518804077212907,11.503140190801805,11.599041599478374,gioia
kfr1tvh,26,22,"['vacanza', 'natale', 'durare', 'giustificare', 'compito', 'vacanza', 'tipo', 'esercizio', 'croce', 'libro', 'leggere', 'giusto', 'staccare', 'poco', 'ammettere', 'leggere', 'libro', 'andare', 'leggere', 'guardare', 'film', 'giorno']",11.985769802534989,8.28871163961109,6.599466579412512,7.899007654072434,5.073754141985225,11.384293637299582,11.009068661617725,13.712419454909627,aspettativa
kfqzvf0,36,28,"['ciao', 'cinema', 'trovare', 'scelta', 'coraggioso', 'meraviglioso', 'film', 'momento', 'stesso', 'emozione', 'ricordare', 'festa', 'luminoso', 'rumoroso', 'volta', 'tranquillità', 'buono', 'storia', 'grande', 'schermo', 'modo', 'migliore', 'dare', 'benvenuto', 'nuovo', 'anno', 'speciale', 'luce']",18.702506739370243,7.350323990037093,6.837855823678598,8.56275883312178,4.552310648474195,15.33262051144561,16.163841992084894,17.10617783367363,gioia
kfqtxnf,7,7,"['incredibile', 'film', 'meritare', 'visione', 'sala', 'rimpiangere', 'dire']",3.822794263192604,3.2931050886018225,3.001642038235022,2.8839600941414676,1.8393461966772098,2.977243474302095,3.6632211944643034,4.105983554964479,aspettativa
kfqtb7d,4,3,"['legittimo', 'film', 'scegliere']",1.8176532113258186,1.2073760672795057,0.9039530820752981,1.251120896642163,0.6144452229928044,1.5790572273713017,1.5507887786269876,1.9483731676829161,aspettativa
kfqsb6h,3,2,"['film', 'iniziare']",1.5234828515631347,0.8078762977931417,0.590749181321264,1.0059041518261844,0.40112051825861156,1.0926196151798688,1.1121206348001755,1.4723479175607772,gioia
kfqsanw,58,4,"['re', 'radio', 'bit', 'radio']",2.4918507908372765,0.9352317605813818,1.2322379914001853,1.051805604468722,0.908407043565518,2.02705265336276,1.826153504322555,2.312931475534281,gioia
kfqryaf,15,13,"['lavorare', 'cinema', 'sfigato', 'proiettare', 'film', 'cinema', 'provincia', 'odiare', 'alba', 'anno', 'capire', 'amico', 'film']",7.357800001567758,6.160404367570963,4.8460873429780085,5.122171215074635,4.0481758678718025,5.289867714667332,6.345092726209809,7.226207752196232,gioia
kfqq1vk,1,1,['film'],0.6555871386748866,0.5348626256434147,0.4428678233888925,0.5634105258207514,0.2786202049602042,0.2656593396527435,0.6170213862130943,0.5404521847039313,gioia
kfqp4o0,4,4,"['peccato', 'film', 'ambientare', 'anno']",1.7190982684089187,1.718115128014477,1.5372739313662636,2.0513181507759337,1.2188586011425904,1.6629629587826975,2.0766772678348273,2.277124206703871,aspettativa
kfqnl0l,10,8,"['senso', 'solito', 'film', 'cattivo', 'bisognare', 'salvare', 'situazione', 'maniera']",3.3111358960596275,3.117019220412442,2.968351446996585,3.679996468737153,2.2703646619989417,3.1410633452255046,4.404432320576251,3.8442770306240783,sorpresa
kfqlnf8,39,33,"['dire', 'giorno', 'sentire', 'giorno', 'festa', 'stesso', 'orribile', 'televisione', 'film', 'pubblicità', 'trattare', 'affetto', 'famiglia', 'trovare', 'ombra', 'tenere', 'compagnia', 'abbraccio', 'tenerezza', 'ombra', 'solitudine', 'odiare', 'festa', 'fare', 'albero', 'presepe', 'odiare', 'avere', 'vivere', 'avere', 'amico', 'cercare', 'pensare']",18.888109184430835,11.558859276574415,10.046023422445323,12.236511835098344,7.971994387642463,17.644274661885824,14.951728910145478,18.914396977424158,aspettativa
kfqh5ub,40,27,"['grande', 'gene', 'musicale', 'tempo', 'ridere', 'pensare', 'simile', 'gente', 'avere', 'creatività', 'capace', 'creare', 'pezzo', 'musica', 'classico', 'film', 'sfilata', 'stesso', 'gente', 'mestiere', 'fare', 'pagare', 'bolletta', 'album', 'produrre', 'album', 'costruire']",15.662238018533365,7.791591040375292,7.120795445774692,8.272916153624434,5.13373613464835,14.968931169640538,13.821001210676707,17.073748394220907,aspettativa
kfqfo4n,8,4,"['film', 'fine', 'serie', 'film']",1.9707761190452326,2.0634109398723517,1.630765873148497,1.990142104385409,1.0046900315490859,1.2347523787658232,2.0636781613354502,2.095818254761268,aspettativa
kfqcyeu,6,5,"['film', 'avere', 'sala', 'scegliere', 'peggiore']",2.6781650881538757,2.1389054912171392,1.9591397876066767,2.3529439147730677,1.4161853132245077,1.9330125949951815,2.253457874112848,2.7546474433257315,aspettativa
kfqcqz1,4,4,"['film', 'ala', 'libertà', 'vedere']",2.6028782545018823,1.0574534573872032,1.0498811666665997,1.4806300328826112,0.7170606221823814,1.8856392155294228,2.003839129141104,2.10343864149603,gioia
kfqa0qh,3,3,"['bellissimo', 'film', 'vedere']",2.3637418012280436,1.0185478715074079,0.8284542913344173,0.9455283220474644,0.5948229268262093,1.5443155174938468,1.674854843932502,1.977956898198111,gioia
kfq9bfr,1,1,['film'],0.6555871386748866,0.5348626256434147,0.4428678233888925,0.5634105258207514,0.2786202049602042,0.2656593396527435,0.6170213862130943,0.5404521847039313,gioia
kfq97ju,25,19,"['aspettare', 'euro', 'euro', 'fare', 'colazione', 'pranzo', 'avere', 'ora', 'mezzo', 'film', 'finire', 'ritorno', 'fare', 'uscire', 'cane', 'sperare', 'impazzire', 'buono', 'notte']",11.276951464198177,5.360472820908023,5.194467007804389,6.489815744050115,3.656482722378988,10.119686573268366,8.704307315172455,11.70877476746857,aspettativa
kfq93me,36,31,"['pazienza', 'parlare', 'produzione', 'tipo', 'cinema', 'americano', 'scarso', 'conoscenza', 'fenomeno', 'mafioso', 'motivo', 'successo', 'ottenere', 'romanzo', 'film', 'stesso', 'scrittore', 'nascere', 'famiglia', 'originario', 'guerra', 'mondiale', 'considerare', 'scrivere', 'film', 'cambiare', 'protagonista', 'ruolo', 'principale', 'mescolare', 'carta']",17.66929034657659,11.434391419568353,9.944943349254865,11.103631638412303,7.1423691820164805,14.941985371904087,14.796877104814515,17.600470387358644,gioia
kfq68rf,25,20,"['aspettare', 'fratello', 'tornare', 'casa', 'cenare', 'fare', 'andare', 'guardare', 'salotto', 'avere', 'amico', 'aspettare', 'giocare', 'online', 'sapere', 'film', 'pensare', 'incuriosire', 'sapere', 'sembrare']",12.648877839584745,6.464023265762144,5.650607886342238,6.683902481850206,3.6557842978943547,12.209700966189065,11.544175009185347,13.683772609333163,aspettativa
kfq5dis,2,1,['film'],0.6555871386748866,0.5348626256434147,0.4428678233888925,0.5634105258207514,0.2786202049602042,0.2656593396527435,0.6170213862130943,0.5404521847039313,gioia
kfq4tdu,28,21,"['cinema', 'cinema', 'scegliere', 'spettacolo', 'mezzanotte', 'guardare', 'film', 'buio', 'sala', 'isolato', 'mondo', 'film', 'finire', 'scoppiare', 'fastidioso', 'cosa', 'bello', 'vedere', 'fuoco', 'fare', 'vedere']",12.116367994782946,8.451477582198494,7.803547548742605,8.862466835386874,5.575189794972402,8.418473433431007,10.454373559465617,11.685540601019012,gioia
kfq3ioa,4,4,"['vedere', 'persona', 'film', 'aspettare']",2.371463767803764,1.5915958149837552,1.5615264669762081,1.8671387947164453,1.2211142527373273,2.1367528395843456,2.273856499915558,2.448241650392122,aspettativa
kfq2oos,4,4,"['unico', 'problema', 'vedere', 'film']",2.451599443165528,1.622698359144453,1.6123703214984453,1.6269231279336838,0.9042841321217654,1.6542682346701951,2.0029581886735612,2.293112420403183,gioia
kfq2k02,27,17,"['cenare', 'casa', 'compagna', 'gatto', 'film', 'aspettativa', 'interazione', 'sociale', 'anno', 'celebrare', 'compagnia', 'costo', 'voglia', 'palla', 'casa', 'avere', 'rimproverare']",11.17824965167415,5.310146456395045,4.858408632353765,5.308159667396479,2.770236904262009,10.044466773265555,8.340863598598215,10.637025681938145,gioia
kfq0git,7,5,"['peggiore', 'salvare', 'film', 'rappresentazione', 'mafia']",1.996238579219412,2.733928278711352,2.5898039030418873,2.6561726333580964,2.2823976523834286,1.9382799755468016,2.314368333112812,2.431082386692353,tristezza
kfpyopt,5,5,"['parte', 'film', 'merda', 'avere', 'invidia']",1.923236017154242,2.1942319513069437,2.680250880321215,2.454593575636687,2.1644900407163083,1.5725860659667983,2.550364214607433,2.0883223739962586,rabbia
kfpy79e,6,4,"['vedere', 'film', 'fare', 'schifo']",2.0357820400628857,1.0312409496341037,1.1573145822043978,1.0429571179901613,1.5516405283801629,1.4494263069260875,1.6982463193403212,2.004449827689257,gioia
kfpwu6m,11,8,"['alternativa', 'interessante', 'dire', 'film', 'ultimo', 'cinema', 'sala', 'piccolo']",4.22447708026163,2.6980372623722793,2.307011636725562,2.8286817780378737,1.5366797979316074,2.6335388995791553,3.9189439398489094,3.8601296911623915,gioia
kfpsqjg,13,10,"['beh', 'vedere', 'film', 'merda', 'andare', 'vedere', 'migliore', 'film', 'anno', 'dubbio']",5.264551579605364,3.7119768938036017,3.4819227713434127,3.278385506592886,2.6887666318997248,4.265902932540416,4.754758166070175,5.772567713104485,aspettativa
kfpdh6n,35,28,"['fare', 'fare', 'risata', 'venire', 'vita', 'vero', 'dirigente', 'tizio', 'vivere', 'dirigere', 'funzione', 'persona', 'maggioranza', 'comporre', 'italiano', 'vedere', 'figlia', 'andare', 'comprendere', 'italiano', 'concetto', 'lealtà', 'mafioso', 'secolo', 'scorso', 'tentativo', 'film', 'fare']",14.712767684454318,7.289241322134769,6.607842146917251,7.847373801688576,5.05491555767745,15.104701644306434,11.124082169672976,16.222137333291013,aspettativa
kfp2m2q,19,14,"['tratto', 'diverso', 'isolamento', 'conseguenza', 'raro', 'depressione', 'severo', 'termine', 'stesso', 'legare', 'genere', 'film', 'fumetto', 'donna']",5.1869864182166765,5.871615336300891,4.687169518717786,6.994320886146315,3.778485349139604,5.613951379258189,6.313320204999889,6.80575250886906,paura
kfp1f4e,42,35,"['persona', 'grado', 'gestire', 'noia', 'vivere', 'film', 'scena', 'noioso', 'tagliare', 'esistere', 'ignorare', 'sforzo', 'conseguenza', 'dovuto', 'liberare', 'persona', 'valido', 'perso', 'anno', 'stasera', 'divertito', 'continuare', 'lavorare', 'futuro', 'conto', 'ragione', 'piantare', 'dare', 'piantare', 'telefono', 'scherzare', 'anno', 'fare', 'perdere', 'tempo']",16.372126307293584,13.612369187004584,11.234978503683113,13.187197825615183,7.526039908978169,18.05680049617265,16.356320556315563,21.410186225688463,aspettativa
kfovj7g,79,66,"['torto', 'ragazza', 'anno', 'avere', 'emotivo', 'forte', 'ritrovare', 'situazione', 'difficile', 'vedere', 'debole', 'fragile', 'dare', 'rimettere', 'continuare', 'strada', 'perdere', 'credere', 'frase', 'film', 'esperienza', 'personale', 'osservare', 'persona', 'conoscere', 'arrivare', 'conclusione', 'parte', 'caso', 'uomo', 'diventare', 'vedere', 'compagna', 'mamma', 'sapere', 'prendere', 'avere', 'direzione', 'vita', 'ritrovare', 'single', 'peggiore', 'caso', 'ritrovare', 'crescere', 'figlio', 'dire', 'emotivo', 'tanto', 'dimostrare', 'risolvere', 'situazione', 'donna', 'piacere', 'connessione', 'emotivo', 'piacere', 'ascoltare', 'momento', 'problema', 'mano', 'ragazza', 'compagna', 'moglie', 'vedere', 'tirare']",38.33636669380136,22.967580522672407,22.78810615810263,26.371813433531518,15.742134084627068,36.97817847786052,35.972189338425586,39.76459866320472,aspettativa
kfot2rd,136,104,"['festa', 'mettere', 'ansia', 'sacco', 'persona', 'convenzione', 'sociale', 'volere', 'forza', 'divertire', 'stare', 'avviso', 'pensare', 'passare', 'parte', 'vita', 'famiglia', 'locale', 'amico', 'volta', 'mettere', 'disagio', 'cosa', 'sembrare', 'faccia', 'fatto', 'amico', 'ragazza', 'festeggiare', 'avere', 'anno', 'dire', 'festa', 'importare', 'cosa', 'saggia', 'fare', 'amicizia', 'agio', 'stare', 'stesso', 'significare', 'passare', 'casa', 'guardare', 'film', 'venire', 'sera', 'partecipare', 'organizzato', 'casa', 'amico', 'dire', 'persona', 'disagio', 'parte', 'serata', 'allegro', 'ballare', 'fare', 'matto', 'intendere', 'persona', 'opposto', 'bere', 'cosa', 'causare', 'livello', 'salute', 'timido', 'tipo', 'pista', 'fare', 'matto', 'piacere', 'cosa', 'fatto', 'amico', 'aggiungere', 'avere', 'livello', 'confidenza', 'intimo', 'gruppo', 'amico', 'anno', 'raccontare', 'desiderare', 'casa', 'divano', 'guardare', 'bello', 'film', 'avere', 'ansia', 'sapere', 'guardare', 'orologio', 'sperare', 'passare', 'mezzanotte', 'chiudere', 'serata', 'passare']",60.40441147466505,32.52492018005223,26.585203195978345,36.100794121388674,20.677121534649704,56.97896076462478,52.90654963485435,63.436120571597414,aspettativa
kfopnqi,63,46,"['stare', 'uomo', 'avere', 'bisogno', 'crollare', 'credere', 'dare', 'poco', 'contesto', 'anno', 'persona', 'emotivo', 'razionale', 'trovare', 'esperienza', 'nuovo', 'ritrovare', 'emotivo', 'spiegare', 'conoscere', 'stesso', 'giorno', 'lato', 'bello', 'frase', 'film', 'lasciare', 'tempo', 'trovare', 'ragazza', 'volta', 'anno', 'conoscenza', 'avere', 'momento', 'dire', 'buono', 'grado', 'critica', 'utile', 'tornare', 'forte', 'stabile', 'guardare', 'futuro', 'adulto']",25.525794569021993,16.764034188996025,14.178195465854259,18.743068364922415,9.417053881855226,26.611682799553925,24.158498414931294,29.004228564873582,aspettativa
kfoofsb,59,42,"['dire', 'paura', 'tradire', 'volere', 'tradire', 'motivo', 'geloso', 'dire', 'stare', 'perdere', 'interesse', 'messaggio', 'mandare', 'vita', 'vuoto', 'fidare', 'relazione', 'morire', 'paura', 'vedere', 'avere', 'paura', 'perdere', 'romantico', 'film', 'realtà', 'avere', 'opzione', 'ultimo', 'spiaggia', 'disperazione', 'anonimo', 'ragazzo', 'scopare', 'vedere', 'succedere', 'mandare', 'gente', 'caso', 'modo', 'fidare', 'fine']",18.65653808677687,17.326000046804964,16.582803506210745,18.43754959759226,11.269513708671806,19.64353169929152,20.228277843025666,22.248214160964608,aspettativa
kfonjny,17,10,"['problema', 'amico', 'entrare', 'notte', 'inutile', 'fare', 'bello', 'casa', 'bello', 'film']",5.891129251041469,3.2817925643653583,3.0921987849007166,3.37426485881036,1.5381751468026732,4.781061269850141,5.732997201762318,6.015271237606244,aspettativa
kfomcua,23,18,"['certa', 'gente', 'mancare', 'cultura', 'parte', 'individuare', 'turista', 'ragazzo', 'ragazzo', 'film', 'zombie', 'italiano', 'finire', 'mettere', 'anello', 'ragazza', 'mettere', 'paio']",9.702725575424006,5.861794208699436,5.001841960823002,5.302868503122252,3.8720243239517718,9.453470296116649,8.851088593905079,10.201841910127103,aspettativa
kfomc19,68,51,"['evento', 'tipo', 'roba', 'disegno', 'parlare', 'disegno', 'riguardare', 'interesse', 'politico', 'vedere', 'duro', 'film', 'politico', 'rappresentare', 'modo', 'vedere', 'società', 'vedere', 'comico', 'personaggio', 'rappresentare', 'visione', 'venire', 'teatro', 'fare', 'incontro', 'pubblico', 'comico', 'uscire', 'trovare', 'scusa', 'esterno', 'evento', 'servire', 'pretesto', 'organizzare', 'cena', 'gruppo', 'amico', 'dire', 'amica', 'inventare', 'scusa', 'locale', 'accettare', 'cosa', 'rosa', 'amico', 'trovare', 'motivo', 'uscire']",28.926950816234154,16.08651137426697,16.070886288069637,17.332331803417695,11.529066577392506,26.288532072536796,26.51735499046196,31.91229197121638,aspettativa
kfoie41,9,7,"['film', 'animato', 'strano', 'chiamare', 'roba', 'dimenticare', 'dio']",3.0808596568881517,2.752919598903683,2.6120965212560154,2.8900759672683902,1.9546586045743637,2.665628498166684,3.178233406422029,2.922652774920257,sorpresa
kfoeu3o,5,5,"['dire', 'rendere', 'felice', 'film', 'top']",3.455496842296829,1.4989304527753347,1.1741179308077787,1.418040609642413,0.9109980032029869,2.6979670373541014,2.658914325522787,3.2596054311642435,gioia
kfoeqz0,5,3,"['consigliare', 'film', 'primo']",1.9669470149008033,1.0483386692853323,0.947088343625534,1.0681560059708068,0.5395071635555738,1.5122082850226952,1.5829919966615729,2.0463643728651384,aspettativa
kfodzqa,54,36,"['problema', 'persona', 'super', 'controllo', 'parte', 'potente', 'chimico', 'volta', 'incontro', 'discorso', 'banale', 'evitare', 'lavoro', 'pensione', 'animale', 'gossip', 'locale', 'successo', 'personale', 'cosa', 'serio', 'tipo', 'finire', 'auto', 'attenzione', 'evitare', 'auto', 'elettrico', 'inquinamento', 'musica', 'film', 'meteo', 'clima', 'evento', 'cosa', 'tipo']",17.489397039267338,15.30616253946978,14.781475875620787,16.716070727995753,11.373274973617276,16.093783974856265,18.61154076134308,19.93396280253178,aspettativa
kfo9zdl,46,33,"['pensare', 'parente', 'differenza', 'vivere', 'avvocato', 'popolo', 'costituzione', 'dare', 'ragione', 'fare', 'festa', 'poliziotto', 'vedere', 'vario', 'club', 'ballare', 'storia', 'volta', 'pericoloso', 'casa', 'film', 'aggredire', 'figlia', 'allargare', 'giovane', 'vecchio', 'stare', 'compreso', 'moglie', 'giovane', 'avere', 'soggetto', 'fragile']",18.81843428253259,10.36495891031445,10.9265006374018,13.074231499693909,6.560535466139658,18.598019731317954,16.639117360092982,19.920299779059846,aspettativa
kfmnw1o,15,10,"['legge', 'frase', 'bello', 'film', 'francese', 'colonna', 'sonoro', 'recente', 'sdoganare', 'divulgare']",5.3159858131975675,2.4697553318601946,2.4290109226688066,2.808626122493845,1.8358603246967322,4.9472202694023855,4.839125419954836,5.84098873181418,aspettativa
kfml0rl,215,170,"['andare', 'liceo', 'stare', 'ragazza', 'stesso', 'classe', 'livello', 'culturale', 'compagno', 'includere', 'basso', 'potere', 'considerare', 'ragazzo', 'completo', 'senso', 'sembrare', 'vivente', 'fare', 'esempio', 'secchione', 'classe', 'incapace', 'ragazzino', 'carino', 'bello', 'bello', 'fare', 'prezioso', 'avere', 'personalità', 'piatto', 'finta', 'ricordare', 'nome', 'parlare', 'avere', 'idea', 'fare', 'santo', 'giorno', 'mese', 'integrare', 'pessimo', 'stima', 'fine', 'avere', 'momento', 'felicità', 'chiedere', 'assenza', 'andare', 'avere', 'fine', 'popolare', 'ricercare', 'strano', 'incredibile', 'confronto', 'tempo', 'buono', 'rapporto', 'ragazza', 'impossibile', 'avere', 'comunicazione', 'storia', 'finire', 'arrivare', 'sesto', 'mese', 'voto', 'avere', 'preoccupazione', 'esclusione', 'arrivare', 'felicità', 'scena', 'film', 'squallido', 'pensiero', 'inutile', 'concentrare', 'sentimento', 'persona', 'potere', 'riconoscere', 'istante', 'successivo', 'provare', 'felicità', 'momento', 'rendere', 'conto', 'felicità', 'dare', 'creare', 'spazio', 'ansia', 'resto', 'felicità', 'pensiero', 'percezione', 'ricordare', 'pensare', 'dolore', 'incertezza', 'dolore', 'agganciare', 'realtà', 'cosa', 'sensazione', 'andare', 'bisogno', 'fine', 'sembrare', 'incertezza', 'ritenere', 'positivo', 'tentare', 'ritrovare', 'felicità', 'analizzare', 'facile', 'ottenere', 'raggiungere', 'livello', 'lato', 'tenere', 'piacere', 'sperimentare', 'felicità', 'vero', 'fare', 'sentire', 'vivo', 'felice', 'momento', 'triste', 'piacevole', 'caso', 'felicità', 'presente', 'altro', 'momento', 'provare', 'gioia', 'vedere', 'emozione', 'felicità', 'particolare', 'emozione', 'difficile', 'provare', 'personale', 'esperienza', 'parte', 'volta', 'sentire', 'contentezza', 'soddisfazione', 'gratitudine', 'seguito', 'volontario', 'felicità', 'dire', 'provare', 'felicità', 'volta', 'parere']",95.19800997574727,55.60480082397892,51.39149231478546,61.016831183140155,37.814695398181904,91.68032858557312,90.73248062829326,103.71983570107267,aspettativa
kfm0yxd,5,5,"['cena', 'casa', 'bello', 'film', 'stare']",3.7867453388551855,1.5263793030208082,1.1833521980653448,1.3753199313270106,0.8104321091849681,2.6535467628566085,2.9686308250602558,3.2295420694460866,gioia
kflts3d,7,7,"['ultimo', 'anno', 'riguardare', 'film', 'consigliare', 'fare', 'piacere']",3.5192041751524306,2.734615932318497,2.3873720146689963,2.7741019596476337,1.5326876198803276,3.4215856346372213,2.969027356591361,4.187073377518658,aspettativa
kfl64rp,37,28,"['piangere', 'assurdo', 'servizio', 'parte', 'legare', 'biblioteca', 'sapere', 'fare', 'leggere', 'libro', 'avere', 'libro', 'fisico', 'libro', 'leggere', 'bello', 'voce', 'camminare', 'assurdo', 'prezzo', 'avere', 'servizio', 'abbonamento', 'singolo', 'prezzo', 'caso', 'film', 'costare']",14.676172888854385,9.118527932312162,9.052901283199777,10.129866402346146,6.531473163398548,13.566763486034448,14.663633451835954,15.687160422301186,aspettativa
kfl4gnk,13,10,"['piccolo', 'guardare', 'film', 'cartone', 'pirata', 'convinto', 'trovare', 'tesoro', 'fare', 'fratello']",5.672418151048303,2.5104480320261096,2.4043067462196146,2.9803535847758806,2.0830673329030547,5.111636182032671,5.345792532155627,5.794062499804247,aspettativa
kfl1n2c,3,3,"['film', 'vedere', 'volta']",1.9693390329222595,1.2563772921574292,1.154583644381862,1.174812988982472,0.7371387769993271,1.3725967322337131,1.5118247543441932,1.7166025667977518,gioia
kfkp9vx,4,4,"['film', 'mentale', 'stare', 'tranquillo']",2.686791728754371,1.4749448819783542,0.99777245443975,1.2896096953729632,0.7595773292190399,2.259562389844925,2.2193857104532535,2.4948638723819507,gioia
kfkcsgy,372,235,"['gente', 'veloce', 'brillante', 'solare', 'televisione', 'genere', 'scomparire', 'musica', 'stile', 'doppio', 'crescere', 'anno', 'soldo', 'comprare', 'casa', 'giorno', 'crescere', 'nuovo', 'radio', 'televisione', 'locale', 'mago', 'italiano', 'triste', 'mago', 'gente', 'ricordare', 'anno', 'dance', 'commerciale', 'tipico', 'epoca', 'fare', 'sembrare', 'mondo', 'solare', 'fine', 'famiglia', 'cristiano', 'centro', 'sinistra', 'italiano', 'fare', 'sembrare', 'nuovo', 'radio', 'locale', 'dance', 'gente', 'euforico', 'computer', 'potente', 'anno', 'arrivare', 'segmento', 'sdoganare', 'digitale', 'auto', 'segmento', 'stile', 'lanciare', 'piccolo', 'sicuro', 'costare', 'vedere', 'anno', 'costoso', 'scarso', 'anno', 'lettore', 'pratico', 'cassetta', 'auto', 'clima', 'fare', 'sentire', 'italiano', 'primo', 'spot', 'erotico', 'vero', 'film', 'porno', 'mondo', 'gente', 'euforico', 'guardare', 'rete', 'locale', 'canale', 'cellulare', 'status', 'ricco', 'divenire', 'mezzo', 'libertà', 'usare', 'terzo', 'mano', 'avere', 'cellulare', 'ragazzo', 'piacere', 'telefonare', 'filtro', 'genitore', 'film', 'cinema', 'bello', 'fare', 'ridere', 'sognare', 'bit', 'sala', 'gioco', 'gioco', 'sala', 'gioco', 'italiano', 'italiano', 'triste', 'radio', 'televisione', 'locale', 'settembre', 'crescita', 'basare', 'impresa', 'mercato', 'protezione', 'statale', 'condizione', 'familiare', 'lancia', 'alfa', 'tenere', 'banco', 'mito', 'tenere', 'botta', 'nostalgico', 'triste', 'italiano', 'finire', 'diventare', 'gruppo', 'lancia', 'alfa', 'inesistente', 'elettronico', 'francese', 'triste', 'prezzo', 'post', 'euro', 'contrario', 'stella', 'auto', 'prezzo', 'stella', 'triste', 'povero', 'stipendio', 'fermo', 'botta', 'italiano', 'lite', 'piccolo', 'impresa', 'chiuso', 'anno', 'anno', 'comprare', 'costare', 'costare', 'segmento', 'anno', 'italiano', 'felice', 'colpo', 'grosso', 'ragazza', 'anno', 'nudo', 'televisione', 'nazionale', 'porno', 'sparire', 'cellulare', 'vecchio', 'anno', 'frequentare', 'cellulare', 'cercare', 'giovane', 'felice', 'avere', 'possibilità', 'roba', 'vecchio', 'fumetto', 'musica', 'film', 'fare', 'cagare', 'giro', 'giovane', 'fragile', 'credere', 'mondo', 'filtro', 'girare', 'cameriere', 'fare', 'fotografare', 'cliente', 'ristorante', 'lavorare', 'mese', 'credere', 'comprare', 'mese', 'giovane', 'nascere', 'avere', 'anno', 'regalare', 'scuola', 'medio', 'mini', 'aggredire', 'regalo', 'povero', 'disastro', 'totale']",121.98673609608095,78.58038905455359,70.86024897410455,79.7491405509815,52.075686005901474,111.19792281732427,115.48491214851583,130.32286516191482,aspettativa
kfk9ow6,34,25,"['pizza', 'posto', 'pizza', 'napoletano', 'vivo', 'abitare', 'gestire', 'napoletano', 'assicurare', 'leggero', 'avere', 'pane', 'parlare', 'pensare', 'tagliare', 'spicchio', 'pensare', 'bocca', 'vedere', 'film', 'americano', 'credere', 'sbagliare', 'tipo', 'pizza']",14.734969079260988,6.804110546334561,6.404050745656533,7.165740050051558,4.307904407646337,12.61700433423595,10.79317452821003,14.114226197937983,gioia
kfk61j0,48,25,"['italiano', 'ragazzo', 'latino', 'americano', 'donna', 'immaginario', 'italiano', 'eterno', 'italiano', 'copiare', 'donna', 'spagnolo', 'portoghese', 'ascoltare', 'musica', 'credere', 'brutto', 'grazie', 'identificare', 'droga', 'dormire', 'mangiare', 'film', 'anno', 'cartone']",12.859078619584936,8.82119688059458,8.660196197054246,8.255018467705952,6.580861144794129,11.217464860705634,11.814596908576357,12.763904336594134,gioia
kfk1hqj,13,12,"['dipendere', 'gene', 'avere', 'nascita', 'consiglio', 'film', 'fantascienza', 'porta', 'universo', 'trattare', 'tema', 'genetico']",5.439366409077938,3.97330599059382,3.6448804290273173,5.708947898470628,2.776927429745875,6.354881103615416,6.316933074363098,7.684197548584294,aspettativa
kfk08pw,13,13,"['motivo', 'segnalazione', 'copyright', 'fare', 'cazzo', 'cane', 'curioso', 'passo', 'pubblicare', 'video', 'musica', 'videogioco', 'film']",7.042772610708432,4.077882014240465,4.72026455421523,4.486167143430008,3.1854356276533125,5.922479807321414,6.728639068113381,6.909893904774235,gioia
kfjvr3u,301,223,"['evento', 'anno', 'libero', 'aggiungere', 'governo', 'abolire', 'reddito', 'cittadinanza', 'opera', 'inutile', 'apparato', 'fare', 'accordo', 'fallire', 'risolvere', 'problema', 'scoprire', 'blocco', 'fare', 'importare', 'sapere', 'sapere', 'chiedere', 'testa', 'volere', 'fare', 'finta', 'confermare', 'fare', 'uso', 'cazzata', 'scandalo', 'appalto', 'periodo', 'accendere', 'dibattito', 'arma', 'capire', 'fare', 'fare', 'sindacato', 'bisognare', 'dire', 'merito', 'disastro', 'gestione', 'morire', 'anno', 'rete', 'partire', 'teoria', 'governo', 'ladro', 'colpa', 'indignazione', 'colorato', 'soldo', 'fare', 'risolvere', 'guardare', 'prevedere', 'fare', 'lavoro', 'salario', 'minimo', 'proposta', 'unire', 'opposizione', 'contrario', 'idea', 'annunciare', 'fare', 'ponte', 'stretto', 'sospetto', 'ennesimo', 'querelare', 'settimana', 'fare', 'lavoro', 'proporre', 'vicenda', 'crociata', 'serie', 'mafia', 'dire', 'avere', 'ragione', 'inventare', 'settimana', 'palla', 'omicidio', 'osceno', 'seguire', 'spiegare', 'persona', 'orribile', 'cavallo', 'frase', 'vento', 'reazione', 'colorato', 'manifestazione', 'piazza', 'sapere', 'cosa', 'clima', 'carico', 'attacco', 'quadro', 'monumento', 'premio', 'attore', 'protagonista', 'corsa', 'accusare', 'motivo', 'chiesa', 'cercare', 'mondo', 'moderno', 'fatica', 'riuscire', 'pronunciare', 'nome', 'paura', 'offendere', 'centro', 'scandalo', 'comportamento', 'bambino', 'accusa', 'volare', 'religione', 'paese', 'cinema', 'senso', 'fare', 'girare', 'sacco', 'soldo', 'rilanciare', 'mondo', 'cinematografico', 'guerra', 'giocare', 'stesso', 'film', 'grande', 'fatto', 'dimostrare', 'sequenza', 'giocare', 'carta', 'sperare', 'disastro', 'ultimo', 'decennio', 'serie', 'funzionare', 'spada', 'rosso', 'serie', 'fare', 'schifo', 'continuare', 'diventare', 'felice', 'biglietto', 'vincente', 'vendere', 'sperare', 'ricevere', 'parte', 'parere', 'forte', 'influenzare', 'elezione', 'americano', 'altro', 'parte', 'cantante', 'via', 'uscita', 'capire', 'musica', 'alternativo', 'trovare', 'nuovo', 'linfa', 'grazie', 'anno', 'diverso', 'uguale', 'scelta', 'comunicazione', 'prodotto', 'top', 'vendita', 'rimanere', 'indignazione', 'generale', 'durare', 'tennis', 'coppa', 'sacco', 'anno', 'cercare', 'gufare', 'fine', 'abolire', 'crescita', 'calcio', 'club', 'sentenza', 'corte', 'europeo', 'sconvolgere', 'dinamica', 'calcio', 'club', 'fare', 'cagare']",106.3619940190549,74.8396309874189,77.77535500521059,83.05768003432163,56.386141447526796,104.00843326533887,104.24533426838805,124.67552408210024,aspettativa
kfjvb72,16,10,"['scarico', 'film', 'serie', 'guardare', 'caso', 'posto', 'internet', 'programma', 'pagamento', 'esempio']",4.529565785677142,2.935777682228485,2.729536685024718,3.147335753194839,2.564436292491774,4.578599282564001,5.259875285181991,6.14383375689133,aspettativa
kfjsh08,244,181,"['evento', 'significativo', 'anno', 'governo', 'abolire', 'reddito', 'cittadinanza', 'opera', 'inutile', 'apparato', 'fare', 'accordo', 'fallire', 'risolvere', 'problema', 'scoprire', 'blocco', 'fare', 'importare', 'sapere', 'sapere', 'chiedere', 'testa', 'volere', 'fare', 'finta', 'confermare', 'fare', 'uso', 'cazzata', 'scandalo', 'appalto', 'periodo', 'arma', 'capire', 'fare', 'fare', 'sindacato', 'bisognare', 'dire', 'merito', 'morire', 'anno', 'rete', 'partire', 'teoria', 'governo', 'ladro', 'colpa', 'indignazione', 'colorato', 'soldo', 'fare', 'risolvere', 'guardare', 'prevedere', 'fare', 'lavoro', 'salario', 'minimo', 'proposta', 'unire', 'opposizione', 'contrario', 'idea', 'fare', 'ponte', 'stretto', 'querelare', 'settimana', 'fare', 'lavoro', 'proporre', 'vicenda', 'crociata', 'serie', 'mafia', 'dire', 'avere', 'ragione', 'inventare', 'settimana', 'palla', 'omicidio', 'osceno', 'seguire', 'spiegare', 'persona', 'orribile', 'cavallo', 'frase', 'vento', 'reazione', 'colorato', 'manifestazione', 'piazza', 'sapere', 'clima', 'carico', 'attacco', 'quadro', 'monumento', 'premio', 'attore', 'protagonista', 'corsa', 'accusare', 'motivo', 'chiesa', 'cercare', 'mondo', 'moderno', 'fatica', 'chiedere', 'cinema', 'senso', 'fare', 'girare', 'sacco', 'soldo', 'rilanciare', 'mondo', 'cinematografico', 'guerra', 'giocare', 'stesso', 'film', 'grande', 'fatto', 'dimostrare', 'sequenza', 'giocare', 'carta', 'sperare', 'disastro', 'ultimo', 'decennio', 'serie', 'funzionare', 'spada', 'rosso', 'fare', 'schifo', 'continuare', 'diventare', 'felice', 'biglietto', 'vincente', 'vendere', 'sperare', 'ricevere', 'parte', 'parere', 'forte', 'influenzare', 'elezione', 'americano', 'altro', 'parte', 'cantante', 'via', 'uscita', 'capire', 'musica', 'alternativo', 'trovare', 'nuovo', 'linfa', 'grazie', 'anno', 'diverso', 'uguale', 'scelta', 'comunicazione', 'prodotto', 'top', 'vendita', 'rimanere', 'indignazione', 'generale', 'durare']",87.35107605991445,60.21875085586959,60.80962205987466,65.69219848924702,44.071372245739745,84.83148281802805,83.87586889189083,102.87507419026862,aspettativa
kfjmsab,36,22,"['pagare', 'euro', 'costare', 'fregare', 'certo', 'parlare', 'entrare', 'film', 'mezzo', 'inverosimile', 'mezzo', 'film', 'video', 'accettabile', 'boh', 'pesare', 'arrivare', 'limitato', 'chiedere', 'porto', 'arma', 'pistola']",8.50999743131415,8.924575834578372,9.602723921766376,10.115094004268409,6.911015948911313,8.504134927561385,10.834228003752473,10.241837904247506,sorpresa
kfjmag6,30,25,"['credere', 'bastare', 'fare', 'telefonata', 'chiedere', 'ricordare', 'precedente', 'film', 'rifiutare', 'morire', 'diventare', 'sinistra', 'chiamare', 'chiedere', 'avere', 'voce', 'bello', 'uomo', 'modo', 'dire', 'segnale', 'inferno', 'evidente', 'parlare', 'italiano']",11.291164272420106,8.803932432221515,7.440764448978163,9.788155835081279,5.518219094462742,11.616211176899553,11.100158137274557,13.754543624404603,aspettativa
kfjkbi8,19,13,"['credere', 'sapere', 'sicuro', 'guardare', 'film', 'precedente', 'aspettare', 'titolo', 'coda', 'conscio', 'fatto', 'lavoro', 'complicato']",6.818307819522428,5.091998803719039,4.279977798877501,4.515319541052971,2.8071776478697896,7.592294582456038,6.249780486931359,7.758974894208315,aspettativa
kfjbnij,63,52,"['scusa', 'fare', 'giornata', 'avere', 'ora', 'dormire', 'lavoro', 'viaggio', 'andare', 'ritorno', 'rimanere', 'ora', 'giorno', 'spendere', 'cosa', 'discorso', 'fatto', 'tempo', 'volta', 'ora', 'vero', 'tempo', 'libero', 'spendere', 'hobby', 'contare', 'weekend', 'estate', 'fare', 'lavoro', 'occupare', 'ora', 'giorno', 'giorno', 'riposo', 'modo', 'altro', 'tempo', 'leggere', 'poco', 'vedere', 'film', 'giocare', 'trovare', 'certo', 'punto', 'staccare', 'fare', 'diventare', 'salute', 'mentale', 'divertimento']",29.669508308025065,16.233993456405475,12.026074619978662,16.589866721901725,7.769094843256482,28.237404195919122,24.38970184522398,33.71962967272695,aspettativa
kfj0hc9,13,9,"['stesso', 'dire', 'film', 'fischiare', 'ragazza', 'film', 'rifiutare', 'casa', 'editore']",5.054407103210056,3.2152920317094233,2.9763365265085358,3.1870205580012945,2.1657436711017723,4.457574324783792,5.082554354215572,5.422053496013997,aspettativa
kfiypdk,38,29,"['problema', 'radicale', 'donna', 'diventare', 'super', 'nudo', 'fingere', 'figa', 'avere', 'terrorizzare', 'volta', 'camminare', 'andare', 'auto', 'ritorno', 'negozio', 'capitare', 'ragazza', 'giro', 'girare', 'fobico', 'seguire', 'film', 'pieno', 'film', 'psicopatico', 'canale', 'fare', 'effetto']",13.139454742921885,9.505361162298689,10.250282582498576,12.97486787956221,7.687456507828427,12.8366475539949,14.550042557867629,15.464450726358747,aspettativa
kfiyc6j,11,7,"['limitare', 'guardare', 'film', 'serie', 'fare', 'illegale', 'zona']",2.735319937882449,2.7532261336619874,2.73910162423307,2.843867143794557,2.1899947210569857,2.696666222530176,2.9019231400242527,3.882189741292229,aspettativa
kfi3hul,8,6,"['leggere', 'italiano', 'tanto', 'piacere', 'guardare', 'film']",3.8646712208542926,2.2097961173568783,2.1330974326073466,2.1638594061233727,1.7088889294591632,3.0632311593048533,3.457167934783372,3.655929888652347,gioia
kfhdrlw,6,4,"['cattivo', 'film', 'dispiacere', 'sperare']",1.5938851033018784,2.2688422694109422,2.1526683792642367,2.425731354334727,1.6590008270735963,1.4872807665869807,1.9201871532647063,2.01511545933354,paura
kfh2nah,7,6,"['ottimo', 'guardare', 'serie', 'film', 'gioco', 'musica']",4.417626683490534,1.9315987570190982,1.7295020046728355,1.6527346406298071,1.0893211718319196,3.206202490143875,3.6859928629032748,3.844132898123998,gioia
kfh1jiu,29,22,"['peccato', 'sistema', 'marcio', 'radice', 'possibilità', 'film', 'euro', 'abbonare', 'minimo', 'sito', 'merda', 'usare', 'prestito', 'materiale', 'avere', 'percezione', 'gioco', 'stare', 'sicuro', 'parlare', 'materiale', 'impossibile']",9.433543177261823,8.079102356354895,7.234496431336886,7.578865854335087,6.048715202447349,10.339018529547785,9.581004053267929,11.496020492058687,aspettativa
kfgz87v,6,3,"['rimanere', 'guardare', 'film']",1.7958195089288214,1.244553807268011,0.9426822044864498,1.117175960066264,0.6882863774204502,1.1777480202007282,1.5495592823899602,1.7625587697899312,gioia
kfgonfg,6,4,"['guardare', 'film', 'americano', 'esistere']",2.0864404502256613,1.7426044622633614,1.9283306574892536,1.950011304640292,1.1972433150445991,1.7989994722875882,2.4687629640806517,2.439045366694905,sorpresa
kfgmjry,179,128,"['cosa', 'fare', 'spazio', 'vero', 'identico', 'parte', 'ecosistema', 'parte', 'abbonamento', 'spazio', 'difficile', 'trovare', 'alternativa', 'stesso', 'prezzo', 'integrare', 'documento', 'desktop', 'avere', 'uso', 'attività', 'differente', 'desktop', 'documento', 'modo', 'prodotto', 'valido', 'livello', 'film', 'sapere', 'altro', 'servizio', 'fine', 'computer', 'creare', 'sistema', 'piacere', 'sacco', 'cosa', 'interessare', 'discorso', 'musica', 'avere', 'materiale', 'nozione', 'aggiungere', 'dire', 'installare', 'fare', 'media', 'manager', 'film', 'serie', 'fare', 'stesso', 'cosa', 'musica', 'usare', 'grado', 'gestire', 'archivio', 'offrire', 'orientare', 'musica', 'migliore', 'supporto', 'fila', 'desktop', 'uso', 'utilizzare', 'accedere', 'casa', 'avere', 'pubblico', 'utilizzo', 'accedere', 'creare', 'avere', 'fibra', 'misto', 'rame', 'andare', 'galera', 'italiano', 'andare', 'connessione', 'fare', 'musica', 'canzone', 'velocità', 'venire', 'idea', 'guardare', 'film', 'casa', 'mantenere', 'banda', 'aspettare', 'minuto', 'partire', 'sentire', 'esigenza', 'casa', 'stare', 'schermo', 'invitare', 'visitare', 'aprire', 'mondo', 'bello', 'atmosfera', 'aiutare', 'giudizio', 'modalità', 'primo', 'traccia', 'ascoltare', 'vecchio', 'libreria', 'album', 'credere', 'coincidenza', 'difficile', 'ignorare', 'avere', 'curiosità', 'riguardo', 'chiedere']",65.41137465890222,38.63954264455211,35.20475630371094,42.718997959822055,24.141655407439238,65.02047895357731,63.351156525431215,74.33351763079193,aspettativa
kfglt7h,69,48,"['avere', 'anno', 'piacere', 'significare', 'vedere', 'avere', 'risposta', 'perfetto', 'avere', 'pallido', 'idea', 'cosa', 'sembrare', 'problema', 'trattare', 'esperienza', 'competenza', 'bravo', 'cosa', 'dire', 'rifiuto', 'terapia', 'stupido', 'ignoranza', 'vedere', 'film', 'avere', 'carenza', 'ferro', 'medico', 'vita', 'prendere', 'problema', 'diverso', 'volta', 'corpo', 'nascita', 'fortuna', 'decennio', 'progresso', 'campo', 'medico', 'dire', 'fare', 'rimedio', 'vivere', 'vita', 'migliore']",23.96323625152303,15.867678899075443,15.521296477264832,19.959657685716877,11.804697001352379,25.904628885656106,23.498374835089308,29.701198399869025,aspettativa
kfglt0l,94,70,"['generale', 'persona', 'attivo', 'fare', 'cosa', 'rendere', 'colto', 'sapere', 'ragionare', 'cosa', 'conoscere', 'cosa', 'sapere', 'avere', 'insegnare', 'franchezza', 'stare', 'cosa', 'chiedere', 'avere', 'sapere', 'domanda', 'compito', 'inglese', 'cosa', 'chiedere', 'adulto', 'sognare', 'chiedere', 'ragazza', 'trovare', 'domanda', 'ridicolo', 'sapere', 'strano', 'senso', 'hobby', 'attività', 'scegliere', 'vita', 'tipo', 'lavoro', 'fare', 'ora', 'settimana', 'chiedere', 'piacere', 'fare', 'tempo', 'libero', 'trovare', 'pesca', 'mese', 'avere', 'passione', 'fotografia', 'coltivare', 'avere', 'inverno', 'fare', 'ragazzino', 'chiedere', 'hobby', 'film', 'parere', 'rispondere', 'fare', 'vita', 'respiro', 'mangiare']",38.39980863809865,20.492564425081525,17.00677101229807,22.69145987368353,13.204149640292346,38.350078289143525,32.07434431260238,42.79508222192798,aspettativa
kfgddtx,38,27,"['credere', 'mano', 'fare', 'conseguenza', 'forza', 'andare', 'odiare', 'abituare', 'silenzio', 'sapere', 'fare', 'altro', 'modo', 'adolescente', 'piacere', 'andare', 'ricordare', 'riprovare', 'turno', 'lavoro', 'restare', 'casa', 'sentire', 'musica', 'vedere', 'video', 'film']",15.165995298895936,9.356498474072083,8.248315301222647,8.801655964915742,5.892619474520865,14.186331358689024,12.66358231582631,15.733287488827767,aspettativa
kfgcy72,8,7,"['smettere', 'alcol', 'gioco', 'diverso', 'smettere', 'guardare', 'film']",2.9464735084804508,3.3368050395258972,3.609188602018424,3.3211846683640323,2.7186532720328556,2.588174512138558,3.693200072462658,3.4394413156070334,sorpresa
kfg6cuy,19,14,"['dipendenza', 'dipendenza', 'certo', 'genere', 'film', 'cosa', 'diverso', 'dipendere', 'film', 'stesso', 'ora', 'giorno', 'bastare', 'smettere']",5.8294203054172105,6.275365510525695,5.51029185445806,6.463977336791029,4.156193040332701,6.429233036952541,6.214288188919723,7.403802649844419,aspettativa
kffloe5,36,29,"['italiano', 'medio', 'fare', 'nero', 'onesto', 'chiudere', 'difficile', 'impresa', 'medio', 'piccolo', 'fare', 'titolare', 'problema', 'principale', 'paese', 'film', 'italiano', 'decennio', 'presentare', 'personaggio', 'mentalità', 'fregare', 'caratteristica', 'avere', 'parte', 'estero', 'sembrare', 'trovare', 'naturale']",12.786444863354902,8.85133500202987,9.119764046519434,10.641226891692943,6.444815541215549,13.029048618743797,13.467326066138142,15.519640578722568,aspettativa
kffepeb,65,46,"['bambino', 'intelligente', 'film', 'contenere', 'enormità', 'passare', 'locale', 'intero', 'pianeta', 'intero', 'pianeta', 'distruggere', 'colpo', 'esibire', 'poco', 'spada', 'bambino', 'intelligente', 'avere', 'pochino', 'afferrare', 'concetto', 'ordine', 'grandezza', 'sapere', 'differenza', 'città', 'metropolitano', 'anima', 'probabilità', 'infimo', 'fare', 'incontro', 'improbabile', 'differenza', 'città', 'metropolitano', 'nazione', 'continente', 'intero', 'pianeta', 'scrivere', 'sceneggiatura', 'pensare', 'effetto', 'speciale']",20.845106253493,13.598612192867675,13.49141499689714,15.457454699027348,8.745829377855063,21.513964527923903,22.003854934750933,25.02011800777194,aspettativa
kff7jy4,9,9,"['piacere', 'vedere', 'reazione', 'persona', 'svelare', 'informazione', 'superare', 'vedere', 'film']",5.936581632834011,3.2472028257273164,3.377877052450623,4.232704664933846,2.8454279969446015,4.972732400229749,5.479120274470017,5.953804703222217,aspettativa
kff2s6e,40,27,"['inventare', 'giovane', 'rispondere', 'piacere', 'film', 'diverso', 'solito', 'strano', 'colorato', 'film', 'volta', 'volta', 'bastare', 'rispondere', 'volta', 'dare', 'scoprire', 'spazio', 'volta', 'cosa', 'nuovo', 'anno', 'vedere', 'volta', 'volta', 'cosa', 'nuovo']",15.146831034104137,10.144971081929086,9.330414580883897,10.9912579133731,6.73427097835727,13.278782779507736,14.1455851527804,15.685351796439637,aspettativa
kff2aw2,129,91,"['guardare', 'arte', 'piacere', 'restare', 'arte', 'statistica', 'internazionale', 'mettere', 'italiano', 'primo', 'posto', 'presente', 'spettatore', 'occhiale', 'vista', 'sole', 'fare', 'tempo', 'dire', 'alimentare', 'creare', 'culturale', 'trovare', 'continuo', 'media', 'fare', 'finestra', 'mondo', 'spezzare', 'prodotto', 'anima', 'comprendere', 'genere', 'gusto', 'fascia', 'età', 'diventare', 'cartone', 'animato', 'ragazzo', 'conoscere', 'inglese', 'seguire', 'leggere', 'avere', 'strumento', 'dire', 'bello', 'brutto', 'massimo', 'apprezzare', 'fotografia', 'colonna', 'sonoro', 'cantare', 'allenare', 'armonia', 'film', 'lingua', 'originale', 'intendere', 'mostro', 'prodotto', 'conseguenza', 'situazione', 'bambino', 'spettatore', 'madre', 'italiano', 'bambino', 'noioso', 'parere', 'abbassare', 'volume', 'dare', 'conseguenza', 'situazione', 'mostro', 'originale', 'lavoro', 'regista', 'buttare', 'finestra', 'film', 'diverso', 'volta', 'episodio', 'stagione', 'episodio', 'volta', 'record']",48.94235073224025,25.742500295837786,21.963405515762155,27.77130721308355,17.72037007061851,45.63559222635253,44.090878043445024,53.03577472447748,aspettativa
kff2083,156,121,"['articolo', 'impressione', 'caldo', 'primo', 'fortunato', 'spettatore', 'universitario', 'amare', 'letteratura', 'primo', 'film', 'fantascienza', 'andare', 'vedere', 'piacere', 'rimanere', 'affascinare', 'sequenza', 'bar', 'battaglia', 'spaziale', 'divertente', 'giocare', 'storia', 'continuare', 'divertente', 'primo', 'film', 'effetto', 'gruppo', 'chiedere', 'pensare', 'impressionare', 'film', 'colpire', 'rispondere', 'vedere', 'mostro', 'stesso', 'piano', 'umano', 'vero', 'personaggio', 'interessante', 'mostro', 'uomo', 'umano', 'divertire', 'trama', 'esistere', 'film', 'fare', 'momento', 'spettacolare', 'riuscire', 'concludere', 'film', 'fantascienza', 'giovane', 'rispondere', 'piacere', 'film', 'diverso', 'solito', 'strano', 'colorato', 'film', 'volta', 'volta', 'bastare', 'rispondere', 'volta', 'dare', 'scoprire', 'spazio', 'volta', 'cosa', 'nuovo', 'giovane', 'operaio', 'conoscere', 'amare', 'spazio', 'irritare', 'divertire', 'eccezionale', 'divertente', 'dire', 'sincero', 'facile', 'cinema', 'pubblico', 'divertire', 'emozionare', 'fare', 'sopravvivere', 'universo', 'passare', 'decennio', 'arrivare', 'grande', 'forma', 'pronto', 'nuovo', 'grazie', 'produzione', 'sperare', 'affascinare', 'nuovo', 'generazione', 'spettatore', 'commento', 'inventare', 'giornalista', 'scrivere', 'credere', 'frase', 'giovane', 'articolo', 'interessante', 'affidabile']",73.77178499152386,36.38728833917455,35.069975356427605,43.34324086575064,24.014557822947673,61.893544281636366,65.31330784772025,75.12038882713115,aspettativa
kfep8b5,34,25,"['dipendere', 'emozione', 'vero', 'relazione', 'film', 'persona', 'provare', 'forte', 'attrazione', 'stare', 'vero', 'domanda', 'grado', 'passare', 'resto', 'vita', 'amico', 'stare', 'amico', 'pensare', 'amico', 'momento', 'odiare', 'escluso', 'futuro']",14.35000563624963,10.806574752523288,10.30122521765973,11.75782260133172,7.423093681212656,14.725317602078732,13.246813852238452,15.675847166829818,aspettativa
kfemd5a,70,52,"['vero', 'realtà', 'grande', 'alto', 'tipo', 'pesare', 'chilo', 'combattere', 'professionista', 'rifiutare', 'interesse', 'combattere', 'pugile', 'professionista', 'epoca', 'alto', 'proposta', 'tecnica', 'famoso', 'inutile', 'numero', 'circo', 'ultimo', 'film', 'succedere', 'testimone', 'realtà', 'finire', 'americano', 'bloccare', 'presa', 'sollevare', 'terra', 'portare', 'giro', 'protestare', 'fare', 'combattimento', 'diventare', 'amico', 'imparare', 'tecnica', 'lotta', 'libero', 'pensare', 'gente', 'pensare', 'battere', 'peso', 'massimo', 'epoca', 'film']",23.683572908015158,19.27199383974228,20.342893064326887,21.47118209043669,13.928721802728655,25.900858094994547,24.210363009179765,30.74153350452724,aspettativa
kfce9dw,9,8,"['pensare', 'vedere', 'rivedere', 'leggere', 'romanzo', 'fine', 'film', 'godere']",5.366662042788912,3.1642718959598692,2.463514268210827,3.0304308766994548,1.804267992035499,4.077358353153556,4.374558289029261,5.080605439687948,gioia
kfc66lu,16,14,"['credere', 'diretto', 'film', 'esempio', 'film', 'mistero', 'cosa', 'genere', 'chiedere', 'guardare', 'ripresa', 'film', 'sapere', 'ladro']",6.508984147782948,4.916421890170658,4.698457440419784,5.90258015776865,3.301886444175402,6.261908682766905,7.498148567866795,7.193212789935168,sorpresa
kfbo6hd,12,9,"['fregare', 'cazzo', 'nero', 'fregare', 'assumere', 'nero', 'dire', 'piacere', 'film']",3.5116922513044253,3.788345377018985,4.176693645632207,4.102751871889411,3.659585697850681,3.417767239625605,4.480309479854323,4.562632001566157,aspettativa
kfbh4m7,39,31,"['convinto', 'nonno', 'attore', 'film', 'tanto', 'uscire', 'vedere', 'passare', 'cavallo', 'credere', 'tempo', 'credere', 'tenere', 'mano', 'finestrino', 'cane', 'genitore', 'dire', 'cosa', 'figlio', 'assurdo', 'ricordare', 'asilo', 'convinto', 'epoca', 'chiamare', 'palla', 'aprire', 'parte', 'superiore', 'chiudere']",18.326810760890048,10.091634912587285,8.865551396159564,10.933980104812116,7.178327190154687,17.652560237585647,15.561789285455195,17.756914096095556,gioia
kfbc64u,15,13,"['cosa', 'venire', 'mente', 'gioco', 'premio', 'diretta', 'affondare', 'causa', 'spia', 'realizzare', 'film', 'fare', 'successo']",7.086070174413514,4.6593191308093145,4.10326633234163,5.680040221172656,3.20555273313323,6.365468836809329,7.187074862383464,7.404401293720516,aspettativa
kfbad2z,18,15,"['vita', 'film', 'attore', 'padre', 'giorno', 'regista', 'ricordare', 'espressione', 'credere', 'impazzire', 'notare', 'accadere', 'anno', 'vario', 'esistere']",8.786574289660994,5.935998819255649,5.414303702553196,6.5383359043243825,3.5926146197551296,8.139036444422953,8.407262384241225,8.720061700129301,gioia
kfb72w4,18,12,"['guardare', 'film', 'genere', 'libro', 'fumetto', 'trovare', 'poesia', 'esistenza', 'consiglio', 'terapia', 'banale', 'avere']",6.469731065834699,4.3145131217622374,3.429769144532216,4.576795404096475,2.6097103768223917,6.5247355804215035,6.315850341638071,7.941455638214727,aspettativa
kfb5npq,49,41,"['trovare', 'piacere', 'importare', 'cosa', 'provare', 'vedere', 'film', 'esplorare', 'gusto', 'musicale', 'provare', 'fare', 'nuovo', 'conoscenza', 'avere', 'cercare', 'avere', 'conversazione', 'profondo', 'posto', 'nuovo', 'locale', 'museo', 'natura', 'studiare', 'nuovo', 'scoprire', 'stesso', 'esplorare', 'mondo', 'vita', 'apparire', 'colore', 'caso', 'andare', 'perdita', 'desiderio', 'sessuale', 'sintomo', 'comune', 'depressione']",25.436629212894005,13.365640949726336,10.900077080261395,16.155158860064343,8.537231955521676,22.679497901156175,23.789649061281033,26.849839473310986,aspettativa
kfb3dsd,53,44,"['vita', 'avere', 'senso', 'scopo', 'esempio', 're', 'medievale', 'nascere', 'sapere', 'fare', 'mettere', 'mezzo', 'situazione', 'socio', 'politico', 'economico', 'ragione', 'profondo', 'venire', 'prescindere', 'resto', 'modo', 'giornata', 'realizzare', 'fare', 'stare', 'compagno', 'vita', 'fare', 'lavoro', 'servizio', 'piccolo', 'cosa', 'passeggiata', 'sera', 'cane', 'film', 'libro', 'cena', 'amico', 'serata', 'passare', 'matto', 'stare']",24.275807454261436,11.457907756405609,9.538965361466287,13.480535598292944,7.472444561709243,22.509177651967256,20.773635231082967,27.21985127587807,aspettativa
kfaq1vl,11,10,"['guardare', 'film', 'vedere', 'cosa', 'inventare', 'grave', 'fare', 'minimo', 'vita', 'giorno']",5.474369693692511,3.6227250988886928,2.976203623507268,3.5602435165382817,2.361076710725931,5.087308132224072,5.022624858453168,6.210286146400943,aspettativa
kfafqow,48,36,"['prendere', 'evento', 'avvenire', 'continente', 'enorme', 'pensare', 'anno', 'scuola', 'differenza', 'dottore', 'dire', 'illegale', 'pagare', 'mensa', 'scolastico', 'scuola', 'pubblico', 'indovinare', 'succedere', 'pagare', 'portare', 'mangiare', 'casa', 'fare', 'buttare', 'nero', 'uccidere', 'fatto', 'stare', 'uccidere', 'motivo', 'film', 'vita', 'vero', 'dire', 'italiano']",16.156763997657038,13.588666940552969,13.026152262156664,14.478259040769888,10.84072218188024,16.9033117893078,16.889578607331366,21.020708991893507,aspettativa
kfabmel,12,8,"['fatto', 'sembrare', 'teschio', 'film', 'uscire', 'usare', 'altro', 'cosa']",3.584481079444141,2.939490862652576,2.6203825806588164,3.410894367576003,2.3695860870892957,3.1662369976762883,3.9344305938365185,4.036814152956134,aspettativa
kf9uojk,13,9,"['originale', 'migliore', 'film', 'italiano', 'tempo', 'significare', 'film', 'cacca', 'volgare']",4.132366750733005,3.1192864224419425,2.8680214101220267,2.8469015174897354,3.021656130057762,3.27735475918195,3.996475562006931,4.6495917441029535,aspettativa
kf9pzo8,5,4,"['zio', 'caro', 'sembrare', 'film']",2.2453165704586167,1.1814598827329665,1.1174985630575411,1.0698813265993847,0.5416748954003912,1.9165082901072221,1.8022479604942534,2.1239615334554087,gioia
kf9mcle,21,13,"['giovane', 'pressione', 'sociale', 'fare', 'anno', 'sogno', 'giocare', 'vedere', 'film', 'forza', 'festeggiare', 'dire', 'sociale']",8.947702628421995,4.142583115317161,4.119779650100417,4.661131221749407,2.4442236302579383,7.237419098864633,6.437541248738203,8.65032785253776,gioia
kf9m4cj,12,11,"['pensare', 'buttare', 'giusto', 'periodo', 'natalizio', 'fare', 'film', 'pomeriggio', 'sera', 'mettere', 'vedere']",5.809508754293565,4.20957804725731,3.339312915162039,3.8942805601202646,2.9248426673759824,5.202206585629001,4.6939628497621655,6.575633855598678,aspettativa
kf99lyi,39,26,"['sbagliare', 'video', 'pago', 'parte', 'film', 'uscire', 'sala', 'giorno', 'capire', 'città', 'avere', 'prodotto', 'mattina', 'arrivare', 'giorno', 'stesso', 'mese', 'gratuito', 'canale', 'scelta', 'musica', 'sapere', 'usare', 'usare', 'valere', 'abbonamento']",14.2532086795858,9.483015161095146,8.895502679947768,10.238474912335468,5.973244489366789,12.93226674620955,12.886689002144546,15.376595192368804,aspettativa
kf98lat,3,2,"['spettacolo', 'film']",1.5080372070913715,0.7809007898938238,0.7045465873205513,0.8834337215013006,0.5107779963880484,0.9405703596808856,1.4657126078386113,1.356932700817034,gioia
kf90c90,10,6,"['volta', 'volta', 'credere', 'videogioco', 'bello', 'film']",3.9550782480567843,1.9233002543318394,1.8041030266153286,1.9252801336266052,0.9731170680265109,2.9461322672998254,3.4136676330714226,3.2522919928659926,gioia
kf8vppw,13,11,"['vero', 'fare', 'donna', 'conoscere', 'vedere', 'tipo', 'protagonista', 'film', 'serie', 'volta', 'fare']",6.690443602272938,3.0242371245061754,2.940381368226369,3.2500535614759305,1.7127326840098638,6.2430581489948835,5.3425195648557295,7.373510976386328,aspettativa
kf8t1mk,53,40,"['avere', 'memoria', 'pessimo', 'aiutare', 'leggere', 'notizia', 'bastare', 'seguire', 'paio', 'giornale', 'nazionale', 'internazionale', 'aggiornare', 'succedere', 'mondo', 'curioso', 'domanda', 'esempio', 'guardare', 'film', 'primo', 'guerra', 'mondiale', 'mettere', 'pausa', 'leggere', 'periodo', 'parlare', 'finire', 'film', 'ricerca', 'personaggio', 'specifico', 'storia', 'ricordare', 'paio', 'mese', 'forza', 'domanda', 'continuare']",20.35285648204857,13.700496728824124,11.848884511327903,14.48949202306567,8.830747896319886,20.041360269926574,20.09286726442338,24.363920809899113,aspettativa
kf8shfl,70,49,"['mezzo', 'mare', 'azzurro', 'grigio', 'salire', 'grido', 'andare', 'forza', 'vecchio', 'stile', 'fisico', 'servizio', 'rappresentare', 'miglioramento', 'vedere', 'offerta', 'proporre', 'televisione', 'canone', 'avere', 'americano', 'privato', 'diverso', 'imporre', 'modello', 'televisione', 'cavo', 'americano', 'catalogo', 'interessare', 'storico', 'film', 'vecchio', 'assurdo', 'offerta', 'migliore', 'post', 'finanziare', 'uscire', 'curiosità', 'andare', 'cercare', 'primo', 'risultato', 'mandare', 'sito', 'serie', 'intero', 'fare']",24.52157205026584,14.52355128538568,13.171622196726593,16.118220698130287,10.10046810396646,22.39222770097546,22.310775613834526,25.095032578584618,aspettativa
kf8peau,18,14,"['fare', 'esempio', 'pratico', 'dare', 'fastidio', 'personaggio', 'film', 'odiare', 'cambiare', 'personaggio', 'moda', 'momento', 'tipo', 'serie']",6.326867701169759,4.926473408188723,4.89546543467492,5.460492826986316,3.7149911504053366,6.668505638245831,7.630727526957568,7.969355794421472,aspettativa
kf8ozb1,25,16,"['tanto', 'film', 'guardare', 'tanto', 'piacere', 'vecchio', 'stile', 'pubblicità', 'bambino', 'tanto', 'mitico', 'unico', 'italiano', 'valere', 'pena', 'guardare']",9.004578263921442,6.005458445934547,5.540883734140551,6.101860464340908,4.366234958581069,8.430978682900395,8.912031595801933,9.239501771122452,aspettativa
kf8l86x,2,2,"['figura', 'film']",0.9510655330697739,0.6146751341377534,0.5093580766981092,0.6628319830396363,0.32565756873974205,0.6321436717520759,0.8864062872285855,1.1942455716439118,aspettativa
kf8hsj1,8,7,"['film', 'fare', 'piangere', 'insegnamento', 'vita', 'cartone', 'animato']",4.501529182742077,2.2737575763022613,1.6877615155413004,2.279751937462087,1.0786723788737624,3.1125044578550773,3.1342697382312483,3.8035602757757747,gioia
kf8gmj1,94,76,"['bolla', 'immobiliare', 'scoppiare', 'unico', 'comune', 'città', 'europeo', 'paese', 'milione', 'abitante', 'forza', 'cosa', 'milione', 'persona', 'sud', 'interessare', 'casa', 'prezzo', 'affitto', 'avere', 'senso', 'enorme', 'disparità', 'condizione', 'lavorativo', 'economico', 'servizio', 'università', 'centro', 'sud', 'ferro', 'paese', 'normale', 'paese', 'rotto', 'città', 'avere', 'bisogno', 'residente', 'esempio', 'sentire', 'milanese', 'lavoro', 'studio', 'sembrare', 'inizio', 'film', 'comico', 'italiana', 'altro', 'paese', 'vivere', 'possibile', 'motivo', 'altro', 'motivo', 'persona', 'vivere', 'avere', 'bisogno', 'vivere', 'andare', 'vivere', 'motivo', 'lavorativo', 'studio', 'vivere', 'difficile', 'avere', 'motivo', 'valido', 'andare', 'vivere', 'altro', 'parte', 'rimanere']",39.72126648889299,24.235569749902314,23.349727274341124,26.546228254037885,16.861473243205396,39.175705261606474,38.59198384902248,45.83556477683344,aspettativa
kf88dmt,62,52,"['parlare', 'provare', 'mandare', 'video', 'parlare', 'greco', 'rispondere', 'capire', 'dire', 'vero', 'lingua', 'via', 'gruppo', 'provare', 'vivo', 'preferire', 'imparare', 'greco', 'moderno', 'interessante', 'trovare', 'film', 'canzone', 'greco', 'mancare', 'regione', 'provare', 'mantenere', 'lingua', 'aprire', 'istituto', 'mettere', 'nome', 'via', 'doppio', 'lingua', 'italiano', 'greco', 'cosa', 'interessante', 'greco', 'moderno', 'greco', 'cosa', 'triste', 'istituto', 'studio', 'rimanere', 'chiudere', 'giorno', 'aprire', 'esempio']",27.424398587459567,15.319054105529366,12.724436817499907,15.894664850717696,9.493876169056017,25.064520219949287,24.787543290489232,30.85210542174562,aspettativa
kf881jg,8,5,"['votare', 'paura', 'malvagio', 'film', 'bambino']",1.9105865880283441,2.139135710122657,2.4718261652626112,2.9286201662073776,2.077643227506046,1.9560099410458396,2.734839189784787,1.9748211359201564,paura
kf7qml5,19,13,"['frequenza', 'organizzare', 'serata', 'amico', 'guardare', 'stesso', 'film', 'crimine', 'variare', 'mancare', 'programma', 'disgustoso', 'trasmettere']",6.689695898585331,4.06529948035692,3.5852993117513763,4.354163295394871,3.4654325408607876,6.406463381697597,6.209633597234321,7.815262090723129,aspettativa
kf7nqeq,54,41,"['documentario', 'tipo', 'personaggio', 'storico', 'letterario', 'musicale', 'solito', 'istituto', 'luce', 'concerto', 'documentare', 'musica', 'tipo', 'cosa', 'avere', 'credere', 'rimanere', 'unico', 'seguire', 'grande', 'vedere', 'vecchio', 'film', 'tanto', 'troppo', 'pubblicità', 'resto', 'solito', 'vario', 'servizio', 'dire', 'fermo', 'servizio', 'fare', 'avere', 'passione', 'indagine', 'alto', 'successo', 'fallimento', 'pubblicità']",20.383185416151402,13.712509628153626,11.392978311012348,13.423501020230656,8.55398691742474,20.30227368579209,18.898750537946498,23.85814897619677,aspettativa
kf7nkut,39,27,"['situazione', 'simile', 'differenza', 'passo', 'anno', 'dire', 'passare', 'serata', 'cazzo', 'guardare', 'film', 'vedere', 'tempo', 'gioco', 'videogioco', 'permettere', 'sentire', 'centro', 'camminare', 'bottiglia', 'rotto', 'pomeriggio', 'primo', 'gennaio', 'cazzo', 'gola', 'pezzo']",13.65036514199954,8.822577787716858,8.535936684773437,8.987718763643457,6.150760980288867,12.713171501975554,14.477332563351116,15.308139841143179,aspettativa
kf7c04c,15,12,"['giovedì', 'uscire', 'ultimo', 'episodio', 'stagione', 'consigliare', 'primo', 'film', 'unico', 'giorno', 'volta', 'solo']",6.690178195036805,4.877790992275191,3.8737473022190647,4.009576458285112,2.1202664555894746,5.552596011527785,4.6874201120807415,6.807205949478539,aspettativa
kf7bgng,77,54,"['anno', 'famiglia', 'tavola', 'generale', 'seguire', 'male', 'mondo', 'grande', 'fratello', 'costituire', 'parte', 'ampio', 'canale', 'fare', 'passare', 'completo', 'serie', 'film', 'paio', 'giorno', 'resto', 'anno', 'vero', 'nero', 'vedere', 'avere', 'illusione', 'scegliere', 'agente', 'stesso', 'concetto', 'avere', 'altro', 'avere', 'bombardare', 'tanto', 'vedere', 'esercitare', 'volontà', 'ricercare', 'guardare', 'ultimo', 'cosa', 'sentire', 'salvare', 'passare', 'turco', 'simpatico', 'programma', 'tenere', 'compagnia', 'anno', 'tempo', 'notte']",26.61344645862762,17.562154529504102,15.375325890813054,18.661051215623505,11.6657824386625,28.16256942170482,24.18307736447482,31.07918410152151,aspettativa
kf776lf,8,4,"['realtà', 'videogioco', 'film', 'serie']",2.2650925093671113,1.2957050587137295,1.1689073208840577,1.3041899515725563,0.7491824101013597,1.756915816579833,2.2918574672321608,2.4212445558197673,aspettativa
kf72jgt,4,4,"['incuriosire', 'gioco', 'film', 'gioco']",2.8518026320329746,0.7510232894443071,0.7067074701738209,0.9394576392663356,0.4617221129917923,1.7712975273844898,2.9062567398025125,2.6744412653203318,sorpresa
kf6zulk,58,46,"['dispiacere', 'dolore', 'stare', 'passare', 'passare', 'uomo', 'vita', 'avere', 'dubbio', 'uomo', 'vita', 'finire', 'giusto', 'film', 'piccolo', 'principe', 'mondo', 'rosa', 'rendere', 'speciale', 'attenzione', 'sentimento', 'affetto', 'provare', 'cosa', 'intendere', 'rosa', 'giusto', 'rosa', 'giusto', 'avere', 'dubbio', 'rendere', 'speciale', 'sentimento', 'attenzione', 'unico', 'persona', 'vita', 'sicuro', 'stare', 'tranquillo', 'tempo', 'guarire', 'tristezza', 'vicino']",26.780248813878334,15.749941970400448,12.518537840507678,16.19048533906583,9.726361375710708,26.927203178636688,22.962168753180944,28.55827994203073,aspettativa
kf6wo3q,29,22,"['tempo', 'condurre', 'contenuto', 'contenuto', 'bello', 'film', 'canale', 'contenuto', 'notte', 'film', 'autore', 'girare', 'poco', 'mezzo', 'voglia', 'basso', 'costo', 'cerebrale', 'replica', 'cielo', 'ruota', 'cosa']",10.080839595925791,7.677265880160218,6.4671591345682975,7.73590953569472,4.845961404679662,9.327587306350189,10.288397548030995,11.089677968556627,aspettativa
kf6rweb,21,19,"['legge', 'libro', 'guardare', 'film', 'lingua', 'originale', 'forum', 'inglese', 'giorno', 'continuo', 'lingua', 'inglese', 'armato', 'dizionario', 'storia', 'anno', 'provare', 'dare', 'anno']",10.219299188822067,5.770872024156434,5.181064785036754,6.567856562242255,3.7246662592905175,10.036259809455691,9.458416925615598,12.001691193870023,aspettativa
kf6n0db,9,9,"['vacanza', 'primo', 'boh', 'ricordo', 'mischiare', 'confondere', 'film', 'periodo', 'migliore']",4.782338312350016,2.8482807184885752,2.852928649727473,2.7962185017684638,1.8164104800228817,3.471258159295155,4.895889917521537,5.152092578880745,aspettativa
kf6d6ky,11,8,"['ritorno', 're', 'cinema', 'via', 'età', 'vedere', 'primo', 'film']",5.444364481756719,2.9888273853384457,2.5568319625594604,3.298939209341368,1.736483089971787,3.6233600704913194,4.335860611087054,5.2087672288179,gioia
kf6c41q,20,15,"['altro', 'giorno', 'riguardare', 'film', 'preferire', 'videogioco', 'approfittare', 'sconto', 'giorno', 'prendere', 'scaricare', 'piacere', 'ora', 'fan', 'videogioco']",8.21527289149489,4.975454933430967,4.840937508044226,5.666836618419989,3.0609104398380613,7.204874527745306,7.755235813577961,8.64258116952473,aspettativa
kf66v8e,32,23,"['giusta', 'osservazione', 'film', 'ricordare', 'titolo', 'trattare', 'argomento', 'difficoltà', 'pensare', 'fare', 'parte', 'arredamento', 'avere', 'valore', 'simbolico', 'dire', 'stare', 'mare', 'roba', 'matto', 'uso', 'sentire', 'caldo']",11.38296324636051,7.4621257900089395,6.943567256737309,8.65223913643222,5.22660683706839,11.187183528260025,10.563738743351015,12.757631368050347,aspettativa
kf64utm,5,2,"['massimo', 'film']",1.400410779661093,0.9027583334356746,0.8204279158606634,0.966961040038914,0.5703625412432449,1.0438059379063946,1.3400169328130955,1.2958718570855798,gioia
kf62kjv,21,14,"['canale', 'passare', 'film', 'simile', 'dottoressa', 'fare', 'schifo', 'sapere', 'bello', 'vecchio', 'tempo', 'limite', 'malattia', 'misterioso']",4.997965954172221,5.580606961724848,4.791162029773212,6.043193174405165,3.8984822916256054,5.691397079658617,6.504423961334714,6.759372813362296,aspettativa
kf5zzf6,8,5,"['vedere', 'ignorare', 'esistenza', 'film', 'gioco']",3.1517087093451055,2.069321279631608,1.9163673055386423,2.0900038015299067,1.548397991830008,2.3306377443893087,2.6606153530788137,3.116215230553502,gioia
kf5yp7s,5,4,"['naso', 'collezione', 'film', 'serie']",1.9856080251135286,1.0971027669101219,0.9132412566763133,1.0642272717139791,0.8510591612773831,1.5406985326766454,2.004602077804218,2.0906257548949365,aspettativa
kf5ufvg,16,12,"['avere', 'parte', 'computer', 'guardare', 'ammettere', 'vedere', 'paio', 'film', 'videogioco', 'recente', 'gente', 'fare']",6.558882845737528,3.747266508163423,3.6236804820730835,4.361058346885196,2.654601180418482,5.863428544155918,6.165388307271434,6.7406431189751785,aspettativa
kf5r2s6,45,34,"['scusare', 'termine', 'operazione', 'pagamento', 'roba', 'genere', 'suonare', 'film', 'terminale', 'posta', 'statale', 'esistere', 'avere', 'stare', 'fare', 'operazione', 'semplice', 'carta', 'presente', 'parere', 'esistere', 'roba', 'genere', 'gente', 'fare', 'finto', 'argento', 'anziano', 'fare', 'firmare', 'permettere', 'ritiro', 'distanza', 'conto']",14.592176491965112,13.171141552746331,10.650585628633088,13.395799178694794,8.26956848973565,15.97252172217233,14.912599847653615,19.198316436690074,aspettativa
kf5pfsp,13,9,"['follia', 'ricordare', 'volta', 'uscire', 'nuovo', 'film', 'dire', 'nuovo', 'canzone']",5.407725075585262,3.568492026950892,2.733631496306932,4.358725967666854,2.0322031220506007,3.732351151641808,4.971420271531573,4.872397112982123,gioia
kf5ohf2,10,6,"['informare', 'film', 'serie', 'sport', 'pensiero', 'super']",3.6029631209483153,1.916356783460806,2.1051644366363322,2.045960333768763,1.5752004679407383,3.045232369615838,3.5290167691987664,3.4917341788043252,gioia
kf5nqhg,22,17,"['guardare', 'documentare', 'sport', 'film', 'serie', 'guardare', 'tradizionale', 'anno', 'sbaglio', 'capitare', 'accendere', 'tipo', 'fare', 'mettere', 'passare', 'sembrare', 'perdere']",7.351947578491501,5.9049403664184545,5.746979606760367,6.44071342520597,3.6964968531765012,7.811893218997617,8.951360552846653,9.993956515067326,aspettativa
kf5kw3o,51,19,"['citazione', 'bello', 'film', 'avere', 'paura', 'offendere', 'futuro', 'tornare', 'gente', 'online', 'ingenuo', 'fare', 'raccontare', 'fatto', 'servire', 'prevenire', 'grande', 'domani', 'investimento']",9.527878502858394,7.078601449187271,6.8119270016034585,9.16409003327803,5.01337164319132,9.414219334756645,10.58103860843767,11.522764115328792,aspettativa
kf5goad,29,20,"['trend', 'rimanere', 'prevedere', 'aumento', 'numero', 'medio', 'mese', 'altro', 'pagamento', 'quarto', 'link', 'canale', 'film', 'pagamento', 'sembrare', 'vecchio', 'sapere', 'pagare', 'pagare', 'pagare']",7.782525658409991,6.8219773374061745,5.594164614750305,6.995812985762705,4.401433442783487,8.453322132327711,9.815272657958543,10.338568900152383,aspettativa
kf5fglc,12,9,"['vivo', 'sasso', 'film', 'fidanzato', 'casa', 'preferire', 'fare', 'palestra', 'leggere']",5.882608972438695,2.0294153344697694,2.1487824309013304,2.3541624317127914,1.3350525906135975,4.686781052192954,3.800503899206375,5.61673930124636,gioia
kf57tkm,4,4,"['domanda', 'spontaneo', 'vedere', 'film']",2.6561325437833334,1.3411880657231006,1.3995874710981688,2.0168072856732393,0.9589446348450417,1.9349709207786645,2.4253924737545463,2.4613410186176825,gioia
kf56b0s,11,10,"['volta', 'guardare', 'film', 'vedere', 'piangere', 'contesto', 'dire', 'pianto', 'occhio', 'lucido']",5.258334408931792,4.848338336297553,4.380072496499657,4.604255555738587,2.745462263002406,4.6558710474743386,4.79363402525671,5.414173912367363,aspettativa
kf54l8a,8,5,"['film', 'distribuire', 'genere', 'voto', 'minimo']",2.128870562457827,1.4533996784469227,1.1943719538500481,1.218250265179589,0.783992918500693,2.1377209042431167,1.8370206265945472,2.92539676086856,aspettativa
kf54jeb,22,14,"['capire', 'servizio', 'film', 'circolazione', 'arrivare', 'uscire', 'interessante', 'riguardare', 'orizzonte', 'ultimo', 'fare', 'abbonamento', 'mensile', 'pubblicità']",7.204751505979461,4.65039985718792,4.059353867474986,4.646196003535479,3.036655307063398,6.436517570439897,6.019899759187022,7.937898372077158,aspettativa
kf541d1,24,17,"['avere', 'intervento', 'fare', 'causa', 'malattia', 'citare', 'provare', 'entrare', 'cogliere', 'occasione', 'divano', 'bello', 'film', 'volta', 'avere', 'compagnia', 'punto']",8.867061933580255,4.351978575252266,4.247743152753543,6.394165093373303,2.5907525533215385,8.962817103025342,9.008699830567355,10.009013906427086,aspettativa
kf4zace,53,39,"['recente', 'comprare', 'mini', 'risparmiare', 'bolletta', 'luce', 'venire', 'voglia', 'giocare', 'fisso', 'mese', 'noia', 'problema', 'personale', 'guardare', 'video', 'film', 'consumo', 'energetico', 'inutile', 'avere', 'buono', 'risolvere', 'fastidioso', 'consumo', 'energetico', 'comprare', 'mini', 'schermo', 'sapere', 'metodo', 'fare', 'risparmiare', 'mese', 'bolletta', 'provare', 'pensare', 'positivo', 'volta']",19.631752149040306,12.17854304896366,11.523295578118262,11.924658758658694,8.256283227543872,18.323938344130283,18.053222852126947,23.484933738751838,aspettativa
kf4xzm4,28,22,"['sollevare', 'altro', 'problema', 'vecchio', 'diventare', 'fornitore', 'servizio', 'digitale', 'restringere', 'via', 'via', 'tipo', 'titolo', 'rendere', 'disponibile', 'roba', 'mettere', 'conseguenza', 'cultura', 'cinematografico', 'film', 'diventare']",9.585817989751693,8.853554261898413,7.39868767494327,9.103349291948456,5.410413897733882,10.915214462960591,10.171132253138673,12.545064015299623,aspettativa
kf4wcpk,22,18,"['finestra', 'cortile', 'madre', 'caldo', 'mortale', 'stare', 'fresco', 'aria', 'pronto', 'uscire', 'fare', 'capriccio', 'durata', 'film', 'punta', 'sedia', 'tipo', 'anno']",10.02180853021192,5.257472362507702,4.031292182293024,5.7313630810615575,2.767085556954618,8.733527574104329,7.737697363997633,10.146797964196802,aspettativa
kf4ug3q,17,8,"['importante', 'protagonista', 'film', 'avere', 'puntata', 'occhio', 'cuore', 'vedere']",5.720160773047945,2.8153152053822326,2.525360343874337,3.0266120602223303,1.6383299443152888,4.467293334371867,4.22690947033156,5.041938677470393,gioia
kf4sudt,54,40,"['solitario', 'anno', 'mancanza', 'voglia', 'trovare', 'cena', 'nonno', 'lasciare', 'andare', 'letto', 'ora', 'casa', 'fumare', 'bello', 'sparare', 'spazio', 'guardare', 'film', 'doccia', 'letto', 'anno', 'pensare', 'rendere', 'cosa', 'andare', 'montagna', 'cazzo', 'amico', 'buono', 'rapporto', 'sentire', 'poco', 'compagnia', 'avere', 'mancare', 'preferire', 'stare', 'cazzo', 'mezzo', 'casino']",21.499368879131318,16.055823187687118,13.578959615520183,14.81811747887446,9.671855671720568,19.873291956618253,19.63707424236995,22.568020280211844,aspettativa
kf4qpbn,35,30,"['valere', 'relazione', 'bello', 'amare', 'fare', 'vedere', 'film', 'scegliere', 'amare', 'cosa', 'stupendo', 'rompere', 'relazione', 'operazione', 'cuore', 'aperto', 'dare', 'ricevere', 'soffrire', 'pensare', 'concedere', 'minimo', 'rispetto', 'trattare', 'sentimento', 'cambiare', 'avere', 'decenza', 'posto', 'soffrire']",17.048214354049573,11.140955364841336,9.630889269352844,12.028958172008002,6.625358814434569,16.11673797500054,14.003443065391098,17.22281305361152,aspettativa
kf4h56h,64,42,"['accordo', 'caso', 'persona', 'cogliere', 'usare', 'ambiente', 'crescere', 'minimo', 'parlare', 'persona', 'capire', 'dire', 'genio', 'persona', 'pensare', 'parlare', 'mangiare', 'fare', 'capire', 'esempio', 'sembrare', 'film', 'fare', 'ragione', 'vivere', 'tenere', 'scrittura', 'dialogo', 'stesso', 'stesso', 'fare', 'amicizia', 'nuovo', 'bisognare', 'ignoranza', 'bisognare', 'lotta', 'anno', 'anticipo', 'anno', 'cultura', 'soddisfazione']",22.97567219737142,12.699946910811985,11.262491164656634,13.524506512076261,8.318586776156483,23.737976806073014,20.566454870617115,26.17819497876819,aspettativa
kf4g0dj,9,6,"['cazzo', 'fregare', 'video', 'avere', 'parte', 'film']",2.5590409535852796,2.4690958060589736,3.011995087755082,2.921207979360296,2.1805579988269623,1.997086545556019,3.3845540023130947,2.7572471348273355,sorpresa
kf4folr,11,10,"['pubblicità', 'mezzo', 'film', 'odioso', 'massimo', 'giusto', 'minuto', 'metà', 'andare', 'bagno']",5.068397806347811,3.2979381283651814,3.226041318800358,3.2133373344299674,3.0505686809726296,4.4190745781749134,4.512243156299039,5.743530882429454,aspettativa
kf4feav,10,9,"['prima', 'video', 'avere', 'film', 'classico', 'moderno', 'avere', 'serie', 'successo']",5.435836667926425,2.49643965667265,2.2739683226780274,3.160203480801331,1.4556650234310777,5.4558487683999815,4.487164476621053,5.522870434718282,aspettativa
kf4ebkc,8,8,"['vero', 'avere', 'ragione', 'disporre', 'pubblicità', 'bastare', 'inizio', 'film']",4.778355992303799,2.4318386085602706,2.228540490298343,2.9057868112066085,1.6549642735942591,5.246148910314981,3.9417566557497543,5.423615275765856,aspettativa
kf4c7bq,4,3,"['guardare', 'pubblicità', 'film']",1.5669742265229887,1.1645737431885708,1.021363124239313,1.1031549907714595,0.95703199412927,1.304433974716987,1.8003955620881027,2.0784824329607754,aspettativa
kf4bdn2,26,15,"['vedere', 'roba', 'superiore', 'film', 'valido', 'uscire', 'mezzo', 'mettere', 'disposizione', 'profilo', 'primo', 'gratuito', 'prodotto', 'vincere', 'vedere']",9.065259367423165,3.5603634522052845,3.548760993250582,4.181372012701611,3.106284334914784,7.57617340185566,7.830837002264587,9.05608138074513,gioia
kf4aqwf,6,5,"['pubblicità', 'inizio', 'fine', 'film', 'mezzo']",2.355892750808299,2.260195973684856,1.9625545221466467,2.479367786832881,1.6488126712385751,2.1045738936044014,2.6022134064732527,2.8307608582054775,aspettativa
kf499lz,76,59,"['provare', 'normale', 'attraversare', 'momento', 'sentire', 'mancare', 'terra', 'piede', 'passare', 'amare', 'desiderare', 'umano', 'valore', 'importanza', 'pensiero', 'cuore', 'legittimo', 'dolore', 'fine', 'restare', 'lucido', 'bere', 'assumere', 'sostanza', 'prendere', 'servire', 'guarire', 'guarire', 'pensare', 'obiettivo', 'palestra', 'legge', 'libro', 'cosa', 'richiedere', 'azione', 'attivo', 'cervello', 'passivo', 'film', 'aiutare', 'serie', 'priorità', 'pensiero', 'obiettivo', 'amare', 'nuovo', 'persona', 'importante', 'mondo', 'stesso', 'pensiero', 'cambiare', 'lasciare', 'perdere', 'bello', 'appassionare', 'piacere', 'fare']",33.35133323165557,21.757984789869784,19.18998375857293,23.38173467791065,13.789298264495587,32.165515138654996,29.64665770536896,35.72862357972641,aspettativa
kf45uts,10,5,"['usato', 'tonnellata', 'film', 'migliore', 'stronzata']",2.120529513614974,1.9672712099137817,2.115085739255518,2.0009987342810436,1.5100797795860534,1.8348167818586625,2.279511536366191,2.9951164304645888,aspettativa
kf43zw2,33,26,"['vedere', 'modello', 'italiano', 'pagamento', 'canale', 'cazzo', 'serie', 'film', 'anno', 'messa', 'onda', 'modello', 'americano', 'via', 'cavo', 'costoso', 'utente', 'pubblicità', 'fare', 'utile', 'inventare', 'sembrare', 'cosa', 'ritornare', 'cambio', 'tecnologia']",12.572774832378013,8.065192391544757,7.037139184031231,7.350628873308901,5.805554273645842,11.883132381397388,12.264949023376957,14.130919304633476,aspettativa
kf43tlh,4,3,"['protagonista', 'film', 'vita']",2.1874992811281864,0.8418712491853706,0.6147848621234269,0.9386281017433625,0.40848852757502335,1.5121062524674729,1.5574922961231206,1.8904536226220479,gioia
kf4382q,6,6,"['avere', 'recensione', 'recente', 'parlare', 'film', 'completo']",3.6768758664347643,2.210552200562371,2.069846374399325,2.3548349171124814,1.2570286108314255,3.979033001197613,3.130744562035124,4.1371864529959765,aspettativa
kf42zea,14,9,"['film', 'videogioco', 'fare', 'stronzata', 'speranza', 'giornale', 'fare', 'post', 'pubblicità']",4.573298620719183,2.5361034692042663,2.6208972741200145,2.6694667902710365,2.1566483255531974,4.04613060036481,4.345178710927519,5.572054491520033,aspettativa
kf428w2,23,20,"['anno', 'avere', 'problema', 'guardare', 'affittare', 'trovare', 'roba', 'sembrare', 'uscire', 'film', 'minuscola', 'mensile', 'minimo', 'zona', 'peggiore', 'fortuna', 'avere', 'anno', 'fine', 'contratto']",8.488739536652682,7.410918357727274,6.9970375699826555,7.844448926126788,4.940635293656343,9.155488769705517,9.326324752963112,11.65279026450827,aspettativa
kf423a6,16,13,"['articolo', 'sbagliato', 'messaggio', 'spiegare', 'realtà', 'altro', 'film', 'avere', 'stesso', 'codice', 'anno', 'avere', 'mano']",6.024586330847256,3.661653944017762,3.8631324025640845,5.1169718638352375,2.4666429345072203,6.7693462364219235,6.711629537903225,7.503525810665355,aspettativa
kf3z700,31,28,"['esprimere', 'stesso', 'pensiero', 'amare', 'amare', 'primo', 'periodo', 'primo', 'anno', 'amore', 'maturare', 'diventare', 'padre', 'sorella', 'migliore', 'amico', 'fidanzato', 'anno', 'scegliere', 'mattina', 'svegliare', 'scegliere', 'amare', 'giorno', 'giorno', 'amore', 'vedere', 'film']",18.74638514548384,9.443426870559254,7.367887585593672,9.585815419549935,4.210623928906799,17.2096213172441,13.793217285680955,19.24832229984759,aspettativa
kf3w6zs,34,27,"['sembrare', 'grande', 'donna', 'vita', 'esistere', 'film', 'donna', 'valorizzare', 'permettere', 'stesso', 'accettare', 'limite', 'punto', 'forza', 'donna', 'vita', 'cosa', 'accessorio', 'primo', 'parte', 'cercare', 'amante', 'vuoto', 'mancare', 'manica', 'cercare', 'soluzione']",13.947295720734827,8.134501427812163,7.9988760297242845,8.455119823319128,4.334461518363124,13.987869074316599,12.981102507252604,16.29818545606717,aspettativa
kf3lz5a,60,49,"['macchina', 'film', 'americano', 'macchina', 'lavoro', 'dare', 'cultura', 'lavoro', 'fare', 'ora', 'giorno', 'macchina', 'andare', 'ufficio', 'fare', 'cosa', 'fare', 'casa', 'lavorare', 'ragionamento', 'comprare', 'casa', 'permettere', 'mutuo', 'sentire', 'parlare', 'gente', 'spaccare', 'schiena', 'stipendio', 'fame', 'acquisire', 'fare', 'vita', 'bastare', 'organizzare', 'spesa', 'vivere', 'possibilità', 'spendere', 'cosa', 'essenziale', 'fare', 'splendido', 'euro', 'persona', 'mettere', 'foto', 'permettere']",26.286561613284395,14.646122389682573,12.377125342699017,14.286977767502734,8.995757366866243,27.42704177699254,23.004838813518344,30.0977349949839,aspettativa
kf1r8it,100,83,"['organizzazione', 'pulizia', 'efficienza', 'paragonare', 'significare', 'volere', 'città', 'reggere', 'paragone', 'unico', 'città', 'fondare', 'nome', 'città', 'idea', 'potere', 'unico', 'luogo', 'mondo', 'capitale', 'mondo', 'volta', 'perso', 'status', 'capitale', 'religione', 'caso', 'unico', 'luogo', 'mondo', 'capitale', 'sovrano', 'tedesco', 'avere', 'ambizione', 'potere', 'impero', 'sacro', 'romano', 'creare', 'imperiale', 'figlio', 'titolo', 'americano', 'contingente', 'ambizione', 'avere', 'creare', 'stile', 'classico', 'continuare', 'giorno', 'servire', 'paese', 'paese', 'europeo', 'servire', 'rappresentare', 'consigliare', 'visione', 'film', 'santo', 'grazie', 'primo', 'luogo', 'altro', 'città', 'italiano', 'luogo', 'affascinante', 'diverso', 'ricco', 'romano', 'scegliere', 'anno', 'dire', 'punto', 'vista', 'lavorativo', 'settore', 'offrire', 'pagare', 'costare']",42.39232029690808,25.643408411294715,25.24116371178901,28.238105733936507,18.235051357753424,44.05022339227533,38.79862109812216,50.673098850277285,aspettativa
kf1g092,5,3,"['infinito', 'libro', 'film']",1.9518945828532586,1.0380310495897502,0.8614566456741906,1.2052983029578677,0.6481227689638338,1.3123686670601016,1.8660150019903403,2.0720767728837997,aspettativa
kf1ejk0,30,27,"['ricordare', 'arrestare', 'membro', 'banda', 'armato', 'fare', 'guerra', 'controllo', 'droga', 'cittadino', 'fare', 'guerra', 'cinese', 'ammazzare', 'colpo', 'pistola', 'film', 'scorso', 'anno', 'tagliare', 'braccio', 'operatore', 'metropolitano', 'cittadina', 'cosa', 'riprendere', 'nazionale']",9.32502653225034,12.8078034281892,12.45139779656153,12.933230299234747,9.94061322737828,9.853591946759545,11.244805732213557,11.55927673165905,paura
kf179ut,30,22,"['film', 'guardare', 'staccare', 'cervello', 'problema', 'etico', 'stare', 'storia', 'legale', 'pensare', 'dire', 'test', 'fare', 'chiedere', 'giro', 'cosa', 'commento', 'altro', 'caso', 'singolo', 'vita', 'privato']",9.948353491627302,7.855260650140343,7.3929505887158395,9.173527421419557,5.121156655910439,10.34887181690697,10.758768867736945,11.950239395372552,aspettativa
kf16y6y,15,14,"['inizio', 'anno', 'andare', 'moda', 'film', 'italiano', 'avere', 'anno', 'tipo', 'vedere', 'porre', 'domanda', 'etico', 'giusto']",7.7871510596329045,4.134251663283175,3.531323650902553,4.789717472366749,2.4951655568900164,8.345928737591343,6.4371979902253464,9.487949160281222,aspettativa
kf0s1h0,6,4,"['letto', 'film', 'scorrere', 'chiuso']",1.9700431774799987,2.0188045153748044,1.481682555335873,1.8593774202727231,0.9150490383239551,1.9452986401584809,1.7885370947255694,2.379559383927462,aspettativa
kf00o4p,136,97,"['base', 'andare', 'trend', 'significativo', 'parte', 'carico', 'lavoro', 'netto', 'velocità', 'fare', 'roba', 'servire', 'roba', 'prendere', 'roba', 'economico', 'corrente', 'anno', 'prezzo', 'anno', 'fare', 'vedere', 'costare', 'rinnovare', 'comprare', 'limite', 'strategia', 'base', 'durare', 'anno', 'giocare', 'uso', 'fare', 'anno', 'fare', 'conto', 'avere', 'spendere', 'passato', 'vedere', 'sorta', 'equilibrio', 'ideale', 'prezzo', 'fluido', 'cosa', 'lato', 'spingere', 'vendere', 'roba', 'costare', 'utente', 'durare', 'fare', 'guadagnare', 'utente', 'medio', 'credere', 'gente', 'fare', 'film', 'fisso', 'vecchio', 'arrivare', 'vecchio', 'nuovo', 'sostituire', 'riuscire', 'conto', 'riuscire', 'vendere', 'macchina', 'fascia', 'alto', 'fare', 'servire', 'tempo', 'scelta', 'componente', 'fare', 'macchina', 'pancia', 'roba', 'valore', 'mettere', 'inutile', 'mercato', 'usato', 'lucrare', 'cambiare', 'servire', 'volta', 'costare', 'valere', 'scelta', 'componente', 'interno']",42.872525503332604,30.15912767681894,26.722686854666602,32.107730553465785,18.91060939826688,47.5895558923534,43.48293923179896,55.695217480632174,aspettativa
kezzkqj,4,2,"['metà', 'film']",1.234969325035201,0.8418710658545575,0.5600211927678698,0.757556250482517,0.3687549624727987,0.8825886256664564,1.131075100492812,1.1911696704516919,gioia
kezdjrf,63,54,"['avere', 'vita', 'parte', 'tempo', 'lavoro', 'progetto', 'personale', 'riguardare', 'lavoro', 'fare', 'gioco', 'videogioco', 'film', 'serie', 'fine', 'settimana', 'piacere', 'preparare', 'pizza', 'genitore', 'pensare', 'particolare', 'volta', 'periodo', 'andare', 'uscire', 'massimo', 'dire', 'fare', 'passeggiata', 'prendere', 'poco', 'aria', 'futuro', 'piano', 'migliorare', 'lavoro', 'sperare', 'assumere', 'azienda', 'teoria', 'lavorare', 'distanza', 'casa', 'fare', 'unico', 'soluzione', 'avere', 'possibilità', 'spezzare', 'vita', 'vivere', 'nuovo', 'esperienza']",31.692315916479544,18.229473832063608,14.883720645890824,18.615921185960058,10.278789261224425,30.306626966810146,26.09575429239954,36.15555282883186,aspettativa
kezb5ve,19,18,"['diritto', 'cercare', 'produttore', 'concludere', 'saga', 'altro', 'stagione', 'film', 'sapere', 'riuscire', 'portare', 'cosa', 'costoso', 'realizzare', 'termine', 'effetto', 'mettere', 'scena']",9.563370967733137,6.465095867274109,5.113711973516076,6.778109267623211,3.6584457344053387,9.530928860970956,9.122883424994527,11.38999906697109,aspettativa
kez8x6y,12,9,"['fare', 'film', 'ottenere', 'permesso', 'unico', 'notare', 'tono', 'uniforme', 'arma']",4.723045046880745,2.630072657713761,2.9242866062173665,3.5111224171812316,2.140205297187091,3.679052071128482,4.147614749396763,4.641673771801702,gioia
kez5u7q,36,27,"['prezzo', 'film', 'sentire', 'soddisfare', 'vedere', 'sembrare', 'classico', 'pizza', 'americano', 'senso', 'sovraccarico', 'bastare', 'pizza', 'americano', 'film', 'sci', 'piattaforma', 'parte', 'regista', 'ottimo', 'lasciare', 'mano', 'libero', 'fare', 'caos', 'lato', 'positivo']",12.895714995339882,7.875517768187699,7.08337887277015,8.07804759066599,4.734574031677836,12.099119732605079,12.336163894710594,13.690967113432439,aspettativa
kez50mp,2,2,"['film', 'serpente']",0.6947298699361201,0.7961355613322318,1.0009592269104493,1.3795514145693097,1.0697350357932585,0.3255355833969779,0.8403509020108437,0.6289322477087445,paura
keywqun,49,34,"['serie', 'televisione', 'parte', 'serie', 'cimitero', 'cinematografia', 'generale', 'riassumere', 'storia', 'primo', 'episodio', 'vuoto', 'contenuto', 'colare', 'episodio', 'durare', 'metà', 'ultimo', 'episodio', 'problema', 'serie', 'problema', 'persona', 'stare', 'divano', 'minuto', 'vedere', 'film', 'interessante', 'vedere', 'episodio', 'serie', 'fare', 'cagare']",15.210714260864952,13.960064316136844,11.614967385097621,12.290884367602375,8.267043917676475,13.723798063734574,15.550420229653792,17.447601613521943,aspettativa
keyvpt4,13,9,"['reggere', 'film', 'brutto', 'sembrare', 'tagliare', 'ora', 'fare', 'serie', 'esistere']",3.521791800583254,3.452486549531592,2.7777533854524132,2.939415884233013,1.8249950681481817,3.960232948949687,3.877530279827063,5.029445417390595,aspettativa
keyvbug,6,6,"['estendere', 'conto', 'mancare', 'ora', 'film', 'minimo']",1.7921317447425233,3.029217742349589,2.101380457521252,2.54373313497588,1.1067550939280735,2.3433607088705095,2.5015219764260195,3.1683787089149806,aspettativa
keyu3o4,36,30,"['trarre', 'conclusione', 'cagare', 'fare', 'film', 'ottenere', 'permesso', 'tagliare', 'ora', 'film', 'possibile', 'fare', 'stare', 'trama', 'personaggio', 'volare', 'velocità', 'luce', 'finale', 'dare', 'tempo', 'fisico', 'apprezzare', 'combattimento', 'parte', 'eccezione', 'tipo', 'abominevole', 'caso', 'esagerare']",14.642455974592023,9.316289805027774,8.61907969093378,11.172556357546922,6.372790358617834,14.359020791743749,14.933984898812648,18.0687479904844,aspettativa
keytyf7,62,42,"['impronta', 'digitale', 'fare', 'sbloccare', 'telefono', 'facile', 'metodo', 'accesso', 'ricordare', 'vedere', 'usare', 'banale', 'incidente', 'cambiare', 'vedere', 'film', 'incluso', 'spacciare', 'sicuro', 'legge', 'spinta', 'sicurezza', 'caso', 'furto', 'fare', 'fornire', 'telefono', 'utente', 'salvare', 'casetta', 'rete', 'mobile', 'sistema', 'evoluzione', 'successivo', 'fare', 'bloccare', 'servizio', 'avere', 'salvare', 'telefono', 'personale']",21.232388946038363,12.504810750567781,12.282909782605152,15.82167058347019,9.571136739190274,23.85227092665445,20.49128146358802,24.846733392215615,aspettativa
keyqly9,9,5,"['fare', 'film', 'mentale', 'paese', 'vedere']",3.116471498211936,1.6935484858948546,1.273417350517347,1.4750058470761682,1.0555188181886093,2.6321226591285223,2.5072205116435273,3.272231292813416,aspettativa
keyqlqb,13,11,"['fare', 'marito', 'film', 'leggere', 'bello', 'recensione', 'bello', 'sprecare', 'ora', 'tempo', 'film']",5.807465709225152,4.169422890500786,3.1729779073986597,3.543085286649333,1.9982842649307955,4.943572315486265,5.4877968716058225,6.91259952424692,aspettativa
keypjzj,12,8,"['sceneggiatura', 'film', 'rifiutare', 'fare', 'portare', 'dimostrare', 'fare', 'errore']",2.8218612400502394,2.656262825053358,2.5944606476262604,2.8986819224031235,1.8559710427145828,3.578582383470893,3.6352067167741984,5.150466519045021,aspettativa
keynm4b,4,3,"['migliore', 'film', 'italiano']",1.763336375572745,1.0518800614247308,0.9485190823282541,0.8592133390081497,0.6902832507840608,1.1422557534692859,1.2328219292776876,1.6776833150470072,gioia
keykl7o,21,19,"['realtà', 'esistere', 'libro', 'scrivere', 'leggere', 'sapere', 'film', 'simile', 'libro', 'fare', 'ricerca', 'scoprire', 'libro', 'videogioco', 'sviluppare', 'sicuro', 'avere', 'collegamento', 'film']",11.323360064036697,5.7163584337484705,5.378007183560718,6.4295399171993415,3.869716801759216,10.721989059533872,10.584042546334294,12.913455366226142,aspettativa
keyji0s,15,11,"['trama', 'vista', 'rivedere', 'miliardo', 'volta', 'sapere', 'guerra', 'vendetta', 'banale', 'film', 'punto']",4.7023555372486365,3.974845794404394,4.136634277295733,3.7464209503578356,3.3217367816122394,4.138503093427229,4.962450207492953,5.861960104805292,aspettativa
keximqq,29,21,"['anno', 'toccare', 'discussione', 'casa', 'giorno', 'toccare', 'subire', 'bello', 'svegliare', 'fare', 'colazione', 'passeggiare', 'natura', 'cane', 'tornare', 'cenare', 'film', 'lavoro', 'impegnare', 'spendere', 'tempo']",12.731259177530161,7.128017982794198,5.7393382663796855,7.0410916885146,4.049662545273263,11.24999135580987,10.260924858831906,12.841662066708171,aspettativa
kexem0k,25,17,"['proposito', 'impatto', 'culturale', 'esistere', 'sentire', 'vedere', 'citare', 'ricordare', 'film', 'impatto', 'mare', 'gente', 'andare', 'vedere', 'miliardo', 'dollaro', 'giorno']",10.191538054917967,6.064027780500701,5.0011363226001055,5.947816401177971,3.498064984377732,8.609992738517892,8.331671085858751,9.54704721698982,gioia
kexagad,166,134,"['liceo', 'misero', 'classe', 'palazzo', 'normale', 'scuola', 'merda', 'totale', 'piano', 'classe', 'stare', 'laboratorio', 'vuoto', 'porta', 'panico', 'chiuso', 'tanto', 'andare', 'pianerottolo', 'piano', 'superiore', 'perdere', 'tempo', 'fumare', 'finestra', 'giorno', 'piano', 'conto', 'porta', 'aprire', 'diventare', 'rifugio', 'fumare', 'canna', 'morire', 'compagno', 'buttare', 'strada', 'ridere', 'cosa', 'periodo', 'frequentare', 'piano', 'fare', 'cosa', 'chiudere', 'sistemare', 'dare', 'chiudere', 'aprire', 'porta', 'giorno', 'arrivare', 'aspettare', 'pianerottolo', 'piano', 'giorno', 'scala', 'partire', 'gioco', 'mano', 'piano', 'porta', 'principale', 'stanza', 'rifugio', 'salotto', 'merda', 'muro', 'tipo', 'film', 'sangue', 'impronta', 'mano', 'marrone', 'merda', 'stronzo', 'gigante', 'terra', 'primo', 'momento', 'provare', 'terrore', 'puro', 'tipo', 'uscire', 'buio', 'prendere', 'ridere', 'chiamare', 'amico', 'ridere', 'parlare', 'signore', 'fumare', 'bagno', 'dire', 'sapere', 'aprire', 'chiudere', 'porta', 'dare', 'avere', 'chiave', 'toccare', 'pulire', 'momento', 'saltare', 'tornare', 'usare', 'pianerottolo', 'chiedere', 'teoria', 'fare', 'concludere', 'spostare', 'sicurezza', 'provare', 'classe', 'seguire', 'fatto', 'stare', 'gente', 'altro', 'teoria', 'entrare', 'notte', 'stare', 'porta', 'esterno', 'cancello', 'interno', 'vedere', 'boh']",61.26926808963202,45.17162826755948,41.82107793506718,53.81667313410307,33.65846262626005,65.1209210030984,63.574669246060886,71.23990752418047,aspettativa
kexa8y0,14,9,"['riuscire', 'fare', 'film', 'media', 'carriera', 'cosa', 'nome', 'film', 'film']",4.823169317191529,3.2084620162314366,2.59050362893195,3.5803374436410165,1.9801553806562302,4.082572832183179,4.4842089558477864,5.47030816085865,aspettativa
kex7y01,30,22,"['vedere', 'punto', 'curioso', 'sembrare', 'regista', 'fare', 'film', 'brutto', 'percepire', 'passione', 'fare', 'film', 'azienda', 'finire', 'prodotto', 'opera', 'avere', 'poco', 'sparire', 'primo', 'vedere', 'pensare']",11.177722289400686,7.885497801074691,6.613051044698227,6.941096745744649,4.214539331970737,9.834015026014933,10.596264358801912,13.726205198972496,aspettativa
kex7f5k,2,1,['film'],0.6555871386748866,0.5348626256434147,0.4428678233888925,0.5634105258207514,0.2786202049602042,0.2656593396527435,0.6170213862130943,0.5404521847039313,gioia
kex5jfc,29,21,"['film', 'vedere', 'anno', 'vedere', 'sapere', 'film', 'vuoto', 'banale', 'dialogo', 'raccontare', 'universo', 'creato', 'sostanza', 'personaggio', 'aprire', 'bocca', 'raccontare', 'film', 'battuta', 'film', 'migliore']",12.21783347953495,6.422134015838442,5.249211808878497,6.98995067407181,4.3341855338392286,8.610844181809265,11.566655745474426,11.601811428045258,gioia
kex53o3,9,7,"['girare', 'film', 'altro', 'genere', 'fare', 'film', 'riuscire']",3.9039654441596645,1.7769762756406895,1.6673245803859869,2.6070872387050787,1.085774432540692,3.071812934546359,3.9414498959728057,4.232654450317256,aspettativa
kex2b97,12,9,"['trattare', 'sceneggiatura', 'girare', 'trovare', 'uso', 'film', 'fare', 'cagare', 'sorprendere']",4.426182849667405,2.206889819937431,2.4038899039647053,3.07456350345616,1.8987570612127072,3.8388173774018974,4.965382055731967,5.181620682065293,aspettativa
kex17lu,6,5,"['unico', 'cosa', 'uscire', 'film', 'merda']",2.7634634794295,1.9235891841881179,1.787002487413456,1.7606446961073932,1.799345880381202,1.817864815395336,2.3086118040216546,2.421354745848011,gioia
kex1432,2,2,"['dormire', 'film']",1.41888770629128,0.7891105096613946,0.5379251154652456,0.7332647650525931,0.35485053861617255,0.7581164143380805,1.0555226429203273,1.0585587192104646,gioia
kex0kek,14,14,"['livello', 'visivo', 'bravo', 'avere', 'idea', 'scrivere', 'storia', 'unico', 'film', 'bello', 'storia', 'scritto', 'scatenare', 'fotografia']",8.761399321608625,4.7056840282894505,4.44108400178036,5.008704476910573,2.8395300991379653,7.478148002963597,8.034922837146292,8.59588810498411,gioia
kex04k5,12,8,"['capire', 'riuscire', 'avere', 'stare', 'regista', 'film', 'immagine', 'sostanza']",5.221374165408599,2.386577539081281,2.380785498362908,3.0121949270692108,1.6121089864056244,4.724810944746573,4.6824873796497,5.1556359399674605,gioia
kewy4rm,64,49,"['fare', 'sembrare', 'credere', 'persona', 'enorme', 'film', 'altezza', 'aspettativa', 'trama', 'ideare', 'succedere', 'primo', 'film', 'inserire', 'versione', 'cosa', 'accadere', 'indicare', 'motivazione', 'protagonista', 'terribile', 'strano', 'tipo', 'proiettile', 'stile', 'resto', 'fare', 'schifo', 'avere', 'netto', 'impressione', 'rilasciare', 'film', 'cambiare', 'ordine', 'scena', 'andare', 'riempire', 'buco', 'trama', 'parte', 'inutile', 'giudicare', 'prodotto', 'finito', 'unico', 'cosa', 'sperare', 'capolavoro']",23.623529653846944,14.83671738573117,13.36932124576021,18.047989430448563,11.307796514118651,21.631808403306096,23.144927619316256,27.65503260486096,aspettativa
kewwxi1,12,10,"['paragonare', 'scrivere', 'film', 'sceneggiatura', 'rifiutare', 'film', 'indipendente', 'entrare', 'premessa', 'identico']",4.816361408061234,3.7942621590955654,3.461830461859832,3.7714332018400984,2.205607631594493,4.048184123708607,5.606277192240244,5.86201406709454,aspettativa
kewwal8,11,8,"['chiedere', 'fare', 'bello', 'film', 'chiedere', 'vincere', 'gara', 'culo']",4.653410873288722,1.652390756434019,1.48869630826156,2.6190594675414034,1.0646062350720822,4.069081810909852,4.598396942829603,5.380489589432906,aspettativa
kewnnbt,35,31,"['vivo', 'ultimo', 'episodio', 'ricordare', 'tipo', 'smettere', 'ascoltare', 'musica', 'cantante', 'uomo', 'film', 'uomo', 'ricordo', 'anno', 'votare', 'spendere', 'soldo', 'cantante', 'donna', 'provare', 'fare', 'eliminare', 'concorrente', 'uomo', 'boh', 'incazzare', 'cosa', 'lasciare', 'minimo', 'segno', 'testa']",14.183790155184802,13.694192526528411,12.67395618340495,12.869075449130754,8.997442564825663,12.986993220296913,14.846592684516708,16.500649452644726,aspettativa
kewe3a1,11,9,"['innamorato', 'parlare', 'vita', 'fare', 'film', 'testa', 'persona', 'invenzione', 'amore']",5.88955911554794,2.8005170653697498,2.2656293141988417,2.982875283770131,1.445345398436137,5.54243305931209,4.7813032823663555,6.152025228569312,aspettativa
kew9skm,54,46,"['volere', 'relazione', 'solido', 'sincero', 'ragazza', 'vedere', 'fine', 'estate', 'sapere', 'ritenere', 'sfigato', 'fallire', 'avere', 'vita', 'sociale', 'beh', 'persona', 'giusto', 'avere', 'fare', 'caso', 'esistere', 'persona', 'scegliere', 'stare', 'solo', 'venerdì', 'sabato', 'guardare', 'film', 'leggere', 'libro', 'andare', 'grande', 'città', 'aiutare', 'tornare', 'patria', 'situazione', 'restare', 'conoscere', 'amicizia', 'conoscenza', 'dire', 'volta', 'separare']",26.08143392225407,16.894346066171032,14.2670806379584,16.676458003920903,9.594595635648677,25.808430443035586,21.926211170886038,28.542852069543336,aspettativa
kew5vpg,12,11,"['minchia', 'brutto', 'primo', 'appuntamento', 'casa', 'vedere', 'film', 'accettare', 'proporre', 'scena', 'simile']",6.273074900401978,4.080313929091106,3.8674341002669306,3.938577936048275,2.922712961103419,4.710875642643355,5.629377411687705,5.9238591384168835,gioia
kevukpe,33,28,"['vario', 'livello', 'timidezza', 'timidezza', 'vero', 'ansia', 'fobia', 'sociale', 'avere', 'paura', 'ombra', 'curiosità', 'uomo', 'timido', 'sexy', 'grazie', 'opera', 'tipo', 'film', 'libro', 'anima', 'serie', 'idea', 'avere', 'esperienza', 'diretto', 'tipo', 'conoscere']",14.10880621785416,9.357637884070515,8.503067116961372,13.755281443241424,6.5167556111976355,14.534541814781976,14.588509512529303,16.432271649321798,aspettativa
kevm2h9,6,5,"['assumere', 'cattivo', 'film', 'bambino', 'piccolo']",2.5495550529466784,1.6236789081915053,1.7168087339652656,2.049840468731217,1.3076485133858198,1.8163262188562335,2.8057640654176725,2.383647942070429,sorpresa
kevlrq4,35,26,"['avere', 'ragione', 'ragazzo', 'conoscere', 'uomo', 'esistere', 'storia', 'amore', 'esistere', 'uomo', 'mondo', 'ragazza', 'insegnare', 'avere', 'paura', 'conoscere', 'mazzo', 'fiore', 'solo', 'gusto', 'fare', 'fare', 'colpo', 'approccio', 'funzionare', 'film']",15.905777939363201,8.8000850862625,8.913418906444182,10.801959872234892,5.970581265999671,15.357081851589449,14.697076815195123,16.85200531559971,aspettativa
kevjbnb,53,43,"['partire', 'convinto', 'riuscire', 'cambiare', 'scusa', 'cambiamento', 'ottenere', 'diventare', 'primo', 'credere', 'stesso', 'facile', 'impossibile', 'solo', 'fatto', 'difficoltà', 'volere', 'enorme', 'passo', 'avanti', 'fare', 'scusa', 'andare', 'perdere', 'soffrire', 'cosa', 'fare', 'emozione', 'sentimento', 'grado', 'iniziare', 'andare', 'stesso', 'guardare', 'film', 'corso', 'parlare', 'persona', 'ricordare', 'cambiamento', 'costante', 'stesso', 'persona']",22.428903410804924,15.331343645030376,13.083704013612811,16.574998005857655,8.726097243599389,22.768978449108126,19.985202655455474,25.19945189242884,aspettativa
kevg59o,15,14,"['festa', 'simile', 'diventare', 'film', 'americano', 'spargere', 'voce', 'diventare', 'panico', 'fine', 'arrivare', 'polizia', 'casa', 'evitare']",6.45516923814646,4.915988548658507,4.985796624193685,6.346991585570685,3.43589826154262,6.673621818246265,7.227225807623851,8.120695499428003,aspettativa
kev8bba,21,12,"['sviluppare', 'complicazione', 'stanza', 'bagno', 'giro', 'casa', 'febbre', 'dolore', 'buono', 'leggere', 'guardare', 'film']",6.249087629088037,4.677871943057651,4.070867219567599,4.300678338168619,2.927607587980353,5.400226292238471,5.7624247547078395,6.443804853102269,aspettativa
keuv8nf,8,7,"['brano', 'studiare', 'fine', 'stesso', 'bruciare', 'tipo', 'film']",3.1153919491208466,3.038900708290404,2.7519203171672206,3.3758971108653197,1.7588806310978673,2.873274203688101,3.484969154866411,3.6155363018217974,aspettativa
keus4j3,96,75,"['proposito', 'mente', 'fase', 'finale', 'combattimento', 'preparare', 'dare', 'colpo', 'buttare', 'sasso', 'dire', 'rispondere', 'attivare', 'iniziare', 'ridere', 'scappare', 'salvare', 'interpretare', 'cosa', 'esercitare', 'tentativo', 'vendetta', 'finale', 'ammazzare', 'altro', 'modo', 'cambiare', 'finale', 'parlare', 'umano', 'modo', 'ripetere', 'ridere', 'avere', 'modo', 'sapere', 'suono', 'dire', 'tentare', 'interpretare', 'contesto', 'sentire', 'dire', 'gettare', 'pietra', 'risparmiare', 'colpo', 'credere', 'suono', 'dire', 'volere', 'sentire', 'risata', 'indiano', 'inizio', 'film', 'tizio', 'raccontare', 'allontanare', 'credere', 'suono', 'dire', 'allontanato', 'cercare', 'dire', 'linguaggio', 'umano', 'volere', 'allontanato', 'conto', 'vincere', 'accettare', 'sconfitta', 'nemico', 'potente']",35.05306675293395,28.470685973772188,28.504498010507593,32.512922876513414,20.992794565713837,35.13679894794754,36.814979514241685,40.63795211961405,aspettativa
keupdrk,17,14,"['difficile', 'ricordare', 'differenza', 'film', 'anno', 'unico', 'cosa', 'scena', 'bagno', 'parlare', 'scommessa', 'inizio', 'scena', 'parere']",7.626493612292075,5.411363609572729,4.76848449879251,5.9982518798264435,3.531441991116592,6.414480235494886,6.915429192175982,7.741414002408188,aspettativa
keui120,7,2,"['mafia', 'film']",0.7104608633558847,1.3875536446688077,1.3686370860889563,1.4243859457814498,1.1892032256636742,0.3738293639419229,0.851976292410817,0.7208133348348357,paura
keuho81,87,63,"['film', 'mese', 'fare', 'chilometro', 'andare', 'tornare', 'vedere', 'film', 'unico', 'sala', 'dotare', 'solo', 'grado', 'proiettare', 'vedere', 'esempio', 'ultimo', 'cosa', 'triste', 'volta', 'evitare', 'strada', 'traffico', 'autostrada', 'andare', 'unico', 'disponibile', 'distanza', 'umano', 'tenere', 'volume', 'alto', 'esempio', 'guardare', 'ultimo', 'dito', 'piantare', 'morire', 'uscire', 'spiegare', 'signore', 'volume', 'alto', 'significare', 'investire', 'poltrona', 'spendere', 'soldo', 'migliorare', 'sala', 'provare', 'ricevere', 'risposta', 'provare', 'parlare', 'personale', 'venditore', 'guardare', 'sguardo', 'avere', 'idea', 'cosa', 'parlare']",32.79286110067739,21.420327207165332,19.863877340093246,22.83563288201825,13.46019295055728,31.70993886775349,30.150898183917345,35.388141417294946,aspettativa
keu6ji3,19,14,"['ambiente', 'serie', 'film', 'pensare', 'vita', 'reale', 'ignorare', 'esistere', 'attore', 'serie', 'medico', 'modello', 'serie', 'uguale']",7.666702397874809,4.614958704050571,4.06922647891404,4.668509173065667,2.924272071583858,7.6766851021230424,5.965219226042838,8.681373850584022,aspettativa
ketatep,16,14,"['anno', 'iniziare', 'imparare', 'italiano', 'potere', 'libro', 'giocare', 'guardare', 'film', 'italiano', 'capire', 'cazzo', 'messaggio', 'parlare']",8.980257513105263,4.468018265796416,4.5906225715939835,4.370754096821069,3.541222129166567,7.224058279298608,7.615856728845369,8.39188036134795,gioia
ket4g6d,17,14,"['fonte', 'informazione', 'libro', 'cosa', 'simile', 'film', 'esempio', 'uscire', 'cagare', 'film', 'americano', 'medio', 'credere', 'bombardare']",6.930419111679091,5.334294843580182,5.101595356331991,5.070603394559736,4.332678585633002,6.041709816324777,6.75937690692213,6.9636345755385705,aspettativa
ket4daw,68,56,"['avere', 'sogno', 'strano', 'tipo', 'stare', 'sognare', 'inizio', 'prendere', 'controllo', 'sogno', 'sogno', 'collegare', 'anno', 'sognare', 'stesso', 'stesso', 'continuo', 'strano', 'sogno', 'morte', 'fare', 'anno', 'strano', 'stazione', 'treno', 'infinito', 'panorama', 'colorato', 'violare', 'nero', 'bianco', 'nero', 'film', 'correre', 'orizzontale', 'rotaia', 'uomo', 'tuta', 'elegante', 'stile', 'mafioso', 'film', 'funzionare', 'trovare', 'circondare', 'sparare', 'colpo', 'sentire', 'certo', 'freddo', 'sogno', 'svegliare', 'dolore', 'punto', 'sparare', 'sogno']",27.43510716020243,19.26017668296952,17.77112859042967,23.165732461559628,13.722746123846479,24.134322327519417,26.10003107808818,29.159487229205848,aspettativa
kesu84r,6,5,"['americano', 'basare', 'film', 'capire', 'paese']",2.3706749216021117,1.5530584298152352,1.5178044150557137,1.4150835960035906,1.095770714727895,2.367206130466172,2.441943659916611,2.491385594723793,aspettativa
kesol1v,1,1,['film'],0.6555871386748866,0.5348626256434147,0.4428678233888925,0.5634105258207514,0.2786202049602042,0.2656593396527435,0.6170213862130943,0.5404521847039313,gioia
kerz37s,10,2,"['scrivere', 'film']",1.3876311863521305,1.1632956893929745,0.9510872010532544,0.9948072183692005,0.6103501375657221,0.7063346629094807,1.1164831578860048,1.2535377208523575,gioia
kerk444,5,4,"['verità', 'neve', 'film', 'vedere']",3.103464341048764,1.6518731629927093,1.346679344393521,1.5858498845576845,0.9039781738188517,2.0665205527616006,2.4259698788845077,2.4469119887962867,gioia
kerj5f1,30,23,"['punto', 'primo', 'dare', 'dimostrare', 'solidarietà', 'fratello', 'italiano', 'dire', 'parlare', 'amico', 'abitare', 'zona', 'fare', 'sentire', 'confronto', 'continuare', 'fare', 'naso', 'sembrare', 'film', 'sentire', 'odore', 'prato']",11.857267005287737,6.11830969984965,5.826668264629754,5.896135499212179,4.369457252922228,12.537816797566187,12.16864445116167,15.095055346691018,aspettativa
kerivnu,10,9,"['sede', 'senso', 'ambulanza', 'partita', 'ospedale', 'film', 'stare', 'vigile', 'fuoco']",3.988101063081377,3.5369975780946303,2.6938092045931423,4.046342290195736,2.082608458730715,4.334285573212964,4.086568370895798,4.3126343324312,fiducia
kerfujb,11,8,"['nuovo', 'poltrona', 'pensare', 'film', 'diventare', 'giro', 'paio', 'anno']",4.8237942542233805,2.3506660311829135,1.8541091333435502,2.876005581366771,1.2468829545647546,3.9616546134612665,3.9867483293329458,5.207580954383526,aspettativa
ker9dle,20,16,"['seguire', 'stesso', 'consiglio', 'fare', 'passeggiata', 'guardare', 'film', 'fare', 'tenere', 'legare', 'rompere', 'cazzo', 'leggere', 'medio', 'posto', 'fare']",8.033375001832898,3.87542296486398,4.028824048175141,4.488106869009033,2.6867826580316785,8.230379307839081,7.380349263135528,9.804426643502454,aspettativa
ker6yty,37,26,"['sapere', 'narcisista', 'parlare', 'persona', 'fatto', 'narcisista', 'smettere', 'vedere', 'generale', 'verità', 'realtà', 'film', 'situazione', 'artificiale', 'persona', 'usare', 'filtro', 'valorizzare', 'normale', 'sentire', 'consiglio', 'persona', 'modo', 'amico', 'sincero', 'trovare']",12.346528961722393,8.868267413440757,9.49608074638059,10.279948946636761,7.882765397342606,13.828920718412494,13.063391243746839,15.448115413068136,aspettativa
ker6yii,9,7,"['film', 'nuovo', 'fabbrica', 'cioccolato', 'sacco', 'film', 'natalizio']",3.7023871788406195,3.177714617035297,2.2473040029080793,3.234401812591485,1.6498983973802153,2.4201914693348616,3.6318079748769994,4.041151729093921,aspettativa
keqzkp1,11,10,"['invasione', 'storia', 'uomo', 'donna', 'fare', 'parte', 'resistenza', 'armato', 'vedere', 'film']",4.772945363716973,4.42695893849033,4.960587445606577,4.647127149423741,3.278444536227919,4.601111958291417,4.979318125213897,5.592909528828864,aspettativa
keqy2rl,55,38,"['doppiaggio', 'problema', 'largo', 'scala', 'traduzione', 'parlare', 'esempio', 'film', 'riscontro', 'versione', 'film', 'classico', 'versione', 'italiano', 'risultare', 'ora', 'sicuro', 'parte', 'effetto', 'opera', 'sembrare', 'film', 'rovinare', 'doppiaggio', 'credere', 'live', 'pensare', 'base', 'fatto', 'ricercare', 'dare', 'impronta', 'doppiaggio', 'puntare', 'caso', 'genere', 'riscontrare', 'certo']",17.503414695997172,10.772800108292621,10.492163473983823,12.25774326816543,7.033039923845474,19.11145295375684,19.10285247505951,22.801772141374396,aspettativa
keqq8g9,3,3,"['inizio', 'film', 'fantascienza']",2.0778298609745103,1.1237712726127613,0.8608457208647753,1.5493667919772198,0.6308759665098862,1.566528614838516,2.0130252416602747,2.1388624592036374,aspettativa
keqfgvu,9,5,"['film', 'bambino', 'lavorare', 'centro', 'commerciale']",2.7295493263161803,1.9219927402014514,1.428221430962199,1.6252270804038773,1.3654562775804466,2.394558503132129,2.5147827850971662,2.574329732417933,gioia
keqar1c,17,14,"['contrario', 'mandare', 'giovane', 'morire', 'fare', 'perdere', 'elezione', 'andare', 'morire', 'imparare', 'imparare', 'storia', 'film', 'americano']",5.611020654897705,6.019419102112729,6.021447701214688,5.785570633658816,3.336523482519751,5.504889239370204,6.478344186267106,6.888403168425974,aspettativa
keq7fji,1,0,[],0.0,0.0,0.0,0.0,0.0,0.0,0.0,0.0,neutrale
keq6btp,10,7,"['volere', 'restare', 'nome', 'film', 'porno', 'attore', 'morire']",4.116317186188953,3.3893668768602057,2.780926736189791,3.2156918474594107,1.6794791426666864,3.2101943627930205,3.4644167482241435,4.241349731136503,aspettativa
keq4ha9,17,14,"['avere', 'ragione', 'cercare', 'modo', 'fare', 'riferimento', 'possibile', 'primo', 'film', 'sostituire', 'film', 'sbagliare', 'dare', 'impressione']",6.835181667671753,3.9172327351064635,3.880315102557249,4.548902606586193,2.448544130231163,7.056180225918095,6.847417261511515,8.910749181399957,aspettativa
keq3vni,25,19,"['primo', 'gatto', 'piacere', 'livello', 'trama', 'fantastico', 'punto', 'bello', 'avere', 'impressione', 'guardare', 'film', 'precedente', 'avere', 'altro', 'titolo', 'altro', 'personaggio', 'uguale']",10.384177225306486,4.522884656312621,4.860678497336526,6.397042330146807,3.4164557606143418,9.449294411232762,10.675361410173526,11.606989183021978,aspettativa
keq2hys,9,7,"['folle', 'fare', 'paura', 'stagione', 'sembrare', 'film', 'catastrofico']",3.1361347918587272,2.8821229435443905,2.6137364234897658,3.5028918907773585,1.6412492906369436,2.554822091250285,3.963154170562824,3.7766168516726193,sorpresa
keq248u,51,34,"['partire', 'presupposto', 'tanto', 'fare', 'schifo', 'tradurre', 'video', 'grande', 'appassionato', 'cinema', 'concetto', 'news', 'portare', 'scorso', 'secolo', 'film', 'straniero', 'film', 'italiano', 'attore', 'professionista', 'nascere', 'grande', 'mito', 'bravo', 'esistere', 'film', 'meccanico', 'rendere', 'lingua', 'italiano', 'pensare', 'film', 'comico']",18.674125368870218,11.091902654912243,9.506590320660665,11.19827813156482,7.633611336460508,16.07651925006733,16.826218438190313,20.735809186927465,aspettativa
keq0xxq,37,31,"['trovare', 'paragonabile', 'primo', 'film', 'gatto', 'bello', 'sorpresa', 'sapere', 'ritornare', 'avere', 'origine', 'considerare', 'superiore', 'film', 'problema', 'terzo', 'fatto', 'avere', 'vero', 'identità', 'sembrare', 'parte', 'richiedere', 'tema', 'battuta', 'debole', 'fare', 'eccezione', 'parte', 'liceo', 'divertente']",17.42716293238906,9.283438137903143,9.57534626500403,11.150326643708679,6.124463569267295,15.097144950890096,16.927314492441152,18.061991935674627,aspettativa
kepztma,20,16,"['trovare', 'grande', 'trama', 'altro', 'film', 'capo', 'coda', 'inventare', 'senso', 'riempire', 'gatto', 'sommare', 'dispiaciuto', 'sembrare', 'avere', 'senso']",7.381138523747909,4.496795119464252,4.353672395928944,5.075140334334579,2.7342023559869237,6.825563924504051,8.115232326147375,8.973369908307554,aspettativa
kepse1y,13,7,"['cinema', 'parte', 'economico', 'finanziario', 'vedere', 'film', 'messaggio']",4.690562329015113,2.532042454801831,2.123911503558367,2.635430288109174,1.3932139209266465,2.88012523353167,4.0627401879123015,4.16530311478463,gioia
kepprvm,8,6,"['credere', 'sentire', 'usare', 'isolato', 'contesto', 'film']",2.5283037720780044,2.9537362471476194,2.658347011513616,3.1143609870581734,1.9006917985283776,2.5986567549881245,2.7613547598989405,2.962670152821202,paura
kepgz12,85,76,"['scoppiare', 'guerra', 'primo', 'famiglia', 'confine', 'ucraino', 'lavorare', 'ufficio', 'primo', 'settimana', 'vedere', 'numero', 'basso', 'ucraino', 'arrivare', 'provincia', 'identificazione', 'accompagnare', 'parente', 'amico', 'italiano', 'compilare', 'modulo', 'indirizzo', 'numero', 'telefonico', 'italiano', 'collega', 'fresco', 'corso', 'dimenticare', 'famiglia', 'ospitare', 'comune', 'risiedere', 'finire', 'turno', 'persona', 'chiedere', 'scena', 'tipo', 'bastardo', 'gloria', 'film', 'nazista', 'uomo', 'andare', 'nascondere', 'moglie', 'lacrima', 'abbracciare', 'figlio', 'italiano', 'ospitare', 'spiegare', 'sentire', 'polizia', 'temere', 'peggio', 'senso', 'trovare', 'disertore', 'stare', 'consegnare', 'simile', 'leggere', 'rivedere', 'giorno', 'successivo', 'ufficio', 'arrivare', 'famiglia', 'uomo', 'ragazzo', 'età', 'nervoso']",35.96116323787957,28.399982988837795,26.340270409229213,26.8128075934697,19.02595489711842,36.19459472773263,33.36596030109271,40.74457195313742,aspettativa
keo880i,7,6,"['fascista', 'fascista', 'fascista', 'film', 'andare', 'occasione']",2.1593042622088645,3.324416183918483,3.2202253441963746,3.2985502701789255,2.970269276022288,1.6152442193554806,2.2630682224788625,2.166814742697773,tristezza
keo827l,7,5,"['bello', 'film', 'iniziare', 'stesso', 'scena']",3.310359102961329,1.227889168715263,1.2088121320899392,1.6518585454791215,0.710846520193225,2.3667045280057395,2.994211292989496,3.207796938989792,gioia
keo6que,4,4,"['unico', 'film', 'avere', 'bisogno']",2.6429237629324773,1.560114750069527,1.424452635911074,1.8153468682612082,0.8736612805244854,2.3488659246186914,2.1553911412367333,2.6100081657041496,gioia
keo6pmu,13,6,"['scaricare', 'film', 'simile', 'fare', 'patatina', 'telefono']",2.820483100487945,2.2699739528068994,2.3671989809816356,2.147097812891015,1.6328404725739398,2.8068474199464353,2.8246707539004348,3.576082691395038,aspettativa
keo5p8k,3,2,"['film', 'produrre']",1.1474815431565015,0.6262004093473414,0.5483459268738116,0.6999004519732679,0.3687382934530586,0.9288952319744441,0.8432533889675642,1.334320406856726,aspettativa
kenuo6i,5,3,"['unico', 'film', 'piacere']",2.386999937061962,1.0528225032631606,0.8471231664962007,1.0559209946713404,0.614301340626445,1.6106557513623243,1.7201017543942099,2.0656159630235598,gioia
kemrdks,12,9,"['enorme', 'film', 'film', 'necessario', 'bastare', 'fare', 'altro', 'film', 'simile']",4.193499139711397,3.189423322640054,2.848337825988788,4.013935673632572,1.9640421971150763,3.782684159456653,4.865735256467708,4.914991450710916,aspettativa
kemgdfe,40,35,"['pensare', 'andare', 'programma', 'attraversare', 'tempo', 'vicenda', 'garantire', 'peggiorare', 'bisognare', 'introdurre', 'guerra', 'sesso', 'portare', 'teoria', 'americano', 'risultato', 'volta', 'sentire', 'dire', 'vita', 'aspetto', 'fisico', 'aspetto', 'perfetto', 'bello', 'ragazza', 'tratto', 'andare', 'moda', 'rappresentazione', 'donna', 'film', 'videogioco', 'esistere', 'bisognare']",17.02591230693335,11.35905104821811,10.057783173760802,12.291899004889215,7.447814461196938,17.77705127657369,16.81789182479646,21.42302699912461,aspettativa
kem8gtj,21,19,"['guardare', 'sport', 'italiano', 'resto', 'inglese', 'film', 'serie', 'documentare', 'riferimento', 'notizia', 'giapponese', 'anima', 'doppiaggio', 'imbarazzante', 'parlare', 'cambiare', 'titolo', 'cazzo', 'roba']",8.299413808606788,5.286511732186525,5.744191097429396,5.602225473294806,4.254558057786142,7.8159224767654605,9.06510638011854,9.510436466611079,aspettativa
kem60u0,5,4,"['cercare', 'vedere', 'film', 'riparlare']",2.6107361227361947,1.4528221582138328,1.3207878734345884,1.5346582662520696,0.8585790351633062,2.2754882045198173,2.314636357777482,2.863113512445705,aspettativa
kelxxq0,18,13,"['annuale', 'rientro', 'estero', 'trovare', 'roba', 'guardare', 'canale', 'roba', 'cucina', 'vecchio', 'film', 'culto', 'abolire']",5.260281607356956,5.232125636747784,4.59531634092067,4.684857999240814,3.5087380170353786,5.149080826097763,5.964161327973437,6.362245756096147,aspettativa
kelww1e,12,11,"['affermazione', 'sembrare', 'esagerare', 'pensare', 'vedere', 'leggero', 'pari', 'film', 'problema', 'effetto', 'applicazione']",5.958093713441439,3.5586254621607667,3.7889294695019053,3.869975515966091,2.240356131622386,5.638897350005321,5.920124595465661,6.781914580525074,aspettativa
kelsp25,22,16,"['dispiacere', 'confusione', 'film', 'svolgere', 'futuro', 'post', 'seguire', 'storia', 'parte', 'mondo', 'esplorare', 'problema', 'legare', 'globale', 'film', 'cercare']",7.340996232655693,7.163952298354924,6.548102208211365,8.325236796249843,4.316381062579254,7.393681521016782,9.1068541446089,9.318381126668559,aspettativa
kelqffb,38,27,"['cosa', 'piacere', 'mangiare', 'solito', 'tipo', 'fare', 'torta', 'ballare', 'casa', 'fare', 'telefonata', 'scherzare', 'esistere', 'testimone', 'disagio', 'umanità', 'legge', 'guardare', 'film', 'osservare', 'soffitto', 'interrogare', 'senso', 'vita', 'telefono', 'autunno', 'prossimo']",14.331086628188366,8.585543932269054,7.560742549308091,9.860435192839422,5.684855306524129,13.463867234605965,13.549336177755713,16.040677904040244,aspettativa
kelqbst,24,18,"['film', 'lenzuolo', 'dirigere', 'trama', 'coinvolgere', 'colpire', 'globale', 'seguire', 'storia', 'giovane', 'italiano', 'variare', 'utile', 'verificare', 'informazione', 'confermare', 'film', 'cercare']",9.800822098075308,5.802107680555684,5.804182048281546,6.950422397025188,3.8433278911618363,8.71891033868935,8.843355024465373,10.954448313230067,aspettativa
kelhu9d,23,15,"['attore', 'fregare', 'estero', 'film', 'vendere', 'rapporto', 'professionale', 'storico', 'credere', 'paragone', 'rispetto', 'avere', 'sensibilità', 'diverso', 'giusto']",7.767422810264076,5.079592926526593,4.857767293559604,5.664465097721921,3.78756542154779,8.64818125606141,6.6662591317916755,8.866059749340701,aspettativa
kelh42d,15,12,"['avere', 'diritto', 'dire', 'fare', 'schifo', 'cosa', 'diverso', 'film', 'piacere', 'fotografia', 'sceneggiatura', 'attore']",6.08849937775654,3.8866057396569085,3.860084023367622,4.396025981788809,4.025200345426694,5.716059765899351,5.7803279863997075,7.274232356606833,aspettativa
kelca0u,53,48,"['opera', 'esistere', 'vuoto', 'contare', 'sensazione', 'provare', 'singolo', 'spettatore', 'dire', 'vedere', 'piacere', 'bello', 'film', 'vedere', 'via', 'scatenare', 'mare', 'sensazione', 'ispirazione', 'cambiare', 'vita', 'andare', 'dire', 'capire', 'cazzo', 'provare', 'falso', 'film', 'vedere', 'lingua', 'originale', 'trovare', 'buono', 'possibilità', 'sensazione', 'provare', 'simile', 'provare', 'vedere', 'film', 'capire', 'frequentare', 'rifiutare', 'parlare', 'persona', 'vedere', 'film', 'lingua']",30.549803179472676,16.718863278670327,15.189867143194617,18.453372939326595,11.785446620928594,25.763304621102776,27.802374027474027,30.18438514103013,gioia
kelaeqv,5,4,"['consigliare', 'film', 'trovare', 'parlare']",2.783225232455279,1.4307047442875147,1.263629927680575,1.5171601227880718,0.7234624781220533,2.443160471230852,2.36196465261416,2.751072742475052,gioia
kel5vnp,15,9,"['bello', 'volere', 'perdere', 'film', 'avere', 'criminale', 'rimanere', 'buono', 'livello']",4.928501879966139,3.509851416028344,3.594700800180173,3.5070734629669875,2.1356350550359315,3.810609682727972,4.629359360628176,4.838450796744693,gioia
kel5pd4,27,17,"['doppiaggio', 'televisione', 'roba', 'simile', 'altro', 'estero', 'documentario', 'fare', 'pena', 'dire', 'parte', 'serie', 'film', 'altro', 'livello', 'altro', 'lingua']",6.859812719634639,5.026047497408573,4.932514584567221,5.913030245301064,3.9907232244023976,6.572097380507003,8.402566994999448,8.253664287663572,sorpresa
kel5mc2,63,50,"['primo', 'mese', 'stare', 'finire', 'volta', 'vita', 'avere', 'entusiasmo', 'piano', 'cosa', 'fare', 'girare', 'nuovo', 'chiamare', 'capo', 'nuovo', 'bastare', 'chiedere', 'mese', 'cosa', 'andare', 'rientro', 'frequente', 'costringere', 'accettare', 'fine', 'anno', 'fare', 'lavoro', 'fare', 'schifo', 'primo', 'volta', 'vita', 'mettere', 'piangere', 'dire', 'causa', 'persona', 'film', 'paio', 'occasione', 'telefonata', 'casa', 'giorno', 'colmo', 'mettere', 'trovare', 'altro', 'dare']",25.936210455422604,17.382993119517053,14.754338776474619,18.010842551229935,10.580271233940787,24.275110593842427,24.439779875679335,29.540270296009574,aspettativa
kel3f0s,20,17,"['dire', 'avere', 'senso', 'televisione', 'volta', 'cosa', 'sito', 'film', 'serie', 'vedere', 'film', 'nuovo', 'andare', 'cinema', 'canale', 'avere', 'senso']",8.559191120437449,5.390973541576847,4.551115947497044,6.0474056452584675,3.711535573830376,6.837080624700982,8.563524727341516,9.02214504610961,aspettativa
kel2u4b,92,71,"['piacere', 'cosa', 'sembrare', 'giovane', 'stesso', 'cosa', 'fascista', 'scherzare', 'discussione', 'serie', 'soggetto', 'politico', 'opinione', 'standard', 'società', 'orientale', 'giorno', 'puntare', 'dito', 'ragazzo', 'rissa', 'vittima', 'bullismo', 'scuola', 'violenza', 'stesso', 'situazione', 'fare', 'gioventù', 'fare', 'accusa', 'postare', 'cosa', 'cercare', 'cugino', 'vedere', 'avere', 'discussione', 'serio', 'fare', 'dare', 'risposta', 'andare', 'via', 'terapia', 'avversione', 'vedere', 'film', 'bambino', 'riga', 'uomo', 'cuore', 'ferro', 'migliore', 'azione', 'commedia', 'ragazzo', 'appassionato', 'videogioco', 'gioco', 'azione', 'ambientare', 'fascista', 'gioco', 'svolgere', 'orrore', 'guerra', 'esplorare', 'effetto', 'tempo', 'reale']",34.69479909772395,24.080456251613597,24.404117675431213,27.352419431933345,18.67825573463014,32.92823552968717,32.19039584449452,38.382706535264795,aspettativa
kel2sjg,26,19,"['guardare', 'altro', 'lingua', 'avere', 'film', 'americano', 'avere', 'sud', 'bello', 'differenza', 'personaggio', 'diverso', 'esigenza', 'copione', 'dialogo', 'avere', 'accento', 'base', 'romano']",9.397965585114978,5.277678143854544,5.826661477378598,7.1653213810589245,3.95341004509163,8.888319054173362,10.637701873744456,11.34729676782234,aspettativa
kel228t,26,22,"['doppiaggio', 'abominio', 'italiano', 'film', 'telefilm', 'italiano', 'giorno', 'notare', 'guardare', 'scena', 'cavallo', 'voce', 'registrare', 'studio', 'suono', 'presa', 'diretto', 'fare', 'paese', 'capire', 'pulire', 'naturale']",12.327296988688822,7.235003781689421,7.205573690794993,7.281237382774054,5.526758402645246,10.591791300434236,11.342465531058336,12.350613901915306,aspettativa
kel0ztx,57,44,"['concludere', 'iniziare', 'scrivere', 'doppiaggio', 'fare', 'ripetere', 'difendere', 'spada', 'trattare', 'caso', 'presentare', 'sembrare', 'inutile', 'doppiaggio', 'migliorare', 'fare', 'esempio', 'stupido', 'serie', 'protagonista', 'versione', 'originale', 'avere', 'voce', 'modo', 'parlare', 'vissuto', 'traspare', 'sofferenza', 'doppiaggio', 'italiano', 'sembrare', 'provare', 'vedere', 'differenza', 'prendere', 'esempio', 'massimo', 'film', 'serie', 'normale', 'differenza', 'mostruoso', 'ciao']",20.45557118381454,14.046806304604194,13.125249220717775,15.4705485685344,9.076658760259454,21.88725733244124,21.68025237183174,26.50470194123634,aspettativa
kel0h1d,10,8,"['volta', 'vedere', 'film', 'spagnolo', 'inglese', 'atroce', 'preferire', 'spagnolo']",4.52337992395211,2.3353264032032475,2.4277823029436316,2.5174696962106586,1.8132970320183261,3.132329972984219,3.5575162864665963,3.9685992324004182,gioia
kekyiuy,22,17,"['cinema', 'volta', 'mese', 'fare', 'passare', 'voglia', 'film', 'iniziare', 'aprire', 'sala', 'parte', 'pubblicità', 'parte', 'film', 'video', 'sala', 'buono']",10.164763657541544,5.576515597601006,4.448051742427379,6.058184040090374,3.1705328609647196,7.616634583044672,8.850384483102127,10.209028635043268,aspettativa
kekuqbk,19,16,"['aumentare', 'lavoro', 'tempo', 'stretto', 'portare', 'termine', 'lavorazione', 'pensare', 'serie', 'film', 'uscire', 'mondo', 'tempo', 'lavoro', 'aumentare', 'basso']",7.702587249665836,6.687862971534631,5.165010126203813,6.509745215008073,3.6334294735085155,7.527755152495832,7.598796510403357,10.263029610825022,aspettativa
kekujo2,79,60,"['pulizia', 'cosa', 'dare', 'fastidio', 'cinema', 'abito', 'minuto', 'macchina', 'smettere', 'bagno', 'sembrare', 'concerto', 'sedile', 'avere', 'aria', 'incredibile', 'film', 'iniziare', 'cazzo', 'minuto', 'orario', 'prevedere', 'film', 'casa', 'merda', 'mettere', 'intervista', 'proiezione', 'pausa', 'avere', 'senso', 'caso', 'momento', 'adatto', 'film', 'avere', 'pausa', 'pubblicità', 'tagliare', 'cazzo', 'cane', 'metà', 'dialogo', 'grande', 'catena', 'trovare', 'facile', 'fare', 'cartello', 'investimento', 'resa', 'ignoto', 'spettatore', 'restare', 'migliaio', 'unico', 'film', 'valere', 'pena', 'vedere']",30.449452310269002,18.874212393397322,17.493321983212216,21.874536592084688,13.182009923627371,26.9186030596632,30.79351019634772,34.87484583763948,aspettativa
keksot3,92,64,"['verità', 'assoluto', 'doppiaggio', 'film', 'parte', 'film', 'interpretazione', 'attore', 'scelta', 'regista', 'pensare', 'parte', 'stesso', 'livello', 'superiore', 'bello', 'buono', 'persona', 'grande', 'attore', 'vedere', 'recitare', 'citare', 'memoria', 'tono', 'battuta', 'film', 'tono', 'voce', 'pazzesco', 'originale', 'altro', 'cosa', 'vero', 'senso', 'termine', 'interpretazione', 'contesto', 'linguistico', 'perdere', 'battuta', 'gente', 'capire', 'considerare', 'stupido', 'imparare', 'contesto', 'altro', 'paese', 'battuta', 'riferimento', 'gioco', 'fare', 'riferimento', 'migliore', 'doppiaggio', 'italiano', 'osceno', 'parere', 'sentire', 'volta', 'opera', 'sud', 'americano']",33.53499561049191,20.044753221440182,20.103890512849173,22.03395606026518,15.607332667836332,30.779577780053426,33.40886183471176,36.06299416634528,aspettativa
keks6n9,6,6,"['guardare', 'film', 'programma', 'lingua', 'originale', 'sapere']",3.7480980751117903,1.405015907421366,1.1940089730644177,1.515399187424391,0.9069474858961462,3.156703964568177,3.169005011719115,4.083676233504009,aspettativa
j2fom65,51,39,"['domanda', 'terzo', 'risposta', 'merda', 'centro', 'doppio', 'facile', 'sfogliare', 'curiosità', 'senso', 'alternativa', 'terzo', 'libro', 'primo', 'saga', 'vedere', 'primo', 'fare', 'film', 'avere', 'idea', 'trattare', 'film', 'parte', 'complesso', 'assoluto', 'libro', 'citare', 'roba', 'fantascienza', 'aspetto', 'interessante', 'filosofico', 'commento', 'genere', 'prendere', 'roba', 'incredibile', 'reddito']",18.767081078370733,10.61231030667561,10.802284061114142,12.841421856434062,8.156128853245763,17.307362173421268,20.723509598057593,22.630828077975718,aspettativa
j2f7cdy,78,68,"['bello', 'libro', 'strada', 'casa', 'raccontare', 'storia', 'vero', 'bambino', 'anno', 'perdere', 'finire', 'adottare', 'famiglia', 'crescere', 'usare', 'trovare', 'minuscolo', 'villaggio', 'sapere', 'nome', 'paese', 'provenienza', 'parte', 'venire', 'storia', 'vero', 'film', 'fare', 'sacco', 'documentare', 'intervista', 'storia', 'telegiornale', 'epoca', 'raccontare', 'storia', 'ragazzo', 'ritrovare', 'madre', 'anno', 'libro', 'entrare', 'stesso', 'raccontare', 'intervista', 'sentire', 'storia', 'divenire', 'famoso', 'chiedere', 'facilitare', 'ricerca', 'rispondere', 'vedere', 'strada', 'camminare', 'avere', 'idea', 'iniziare', 'intervista', 'particolare', 'trovare', 'libro', 'valere', 'pena', 'storia', 'incredibile', 'leggere']",39.37603146189215,22.52006349917198,19.798027897732506,22.6043001377495,12.789095617723593,36.548875041217485,38.38998549313865,43.860355577792426,aspettativa
j2ebzb5,25,17,"['fine', 'fascismo', 'ottimo', 'esempio', 'media', 'esempio', 'cosa', 'pensare', 'nazista', 'trovare', 'film', 'efficiente', 'ordinare', 'nazista', 'dipinto', 'cretino', 'ridicolo']",7.067349580135864,7.161569850996927,6.867024657779344,6.687161643694622,5.642996223158011,7.4855602658920946,7.352895610398004,8.757776176535925,aspettativa
j2eaelo,54,46,"['persona', 'capire', 'cittadino', 'innocente', 'avere', 'voce', 'capitolo', 'guerra', 'persona', 'guardare', 'cittadino', 'ucraino', 'guardare', 'russo', 'prendere', 'unico', 'vero', 'colpevole', 'fare', 'esempio', 'vietare', 'film', 'twitter', 'aprire', 'carta', 'credito', 'russo', 'usare', 'comprendere', 'uso', 'internet', 'andare', 'subire', 'grande', 'azienda', 'vedere', 'alleato', 'distruggere', 'vita', 'migliaio', 'russo', 'prendere', 'umanitario', 'cittadino', 'perdere', 'lavoro']",19.739481873658985,16.646185064140333,17.553554337170173,17.405021865026075,13.363093256612352,22.017339835378586,20.368365881762816,24.628136131245775,aspettativa
j2dvitq,43,36,"['film', 'credere', 'partecipare', 'programma', 'simile', 'indovinare', 'canzone', 'scena', 'comico', 'dare', 'fatto', 'canzone', 'indovinare', 'nota', 'domanda', 'approfondire', 'canzone', 'parente', 'meteo', 'giorno', 'comporre', 'canzone', 'sentire', 'nota', 'solo', 'cuffia', 'puntata', 'televisivo', 'proibito', 'scena', 'sogno', 'occhio', 'aperto', 'dire', 'puntata', 'parere']",20.434017627426034,11.797847493650616,9.623463231645916,11.926272473397233,6.425406538046264,17.529662273578754,19.78155312686786,21.87366376981719,aspettativa
j2d1eby,14,12,"['primo', 'volta', 'fare', 'film', 'figura', 'sperare', 'volta', 'restare', 'coerente', 'storia', 'evitare', 'criminale']",5.907668818648333,4.780386373931953,4.450261832941587,4.923994831135298,3.0860699849000675,5.8782923303619095,5.685542027874641,7.185780548236213,aspettativa
j2d1afx,8,7,"['vedere', 'bello', 'film', 'discorso', 'finale', 'protagonista', 'risposta']",4.322000568781869,2.054554855182164,1.7906522354931707,2.4325377246149187,1.2014526220936277,3.1630317585659338,3.9451348933976513,4.415238780653974,aspettativa
j2cztk8,163,120,"['ipocrisia', 'occidentale', 'bambino', 'guardare', 'asilo', 'medio', 'anno', 'sembrare', 'discesa', 'documentario', 'dipendente', 'anno', 'storia', 'ipocrisia', 'guardare', 'tenere', 'bambino', 'genitore', 'videogioco', 'personaggio', 'nudo', 'persona', 'passare', 'storto', 'controllare', 'personaggio', 'correre', 'pene', 'aria', 'nudo', 'maschile', 'motivo', 'film', 'nudo', 'femminile', 'interno', 'nudo', 'maschile', 'unico', 'pena', 'vedere', 'cinema', 'ragazza', 'commedia', 'anno', 'ragazza', 'protetto', 'maschio', 'fare', 'buco', 'donna', 'andare', 'nudo', 'sessualità', 'mano', 'insegnare', 'normale', 'andare', 'giro', 'nudo', 'violenza', 'normale', 'parere', 'fine', 'prete', 'strega', 'piazza', 'bambino', 'intimità', 'bisogno', 'sessuale', 'mito', 'maschile', 'violento', 'violenza', 'diventare', 'fare', 'compromesso', 'comprare', 'bambino', 'videogioco', 'violento', 'desiderare', 'violento', 'vitale', 'interno', 'casa', 'ambiente', 'fare', 'allenare', 'movimento', 'andare', 'giro', 'confuso', 'cattivo', 'relazione', 'sessualità', 'stesso', 'educazione', 'sessuale', 'discorso', 'ricordare', 'parte', 'religioso', 'fare', 'sesso', 'matrimonio', 'cattivo', 'relazione', 'corpo', 'crescita', 'persona', 'corpo', 'sapere', 'corpo', 'sapere', 'dare', 'pugno', 'premere', 'tasto']",61.05187262015609,38.54118685008789,36.82431456822588,44.34209278702252,30.017509013741506,59.884363583488906,56.27851849298409,64.51367323875829,aspettativa
j2awssv,51,41,"['fare', 'altro', 'ieri', 'volere', 'creare', 'film', 'mentale', 'avere', 'ragione', 'migliaio', 'cosa', 'disgustoso', 'fare', 'dire', 'fornire', 'prova', 'importante', 'cosa', 'spada', 'trattare', 'costo', 'affermare', 'terra', 'critica', 'rispondere', 'lavorare', 'passare', 'tempo', 'sfuggire', 'mente', 'brillante', 'mezzo', 'età', 'andare', 'anno', 'avere', 'mondo', 'mezzo', 'età', 'dire', 'cosa']",18.922626811559464,15.316119637052154,14.39979386037952,17.323329251915414,11.284317118087404,19.653871402754646,18.04341943201872,23.429207629219135,aspettativa
j2atg61,29,23,"['sera', 'avere', 'fare', 'arresto', 'fare', 'ridere', 'età', 'avere', 'anno', 'equivalere', 'uomo', 'donna', 'età', 'strano', 'cagare', 'scrivere', 'supposizione', 'film', 'mentale', 'creare', 'testa', 'parlare', 'scopare']",12.274083651524723,7.048147780559386,7.156717561154782,8.488192567176942,5.338615168826824,11.498650778553474,10.628471539599559,13.58270299835508,aspettativa
j29zsha,36,28,"['mancare', 'scena', 'cavallo', 'riportare', 'pagina', 'avere', 'film', 'diverso', 'testa', 'realtà', 'trattare', 'libro', 'famoso', 'storia', 'originale', 'bello', 'scritto', 'sapere', 'associare', 'sacco', 'emozione', 'negativo', 'serie', 'ricordare', 'maniera', 'caso', 'riguardo', 'piacere']",14.504741049387045,9.96305895828426,8.942116140611907,10.787837688048814,6.554000528484425,13.022670254420882,14.914787217878118,15.802492832256858,aspettativa
j29ytnb,20,18,"['pensiero', 'leggere', 'post', 'venire', 'mente', 'scena', 'film', 'interpretare', 'parlamentare', 'informare', 'indagare', 'rispondere', 'arrivare', 'arrivare', 'sbattere', 'cazzo', 'immagine', 'scrivere']",9.558352868897478,6.470034368805364,7.550564449582546,7.567893158844186,5.6879585733107225,8.406786251882087,9.966604997856798,10.468245467287195,aspettativa
j29rwvf,16,13,"['amaro', 'vedere', 'resto', 'storia', 'nuovo', 'soggetto', 'ammettere', 'finanziare', 'film', 'videogioco', 'principio', 'cambiare', 'scopo']",7.36094106782765,4.616154661941905,3.9550102226300816,5.8983311047157,2.808286571084695,6.4976030765969695,7.546203456539624,8.064529705197012,aspettativa
j297hov,59,38,"['realtà', 'problema', 'giovane', 'accusare', 'vivere', 'periodo', 'giro', 'aria', 'status', 'periodo', 'periodo', 'mondo', 'esistere', 'rivoluzione', 'finire', 'giovane', 'andare', 'accendere', 'trovare', 'materiale', 'livello', 'autore', 'valere', 'autore', 'musica', 'attuale', 'valere', 'anno', 'creare', 'film', 'serie', 'giovane', 'eterno', 'fare', 'disegnare', 'computer', 'restare', 'storia']",20.915897529967772,12.99959015933183,12.145312229967898,13.895492001540966,7.5491810176702625,20.29052119549783,19.959669738247786,23.940167856947863,aspettativa
j296ahy,17,14,"['aggiungere', 'tetta', 'film', 'fatto', 'girare', 'scena', 'persona', 'doccia', 'uomo', 'donna', 'irrealistico', 'asciugamano', 'fare', 'scena']",7.338171953353446,3.3949751223565308,3.97484676698563,4.481001712203609,2.7111132421624395,5.934936675336546,7.786838086482698,8.406146154236414,aspettativa
j28w99p,14,9,"['comodo', 'sostituire', 'film', 'scena', 'importante', 'pellicola', 'preferire', 'sorpresa', 'finale']",4.752192576195133,2.716226018014304,2.943390129808243,3.1963885748548484,2.154797666161356,3.6122564846375047,5.138655276342091,5.373459955456722,aspettativa
j28w4od,3,3,"['bello', 'stare', 'film']",2.1051255928416905,1.0009638939092593,0.7467422353929167,0.9374353957545353,0.5322188341209945,1.210129666001177,1.8772469864042325,1.8880628280596379,gioia
j28qksy,45,34,"['bisognare', 'fare', 'distinzione', 'libro', 'ottimo', 'strumento', 'motivo', 'studio', 'forum', 'argomento', 'interessare', 'lettura', 'fare', 'intendere', 'libro', 'strumento', 'efficace', 'valido', 'comportare', 'narrativo', 'serie', 'film', 'strumento', 'superiore', 'modesto', 'parere', 'rendere', 'libro', 'occhio', 'mente', 'inefficace', 'libro', 'fonte', 'informazione']",16.417934186188013,9.793854369733575,9.003400069423055,10.411429710842771,7.216090738395685,17.611235989969487,16.89774632362531,20.240021098534243,aspettativa
j28p6gc,13,8,"['parlare', 'grazie', 'cazzo', 'violenza', 'stare', 'film', 'cazzo', 'scusa']",3.599387753632593,3.0203734334907377,3.5172730919912274,3.042371865934488,2.577366491795114,3.1693017484066024,4.00914519370272,3.869647729446971,sorpresa
j28ougl,20,13,"['parlare', 'film', 'violenza', 'sbagliare', 'fare', 'parte', 'bene', 'male', 'film', 'videogioco', 'limitare', 'divieto', 'età']",5.582726686767945,6.33442451786141,6.22857079256596,6.550701459863131,4.3288096261071995,4.728379843616406,5.900593019408814,6.079234531086843,paura
j28onoj,20,14,"['parlare', 'erotismo', 'marea', 'film', 'parte', 'sfondo', 'sessuale', 'parlare', 'corpo', 'nudo', 'trama', 'prevedere', 'fine', 'stesso']",7.735687931924939,4.561337844721811,3.8356958178814726,4.891645148980324,2.674142038555507,6.603317601920711,7.097243782385926,7.465453915529041,gioia
j28ft3p,10,8,"['presente', 'cambiare', 'volgare', 'notte', 'esame', 'film', 'ambientare', 'anno']",3.6046624063631265,2.8655187564126967,2.2796424292576125,3.716726933090641,1.8151716800440387,3.3534929180422313,4.045312621502119,4.854732238493949,aspettativa
j28far7,26,20,"['vedere', 'periodo', 'post', 'natalizio', 'tetta', 'fare', 'storia', 'avere', 'ragione', 'film', 'primo', 'anno', 'distribuire', 'fare', 'livello', 'fotografia', 'luce', 'dialogo', 'bellezza', 'sembrare']",11.727118636988113,5.233702112866588,4.756058968908078,5.462452737161475,3.158981479945269,10.509484069890615,10.636810583402513,12.914562776242827,aspettativa
j28cv32,38,30,"['bello', 'anno', 'punto', 'caso', 'generale', 'caso', 'specifico', 'europeo', 'pensare', 'trattare', 'diverso', 'americano', 'epoca', 'vedere', 'donna', 'nudo', 'comprare', 'andare', 'cinema', 'aggiungere', 'scena', 'portare', 'soldo', 'immagine', 'difficoltà', 'aggiungere', 'tetta', 'film', 'aggiungere', 'vedere']",14.283339550350993,8.972844993657345,9.353557122574987,11.019338530058361,6.745002706595303,12.54708209594483,15.597041681455812,16.08958927426821,aspettativa
j28clc8,6,4,"['bello', 'film', 'anno', 'pelo']",2.106936622618709,1.2378929422911882,0.981713983738564,1.1968815851567693,1.2237202000776832,1.3590713930011833,2.000085405850716,2.169751811030808,aspettativa
j289vyw,114,87,"['servizio', 'fare', 'chiaro', 'messaggio', 'trasmettere', 'chiaro', 'nascere', 'vedere', 'usare', 'telefono', 'disco', 'cassetta', 'cosa', 'generale', 'chiamare', 'fatto', 'nuovo', 'generazione', 'dispositivo', 'perdere', 'perdere', 'contatto', 'umano', 'reale', 'persona', 'pieno', 'chiedere', 'fare', 'nuovo', 'amicizia', 'capire', 'funzionare', 'cosa', 'leggere', 'manuale', 'uso', 'oggetto', 'acquistare', 'stesso', 'discorso', 'aiuto', 'sapere', 'tecnologia', 'insegnare', 'usare', 'avere', 'disposizione', 'ragazzino', 'costringere', 'imparare', 'imparare', 'fare', 'cosa', 'fare', 'fare', 'cosa', 'cambiare', 'parametro', 'crisi', 'altro', 'esempio', 'sistema', 'operativo', 'fare', 'grado', 'scaricare', 'film', 'mandare', 'iniziare', 'usare', 'schermo', 'nero', 'grado', 'mandare', 'avere', 'anno', 'nuovo', 'generazione', 'diverso', 'meglio', 'peggio', 'avere', 'esperienza', 'vedere', 'cosa', 'maniera', 'diverso']",43.88751231978286,26.422890286659374,24.15625385609713,30.821831909769948,18.404313551077905,45.93051567999282,40.29639265506627,50.66953536231327,aspettativa
j288pkc,51,39,"['sesso', 'estensione', 'imbarazzante', 'osservare', 'presenza', 'specie', 'rischio', 'reazione', 'familiare', 'sesso', 'vivere', 'fare', 'parte', 'intimità', 'adulto', 'film', 'drammatico', 'scena', 'sesso', 'spingere', 'familiare', 'arrivare', 'passo', 'prestare', 'considerazione', 'misura', 'forma', 'fare', 'sapere', 'fare', 'sapere', 'fare', 'imbarazzo', 'caso', 'fare', 'parte', 'intimità', 'provocare', 'imbarazzo']",20.24196553506157,10.334561776635665,11.105933391589714,15.001044043978,8.135572828442854,20.74858373105641,19.37357764006598,22.769439321670475,aspettativa
j286iui,39,26,"['più', 'impronta', 'americano', 'esempio', 'film', 'europeo', 'nudo', 'tempo', 'muto', 'stare', 'semplificare', 'periodo', 'atteggiamento', 'angosciato', 'venire', 'mente', 'battuta', 'credere', 'dire', 'film', 'americano', 'vedere', 'vietare', 'vedere', 'coltello', 'andare']",11.277320271439374,9.857995382188705,9.845892582845245,10.985287874306074,7.307667635616906,11.596893655277517,12.179208674648157,13.396359792330042,aspettativa
j286irk,25,21,"['sembrare', 'giovane', 'scena', 'violento', 'stesso', 'gioco', 'riportare', 'giovane', 'tipologia', 'videogioco', 'avventura', 'natura', 'violento', 'esempio', 'videogioco', 'discorso', 'generale', 'media', 'film', 'giovane', 'adulto']",10.410809184159184,5.851153623258913,6.5862501046828505,7.834682635136406,4.11845872206307,8.955189917027157,11.437096479881832,10.927191769091015,sorpresa
j285a57,30,24,"['mettere', 'vita', 'sdoganare', 'tatuaggio', 'sesso', 'pensare', 'voglia', 'pensare', 'bastare', 'sensazione', 'presente', 'film', 'scena', 'sesso', 'fianco', 'genitore', 'pensare', 'fare', 'pudore', 'motivo', 'sensibilità', 'simile', 'scena', 'sesso']",14.329320975967553,8.252008904912389,7.921981508735547,9.3288420128151,6.274295446953655,14.29372428194833,11.976916707114274,16.4117515160623,aspettativa
j25fru1,133,107,"['parte', 'scuola', 'viaggio', 'memoria', 'enorme', 'sembrare', 'gruppo', 'stanza', 'terzo', 'piano', 'uscire', 'ascensore', 'sembrare', 'finire', 'lato', 'ascensore', 'estendere', 'corridoio', 'fine', 'blu', 'pavimento', 'finestra', 'stesso', 'colore', 'lasciare', 'filtrare', 'luce', 'unico', 'lampadina', 'metro', 'stanza', 'ultimo', 'fondo', 'corridoio', 'porta', 'appendere', 'miracolo', 'notte', 'caduta', 'fare', 'prendere', 'infarto', 'altro', 'stanza', 'piccolo', 'punto', 'passare', 'letto', 'forza', 'passare', 'bagno', 'luce', 'funzionare', 'doccia', 'buio', 'terrazzo', 'laterale', 'tubo', 'uscire', 'odore', 'nauseante', 'rimanere', 'finestra', 'rimanere', 'chiuso', 'generale', 'intero', 'hotel', 'sembrare', 'set', 'film', 'punto', 'notte', 'porta', 'stanza', 'crollare', 'piede', 'pronto', 'eventuale', 'aggressore', 'scappare', 'chiudere', 'occhio', 'dormire', 'cuscino', 'pronto', 'autodifesa', 'dimenticare', 'torta', 'intero', 'hotel', 'buco', 'nero', 'tacco', 'connessione', 'internet', 'compagnia', 'usato', 'faccia', 'altro', 'studente', 'giorno', 'credere', 'stanza', 'avere', 'problema', 'simile']",46.54649321617332,33.81602918036013,28.80478200127942,38.52325702166645,20.883301185552597,44.3659233734206,46.176495633283054,52.95810365394478,aspettativa
j24xggt,25,14,"['primo', 'modo', 'vedere', 'targa', 'costo', 'provocare', 'vecchio', 'carico', 'sale', 'vendicare', 'meccanico', 'film', 'figlio', 'fiore']",6.337475338859213,4.793704505239717,5.454906355636499,4.708989151385328,3.2923502570076915,5.659014677172729,6.204863789670455,7.229159382830735,aspettativa
j24u09n,4,4,"['interessante', 'vedere', 'film', 'preferito']",3.049763689714246,0.9978361957902976,0.9659822757752762,1.062453933490283,0.6844465300227038,2.059503005998474,2.28413469141025,2.8388266109444062,gioia
j246wrp,9,5,"['film', 'persona', 'film', 'preferito', 'momento']",3.14055927689946,2.265688287660154,2.167593412142989,2.5335956404000677,1.7098191438221426,2.5036736707921294,2.8382500672413604,2.882916742654752,gioia
j23qcra,34,25,"['vedere', 'anno', 'rapire', 'ammazzare', 'comportamento', 'fratello', 'tenere', 'occhio', 'eventuale', 'film', 'guardare', 'disegnare', 'scena', 'scrivere', 'cosa', 'inquietante', 'ammazzare', 'animale', 'dimostrare', 'rimorso', 'mostrare', 'dissociazione', 'mancanza', 'avere', 'problema']",10.809775511193994,12.098475371473203,11.743651864978773,12.738674278366743,8.748923019866238,11.62600247273753,13.21087113984489,13.915687034697195,aspettativa
j23klm6,56,48,"['vedere', 'serie', 'fedele', 'evento', 'serie', 'scena', 'lettera', 'telefonata', 'video', 'intervista', 'accadere', 'intendere', 'dire', 'inventare', 'storia', 'base', 'rimanere', 'valere', 'usare', 'nome', 'storia', 'vero', 'primo', 'cosa', 'trovare', 'online', 'cosa', 'stupire', 'film', 'episodio', 'vita', 'strada', 'libertà', 'togliere', 'aggiungere', 'pezzo', 'piacere', 'regista', 'ammettere', 'fatto', 'film', 'storia', 'interessante', 'bisogno', 'intervento', 'sceneggiatura', 'statunitense', 'forte']",25.696923622122032,16.86506742603441,15.901286787791554,18.1458160274669,10.671909473784758,23.64873857260068,26.718653801904388,28.92683749615615,aspettativa
j235puj,45,37,"['domanda', 'difficile', 'scegliere', 'rispondere', 'film', 'legare', 'livello', 'sentimentale', 'capolavoro', 'avvicinare', 'sbaglio', 'mostro', 'sacro', 'quarto', 'potere', 'punto', 'vista', 'bello', 'film', 'gruppo', 'amico', 'vivere', 'avventura', 'avvicinare', 'paura', 'rappresentare', 'comprendere', 'capire', 'diventare', 'effetto', 'salvo', 'amico', 'personaggio', 'caratterizzare', 'avviso', 'ovvio', 'parte']",19.175446188939663,10.765994264865325,10.524594953614297,14.331087497327548,7.673857159731838,18.807790064527598,18.09089339608556,21.970568319413474,aspettativa
j22tngi,29,20,"['vedere', 'centinaio', 'volta', 'estendere', 'riflessione', 'film', 'lista', 'allungare', 'tanto', 'titolo', 'ex', 'scappare', 'film', 'paese', 'vecchio', 'rendere', 'conto', 'finire', 'lista', 'fermo']",8.363649759362763,7.9350926079617725,6.325820124761236,8.144720063250082,4.546731656113645,8.597968508609833,9.256345775627686,10.97810932202567,aspettativa
j229p05,10,7,"['club', 'vedere', 'volta', 'grande', 'film', 'mancare', 'perfetto']",4.167458339836459,2.7082706281071927,2.3957991759312756,2.3844768771306666,1.300504858683291,3.3967555394467768,3.159519640104806,3.8140056002214093,gioia
j21d9a8,26,21,"['fatto', 'basare', 'serie', 'accadere', 'ricordare', 'parlare', 'film', 'serie', 'fedele', 'avvenimento', 'stravolgere', 'inventare', 'fare', 'avvenire', 'coinvolgere', 'pubblico', 'fratello', 'prendere', 'vedere', 'serie', 'generale']",12.085784512983622,6.175341497783723,5.570674831134344,6.476148864907992,3.5500863920059977,11.77118435418339,10.392277364714245,12.461716193871604,aspettativa
j20vklh,6,6,"['casa', 'madre', 'cena', 'film', 'pensare', 'dormire']",4.5752430339261405,2.186496342671014,1.6510524052892277,1.8179550971701015,1.0609690758480697,3.785288881210321,3.051241189801392,3.899693234903561,gioia
j20q9ls,9,7,"['anno', 'guardare', 'nascosto', 'film', 'immagine', 'profilo', 'conoscere']",3.9561894800310364,2.621484963512924,2.402425680529513,3.2824384908175324,1.660788684401433,3.5738175861757906,3.9825022528515763,4.566044936925835,aspettativa
j2055rt,22,14,"['anno', 'credere', 'età', 'standard', 'cominciare', 'guardare', 'film', 'stesso', 'età', 'sembrare', 'cosa', 'strano', 'fatto', 'cosa']",6.78262416126526,4.51318314755698,3.6802354445701266,4.819947256484816,3.10580855495875,7.169247761936506,6.67042740827385,8.264536655749307,aspettativa
j1zzji1,25,19,"['stare', 'gente', 'dire', 'recensione', 'film', 'sapere', 'bello', 'guardare', 'grazie', 'cazzo', 'sapere', 'piacere', 'strano', 'scegliere', 'modo', 'guardare', 'film', 'mondo', 'logico']",10.93160051675161,6.224802800199748,5.725571166946207,6.667349377676791,4.820813469429863,9.839094471638365,10.79717560589375,11.568025008089055,aspettativa
j1zfms1,102,74,"['esperienza', 'piacere', 'ambito', 'lavoro', 'convinto', 'approccio', 'lavoro', 'misurare', 'regolare', 'italiano', 'importante', 'vedere', 'giornata', 'ufficio', 'giorno', 'settimana', 'fare', 'lavoro', 'punto', 'favore', 'innovazione', 'enorme', 'città', 'abitante', 'caso', 'prossimo', 'città', 'avere', 'persona', 'ora', 'macchina', 'vivere', 'esperienza', 'diverso', 'vivere', 'nord', 'piacere', 'avere', 'gossip', 'persona', 'manco', 'dire', 'avere', 'figlio', 'mese', 'lavorare', 'esempio', 'godere', 'trovare', 'cosa', 'mangiare', 'europeo', 'italiano', 'stesso', 'cosa', 'trovare', 'altro', 'aspetto', 'considerare', 'lavorare', 'stesso', 'condizione', 'stesso', 'ambito', 'particolare', 'film', 'italiano', 'vedere', 'esperto', 'evasione', 'fiscale', 'buono', 'cibo', 'vino']",39.00124799685383,22.167793393516657,19.42260851320679,23.209429179996665,15.941608635884323,39.495382254401285,34.44789999396264,44.35776923302422,aspettativa
j1ygkdu,20,18,"['persona', 'avere', 'mezzo', 'interazione', 'dimenticare', 'fare', 'film', 'vedere', 'storia', 'pubblicare', 'correre', 'parco', 'generale', 'sembrare', 'solito', 'tentativo', 'approccio', 'vedere']",9.432041778681313,6.517902034541214,6.7571209825277805,7.456669141999149,4.613401812039106,8.678596536052833,8.115682937599638,10.158722224687445,aspettativa
j1yf5q1,95,77,"['zona', 'osservare', 'abitudine', 'capitare', 'riconoscere', 'persona', 'passare', 'certo', 'zona', 'portare', 'cane', 'stesso', 'ora', 'vedere', 'ragazza', 'correre', 'correre', 'dire', 'mettere', 'occhiale', 'nero', 'chiedere', 'andare', 'correre', 'fare', 'pensare', 'unico', 'cosa', 'sapere', 'parlare', 'impegnare', 'trovare', 'nome', 'trovare', 'zona', 'fare', 'notare', 'funzione', 'cercare', 'gente', 'servire', 'uscire', 'suggerimento', 'dare', 'fatto', 'frequentare', 'stesso', 'zona', 'sapere', 'vicinanza', 'dire', 'voglia', 'impegno', 'trovare', 'persona', 'contattare', 'sapere', 'chiedere', 'determinato', 'zona', 'sembrare', 'pretesto', 'dare', 'bastare', 'sera', 'vedere', 'passare', 'avere', 'informazione', 'dire', 'lasciare', 'perdere', 'fare', 'finta', 'pensare', 'film', 'orrore']",40.24672344843349,24.398272947610337,21.602740295649237,26.200398717293496,15.998558429186133,39.68208992785973,35.70577543701494,44.95915720920994,aspettativa
j1wei28,144,126,"['pensare', 'modo', 'migliore', 'imparare', 'inglese', 'altro', 'lingua', 'combattere', 'fronte', 'guardare', 'film', 'inglese', 'iniziare', 'leggere', 'libro', 'inglese', 'grande', 'sostenitore', 'libreria', 'locale', 'libro', 'inglese', 'costoso', 'avere', 'limitato', 'opzione', 'acquistare', 'libro', 'inglese', 'notare', 'libro', 'inglese', 'vendere', 'prezzo', 'basso', 'libreria', 'altro', 'opzione', 'ascoltare', 'cercare', 'parlare', 'inglese', 'difficile', 'avere', 'sorella', 'fratello', 'amico', 'partner', 'interessato', 'praticare', 'parlare', 'inglese', 'sera', 'settimana', 'metodo', 'importante', 'raggiungere', 'alto', 'livello', 'inglese', 'scrivere', 'inglese', 'scrivere', 'parlare', 'permettere', 'riflettere', 'formare', 'frase', 'cercare', 'usare', 'utilizzare', 'livello', 'inglese', 'alto', 'voce', 'inglese', 'permettere', 'migliorare', 'inglese', 'limitare', 'lingua', 'inglese', 'scrivere', 'permettere', 'elevare', 'inglese', 'livello', 'superiore', 'difficile', 'argomento', 'scrivere', 'modo', 'stimolare', 'cercare', 'nuovo', 'sconosciuto', 'costruire', 'frase', 'complesso', 'caso', 'cosa', 'scrivere', 'lavoro', 'corso', 'universitario', 'scegliere', 'scrivere', 'relazione', 'inglese', 'italiano', 'scrivere', 'tesi', 'laurea', 'inglese', 'università', 'pensare', 'poco', 'tempo', 'paese', 'lavorare', 'modo', 'migliore', 'migliorare', 'inglese', 'avere', 'possibilità']",66.89159079957803,33.614527024706604,31.02392214930021,37.12305782505609,20.9175080210275,64.87893664817503,57.76766347332074,73.98712250930942,aspettativa
j1vzvzq,21,17,"['perdere', 'consigliare', 'guardare', 'film', 'serie', 'grammatica', 'avere', 'bisogno', 'correggere', 'avere', 'soldo', 'investire', 'mese', 'scuola', 'inglese', 'presenza', 'online']",8.258453625963343,6.170648588077265,6.21499733219127,7.104842114316462,3.971701606687171,8.393424613218507,8.133283684795833,10.171950634321703,aspettativa
j1ufeyi,8,6,"['piacere', 'fare', 'inglese', 'film', 'libro', 'fumetto']",3.9211908906939588,1.5164774913400718,1.3426355852837808,1.7819724867746425,1.1020184689678918,2.883308348647928,3.4637754886671352,3.684592755986828,gioia
j1u8pyp,10,7,"['media', 'inglese', 'navigare', 'internet', 'generale', 'serie', 'film']",3.006378756012074,1.9295243508254258,1.8618094911445848,2.248505578466177,1.3853953877911345,2.644834246600309,2.8847384608017834,3.464834835804366,aspettativa
j1u82xb,70,55,"['piacere', 'fare', 'fallo', 'inglese', 'piacere', 'vedere', 'film', 'inglese', 'piacere', 'leggere', 'inglese', 'aiutare', 'ascoltare', 'piacere', 'videogioco', 'inglese', 'gioco', 'ovvio', 'avere', 'dialogo', 'scena', 'lingua', 'leggere', 'aiutare', 'piacere', 'meditare', 'uso', 'app', 'inglese', 'piacere', 'stare', 'leggere', 'inglese', 'argomento', 'interessare', 'legge', 'giorno', 'imparare', 'inglese', 'vedere', 'obbligo', 'fare', 'giorno', 'voglia', 'imparare', 'restare', 'antipatico', 'associare', 'cosa', 'piacere', 'imparare', 'fare', 'fare', 'esperienza', 'positivo']",36.021605138993806,13.387937406514542,12.221499476016536,15.176966823850535,9.8518060987367,32.90856923029743,27.845529467824043,35.42317038124262,gioia
j1u5nio,23,11,"['serie', 'inglese', 'capire', 'cazzo', 'avere', 'probabilità', 'capire', 'vario', 'corretto', 'soluzione', 'funzionare']",6.384049778090748,2.110978927204399,2.4308842409776488,3.1417419225483805,1.633220909381576,6.906118284248922,5.651311845642299,6.922504343401011,aspettativa
j1u3evu,7,5,"['serie', 'inglese', 'incredibile', 'migliorare', 'andare']",3.1265713235663,1.1117260198529173,0.9467677130543788,1.198600113488576,0.6418544541580845,2.5470867425324313,2.5776150042015793,3.1108407842461636,gioia
j1u156r,338,252,"['prevenzione', 'pieno', 'idea', 'vedere', 'giustificare', 'vittima', 'situazione', 'gioco', 'brutto', 'anonimo', 'dire', 'volere', 'avere', 'faccia', 'troll', 'dire', 'uso', 'italiano', 'resto', 'età', 'medio', 'anno', 'gente', 'stare', 'esprimere', 'concetto', 'contare', 'credere', 'vivere', 'anno', 'cultura', 'argomento', 'diverso', 'controllare', 'priorità', 'altro', 'lato', 'persona', 'tipo', 'mettere', 'stesso', 'piano', 'culo', 'omicidio', 'sparare', 'fare', 'paura', 'tedesco', 'gente', 'avere', 'opinione', 'differente', 'caso', 'limite', 'gente', 'avere', 'palla', 'tirare', 'marea', 'discorso', 'natura', 'umano', 'cazzo', 'vario', 'credere', 'avere', 'senso', 'breve', 'uomo', 'donna', 'avere', 'libertà', 'volere', 'volere', 'morale', 'legge', 'impedire', 'giusto', 'fatto', 'vedere', 'strada', 'voglia', 'culo', 'morale', 'legge', 'generale', 'impedire', 'fare', 'futuro', 'possibile', 'sessuale', 'maschio', 'piacere', 'culo', 'fare', 'nuovo', 'affermazione', 'avere', 'senso', 'parlare', 'comportamento', 'tirare', 'ballo', 'marea', 'altro', 'situazione', 'videogioco', 'libro', 'film', 'simile', 'gente', 'virtuale', 'videogioco', 'fare', 'avere', 'palla', 'vita', 'vero', 'punto', 'certo', 'gente', 'tenere', 'occhio', 'controllo', 'solito', 'pubblicare', 'stare', 'fare', 'fare', 'primo', 'possibile', 'sapere', 'vedere', 'telefilm', 'funzionare', 'fare', 'cosa', 'simile', 'caso', 'prevedere', 'legge', 'necessità', 'ovvio', 'avere', 'sospetto', 'fondare', 'andare', 'presenza', 'virtuale', 'tizio', 'povero', 'scemo', 'anno', 'genere', 'bere', 'birra', 'intero', 'reparto', 'controllo', 'sembrare', 'inutile', 'dare', 'fare', 'cazzata', 'piccolo', 'esempio', 'lavorare', 'sicurezza', 'privato', 'personale', 'gente', 'chiamare', 'tipo', 'dinamica', 'cliente', 'chiedere', 'fare', 'piccolo', 'controllo', 'forza', 'ordine', 'luogo', 'fare', 'lavoro', 'pagare', 'euro', 'premere', 'tasto', 'fare', 'persona', 'privato', 'attenzione', 'provare', 'trasferire', 'cosa', 'ambito', 'pubblico', 'più', 'causa', 'legge', 'privacy', 'situazione', 'americano', 'marea', 'agente', 'occupare', 'controllare', 'oltranza', 'marea', 'gente', 'sapere', 'sapere', 'fare', 'sbagliare', 'base', 'contesto', 'sembrare', 'risorsa', 'dare', 'frutto', 'creare', 'costo', 'fatto', 'andare', 'postare', 'dimostrare', 'realtà', 'potenziale', 'criminale', 'fare', 'potenziale', 'criminale', 'potenziale', 'criminale', 'sapere', 'reato', 'conclusione', 'cosa', 'possibile', 'persona', 'avere', 'opinione', 'differente', 'argomento', 'implicare', 'potenziale', 'minacciare', 'ultimo', 'citazione', 'commento', 'fare', 'chiedere']",119.38607128255887,78.51177616475898,79.37758387896868,93.56853429845812,58.09775055153508,126.59449925122358,119.99273926484058,143.97396846169121,aspettativa
j1tz8bj,44,32,"['problema', 'donna', 'donna', 'conoscere', 'avere', 'educazione', 'sessuale', 'capire', 'conseguenza', 'fare', 'dare', 'colpo', 'venire', 'rapporto', 'finire', 'orgasmo', 'classico', 'scena', 'film', 'letto', 'venire', 'grado', 'dire', 'toccare', 'riferire', 'statistica', 'fare', 'continuare', 'avere', 'orgasmo', 'sorella', 'volere']",18.246356837066138,8.075297091611995,8.5127880802518,10.404603071094522,4.87146214669283,17.473983084096012,15.706306971771793,20.241700311809968,aspettativa
j1tz1sv,15,13,"['sapere', 'basare', 'fatto', 'volta', 'moglie', 'vedere', 'film', 'americano', 'letto', 'vestito', 'indossare', 'volta', 'scarpa']",7.71507966418274,3.369226410747359,3.240001495609822,3.430138306427107,2.124265900475113,6.319932432327424,5.407878835570569,6.5835113695036735,gioia
j1tx58c,213,162,"['idiota', 'abituare', 'donna', 'telecamera', 'fermare', 'mano', 'tipico', 'gesto', 'film', 'porno', 'soldo', 'indicare', 'donna', 'marchiare', 'proprietà', 'uomo', 'donna', 'pubblico', 'diretta', 'fase', 'idiota', 'passare', 'liscia', 'volta', 'sapere', 'punire', 'prossimo', 'passo', 'passare', 'stupro', 'diretta', 'stesso', 'livello', 'omicidio', 'pagare', 'azione', 'tendere', 'distinguere', 'cosa', 'continuare', 'fare', 'cosa', 'genere', 'punire', 'pieno', 'colpa', 'legge', 'fare', 'stronzata', 'grosso', 'passare', 'liscia', 'succedere', 'inutile', 'fare', 'stronzata', 'grosso', 'lasciare', 'morire', 'stesso', 'sangue', 'succedere', 'inutile', 'chiaro', 'succedere', 'legge', 'italiano', 'continuare', 'andare', 'civile', 'sessuale', 'cosa', 'grave', 'volta', 'partire', 'sessuale', 'fermare', 'grado', 'civile', 'penale', 'parte', 'legge', 'accordo', 'parte', 'legge', 'guardare', 'caso', 'legge', 'dire', 'sessuale', 'grado', 'penale', 'difendere', 'stare', 'andare', 'civile', 'interpretare', 'cosa', 'giusto', 'piccolo', 'multa', 'donna', 'esagerare', 'guardare', 'succedere', 'valore', 'legge', 'porre', 'difesa', 'vittima', 'legge', 'ricordare', 'volta', 'scrivere', 'sudore', 'sangue', 'lotta', 'intero', 'generazione', 'stronzata', 'servire', 'lavoro', 'porto', 'difesa', 'difendere', 'solo', 'inciso', 'contesto', 'servire', 'sessuale', 'pubblico', 'fronte', 'testimone', 'pieno', 'facoltà', 'indicare', 'pesante', 'azione', 'idiota', 'pensare', 'circostanza', 'credere', 'primo', 'volta', 'caso', 'avere', 'paio', 'spiaggia', 'luna', 'continuare', 'giustificare', 'passato', 'fare', 'volta', 'pagare', 'conseguenza', 'ennesimo', 'sessuale', 'rispondere', 'suono', 'suonare', 'collega']",70.7104913877319,57.52761886919256,56.716929634688846,62.447891470007704,41.36716992403534,74.38614840952243,69.53574766855108,86.4098197091757,aspettativa
j1tvs09,8,6,"['mare', 'inverno', 'film', 'bianco', 'nero', 'vedere']",3.8526628785126515,2.2434869729154463,1.609412981653068,1.9936432302941505,1.3976851996665296,3.2306969572406503,2.8360995412702326,3.6752739152865583,gioia
j1sjzzx,127,90,"['condividere', 'figa', 'commento', 'sentire', 'intelligente', 'usare', 'insulto', 'sfondo', 'sessuale', 'sperare', 'pronto', 'risposta', 'vedere', 'cercare', 'sentire', 'pensiero', 'sessuale', 'vittima', 'esagerare', 'legge', 'proteggere', 'vittima', 'legge', 'creare', 'sangue', 'sudore', 'lotta', 'proteggere', 'vittima', 'logica', 'prendere', 'anno', 'mese', 'logico', 'sessuale', 'reato', 'penale', 'legge', 'penale', 'ammettere', 'ignoranza', 'logica', 'legge', 'giusto', 'utile', 'seguire', 'corso', 'prigione', 'insegnare', 'fare', 'cazzata', 'meritare', 'privilegio', 'guadagnare', 'regalare', 'cretino', 'leccare', 'mano', 'pieno', 'controllo', 'facoltà', 'gesto', 'film', 'porno', 'venire', 'rappresentare', 'donna', 'marchiare', 'uomo', 'telecamera', 'aspettare', 'cosa', 'dire', 'caro', 'dire', 'cretino', 'fermare', 'gente', 'prendere', 'esempio', 'membro', 'società', 'fare', 'conquista', 'sabato', 'sera', 'vero', 'fare', 'cosa', 'fare']",42.339016000711986,31.86749408483397,32.19118149116042,34.96387857441348,24.84322408552603,44.08221868074206,40.008012800761435,51.02434515677243,aspettativa
j1r4var,69,52,"['positivo', 'senso', 'attualità', 'beh', 'positivo', 'senso', 'trovare', 'positivo', 'ordinario', 'fare', 'notizia', 'altro', 'ambito', 'avere', 'elemento', 'positivo', 'cosa', 'negativo', 'manco', 'scegliere', 'dire', 'salvare', 'albero', 'membro', 'anno', 'matrimonio', 'anno', 'scorso', 'storia', 'avere', 'corso', 'periodo', 'benessere', 'crescita', 'negativo', 'positivo', 'resto', 'guardare', 'epoca', 'aria', 'film', 'catastrofico', 'fare', 'paragone', 'fronte', 'opposto', 'cantare', 'andare', 'rendere', 'bello', 'servizio', 'seguire']",25.852944578065916,17.18084307890523,14.792409468810567,18.117138257965742,10.790462419565026,25.88420309830217,25.52676294596835,30.613009253094827,aspettativa
j1qghpj,101,75,"['tema', 'bello', 'episodio', 'piede', 'trovare', 'piccolo', 'capire', 'scopo', 'creare', 'divertire', 'cucciolo', 'avere', 'bisogno', 'continuo', 'stare', 'riuscire', 'copiare', 'mente', 'stimolo', 'gusto', 'film', 'tema', 'francese', 'consigliare', 'piano', 'giusto', 'vedere', 'concetto', 'veicolo', 'stimolo', 'bastare', 'senso', 'droga', 'aumentare', 'dose', 'rischio', 'istinto', 'sopravvivenza', 'drogare', 'società', 'stabilire', 'buono', 'vivere', 'comune', 'tendenza', 'estremo', 'contenuto', 'distratto', 'altro', 'termine', 'logico', 'certo', 'punto', 'cercare', 'tecnologia', 'riuscire', 'star', 'passo', 'scegliere', 'ciclo', 'vita', 'benessere', 'apparire', 'corto', 'vivere', 'dire', 'stanco', 'morire', 'dire', 'avere', 'meccanismo', 'naturale', 'diventare', 'altro', 'specie']",38.51989968846051,23.970428149194376,22.72740831520501,28.98800657635009,18.291916002413174,38.889725038727725,37.3845774925588,43.227864146432545,aspettativa
j1q8hkt,148,101,"['capire', 'caso', 'corpo', 'congelare', 'morire', 'corpo', 'gelato', 'temperatura', 'prevedere', 'morire', 'parte', 'mancare', 'reale', 'mettere', 'tecnologia', 'fine', 'leggere', 'volta', 'mente', 'copia', 'mente', 'copia', 'pensare', 'avere', 'ricordo', 'morire', 'piano', 'immaginabile', 'esistere', 'mente', 'mente', 'continuo', 'evoluzione', 'esistere', 'concetto', 'replicare', 'supporto', 'naturale', 'artificiale', 'diventare', 'gemello', 'certo', 'punto', 'gemello', 'naturale', 'morire', 'altro', 'arrivare', 'problema', 'altro', 'film', 'ricordare', 'titolo', 'personaggio', 'robot', 'stile', 'pietra', 'fantastico', 'ex', 'pilota', 'morto', 'incidente', 'salvare', 'robot', 'professore', 'vaga', 'copia', 'sentire', 'corpo', 'mancare', 'gusto', 'eventuale', 'copia', 'copia', 'ambiente', 'avere', 'problema', 'sensazione', 'trovare', 'via', 'diventare', 'puro', 'considerare', 'fantastico', 'massimo', 'avere', 'sperimentazione', 'fallito', 'elettronico', 'connettere', 'cervello', 'beh', 'dire', 'decennio', 'sviluppare', 'riuscire', 'arrivare', 'replicare', 'problema', 'anno', 'distruggere']",48.477706998430314,37.40745829600876,35.77289273626871,40.84483683284642,25.196282253094328,50.443210293050775,49.76482728132611,57.051107234312184,aspettativa
j1q29sh,51,31,"['vedere', 'miglioramento', 'parlare', 'idea', 'diventare', 'nazione', 'andare', 'dire', 'peggiore', 'periodo', 'milione', 'morto', 'giusto', 'giusto', 'bello', 'cosa', 'portare', 'documento', 'governo', 'sovietico', 'mostrare', 'stesso', 'modo', 'provare', 'documento', 'credere', 'legge', 'unico', 'cosa', 'bello', 'film']",15.726410418903265,9.704965843159073,8.589493083542381,10.06030914006685,6.877499167813149,16.0781262509315,15.230805614932834,18.36197841978102,aspettativa
j1pxw0w,4,2,"['film', 'merda']",0.7347391584258486,0.9711260223021401,1.1573847411981044,0.9764222739274607,1.0786280685500758,0.3821099825801487,1.128718602404565,0.6801688205198776,rabbia
j1pu7mq,124,92,"['rispondere', 'gusto', 'attuale', 'netto', 'altro', 'opzione', 'disponibile', 'vedere', 'immagine', 'scrivere', 'avere', 'effetto', 'simile', 'droga', 'beh', 'giusto', 'pelo', 'leggero', 'tempo', 'televisione', 'avere', 'immagine', 'specchio', 'tipo', 'scorrere', 'sfondo', 'analisi', 'peso', 'caratteristica', 'ultimo', 'avere', 'costoso', 'limitato', 'giocattolo', 'avere', 'senso', 'offerta', 'problema', 'produrre', 'contenuto', 'produrre', 'fare', 'serie', 'selezionare', 'sistema', 'esperto', 'giusto', 'individuale', 'parere', 'offerta', 'risultare', 'migliore', 'livello', 'dispositivo', 'fisico', 'vendita', 'cominciare', 'percepire', 'medio', 'connettere', 'guardare', 'letto', 'camera', 'riguardare', 'artista', 'lato', 'sentimento', 'società', 'società', 'attuale', 'partorire', 'film', 'tragico', 'effetto', 'speciale', 'sostituire', 'assenza', 'trama', 'roba', 'fare', 'serie', 'tempo', 'dare', 'diverso', 'pubblico', 'considerazione', 'produzione', 'netto', 'propaganda', 'classico', 'evidenza', 'moderno']",43.921263729319264,29.764361684292446,29.50922127842078,33.334852661069995,23.12813728376039,48.02949817453639,42.78504079190406,54.94438451809663,aspettativa
j1prjwm,18,14,"['difetto', 'catalogo', 'ricco', 'film', 'raro', 'assenza', 'lingua', 'originale', 'ridicolo', 'scrivere', 'stesso', 'assistenza', 'diritto', 'boh']",6.734459412737827,4.310797429571189,3.823935803661758,4.320900779503961,2.6897756848815417,5.923374591944019,6.956406888877149,7.7033305878224105,aspettativa
j1pks7q,119,83,"['prato', 'università', 'vedere', 'fare', 'attacco', 'bottone', 'cercare', 'stare', 'drago', 'accettare', 'finire', 'mettere', 'parlare', 'atomico', 'profondo', 'carino', 'cultura', 'pensare', 'fare', 'dare', 'appuntamento', 'giorno', 'appuntamento', 'andare', 'fare', 'giro', 'famoso', 'piazza', 'universitario', 'giovane', 'bere', 'fumare', 'fare', 'casino', 'via', 'selvaggio', 'tempo', 'bello', 'posto', 'ricordare', 'film', 'sicuro', 'accordare', 'giorno', 'casa', 'fare', 'conoscere', 'madre', 'giorno', 'presente', 'problema', 'girare', 'vedere', 'tipo', 'occhiale', 'sole', 'sera', 'super', 'imbarazzato', 'chiedere', 'chiamare', 'fare', 'confuso', 'chiamare', 'rispondere', 'madre', 'ora', 'guardare', 'sapere', 'tagliare', 'ponte', 'dire', 'colpa', 'genitore', 'ricadere', 'figlio', 'colpa', 'sapere', 'dire', 'distanza', 'anno', 'spiacere', 'situazione']",43.93345390734619,29.463391983182376,24.84660854550357,31.824374549480734,17.872362106775885,42.1596198703865,37.73750800856279,49.53806438356106,aspettativa
j1pir23,7,6,"['film', 'mettere', 'dare', 'possibilità', 'scegliere', 'lingua']",3.8424871969449548,1.604894205174285,1.1880039756557388,1.8731648518782058,0.8641670688292651,3.172933895175648,3.4223964612474465,4.342463258394003,aspettativa
j1ph66f,27,18,"['amico', 'festeggiare', 'regalo', 'brutto', 'anno', 'dire', 'anno', 'regalare', 'disegnare', 'film', 'ciglio', 'mettere', 'macchina', 'libro', 'pensiero', 'papa', 'risposta', 'angelo']",9.693655714724441,5.386170631783906,4.163860225160596,5.412352260878425,3.7248754514384874,8.99413257809203,9.68861458928646,10.06793151817758,aspettativa
j1ph0e3,143,105,"['appuntamento', 'brutto', 'iniziare', 'anno', 'foto', 'sembrare', 'voglia', 'trombare', 'tanto', 'online', 'chiedere', 'voglia', 'scegliere', 'posto', 'primo', 'impatto', 'vedere', 'bimbo', 'alto', 'dire', 'pensare', 'mentire', 'età', 'portare', 'posto', 'pieno', 'sedere', 'tavolo', 'prendere', 'locale', 'norma', 'uomo', 'moderno', 'pagare', 'carta', 'avere', 'pagare', 'nascere', 'batosta', 'fare', 'scattare', 'voglia', 'tornare', 'casa', 'domanda', 'fare', 'vita', 'rispondere', 'dire', 'parlare', 'spiegare', 'fare', 'vita', 'attore', 'argento', 'fare', 'fare', 'vincere', 'premio', 'persona', 'alzare', 'piede', 'festival', 'vero', 'avere', 'pagina', 'prendere', 'curiosità', 'chiedere', 'film', 'fare', 'sapere', 'vedere', 'riconoscere', 'citare', 'nome', 'mezzo', 'sentire', 'fare', 'film', 'serie', 'aprire', 'mondo', 'cinema', 'tavolo', 'amico', 'fare', 'finta', 'cosa', 'urtare', 'sera', 'parlare', 'fare', 'dote', 'attore', 'fare', 'personaggio', 'tipo', 'amico', 'spaccare', 'tempo', 'smettere', 'fondo', 'piacere', 'argento']",57.167554975978035,30.791302200143058,28.759164229527816,34.13025251144657,20.57636746775946,53.623048362358006,52.62752230852613,64.28503093840314,aspettativa
j1pgov7,72,49,"['vivere', 'futuro', 'variabile', 'possibile', 'vivere', 'futuro', 'andare', 'giusto', 'anno', 'guerra', 'nucleare', 'fatto', 'cosa', 'migliorare', 'medioevo', 'significare', 'migliorare', 'stesso', 'maniera', 'futuro', 'scenario', 'post', 'film', 'dipendere', 'durare', 'tempo', 'medio', 'avere', 'senso', 'caso', 'medico', 'specifico', 'particolare', 'merito', 'mente', 'parte', 'caso', 'capire', 'risposta', 'domanda', 'intendere', 'dire', 'sbagliato', 'esistere', 'risposta', 'giusto', 'sbagliato', 'poco', 'osservazione']",23.005766436103084,18.3647110142665,16.271162967657858,20.063389725262123,12.223475969320836,25.322050910587226,25.07626638406461,28.96258182888836,aspettativa
j1pf6io,8,6,"['guardare', 'film', 'anno', 'studioso', 'beccare', 'studioso']",2.898564178717354,2.7692824633291098,2.179849213185025,2.5050235794453317,1.961283072266897,2.7992869836179657,3.6918498084877385,3.7699003479381004,aspettativa
j1p9jly,30,17,"['anno', 'film', 'cosa', 'invasione', 'anno', 'gustare', 'cosa', 'piacere', 'caldo', 'registro', 'guardare', 'comodo', 'scadere', 'mese', 'pensare', 'usare', 'volta']",8.122772469865595,6.864444111302718,5.799853842057571,6.247738037200995,4.846668412100755,7.522979846763617,7.669878695399795,9.305276891638888,aspettativa
j1ny6xg,100,64,"['totalmente', 'accordo', 'guardare', 'film', 'anno', 'studioso', 'realtà', 'opposto', 'significare', 'perdere', 'film', 'impegnare', 'saga', 'nascere', 'sapere', 'nonno', 'nonno', 'film', 'capolavoro', 'sci', 'bello', 'contenuto', 'metà', 'pieno', 'mano', 'volta', 'fenomeno', 'cultura', 'pratica', 'originale', 'restare', 'punto', 'volta', 'versione', 'originale', 'attore', 'dire', 'invasione', 'corpo', 'conoscere', 'leggere', 'fumetto', 'fare', 'appassionare', 'genere', 'versione', 'terrore', 'spazio', 'scrivere', 'indiano', 'perdere', 'recente', 'stile', 'cosa', 'vivere', 'successo', 'file', 'calcolare', 'film', 'genere', 'consiglio', 'confine', 'realtà', 'anno']",35.539601062529755,22.385530578958942,18.879726621674987,22.75165665712337,13.60789256850338,33.448681606183904,32.6527536777251,40.046285642148725,aspettativa
j1nxw6s,20,18,"['volta', 'capitare', 'passare', 'tempo', 'scegliere', 'cosa', 'guardare', 'chiudere', 'finestra', 'temporale', 'guardare', 'film', 'fine', 'guardare', 'ora', 'rimanere', 'ora', 'lavoro']",7.431063776300296,7.967927013063936,6.0003712221340235,8.045770998182977,4.446087820643269,7.453547680827715,8.868027821575687,10.389219694609928,aspettativa
j1njlkc,12,5,"['film', 'concetto', 'cultura', 'americano', 'anno']",2.2436799448591103,1.5720384123423694,1.4012059941883215,1.4801177643219816,0.8398741813090902,2.3291672392051455,2.298719784860108,2.7455429033431846,aspettativa
j1nh66b,8,7,"['fregare', 'fine', 'importante', 'smettere', 'generare', 'film', 'originale']",3.294347186255034,3.0052375553205417,2.9614660761807965,3.043524328830497,2.0778581399383564,2.609859678698575,3.294842006774387,3.916223214491641,aspettativa
j1nbzob,8,8,"['dubbio', 'togliere', 'tema', 'film', 'rimanere', 'sceneggiatura', 'critico', 'stesso']",3.336896654981647,2.9679349553831336,2.724695816305136,3.254488071138295,1.7143511882833178,3.3221120389900194,3.6861368362788864,4.350451569992755,aspettativa
j1nb50t,7,5,"['film', 'creativo', 'originale', 'fumetto', 'propaganda']",3.0699770861563596,1.6111152292609598,1.7482779472412058,2.0326921736379626,1.5176188804603106,1.9842294981173583,3.1074140126064727,2.8183228808810163,sorpresa
j1n8did,8,6,"['bello', 'tempo', 'ora', 'film', 'durare', 'ora']",2.936125029511091,2.506017381702924,1.5026664815135136,2.4361472915505815,0.9615153052022852,2.8308914984991613,2.907633332839427,4.0179516724987785,aspettativa
j1n86gs,22,19,"['pubblicità', 'guardare', 'film', 'cazzo', 'sottolineare', 'anno', 'taglio', 'pubblicità', 'avere', 'minimo', 'senso', 'pubblicità', 'sembrare', 'mettere', 'scegliere', 'pubblicità', 'quarto', 'ora', 'fanculo']",6.690633661190746,6.0686670448908675,5.938750890270552,5.767549221416649,4.886101002014617,7.373063469074023,8.894021084992819,10.513950096393028,aspettativa
j1n5vt4,20,18,"['aprire', 'canale', 'anno', 'mandare', 'onda', 'stesso', 'serie', 'voglia', 'vedere', 'film', 'minuto', 'iniziare', 'finire', 'mettere', 'mezzo', 'altro', 'minuto', 'pubblicità']",8.961752338060366,5.434085153786595,4.51006399288898,6.324279713795502,3.747825916951863,8.127176554302094,8.674041001285602,10.766712188094811,aspettativa
j1n4k09,14,9,"['problema', 'causa', 'retorica', 'sentire', 'inizio', 'film', 'caduta', 'aspettare', 'vero']",4.020246564034315,4.0805178670875355,4.026773967547521,4.655191208259179,2.519819673481275,4.285428787518484,5.2279327137888965,5.310276630103626,aspettativa
j1n2f55,21,14,"['volta', 'fare', 'trovare', 'cosa', 'interessante', 'bene', 'male', 'volta', 'registro', 'programma', 'film', 'interessare', 'ultimo', 'opzione']",6.850000732974716,4.8295931583643945,4.484435716615022,4.473828519120479,3.08094636436957,6.407045813686937,6.44638752058914,8.357716831127577,aspettativa
j1mtlkj,10,6,"['tempo', 'scegliere', 'film', 'accendere', 'massimo', 'poco']",2.9342359288086066,2.6527412362909693,2.223467655493442,2.744316651168202,1.1809033403419673,2.93694873100385,3.01928505715104,3.7824276628106244,aspettativa
j1mnke4,139,102,"['limite', 'sicuro', 'rientrare', 'categoria', 'anno', 'vista', 'poco', 'causare', 'scuola', 'vicino', 'amico', 'comune', 'uscire', 'conversazione', 'interessante', 'avere', 'giorno', 'autobus', 'piano', 'andare', 'cenare', 'tempo', 'andare', 'locale', 'zona', 'trovare', 'ristorante', 'minuto', 'piede', 'posto', 'trovare', 'strada', 'paese', 'centinaio', 'metro', 'centro', 'storico', 'smettere', 'avere', 'marciapiede', 'terra', 'lato', 'strada', 'lato', 'striscia', 'bianco', 'campagna', 'immaginare', 'succedere', 'furgone', 'prendere', 'velocità', 'esagerato', 'braccio', 'sinistro', 'gamba', 'terra', 'fortuna', 'toccare', 'rialzare', 'dolore', 'lacrima', 'testa', 'strapieno', 'fare', 'figura', 'eroe', 'film', 'polvere', 'continuare', 'giornata', 'provare', 'capire', 'posteriore', 'uomo', 'avere', 'occhio', 'orbita', 'capire', 'dare', 'continuare', 'appuntamento', 'fine', 'discorso', 'sguardo', 'bello', 'prendere', 'matto', 'obbligare', 'andare', 'ospedale', 'lastra', 'morale', 'favola', 'rompere', 'rivedere', 'prendere', 'pazzo', 'fare', 'tirare', 'vedere', 'soldo']",47.46002430355928,29.509837195183835,27.034378019834577,34.771234247248216,19.225447760831972,46.654247224648614,44.74769468286741,56.166959770988896,aspettativa
j1mhvdl,11,9,"['fatto', 'finto', 'telegiornale', 'film', 'fare', 'passare', 'voglia', 'vedere', 'televisione']",4.94468191391166,3.5662766216395267,3.101369849739766,2.9502721541315045,2.6294153455812115,4.032206887915664,4.141799959066191,5.143195644798219,aspettativa
j1m07c0,8,6,"['ottimo', 'motivazione', 'ricordare', 'bambino', 'iniziare', 'film']",4.776859550597845,1.9086146611125878,1.2544786693036156,2.081419384198915,0.9802152524368062,3.4938820238730717,3.2473298044672934,3.510858064259123,gioia
j1lzehn,28,19,"['volta', 'film', 'iniziare', 'avere', 'paio', 'pubblicità', 'mezzo', 'orario', 'iniziare', 'minuto', 'avere', 'minuto', 'pubblicità', 'causa', 'orario', 'finale', 'anno', 'solo', 'canale']",8.457799784177222,6.898999471737884,5.68018330575204,7.750398625120838,4.146253606336856,8.462263824356818,8.356547898311844,11.373664057214766,aspettativa
j1lxxap,43,33,"['serie', 'film', 'rimanere', 'varietà', 'diretto', 'solito', 'pubblico', 'giovane', 'evento', 'sportivo', 'nazionale', 'mondiale', 'calcio', 'evento', 'televisivo', 'storico', 'festival', 'chiaro', 'perdere', 'fascino', 'parlare', 'orario', 'primo', 'serata', 'iniziare', 'tenere', 'canale', 'tempo', 'crollare', 'forza', 'proporre', 'nuovo', 'pubblicità']",17.610891133881147,11.535391336882626,9.931717306970993,11.445486687657116,7.161075599645894,15.03980713249627,16.06530220214573,18.36769561500159,aspettativa
j1lvqjt,14,10,"['esempio', 'classico', 'cazzo', 'pensare', 'fatto', 'programma', 'interessante', 'film', 'recente', 'tentare']",5.21095383166701,2.762771112543938,2.8996917743381507,2.997202245538797,2.0335098313766817,5.276032771602519,5.0385432386652464,6.356628941624847,aspettativa
j1lv8nm,33,21,"['problema', 'film', 'serie', 'vecchio', 'riproporre', 'anno', 'fatto', 'scomodità', 'trovare', 'volere', 'possibilità', 'mettere', 'pausa', 'anno', 'passare', 'cazzo', 'accendere', 'guardare', 'canale', 'caso', 'inutile']",9.453661691122111,7.637775811760569,7.35945985102733,7.760732374982516,4.421669510691493,9.297335233279652,10.874814499199118,11.617517266123224,aspettativa
j1ltte5,31,21,"['amare', 'film', 'anno', 'cercare', 'sapere', 'cercare', 'problema', 'effetto', 'caos', 'trovare', 'solito', 'tempo', 'lavorare', 'avere', 'tempo', 'perdere', 'offerta', 'avere', 'senso', 'cosa', 'guardare']",9.947834920934232,8.671141501896134,7.6882632132569935,8.468786844370548,4.434720857664298,10.241828852857884,10.42918450880399,12.159148923679346,aspettativa
j1ls6zf,1,1,['film'],0.6555871386748866,0.5348626256434147,0.4428678233888925,0.5634105258207514,0.2786202049602042,0.2656593396527435,0.6170213862130943,0.5404521847039313,gioia
j1log20,3,1,['film'],0.6555871386748866,0.5348626256434147,0.4428678233888925,0.5634105258207514,0.2786202049602042,0.2656593396527435,0.6170213862130943,0.5404521847039313,gioia
j1lnaq2,6,4,"['vedere', 'film', 'interessare', 'vedere']",2.9651923250155363,1.1393992557511134,1.090414785831321,1.129496766998192,0.8310268712621021,1.9089423188530783,2.2281483286184383,2.6429351872386704,gioia
j1lijhz,178,133,"['cellulare', 'top', 'costare', 'differenza', 'primo', 'offrire', 'cellulare', 'avere', 'solo', 'modello', 'economico', 'top', 'livello', 'schermo', 'top', 'cosa', 'simile', 'grosso', 'differenza', 'fine', 'offrire', 'differente', 'versione', 'sistema', 'operativo', 'funzionare', 'periodo', 'testimonianza', 'persona', 'avere', 'funzionare', 'comprare', 'mese', 'scorso', 'girare', 'marca', 'diverso', 'marca', 'proporre', 'diverso', 'riguardare', 'computer', 'bisognare', 'fare', 'considerazione', 'modello', 'base', 'computer', 'pensare', 'utenza', 'base', 'garantire', 'anno', 'utilizzo', 'utilizzare', 'regalare', 'laurea', 'stesso', 'motivo', 'facile', 'scrivere', 'sistema', 'operativo', 'mantenere', 'tempo', 'roba', 'top', 'pensare', 'professionista', 'specializzato', 'settore', 'esempio', 'avere', 'super', 'schermo', 'pensare', 'utente', 'medio', 'pensare', 'direttore', 'fotografia', 'film', 'fare', 'post', 'produzione', 'campo', 'scaricare', 'video', 'formato', 'computer', 'servire', 'sistema', 'dare', 'resa', 'colore', 'momento', 'schermo', 'pensare', 'file', 'pensare', 'fotografo', 'professionista', 'fare', 'post', 'produzione', 'vedere', 'cosa', 'servire', 'persona', 'lavoro', 'fare', 'elaborazione', 'video', 'modo', 'diverso', 'parallelo', 'avere', 'immagine', 'finale', 'fine', 'pensare', 'persona', 'fare', 'uso', 'estremo', 'volere', 'durare', 'tempo', 'stare', 'coglione', 'cambiare', 'volta', 'anno']",64.14414511457865,42.292733448169606,38.696060478174985,44.018840600379455,28.940481818959533,68.65856907774,59.03105943001939,78.76068201470366,aspettativa
j1klhk4,62,49,"['credere', 'accordo', 'tempo', 'contrario', 'fatto', 'stesso', 'dare', 'soldo', 'gente', 'comprare', 'fumetto', 'cultura', 'fine', 'passare', 'fretta', 'comprare', 'serie', 'punto', 'investire', 'settore', 'numero', 'biblioteca', 'idea', 'impossibile', 'libro', 'pensare', 'studente', 'povero', 'avere', 'aiuto', 'avere', 'iniziativa', 'sentire', 'riguardare', 'altro', 'roba', 'tipo', 'musica', 'film', 'realtà', 'fumetto', 'potere', 'dire', 'giovane', 'sapere', 'prodotto', 'brutto', 'dire', 'funzionare']",24.30140398690755,18.270753170763477,16.649774755362024,18.504970122407883,11.872317706510357,23.71841394361901,23.68708000910694,27.594190352077483,aspettativa
j1jifpd,23,19,"['film', 'uscire', 'sala', 'cinematografico', 'americano', 'giugno', 'nascere', 'uscire', 'anno', 'giorno', 'fare', 'tempo', 'film', 'amico', 'volta', 'ritrovare', 'risata', 'augurio', 'buono']",12.52005509092009,5.723708012388125,4.682710537509851,6.343325760241153,3.0949234081326313,9.913996150306403,9.87549676351569,11.95806772187111,gioia
j1jfhsn,51,43,"['interpretare', 'carro', 'sbagliato', 'basso', 'carro', 'scrivere', 'volta', 'film', 'dirigere', 'leone', 'fare', 'narrare', 'storia', 'ambientare', 'anno', 'statua', 'raffigurare', 'persona', 'colore', 'catena', 'corpo', 'maglia', 'testa', 'corona', 'statua', 'libertà', 'punto', 'vista', 'credere', 'rappresentare', 'persona', 'colore', 'soggetto', 'particolare', 'modo', 'anno', 'finire', 'carcere', 'nero', 'andare', 'libertà', 'paventare', 'americano']",19.711068741985834,13.507853492525502,11.830728940432357,13.99310630758335,8.335504402592049,20.44614588107012,18.33284206329944,21.909688198344053,aspettativa
j1imieo,23,17,"['usare', 'cosa', 'sapere', 'aggirare', 'sistema', 'fratello', 'guardare', 'cultura', 'film', 'comprare', 'libro', 'filosofia', 'povero', 'canna', 'comprare', 'libro', 'comprare']",8.499920471169014,6.014575829062382,5.580876871177386,5.869387641095663,4.386608998061696,7.630019695088362,8.598281557911097,9.145485349601673,aspettativa
j1ihlsx,19,11,"['cultura', 'venire', 'società', 'libero', 'giudicare', 'cosa', 'piattaforma', 'fare', 'esempio', 'frase', 'film']",5.3675664626659065,2.906191893132862,2.967367213938873,3.5785869061213162,2.549432354561466,5.648821232648528,5.128195058363017,6.192027215285381,aspettativa
j1hkfia,52,39,"['uso', 'servire', 'investire', 'stampa', 'media', 'dubbio', 'porre', 'casa', 'diventare', 'ricordare', 'film', 'normale', 'fare', 'solo', 'esperimento', 'sicurezza', 'sigaretta', 'obbligatorio', 'prendere', 'oro', 'colare', 'esperimento', 'fare', 'sicurezza', 'efficacia', 'fare', 'casa', 'vendere', 'vino', 'buono', 'fonte', 'proprietario', 'mini', 'serie', 'trattare', 'argomento', 'corruzione', 'portare', 'crisi']",18.147183461912093,11.85919393276734,11.062664812765194,12.354798717865728,8.418757002269013,18.505074605957144,16.674158460306824,22.58432796178063,aspettativa
j1hf2yr,23,19,"['logico', 'sapere', 'film', 'fare', 'pensare', 'fare', 'stare', 'trasferire', 'assurdo', 'volere', 'fare', 'parte', 'trovare', 'culturale', 'ragazza', 'impegnare', 'vedere', 'determinato', 'ambiente']",11.3145771776377,5.952831719928571,5.469794895383473,6.561426419038673,3.7283155773968693,10.700192375747969,9.87711609197192,12.811766495861269,aspettativa
j1hehuy,33,32,"['imparare', 'italiano', 'consigliare', 'programma', 'film', 'trama', 'semplice', 'attore', 'parlare', 'modo', 'chiaro', 'lento', 'buono', 'opzione', 'medico', 'famiglia', 'riguardare', 'film', 'provare', 'vita', 'bello', 'film', 'avere', 'trama', 'semplice', 'personaggio', 'parlare', 'modo', 'lento', 'chiaro', 'trovare', 'buono']",18.46578226642244,9.218641603683489,7.713581906612748,9.10855652157098,5.0358290419706,16.652922454416803,15.159305370780222,19.6470399519169,aspettativa
j1hdt3u,52,34,"['vero', 'insultare', 'dare', 'ragione', 'vero', 'vero', 'bolla', 'dire', 'pazzo', 'dare', 'pazzo', 'potere', 'medio', 'domanda', 'parzialità', 'notizia', 'tipo', 'fare', 'bagno', 'sangue', 'fonte', 'propaganda', 'pazzo', 'sangue', 'mangiare', 'sasso', 'pazzo', 'dire', 'pazzo', 'chiamare', 'propaganda', 'propaganda', 'usare', 'film']",13.69537162515716,13.779547365867591,14.349380688346953,16.46450733047221,11.466482602123367,14.478951814307067,16.348373669212975,16.275745217408762,paura
j1hbwuz,17,12,"['provare', 'programma', 'dare', 'onda', 'serie', 'film', 'gratuito', 'cittadino', 'obbligare', 'pagare', 'canone', 'annuale']",5.276836830571462,4.422461682550168,4.548095167296753,4.273092337403022,3.524906116608448,5.139114403732146,5.940150089771229,6.470751954465316,aspettativa
j1h7gzx,69,48,"['giornale', 'letto', 'milione', 'persona', 'chiacchiera', 'bar', 'sparare', 'mettere', 'punto', 'domanda', 'propaganda', 'guerra', 'colpa', 'articolo', 'merdoso', 'coglione', 'politico', 'giornale', 'contesto', 'vedere', 'entrare', 'edificio', 'ragazzino', 'nipote', 'punto', 'domanda', 'rivelazione', 'seguire', 'capo', 'coda', 'matto', 'pericoloso', 'profeta', 'confronto', 'impotente', 'nuovo', 'indiscrezione', 'fermare', 'sapere', 'adulto', 'riconoscere', 'propaganda', 'basso', 'livello', 'titolo', 'giornale', 'avere', 'insegnare']",18.160391039566292,16.017013803758218,18.283451676279334,18.910998190989392,14.204703565112236,19.830729746743934,20.96463803131504,24.369574987462087,aspettativa
j1fhtrx,241,180,"['scrivere', 'togliere', 'alto', 'spiacere', 'avere', 'accesso', 'leggere', 'contrario', 'anno', 'favorevole', 'fare', 'riforma', 'strutturale', 'periodo', 'giovane', 'altro', 'causa', 'riforma', 'durare', 'tempo', 'tipo', 'museo', 'gratuito', 'giovane', 'vino', 'anno', 'teatro', 'gratuito', 'anno', 'musica', 'dipendere', 'libro', 'altro', 'studiare', 'costruire', 'permettere', 'migliore', 'gestione', 'studio', 'minore', 'costo', 'studiare', 'esempio', 'banale', 'analizzare', 'legare', 'altro', 'parametro', 'permettere', 'fondo', 'avere', 'bisogno', 'persona', 'recuperare', 'soldo', 'riforma', 'altro', 'parte', 'anno', 'riuscire', 'crescere', 'fare', 'riforma', 'strutturale', 'dare', 'giusto', 'prendere', 'voto', 'pochino', 'partito', 'rispettare', 'partito', 'mettere', 'ricevere', 'volta', 'scegliere', 'politico', 'accaparrare', 'voto', 'avere', 'classe', 'provare', 'culo', 'piccolo', 'famiglia', 'nuotare', 'soldo', 'avere', 'riuscire', 'cultura', 'avere', 'sconto', 'cinema', 'andare', 'andare', 'vedere', 'film', 'importante', 'avere', 'concerto', 'andare', 'sapere', 'bene', 'male', 'boh', 'sconto', 'musica', 'lira', 'donare', 'genitore', 'settimana', 'esistere', 'libro', 'scolastico', 'libro', 'leggere', 'sbagliato', 'leggere', 'libro', 'avere', 'casa', 'unico', 'sistema', 'potere', 'usare', 'andare', 'biblioteca', 'libro', 'piacere', 'leggero', 'mese', 'pena', 'pagamento', 'ragione', 'volta', 'avere', 'vita', 'giudicare', 'succedere', 'giudicare', 'cosa', 'sentire', 'stare', 'passo', 'tempo', 'avere', 'grosso', 'problema', 'parte', 'stimare', 'cercare', 'combattere', 'stare', 'giorno', 'mostrare', 'culo', 'video', 'livello', 'basso', 'imbarazzante', 'contrario', 'aiutare', 'giovane', 'contrario', 'soldo', 'pioggia', 'senso', 'riforma', 'periodo', 'fare', 'comprendere', 'scusa', 'scrivere', 'discorso', 'complesso', 'affrontare', 'pena', 'rischiare', 'scatenare', 'scontro']",94.23571817681058,58.95444628377918,55.55252009524578,64.6081347502472,38.2922089764679,93.38604148373682,88.65870499824582,108.26730312035669,aspettativa
j1e62iy,69,53,"['persona', 'libero', 'mandare', 'polizia', 'casa', 'stesso', 'modo', 'libero', 'scegliere', 'reagire', 'avere', 'fare', 'persona', 'paradosso', 'generale', 'persona', 'lamentare', 'dire', 'prendere', 'fare', 'commento', 'fare', 'conto', 'fatto', 'persona', 'piacere', 'dire', 'lamentare', 'mamma', 'persona', 'offendere', 'film', 'guardare', 'offendere', 'fare', 'film', 'protagonista', 'parte', 'parere', 'ridicolo', 'fantomatico', 'avere', 'fare', 'milione', 'avere', 'parte', 'identità', 'fare', 'battuta', 'gente', 'paio', 'gente', 'governo']",24.777569718200787,17.240748099142156,17.591892986280943,20.389742465161056,13.217826274590672,25.719529637922463,24.55958576245299,29.458859613514402,aspettativa
j1ds93c,34,23,"['persona', 'tentare', 'riuscire', 'caso', 'esistenza', 'esempio', 'incontrare', 'frase', 'film', 'libro', 'evitare', 'raggiungere', 'pubblico', 'vivere', 'luna', 'intero', 'lungometraggio', 'esponente', 'classe', 'dirigente', 'raggiungere', 'cosa', 'fare']",12.005049248425813,5.466353179498644,5.402290215320853,7.593611990229341,4.479032154219572,11.529961956448702,11.410470693040889,13.259769324260061,aspettativa
j1dqnp3,191,140,"['perdere', 'fare', 'combattere', 'locale', 'combattere', 'truppa', 'ufficiale', 'scudo', 'nucleare', 'funzionare', 'colpire', 'distruggere', 'prendere', 'colpire', 'avere', 'tempo', 'ordinare', 'necessità', 'strategico', 'invadere', 'guerra', 'cercare', 'combattere', 'altro', 'lato', 'dormire', 'fare', 'colpo', 'buttare', 'altro', 'parte', 'risorsa', 'problema', 'strategico', 'avere', 'avere', 'avere', 'rappresentare', 'politica', 'vedere', 'parte', 'pensare', 'fare', 'casa', 'forte', 'pensare', 'fare', 'fare', 'terzo', 'schiavo', 'usare', 'arma', 'vincere', 'ultimo', 'guerra', 'usare', 'tempo', 'ora', 'risorsa', 'lavoro', 'schiavo', 'nemico', 'stesso', 'ragione', 'interesse', 'strategico', 'avere', 'migliore', 'conoscenza', 'tecnico', 'mondo', 'materia', 'primo', 'spazio', 'opprimere', 'territoriale', 'finire', 'dire', 'ciao', 'mare', 'mezzo', 'enorme', 'differenza', 'fottere', 'contare', 'sistema', 'gradire', 'paese', 'centro', 'considerare', 'banca', 'regno', 'unito', 'regno', 'unito', 'banca', 'droga', 'conto', 'vincere', 'impero', 'cinese', 'vario', 'momento', 'storia', 'avere', 'esercito', 'armato', 'regno', 'corruzione', 'uccidere', 'capire', 'servire', 'centro', 'centro', 'contare', 'buono', 'sapere', 'toccare', 'famoso', 'albergo', 'film', 'mini', 'serie', 'modello', 'storico', 'fare', 'nobile', 'mercante', 'criminale', 'mettere', 'accordo', 'grande', 'boss', 'reciproco', 'interesse', 'vincere', 'scontro', 'dirigere', 'alleato', 'stesso']",64.69392238235648,47.76002180875311,51.91321229363581,55.55271154031356,37.269233714960464,70.75446432815885,63.7424221875047,78.24340121343268,aspettativa
j1djcdx,103,77,"['tassa', 'volere', 'conoscere', 'reddito', 'generare', 'sesso', 'produzione', 'distribuzione', 'vendita', 'film', 'oggetto', 'similare', 'mucca', 'compensare', 'emissione', 'gas', 'produrre', 'pagare', 'tassa', 'ombra', 'città', 'italiano', 'avere', 'tenda', 'estendere', 'marciapiede', 'pubblico', 'pagare', 'tassa', 'occupazione', 'suolo', 'pubblico', 'proiezione', 'suolo', 'tenda', 'tassa', 'identico', 'applicare', 'caso', 'scala', 'esterno', 'suolo', 'pubblico', 'imposta', 'tassa', 'caso', 'conosciuto', 'tassa', 'fare', 'parte', 'costo', 'prodotto', 'esempio', 'benzina', 'calcolare', 'totale', 'incluso', 'inciso', 'estero', 'mettere', 'tassa', 'esempio', 'tassa', 'fede', 'registrare', 'cattolico', 'pagare', 'imposta', 'reddito', 'tassa', 'cane', 'avere', 'cane', 'pagare', 'tassa', 'comunale', 'annuale']",30.234872119109202,24.40326690539833,24.9012844159518,26.891490490534075,17.868856646767927,34.476501364205944,33.92089079553875,41.06141688227977,aspettativa
j1cx9pk,25,15,"['problema', 'sapere', 'funzionare', 'fontana', 'fiamma', 'film', 'pompa', 'dire', 'benzina', 'uscita', 'aria', 'piovere', 'terra', 'incendio', 'casa']",7.439680653318424,5.73010900271057,5.94773136859012,6.618232773845314,3.8287286897638637,6.010967790802456,7.0704705208286915,6.847753338152845,gioia
j1cvmcn,26,19,"['pizza', 'normale', 'bastare', 'pensare', 'classico', 'pizza', 'film', 'cartone', 'normale', 'riguardare', 'avere', 'dire', 'caso', 'valido', 'classico', 'merda', 'immangiabile', 'fare', 'avere']",8.973869616006205,5.808835100882562,5.496386139772709,6.538200587225767,5.011464501530857,9.172522017408305,8.531781006709583,10.31190712621586,aspettativa
j1cm1ml,5,3,"['genio', 'film', 'amico']",2.2597836466378345,1.1677888423589695,0.8585518699652886,1.1107144731403351,0.4677747266582304,1.8522526529488736,1.846068566210495,2.207035512989086,gioia
j1aub4z,32,23,"['vecchio', 'amico', 'fare', 'parte', 'parere', 'setta', 'volta', 'fare', 'presentazione', 'scuola', 'manco', 'mettere', 'messaggio', 'volta', 'offrire', 'portare', 'film', 'guardare', 'classe', 'indovinare', 'avere', 'hobby', 'legame']",12.260477129937781,7.657564833342853,6.992978264122851,8.286942039046185,4.899788048493051,12.028978310935566,11.379062064866341,14.062241729165041,aspettativa
j1a9gyz,21,16,"['alternativa', 'fare', 'persona', 'normale', 'stare', 'casa', 'guardare', 'film', 'felice', 'persona', 'fare', 'problema', 'sacrificare', 'tempo', 'genitore', 'incapace']",7.109832138165728,6.278676515887948,5.723919797654017,6.618887468323527,4.099745084489222,8.060409708770008,7.492267959818089,9.56985782660731,aspettativa
j19jywq,39,27,"['passare', 'messaggio', 'tipo', 'giovane', 'andare', 'andare', 'teatro', 'importante', 'provincia', 'primo', 'fila', 'esperienza', 'unico', 'biglietto', 'famiglia', 'vedere', 'film', 'libro', 'università', 'servizio', 'fermare', 'gente', 'chiedere', 'modo', 'spendere', 'fare', 'indignare']",14.531631158821112,9.185580667711607,7.78456388393822,9.071179051374218,6.06033149117238,13.228146769135934,13.31849241658481,16.261304327754647,aspettativa
j19glg2,39,29,"['rispondere', 'autore', 'stare', 'scusa', 'avere', 'anno', 'risposta', 'angoscia', 'credere', 'esempio', 'vedere', 'faccia', 'stupido', 'guardare', 'film', 'bianco', 'nero', 'francese', 'consigliare', 'via', 'età', 'stare', 'tranquillo', 'bastare', 'vita', 'attento', 'ciao', 'buono', 'festa']",15.59587631699807,9.608365742424136,8.52081911699572,9.793385190140425,6.095125086745445,16.109533651457173,13.47542865757947,18.363363971981958,aspettativa
j195d8p,76,58,"['tassa', 'concerto', 'cinema', 'disco', 'chitarra', 'elettrico', 'batteria', 'grande', 'cazzo', 'breve', 'volere', 'passare', 'studente', 'pagare', 'cosa', 'tasca', 'estate', 'cinema', 'andare', 'cinema', 'lira', 'film', 'studente', 'proiezione', 'viaggio', 'carta', 'verde', 'riduzione', 'studente', 'museo', 'mostra', 'disco', 'libro', 'usare', 'concerto', 'centro', 'sociale', 'offrire', 'libero', 'birra', 'lira', 'viaggiare', 'suonare', 'trombare', 'bere', 'video', 'complesso', 'divertire', 'casino', 'cultura', 'saltare', 'tempo', 'dritto', 'terra', 'vedere', 'volere', 'consiglio', 'cagare']",35.151275839466216,17.855298963127073,17.623204181566294,18.65022449238137,12.620449762113624,26.498543147970356,30.042119886571054,32.70043818387137,gioia
j190hct,102,70,"['accordo', 'religione', 'avere', 'impatto', 'minimo', 'sviluppo', 'ragazzo', 'partecipante', 'sembrare', 'gruppo', 'associazione', 'creare', 'generazione', 'gioventù', 'giovane', 'avere', 'influenza', 'bibbia', 'limitato', 'esempio', 'ateo', 'diventare', 'anno', 'religioso', 'prendere', 'ora', 'partecipazione', 'settimanale', 'messa', 'relativo', 'altro', 'libro', 'nodo', 'attività', 'fare', 'saltare', 'spaccare', 'naso', 'pane', 'competizione', 'lealtà', 'partecipazione', 'conseguenza', 'vedere', 'film', 'americano', 'ottenere', 'attività', 'uguale', 'imparare', 'poco', 'fotografia', 'portare', 'imparare', 'spirito', 'competizione', 'struttura', 'complesso', 'prendere', 'leggera', 'andare', 'giusto', 'indispensabile', 'fine', 'settimana', 'mese', 'tanto', 'venire', 'minuto', 'libero']",35.45675159540673,19.246387978447576,18.130302540150968,22.346515376829082,11.32937571099465,35.607974310513356,30.657925811856277,39.98089493864077,aspettativa
j18yq1d,217,160,"['risposta', 'argomento', 'chiamare', 'passare', 'livello', 'livello', 'limitato', 'passo', 'necessario', 'usare', 'vantaggio', 'digitale', 'lasciare', 'parte', 'uso', 'rifare', 'paese', 'sistema', 'nervoso', 'istituzione', 'compito', 'richiedere', 'tempo', 'avere', 'possibilità', 'evoluzione', 'catastrofico', 'fare', 'parte', 'evoluzione', 'umano', 'scegliere', 'volta', 'corso', 'opera', 'errore', 'orrore', 'aspettare', 'travolgere', 'cambiamento', 'avvenire', 'caccia', 'intercettazione', 'classico', 'atto', 'tipico', 'parte', 'politico', 'parte', 'dittatura', 'estremo', 'marginale', 'portata', 'parlare', 'presentare', 'prestare', 'giuramento', 'neoliberismo', 'volere', 'parlare', 'pubblico', 'esistere', 'scherzare', 'moneta', 'avere', 'scopo', 'formale', 'economia', 'moneta', 'scambio', 'strumento', 'fare', 'metro', 'cosa', 'simbolo', 'accettare', 'bene', 'servizio', 'strumento', 'economico', 'tecnica', 'truffa', 'classico', 'privato', 'comandare', 'pubblico', 'fingere', 'realtà', 'governo', 'rappresentare', 'fare', 'consigliare', 'breve', 'estratto', 'anno', 'film', 'parte', 'valere', 'spessore', 'conferenza', 'crisi', 'truffa', 'controllo', 'privato', 'simbolo', 'pubblico', 'moneta', 'fine', 'generale', 'storia', 'oggetto', 'lettera', 'fondo', 'pagina', 'comodo', 'elenco', 'puntato', 'scopo', 'politico', 'trovare', 'storico', 'banca', 'divenire', 'noto', 'governo', 'finanziario', 'discreto', 'comandare', 'cravatta', 'economico', 'esistenza', 'guardare', 'attuale', 'beh', 'vedere', 'libro', 'scuola', 'conseguenza', 'principio', 'basare', 'truffa', 'banale', 'parte', 'semplice', 'facile', 'spiegare', 'avere', 'fare', 'scuola', 'serio', 'formare', 'tempo', 'credere', 'conto', 'cosa', 'nero', 'bianco', 'palo', 'grasso', 'vario']",70.00360328440054,57.7966878363951,55.44561986151896,64.89596235046346,40.860628925004576,79.0760993558018,74.28444687673557,89.61754757247803,aspettativa
j18ymvu,15,11,"['chiudere', 'sembrare', 'guardare', 'film', 'uguale', 'avere', 'tempo', 'aggiungere', 'fatto', 'trovare', 'dipendente']",5.18103592847755,3.2932385807552746,3.3365405634888425,4.2526680801294985,2.046444278386546,5.681204347986242,5.825752458812731,6.868683018535581,aspettativa
j18xnmb,22,20,"['concerto', 'sembrare', 'male', 'massimo', 'cultura', 'sembrare', 'vedere', 'comprare', 'libro', 'tecnologia', 'insegnante', 'comprare', 'libro', 'alunno', 'musica', 'film', 'peccato', 'avere', 'libro', 'prendere']",11.059086822475505,6.282736797683391,6.268719669824954,6.826395842926068,4.689786864236325,9.608237342077366,11.618954653981106,12.755453546311285,aspettativa
j18ntoe,13,11,"['fan', 'serie', 'film', 'meritare', 'guardare', 'fatica', 'parte', 'bello', 'rimanere', 'età', 'oro']",6.422541942292398,3.4569699142155286,3.0500847522910273,3.199139829157646,2.052648959367908,4.589922118008598,5.6289539100191295,6.825743868954519,aspettativa
j18kvt1,74,54,"['realtà', 'cosa', 'andare', 'stare', 'dire', 'atto', 'diventare', 'volere', 'ordine', 'giorno', 'tipo', 'prendere', 'avvertire', 'nervosismo', 'dormire', 'fare', 'cosa', 'dovere', 'fare', 'sesso', 'diventare', 'atto', 'fare', 'corpo', 'chiedere', 'piacere', 'eccitazione', 'avere', 'dare', 'film', 'porno', 'letto', 'godere', 'vita', 'realtà', 'persona', 'soffrire', 'fatto', 'fare', 'sesso', 'uscire', 'corpo', 'vittima', 'consiglio', 'vedere', 'intervista', 'rilasciare', 'distruggere', 'cosa', 'andare', 'raccontare', 'pensare', 'vita', 'volta']",28.80175973170213,17.33445317338618,15.465514924476718,18.564731082688276,11.743190121616983,27.152464742418154,23.63706373326556,33.0119781993573,aspettativa
j18hsnh,130,92,"['ritenere', 'serio', 'causa', 'strumento', 'politico', 'verde', 'lasciare', 'intendere', 'primavera', 'colore', 'dollaro', 'tossico', 'film', 'fumetto', 'abbandonato', 'andare', 'piede', 'sicuro', 'fare', 'piede', 'furgone', 'avere', 'volta', 'caricare', 'dire', 'permettere', 'singolo', 'umano', 'andare', 'piede', 'mezzo', 'riuscire', 'fare', 'cibo', 'servire', 'altro', 'cosa', 'dintorno', 'manco', 'andare', 'piede', 'cavallo', 'barca', 'riuscire', 'parte', 'marginale', 'muovere', 'servire', 'volontario', 'personale', 'amico', 'vivo', 'andare', 'giro', 'mondo', 'aereo', 'casa', 'interessante', 'scusa', 'gamberetto', 'stare', 'mangiare', 'fettina', 'pane', 'salsa', 'cocktail', 'venire', 'negozio', 'prendere', 'piccola', 'indagine', 'tracciare', 'recuperare', 'buono', 'parte', 'cena', 'fare', 'chilometro', 'arrivare', 'parte', 'aereo', 'nave', 'vario', 'tratto', 'camion', 'euro', 'dire', 'reale', 'inciso', 'ottimo', 'esempio', 'ipocrisia']",46.28826316811902,25.418281619116133,23.67796007811583,27.25846370388632,19.009667155997388,43.39472978103988,39.383959808989516,47.682201443052584,aspettativa
j18gg8n,95,69,"['dipendere', 'tanto', 'gruppo', 'finire', 'interno', 'stesso', 'organizzazione', 'tipo', 'trovare', 'super', 'interessare', 'messa', 'cercare', 'possibile', 'stile', 'film', 'americano', 'fissare', 'sport', 'sembrare', 'parte', 'conoscere', 'persona', 'cosa', 'iniziare', 'identificare', 'personalità', 'vedere', 'inferiore', 'fare', 'parte', 'capitare', 'altro', 'settore', 'politico', 'trovare', 'persona', 'capo', 'gruppo', 'convenire', 'scappare', 'resto', 'setta', 'cosa', 'importante', 'solito', 'impegno', 'partecipare', 'chiamare', 'insistere', 'venire', 'momento', 'smettere', 'libero', 'incontrare', 'strada', 'continuare', 'problema', 'entrare', 'gruppo', 'avere', 'ruolo', 'preciso', 'attività', 'svolgere', 'contare', 'organizzare', 'campo', 'complicato']",33.163711235791205,21.78159672240235,21.952603844110833,25.222667423635073,15.990148188191029,35.71429176101176,32.99628657991885,39.73183425887237,aspettativa
j18a97u,197,159,"['riassumere', 'sentire', 'filo', 'vivere', 'solo', 'rottura', 'desiderio', 'avere', 'vivere', 'coppia', 'annullare', 'stesso', 'sopportare', 'compromesso', 'vivere', 'ambiente', 'paura', 'venire', 'lasciare', 'primo', 'difficoltà', 'coppia', 'prendere', 'verità', 'stare', 'mezzo', 'relazione', 'sano', 'prevedere', 'spazio', 'persona', 'serie', 'compromesso', 'volta', 'stare', 'solo', 'supportare', 'partner', 'volta', 'voglia', 'ascoltare', 'fare', 'avere', 'giornata', 'difficile', 'guardare', 'romantico', 'stare', 'altro', 'parte', 'scegliere', 'film', 'incontrare', 'prima', 'fare', 'requisito', 'minimo', 'dire', 'requisito', 'minimo', 'avere', 'lavoro', 'volta', 'dipendere', 'persona', 'comportamento', 'amico', 'riflettere', 'realtà', 'ragazza', 'fare', 'light', 'fare', 'problema', 'fare', 'cosa', 'divertente', 'morire', 'impegnare', 'stare', 'gioco', 'scambio', 'battuta', 'cosa', 'spingere', 'situazione', 'via', 'amico', 'ragazzo', 'avere', 'inseguire', 'portafoglio', 'pieno', 'problema', 'situazione', 'fare', 'appunto', 'offrire', 'volere', 'persona', 'sviluppare', 'certo', 'modo', 'altro', 'parte', 'ricerca', 'stesso', 'cosa', 'pazienza', 'rapporto', 'richiedere', 'tempo', 'tentativo', 'costruire', 'capire', 'modo', 'parte', 'raggiungere', 'compromesso', 'relazione', 'richiedere', 'trovare', 'persona', 'sintonia', 'succedere', 'forza', 'cosa', 'succedere', 'livello', 'superficiale', 'sperare', 'persona', 'complesso', 'richiedere', 'tempo', 'conoscere', 'tipo', 'ascoltare', 'stesso', 'musica', 'amare', 'stesso', 'romanzo', 'avere', 'stesso', 'interesse', 'terribile', 'comunicare', 'emozione', 'capire', 'poco', 'tempo', 'amore', 'vero', 'esistere', 'colpo', 'fulmine', 'complicato', 'impegnativo']",80.01052889381458,54.2129065601387,49.79361645266753,60.29534694019739,33.62446184867177,84.32552720574029,76.95068200105584,93.93611469861634,aspettativa
j1847y0,14,11,"['scarso', 'educazione', 'sesso', 'risultato', 'finire', 'credere', 'accadere', 'film', 'porno', 'modo', 'giusto']",6.379944232966945,3.494126979799227,2.8201601578194953,3.334412106395694,1.956784628348089,6.122361160361122,5.179360557013904,7.062813201659456,aspettativa
j183in7,55,47,"['cazzo', 'vivere', 'avere', 'cellulare', 'cosa', 'indispensabile', 'umanità', 'notare', 'enorme', 'problema', 'insicurezza', 'problema', 'distinguere', 'realtà', 'giovane', 'opinione', 'maniera', 'politica', 'sanità', 'moda', 'poco', 'auto', 'riuscire', 'guardare', 'piuttosto', 'telefono', 'morto', 'incidente', 'dipendenza', 'simile', 'ammettere', 'telefono', 'tavola', 'ristorante', 'vedere', 'gente', 'camminare', 'sedere', 'tavola', 'chinare', 'guardare', 'telefono', 'tristezza', 'anno', 'vedere', 'film', 'sci']",20.616482823395273,17.93088450290891,17.779152381865394,20.44436791753231,12.642526870535152,21.717009494741696,23.36865478160673,26.656451900279357,aspettativa
j17vm4q,40,31,"['rivedere', 'adulto', 'comportamento', 'scenata', 'clima', 'superiore', 'sembrare', 'parlare', 'film', 'edificio', 'ragazzo', 'vivere', 'classe', 'continuo', 'ansia', 'tensione', 'guerra', 'punizione', 'caso', 'voto', 'seconda', 'simpatia', 'iniziare', 'superiore', 'trascinare', 'asilo', 'figlio', 'continuare', 'andare', 'scuola', 'privato']",14.249768891892291,11.018783430523213,11.380682240784477,12.773452902665236,7.820804750455786,15.339862151911975,14.72090774583831,17.91351974238519,aspettativa
j16o2v6,12,10,"['guardare', 'film', 'vivo', 'solo', 'solo', 'colazione', 'pranzo', 'festeggiare', 'boh', 'esame']",5.4317299207637335,3.1303840867896087,2.702533085275082,3.1088284114855793,1.730845654214707,3.35426199696595,4.913359869910293,4.764170887443738,gioia
j16flti,106,88,"['avere', 'rito', 'mancare', 'sensazione', 'provare', 'pomeriggio', 'scuola', 'andare', 'casa', 'padre', 'lavoro', 'giusto', 'birra', 'stare', 'dio', 'sentire', 'libero', 'padre', 'stare', 'tornare', 'passare', 'avviare', 'casa', 'resto', 'piccolo', 'anno', 'piacere', 'fare', 'festa', 'poco', 'compagno', 'scuola', 'succedere', 'paio', 'volta', 'capitare', 'vivere', 'scena', 'film', 'cena', 'compleanno', 'presentare', 'meglio', 'festeggiare', 'amico', 'festino', 'vario', 'pazzo', 'fregare', 'divertente', 'vita', 'cambiare', 'seconda', 'punto', 'vista', 'spensieratezza', 'responsabilità', 'perdere', 'parte', 'rapporto', 'amicizia', 'tempo', 'fermare', 'avere', 'senso', 'trasferire', 'passare', 'parte', 'tempo', 'città', 'natale', 'fare', 'festa', 'tempo', 'passare', 'merda', 'sentire', 'giovane', 'avere', 'anno', 'boh', 'stretto', 'persona', 'volere', 'cura', 'resto', 'contare', 'cazzo']",46.77364067039226,28.514206583863373,24.395839616822418,31.331772249707754,16.783560760269292,45.68893179415538,44.71179644570344,52.160384941135206,aspettativa
j165194,14,7,"['film', 'videogioco', 'versione', 'cellulare', 'vedere', 'profilo', 'occhiata']",4.250114711765971,1.7030622693402753,1.784272777234414,1.9276554343813095,1.2735705195114584,3.210395122128645,3.9061381359029728,4.270771373349502,aspettativa
j14y1pl,22,17,"['vecchio', 'morire', 'piacere', 'fare', 'bene', 'amato', 'cazzo', 'mettere', 'pescare', 'vedere', 'film', 'gioco', 'ora', 'riuscire', 'rilassare', 'maniera', 'malato']",9.819734881630996,5.631205843426322,4.895834504012998,5.914468955796812,3.497690756283418,8.655888759729958,8.757466370612436,9.796430585190505,gioia
j14bpk8,38,31,"['arrivare', 'ritardo', 'intendere', 'dire', 'trama', 'banale', 'punto', 'film', 'ricordare', 'importanza', 'famiglia', 'cosa', 'esercito', 'persona', 'altro', 'vedere', 'rivista', 'pensare', 'stesso', 'dinamico', 'film', 'intendere', 'dire', 'brutto', 'film', 'film', 'godibile', 'scorrere', 'fare', 'livello', 'scrittura']",15.681324959138465,10.832757000865174,9.371631509979917,10.634871274473907,7.448105009690733,14.724135330509425,14.367022253854659,17.543816780717172,aspettativa
j13ljt1,13,10,"['film', 'documentare', 'ora', 'pazzo', 'furioso', 'raccontare', 'cinema', 'modo', 'cinema', 'ideologia']",4.283994692981832,3.578857662551284,3.232089351245425,4.38377170610848,2.2583471605234298,2.8727323284304886,4.7744689563981,4.825763924223581,aspettativa
j13lcg0,41,29,"['caro', 'importante', 'fare', 'venire', 'vedere', 'vita', 'grande', 'trovare', 'giorno', 'solare', 'positivo', 'giorno', 'buono', 'compleanno', 'mangiare', 'film', 'passeggiata', 'fare', 'momento', 'pasta', 'amico', 'portare', 'lavoro', 'festa', 'preparato', 'top', 'scimmia', 'fatto', 'anima']",20.490715680755454,7.198585634632748,5.857105856628527,7.555329108024526,4.300388733164933,17.65737670565961,14.924475639097713,19.413034125757452,gioia
j138o1v,65,57,"['lavoro', 'avere', 'poco', 'soldo', 'giorno', 'stesso', 'passare', 'famiglia', 'strano', 'cena', 'gruppo', 'amico', 'stretto', 'avere', 'tradizione', 'primo', 'giorno', 'weekend', 'disponibile', 'fare', 'mattina', 'sera', 'andare', 'fare', 'colazione', 'pranzo', 'bisognare', 'andare', 'offrire', 'minimo', 'decenza', 'spendere', 'euro', 'costoso', 'fare', 'compleanno', 'diventare', 'giornata', 'girare', 'ristorante', 'locale', 'città', 'occasione', 'motivo', 'tipo', 'guardare', 'film', 'divano', 'fare', 'piacere', 'concedere', 'maiale', 'bere', 'piacere', 'alcol', 'bere', 'compagnia']",32.9647647460627,17.652031052035635,14.935000528606816,17.396508512440377,11.440960861525932,29.618397100108957,25.866643757757082,34.358010930593295,aspettativa
j138gez,7,5,"['esterno', 'film', 'ora', 'tagliato', 'episodio']",1.8812106270050033,2.119697220557374,1.6005992344933457,2.3083784053475194,1.1361953089665657,1.7209476240795256,2.160054936724167,2.2580724281430515,paura
j1381s3,45,36,"['stesso', 'barca', 'avere', 'stesso', 'sintomo', 'fare', 'test', 'risultato', 'positivo', 'avere', 'rito', 'pensare', 'trarre', 'compleanno', 'giorno', 'piccolo', 'festa', 'passare', 'tempo', 'felice', 'ricordare', 'anno', 'avere', 'regalo', 'passare', 'bello', 'giornata', 'tipo', 'cena', 'ristorante', 'concerto', 'film', 'cinema', 'condizione', 'uscire', 'nuovo']",21.77403122463134,10.353680576831588,8.240582203396276,12.461384760921678,5.731049335031584,18.534997377277374,19.05564365482641,22.684559888583713,aspettativa
j1361g1,157,128,"['avere', 'anno', 'problema', 'parte', 'causare', 'utilizzo', 'esistenza', 'generale', 'medio', 'problema', 'generazione', 'differenza', 'precedente', 'includere', 'nascere', 'cellulare', 'mano', 'cellulare', 'cambiare', 'società', 'positivo', 'credere', 'specifico', 'evoluzione', 'medio', 'causare', 'problema', 'utente', 'condividere', 'contenuto', 'certo', 'tipo', 'avere', 'grande', 'influenza', 'altro', 'persona', 'giovane', 'avere', 'esperienza', 'vita', 'generare', 'mondo', 'parallelo', 'virtuale', 'esaltare', 'bellezza', 'ricchezza', 'dire', 'punto', 'vista', 'rivoluzione', 'usare', 'simile', 'rimorchiare', 'giro', 'tempo', 'avere', 'relazione', 'stabile', 'giovane', 'unico', 'vivo', 'credere', 'approccio', 'app', 'cosa', 'triste', 'avere', 'nipote', 'vedere', 'rete', 'misurare', 'base', 'contenuto', 'presente', 'riuscire', 'influenzare', 'precedente', 'generazione', 'pubblicità', 'film', 'serie', 'internet', 'nuovo', 'generazione', 'aggiungere', 'senso', 'perdita', 'valore', 'sociale', 'dovere', 'funzionamento', 'sistema', 'attuale', 'sociale', 'politico', 'economico', 'credere', 'senso', 'appartenere', 'società', 'contribuire', 'funzionamento', 'credere', 'elemento', 'facilitare', 'individualismo', 'fascia', 'età', 'preoccupare', 'sfida', 'esempio', 'rivolgere', 'capire', 'vita', 'fornire', 'modello', 'persona', 'successo', 'soldo', 'politico', 'società', 'individualismo', 'purtroppo', 'credere', 'pesante', 'giovane']",65.74087935453588,40.76939540226135,39.26012085104693,46.126760279802994,27.96362484879005,68.36220063609333,59.368696534731825,74.59782449271603,aspettativa
j1360sb,27,21,"['amico', 'persona', 'volere', 'caso', 'vedere', 'uscire', 'bello', 'film', 'consigliare', 'fresco', 'fresco', 'fare', 'altro', 'cosa', 'stare', 'dovere', 'fare', 'straordinario', 'fare', 'parere', 'giorno']",12.586249632376783,5.875923266436204,5.371494871832212,6.651000472164432,3.967424125489363,11.35201612966676,10.236833980666844,12.95642420363098,aspettativa
j134np9,10,4,"['sicuro', 'italiano', 'film', 'altro']",1.7991814951950582,1.2481339023107834,1.2468967774272692,1.372157575116475,0.8706640722962615,1.6385522574034628,1.8275771490790325,1.9975709127894197,aspettativa
j12w2o1,12,9,"['dipendere', 'film', 'regista', 'occhio', 'stancare', 'fare', 'concentrare', 'cosa', 'solo']",3.371158615760692,4.3490774966209225,3.9375097115462276,3.439221834305326,2.707770384823851,3.7850884628769856,3.6547081616168717,4.25920081803802,tristezza
j12tx42,7,4,"['film', 'ora', 'passare', 'schermo']",1.774955490199217,1.5356840156877598,1.0436496157792803,1.5115507017091432,0.697949926239258,1.610402813006778,1.8417988844026885,2.195107793196682,aspettativa
j12sven,9,9,"['pensare', 'volta', 'film', 'fare', 'cagare', 'doppiaggio', 'italiano', 'fare', 'schifo']",4.1034782734685376,2.946579407669601,3.16030469518543,2.550952114864318,2.997434045442677,3.482743121614134,3.4389797073174186,4.496902053944886,aspettativa
j11i185,7,6,"['pozzo', 'spingere', 'film', 'poco', 'contesto', 'aiutare']",2.2780548047250075,2.4968838519652587,2.1526084466874296,2.857206539725281,1.2565799805149451,2.0679781300990583,2.4497677605470445,2.375378280343659,paura
j11alxx,9,7,"['attenzione', 'film', 'scena', 'bambino', 'crudo', 'impressionabile', 'consigliare']",3.2979611709598275,2.339938547250914,2.4138654502768366,3.377778500389418,2.2494504632740653,2.8743590948820623,4.243438196378345,3.893645941657514,sorpresa
j116evp,5,4,"['film', 'usare', 'classico', 'inquietante']",1.6296677199067315,1.8943545836429032,1.7180518902717978,2.3075445948518993,1.6855844725173532,1.7461875600228431,2.056239411262676,1.7786395869058804,paura
j115x7v,2,2,"['serie', 'film']",1.1380352788742794,0.7452989061155186,0.5966243050700044,0.7093447642078111,0.36234597016665987,0.7523832041985001,1.0165540819808947,1.1669627447573507,aspettativa
j10wuin,5,3,"['trovare', 'film', 'piacere']",2.3317239248751096,0.9960832624415812,0.9898297765023973,1.337614907414644,0.6757137370560979,1.7300574569872955,2.305274004736375,2.2858931059655694,gioia
j10uni0,2,2,"['ricordare', 'film']",1.3665390741376797,1.185320360814178,0.7754338035776669,1.0748654568820224,0.5889019780750404,0.59282297080405,1.0907584164904038,0.7826513032163903,gioia
j10tyld,16,12,"['spunto', 'originale', 'credere', 'guardare', 'sfruttare', 'meccanismo', 'simile', 'corrispondenza', 'svelare', 'film', 'perdere', 'interesse']",5.534332011798795,4.229324058117605,4.058402438669048,4.347337831983065,3.0261253995268933,6.399687168973655,6.552355617378424,7.553245767569071,aspettativa
j10tqca,43,35,"['primo', 'concerto', 'andare', 'avere', 'anno', 'urlare', 'gola', 'canzone', 'memoria', 'film', 'concerto', 'volta', 'scrivere', 'lettera', 'calare', 'album', 'grazie', 'crollare', 'gruppo', 'chiamare', 'preferire', 'parte', 'importante', 'storia', 'musica', 'italiano', 'avere', 'successo', 'sapere', 'stronzo', 'cosa', 'andare', 'cazzo', 'andare', 'capire']",20.37123852573684,12.568810428813444,11.604084402279687,12.30315079317184,7.593402716729848,15.929411042992887,17.239265282025126,19.679068512662383,gioia
j10lscs,7,6,"['stesso', 'colpo', 'scena', 'presente', 'film', 'puro']",3.116005712079705,1.5449773639923965,1.8241316624923567,2.3337071424610825,1.0441439310977174,2.666039580600673,3.223138349888805,3.0897189261446147,sorpresa
j106f0x,50,38,"['film', 'anno', 'sfruttare', 'trovata', 'simile', 'vedere', 'dire', 'colpo', 'scena', 'finale', 'presente', 'film', 'stesso', 'meccanismo', 'presente', 'film', 'italiano', 'noto', 'invenzione', 'primo', 'colpo', 'scena', 'caso', 'avvenire', 'metà', 'film', 'identico', 'fine', 'film', 'parte', 'prevedibile', 'bravo', 'sfruttare', 'effetto', 'sorpreso', 'sviluppo', 'film', 'avere']",18.95066877306438,13.545141931529887,13.674319323630579,15.242839182428735,9.320780252548488,16.440325097997743,21.061781463823365,21.023993048366115,sorpresa
j0zx3fz,28,26,"['guardare', 'film', 'serie', 'lingua', 'originale', 'fare', 'imparare', 'lingua', 'avere', 'esperienza', 'integrale', 'film', 'opinione', 'guardare', 'film', 'lingua', 'originale', 'preferire', 'presa', 'diretto', 'sembrare', 'scegliere', 'alternativa', 'doppiaggio', 'diventare', 'snob']",14.371316456029458,5.989829426610421,6.227101557415531,8.121804812090014,4.577786389113704,13.377499592286142,13.384691512271832,17.347955246343165,aspettativa
j0zwc1n,3,3,"['vedere', 'sesto', 'senso']",1.2133554722046664,0.753562955159179,0.7444648576481168,0.5723950039821889,0.5444491866055662,0.9933031456909704,1.4818813186057898,1.332926802043168,sorpresa
j0zvnkz,12,10,"['causa', 'trovare', 'uomo', 'piangere', 'film', 'dire', 'contrario', 'donna', 'piangere', 'lasciare']",4.3372198800579485,5.47411032658346,5.0945184494714795,5.223997595054103,2.7334163303425565,3.851142836344638,4.838243991458136,4.927322948017683,tristezza
j0zhtvl,15,9,"['fare', 'disprezzare', 'basare', 'concetto', 'videogioco', 'film', 'libro', 'raro', 'simile']",3.5858895720761024,2.0455843746981617,2.320788927844297,2.2829165315533158,1.9045086561706996,3.6522285303753397,4.313102579215228,4.415111238602833,aspettativa
j0zhgqw,15,12,"['ascoltare', 'paio', 'ora', 'musica', 'anno', 'macchina', 'avere', 'traccia', 'film', 'vedere', 'video', 'vedere']",6.7827219649072825,4.018006258424909,3.6777542279347726,4.621640351245198,2.5394295114056615,6.127760966859179,6.216079301057128,6.939257500742161,aspettativa
j0z34rz,19,15,"['possibilità', 'vedere', 'film', 'serie', 'bello', 'giustificare', 'stesso', 'tempo', 'passare', 'altro', 'media', 'potenziale', 'mezzo', 'dipendere', 'sfruttare']",6.646780268803885,5.254231972781619,5.258687772867112,5.789433182434261,3.939800748396772,6.709217555878311,7.341114867613922,8.201323790322816,aspettativa
j0z1w8j,31,26,"['sapere', 'film', 'parlare', 'avere', 'metro', 'giudizio', 'vedere', 'pellicola', 'lingua', 'dire', 'parte', 'volta', 'preferire', 'versione', 'italiano', 'recente', 'trono', 'attore', 'bravo', 'star', 'italiano', 'sembrare', 'inglese', 'personaggio', 'stare', 'cazzo']",13.467646538923656,7.838051348372164,7.936697246584024,8.313259837866134,5.720956214623825,12.595125175386134,12.506903738799897,14.47725542417281,aspettativa
j0z0w35,70,58,"['fare', 'esempio', 'giusto', 'guardare', 'nome', 'originale', 'altro', 'cagata', 'fare', 'cambiare', 'nome', 'film', 'lingua', 'italiano', 'genitore', 'vedere', 'inglese', 'tempo', 'fa', 'inutile', 'dire', 'fare', 'schifo', 'italiano', 'mezzo', 'amare', 'film', 'fatto', 'accento', 'uguale', 'carattere', 'andare', 'diventare', 'personalità', 'isterico', 'cervello', 'parlare', 'usare', 'doppiaggio', 'rimanere', 'capire', 'persona', 'parlare', 'inglese', 'avere', 'reale', 'metro', 'giudizio', 'avere', 'vedere', 'film', 'lingua', 'originale', 'dire', 'doppiaggio', 'rovinare', 'film', 'volere']",29.87660541763807,18.310485048679336,18.996846744772704,20.01951683283324,13.894232845712828,29.324020135593923,26.949141333163244,33.41482967905284,aspettativa
j0yze5o,189,159,"['ultimo', 'anno', 'vedere', 'comportamento', 'fare', 'donna', 'situazione', 'sfuggire', 'mano', 'avere', 'amico', 'donna', 'donna', 'guidare', 'conoscere', 'avere', 'amica', 'donna', 'avere', 'patente', 'macchina', 'fare', 'metro', 'sole', 'auto', 'avere', 'amico', 'anno', 'dovere', 'andare', 'prendere', 'spesa', 'cazzo', 'muovere', 'culo', 'guidare', 'dire', 'sapere', 'guidare', 'donna', 'avere', 'paura', 'uscire', 'città', 'macchina', 'fare', 'ragionamento', 'donna', 'pari', 'diritto', 'uguale', 'usare', 'mezzo', 'ruota', 'super', 'tecnologico', 'fare', 'chilometro', 'gente', 'avere', 'auto', 'usare', 'moto', 'tempesta', 'femminista', 'donna', 'cucinare', 'fare', 'cosa', 'casa', 'lamentare', 'fare', 'fare', 'uomo', 'risultato', 'fare', 'mattina', 'sera', 'fare', 'fare', 'minimo', 'indispensabile', 'dire', 'fare', 'uomo', 'gay', 'cosa', 'sapere', 'succedere', 'amicizia', 'figurare', 'relazione', 'fare', 'voglia', 'fare', 'scusa', 'donna', 'umore', 'temperatura', 'status', 'sociale', 'volta', 'situazione', 'organizzare', 'cosa', 'ultimo', 'dare', 'buca', 'cambiare', 'idea', 'gusto', 'uomo', 'cosa', 'fastidio', 'fare', 'gruppo', 'vedere', 'film', 'uscire', 'telefonino', 'maschio', 'stare', 'telefonino', 'femmina', 'smentire', 'livello', 'attenzione', 'basso', 'maschio', 'minuto', 'cosa', 'passare', 'moda', 'cambiare', 'ristorante', 'andare', 'moda', 'solito', 'esempio', 'buono', 'nuovo', 'cibo', 'minore', 'andare', 'moda', 'andare', 'cosa', 'succedere', 'maschio', 'carità', 'donna', 'riscontro', 'stesso', 'modo', 'fare', 'nuovo', 'generazione', 'notare', 'cosa']",83.10701582139643,42.665791636723036,44.24144079894976,51.82249332455693,30.709855047783048,81.78706250665289,75.0280475280128,96.43461966613033,aspettativa
j0ywxst,18,11,"['cattivo', 'imprenditore', 'vittima', 'boiata', 'bello', 'finta', 'film', 'fantascienza', 'vedere', 'rispondere', 'esprimere']",5.264205738807981,5.269403326448304,5.780057547379217,5.206611404492241,4.034911626969809,4.115430307684421,5.5849016109309595,5.644737266605389,rabbia
j0ywqvo,50,43,"['citazione', 'altro', 'film', 'fare', 'venire', 'mente', 'primo', 'episodio', 'trarre', 'storia', 'breve', 'vedere', 'consiglio', 'italiano', 'chiamare', 'occhio', 'gatto', 'trovare', 'vecchio', 'film', 'dividere', 'parte', 'primo', 'raccontare', 'storia', 'tizio', 'smettere', 'fumare', 'rivolgere', 'agenzia', 'usare', 'metodo', 'forte', 'smettere', 'fumare', 'sicuro', 'partorire', 'anno', 'estremo', 'fare', 'altro', 'parte', 'film']",20.638715449839736,16.318858084211147,15.946728054762097,17.337736580114456,11.217575260071127,20.115989138737877,21.53719940828211,23.48750441370412,aspettativa
j0ywmvu,14,13,"['caso', 'particolare', 'vivo', 'altro', 'persona', 'sembrare', 'ragionare', 'pregiudizio', 'usare', 'razionalità', 'religione', 'film', 'americano']",6.123770290351928,4.222520116734698,4.716705177859597,5.403011005262952,3.9118880767227364,5.791023353986117,7.2195749639996984,6.502296850822964,sorpresa
j0ytpii,26,17,"['bambino', 'riga', 'genere', 'film', 'mettere', 'pieno', 'vedere', 'bambino', 'ebreo', 'campo', 'lasciare', 'vita', 'libero', 'giro', 'prendere', 'culo', 'vittima']",8.932874165360683,5.819273637231738,5.0783142575999225,5.793739528250043,3.5515570309214755,7.818569997130791,8.255681900508145,8.573387120881424,gioia
j0yrg71,26,19,"['fare', 'cagare', 'attore', 'fare', 'espressione', 'unico', 'cambiamento', 'bocca', 'film', 'avere', 'stesso', 'sguardo', 'tono', 'importare', 'cagare', 'fare', 'minacciare', 'trovare', 'cadavere']",9.523454471998349,6.227263776530621,6.458082091820817,7.123385028571091,5.672203721776735,8.20198999944575,8.606449059402312,10.14826657461422,aspettativa
j0yoph8,3,3,"['domanda', 'citazione', 'film']",1.4962594959954063,0.966261745925522,0.993280804382432,1.3412067669654189,0.6144094600185559,1.4955864978975928,1.698043385483822,2.2024655007418676,aspettativa
j0yol2m,16,13,"['sembrare', 'buco', 'trama', 'stare', 'riguardare', 'andare', 'film', 'genere', 'avere', 'trama', 'semplice', 'coerente', 'maledizione']",5.95736805553769,4.009394563681498,3.493022625607942,4.950978539280991,2.9372984012065837,5.71560700424972,5.917863529088651,7.858329654339225,aspettativa
j0yo4xv,5,4,"['primo', 'altezza', 'primo', 'film']",2.4283912760973316,1.1177824651446615,1.058229531305143,1.5533187772735506,0.6400752675201007,1.5653914107576254,2.420273236492119,2.3669060459626095,gioia
j0ynxis,2,1,['film'],0.6555871386748866,0.5348626256434147,0.4428678233888925,0.5634105258207514,0.2786202049602042,0.2656593396527435,0.6170213862130943,0.5404521847039313,gioia
j0ynrn8,36,26,"['film', 'imperiale', 'svolgere', 'servizio', 'militare', 'avere', 'accesso', 'potere', 'rivestire', 'carica', 'pubblico', 'comprendere', 'accesso', 'senato', 'voto', 'antico', 'ginocchio', 'capire', 'dare', 'determinato', 'potere', 'popolo', 'cagata', 'capire', 'politica', 'tipo']",12.589362666776335,7.314454154489212,8.878133914269064,8.706927111464106,6.969197298180739,13.845983987505564,11.525184184321846,15.752819624723719,aspettativa
j0ymt1u,140,115,"['opinione', 'valido', 'acquisire', 'rimanere', 'esaltare', 'film', 'serie', 'bambino', 'sentire', 'dire', 'ragazzini', 'persona', 'considerare', 'inferiore', 'sentire', 'realistico', 'apprezzare', 'scenario', 'proporre', 'anima', 'preferire', 'opera', 'psicologico', 'realtà', 'anima', 'avere', 'tema', 'messaggio', 'profondo', 'personaggio', 'curare', 'film', 'serie', 'successo', 'esempio', 'splendido', 'lieve', 'trama', 'ragazzo', 'media', 'diventare', 'protagonista', 'guerra', 'animare', 'reciproco', 'odio', 'paura', 'conflitto', 'interiore', 'appartenenza', 'fine', 'chiaro', 'lato', 'impatto', 'personaggio', 'stesso', 'consapevolezza', 'guerra', 'esistere', 'lato', 'giusto', 'apparire', 'evidente', 'personaggio', 'avere', 'ricetta', 'analogo', 'soldato', 'cercare', 'fermare', 'guerra', 'civile', 'lato', 'spingere', 'agire', 'rispettivo', 'nemico', 'giorno', 'esistere', 'avere', 'fare', 'vedere', 'puntata', 'sexy', 'no', 'pensare', 'capire', 'anima', 'critico', 'normale', 'vedere', 'rapporto', 'trattare', 'resto', 'villaggio', 'opinione', 'cambiare', 'caso', 'gente', 'pensare', 'guardare', 'cazzo', 'cartone', 'cinese', 'obbligare', 'dire', 'fumare', 'sigaretta', 'fare', 'passare', 'fare', 'male', 'danneggiare', 'passare', 'tempo']",53.71143162811178,39.545157223980496,38.022541490914094,43.5050805858201,29.799562083833592,55.31132728194211,52.31740211848885,64.40587032163965,aspettativa
j0yl47b,21,20,"['guardare', 'contrario', 'gente', 'guardare', 'convincere', 'costo', 'guardare', 'perdere', 'epoca', 'secolo', 'accettare', 'gusto', 'sentire', 'dire', 'cinema', 'venire', 'stare', 'film', 'piacere', 'insistere']",10.107381303007427,7.796269384938595,7.9578161873100814,7.485066538313321,6.138628859585977,9.431899556737402,11.131957393249978,12.761668926615165,aspettativa
j0yjxo3,7,5,"['guardare', 'film', 'dare', 'giudizio', 'concreto']",2.942218148868698,2.063838805504901,1.779338405241031,2.204323909584767,1.1313294837584984,2.8008115853640985,2.854478812224523,3.4803247110420754,aspettativa
j0yj1my,12,11,"['guardare', 'film', 'lingua', 'originale', 'imparare', 'lingua', 'stare', 'tirare', 'fare', 'parlare', 'lingua']",6.910878083752676,2.499134750127308,2.2583060065777976,2.597201939655707,1.712608854904593,5.917329574951113,5.410302742377175,7.277902279259948,aspettativa
j0yi5za,34,28,"['interessare', 'film', 'generale', 'compagnia', 'volta', 'incontro', 'gente', 'nuovo', 'solito', 'storia', 'fare', 'citazione', 'film', 'conoscere', 'fatto', 'conoscere', 'imporre', 'passione', 'tenere', 'persona', 'dare', 'importanza', 'film', 'serie', 'guardare', 'considerare', 'fare', 'sentire']",16.228846797866726,9.128112162433515,8.758421911441268,10.548869202526744,6.194358306645663,14.870087132744297,15.331867623334073,16.66073616564029,aspettativa
j0yghx3,39,31,"['gusto', 'film', 'fumetto', 'serie', 'libro', 'opera', 'teatrale', 'appassionare', 'lasciare', 'riuscire', 'punto', 'vista', 'calcio', 'fare', 'fare', 'appassionare', 'maglia', 'fare', 'voglia', 'vedere', 'colore', 'alto', 'stadio', 'persona', 'conoscere', 'stesso', 'passione', 'valere', 'altro', 'sport', 'chiaro']",18.762157654738424,7.506276660122939,7.600752279105661,8.546706444618293,5.997774673340886,15.508546807033508,16.10766938626796,18.794025393305187,aspettativa
j0yf71e,57,46,"['film', 'concordare', 'fumetto', 'dispiacere', 'sembrare', 'cazzata', 'bello', 'fumetto', 'personaggio', 'restare', 'cuore', 'storia', 'volta', 'complesso', 'trattare', 'tema', 'maturo', 'altro', 'prendere', 'serio', 'leggere', 'altro', 'commento', 'giudicare', 'persona', 'fare', 'passione', 'hobby', 'infantile', 'ridere', 'diventare', 'persona', 'adulto', 'parlare', 'soldo', 'pagamento', 'politica', 'giudicare', 'piano', 'superiore', 'commento', 'esame', 'coscienza', 'capire', 'cosa', 'funzionare']",22.42979284965122,16.38605143015571,15.611084919065824,18.898834547623903,11.821117688376987,22.60443478558712,22.010631422479825,24.66458154993188,aspettativa
j0ycnf7,92,64,"['film', 'privo', 'tensione', 'personaggio', 'spacciare', 'alto', 'fantascienza', 'ennesimo', 'salvare', 'giusto', 'effetto', 'speciale', 'stesso', 'discorso', 'migliore', 'film', 'ultimo', 'anno', 'sapere', 'peggiore', 'italiano', 'meritare', 'bello', 'spacciare', 'anno', 'versione', 'gioco', 'merda', 'esaltare', 'capolavoro', 'mappa', 'fare', 'veicolo', 'arma', 'italiano', 'medio', 'smettere', 'veste', 'vedere', 'piatto', 'tradizione', 'italiano', 'grazie', 'sperimentazione', 'esistere', 'tradizione', 'avere', 'genere', 'ripetitivo', 'noioso', 'primo', 'ascolto', 'eccezione', 'dire', 'altro', 'vero', 'comunismo', 'intellettuale', 'puro', 'lavoro', 'livello', 'visivo', 'girare', 'esaltare']",32.25211163494801,20.542323653107214,20.07447305817589,21.305155518132942,14.82020306899367,29.683137573462098,31.045342931434096,33.97915579645509,aspettativa
j0yc4gn,15,11,"['uguale', 'volta', 'guardare', 'film', 'giornata', 'lavoro', 'discutere', 'fatto', 'attualità', 'risultare', 'interessante']",5.592297269616186,4.11797832737935,3.721096644611187,3.864014109961424,2.758288187804746,4.761743067328368,5.084994685014956,6.469192143969795,aspettativa
j0ybiuw,18,9,"['aggiornamento', 'legge', 'genere', 'sesso', 'categoria', 'film', 'lingua', 'originale', 'pizza']",5.348639415863334,1.61723160921405,1.5275783231927997,2.323607811793705,1.24874818778399,4.57362442261294,4.2399613204105515,5.836125156538989,aspettativa
j0yayc8,9,7,"['fare', 'film', 'storia', 'sviluppare', 'posto', 'superiore', 'fare']",3.6377797025360734,2.0225380979330496,1.9582899968085585,2.2433553697061357,1.2796769403300692,3.7023523273940064,3.3705249437856053,4.8489923903126195,aspettativa
j0yaltq,11,10,"['ironia', 'brutto', 'persona', 'adorare', 'sognare', 'film', 'film', 'regalare', 'momento', 'gioia']",6.3264806111846905,4.000916353354239,3.407978691571559,3.834883564946067,2.939347749653663,4.492759396589866,5.401557793547976,4.864891137077535,gioia
j0y7me3,19,18,"['fatto', 'cosa', 'fare', 'profitto', 'film', 'arte', 'musica', 'libro', 'regista', 'limitare', 'scelta', 'prodotto', 'artistico', 'utilizzare', 'forma', 'arte', 'creare', 'considerare']",10.965530174075248,6.2789214800022055,5.807480588609192,6.493759237252501,4.136203586835696,8.93223545839996,9.92618191328632,11.528650520204401,aspettativa
j0y7ia4,39,26,"['film', 'apprezzare', 'bisognare', 'possibile', 'insieme', 'ovvio', 'paragonare', 'film', 'valere', 'complesso', 'parte', 'film', 'prendere', 'puntata', 'serie', 'dire', 'riguardare', 'film', 'generale', 'accordo', 'film', 'partire', 'pensare', 'guardare', 'film', 'sbagliare']",13.036031027619911,10.440447206033696,8.907228675802717,10.732517659579553,6.303073344452455,11.459114824488303,13.12320988684879,15.35828416773526,aspettativa
j0y5slp,3,3,"['film', 'fare', 'cagare']",1.5645235989743824,0.9827614897100996,1.0656615803493348,0.9303257041697256,0.8802722102578067,0.9472329939532662,1.2100687684683447,1.4671801177113426,gioia
j0y3177,67,51,"['accordo', 'dire', 'film', 'bello', 'parere', 'opinione', 'scena', 'azione', 'fare', 'creativo', 'parlare', 'impressionante', 'varietà', 'forma', 'vita', 'interessante', 'film', 'esplorare', 'ammirare', 'scenario', 'impossibile', 'parte', 'personaggio', 'punto', 'forte', 'trama', 'stereotipato', 'apprezzare', 'avere', 'interazione', 'figlio', 'fine', 'impatto', 'emotivo', 'scena', 'mancanza', 'fare', 'tragedia', 'trama', 'credere', 'genere', 'film', 'servire', 'complesso', 'trama', 'film', 'piacere', 'film', 'dire', 'ricordare', 'film']",27.067905564112774,18.19594791174234,16.962675334510397,20.24181801868332,11.734870260959875,22.920079831165353,28.252707604187577,30.884549928695375,aspettativa
j0y0c4y,9,6,"['primo', 'serie', 'film', 'nuovo', 'mezzo', 'disastro']",3.0760293391969484,2.366407852077713,2.181211925386565,2.7117837718533484,1.5343077135469936,2.1643147913501966,3.1862110289764662,3.155772480857859,sorpresa
j0xxgzi,14,11,"['avere', 'esperienza', 'idea', 'spuntare', 'scrivere', 'film', 'fare', 'esempio', 'trovare', 'tipo', 'media']",6.143650625533337,3.04345741524755,2.733802105378028,3.952482334124879,1.848450676379358,6.170557025470366,6.3104132928145615,7.863284556809063,aspettativa
j0xs19z,7,6,"['casa', 'fare', 'vedere', 'film', 'autore', 'pubblicità']",3.500609279431969,1.657895504424904,1.3882772731042505,1.5482131777363748,1.1425380115104347,3.1859884473283095,3.0664380622210903,3.8040260375914423,aspettativa
j0xmpat,6,5,"['gente', 'guardare', 'film', 'lingua', 'originale']",3.178591003045979,1.5885245581849754,1.539528095687471,1.9050253184301824,1.3241091627121673,2.60097760715668,3.1208135037457465,3.353739031532833,aspettativa
j0x5q30,6,5,"['fantastico', 'film', 'fare', 'strano', 'nascere']",3.251549026465232,1.2374678084445603,1.085915599066694,1.7204607582913733,0.9816648131304953,2.5421904100348205,3.060508839355329,3.0119869343154804,gioia
j0x52ob,3,3,"['pensare', 'film', 'guerra']",1.295099756786911,2.0959532361783118,1.900499806901214,1.9694818068495294,1.5470844086998834,0.9821156992006735,1.2476961078129938,1.4294763175576266,tristezza
j0wvw3p,18,17,"['film', 'realtà', 'credere', 'esperienza', 'persona', 'crescere', 'reale', 'rappresentare', 'film', 'altro', 'commento', 'vedere', 'dire', 'chiudere', 'telefono', 'fare', 'film']",8.84306006131998,6.056406549098536,5.509138358254571,7.367351109637998,4.127073069235025,8.492717417443519,8.501322381429743,9.82032664009327,aspettativa
j0wn587,11,7,"['ripetitivo', 'film', 'ragazzo', 'appassionare', 'toccare', 'ora', 'film']",3.9157129123302292,2.2265069665926807,1.725849670081833,2.292891275300989,1.491928668325946,3.0727610065415276,3.325530177042394,3.9029457443292133,gioia
j0wk5fm,26,21,"['parlare', 'persona', 'apprezzare', 'generale', 'film', 'serie', 'cazzone', 'fare', 'spegnere', 'cervello', 'rispondere', 'esigenza', 'cercare', 'spegnere', 'cervello', 'cercare', 'esagerare', 'vero', 'problema', 'diventare', 'troppo']",9.510748789148536,8.426449201915549,8.745935312218286,8.619419230139684,6.482576350506326,9.36888970110241,9.918661778546854,11.778610556777,aspettativa
j0wgmsf,35,28,"['italiano', 'film', 'lingua', 'originale', 'critica', 'senso', 'gente', 'scartare', 'film', 'merda', 'scordare', 'originale', 'volta', 'sforzare', 'rendere', 'fedele', 'emozione', 'attore', 'provare', 'comunicare', 'dire', 'italiano', 'bravo', 'mondo', 'vero', 'anno', 'fare', 'cagare']",14.824838458396808,10.550285436781323,10.332333891626114,10.354102515490776,8.02105665748114,13.789718312208873,14.518496225110681,16.164501284280117,aspettativa
j0wggb1,17,14,"['statunitense', 'mangiare', 'casa', 'famiglia', 'ragazza', 'avere', 'piccolo', 'cucina', 'persona', 'dire', 'cosa', 'guardare', 'film', 'americano']",7.782679636382189,4.665040933579875,4.4776280337274414,4.476973579359772,3.163715921600143,7.094756840250036,7.340118588758251,7.808912303920784,aspettativa
j0wgd65,12,11,"['dare', 'ragione', 'persona', 'comune', 'film', 'vedere', 'gente', 'mangiare', 'divano', 'fronte', 'televisione']",6.712244166570937,3.466113121219212,2.980170720737492,3.7120367107587455,2.8060711771499585,5.669973528914302,5.265865847416536,5.803854866185279,gioia
j0wegpo,14,12,"['film', 'fare', 'italiano', 'avere', 'stanza', 'compreso', 'cucina', 'posizionare', 'tavola', 'guardare', 'eredità', 'mangiare']",6.539822507850883,3.1666168776897035,2.9885676002104113,3.0651475550640135,2.305605311660706,6.081069142921606,5.915260946338457,7.741168683177278,aspettativa
j0w6x14,15,12,"['cosa', 'altro', 'paese', 'funzionare', 'grosso', 'carcere', 'stile', 'film', 'post', 'banda', 'strada', 'anno']",6.175409841658408,4.733388309036952,4.451301600927386,5.386959303447526,3.24918480372231,5.629942032183387,6.205450876850244,6.1573347789010375,sorpresa
j0w5akb,7,5,"['film', 'superiore', 'serio', 'tipo', 'esempio']",2.103342474561338,1.9023910687898218,1.6981904946726365,2.1570197806721616,1.3247777616202023,2.8737728200061485,2.495028269733379,3.2841256217894834,aspettativa
j0w3913,51,38,"['film', 'piacere', 'forza', 'commemorare', 'vittima', 'noia', 'mortale', 'trama', 'scena', 'donna', 'fare', 'bambino', 'riga', 'film', 'pieno', 'bambino', 'tedesco', 'sapere', 'ebreo', 'epoca', 'scuola', 'insegnare', 'bambino', 'riconoscere', 'ebreo', 'cittadino', 'tedesco', 'epoca', 'nazista', 'gente', 'bene', 'finale', 'forzato', 'fare', 'piangere', 'migliaio', 'film', 'palla']",18.833292186818035,15.095540967799346,13.997407454291428,14.867557556933606,9.343163510174179,16.39077292320675,18.201423036746426,19.397291924875073,aspettativa
j0w24cb,11,8,"['film', 'accordo', 'fumetto', 'crescere', 'pane', 'mondo', 'infanzia', 'adolescenza']",5.750413635214026,3.3811230062013253,2.7582673638119797,3.3725330369232642,2.06349971992498,4.330240156110989,4.520626197986232,5.426467723045405,gioia
j0w1jbq,12,7,"['vero', 'progetto', 'film', 'media', 'bastare', 'fare', 'film']",3.9496293893320287,2.2446777625014525,1.8775155504479744,2.238221921383434,1.2226404162816535,3.7905754122772235,3.3435632567871307,4.350411963442026,aspettativa
j0vws4h,11,10,"['guardare', 'film', 'lingua', 'originale', 'rendere', 'superiore', 'sembrare', 'esperto', 'doppiaggio', 'sapere']",5.395098124164552,2.5239039366285128,2.1427856241535683,2.588638267292759,1.6274110639543404,5.7078341518352165,5.3217580662543815,6.8652024534712,aspettativa
j0vv3b0,2,2,"['film', 'bambino']",1.4760279626858979,0.8378493789011898,0.6055133422978287,0.8865650041474212,0.4112755117978035,0.9459402510324026,1.3940207014789472,1.0823172161111447,gioia
j0vrj4k,6,3,"['fare', 'ridere', 'film']",2.0942594591873256,0.7448395505261562,0.7107272243293631,0.9358819495090535,0.5029007369929563,1.594487933445563,1.6831682505514673,1.8029219092274475,gioia
j0vlpgg,13,9,"['bello', 'film', 'piacere', 'realtà', 'fare', 'vedere', 'mondo', 'merda', 'tenere']",5.46296278797236,3.11735035901813,3.2230274228403144,3.3044210822622793,2.7651324892636318,4.491606626015436,5.317876534336083,5.691624974541468,aspettativa
j0vlmv6,7,7,"['vedere', 'film', 'parlare', 'generale', 'salvare', 'bello', 'bello']",4.850749373737683,2.1385567860586203,1.9685055464546877,2.263709574411827,1.474040674286193,3.2301558259022976,4.117498105953464,3.8665294839935256,gioia
j0vk1pp,20,17,"['dire', 'perdere', 'mente', 'umano', 'avere', 'offrire', 'fine', 'film', 'storia', 'scorrere', 'occhio', 'esperienza', 'fotografia', 'musica', 'punto', 'vista', 'crescere']",9.49559508317895,7.708940007265569,6.719029424231593,7.18667118435112,4.247527171849284,9.58533200870829,9.249452726121083,10.534669987370314,aspettativa
j0vjf5t,28,19,"['film', 'serie', 'imparare', 'suonare', 'programmare', 'cucinare', 'giapponese', 'palestra', 'amico', 'parente', 'nuovo', 'amico', 'virtuale', 'discutere', 'cosa', 'interessante', 'costruzione', 'montare', 'speciale']",11.787114859516242,4.936028065704283,4.413818382590747,5.791535181721124,3.348583494343119,9.888548174410094,10.064208283532528,11.829569527394872,aspettativa
j0vjf18,53,39,"['pensare', 'stare', 'fare', 'propaganda', 'russo', 'vedere', 'film', 'parte', 'americano', 'liberare', 'regalare', 'carro', 'armare', 'bambino', 'commento', 'occasione', 'mito', 'anno', 'campo', 'rinchiudere', 'nominare', 'punto', 'film', 'indizio', 'svelare', 'trovare', 'famoso', 'ispirazione', 'film', 'venire', 'memoria', 'ebreo', 'finire', 'campo', 'liberare', 'riuscire', 'fuggire', 'liberare', 'sovietico']",20.01460919303285,14.522449689950573,13.284538865840767,15.105671668273137,9.334270965629969,17.050265638229135,19.824118681422604,20.814657565219434,aspettativa
j0vhlf8,10,8,"['generale', 'piacere', 'film', 'casino', 'risolvere', 'piacere', 'finale', 'sorpresa']",4.584544963869722,2.8644108817003193,3.0383469136096415,3.228784404538846,2.3506446516558603,3.689270191591267,4.810204664926552,4.514537751748636,sorpresa
j0vfiy8,11,9,"['film', 'piacere', 'fantasy', 'realtà', 'piacere', 'gente', 'ultimo', 'uscita', 'autore']",4.981627561742226,3.3313866553187395,3.131856588681335,3.7237984165890294,2.254442929615924,4.658661918050845,5.256178405660329,5.320585666680118,aspettativa
j0vf4is,16,9,"['avere', 'genere', 'preciso', 'piacere', 'film', 'storia', 'piacere', 'esempio', 'club']",5.346774512356964,2.694941407239774,2.9653978415663502,3.296522178561069,1.711400862516894,5.22268475003951,4.781549388833325,5.443165071889932,aspettativa
j0vemrq,11,9,"['film', 'generale', 'fare', 'cagare', 'fare', 'ridere', 'milione', 'persona', 'appassionare']",5.058133961338563,2.375361487217593,2.6857544275562186,2.7166061526720977,2.3088425364253973,3.840396756343363,4.2271797368683695,4.596373213299917,gioia
j0vebqw,2,2,"['film', 'piacere']",1.555620476786463,0.785760404850766,0.729943645726091,0.9352667049709946,0.5105459942839312,1.0039558311996981,1.3811936545149686,1.4155128328239237,gioia
j0ve72l,10,7,"['pubblicità', 'film', 'forza', 'rompere', 'scatola', 'attenzione', 'avere']",3.4606598260413906,2.3500023056067083,2.551034824987309,2.841542696763854,1.4434709765152818,2.8351345775704098,3.7893154895282612,4.032117438671365,aspettativa
j0vap0u,20,18,"['massacrare', 'odio', 'primo', 'video', 'odiare', 'buttare', 'tempo', 'fronte', 'schermo', 'generale', 'vedere', 'film', 'serie', 'televisivo', 'serie', 'televisivo', 'film', 'francamente']",6.661994589842891,7.884240975751932,8.062001999870029,7.874805452969798,6.949493747236026,6.042011936604647,7.962282383981999,8.094705164958736,aspettativa
j0v6zlu,6,4,"['avere', 'ragione', 'film', 'comunista']",2.2008636603818474,1.118634585875287,1.290123146538789,1.7278765090720754,0.9249041202210346,2.156166641978319,2.0535072471084623,2.3006139883859404,aspettativa
j0v6q4x,17,16,"['insultare', 'volta', 'dire', 'divertire', 'stronzo', 'stare', 'cosa', 'finire', 'frase', 'vabbè', 'volta', 'organizzare', 'serata', 'film', 'fare', 'cambiare']",7.602859735722324,5.941113803408115,5.74303543851995,5.520199582303508,4.511792509800487,6.595378183634626,7.71688813125957,8.916667159161962,aspettativa
j0v5lcz,5,5,"['piacere', 'film', 'tipo', 'compagnia', 'variare']",3.616593669463832,1.6294508147872502,1.4480072139370912,2.2713430966063637,1.1187950870070138,3.0620968086031484,2.9189863399500133,3.5022273444175407,gioia
j0v4stb,6,5,"['contrario', 'fare', 'film', 'trama', 'semplice']",2.429088201615664,1.6444474970108565,1.5754098571686963,1.4933374231505452,1.0291369313344088,1.7472946072718947,2.212538593646534,2.8259885778270557,aspettativa
j0v2rz8,20,18,"['pensare', 'stare', 'fare', 'propaganda', 'russo', 'vedere', 'film', 'parte', 'americano', 'liberare', 'regalare', 'carro', 'armare', 'bambino', 'prossimo', 'volta', 'verificare', 'scrivere']",9.062490649253618,7.2851143862577565,6.793120687362296,7.283875453184982,4.932494728113843,8.000631825221836,8.225712044805373,9.413142396862183,aspettativa
j0v22vc,4,3,"['smettere', 'vedere', 'film']",1.6987342405501036,1.3369569114213489,1.3715697020030806,1.1877006663953211,0.8218288528783748,1.0564885023922435,1.370868602369883,1.5125343831190163,gioia
j0uph8w,2,2,"['film', 'credere']",1.402788263324013,0.7839256885075487,0.645551891454351,0.8373357104724264,0.3997973023336427,1.1303504198975838,1.0513517003504071,1.0998941720435595,gioia
j0unkx3,6,6,"['primo', 'film', 'alieno', 'blu', 'alieno', 'blu']",3.4786764199010616,1.5795692721677321,1.7857490502332554,2.4535797348432586,1.0128280551353577,2.558532818061693,4.009729679858116,3.384869526506,sorpresa
j0ud61c,16,13,"['piccolo', 'fan', 'credere', 'ascoltare', 'esplorare', 'poco', 'rimanere', 'colpire', 'film', 'enorme', 'perdita', 'mondo', 'musica']",6.882690018670916,5.981751625588754,5.143638129439114,5.575231895383892,3.574426591745416,5.272113478976438,6.811284986115599,6.430711830521915,gioia
j0u96hn,6,4,"['trama', 'pari', 'film', 'approfondire']",2.4691365697569134,1.1149886056261553,0.9701334813943954,1.3446276836763755,0.7657269478704816,2.038359558683609,2.212587740773795,3.0054795271519312,aspettativa
j0u4jvr,13,11,"['rituale', 'gioco', 'tavolo', 'famiglia', 'piacere', 'seguire', 'apposito', 'accadere', 'festa', 'guardare', 'film']",6.921177717485476,2.961956166004669,2.6268076742043487,3.1394620071713293,1.8694207473473416,6.606219699196999,6.382014987302832,7.867363229081248,aspettativa
j0u44hv,2,2,"['rimanere', 'film']",1.2410782349417133,0.9191432889826371,0.6024024322753533,0.7536016606154056,0.37974099327720046,0.5503358589158094,0.8512027774558579,0.969865289922015,gioia
j0u05cz,45,34,"['primo', 'giudicare', 'recensione', 'professionale', 'marketing', 'diffondere', 'operatore', 'professionale', 'pubblico', 'primo', 'avere', 'senso', 'dare', 'fare', 'commerciale', 'avere', 'motivo', 'esistere', 'dare', 'mercato', 'avere', 'anno', 'mostrare', 'volere', 'tecnologia', 'morto', 'camminare', 'film', 'avere', 'trama', 'livello', 'buono', 'biglietto', 'visita']",18.895950544834097,10.080009544853606,9.900671394468333,12.374252034854985,6.567876972411092,20.012346607313557,18.259999356841607,23.493936883620073,aspettativa
j0tz6u7,24,21,"['padre', 'vigilia', 'turno', 'ora', 'pausa', 'pranzo', 'solito', 'cadavere', 'divano', 'sorella', 'giro', 'amica', 'madre', 'messa', 'cena', 'leggero', 'serata', 'film', 'poltrona', 'classico', 'fantascienza']",12.865846063556585,5.937715688896102,4.346212054731741,5.564715014092088,3.149649252028739,10.658908513142036,9.388191734356635,11.372977875341673,gioia
j0tx0k7,6,5,"['indossare', 'film', 'porno', 'fare', 'avere']",3.164486884072967,1.2408206036216751,1.2391955167552158,1.7816645671577644,0.9392978430135069,2.342532283394614,2.386198403055388,3.335038876294457,aspettativa
j0twrkc,2,0,[],0.0,0.0,0.0,0.0,0.0,0.0,0.0,0.0,neutrale
j0tv8cf,10,7,"['mangiare', 'sala', 'pranzo', 'televisione', 'roba', 'serie', 'film']",4.225299124797844,1.9338042174851466,1.627449399081978,1.7019834171465735,1.482864217340184,2.4183826887770548,3.271030794409818,3.510109814480305,gioia
j0ttrbu,11,5,"['anno', 'leva', 'vendere', 'tecnologia', 'sala']",2.7121900801709464,1.210814673341274,0.9328794931651894,1.3338400271732533,0.6768831177493119,2.15872166863689,2.369443822526588,2.7656223169510037,aspettativa
j0tozjm,18,10,"['stesso', 'menù', 'pranzo', 'mela', 'gelato', 'pranzo', 'divano', 'film', 'vecchio', 'scuola']",6.537252862739924,2.4026820621217695,1.924678001867901,2.4518671311656695,1.3005139572642397,4.3005397567541515,4.665686458959217,5.524634987995965,gioia
j0tnhue,11,10,"['ora', 'film', 'aspettare', 'trama', 'complesso', 'trama', 'fare', 'cagare', 'mondo', 'cambiare']",5.090739416001362,3.871585652574689,3.6257704492142055,4.6293446145212265,2.7373321086479856,4.605688820361556,5.684428445341138,7.003087231378947,aspettativa
j0tn64y,6,5,"['film', 'incredibile', 'trama', 'pari', 'film']",3.2071365804730414,1.9182933700031648,1.789623495711042,2.252132210965165,1.2995116173001622,2.003917933295043,3.174570870366572,3.481048986475513,aspettativa
j0tn5s9,44,22,"['semplice', 'grafico', 'anno', 'migliore', 'out', 'auto', 'avere', 'preferito', 'successivo', 'fare', 'scena', 'puntare', 'film', 'serie', 'mondo', 'frenetico', 'ultimo', 'anno', 'gioco', 'cellulare', 'preferire', 'stress']",11.192240907819047,6.537972702646831,6.982737874813944,7.493443429765079,4.123211119828891,10.368570267694507,10.57534304567836,14.019602141509408,aspettativa
j0tm1hq,21,21,"['vero', 'paese', 'fare', 'fare', 'tecnologia', 'permettere', 'avere', 'pizza', 'film', 'durata', 'formato', 'digitale', 'considerare', 'film', 'dirigere', 'bambino', 'durare', 'minuto', 'estero', 'pausa', 'fare']",11.235022260188956,5.451688086990721,4.535854800337971,6.708983936121624,3.06612063545931,11.590458815267137,9.714167512620996,13.702405169364866,aspettativa
j0tf9sa,19,15,"['leggere', 'recensione', 'film', 'bello', 'livello', 'effetto', 'grafico', 'storia', 'lasciare', 'desiderare', 'cosa', 'succedere', 'film', 'vedere', 'sapere']",8.566508249226795,5.751761220622738,4.654781188317332,5.428115364414629,3.1821502751416766,6.8994923905250705,8.057532678328275,8.514562774623059,gioia
j0rx21d,5,3,"['idea', 'film', 'trama']",1.8746387684058132,0.9411267458590125,0.8290641474164799,1.2014953843809355,0.6468703352609846,1.4854643450308176,1.8161902905307916,2.3796963296628255,aspettativa
j0rqtvl,5,3,"['primo', 'film', 'cinema']",2.1372132843719607,1.105842025083623,0.8325990124162239,1.1203085941236886,0.483775954691423,0.9332665489404087,1.8587411937909455,1.9035894979153591,gioia
j0rpaxl,28,24,"['dire', 'sapere', 'personaggio', 'sapere', 'lasciare', 'film', 'commentare', 'permettere', 'spettatore', 'riempire', 'buco', 'opinione', 'idea', 'modo', 'film', 'diventare', 'dire', 'bastare', 'teoria', 'idea', 'buttare', 'finestra', 'film', 'speciale']",11.612236881758804,7.2190801252695955,6.180761412087294,8.138522031191897,5.199641392926282,11.89746545439215,11.32969072126574,13.486621934532343,aspettativa
j0rmy2v,29,19,"['vedere', 'piacere', 'dire', 'primo', 'film', 'cinema', 'evitare', 'tipo', 'proiezione', 'vero', 'soluzione', 'fine', 'esperienza', 'valere', 'pena', 'piccola', 'parentesi', 'scena', 'braccio']",10.067492095412144,6.776760306383657,5.949142217832902,7.230098622423336,4.508070543473955,9.35153246368459,9.013573740827136,12.006315679706336,aspettativa
j0rjyye,8,4,"['curiosità', 'cinema', 'avere', 'biglietto']",2.9962475013417484,0.8749825917811913,0.807276464586679,1.6575373168205871,0.5912691573036145,2.0518823682953,2.4765110566142,2.8465167929479955,gioia
j0qxkts,8,5,"['ricordare', 'tema', 'sangue', 'finto', 'film']",2.1437433443279925,2.9759947344526854,2.634587486287664,2.8681420881285273,2.0236755019959403,1.6019287929266053,2.5674818892695033,1.8877202145812726,tristezza
j0qc82w,65,52,"['fare', 'classico', 'piacere', 'fare', 'medico', 'studiare', 'scuola', 'noioso', 'classe', 'ragazzo', 'liceo', 'classico', 'film', 'muto', 'bianco', 'poco', 'inglese', 'altro', 'lingua', 'latino', 'greco', 'moderno', 'antico', 'riuscire', 'capire', 'scrivere', 'colonna', 'chiesa', 'chiedere', 'bagno', 'studio', 'imparare', 'metodo', 'studio', 'efficace', 'allenare', 'cervello', 'memoria', 'continuare', 'università', 'entrare', 'medicina', 'anno', 'abbandonare', 'altro', 'storia', 'lingua', 'parlare', 'presente', 'liceo', 'imparare', 'studiare']",26.164575658522303,15.361671510972743,13.29188837023614,16.87782730460029,9.834655686565034,27.89622294946217,23.426305344828705,32.429762136074345,aspettativa
j0q4c9r,4,2,"['vedere', 'film']",1.5093892326364307,0.7941253104782953,0.7033597424514881,0.780154683720613,0.5211541632255792,0.8664272157478499,1.1109224534879951,1.191671909804736,gioia
j0pq176,63,49,"['passare', 'cosa', 'anno', 'prescindere', 'piacere', 'gioco', 'ora', 'parte', 'affrontare', 'smettere', 'giocare', 'dare', 'precedenza', 'hobby', 'riprendere', 'giocare', 'ultimo', 'anno', 'tornare', 'voglia', 'giusto', 'continuare', 'hobby', 'appassionare', 'tempo', 'sensazione', 'anno', 'avere', 'fare', 'tempo', 'libero', 'fare', 'gusto', 'cambiare', 'crescere', 'voglia', 'guardare', 'film', 'giocare', 'giusto', 'giocare', 'anno', 'piacere', 'pausa', 'aiutare', 'passione', 'hobby', 'poco', 'tempo']",29.587163897497376,15.126630416169146,12.170498430675764,16.150303584859852,8.42685684985523,28.329975326511633,25.089081677412054,32.56908712643089,aspettativa
j0pkx0w,97,78,"['parere', 'capacità', 'videogioco', 'paragonabile', 'lettura', 'paragonabile', 'sogno', 'misura', 'minore', 'film', 'ricordare', 'videogioco', 'impressione', 'lettura', 'avere', 'realistico', 'persona', 'giocare', 'ora', 'ora', 'lettura', 'presunto', 'capacità', 'scelta', 'singolo', 'numero', 'enorme', 'persona', 'influenzare', 'potere', 'enorme', 'morale', 'debole', 'persona', 'scegliere', 'subire', 'scelta', 'ultimo', 'elezione', 'dimostrazione', 'fatto', 'italiano', 'balia', 'forza', 'esterno', 'scegliere', 'ordine', 'dire', 'mentire', 'dire', 'uccidere', 'bambino', 'vittima', 'anno', 'bambino', 'tornare', 'presunto', 'libero', 'italiano', 'dire', 'esistere', 'ultimo', 'elezione', 'colpo', 'occulto', 'coordinare', 'parte', 'causa', 'condizione', 'politico', 'assenza', 'vero', 'leader', 'sinistra', 'delusione', 'stella', 'elezione', 'libero']",34.74597454383742,28.17779609206788,28.190636822232555,30.9499375518784,22.05606214148688,36.900974267674606,36.456573539271844,42.27771130923216,aspettativa
j0p9ow5,8,4,"['usare', 'film', 'realtà', 'compreso']",2.234206062336155,1.7706303192029849,1.5597328980497043,1.7420406343725077,1.1492472440599284,2.2656129753885557,2.119219013489978,2.379599063166433,aspettativa
j0p36y5,13,8,"['casa', 'film', 'leggere', 'libro', 'cosa', 'vecchio', 'gusto', 'personale']",5.125426459755529,3.4337127952688187,2.6685349028332404,2.91585853471361,2.8549515150664213,4.185231059464003,4.595528906552001,4.6326491097343565,gioia
j0p1t1d,13,9,"['sentire', 'uguale', 'versione', 'film', 'ultimo', 'registrare', 'stare', 'live', 'diverso']",3.7034215913770008,3.3001869318171817,3.300715749612644,3.3821912958692044,2.573620217883499,3.6863655622996525,4.46783090222107,4.954842654194453,aspettativa
j0ox5l9,29,21,"['canzone', 'originale', 'scena', 'film', 'cantare', 'altro', 'arco', 'altro', 'strumento', 'modo', 'grazie', 'cercare', 'minuto', 'cominciare', 'pensare', 'fare', 'minuto', 'film', 'peccato', 'pezzo', 'splendido']",10.96007794417483,6.283046831488465,5.74591080120789,7.58101638922829,3.798392912434491,9.051519497537212,10.666819833703821,12.14662474334929,aspettativa
j0ov34s,16,13,"['film', 'vita', 'cantante', 'gruppo', 'interpretare', 'versione', 'magnifico', 'trovare', 'cazzo', 'parte', 'sperare', 'registrare', 'intero']",7.517136879339402,2.9129491356486117,2.874766148275865,3.443767363473582,2.1258281014995686,6.85391560290581,6.939671700538176,8.07639607439351,aspettativa
j0nr2qy,5,3,"['casa', 'vedere', 'film']",2.3911954040199364,1.196658945130542,0.9868383849259563,1.100169724106018,0.6610317078658121,1.6899725224357864,1.7822140794076695,1.9569320657855216,gioia
j0nglhd,10,9,"['vedere', 'film', 'azione', 'killer', 'perso', 'tempo', 'poco', 'master', 'duello']",2.8992968849083036,4.11463919583168,4.204592831331007,4.3654132259897755,2.4603040217243657,2.9768735076732655,3.786031864321679,4.307660604619758,paura
j0l0b2f,3,2,"['film', 'vedere']",1.5093892326364307,0.7941253104782953,0.7033597424514881,0.780154683720613,0.5211541632255792,0.8664272157478499,1.1109224534879951,1.191671909804736,gioia
j0i544d,68,50,"['ritardo', 'dare', 'risposta', 'piacere', 'film', 'macchina', 'esplodere', 'continuare', 'ridere', 'dire', 'parlare', 'amico', 'cosa', 'capolavoro', 'divertire', 'dare', 'cercare', 'persona', 'piacere', 'azione', 'cretino', 'piacere', 'dramma', 'persona', 'finto', 'ridicolo', 'volta', 'avere', 'impressione', 'avere', 'fare', 'vero', 'dramma', 'malattia', 'lutto', 'gioco', 'videogioco', 'cretino', 'mondo', 'pensare', 'sperare', 'situazione', 'simile', 'chiedere', 'piacere', 'divertente', 'fare', 'sentire', 'colpa', 'chiedere']",25.21381345310405,19.4572822927492,18.40072190769686,20.56294238158384,13.30730706550858,24.718968729062652,26.278529621886697,29.07907494323266,aspettativa
j0fo2ho,21,17,"['dire', 'cosa', 'fare', 'effetto', 'albero', 'fare', 'colore', 'scopo', 'bello', 'bello', 'film', 'spessore', 'film', 'stesso', 'prodotto', 'bello', 'vedere']",10.994559237348934,4.151669128463304,3.67266208351204,4.6816138276745605,2.821113422786937,8.34349682848275,9.079111673437291,10.10669092142275,gioia
j0eg9q0,7,3,"['sembrare', 'chiaro', 'film']",1.5612024272306402,0.868219124192342,0.6636414584810111,0.8253579350888378,0.4158286936934625,1.4125706238234543,1.6312607089024476,1.7809544465462475,aspettativa
j0ci490,17,13,"['vedere', 'canale', 'anno', 'vedere', 'parte', 'programma', 'interessante', 'serie', 'televisivo', 'seguire', 'film', 'vedere', 'vario']",7.046539680430452,3.5330543031581367,2.9803532612896406,3.68055446220057,2.536559884851806,6.215864053945485,6.573726742769418,7.864662930289764,aspettativa
j0cfq70,15,11,"['gemello', 'buono', 'ultimo', 'film', 'avere', 'stesso', 'padre', 'punto', 'trend', 'iniziare', 'rischiare']",6.145153908771956,3.2958419623807176,3.067885183915314,4.014098777448367,1.813982452972358,5.91451989291519,5.047297000389214,6.357791449193497,aspettativa
j0ce98f,29,25,"['finire', 'aspettare', 'piacevole', 'stupore', 'provocare', 'primo', 'sapere', 'abituare', 'cosa', 'ora', 'film', 'ora', 'succedere', 'sapere', 'preparazione', 'terzo', 'film', 'sapere', 'arrivare', 'film', 'vedere', 'innovazione', 'sensazione', 'fare', 'dovere']",14.354090947948581,8.78702110948767,7.639390943076034,9.620899443565424,5.399929026450243,12.620464103290507,13.435925096825287,14.826852785678119,aspettativa
j0cbj7b,20,13,"['primo', 'trama', 'semplice', 'incredibile', 'epoca', 'permettere', 'vivere', 'vero', 'dire', 'dire', 'fare', 'paragonare', 'film']",7.681134266205645,3.9787032556306308,3.7782648206435328,4.324674501264661,2.68359925143373,7.240931633925849,7.288556634916779,9.012336810393109,aspettativa
j0br8mf,26,14,"['tenere', 'giusto', 'vedere', 'film', 'interessante', 'prendere', 'fiato', 'sembrare', 'cervello', 'rapido', 'successione', 'pausa', 'fare', 'pensare']",7.676117313855442,4.639749231908047,4.051362097319259,5.10926474889879,3.1570515476534116,7.171950292929483,7.205849102185689,8.97510382071794,aspettativa
j0bo7t0,16,13,"['suonare', 'male', 'storia', 'semplice', 'fare', 'bello', 'film', 'storia', 'semplice', 'lasciare', 'spazio', 'resto', 'film']",6.9877988957654456,5.421477927787107,4.594690833903583,5.199768459539932,2.9459760616480817,4.941475156885099,6.413643415205495,6.420658827930736,gioia
j0b7nmy,6,6,"['sud', 'parlare', 'film', 'nord', 'parlare', 'porno']",3.936806814392619,1.987443267329891,1.6986870099600444,1.7293569352684655,1.0219530980141944,2.7855028339144954,3.145943928627387,3.3525952907324967,gioia
j0b3fit,32,21,"['mondo', 'spettacolo', 'fare', 'ascolto', 'credere', 'unico', 'film', 'dipendere', 'contesto', 'generale', 'sdoganare', 'restare', 'vecchio', 'legge', 'stesso', 'legge', 'manifestazione', 'oltraggioso', 'strato', 'codice', 'penale']",9.886635786141,7.960157044601807,8.17269764419732,8.693594855835958,6.187013229033177,10.491615598306627,9.585809598856308,11.782168915526853,aspettativa
j0arpwp,47,38,"['fare', 'film', 'andare', 'storto', 'figuraccia', 'fare', 'gente', 'pensare', 'fregare', 'gente', 'parlare', 'figuraccia', 'fare', 'vita', 'unico', 'persona', 'mondo', 'volere', 'prova', 'provare', 'figura', 'persona', 'venire', 'mente', 'vero', 'stesso', 'cosa', 'confronto', 'confrontare', 'persona', 'volta', 'sentire', 'paura', 'pensare', 'fregare', 'sapere', 'fare', 'avere']",18.339369710836813,14.724482499202795,14.09455282872578,16.493172139136213,11.102838995202294,19.147434830157565,18.287161341383563,21.569523750446372,aspettativa
j0anpzz,4,3,"['contare', 'parlare', 'film']",2.035959481692448,1.0434070809725862,0.8541980474501369,0.9408187825894312,0.5298172933912639,1.6602340342787416,1.7751317433376754,1.7332773183925188,gioia
j08zo3e,1,1,['film'],0.6555871386748866,0.5348626256434147,0.4428678233888925,0.5634105258207514,0.2786202049602042,0.2656593396527435,0.6170213862130943,0.5404521847039313,gioia
j08x5io,29,21,"['dipendere', 'termine', 'coprire', 'ampio', 'spettro', 'film', 'romanzo', 'caso', 'venire', 'mente', 'mostro', 'assassino', 'sangue', 'orrore', 'bambino', 'piccolo', 'pozzo', 'famoso', 'mostro', 'mostro', 'particolare']",7.095133498146079,8.714591767348576,8.295995466667724,11.926716555394233,7.946499621556783,5.880959203143787,10.507871688617978,7.460552052269755,paura
j08urqx,25,16,"['controllare', 'classico', 'film', 'trovare', 'riga', 'raccontare', 'giusto', 'iniziare', 'film', 'sviluppo', 'trama', 'film', 'fantasma', 'personaggio', 'anno', 'possibile']",8.85539894843685,4.944096506605392,4.455924958755237,6.637517566148574,3.109047198708064,7.759019596953834,8.854747760063683,10.106531993405289,aspettativa
j07ks4w,5,5,"['avere', 'consiglio', 'consigliare', 'guardare', 'film']",2.887374534835847,1.5269751212611173,1.55213866108726,2.0795143823729365,0.990643478608316,3.289655539059594,2.5925963585499963,3.6508687672117137,aspettativa
j06hi2b,62,47,"['fare', 'post', 'prematuro', 'caso', 'alunno', 'scuola', 'sentire', 'film', 'orrore', 'proiettare', 'classe', 'occupare', 'sito', 'sezione', 'analisi', 'corso', 'fatto', 'disponibile', 'sito', 'concorrente', 'approfondire', 'aspetto', 'notare', 'schema', 'promuovere', 'film', 'orrore', 'basso', 'costo', 'fare', 'filtrare', 'giornale', 'ambito', 'locale', 'citare', 'film', 'pubblicità', 'gratuito', 'notare', 'diffusione', 'film', 'primo', 'presente', 'home', 'video', 'versione', 'italiano']",20.12309582719005,14.329486637987777,13.12058824585864,16.911949389345025,10.621169835447422,19.709290979291193,21.961832323249276,25.604784767718556,aspettativa
j06cl77,6,2,"['preferire', 'periodo']",0.9458389928335422,0.4377213752667234,0.4689032551469065,0.6227915690283662,0.3043242598442805,0.8971806301496591,0.9318570665862516,1.5472141645074942,aspettativa
j064531,76,55,"['concordare', 'discorso', 'libro', 'serie', 'serie', 'snob', 'sembrare', 'libro', 'lettura', 'saggio', 'tecnico', 'romanzo', 'libro', 'pensare', 'classico', 'letteratura', 'autore', 'attuale', 'fumetto', 'letteratura', 'avere', 'pensare', 'fumetto', 'giapponese', 'avere', 'riferimento', 'anno', 'puro', 'esistere', 'opera', 'avere', 'complessità', 'elevato', 'pieno', 'telefilm', 'anima', 'avere', 'complessità', 'arrivare', 'grande', 'massa', 'discorso', 'diverso', 'fare', 'film', 'produrre', 'film', 'interessante', 'trovare', 'puro', 'riguardare', 'saggio', 'libro', 'paragonare', 'video']",28.450177804739592,16.26070077838635,14.597966499523036,18.085115966587832,10.949181726176567,29.261676437485168,28.038520120569654,34.884823199414186,aspettativa
j05zb6o,7,6,"['nuovo', 'film', 'casa', 'tratto', 'storia', 'vero']",3.8270222364554733,2.2204107718202404,1.951518009548553,2.2972968441106,1.0862268280014638,3.507779823721883,3.456997990129492,3.5755370745915713,gioia
j05ygyt,26,21,"['punto', 'vista', 'autorizzare', 'capo', 'serie', 'profondo', 'film', 'autore', 'buono', 'libro', 'gioco', 'fare', 'guardare', 'mamma', 'amico', 'natale', 'gioco', 'cazzo', 'cultura', 'dipendere', 'media']",11.64012075009559,5.1450185083569915,5.53744181054074,5.860473512729029,3.608444181392495,11.784782191896388,11.470912968819237,12.914057646567692,aspettativa
j05wgom,3,2,"['citazione', 'film']",1.0675908902876303,0.7536951457995775,0.7778701023993123,0.813741014534031,0.4336326804449961,0.8783796793273073,1.1411825229837016,1.268207607313271,aspettativa
j05vxos,6,6,"['dimenticare', 'fare', 'scena', 'riprendere', 'film', 'nord']",2.7169134179809533,2.173339373070374,2.2977620496436937,2.4440802645559345,1.4195285144412906,2.4243930086367502,2.9363369428689974,3.3941242827923745,aspettativa
j04g22c,12,6,"['gamba', 'piacevole', 'effetto', 'fare', 'disegnare', 'film']",3.9986047552910273,1.3748953709183738,1.2196160063152013,1.5154945453753228,0.6848237501018027,3.0292004629284177,2.825280911948906,3.5124206997855287,gioia
j03yr2o,32,23,"['insulto', 'singolo', 'fare', 'modo', 'pensare', 'pregiudizio', 'società', 'valere', 'razza', 'razza', 'sud', 'esempio', 'svizzero', 'parlare', 'meridionale', 'meridionale', 'africano', 'circolo', 'avere', 'fine', 'consiglio', 'film', 'parlare']",10.62892015058368,8.220899910892902,7.611183256510817,8.149028963767984,5.3865738498215086,10.984330042899701,10.478548044955396,11.989851354703532,aspettativa
j03w1l0,47,44,"['guardare', 'portafoglio', 'guardare', 'dire', 'andare', 'paese', 'base', 'stare', 'senso', 'avere', 'fare', 'soldo', 'proporzione', 'avere', 'cosa', 'stare', 'altro', 'manco', 'pago', 'assicurazione', 'medico', 'simile', 'pubblico', 'guardare', 'orto', 'terzo', 'mondo', 'adorare', 'posto', 'offrire', 'trattare', 'schiavo', 'resto', 'rimanere', 'film', 'post', 'povertà', 'avere', 'situazione', 'avere', 'dubbio', 'diverso', 'posto', 'diverso']",19.885333957241212,14.232856257133141,13.996663805467124,16.921148736552755,11.092540460090365,21.089594556721835,20.762389244502543,25.833744382747053,aspettativa
j02j2m1,18,13,"['prima', 'cosa', 'uscire', 'chiudere', 'ospedale', 'fare', 'supremo', 'napoletano', 'fare', 'film', 'altro', 'oscar', 'vedere']",6.975550070862557,3.7404858538101653,3.170349430923431,4.508494544076397,2.795085288578498,6.197936704511171,6.238036135888078,7.5109273141299555,aspettativa
j01ck0v,70,66,"['professore', 'inglese', 'sapere', 'inglese', 'esistere', 'estero', 'nuovo', 'generazione', 'imparare', 'piccolo', 'grazie', 'internet', 'film', 'serie', 'lingua', 'originale', 'riguardare', 'metodo', 'insegnamento', 'scuola', 'fare', 'corso', 'lingua', 'dare', 'base', 'pretendere', 'portare', 'livello', 'uso', 'contesto', 'scolastico', 'esempio', 'sapere', 'inglese', 'usare', 'giorno', 'metodo', 'insegnamento', 'accordo', 'inutile', 'fare', 'studiare', 'letteratura', 'lingua', 'originale', 'gente', 'ordinare', 'caffè', 'inglese', 'mettere', 'ora', 'conversazione', 'settimana', 'situazione', 'cambiare', 'liceo', 'linguistico', 'fare', 'ora', 'conversazione', 'settimana', 'inutile', 'persona', 'classe', 'contribuire', 'conversazione']",34.34373099669488,16.04941464066184,15.168144834122952,18.98476083383104,10.293336404719147,34.417631513130104,29.181086759121122,40.996441717607865,aspettativa
j01673f,30,18,"['linguistico', 'studio', 'istituto', 'monte', 'insegnare', 'giapponese', 'cifra', 'romano', 'servire', 'cinema', 'usare', 'cifra', 'romano', 'firmare', 'film', 'coda', 'scrittura', 'conto']",8.229781790977892,6.3619907233832755,5.271993159194798,5.580038261772498,3.638933070978784,8.674256569117777,7.813995212420036,10.241623644717409,aspettativa
hqorg4s,25,20,"['misto', 'ristorante', 'casa', 'costare', 'mezzanotte', 'andare', 'centro', 'guardare', 'fuoco', 'alto', 'dipendere', 'turista', 'giro', 'fare', 'venire', 'voglia', 'bello', 'film', 'momento', 'rivedere']",11.927869565563674,5.847245159314677,5.597116311126561,6.515796568137721,4.064149061045224,9.651012107076864,10.438124292950693,11.544301269896724,gioia
hqo8qob,4,4,"['vino', 'mezzanotte', 'bello', 'film']",3.015559134590031,1.292301615087653,0.9388937351376279,1.1284483026147916,0.6488148550397852,1.5747769151434041,2.023922603049612,2.132966177398096,gioia
hqax4rk,75,56,"['problema', 'videogioco', 'complesso', 'primo', 'problema', 'merda', 'gioco', 'bello', 'libro', 'libro', 'avere', 'storico', 'senso', 'avere', 'libro', 'vecchio', 'classico', 'difficile', 'giocare', 'gioco', 'vecchio', 'avere', 'versione', 'computer', 'vecchio', 'storia', 'videogioco', 'forza', 'complesso', 'ragione', 'gioco', 'media', 'controllo', 'protagonista', 'complesso', 'fornire', 'gioco', 'gioco', 'film', 'altro', 'libro', 'complesso', 'trama', 'avere', 'controllo', 'protagonista', 'creare', 'gioco', 'crescente', 'difficoltà', 'mezzo', 'diverso', 'fare', 'sposo', 'libro', 'idea']",29.18537148675832,15.907158538477795,16.623852567919688,19.583157032818182,11.471310090661131,28.120367422878285,31.586996603239616,34.06327884952075,aspettativa
hq4ox7e,52,44,"['esistere', 'videogioco', 'pari', 'romanzo', 'storia', 'lasciare', 'insegnare', 'punto', 'vista', 'diverso', 'ampliare', 'conoscenza', 'diventare', 'mettere', 'giocare', 'fare', 'azione', 'ripetitivo', 'modalità', 'pilota', 'automatico', 'voglia', 'avventura', 'tenerezza', 'scegliere', 'libro', 'ascolto', 'musica', 'guardare', 'film', 'videogioco', 'dire', 'gente', 'conoscere', 'trovare', 'dire', 'contento', 'sentire', 'pensare', 'riguardare', 'videogioco', 'pensare', 'sentire', 'sereno']",25.350193203932754,13.537686149985081,12.218753708019307,14.85629156168542,9.159427189562745,23.637399748352284,24.095262080455946,27.01735719735385,aspettativa
hq4ipmk,26,16,"['scena', 'bagno', 'imperatore', 'film', 'dimostrare', 'acqua', 'funzionare', 'voce', 'primo', 'bisogno', 'alzare', 'guidare', 'puro', 'voce', 'magnifico', 'rappresentazione']",9.640533488319003,3.2643386970317265,4.056792141837033,4.600427703920552,2.5321876669592522,8.71315004143988,7.95298542592152,9.662620765264203,aspettativa
hq3eopr,153,107,"['lungometraggio', 'adulto', 'fatto', 'rispettare', 'fumetto', 'originale', 'trovare', 'superiore', 'accento', 'spostare', 'umorismo', 'malinconia', 'vedere', 'amaro', 'primo', 'film', 'mostro', 'volgare', 'città', 'rappresentare', 'peggio', 'americano', 'cattivo', 'affascinare', 'nuovo', 'serie', 'fare', 'realtà', 'storico', 'paio', 'cantante', 'prova', 'scuola', 'moderno', 'fare', 'vero', 'miracolo', 'serie', 'storico', 'riuscire', 'portare', 'originale', 'foresta', 'mascherare', 'interessante', 'circuito', 'vedere', 'carino', 'rosso', 'avere', 'capacità', 'duro', 'necessario', 'storia', 'fidare', 'scienza', 'scienziato', 'vedere', 'documentario', 'affare', 'avere', 'importante', 'capire', 'funzionare', 'politica', 'statunitense', 'serie', 'povero', 'triste', 'drogare', 'disperato', 'romanzo', 'criminale', 'sacco', 'attore', 'interessante', 'serie', 'fantascienza', 'straordinario', 'cancellare', 'solo', 'stagione', 'puntata', 'colpire', 'colpire', 'triste', 'gioia', 'gioventù', 'dare', 'nostalgia', 'dolce', 'tempo', 'spazio', 'colpa', 'eccellente', 'ricordare', 'primo', 'stagione', 'lato', 'triste', 'versione', 'anno', 'serie', 'riuscire', 'contesto', 'moderno', 'interessante']",53.786994108205135,37.55671030420781,34.04489837510404,40.38606298047474,24.758052180973447,50.21695226009302,52.579677513616964,61.59710690017851,aspettativa
hq1fpu3,31,28,"['piacere', 'idea', 'film', 'trovare', 'riferimento', 'film', 'vecchio', 'caso', 'storia', 'scritto', 'bambino', 'avere', 'senso', 'esempio', 'uomo', 'intelligente', 'pensare', 'stupido', 'strano', 'creare', 'film', 'bambino', 'bambino', 'sapere', 'film', 'vecchio', 'capire', 'riferimento']",15.973238384104992,10.014604901500105,8.495500260104889,10.215364706820521,6.012797794590854,15.569282807832451,16.12329520250991,16.887994218144996,aspettativa
hq1dkkj,5,4,"['ultimo', 'film', 'vedere', 'piacere']",2.5665059578077147,1.7755221031984296,1.709910163003634,1.5538072776845564,1.0679193288635997,1.8639635607088363,2.0919481040931545,2.258776861582636,gioia
hq1d50l,7,4,"['chiedere', 'film', 'sperare', 'azione']",2.1164754526807883,1.0507158816606756,0.7814832653066124,1.392849468237938,0.5294492187982268,2.083110154030066,1.936456269337854,2.58639190407638,aspettativa
hq18th9,27,22,"['combattimento', 'pessimo', 'colonna', 'sonoro', 'trama', 'fare', 'pena', 'dialogo', 'caso', 'vecchio', 'personaggio', 'pieno', 'vecchio', 'film', 'scena', 'somigliare', 'vecchia', 'dare', 'senso', 'nostalgia', 'fare', 'vacca']",8.438325166854291,8.010220785959312,6.71255445178108,7.902374815285596,5.158119041551875,7.924351419586503,10.482905980550163,10.708650605003394,aspettativa
hpoyzcx,66,53,"['ragione', 'ripetere', 'impedire', 'lavoro', 'equivalere', 'fare', 'fare', 'fame', 'gente', 'gente', 'pagare', 'tassa', 'dovere', 'governo', 'impedire', 'lavoro', 'lavoro', 'semplice', 'vedere', 'vedere', 'contrario', 'forza', 'stesso', 'condizione', 'contribuire', 'tempo', 'pretendere', 'mettere', 'stesso', 'piano', 'punto', 'vista', 'rischio', 'avere', 'vantaggio', 'fronte', 'rischio', 'idraulico', 'venire', 'fare', 'lavoro', 'casa', 'mostro', 'tatuaggio', 'fare', 'entrare', 'film', 'minuto', 'preferire', 'canzone', 'avere', 'occhio', 'verde']",24.96253309531411,18.453466964643475,18.098083256194595,19.706353003136215,13.165355822052998,26.233480748690262,24.523862245377245,31.094080994613506,aspettativa
hposq77,80,62,"['ragione', 'ripetere', 'impedire', 'lavoro', 'equivalere', 'fare', 'fare', 'fame', 'gente', 'gente', 'pagare', 'tassa', 'dovere', 'governo', 'generare', 'contento', 'idraulico', 'venire', 'fare', 'lavoro', 'casa', 'pensare', 'avere', 'tatuaggio', 'fregare', 'massimo', 'fumare', 'casa', 'volta', 'iniziare', 'togliere', 'diritto', 'lavoro', 'base', 'base', 'cosa', 'serio', 'sapere', 'iniziare', 'sapere', 'arrivare', 'innocuo', 'lavoro', 'avere', 'occhio', 'verde', 'avere', 'colorato', 'puzzare', 'volere', 'fine', 'fine', 'successo', 'prova', 'film', 'minuto', 'cercare', 'accettare', 'perdita', 'minuto', 'accettare', 'cazzata']",30.719271965710114,24.071871171110367,21.92971309938911,24.46826451668701,16.608164041716083,30.16524152180319,28.010893401472117,35.52177721324226,aspettativa
hpkv0fo,72,52,"['comune', 'scuola', 'privato', 'migliore', 'pubblico', 'fare', 'ultimo', 'anno', 'competizione', 'maniera', 'curioso', 'documentario', 'pratica', 'parlare', 'maniera', 'sorta', 'parlare', 'fare', 'asta', 'mucca', 'fare', 'risoluzione', 'raggiungere', 'inevitabile', 'guerra', 'globale', 'parte', 'argomento', 'legale', 'inevitabile', 'crisi', 'economico', 'forza', 'mondiale', 'iniziare', 'grande', 'delusione', 'piccolo', 'film', 'scuola', 'sfidare', 'scuola', 'ricco', 'dibattito', 'bello', 'dibattito', 'vecchio', 'stile', 'guardare', 'puntata', 'dibattito', 'community']",24.953751690718654,17.165009634490186,17.313071017069724,19.79299474359097,11.471835411414014,24.461310341659264,23.884358858381738,29.283428286034887,aspettativa
hpco1eo,2,1,['pazzo'],0.1296381536642167,0.6105123463817147,0.4762098556984775,0.8589277305329619,0.344923689370726,0.1750974729509189,0.6241276957942636,0.1739313960767358,paura
hp2gf15,6,6,"['premio', 'vincere', 'film', 'bello', 'ritorno', 'cinema']",4.9364314200245385,1.3643649078284315,1.110820427562496,1.8105781060087616,0.7498652999321276,2.850803300866175,4.47956587012212,4.150314503407275,gioia
howndd6,6,5,"['vedere', 'ora', 'vedere', 'film', 'pazzesco']",3.292935238251479,1.6217724241075673,1.5833734641426989,2.0220317280535602,1.2089230945034224,2.2280386114260553,2.9182968715956945,2.999637460613781,gioia
howekd8,42,30,"['equilibrio', 'difficile', 'gesto', 'civiltà', 'avere', 'motivazione', 'libertà', 'lavorare', 'atto', 'grave', 'accettare', 'sconvolgere', 'persona', 'chiedere', 'cosa', 'semplice', 'prendere', 'film', 'minuto', 'minuto', 'chiudere', 'licenziare', 'minuto', 'pausa', 'pranzo', 'pausa', 'fine', 'diventare', 'schiavo', 'sapere']",13.385524947796752,11.468787744966058,10.601266556444005,13.510771218142121,7.925297329774987,12.81331231537127,13.245681231714132,15.537873807983066,aspettativa
hovi8fp,5,4,"['candidato', 'anno', 'categoria', 'film']",1.3232608049581838,1.2442802513596547,0.8350618465727034,1.2505038124833054,0.6486441208496332,1.326485710984386,1.486599391299455,2.003244015098182,aspettativa
hosfab4,16,14,"['parlare', 'condividere', 'notizia', 'dire', 'spacciare', 'pubblicità', 'sembrare', 'ripetere', 'infinito', 'film', 'ricevere', 'premio', 'raccontare', 'problema']",7.309797837188963,4.648624926094547,4.4081871992388155,4.994855132387297,3.4206754142915132,6.249692630801673,8.361352243029025,8.414081295970238,aspettativa
hoqqcgs,9,7,"['mano', 'dio', 'conquistare', 'vincere', 'premio', 'film', 'internazionale']",4.693407879594569,1.1335661715870797,1.1222509074280536,1.7645670788495527,0.731182023664491,4.494815908553846,4.1132295047156795,4.65682492712218,gioia
hojl99j,36,28,"['sentire', 'pensare', 'stesso', 'cosa', 'pensare', 'parte', 'scienziato', 'teorico', 'tipo', 'tecnologia', 'stile', 'ovviare', 'problema', 'distanza', 'fisico', 'episodio', 'testimoniare', 'pilota', 'caccia', 'americano', 'alto', 'episodio', 'testimone', 'scuola', 'immaginare', 'film', 'limite', 'avere']",11.955809518447987,10.705752543783484,9.984764733001045,11.954354477629238,7.076757590063202,13.91178121864625,13.169457488370938,15.944033876997166,aspettativa
hoegljd,18,13,"['arrivare', 'film', 'italiano', 'mano', 'dio', 'prezioso', 'chiave', 'pellicola', 'avere', 'attivo', 'vincere', 'film', 'internazionale']",7.501253644822074,3.094907198133015,3.3063036425323267,4.0113029452386675,2.3286772318741065,6.985526965525781,6.623900893861363,7.287342594744896,gioia
hodoayg,67,52,"['vincitore', 'premio', 'critico', 'giornalista', 'eleggere', 'migliore', 'produzione', 'cinematografico', 'stagione', 'scorso', 'anno', 'confermare', 'film', 'costume', 'effetto', 'speciale', 'femminile', 'maschile', 'colonna', 'sonoro', 'anno', 'film', 'vincere', 'premio', 'testa', 'dramma', 'vincere', 'premio', 'film', 'maschile', 'giovane', 'sci', 'vincere', 'categoria', 'colonna', 'sonoro', 'fotografia', 'montaggio', 'costume', 'effetto', 'altro', 'vincitore', 'spiccare', 'primo', 'premio', 'film', 'italiano', 'mano', 'dio', 'vincere', 'film', 'internazionale']",31.015698283520738,13.337219696869209,11.943604228931159,14.958286546017849,8.417014912519036,24.684070826531524,27.42702444466275,29.916202668645447,gioia
ho8tih0,7,6,"['film', 'fantascienza', 'lavoro', 'campo', 'vedere', 'meraviglia']",4.094863198435803,2.175610029535112,1.8484173704653795,2.17298018762407,1.4299210901735258,2.6842709641671494,3.7656125351785352,3.5723621443667644,gioia
ho4w6qc,59,45,"['vincitore', 'premio', 'critico', 'scegliere', 'migliore', 'film', 'migliore', 'interpretazione', 'stagione', 'cinematografico', 'anno', 'magnetico', 'potere', 'cane', 'vincere', 'premio', 'migliore', 'film', 'regia', 'attore', 'migliore', 'attore', 'protagonista', 'migliore', 'attore', 'protagonista', 'migliore', 'fotografia', 'premio', 'tecnico', 'sci', 'vincere', 'montaggio', 'colonna', 'sonoro', 'ultimo', 'vincere', 'premio', 'interessante', 'spiccare', 'migliore', 'attore', 'assegnare', 'confermare', 'critico']",29.477597784281034,10.103581153329156,9.074817409810542,11.501188611685583,6.723154758693559,25.11012195495212,23.134537946546075,30.299346075005158,aspettativa
hnra16p,28,17,"['anno', 'annunciare', 'lista', 'migliore', 'film', 'stagione', 'scorso', 'anno', 'film', 'ottenere', 'categoria', 'film', 'lista', 'anno', 'pizza', 'potere', 'cane']",10.031871042517128,5.257747061024427,3.785622098633316,5.385482445369647,2.910973391666028,8.049468957114268,7.511668865526949,10.30297298473439,aspettativa
hnlt92l,4,2,"['film', 'grazie']",1.4413365933386404,0.6022745249733744,0.5046239153124612,0.6635323371293752,0.323062021561998,1.0734449647747262,1.0623198187948368,1.1221650876613758,gioia
hnlqp4e,19,13,"['pensare', 'fattore', 'giorno', 'carica', 'dare', 'post', 'rivelare', 'inutile', 'porre', 'fine', 'anno', 'film', 'parlare']",6.918898391337608,5.072515240860875,4.388751038535805,4.5847900750924495,2.5471702164802217,6.472211488675847,6.107892492076624,7.865785227425825,aspettativa
hniiszz,9,5,"['sembrare', 'bello', 'film', 'mostrare', 'giusto']",3.1265925183207512,1.159672210576138,1.1363665066106328,1.4546398667328877,0.6711933369260652,2.7023377175489087,3.248788456548405,3.567355619095123,aspettativa
hnh00td,85,62,"['vincitore', 'fondare', 'critico', 'cinematografico', 'tentativo', 'vuoto', 'comunità', 'cinematografico', 'locale', 'rappresentazione', 'media', 'scena', 'nazionale', 'scorso', 'anno', 'critico', 'confermare', 'film', 'colonna', 'sonoro', 'internazionale', 'originale', 'anno', 'omaggio', 'anno', 'film', 'vincere', 'premio', 'migliore', 'film', 'migliore', 'originale', 'migliore', 'attore', 'maschile', 'premio', 'viaggio', 'pianura', 'vecchio', 'titolo', 'potere', 'cane', 'vincere', 'categoria', 'fotografia', 'femminile', 'attore', 'regia', 'interessante', 'spiccare', 'vincere', 'pellicola', 'giapponese', 'conquistare', 'premio', 'migliore', 'film', 'migliore', 'film', 'internazionale', 'momento', 'categoria']",36.11151442469483,16.723704399530646,14.365792810537148,17.937828289218892,10.779161429113028,31.29764213592866,31.177972181119568,38.250925160651924,aspettativa
hng6qg6,30,22,"['sembrare', 'credere', 'avere', 'figlio', 'basso', 'credere', 'spesa', 'ricordare', 'vecchio', 'film', 'coppia', 'volere', 'ricevere', 'contributo', 'stesso', 'volere', 'bambino', 'chiedere', 'aiuto', 'genitore', 'solito', 'caso']",12.222143289035229,7.016122787342918,6.430006933404514,7.664819193453884,3.7143057239349857,12.786618002919655,10.699913578955579,12.743200944244716,fiducia
hnfths6,38,35,"['consigliere', 'leggere', 'sito', 'giornale', 'italiano', 'maniera', 'capire', 'aria', 'tirare', 'romanzo', 'film', 'recente', 'buono', 'idea', 'laurea', 'buono', 'iniziare', 'fare', 'tesi', 'ultimo', 'anno', 'avere', 'sezione', 'locale', 'pazzo', 'gioia', 'volere', 'terra', 'nome', 'madre', 'generale', 'film', 'brutto', 'via', 'essenziale']",19.077174998453874,11.860634358493053,10.398381635764183,12.030790463983127,7.539716283524974,17.43399830171785,15.58165625081386,19.835085155793337,aspettativa
hn9bw5p,56,36,"['premio', 'critico', 'giornalista', 'eleggere', 'migliore', 'film', 'migliore', 'prova', 'cinematografico', 'stagione', 'anno', 'dramma', 'romanzo', 'potere', 'cane', 'conquistare', 'testa', 'migliore', 'film', 'regia', 'sci', 'categoria', 'fotografia', 'montaggio', 'colonna', 'sonoro', 'omaggio', 'omonimo', 'categoria', 'film', 'femminile', 'candidato', 'categoria', 'film', 'potere', 'cane']",19.594590573002886,9.648627125920767,8.516373116723495,10.667406916442062,6.871118377835517,16.729010838198136,16.48478491118216,20.038240190252285,aspettativa
hn6fvff,8,7,"['premio', 'parere', 'film', 'bello', 'sapere', 'accordo', 'preferire']",5.089752843359973,1.693027095381996,1.5379362943769626,1.9159968362307842,1.029297018590861,3.4319516668429246,4.015314279122434,4.639968104919303,gioia
hn37z69,54,30,"['premio', 'critico', 'giornalista', 'scegliere', 'migliore', 'film', 'migliore', 'cinematografico', 'stagione', 'anno', 'conquistare', 'numero', 'film', 'francese', 'rivelazione', 'maschile', 'film', 'testa', 'opera', 'attore', 'regia', 'femminile', 'maschile', 'attore', 'film', 'originale', 'film', 'candidato', 'categoria', 'film']",16.721651457551275,9.768362121690952,8.50609360148212,10.548606257425893,6.673478907287813,13.779464760482993,15.385050348493785,19.102431504133037,aspettativa
hn1ny8p,74,60,"['nuovo', 'fare', 'cagare', 'vedere', 'manifesto', 'film', 'capire', 'storia', 'acqua', 'usare', 'usare', 'voce', 'capire', 'voce', 'scena', 'bagno', 'dimostrare', 'sostanza', 'bagno', 'avere', 'parete', 'cemento', 'tuta', 'tuta', 'vecchio', 'film', 'sembrare', 'funzionare', 'avere', 'linea', 'primo', 'libro', 'diventare', 'fondamentale', 'parte', 'cosa', 'incredibile', 'vecchio', 'considerare', 'pretendere', 'spiegare', 'creare', 'seguire', 'spiegare', 'sembrare', 'fare', 'botta', 'curioso', 'portare', 'vedere', 'film', 'sapere', 'vedere', 'faccia', 'nano', 'camminare', 'passo', 'stronzo', 'finale', 'film']",30.508207935525306,17.574775407807557,18.000175218617713,19.017941786178543,12.771914240411101,30.379478869754863,28.90150597322105,34.6479477738246,aspettativa
hn1895q,60,39,"['premio', 'assegnare', 'ristretto', 'autorevole', 'gruppo', 'critico', 'americano', 'migliore', 'produzione', 'cinematografico', 'anno', 'anno', 'conquistare', 'numero', 'premio', 'sci', 'vincere', 'categoria', 'film', 'fotografia', 'colonna', 'sonoro', 'premio', 'pellicola', 'opera', 'attore', 'film', 'dramma', 'femminile', 'maschile', 'interessante', 'spiccare', 'premio', 'migliore', 'posto', 'migliore', 'attore', 'assegnare', 'posto']",21.69416753396323,9.803064377907514,8.848182422612272,10.893931190573468,7.3415312206273216,19.127635469950704,19.297110334082056,23.606444245937375,aspettativa
hms9a2j,14,12,"['arrivare', 'primo', 'stagione', 'premio', 'americano', 'mano', 'dio', 'candidato', 'categoria', 'film', 'internazionale', 'lista']",6.02283061598672,2.5389889809667237,2.271026982079911,3.2455657518782375,1.6308087868500236,6.136951584818198,5.724811283140764,7.157968450933521,aspettativa
hlhohoy,2,2,"['film', 'preferito']",1.453062803711566,0.6218949781428507,0.6051096965877419,0.6791878518381568,0.3370397715045323,1.1046988052407694,1.0923580337078183,1.4282626764511845,gioia
hkg2m89,22,15,"['rapina', 'finire', 'film', 'successo', 'riva', 'acqua', 'caduta', 'causare', 'romantico', 'freddo', 'bloccare', 'sperare', 'avere', 'chiamare', 'ospedale']",7.161307742144865,6.735884330959268,5.295936863305735,7.103045480698697,4.21046651970678,6.787644155758611,6.756967100100459,7.435800517646304,aspettativa
hjpo3d8,19,4,"['re', 'film', 'fare', 'live']",2.2105894422336476,1.074740354110515,1.0252305663680912,1.359922038158761,0.7839004587809015,1.8386464248062522,1.9231294830493493,2.5738375581412836,aspettativa
hjnooic,9,6,"['capacità', 'antipatico', 'vero', 'programma', 'film', 'fiorentino']",2.4756090093755105,2.093984358070954,2.1693231182888946,1.6901088463568477,1.6695598361404838,2.9515359360862274,2.3040182965575378,3.1939862922574807,aspettativa
hjjg9jl,130,95,"['opinione', 'personale', 'volere', 'situazione', 'generale', 'singolo', 'senso', 'frase', 'precedente', 'puntare', 'buono', 'punto', 'persona', 'puntare', 'studiare', 'lingua', 'contesto', 'professionale', 'avviso', 'arrivare', 'capire', 'senso', 'frase', 'capire', 'lingua', 'madre', 'fare', 'operazione', 'conoscenza', 'indispensabile', 'dire', 'fronte', 'tavola', 'sapere', 'significato', 'contesto', 'tono', 'voce', 'altro', 'fare', 'esclamazione', 'sorpresa', 'positivo', 'comune', 'conoscere', 'corno', 'copia', 'portare', 'strada', 'significato', 'originale', 'altro', 'lingua', 'valere', 'film', 'ascoltare', 'musica', 'lingua', 'originale', 'consigliare', 'ideale', 'guardare', 'cosa', 'conoscere', 'parte', 'fare', 'associazione', 'metodo', 'vedere', 'essenziale', 'ripetizione', 'sembrare', 'utile', 'inizio', 'riguardare', 'volta', 'stesso', 'episodio', 'rendere', 'schema', 'contesto', 'utilizzo', 'contenuto', 'nuovo', 'assorbire', 'vocabolario', 'lingua', 'avere', 'struttura', 'rimanere', 'base', 'italiano', 'verbo', 'volta', 'nuovo']",47.05366378268411,25.134906192125797,24.012225159975873,30.84718694272662,18.26608369011246,48.446531994408204,45.41858277651907,55.94581218018938,aspettativa
hjjcfru,37,31,"['consiglio', 'riguardare', 'film', 'preferire', 'inglese', 'partire', 'ricordare', 'memoria', 'vedere', 'sacco', 'volta', 'utile', 'iniziare', 'meccanismo', 'diverso', 'comprensione', 'solo', 'ascolto', 'conoscere', 'film', 'parte', 'conoscere', 'senso', 'frase', 'vedere', 'differenza', 'enorme', 'sentire', 'cosa', 'nuovo', 'bisogno']",16.790011564798515,10.565776198958385,8.644988832500921,11.51901113126267,6.5005779580276775,15.429012778297471,15.570135995334512,17.75065374991386,aspettativa
hi818np,16,16,"['critico', 'americano', 'grande', 'bellezza', 'vincere', 'libertà', 'linguaggio', 'cinematografico', 'riportare', 'recensione', 'seguire', 'proiezione', 'film', 'interpretare', 'vittoria', 'credere']",9.527292900216247,4.421268055503567,4.149059217867103,5.330746755217805,2.891290836461739,9.216494986517235,8.86842253030689,10.468287696578487,aspettativa
hi7zwkr,10,9,"['grande', 'bellezza', 'vincere', 'avere', 'grande', 'film', 'italiano', 'ragione', 'visibile']",5.8859400911915865,2.68324233917221,2.8358555261929106,3.2562663933294744,1.8713035871293044,4.8130478942006265,5.038682932009193,5.745583139135509,gioia
hi7s7av,35,32,"['domanda', 'interessante', 'effetto', 'grande', 'bellezza', 'vincere', 'linguaggio', 'cinematografico', 'film', 'lineare', 'caso', 'mano', 'dio', 'selezionare', 'festival', 'chiave', 'precedere', 'dimostrare', 'forte', 'parte', 'critica', 'americano', 'sfidante', 'forte', 'strada', 'partire', 'meno', 'buono', 'candidato', 'differenza', 'altro', 'anno']",15.63078699211611,9.25690009679031,9.279534593761497,11.795541731360885,5.898514011893361,16.912070543435924,17.98125697601405,19.852606881562004,aspettativa
hi69nsw,6,4,"['chiedere', 'probabilità', 'volta', 'film']",1.7921829058754828,1.482972432419552,1.1792722737309085,1.7621521170801726,0.7100687522944918,1.9251974414597215,1.9034328854611324,2.3957365062708513,aspettativa
hi0369a,70,56,"['tipo', 'caso', 'esempio', 'tipo', 'parlare', 'anno', 'diventare', 'caso', 'livello', 'mondiale', 'fare', 'film', 'polizia', 'togliere', 'divieto', 'parlare', 'fare', 'sembrare', 'cattivo', 'creare', 'precedente', 'agente', 'sembrare', 'mela', 'domanda', 'sapere', 'zitto', 'anno', 'permettere', 'nome', 'famiglia', 'continuo', 'inferno', 'giudiziario', 'svegliare', 'caso', 'finire', 'attenzione', 'fare', 'film', 'distribuire', 'mondo', 'stare', 'punire', 'parlare', 'sistema', 'marcio', 'parlare', 'supermercato', 'braccio', 'armare', 'garantire', 'sicurezza', 'cittadino', 'stesso', 'cosa']",25.352380875745478,19.645635061955666,17.35444685642064,20.716722324951732,12.83256780948209,28.926726992443676,25.659959566399234,32.14455076237518,aspettativa
hhc71mx,5,4,"['capire', 'lista', 'film', 'italiano']",2.2593643739718803,1.5175238513546383,1.3337948556222807,1.434536313247154,1.0442364248836966,1.7998441595444987,1.9237860711778745,2.213052224426088,gioia
hhc6qlv,2,2,"['film', 'italiano']",1.0588777009102452,0.9761952247811783,0.8883498656514515,0.761570737059282,0.6459898439209714,0.5080093884057804,0.9059577017741521,0.814591498254038,gioia
hhc60al,6,5,"['fine', 'stare', 'migliore', 'film', 'decennio']",2.5259937881685053,2.2449230626084336,1.7714988688940132,2.325949086063787,1.2411959299362945,2.2282951965179887,2.380638910126754,3.161081829091298,aspettativa
hhbwl1k,14,12,"['credere', 'dovere', 'fatto', 'film', 'leggero', 'gente', 'andare', 'ottenere', 'voto', 'minimo', 'includere', 'lista']",6.9952697567615125,3.7078898343358047,3.272126021560752,3.9469016549929945,2.427923462770845,6.4183310940345715,5.24886952007014,6.920518852852181,gioia
hhac7k1,5,5,"['contento', 'ultimo', 'classifica', 'film', 'tremendo']",2.4213567023562494,2.1172037847084724,2.0534976670518232,2.292995543824952,1.2745546758980146,1.6000452127941185,2.3000908545256236,2.108502933862427,gioia
hh9suzq,4,1,['film'],0.6555871386748866,0.5348626256434147,0.4428678233888925,0.5634105258207514,0.2786202049602042,0.2656593396527435,0.6170213862130943,0.5404521847039313,gioia
hfhymbj,105,83,"['sembrare', 'difficile', 'cominciare', 'dire', 'persona', 'finire', 'studiare', 'lavorare', 'rilassare', 'cosa', 'fare', 'scrittore', 'competere', 'attenzione', 'gente', 'cosa', 'musica', 'video', 'film', 'videogioco', 'tipo', 'lettura', 'serie', 'sport', 'vario', 'sport', 'suonare', 'strumento', 'piccolo', 'parte', 'persona', 'libro', 'saggistica', 'professionale', 'leggere', 'libro', 'disposizione', 'catalogo', 'infinito', 'autore', 'stesso', 'tempo', 'avere', 'catalogo', 'infinito', 'autore', 'contemporaneo', 'scrivere', 'libro', 'scrittore', 'casuale', 'avere', 'contatto', 'pubblicare', 'libro', 'poesia', 'dubbio', 'gusto', 'dire', 'competizione', 'alto', 'avere', 'idea', 'scommettere', 'difficile', 'stare', 'buttare', 'tempo', 'fare', 'scrivere', 'provare', 'emergere', 'buono', 'modo', 'dare', 'guadagnare', 'avere', 'certo', 'visibilità', 'distribuire', 'libro', 'caso', 'difficile']",43.64817813957847,25.71563624401596,23.38138393311921,28.46911164069093,18.543338479438145,42.9425028039951,42.38670005456958,50.56576263302151,aspettativa
hf9awpu,9,6,"['film', 'estetico', 'bello', 'prova', 'supporto', 'contorno']",3.8358884933093687,1.6656023523862924,1.1243666920502742,1.704163402110899,0.6975420246090228,2.9629024599805076,2.7452211962811166,3.6063250478517324,gioia
heua7s8,25,20,"['credere', 'piattaforma', 'simile', 'mettere', 'bello', 'avviso', 'mostrare', 'contenuto', 'digitale', 'provenienza', 'fare', 'film', 'porno', 'violenza', 'pubblico', 'origine', 'contenuto', 'digitale', 'marchiare', 'fonte']",9.473903033914326,5.721568459424617,5.92080743866378,7.265311813865079,4.764935763264585,10.615226878601545,9.768993936724533,12.03899997011749,aspettativa
he8utqx,12,7,"['gente', 'film', 'università', 'migliore', 'grande', 'gene', 'venire']",3.8687707312857396,1.714520291087773,1.5921095697516354,2.3667364874006314,1.3062690983019916,3.6618215676428725,3.3565044083715048,4.568556139775767,aspettativa
hdp3k7c,8,6,"['fare', 'film', 'vittima', 'italiano', 'mondo', 'paese']",2.8372176831972067,2.958457983672852,2.6452032767477864,2.509535250702415,1.952167816389448,2.319568200042125,2.7328969196639274,3.1628501680708263,aspettativa
hdigbkd,9,4,"['doppiaggio', 'guardare', 'film', 'originale']",2.500944306410639,1.1515267335591093,1.129734194637328,1.3723932031656938,0.8688509832525052,2.0682528423669924,2.579253311200259,2.82835965100682,aspettativa
hdi7oln,57,47,"['attenzione', 'avere', 'guardare', 'film', 'ritenere', 'vittima', 'principale', 'situazione', 'avere', 'diritto', 'avere', 'doppiaggio', 'dovere', 'dire', 'possibile', 'decennio', 'protagonista', 'film', 'americano', 'parlare', 'voce', 'prescindere', 'ricominciare', 'guardare', 'cinema', 'scoprire', 'film', 'lingua', 'originale', 'italiano', 'voce', 'alto', 'protagonista', 'parlare', 'voce', 'normale', 'doppiaggio', 'italiano', 'personaggio', 'italiano', 'sembrare', 'agitare', 'ascoltare', 'lingua', 'originale', 'sembrare', 'sereno']",25.209855418532523,12.641330821117755,13.45154347576432,15.731867893682162,9.173312619196182,23.483531507461077,24.16686194423972,28.770163966528774,aspettativa
hdi12zo,20,18,"['dare', 'fastidio', 'gente', 'guardare', 'film', 'dormire', 'notte', 'rispettare', 'gusto', 'gente', 'puzza', 'snob', 'schermo', 'scrivere', 'vedere', 'roba', 'lingua', 'originale']",9.62384524015207,6.102712628360122,5.77465808764535,5.986232892470117,6.291804109857929,8.003674477643198,9.174253888411387,9.417327145700582,gioia
hdhpw1h,19,15,"['guardare', 'film', 'originale', 'ritenere', 'sveglio', 'guardare', 'film', 'italiano', 'persona', 'diverso', 'schermo', 'capire', 'voce', 'forma', 'faccia']",8.002337643602697,4.7333768974096,4.7498651634846025,5.119775965348315,3.889865017889151,7.5343283744758835,7.898922363295441,8.94595749200838,aspettativa
hdhmvci,15,13,"['guardare', 'film', 'originale', 'ritenere', 'sveglio', 'lasciare', 'guardare', 'cosa', 'cacchio', 'parere', 'roba', 'originale', 'vedere']",6.239014442239237,4.637614130426124,4.412168784696491,4.455452135676867,3.572903017488857,5.843930937130756,6.857332652724451,7.068662777826192,aspettativa
hdhf3ly,6,5,"['guardare', 'film', 'lingua', 'originale', 'tono']",2.8244438917840697,1.4853828886095086,1.543094560552794,1.6862485818153794,1.2100957241750467,2.1768893801890306,2.9647309428584014,3.0218119647857646,aspettativa
hdhe3e0,7,6,"['film', 'merda', 'fare', 'anno', 'parte', 'casa']",3.0549479014410665,2.239826591056642,2.0535199010067293,2.159242120865727,1.6149704714528401,2.656547844138532,3.15059702614743,3.3008125557284402,aspettativa
hdgew4r,10,7,"['dare', 'fastidio', 'avere', 'storia', 'distruggere', 'monumento', 'film']",3.1028986350316057,3.553429429861103,3.5604232745362667,3.277405743745472,2.0890752307731373,2.759598236910531,3.688846579284498,3.515979327543522,sorpresa
hdcmyy5,19,16,"['capire', 'film', 'volta', 'avere', 'marcia', 'dire', 'eccezionale', 'riprendere', 'epoca', 'avanguardia', 'storia', 'amore', 'attenzione', 'sesso', 'dialogo', 'comparso']",9.895792289345389,5.578311728641572,5.308644919963476,6.584989543575107,3.480727103009766,9.949008565788509,9.39547222523382,10.834309123202864,aspettativa
hd3vn1o,28,24,"['pensare', 'scrivere', 'gusto', 'film', 'vedere', 'buono', 'film', 'trama', 'vedere', 'materiale', 'partenza', 'lato', 'visivo', 'fare', 'mancare', 'mancanza', 'sembrare', 'mettere', 'sostanza', 'ultimo', 'lavoro', 'grande', 'lasciare', 'anno']",12.418989155030532,9.396278347292114,7.05645949931268,8.025764682955462,5.46279807672847,11.130736155570396,11.29888853487605,15.09749313897632,aspettativa
hcun7j3,36,28,"['esistere', 'separazione', 'potere', 'legislativo', 'esecutivo', 'giudiziario', 'avere', 'potere', 'giudiziario', 'esecutivo', 'emettere', 'sentenza', 'eseguire', 'nazione', 'parlamentare', 'cosa', 'succedere', 'partito', 'amico', 'venditore', 'arma', 'promuovere', 'solo', 'vedere', 'altro', 'film', 'azione', 'cascare']",11.897386363067177,10.451274047257913,10.462900025826263,12.27779692107613,7.375273232256191,13.308443711841573,12.682185235814657,15.941471280584025,aspettativa
hckmcoy,105,86,"['togliere', 'bocca', 'tossico', 'sapere', 'casa', 'insinuare', 'interno', 'ambiente', 'familiare', 'massimo', 'ambito', 'scolastico', 'avere', 'percepire', 'sbagliato', 'stupire', 'altro', 'ragazzo', 'possibile', 'capire', 'anno', 'andare', 'evento', 'fenomeno', 'culturale', 'conseguire', 'portare', 'avere', 'paura', 'uomo', 'donna', 'uomo', 'aiutare', 'entrare', 'mondo', 'femminile', 'amico', 'ringraziare', 'volere', 'bene', 'avere', 'modo', 'iniziare', 'bellezza', 'mondo', 'femminile', 'proibire', 'stringere', 'rapporto', 'amicizia', 'ragazzo', 'corso', 'vita', 'avere', 'rapporto', 'fattore', 'amicizia', 'avere', 'amico', 'maschio', 'buono', 'ragazzo', 'grandioso', 'grande', 'uomo', 'conoscere', 'fare', 'pelle', 'traumatizzare', 'credere', 'dovere', 'fatto', 'avere', 'paura', 'anima', 'sapere', 'contatto', 'conoscere', 'sentimento', 'emozione', 'caso', 'stare', 'girare', 'film', 'verità', 'andare']",50.10808890964441,27.080888969825246,25.55591617091328,31.337584803069724,17.656572918563363,49.52173433673841,43.613812039784996,52.87565848548808,aspettativa
hb75spd,20,12,"['lavoro', 'famiglia', 'film', 'lecito', 'chiedere', 'modo', 'capo', 'cosa', 'pratico', 'insistere', 'sostegno', 'lavoro']",5.726475397364146,4.376451969628168,4.158221593749336,3.8511422702224176,2.5425176973949264,6.10150416619128,4.831320900004347,7.08527858768109,aspettativa
hb2t6vg,22,21,"['cassa', 'integrazione', 'novembre', 'azienda', 'pagare', 'novembre', 'sapere', 'succedere', 'avere', 'altro', 'sede', 'chilometro', 'sperare', 'incarico', 'avere', 'senso', 'grazie', 'attenzione', 'vedere', 'film', 'ciao']",11.523849223039578,5.517554947979145,5.191868875348583,7.041661318756514,3.5412680585242544,10.958301340156366,11.227430626851488,12.81626346236056,aspettativa
hasrwpc,61,53,"['mafia', 'gruppo', 'codardo', 'punto', 'fastidio', 'film', 'mafia', 'italiano', 'gruppo', 'persona', 'ruotare', 'onore', 'famiglia', 'rispetto', 'ammettere', 'fare', 'vita', 'vero', 'mafioso', 'codardo', 'palla', 'spazzatura', 'società', 'rifiuto', 'possibilità', 'fatto', 'persona', 'fare', 'dare', 'vita', 'finire', 'prigione', 'resto', 'giorno', 'boss', 'ordinare', 'pensare', 'ricevere', 'onore', 'gloria', 'modo', 'dare', 'vita', 'giusto', 'causa', 'fare', 'capire', 'basso', 'intelligenza', 'medio', 'persona', 'primo', 'ultimo']",25.40732627359044,17.926790603131778,17.292028680279564,17.965693514970223,13.473591013200911,26.226476703246583,22.5309788353119,29.67948773789466,aspettativa
has88j4,3,3,"['credere', 'vedere', 'film']",2.2565903572855572,1.0431883733424292,0.9060438105169466,1.054079868372288,0.6423312605990177,1.7311182959926903,1.5452527676253078,1.7511138971443643,gioia
h9t6y6i,5,4,"['impressionare', 'film', 'vedere', 'andare']",2.638185222006762,1.4325322233996072,1.2152367828821744,1.3371910091794617,0.8890369953429335,1.8390724722632,2.305690572450562,2.2939143447321992,gioia
h9sqi52,17,12,"['sentire', 'crociata', 'scendere', 'perso', 'fiducia', 'effetto', 'terribile', 'offendere', 'cosa', 'sperare', 'scelta', 'film']",4.62400653479422,5.96672603664113,6.016463055789069,6.116648525145353,4.591252668979923,5.1359921915812565,5.694598181867714,6.061551886343717,paura
h9so02c,11,9,"['piccolo', 'rapire', 'film', 'grande', 'sviluppare', 'interesse', 'enorme', 'religione', 'merda']",4.078686921348633,2.9317108870623017,3.289833294161976,3.688386101160533,2.7674895276652536,3.677837840025006,4.777485989840344,4.35480802441092,sorpresa
h9sljho,18,12,"['fare', 'impressione', 'apprezzare', 'estetico', 'vedere', 'gusto', 'giudicare', 'intero', 'film', 'trucco', 'personaggio', 'secondario']",6.51975259996706,3.3793191431358354,3.2274138537514174,3.5815681764969853,2.940040517202077,5.647630403078861,6.120273898682267,7.053012941123316,aspettativa
h9p25sh,7,5,"['fare', 'nuovo', 'film', 'grazie', 'attore']",3.413811894136553,1.3088163453956148,1.0969961524617888,1.8015830278777853,0.8020903933025054,2.8160013015858545,2.738702300110989,3.3826467231572988,gioia
h90218i,18,12,"['finanziare', 'armare', 'film', 'personaggio', 'interpretare', 'combattere', 'fianco', 'sovietico', 'avere', 'ragione', 'analizzare', 'assistenza']",4.814757422130272,3.6943018084839205,4.195725822835547,5.271091107593,2.9041208639179414,6.506440675086078,4.938035333235262,6.373049207558483,fiducia
h8jjqhk,6,6,"['leggere', 'vedere', 'storia', 'partigiano', 'film', 'documentario']",4.112767713358403,2.5207107682444425,2.084081325862462,2.1130362263593545,1.4991266405808592,3.358685262519193,3.318638913893002,3.470531355253085,gioia
h8cc4pf,11,10,"['leggere', 'piccolo', 'capire', 'criterio', 'valutazione', 'parte', 'teatro', 'scegliere', 'scena', 'film']",5.430869912843537,3.3533138089386503,2.803870176845688,3.636859434676645,1.8420279519645104,4.250477035436213,5.564876813025266,5.89215044854442,aspettativa
h8a0i3p,35,33,"['ricordare', 'andare', 'onda', 'canale', 'stesso', 'momento', 'trama', 'sbagliare', 'ragazzo', 'innamorato', 'avere', 'bisogno', 'conquistare', 'ragazza', 'avere', 'cosa', 'fare', 'favore', 'dire', 'sembrare', 'favore', 'vestito', 'quadro', 'tipo', 'chitarra', 'sbagliare', 'profumo', 'vago', 'ripetere', 'vedere', 'film', 'pensare', 'anno']",17.694236898873847,11.061431000019065,9.870852405792276,11.636512836780657,7.764377238209611,16.496992733820267,16.150695992336853,18.684767479443327,aspettativa
h7sj4ep,27,21,"['potere', 'avere', 'coscienza', 'sentire', 'pensiero', 'dire', 'avere', 'certezza', 'stare', 'autentico', 'parlare', 'notizia', 'sfera', 'sperimentare', 'persona', 'sperimentare', 'persona', 'dire', 'reale', 'film', 'esempio']",11.895490891349416,6.464799023293145,6.671358391096679,7.873237805220295,5.577008788779126,11.591437600295276,11.057078812813586,12.769092315796588,aspettativa
h7fy5ax,18,13,"['milanese', 'parte', 'trasmettere', 'film', 'pensare', 'sentire', 'tipo', 'fregare', 'dire', 'rotto', 'cazzo', 'cosa', 'genere']",5.18948063798571,5.601933088305692,5.482344311022107,5.242890271185909,4.196987331174403,5.328548613528639,6.195354588976612,6.623893294644855,aspettativa
h7fglhq,13,7,"['parlare', 'italiano', 'standard', 'usare', 'film', 'straniero', 'medio']",3.1698879734620604,2.937256132698234,2.5013560790242697,2.654448103518792,1.9327117335834176,2.8387061591119003,3.0528896369970484,3.1944374575892485,aspettativa
h72cwn5,14,8,"['indagine', 'processo', 'film', 'insegnare', 'lega', 'scegliere', 'soldo', 'parte']",3.434745385943404,2.6146202133419556,2.5075013089743488,3.207291352576252,2.136813389173458,3.4346197739727455,3.6291573537549597,4.462289796468114,aspettativa
h6k6t2k,8,7,"['mentalità', 'medio', 'pensare', 'contrario', 'studiare', 'storia', 'film']",3.13675329293556,3.386278475837877,3.238391022012543,2.7828079698355346,1.8888019780798377,2.916227835242773,3.348079754749968,3.679862514464419,aspettativa
h6hm39e,39,31,"['stare', 'situazione', 'risposta', 'unico', 'spiegare', 'vedere', 'dire', 'coppia', 'perfetto', 'possibilità', 'equilibrio', 'fatto', 'frequentare', 'altro', 'persona', 'parlare', 'sfogare', 'ex', 'chiudere', 'relazione', 'genere', 'accettare', 'ragazza', 'stesso', 'compagnia', 'sentire', 'ex', 'condividere', 'film', 'messaggio', 'citare']",17.520594646246124,9.494167328599135,9.258061787026609,9.859145585344107,6.693522974539898,17.47745227918071,15.174303133143574,18.28018850217817,aspettativa
h6gfhnh,25,20,"['avere', 'anno', 'film', 'distanza', 'guardare', 'documentario', 'guardare', 'stesso', 'casa', 'sapere', 'fare', 'ragazza', 'compagno', 'sapere', 'lavorare', 'compagno', 'ultimo', 'domanda', 'capitare', 'risposta']",11.12004491929231,6.889571281731272,5.669992158947006,7.132037849537497,3.9289659107636195,11.153722050639209,9.91171506560664,12.288275563148638,aspettativa
h6gf5nn,29,26,"['rispondere', 'domanda', 'anno', 'avere', 'compagno', 'senso', 'guardare', 'film', 'documentare', 'fare', 'ragazza', 'vita', 'ragazzo', 'lavorare', 'ragazzo', 'cosa', 'fare', 'passato', 'ragazzo', 'prestare', 'servizio', 'volontario', 'ministero', 'difesa', 'ministero', 'interno']",13.53576168212999,7.334044936438932,6.031341510490994,7.808941058562921,4.937070689553218,14.4645323976884,11.603001536904761,16.63193214467357,aspettativa
h6geab2,24,16,"['paura', 'uomo', 'donna', 'animale', 'improbabile', 'escludere', 'pensare', 'avere', 'coscienza', 'sapere', 'esistere', 'avere', 'certezza', 'autentico', 'film', 'esempio']",8.967490767880443,5.9069422516457,5.763744122912726,7.0905924580241715,3.865637153864883,8.812431901214563,8.437946634209222,10.025327097557927,aspettativa
h6clhbj,74,46,"['morire', 'vero', 'accusare', 'omicidio', 'causa', 'morte', 'conseguente', 'morte', 'causa', 'causa', 'morte', 'stesso', 'motivo', 'lavoro', 'dare', 'esempio', 'protezione', 'cadere', 'testa', 'bravo', 'morire', 'morire', 'altro', 'motivo', 'resto', 'supposizione', 'pretendere', 'pratica', 'medico', 'seguire', 'ragionamento', 'subire', 'conseguenza', 'fare', 'esempio', 'colpo', 'conseguenza', 'capire', 'film', 'polizia', 'dire', 'morte', 'trauma', 'corpo', 'cervello', 'picchiare']",16.71700134934617,20.564464504739266,19.251418716541057,22.024449241247666,12.990408096266885,19.926736882791474,20.0673971773729,22.746401563135638,aspettativa
h5zc4pr,49,34,"['punto', 'basso', 'raggiungere', 'storia', 'immenso', 'vergogna', 'fare', 'conto', 'resto', 'bastare', 'vedere', 'carriera', 'interno', 'apparato', 'catena', 'comando', 'vero', 'indiscutibile', 'rendere', 'teatro', 'mattanza', 'visione', 'film', 'trattare', 'immagine', 'licenza', 'poetico', 'puro', 'semplice', 'sociale', 'testimonianza', 'sede', 'notte', 'giorno']",15.792035736020534,11.682403719448871,9.590872532369689,11.53681484680252,6.741932503132151,16.723701065413977,13.620732298634984,17.22147321695736,aspettativa
h5z7nej,49,34,"['punto', 'basso', 'raggiungere', 'storia', 'immenso', 'vergogna', 'fare', 'conto', 'resto', 'bastare', 'vedere', 'carriera', 'interno', 'apparato', 'catena', 'comando', 'vero', 'indiscutibile', 'rendere', 'teatro', 'mattanza', 'visione', 'film', 'trattare', 'immagine', 'licenza', 'poetico', 'puro', 'semplice', 'sociale', 'testimonianza', 'sede', 'notte', 'giorno']",15.792035736020534,11.682403719448871,9.590872532369689,11.53681484680252,6.741932503132151,16.723701065413977,13.620732298634984,17.22147321695736,aspettativa
h4gxvr8,46,43,"['avere', 'anno', 'credere', 'giovane', 'piacere', 'cinema', 'piacere', 'film', 'serie', 'anima', 'giapponese', 'fumetto', 'musica', 'importare', 'genere', 'forma', 'arte', 'presentare', 'tema', 'attualità', 'forte', 'sorta', 'discussione', 'legare', 'tema', 'trattato', 'vario', 'film', 'serie', 'partire', 'scena', 'canzone', 'passare', 'riflessione', 'personale', 'ragazzo', 'sapere', 'occhio', 'grande', 'proposta', 'sembrare', 'stupidaggine', 'idea']",24.681297914898565,14.390406160772828,13.096415625357764,15.829927799912696,8.329250505799392,22.744918772346043,23.79142687044224,26.79446405214596,aspettativa
h23sy1f,12,9,"['storico', 'eccessivo', 'difendere', 'italiano', 'dare', 'potere', 'modo', 'intervenire', 'servire']",3.7327020676976566,3.3348809035669813,3.365702984696975,3.1558128870888575,2.4772030649566315,3.8952767812158253,3.7945801908141585,4.561455917347793,aspettativa
h1i83aj,11,9,"['sapere', 'film', 'mentale', 'fare', 'momento', 'mettere', 'rappresentare', 'realtà', 'attuale']",4.878652861249794,3.559367224693448,2.999757794303399,3.7968743959828246,2.3593364939574837,5.055829306332789,4.686681612319477,5.56002134285138,aspettativa
gzdnv3e,365,270,"['fare', 'poco', 'confusione', 'trovare', 'accordo', 'società', 'momento', 'insostenibile', 'tecnologia', 'fondamentale', 'avvenire', 'trovare', 'accordo', 'futuro', 'sembrare', 'sembrare', 'letteratura', 'arte', 'ispirare', 'invenzione', 'umano', 'diventare', 'possibile', 'caso', 'rinascimento', 'provocare', 'impulso', 'progresso', 'enorme', 'rinascimento', 'svuotare', 'fabbrica', 'persona', 'arte', 'reddito', 'universale', 'porta', 'ispirare', 'nuovo', 'idea', 'invenzione', 'scegliere', 'anno', 'esempio', 'ritenere', 'punto', 'massimo', 'mondo', 'occidentale', 'capire', 'fare', 'panno', 'africano', 'morire', 'anno', 'fare', 'dolce', 'stile', 'vita', 'insostenibile', 'economia', 'massimo', 'storico', 'diseguaglianza', 'crescente', 'ridurre', 'minimo', 'termine', 'politica', 'credibile', 'esagerare', 'libertà', 'individuale', 'intaccare', 'clima', 'settembre', 'ottimismo', 'futuro', 'avere', 'tempo', 'legge', 'libro', 'conoscenza', 'datato', 'professore', 'catastrofe', 'ambientale', 'energia', 'solare', 'carbone', 'buono', 'mercato', 'sfida', 'ambientale', 'via', 'risoluzione', 'cosa', 'importante', 'anno', 'esistere', 'stare', 'mondo', 'reale', 'dire', 'volere', 'fisico', 'reale', 'provare', 'volta', 'vita', 'reale', 'vita', 'virtuale', 'privare', 'capire', 'sentito', 'dire', 'contrario', 'anno', 'sembrare', 'vita', 'reale', 'incollare', 'schermo', 'telefonino', 'parlare', 'distanza', 'sembrare', 'normale', 'normale', 'cosa', 'anno', 'anno', 'nonno', 'incollare', 'televisore', 'sostenere', 'vita', 'migliore', 'uomo', 'cacciatore', 'grande', 'parte', 'continuare', 'migliaio', 'anno', 'raccontare', 'film', 'impressione', 'anno', 'posto', 'misura', 'televisione', 'videogioco', 'stare', 'sbagliare', 'ricordare', 'passato', 'maniera', 'arrivo', 'punto', 'pensare', 'vita', 'passare', 'sedere', 'computer', 'conoscere', 'umano', 'vita', 'reale', 'fatto', 'incontrare', 'persona', 'mondo', 'avere', 'idea', 'simile', 'mio', 'anno', 'fatto', 'futuro', 'interazione', 'reale', 'preferire', 'spendere', 'tempo', 'obbligare', 'uscire', 'vicino', 'casa', 'libertà', 'venire', 'occhio', 'capacità', 'evoluzione', 'tecnologico', 'digitale', 'poco', 'fare', 'aiutare', 'usare', 'tecnologia', 'vero', 'miglioramento', 'condizione', 'umano', 'presente', 'nonno', 'odiare', 'persona', 'papà', 'odiare', 'dire', 'porta', 'disoccupazione', 'rimanere', 'utile', 'permettere', 'liberare', 'persona', 'vita', 'negozio', 'caricare', 'commissione', 'prodotto', 'attività', 'utile', 'finire', 'cervello', 'ingannare', 'futuro', 'parte', 'vita', 'mondo', 'virtuale', 'disegnare', 'misura', 'uomo', 'vivere', 'città', 'piccolo', 'appartamento', 'servire', 'tempo', 'ufficio', 'computer', 'facile', 'passato', 'normale', 'avere', 'paura', 'progresso', 'chiesa', 'bruciare', 'scienziato', 'medioevo', 'esperienza', 'vita', 'visione', 'mondo', 'diverso', 'credere', 'utile', 'andare', 'discutere', 'sperare', 'dare', 'altro', 'punto', 'vista']",141.40739511035787,93.13322413674523,82.74293230834274,97.5657242214174,61.8525208827368,146.12364337775585,130.8403837358794,162.75898866607082,aspettativa
gxilbeh,23,19,"['esistere', 'consistente', 'propaganda', 'fare', 'videogioco', 'film', 'serie', 'televisivo', 'articolo', 'saggio', 'storico', 'network', 'fare', 'buono', 'lavoro', 'propaganda', 'investire', 'miliardo', 'anno']",9.400700181070189,5.639985871355166,5.593795197762,6.192402624178235,4.176700253934651,9.90963519050773,8.52008452972898,11.878386007067478,aspettativa
gx7dnvb,56,49,"['tempo', 'natura', 'prendere', 'cane', 'andare', 'fare', 'giro', 'spiaggia', 'bar', 'bere', 'caffè', 'amico', 'guardare', 'film', 'divertente', 'chiedere', 'aiuto', 'professionale', 'psicologo', 'avere', 'pensiero', 'avere', 'alto', 'basso', 'imparare', 'gestire', 'felicità', 'tristezza', 'cercare', 'stesso', 'lacrima', 'sorriso', 'tristezza', 'avere', 'paura', 'accettare', 'considerare', 'parte', 'spaventare', 'esistere', 'anno', 'migliore', 'peggiore', 'vita', 'cura', 'circondare', 'persona', 'amare', 'amare']",27.271463951634786,16.71836293975008,13.874295835714616,18.924476399677967,9.48742943044938,26.4183565918635,22.504645143590977,27.522242694919118,aspettativa
gx1xxkr,6,5,"['dire', 'noto', 'film', 'studio', 'porco']",2.282507159647708,1.9081031527640349,2.16383900502033,2.1641028087592655,2.016051642714051,2.241308604303368,2.686148790113546,2.8721812643229825,aspettativa
gvwtkg3,84,64,"['cultura', 'giapponese', 'affascinare', 'anno', 'cartone', 'guerriero', 'cartone', 'fare', 'impazzire', 'bambino', 'epoca', 'perdere', 'interesse', 'cartone', 'giapponese', 'sopportare', 'esagerazione', 'personaggio', 'rapporto', 'maschio', 'femmina', 'fondo', 'verità', 'eccezione', 'studio', 'amare', 'tanto', 'opera', 'arte', 'film', 'animato', 'imparare', 'apprezzare', 'resto', 'cultura', 'pensare', 'videogioco', 'cartone', 'animato', 'resto', 'mondo', 'arrivare', 'scoprire', 'conclusione', 'sincero', 'domanda', 'giovane', 'favorevole', 'contrario', 'cultura', 'dire', 'cosa', 'superficiale', 'porgere', 'trarre', 'conclusione', 'pregiudizio', 'media', 'luogo', 'comune', 'nuovo', 'trend', 'fare', 'tirare']",35.29942028518587,20.39070103815466,18.385243852903958,20.881703969871616,13.535222762743873,32.00811717582355,31.880664528269627,37.33754681254138,aspettativa
gvh09k5,6,4,"['telegiornale', 'parlare', 'film', 'network']",1.9347851283024151,1.9014783959693398,1.724380524172588,1.5471956580669852,1.1633402343697203,1.8451104249625196,1.7521816085397848,2.194662097248539,aspettativa
gvfvfms,9,8,"['uscire', 'film', 'suscitare', 'scandalo', 'film', 'costringere', 'persona', 'riflettere']",3.645999203380818,4.039714370826008,4.03573627722823,4.310486058747705,3.223737229501332,2.6139385844875456,4.14651302445973,3.8182670949838373,paura
gv6kfkk,70,53,"['privacy', 'avere', 'luogo', 'lavoro', 'lavoro', 'severo', 'luogo', 'lavoro', 'mettere', 'lavoro', 'lasciare', 'perdere', 'valanga', 'compilare', 'caso', 'aspettare', 'verificare', 'privacy', 'lavoratore', 'inutile', 'mettere', 'telecamera', 'inquadrare', 'dipendente', 'aprire', 'portafoglio', 'euro', 'contante', 'avere', 'ripresa', 'inquadrare', 'fare', 'dipendente', 'avvisare', 'modo', 'ovvio', 'telecamera', 'rischiare', 'cogliere', 'rubare', 'euro', 'contante', 'contratto', 'tempo', 'licenziare', 'piede', 'film', 'americano', 'chiamare', 'legale', 'migliaio', 'euro', 'euro']",21.522943786639626,19.46512375222115,18.8183019346537,21.60399543827766,13.164574416909186,24.972605180041693,23.407429803563385,29.34391921037084,aspettativa
guzt01j,11,6,"['fare', 'ripetere', 'film', 'propaganda', 'sembrare', 'ridicolo']",1.803628603658967,2.530289470278551,2.344872037938174,2.423676732738426,1.8550669842331995,2.1205801856099673,2.6649778481770174,3.3361580851222596,aspettativa
guzf7bk,15,12,"['versione', 'animare', 'fumetto', 'originale', 'fare', 'cagare', 'vedere', 'volta', 'film', 'consigliare', 'dare', 'occhiata']",7.431253169551662,3.203513737538141,3.1972225923662347,3.2264440884878316,2.410727562767739,5.965925490179372,6.160273158772244,7.3271197063802775,gioia
guz2m4w,15,12,"['scrivere', 'concetto', 'sinistra', 'sbagliare', 'parlare', 'sorgere', 'inizio', 'film', 'trovare', 'punto', 'parlare', 'personaggio']",6.376431744109193,3.862070678080204,3.463466937828892,4.032630875175534,2.118606124226422,6.055199010517795,5.93347266653355,7.26653020126202,aspettativa
guyzbdg,22,14,"['film', 'analizzare', 'comunismo', 'faccenda', 'comunismo', 'esistere', 'fantasma', 'epoca', 'scrivere', 'anno', 'attenzione', 'cantare', 'vittoria', 'esistere']",7.726287919615995,6.108064020356782,5.591173889185025,7.129235714228452,4.352166212475785,6.899288590908153,7.712547534844665,9.014661584301585,aspettativa
guyyuro,23,17,"['realtà', 'contrario', 'film', 'analizzare', 'comunismo', 'faccenda', 'resto', 'trattare', 'storia', 'propaganda', 'comunista', 'morire', 'sepolto', 'comunismo', 'esistere', 'fantasma', 'epoca']",5.498371367239331,8.309740347769413,8.10612659760939,9.0083602781648,6.660636715078406,5.975041690296004,7.737222697177118,7.985444971260474,paura
gtlrcn3,16,10,"['prendere', 'giro', 'sperare', 'ascoltare', 'proposta', 'straniero', 'online', 'guardare', 'film', 'capire']",5.759153841833926,3.265323019941337,3.184437009523625,3.996931147089549,2.7162571161370974,5.193548234662853,5.571660485753468,6.009347364397139,aspettativa
gtkneak,44,29,"['sapere', 'realtà', 'valere', 'pena', 'discutere', 'tribunale', 'altro', 'film', 'passato', 'notizia', 'vero', 'ridicolo', 'negare', 'cosa', 'sapere', 'punto', 'avere', 'dubbio', 'buono', 'fede', 'avere', 'negativo', 'positivo', 'capitare', 'capitare', 'inventare', 'merito', 'fare', 'simpatia']",14.450193497353567,10.99928833573438,9.522546701711352,11.70938703089917,6.456500631575442,14.440387779173372,14.711221790874148,16.73099008064319,aspettativa
gtds4k6,42,8,"['riguardo', 'fan', 'sito', 'sapere', 'idea', 'film', 'film', 'spot']",4.66366746830977,2.306077945587688,2.078651736475404,2.392077479524857,1.5592584570724266,4.2092219054134645,4.565293067971672,4.657229277085529,gioia
gt09inb,36,23,"['neonato', 'premio', 'sindacato', 'americano', 'interno', 'eleggere', 'migliore', 'realizzazione', 'cinema', 'lavoro', 'interno', 'figura', 'professionale', 'appartenere', 'categoria', 'categoria', 'vincere', 'categoria', 'vincere', 'categoria', 'vincere', 'categoria', 'vincere']",11.043368387351022,4.363944590685431,4.187173111197744,4.238946318241649,2.5928375444504006,9.435155042486207,10.09950444022422,11.350972723541535,aspettativa
gsqfmqs,140,108,"['sapere', 'film', 'tempo', 'cercare', 'parcheggio', 'tempo', 'autobus', 'figurare', 'guardare', 'lasciare', 'stare', 'capire', 'persona', 'credere', 'avere', 'ragione', 'modo', 'aperto', 'idea', 'fornire', 'dare', 'ragionamento', 'risultare', 'fare', 'parlare', 'bravo', 'sembrare', 'modo', 'escluso', 'pensiero', 'aprire', 'nuovo', 'punto', 'vista', 'motivo', 'paese', 'adottare', 'stile', 'vita', 'culo', 'pesante', 'largo', 'genio', 'batteria', 'auto', 'colpo', 'utilizzare', 'volta', 'automobile', 'circolazione', 'contare', 'trasporto', 'risorsa', 'continuare', 'restare', 'contraddizione', 'fare', 'fronte', 'precedente', 'commento', 'interessare', 'continuare', 'considerare', 'complessità', 'realtà', 'sociale', 'alienazione', 'resto', 'ragione', 'rivoluzione', 'società', 'continuare', 'ignorare', 'apparenza', 'fattore', 'realtà', 'specie', 'culto', 'primo', 'criticare', 'paese', 'credere', 'parlare', 'dire', 'ultimo', 'cosa', 'servire', 'gente', 'fare', 'trovare', 'reale', 'soluzione', 'problema', 'fare', 'dire', 'altro', 'paese', 'migliore', 'affermazione', 'fare', 'bello', 'favore', 'piacere', 'persona', 'patria', 'affrontare', 'terra', 'problema']",52.37184694675788,32.88490992777315,31.126663729622432,37.171225495385116,22.560372604966105,57.23270175721397,49.73069640761599,64.9158490419536,aspettativa
gsau9yo,135,116,"['accordo', 'andare', 'migliorare', 'forte', 'spinta', 'ultimo', 'tempo', 'tema', 'generale', 'dire', 'casa', 'passare', 'elettrico', 'fare', 'direzione', 'spostamento', 'abituale', 'casa', 'lavoro', 'casa', 'facoltà', 'scuola', 'necessità', 'prendere', 'auto', 'portare', 'stesso', 'salvo', 'avere', 'bisogno', 'lavorare', 'portare', 'merce', 'iniziare', 'lavorare', 'servire', 'mezzo', 'pubblico', 'andare', 'giornata', 'brutto', 'auto', 'traffico', 'causare', 'stress', 'andare', 'motorino', 'cambiare', 'casa', 'spostare', 'città', 'iniziare', 'fare', 'preferire', 'perdere', 'tempo', 'viaggio', 'leggere', 'giocare', 'ascoltare', 'musica', 'guardare', 'film', 'stare', 'traffico', 'rischio', 'incidente', 'stress', 'spesa', 'tornare', 'città', 'cambiare', 'lavoro', 'continuo', 'usare', 'stesso', 'motivo', 'mezzo', 'pubblico', 'perfetto', 'capitare', 'saltare', 'corsa', 'capitare', 'stare', 'piede', 'caldo', 'capitare', 'senzatetto', 'fare', 'odore', 'capitare', 'ragazzino', 'cellulare', 'musica', 'palla', 'auto', 'spostamento', 'familiare', 'domanda', 'sbaglio', 'ultimo', 'anno', 'numero', 'vettura', 'giro', 'aumentare', 'media', 'vettura', 'guadagnare', 'centimetro', 'lunghezza', 'trovare', 'parcheggio', 'diventare', 'difficile']",56.70045916596046,40.73902515310374,38.409225104627296,45.029643176113474,25.78946414286852,55.3247651845177,55.8232430079136,67.01503654215608,aspettativa
gs3nvwf,19,15,"['pensare', 'anno', 'finire', 'discorso', 'limite', 'vedere', 'sembrare', 'conoscere', 'anno', 'film', 'guardare', 'pensare', 'verità', 'tipo', 'lavoratore']",8.15074773842481,6.238501093900905,5.414815410725156,6.215608692917806,3.422637777272953,8.619027366928814,7.764824991276092,9.928346633993984,aspettativa
gs38guo,88,74,"['avere', 'anno', 'manco', 'uscire', 'scuola', 'lamentare', 'vita', 'fare', 'schifo', 'avere', 'problema', 'famiglia', 'serio', 'andare', 'lavorare', 'città', 'chilometro', 'turno', 'notturno', 'fare', 'schifo', 'fare', 'migliorare', 'mondo', 'migliorare', 'negativo', 'avere', 'anno', 'cercare', 'gioco', 'università', 'lavorare', 'libro', 'fare', 'soldo', 'facile', 'stare', 'vita', 'film', 'periodo', 'pensare', 'fare', 'festa', 'avere', 'anno', 'dire', 'limite', 'scopare', 'fare', 'schifo', 'avere', 'relazione', 'persona', 'età', 'volere', 'apprezzare', 'amare', 'difficile', 'trovare', 'persona', 'giusto', 'dire', 'periodo', 'sentire', 'aspetto', 'fare', 'rimanere', 'giocare', 'fare', 'cercare', 'capire', 'volere', 'difficile', 'sapere']",38.48776616966977,23.77148103885924,22.01070621930262,26.107009920473487,16.951287057217655,38.16899546837516,33.75312173080849,45.401599784175765,aspettativa
gs2m3ki,63,43,"['anno', 'peccato', 'passare', 'anno', 'tornare', 'percezione', 'avere', 'vivere', 'periodo', 'cultura', 'film', 'pensare', 'futuro', 'andare', 'avere', 'anno', 'sicurezza', 'credere', 'futuro', 'bisognare', 'lasciare', 'condizionare', 'vita', 'vita', 'pensare', 'inutile', 'prospettiva', 'mondo', 'grave', 'prevedere', 'eventuale', 'investire', 'ricerca', 'situazione', 'portare', 'opportunità', 'piangere', 'latte', 'tempo', 'bisognare', 'avere', 'trarre', 'meglio']",21.075749457740635,17.161402152237216,13.833350296217331,18.68183291488647,9.327170103951758,24.63345893450517,20.52996956201037,26.902298612447268,aspettativa
gs29arh,73,53,"['situazione', 'vivere', 'anno', 'dire', 'sorprendere', 'recuperare', 'futuro', 'adolescenza', 'legge', 'vietare', 'andare', 'discoteca', 'festa', 'chiamare', 'avere', 'anno', 'adolescenza', 'pensare', 'studiare', 'aiutare', 'famiglia', 'dare', 'fastidio', 'pensare', 'macchina', 'andare', 'fare', 'parere', 'risultato', 'arrivare', 'fare', 'stare', 'fare', 'bambino', 'discoteca', 'dire', 'stare', 'adolescenza', 'film', 'dire', 'divertito', 'finire', 'limite', 'età', 'perso', 'peggio', 'minacciare', 'vita', 'potere', 'sabato', 'sera', 'sembrare', 'esagerato']",27.792277114345485,20.94308354616672,19.113801877755023,22.186861123609702,14.205354710967384,27.078081158816087,26.237721978830752,32.35302920568328,aspettativa
grom1cd,18,13,"['risolvere', 'anno', 'anno', 'rimuovere', 'antenna', 'casa', 'piattaforma', 'film', 'serie', 'unico', 'cosa', 'servire', 'vedere']",6.6933240372258815,4.677270703440878,3.556623832375336,4.275585027665137,2.5434107745543963,6.657557495311168,5.381327974811312,7.169241665410453,aspettativa
gri1c04,28,2,"['auto', 'film']",1.0807174841565848,0.7773400777617094,0.8472386132234488,0.9868279204066445,0.4935142842635343,0.7369834786354548,1.0550362178780606,1.0449858103932717,gioia
gr7qixi,19,14,"['ipotizzare', 'scatola', 'magico', 'fare', 'camion', 'mettere', 'scena', 'film', 'catastrofico', 'servizio', 'passare', 'livello', 'spiegazione', 'logico']",5.9610059340898545,4.195978736771392,3.707561478845562,4.664046954066986,2.7339035228833866,5.949699883131905,7.063130109416795,8.241035989860507,aspettativa
gqfk9sl,6,5,"['film', 'contento', 'ottenere', 'minimo', 'riconoscimento']",3.35686804487599,1.3532381120628583,1.177083306662916,1.1236590871971164,0.6466628760361359,2.121057015881157,2.2922317672242647,2.7203322754138504,gioia
gq8zfmz,4,4,"['film', 'necessario', 'condizione', 'donna']",2.1799565340746128,1.46126341920098,1.5499853070590512,1.8899223587308822,1.007908396006039,1.7476746539643553,2.005488205300628,2.3633573636067755,aspettativa
gq6rqip,28,25,"['primo', 'latino', 'lingua', 'cercare', 'parlare', 'latino', 'riuscire', 'usare', 'celebre', 'film', 'film', 'comico', 'medievale', 'pagina', 'libertà', 'pagina', 'comico', 'inventare', 'nuovo', 'partito', 'tornare', 're', 'servo', 'credere', 'prendere']",15.58274046209966,7.4601492618841725,7.0279465405269175,8.034554934849778,4.565668246557166,12.787720867349625,13.906632885368518,15.855465955353283,aspettativa
gp6qc46,12,8,"['causa', 'centinaio', 'film', 'serie', 'televisivo', 'protagonista', 'grande', 'donna']",3.8627291224594,2.1199594204342116,2.1861990165854475,2.5214453530114684,1.3862790950681183,3.6002151172881782,4.030132232103311,4.922238988592551,aspettativa
gp29tql,14,14,"['indicare', 'punto', 'preciso', 'contenere', 'offesa', 'mancanza', 'rispetto', 'tipo', 'propaganda', 'fare', 'telegiornale', 'film', 'serie', 'televisivo']",4.903716621354495,5.508214812439692,5.30105007846492,5.1421976737667965,3.731658291829216,6.170892381985196,6.115163630986556,7.423771328593098,aspettativa
gop3vil,1,1,['film'],0.6555871386748866,0.5348626256434147,0.4428678233888925,0.5634105258207514,0.2786202049602042,0.2656593396527435,0.6170213862130943,0.5404521847039313,gioia
gntuwbh,49,44,"['ritardo', 'realizzare', 'dittatura', 'gente', 'guardare', 'musica', 'nascosto', 'anno', 'nascere', 'comunismo', 'programma', 'film', 'italiano', 'film', 'italiano', 'generazione', 'imparare', 'italiano', 'ricordare', 'fare', 'vedere', 'film', 'conoscere', 'ricordare', 'vedere', 'film', 'infanzia', 'italiano', 'sapere', 'cantare', 'canzone', 'film', 'animato', 'albanese', 'vedere', 'albanese', 'dire', 'realizzare', 'successo', 'importanza', 'vecchio', 'piano', 'nuovo', 'fare']",25.929234854077894,17.48010775150102,14.762936703605131,17.756693099242895,11.142912314361096,20.349875697461993,21.55778204503319,24.24161191709031,gioia
gngyhsh,37,32,"['amare', 'rappresentare', 'vivo', 'estero', 'anno', 'prendere', 'giro', 'causa', 'classe', 'politico', 'sentire', 'giro', 'fare', 'gioco', 'nascondere', 'bullismo', 'lontananza', 'problema', 'reale', 'paese', 'amare', 'dire', 'perdere', 'treno', 'giorno', 'fare', 'film', 'mamma', 'perdere', 'aereo', 'quarto', 'stagione']",15.891019724635667,11.771340741977195,10.82702178836566,12.099359669020387,6.571840046645107,14.975092459122571,14.577610671972874,17.2719903450332,aspettativa
gms1awm,17,11,"['categoria', 'italiano', 'inserire', 'documentario', 'canzone', 'colonna', 'sonoro', 'film', 'vita', 'trucco', 'film']",5.501164484361445,3.261254254689476,2.68179919529665,2.958208635004242,1.9264547320734777,3.8321691789829555,5.0822726347668645,4.91025591016323,gioia
gmgd0uv,34,25,"['vedere', 'passare', 'finestra', 'casa', 'morire', 'diventare', 'odiare', 'favola', 'maledizione', 'terribile', 'diventare', 'figlio', 'sfilare', 'gridare', 'slogan', 'anno', 'diventare', 'volta', 'giusto', 'sera', 'grande', 'freddo', 'film', 'argomento', 'consigliare']",12.094213555815129,9.100580583823637,8.749646363898385,10.566354679610015,6.6585557895629135,11.271947584524254,11.5733864342376,14.488233454796763,aspettativa
glzfn1k,3,2,"['conoscere', 'film']",1.502231882552235,0.8190593076070176,0.7030507846529207,0.9163910716069336,0.4171529439944713,1.0208651907328037,1.3055154912979319,1.1765552605437488,gioia
glueigs,276,206,"['volta', 'regione', 'sbagliare', 'fare', 'calcolo', 'volta', 'toccare', 'tempo', 'piano', 'partire', 'marzo', 'annunciare', 'sanità', 'giorno', 'partire', 'mese', 'febbraio', 'rettificare', 'stesso', 'consigliere', 'regionale', 'corsa', 'carica', 'figuraccia', 'fare', 'consegnare', 'base', 'buono', 'parte', 'altro', 'regione', 'italiano', 'avviare', 'campagna', 'prossimo', 'settimana', 'seguente', 'partire', 'resto', 'paese', 'spiegare', 'cambio', 'piano', 'dire', 'precisazione', 'arrivare', 'governo', 'nuovo', 'previsione', 'consentire', 'andare', 'sequenza', 'parallelo', 'inoculazione', 'disponibile', 'caso', 'febbraio', 'guidare', 'operazione', 'chiamare', 'uomo', 'tornare', 'passo', 'falso', 'ospedale', 'mezzo', 'trasformare', 'marketing', 'politico', 'esibire', 'conferenza', 'stampa', 'azione', 'concreto', 'giornalista', 'ex', 'capo', 'protezione', 'civile', 'tenere', 'tono', 'promettere', 'milione', 'giugno', 'cosa', 'realizzare', 'persona', 'giorno', 'mese', 'arrivare', 'milione', 'inserire', 'fase', 'fare', 'avere', 'piano', 'esecutivo', 'mano', 'incertezza', 'dose', 'uomo', 'governare', 'protezione', 'civile', 'anno', 'grande', 'evento', 'campagna', 'importante', 'operazione', 'protezione', 'realizzare', 'capire', 'altro', 'regione', 'proclama', 'operazione', 'assumere', 'film', 'personaggio', 'vita', 'contribuire', 'risolvere', 'problema', 'paese', 'euro', 'svolgere', 'nuovo', 'ruolo', 'italiano', 'piacere', 'medico', 'infermiere', 'pensione', 'ultimo', 'ora', 'circolare', 'voce', 'via', 'produzione', 'impegnare', 'possibilità', 'azienda', 'regionale', 'azienda', 'ritenere', 'fattibile', 'segnalare', 'complessità', 'azienda', 'ritenere', 'possibile', 'dare', 'risposta', 'tempo', 'tecnico', 'necessario', 'opposizione', 'vedere', 'respingere', 'piano', 'linea', 'dare', 'indicazione', 'piano', 'indicare', 'contattare', 'anziano', 'struttura', 'utilizzare', 'personale', 'mettere', 'disposizione', 'ennesimo', 'volta', 'regione', 'evento', 'dire', 'consigliera', 'operazione', 'arrivare', 'momento', 'giusto', 'coprire', 'ennesimo', 'inefficienza', 'parlare', 'fatto', 'partire', 'mese', 'commentare', 'capogruppo', 'momento', 'sembrare', 'mancare', 'orizzonte', 'ascoltare', 'opposizione', 'medico', 'personale', 'sanitario', 'studente', 'restituire', 'presente', 'futuro', 'dire']",98.2528227196568,67.36809827755951,59.72202579597758,74.35091901208425,44.71168605721017,111.36468645943397,95.08727528924452,129.11486271610465,aspettativa
gll6j43,4,3,"['consiglio', 'film', 'fantastico']",1.9993121545233954,0.7502561629045874,0.656941629035021,0.9542163913880602,0.4103418933578167,1.8977324544554866,1.803461399712373,2.135390756062243,aspettativa
glcn02l,26,20,"['caso', 'problema', 'mentalità', 'film', 'videogioco', 'eroe', 'solitario', 'risolvere', 'realtà', 'difficoltà', 'stare', 'chiedere', 'aiuto', 'assassino', 'donna', 'fatto', 'donna', 'vedere', 'oggetto', 'persona']",9.450627527279387,7.430388580169724,7.507386979450788,8.403122801472064,4.963855286065337,9.781270415350448,9.847469374418546,11.483997412268831,aspettativa
gjxvek7,4,4,"['bello', 'sembrare', 'scena', 'film']",2.192726709930498,1.0115759747615762,1.1294639223292888,1.241009346338102,0.6129080363268646,1.4007095119891666,2.7186613897964897,2.5853350133044,sorpresa
gjbrj31,7,6,"['ricordare', 'film', 'processo', 'intento', 'storico', 'accusare']",2.5787698558581478,3.0624813748024318,2.4220061736406944,3.0908227412475493,2.091400658596717,2.508066611528007,3.0976156647520736,3.1459602832793276,aspettativa
gj1g261,252,11,"['guida', 'style', 'coma', 'concept', 'news', 'opera', 'bastardo', 'web', 'pasta', 'sapere', 'set']",5.293874067771244,2.987241119002253,3.5115688060251644,3.3095919498517516,2.3593303624730604,4.8033570086772075,5.045911192713426,6.338190908460451,aspettativa
ginsyub,5,3,"['scenario', 'film', 'bello']",1.916850375588034,0.7429410561696402,0.6413246779229065,0.9456973017342061,0.42027281704387426,1.1792711069034183,1.9019066123047075,1.9451695461490726,aspettativa
gich4q4,39,29,"['ciao', 'unico', 'link', 'riuscire', 'trovare', 'funzionare', 'resto', 'scrivere', 'unico', 'cosa', 'segnalare', 'dire', 'altro', 'posto', 'altro', 'posto', 'dire', 'chiedere', 'parte', 'usare', 'mostrare', 'altro', 'cosa', 'fare', 'gratuito', 'scaricare', 'film', 'link', 'andare']",15.429016450500955,8.43254500310186,8.173016895336211,10.040170472644778,6.22778393416262,13.88538697416341,15.029641715021654,17.224201274180505,aspettativa
ghpkdcg,48,42,"['anima', 'esistere', 'anima', 'uscire', 'corpo', 'momento', 'morte', 'andare', 'risposta', 'religione', 'andare', 'altro', 'corpo', 'andare', 'mondo', 'cristianesimo', 'gestire', 'anima', 'dio', 'sorta', 'energia', 'gestire', 'universo', 'film', 'energia', 'gestire', 'vita', 'anima', 'esistere', 'coscienza', 'morire', 'cervello', 'emozione', 'dare', 'reazione', 'chimico', 'avvenire', 'cervello', 'animale', 'vivo', 'avere', 'anima']",24.297675953318905,15.081759742107343,14.856480134559728,18.243987852951083,10.833581288308766,22.704824427085086,20.368680409739568,24.308951440874477,aspettativa
