comment_id,n_tokens_total,n_tokens_matched,tokens_matched,gioia,tristezza,rabbia,paura,disgusto,fiducia,sorpresa,aspettativa,dominant_emotion
kfqv4u2,48,45,"['funzione', 'compito', 'casa', 'fissare', 'conoscenza', 'apprendere', 'classe', 'ammettere', 'collega', 'usare', 'mancato', 'applicazione', 'classe', 'tempo', 'tempo', 'apprendimento', 'passare', 'studente', 'difficile', 'stare', 'minuto', 'singolo', 'argomento', 'assegnare', 'compito', 'vacanza', 'trovare', 'presa', 'giro', 'migliore', 'caso', 'fare', 'fretta', 'furia', 'giorno', 'vacanza', 'peggiore', 'mamma', 'papà', 'altro', 'discorso', 'estate', 'pochino', 'compito', 'stare']",18.1379841326418,11.802497694767634,9.476767442935627,11.449759777690154,5.703528158414443,18.074894842624044,16.654780287544593,22.23000937734377,aspettativa
kfqp5fw,38,36,"['compito', 'vacanza', 'inutile', 'settimana', 'giorno', 'seconda', 'girare', 'calendario', 'giorno', 'passare', 'parente', 'altro', 'giorno', 'famiglia', 'casa', 'scappare', 'bene', 'fare', 'riposare', 'avere', 'compito', 'giorno', 'estate', 'mese', 'bisognare', 'tenere', 'mente', 'giorno', 'riposare', 'succedere', 'tornare', 'scuola', 'ricordare', 'fare', 'compito', 'aiutare']",16.860937684742005,10.485117633701748,7.634974244427978,10.399438097708911,4.7553676558829645,16.45106287895897,12.149317414709744,18.746074362311393,aspettativa
kfqkqtu,17,16,"['fare', 'estate', 'ora', 'cena', 'programma', 'chiamare', 'tipo', 'fare', 'raccontare', 'storia', 'americano', 'gente', 'fuggire', 'prigione', 'latitante', 'periodo']",5.918453501040069,4.712238367154855,4.744119527848095,5.813948804244069,2.8487908291822084,5.705919631766282,5.4982250690436585,8.364697944494178,aspettativa
kfpuon6,73,43,"['avere', 'amico', 'automobile', 'mettere', 'piede', 'taglio', 'avere', 'casa', 'volta', 'staccare', 'estate', 'escludere', 'casa', 'coppia', 'coppia', 'avere', 'figlia', 'anno', 'vivere', 'avere', 'modo', 'scambiare', 'giovane', 'esistere', 'manco', 'unico', 'fare', 'unico', 'fare', 'straniero', 'bere', 'persona', 'trovare', 'gruppo', 'offrire', 'stagione', 'classico', 'organo', 'lago', 'frequentare', 'associazione', 'classico', 'chiudere']",21.764317661679478,10.482891462583561,8.511072924097544,10.815210908827392,5.302811032411203,20.285345917858432,14.86090510794082,22.32521889307451,aspettativa
kfpqq32,16,14,"['capitare', 'estate', 'minuto', 'anticipo', 'euro', 'biglietto', 'mettere', 'soldo', 'benzina', 'autostrada', 'parcheggio', 'fare', 'pranzo', 'mare']",6.272693674474973,2.7343150364203725,2.6540594956751877,3.861369018316818,1.8724813805784113,4.214259716819525,5.042973847319469,6.8319610776868585,aspettativa
kfp67xs,11,8,"['abitare', 'percentuale', 'stella', 'aspettare', 'estate', 'agire', 'primo', 'possibile']",4.0904566127798665,1.0100975552214555,1.0621456766557227,1.1238542444667845,0.3516039568988979,3.626723489162546,3.5768059989045753,4.48638485624503,aspettativa
kfoz6kx,12,8,"['aperto', 'stagione', 'mese', 'asciugare', 'iniziare', 'pittura', 'estate', 'sistemare']",4.3670170898343335,1.9202811567738063,0.9620150768306297,1.8171179976810434,0.7402016066237109,3.4829487870901867,2.845604880133433,4.3981292457024095,aspettativa
kfo9r00,18,13,"['estate', 'cuore', 'meridionale', 'pagare', 'caffè', 'carta', 'ristorante', 'alto', 'montagna', 'rifugio', 'insulto', 'vero', 'ladro']",6.391330305132644,3.9898389913566454,3.8752897402791855,3.556488166610979,2.745487903086429,4.059202247810104,4.754912686947358,4.8348999551043965,gioia
kfml59b,16,10,"['sogno', 'pazzesco', 'estate', 'chiudere', 'lavorare', 'stancare', 'teatro', 'orrore', 'fare', 'schifo']",3.969978547183112,2.8190741055118127,2.410463123974042,3.056805852301297,2.7363758083991567,2.6462755139246656,3.959717294156245,3.9617284904718226,gioia
kfml45f,7,7,"['estate', 'fratello', 'avere', 'brutto', 'discussione', 'situazione', 'pazienza']",3.0640445616183882,2.0355562872960173,2.007716314899448,1.99117647823444,1.1046605751271612,3.2152987936948816,2.577244148293168,3.268685851128907,aspettativa
kfmdf24,18,18,"['diverso', 'aria', 'primavera', 'colore', 'estate', 'giornata', 'piscina', 'effetto', 'crescere', 'fatto', 'vita', 'passare', 'momento', 'bello', 'bello', 'vita', 'caso', 'passare']",11.659296090886508,4.413522577936173,3.204213981159241,4.208278423501463,2.6630602638741108,7.500033337144768,8.584299705511333,9.43578236747914,gioia
kfld61r,21,19,"['estate', 'figlio', 'avere', 'gelato', 'mano', 'no', 'carta', 'funzionare', 'pagare', 'cena', 'carta', 'gelato', 'signore', 'iniziare', 'andare', 'volta', 'auto', 'figlio', 'domandare']",10.320749832716922,3.9315801165719764,3.9033963218443066,4.764674169159186,2.3700568232474746,8.38060008846025,6.873063565158023,9.940054414230788,gioia
kfl7xxs,10,7,"['rinunciare', 'tempo', 'andare', 'salvo', 'anno', 'ricevere', 'estate']",3.432270311549296,2.0345722147162264,1.4235655684439197,1.9101071504670553,0.7270098121396168,3.5955040221053354,2.439071288936484,4.284275697283187,aspettativa
kfl32k9,19,12,"['scappare', 'casa', 'tornare', 'lavoro', 'scappare', 'passato', 'pensare', 'libero', 'prendere', 'fresco', 'estate', 'coprire']",5.802880485717504,3.5431650872373512,2.540383448651463,4.218660082412418,1.5073492036827854,5.258414329921385,4.322253665715461,5.659548051594723,gioia
kfl100y,25,17,"['cominciare', 'zona', 'conoscere', 'estate', 'fare', 'uscita', 'tranquillo', 'valle', 'tranquillo', 'facile', 'trovare', 'facile', 'difficile', 'grado', 'buono', 'preparazione', 'tecnico']",9.569721430844398,1.9709983856398283,2.079599148306468,3.1168835381248,1.3140011221378223,9.147420890936045,6.964130609746832,9.505400673441173,gioia
kfkvv2v,117,92,"['vedere', 'mamma', 'maturare', 'cosa', 'vero', 'maturare', 'tempo', 'cavolo', 'scrivere', 'avere', 'vita', 'sociale', 'avere', 'patente', 'inutile', 'dire', 'contrario', 'contento', 'contentare', 'collega', 'giovane', 'sentire', 'parlare', 'esempio', 'passeggiata', 'montagna', 'piede', 'provare', 'presenza', 'dare', 'fastidio', 'amare', 'musica', 'classico', 'evento', 'pochissimo', 'prezzo', 'esempio', 'estate', 'cortile', 'inverno', 'chiesa', 'vedere', 'sacco', 'gente', 'età', 'vedere', 'interessare', 'ambiente', 'sacco', 'persona', 'giovane', 'vedere', 'avere', 'medesimo', 'preoccupazione', 'esistere', 'associazione', 'ambiente', 'unico', 'conoscere', 'esempio', 'ragazzo', 'fare', 'volontariato', 'insegnamento', 'italiano', 'persona', 'straniero', 'avere', 'anno', 'fidanzato', 'volontario', 'campo', 'giovane', 'volta', 'evento', 'sapere', 'amico', 'andare', 'persona', 'altro', 'prevalentemente', 'donna', 'età', 'parere', 'avere', 'imbarazzo', 'scelta', 'retta', 'gentile', 'prossimo']",43.56111038475081,22.446753090390484,20.501278537378315,24.960403660446982,12.76014430292299,38.15478549634669,32.17355969146297,46.2294655582452,aspettativa
kfjxb63,54,40,"['dipendere', 'capire', 'porre', 'costoso', 'giornaliero', 'costare', 'metà', 'costare', 'metà', 'zona', 'stagione', 'fare', 'annuale', 'estate', 'fare', 'attività', 'estivo', 'diventare', 'sci', 'sport', 'economico', 'attrezzatura', 'bastare', 'usato', 'anno', 'costo', 'pista', 'abitare', 'volere', 'lezione', 'avere', 'insegnare', 'costo', 'birra', 'scegliere', 'spesa', 'arrivare', 'mese', 'avere', 'soldo']",17.174139162941625,9.891733065472325,8.602538572195874,9.303768393478538,4.554148846123052,15.969139168657378,12.269886100374347,21.266707779070522,aspettativa
kfjozus,6,4,"['sci', 'estate', 'vendere', 'casa']",3.054068814249152,0.6131061495675546,0.4704588163039658,0.8709109765141663,0.2144030296013375,1.9800687610188854,1.7138974701929892,2.2107360343460534,gioia
kfjbnij,63,52,"['scusa', 'fare', 'giornata', 'avere', 'ora', 'dormire', 'lavoro', 'viaggio', 'andare', 'ritorno', 'rimanere', 'ora', 'giorno', 'spendere', 'cosa', 'discorso', 'fatto', 'tempo', 'volta', 'ora', 'vero', 'tempo', 'libero', 'spendere', 'hobby', 'contare', 'weekend', 'estate', 'fare', 'lavoro', 'occupare', 'ora', 'giorno', 'giorno', 'riposo', 'modo', 'altro', 'tempo', 'leggere', 'poco', 'vedere', 'film', 'giocare', 'trovare', 'certo', 'punto', 'staccare', 'fare', 'diventare', 'salute', 'mentale', 'divertimento']",25.73380332321004,12.505597382562192,8.164429847991464,12.083946688760689,4.379637937302588,22.364961678367653,17.843880738089588,29.201851869090785,aspettativa
kfj8hz1,52,43,"['stare', 'stare', 'compagna', 'anno', 'inizio', 'volta', 'giorno', 'periodo', 'ora', 'mezzo', 'weekend', 'mese', 'andare', 'convivere', 'anno', 'prossimo', 'aprile', 'prestazione', 'calare', 'andare', 'periodo', 'inverno', 'pieno', 'estate', 'trombare', 'volta', 'mese', 'inverno', 'stanco', 'via', 'lavoro', 'estate', 'via', 'sudore', 'primavera', 'autunno', 'periodo', 'volta', 'settimana', 'amico', 'confermare', 'trombare', 'convivere']",19.927841812255252,11.137624729582411,7.331430778624439,9.782996319261423,4.873222922622733,17.391020100577116,13.596483733373598,23.779670309589726,aspettativa
kfhemad,35,21,"['parlare', 'cane', 'avere', 'stupido', 'leale', 'parlare', 'stile', 'americano', 'libero', 'usare', 'estate', 'preferire', 'tenere', 'fermo', 'posto', 'grado', 'arrivare', 'odiare', 'uscire', 'stare', 'posto']",10.29180362615081,4.88149495827576,4.7928165886493925,5.363730779994209,3.3987455442676233,9.55781193384667,7.0675261536786715,11.263308436223154,aspettativa
kfh66mq,17,17,"['tranquilla', 'sentire', 'onore', 'vero', 'controllare', 'fastidio', 'abituare', 'caratteristico', 'vedere', 'alba', 'mattina', 'inverno', 'tramonto', 'sera', 'estate', 'andare', 'scuola']",8.57472278837565,4.977859948056947,3.3661126614246673,3.8213959030051914,2.311306453608,7.501761040334421,5.804700460628162,8.753908648924257,aspettativa
kfh4wz6,27,23,"['carino', 'generale', 'giornata', 'ora', 'luce', 'estate', 'ora', 'luce', 'inverno', 'abituare', 'altro', 'canto', 'avere', 'estate', 'clima', 'diverso', 'servizio', 'funzionare', 'vivere', 'trasferire', 'laurea', 'lavorare', 'fare']",11.252429074305647,5.408243798188086,4.2157397031642185,5.856453765954934,3.0121691316287675,9.796195176350412,8.619830911940808,12.725127260207623,aspettativa
kfgoply,14,10,"['relativo', 'sapere', 'spendere', 'cittadino', 'paese', 'intero', 'vacanza', 'estate', 'fare', 'riflettere']",4.621475601772627,1.935801221844304,1.453457341274727,1.7674682406196303,1.0398492208769796,4.178746089934134,3.4610571201073643,4.8156928189614,aspettativa
kfglt0l,94,70,"['generale', 'persona', 'attivo', 'fare', 'cosa', 'rendere', 'colto', 'sapere', 'ragionare', 'cosa', 'conoscere', 'cosa', 'sapere', 'avere', 'insegnare', 'franchezza', 'stare', 'cosa', 'chiedere', 'avere', 'sapere', 'domanda', 'compito', 'inglese', 'cosa', 'chiedere', 'adulto', 'sognare', 'chiedere', 'ragazza', 'trovare', 'domanda', 'ridicolo', 'sapere', 'strano', 'senso', 'hobby', 'attività', 'scegliere', 'vita', 'tipo', 'lavoro', 'fare', 'ora', 'settimana', 'chiedere', 'piacere', 'fare', 'tempo', 'libero', 'trovare', 'pesca', 'mese', 'avere', 'passione', 'fotografia', 'coltivare', 'avere', 'inverno', 'fare', 'ragazzino', 'chiedere', 'hobby', 'film', 'parere', 'rispondere', 'fare', 'vita', 'respiro', 'mangiare']",32.65192345523946,15.211025770032611,11.632708404919224,16.66058394947342,8.32965985611694,30.352031315657403,23.22773772504095,36.744032888771194,aspettativa
kfggbcw,23,17,"['navigare', 'sapere', 'vero', 'marca', 'sinceramente', 'comprare', 'buono', 'estate', 'marca', 'pensare', 'manco', 'solito', 'caso', 'prendere', 'durare', 'tipo', 'mese']",7.444670905985921,4.5226207025415475,3.3077768929567304,3.6040076820340223,2.3926754042908525,7.514392785121187,5.417440583873456,8.521365212213164,aspettativa
kffy0ke,43,37,"['media', 'problema', 'iniziare', 'modo', 'lieve', 'weekend', 'rifiutare', 'uscire', 'famiglia', 'amico', 'passare', 'giornata', 'estate', 'avere', 'tempo', 'libero', 'solo', 'masturbare', 'volta', 'giorno', 'normale', 'giorno', 'scuola', 'studiare', 'masturbare', 'minimo', 'volta', 'giorno', 'avere', 'anno', 'cosa', 'migliorare', 'punto', 'ora', 'ora', 'mezzo', 'giorno']",16.61087299710683,9.587283016013844,7.63059808138438,9.830722828695784,3.7949978767654944,15.07118032008758,11.237321189259633,20.269984018426438,aspettativa
kffjn2r,11,8,"['arrivare', 'vedere', 'posto', 'inverno', 'estate', 'forno', 'circolazione', 'aria']",4.716447241345071,1.5681872236523888,1.0325466718250995,1.4145130852741628,1.0807136573597342,3.185688264487663,2.967477243223361,4.40167377314664,gioia
kff52du,5,3,"['vita', 'uso', 'estate']",1.9349700222657682,0.5367821438484021,0.3017236078258947,0.6165294875468399,0.15550536080485378,1.9218847826884229,1.4009688754982539,1.800243563456322,gioia
kff0g2n,15,14,"['scusa', 'estate', 'nudo', 'vedere', 'spiaggia', 'segnalare', 'andare', 'agosto', 'vero', 'sembrare', 'strano', 'zona', 'frequentare', 'grazie']",6.855888886118282,2.477101567590723,1.9985733551271534,2.3136307995698338,1.8531893044237497,6.466371801121935,5.303538361846061,7.586880297138445,aspettativa
kfcfgyv,11,5,"['piazzale', 'finestra', 'estate', 'caldo', 'diventare']",2.590688222086,0.404403208181362,0.5515933740620764,0.7846093664718501,0.16043333434345092,2.0457902623431887,1.7542606758540713,2.720450428669804,aspettativa
kfc9pbs,4,4,"['presa', 'estate', 'arrivare', 'comodo']",2.6289921083920387,0.41444374228276615,0.3100934953145804,0.5836136428848643,0.24213613157555303,1.9789163055336374,1.7551366615098465,2.180348513408926,gioia
kf9u0jw,32,27,"['giorno', 'giorno', 'mese', 'impegnare', 'scrivere', 'tesi', 'settimana', 'compleanno', 'estate', 'fare', 'vacanza', 'nuovo', 'natale', 'punto', 'capo', 'merda', 'capire', 'lasciare', 'giorno', 'compleanno', 'ora', 'fare', 'esame', 'resto', 'stronzata', 'fare', 'fare']",11.949398808398383,7.045994323464268,5.565617216219025,7.657887605209362,3.531929441421978,11.054344730336117,9.717488352737556,16.180050330996348,aspettativa
kf8zva1,89,67,"['sembrare', 'confondere', 'immobiliare', 'carattere', 'generale', 'valore', 'acquisto', 'stipendio', 'tema', 'riferire', 'economico', 'presente', 'realtà', 'difficoltà', 'vivere', 'stipendio', 'basso', 'città', 'capitale', 'economico', 'avere', 'stesso', 'problema', 'famoso', 'tipo', 'estate', 'avere', 'problema', 'acquisto', 'finanziario', 'comprare', 'casa', 'scopo', 'investire', 'abitare', 'generare', 'aumento', 'prezzo', 'parte', 'città', 'positivo', 'rendere', 'città', 'lavorare', 'ridurre', 'parte', 'efficienza', 'città', 'problema', 'vivere', 'maniera', 'ridotto', 'aumento', 'comune', 'problema', 'aumento', 'idea', 'contenere', 'sembrare', 'evidente', 'esistere', 'termine', 'economico', 'persona', 'vario', 'altro', 'discorso']",26.59397534638522,14.23566039101179,13.044642113244109,17.59045787141074,7.117422651284128,26.697980903226664,26.840636838989365,35.20011479337208,aspettativa
kf8yowg,39,26,"['bello', 'estate', 'mese', 'paese', 'nord', 'preferire', 'garantire', 'equilibrio', 'vita', 'lavoro', 'dipendente', 'paga', 'adeguato', 'dipendente', 'posto', 'imporre', 'dipendente', 'spendere', 'completo', 'fare', 'avere', 'paga', 'crescita', 'anno', 'avere', 'economia']",12.631140616664023,5.788242912100528,5.334731324061124,6.211487825405119,2.552432341460019,12.995491408915525,8.983021553502915,15.698054979568846,aspettativa
kf8d9t1,3,3,"['lavoro', 'estate', 'completo']",2.1825411064916875,0.7860510065179508,0.5965520170953603,0.3762788452700826,0.2751856500780545,1.8872566219167257,1.2379837263418745,2.211798772362749,aspettativa
kf85bx7,25,18,"['dispiacere', 'succedere', 'simile', 'estate', 'tirare', 'dire', 'tagliare', 'contatto', 'archiviare', 'foto', 'vecchio', 'volere', 'avere', 'tempo', 'buona', 'fortuna', 'abbraccio', 'forte']",8.459570701594801,6.177073686590015,4.919558704934157,5.754281449836753,2.435105879165789,8.647114611254658,7.497995717428638,9.370892730553145,aspettativa
kf61i5u,19,14,"['estate', 'pagare', 'freddo', 'euro', 'supermercato', 'euro', 'vasca', 'freddo', 'fazzoletto', 'viso', 'giusto', 'entrare', 'parte', 'ladro']",5.045931516779024,3.9546135435901286,3.4637406278603082,3.5112648142418275,2.5691831594394725,5.274133854948247,4.758950441853151,5.963055511029402,aspettativa
kf5wz6j,50,39,"['onesto', 'unico', 'compagnia', 'fare', 'fare', 'distanza', 'genere', 'giorno', 'andare', 'lavoro', 'treno', 'estate', 'giornata', 'impiegare', 'tempo', 'leggere', 'fare', 'cosa', 'viaggio', 'tempo', 'passare', 'macchina', 'sprecare', 'iniziare', 'fare', 'adulto', 'cosa', 'lavoro', 'grande', 'sostenitore', 'treno', 'città', 'fare', 'ora', 'mezzo', 'mattina', 'opzione', 'no', 'macchina']",16.450391138918835,9.79906477776644,6.508653137132453,8.287641099962427,4.0192160894421844,16.456206348670417,11.122731703448903,20.60759072528274,aspettativa
kf5n65g,29,21,"['raccontare', 'nuovo', 'avere', 'azienda', 'settore', 'legno', 'vedere', 'cosa', 'umano', 'estate', 'progetto', 'casa', 'legno', 'locale', 'apertura', 'fare', 'notare', 'dire', 'sapere', 'vedere', 'momento']",11.790054363980978,4.522608415162935,3.676326417108009,4.85367711296616,2.8173826677219576,10.373723469400732,8.433730151536162,11.09839628264984,gioia
kf5m18n,89,68,"['dispiacere', 'leggere', 'esperienza', 'soldo', 'capire', 'cascare', 'stesso', 'identico', 'metodo', 'truffa', 'estate', 'avere', 'avere', 'brutto', 'esperienza', 'esitare', 'anticipare', 'soldo', 'presunto', 'ritirare', 'conto', 'cosa', 'norma', 'dare', 'stare', 'servizio', 'usare', 'compagnia', 'spedizione', 'cosa', 'tradire', 'fatto', 'anticipare', 'venditore', 'soldo', 'mettere', 'controllare', 'sito', 'posta', 'italiano', 'confermare', 'esistenza', 'servizio', 'fidanzato', 'andare', 'ricerca', 'metodo', 'truffa', 'usare', 'famoso', 'rivelare', 'fanculo', 'soldo', 'tempo', 'cazzo', 'importante', 'salute', 'esperienza', 'lezione', 'futuro', 'anno', 'metodo', 'pagamento', 'spedizione', 'andare', 'piattaforma', 'usato', 'no']",25.30129183234591,18.536350854101542,16.532707158989236,19.81683447853428,11.827322385479874,26.26033825862676,20.77791913729604,33.54222792139288,aspettativa
kf5ezaq,65,57,"['stesso', 'persona', 'porre', 'domanda', 'sbagliare', 'valutare', 'pensare', 'base', 'vedere', 'succedere', 'accadere', 'vita', 'privato', 'persona', 'cosa', 'toccare', 'altro', 'esempio', 'lontano', 'parlare', 'sigaretta', 'sacco', 'foto', 'tumore', 'malattia', 'fare', 'capire', 'gente', 'fumo', 'fare', 'ricerca', 'notizia', 'riguardo', 'pensare', 'invitare', 'visitare', 'scorso', 'estate', 'male', 'insulto', 'rispondere', 'domanda', 'esagerare', 'dipendere', 'situazione', 'ladro', 'entrare', 'casa', 'minacciare', 'minacciare', 'figlia', 'passare', 'furto', 'rapina', 'arma', 'aggressore', 'esagerare']",19.587571255381224,20.594001433763097,19.99379845410959,22.197322601646878,15.003917182214135,19.377238222910073,21.44099243961983,26.38445353752096,aspettativa
kf5b551,11,9,"['cercare', 'casa', 'estate', 'casino', 'sabato', 'sera', 'minuto', 'arrivare', 'centro']",5.112727773834976,2.236879490409235,1.7850991469928503,2.6657579931608746,1.3088769945686194,3.902863566857874,3.8196339617483734,5.356369494011547,aspettativa
kf4v9qo,28,25,"['iniziare', 'guardare', 'casa', 'scorso', 'estate', 'piacere', 'richiesta', 'alto', 'avere', 'fretta', 'continuo', 'cercare', 'casa', 'vendita', 'mese', 'stesso', 'prezzo', 'chiedere', 'agenzia', 'vendere', 'prezzo', 'pieno', 'stare', 'bolla', 'vedere']",11.701303735566858,5.552962081656462,4.355571287025818,5.831362402069497,2.7760232380437273,10.520415616929824,9.541693369344438,14.43110175209004,aspettativa
kf4kq7y,19,14,"['temperatura', 'volere', 'neve', 'anno', 'neve', 'estate', 'caldo', 'caldo', 'clima', 'cambiare', 'avere', 'mezzo', 'girare', 'palla']",7.688921383207749,3.428624291905893,3.4083313518700664,3.8689548386434014,1.1354228219029505,4.93592301812223,6.172601237845828,7.210744357004618,gioia
kf3tco3,364,256,"['zona', 'sapere', 'considerare', 'primo', 'criterio', 'casa', 'carta', 'fibra', 'trovare', 'coprire', 'cercare', 'minimo', 'attività', 'zona', 'colpo', 'veloce', 'idea', 'scegliere', 'andare', 'cercare', 'casa', 'possibile', 'trovare', 'roba', 'tetto', 'dubitare', 'trovare', 'problema', 'costo', 'lavoro', 'vivere', 'valutare', 'locale', 'sicuro', 'rischio', 'valutare', 'casa', 'poco', 'terreno', 'pieno', 'sud', 'ombra', 'specie', 'inverno', 'sole', 'basso', 'servire', 'servire', 'ragione', 'economico', 'persona', 'fare', 'consumo', 'elettrico', 'dire', 'valutare', 'suolo', 'massimo', 'roccia', 'profondo', 'vedere', 'carta', 'ultimo', 'casa', 'ristretto', 'possibile', 'avventura', 'rischioso', 'costoso', 'funzionare', 'sistemare', 'volta', 'immobile', 'parte', 'dipendere', 'sapere', 'fare', 'tempo', 'lavorare', 'disporre', 'sudare', 'arrivare', 'casa', 'caso', 'imparare', 'paziente', 'condizione', 'anno', 'risparmiare', 'casa', 'soffitto', 'alto', 'grande', 'muro', 'piede', 'fare', 'sottofondo', 'pavimento', 'legno', 'mettere', 'rumore', 'tempo', 'portata', 'generico', 'passare', 'impianto', 'mettere', 'sacrificare', 'poco', 'muro', 'legno', 'nuovo', 'rendere', 'nuovo', 'vecchio', 'muro', 'solo', 'impianto', 'massimo', 'rifare', 'fogna', 'idraulico', 'fare', 'scarico', 'locale', 'carico', 'locale', 'prendere', 'paio', 'anno', 'posto', 'costare', 'costare', 'servire', 'premessa', 'singolo', 'lavoro', 'noioso', 'sembrare', 'inutile', 'difficile', 'posto', 'disegno', 'fare', 'variare', 'roba', 'prendere', 'importante', 'avere', 'posto', 'stare', 'costruire', 'cantiere', 'suicidio', 'errore', 'vivere', 'persona', 'cosa', 'diventare', 'complicato', 'servire', 'acqua', 'servire', 'luce', 'frigo', 'libero', 'fare', 'portare', 'acqua', 'luce', 'stare', 'grosso', 'consiglio', 'pratico', 'fare', 'voce', 'costo', 'finestra', 'costare', 'chiedere', 'preventivo', 'caso', 'idea', 'impianto', 'base', 'fare', 'poco', 'volta', 'tubo', 'gas', 'montare', 'strumento', 'particolare', 'zona', 'scaldare', 'estate', 'fan', 'casa', 'volta', 'fare', 'avere', 'filo', 'macchina', 'altro', 'scaldare', 'brutto', 'sapere', 'soldo', 'somma', 'opzione', 'adatto', 'avere', 'chiaro', 'includere', 'sapere', 'rivelare', 'falso', 'sapere', 'volere', 'mese', 'vedere', 'progresso', 'sapere', 'arrivare', 'servire', 'anno', 'partire', 'carico', 'concezione', 'scelta', 'vita', 'servire', 'decennio', 'venire', 'anno', 'confronto', 'sembrare', 'dire', 'nonna', 'stesso', 'luogo', 'uguale', 'strada', 'fare', 'fare', 'tenere', 'strada', 'pieno', 'buca', 'infilare', 'posto', 'chilometro', 'fare', 'chilometro', 'grande', 'città']",96.33373941008422,57.68761220035735,49.15432535840711,60.96723474015553,31.832398505747612,93.93155016243631,82.73069861915985,123.2877603466357,aspettativa
kf3s610,61,45,"['entrare', 'estate', 'trasferire', 'avere', 'roba', 'valore', 'errore', 'cambiare', 'portone', 'ingresso', 'tempo', 'uscire', 'ora', 'fare', 'spesa', 'entrare', 'portare', 'cavo', 'lasciare', 'tavolo', 'mese', 'tipo', 'lavoro', 'rimorso', 'porta', 'chiudere', 'chiedere', 'giro', 'numero', 'emergenza', 'privato', 'arrivare', 'inverno', 'porta', 'chiudere', 'occhio', 'primo', 'mese', 'comprare', 'telecamera', 'paura', 'dispositivo', 'elettronico', 'internet', 'mese']",14.34063184792795,12.6720297841528,9.462252359689492,15.228232487747729,6.0589951665599004,16.26100554660711,16.637171833566097,21.07299121712153,aspettativa
kf2a94c,105,87,"['idiota', 'parlare', 'affetto', 'ritardo', 'grave', 'persona', 'tipo', 'disturbo', 'lieve', 'ritardo', 'mentale', 'uso', 'storia', 'estate', 'cacciatore', 'incontrare', 'bambino', 'età', 'apparente', 'anno', 'foresta', 'dipartimento', 'situare', 'zona', 'meridionale', 'massiccio', 'centrale', 'bambino', 'nudo', 'incapace', 'parlare', 'scoprire', 'individuare', 'anno', 'precedente', 'riuscire', 'fuggire', 'saggio', 'porre', 'domanda', 'trovare', 'noto', 'condizione', 'vita', 'solitario', 'condurre', 'riscontrare', 'malattia', 'fisico', 'idiota', 'idiota', 'soggetto', 'prezzo', 'straordinario', 'sforzo', 'grande', 'fortuna', 'possibile', 'recuperare', 'normale', 'circuito', 'comunicazione', 'trovare', 'luogo', 'povero', 'vuoto', 'popolare', 'gesto', 'inconsulto', 'dialogo', 'fare', 'avere', 'motivo', 'esistere', 'mancanza', 'capacità', 'diventare', 'atto', 'assenza', 'facoltà', 'imbecille', 'affetto', 'disturbo', 'avere', 'lieve', 'ritardo', 'mentale']",33.63015812126758,27.924287365138838,24.133339939111103,30.187098513716858,14.89579469374013,34.06705040093507,32.40534132417827,42.04625962617738,aspettativa
kf1tt14,11,10,"['vero', 'merda', 'peggiore', 'anno', 'vita', 'estate', 'pensare', 'vedere', 'ora', 'finire']",4.738283252871972,3.7292533125292606,3.011819166941875,2.427266751524977,2.312684198385427,4.352321695173271,3.371461255451561,5.161812531239115,aspettativa
kf1c9nf,82,70,"['avere', 'amico', 'single', 'avere', 'bello', 'famiglia', 'fine', 'settimana', 'tanto', 'amico', 'solito', 'migliore', 'amico', 'fidanzato', 'uscire', 'noioso', 'lavorare', 'estate', 'fare', 'serata', 'collega', 'viaggio', 'solo', 'fare', 'shopping', 'prendere', 'cibo', 'piacere', 'iniziare', 'fare', 'sport', 'sapere', 'solito', 'stare', 'stare', 'avere', 'paura', 'famiglia', 'guardare', 'relazione', 'pensare', 'volere', 'fare', 'piacere', 'felice', 'libero', 'solo', 'sbagliato', 'credere', 'brutto', 'cattivo', 'piacere', 'seguire', 'corso', 'professionale', 'andare', 'vivere', 'estero', 'finire', 'corso', 'piano', 'avere', 'madre', 'pensare', 'avere', 'problema', 'effetto', 'normale', 'anno', 'vergine']",35.30833965297973,19.239357669699558,16.76389470786626,18.82599106597592,8.618775203913629,33.00052597716377,25.736615092705982,39.84194275045508,aspettativa
kf0xgdh,47,31,"['caro', 'amico', 'avere', 'fidanzato', 'avere', 'famiglia', 'paio', 'volta', 'anno', 'domanda', 'fare', 'lavoro', 'situazione', 'migliore', 'lavoro', 'trovare', 'zona', 'lusso', 'stipendio', 'dipendente', 'dirigente', 'crescente', 'estate', 'diventare', 'zona', 'bello', 'paesaggio', 'esempio', 'lavoro', 'fare', 'difficile']",15.907844480101124,6.175555420351099,5.3399630294970555,6.98975206074188,2.9090991811562916,14.13278902968653,11.394418590823289,18.510224472567767,aspettativa
kf0ss83,39,31,"['amico', 'vedere', 'seconda', 'periodo', 'esame', 'inverno', 'estate', 'avere', 'paura', 'perdere', 'vista', 'avere', 'ragazza', 'sperare', 'studiare', 'medicina', 'trovare', 'buono', 'lavoro', 'dare', 'parto', 'mettere', 'situazione', 'economico', 'comodo', 'tempo', 'unico', 'lettura', 'cinema', 'cominciare', 'apprezzare']",16.70498695498464,7.080509498141255,5.379406585293169,8.32109685698695,3.231311505455002,15.297448365088865,14.213716376190202,20.057821858536965,aspettativa
kf0s3ue,47,38,"['potere', 'valutare', 'trovare', 'casa', 'forza', 'mutuo', 'avere', 'elemento', 'credere', 'servizio', 'territorio', 'età', 'medio', 'città', 'aria', 'crisi', 'paradiso', 'piano', 'lavorativo', 'sanità', 'riuscire', 'peggiore', 'piano', 'medico', 'francese', 'medio', 'giovane', 'sparso', 'centro', 'territorio', 'sviluppato', 'clima', 'caldo', 'estate', 'costa', 'paragonare', 'vita', 'piacevole']",16.417366560496763,10.001999545363535,9.085425052199122,10.058494420885769,5.437660200700691,15.276708306121293,11.64473717908299,17.0952952680852,aspettativa
kf0awco,19,14,"['sembrare', 'buono', 'avere', 'computer', 'fisso', 'usare', 'rado', 'sperare', 'forare', 'fare', 'saltare', 'corrente', 'estate', 'utile']",6.232894380244087,2.120830211561981,1.8820394692130915,3.1144907721065507,1.029200130464038,6.130406315226834,4.387769385395572,6.925880427198758,aspettativa
kf037tm,17,10,"['fare', 'sembrare', 'posizione', 'buco', 'culo', 'imparare', 'tedesco', 'imparare', 'vacanza', 'estate']",5.1190461760036525,0.9430668311628821,0.8616530331131703,1.4728698776947748,0.8289701996694029,4.898601512104797,4.233509128701848,6.133673941134957,aspettativa
kezuva3,5,3,"['estate', 'salvare', 'persona']",2.045484409869474,0.6001973086127762,0.5412165776531366,1.042437578210891,0.5917958276973354,2.089298080942517,1.595500588442147,1.8376139228341957,fiducia
kezu4vq,84,58,"['difficile', 'consiglio', 'definitivo', 'dipendere', 'aspettativa', 'carriera', 'avere', 'elencare', 'vedere', 'sicurezza', 'sostenere', 'giro', 'parlare', 'possibilità', 'migliore', 'carriera', 'potere', 'momento', 'offrire', 'finanza', 'unico', 'città', 'internazionale', 'motivo', 'diverso', 'comunità', 'ristorante', 'clima', 'caldo', 'umido', 'estate', 'freddo', 'umido', 'inverno', 'alto', 'abituare', 'pagare', 'amare', 'venire', 'giorno', 'dire', 'giovedì', 'venerdì', 'operazione', 'anno', 'città', 'cambiare', 'meglio', 'ultimo', 'anno', 'vivo', 'visitare', 'dire', 'scegliere', 'posto', 'vivere', 'bastare', 'viaggiatore']",27.107819875005077,15.324210205508894,11.734214667908583,15.536451517828977,8.250436804734873,24.75997666181266,18.67545251616812,31.44620303053795,aspettativa
kezmmu3,78,70,"['forza', 'parlare', 'ospedale', 'giorno', 'giorno', 'pensare', 'vita', 'vecchio', 'pensare', 'risorsa', 'vecchio', 'ricevere', 'pesare', 'ultimo', 'anno', 'giovane', 'cifra', 'caso', 'dare', 'idea', 'lavorare', 'vita', 'avere', 'pensione', 'anno', 'nonno', 'prendere', 'pensione', 'mese', 'anno', 'risorsa', 'persona', 'vita', 'sociale', 'limitare', 'pranzo', 'contributo', 'taxi', 'pagare', 'andare', 'ospedale', 'spesa', 'volere', 'bene', 'enorme', 'oggettivo', 'sopravvivere', 'società', 'cambiare', 'andare', 'giusto', 'vecchio', 'avere', 'problema', 'soldo', 'tenere', 'riscaldamento', 'grado', 'inverno', 'aria', 'condizionare', 'acceso', 'estate', 'beccare', 'impatto', 'economico', 'ambiente', 'guidare', 'punto', 'euro']",31.119749329266995,20.48659417314056,16.590335284201498,19.648511754001255,10.10124418363924,31.046721940544003,22.597980779075506,36.243756105407556,aspettativa
kezifa4,52,39,"['lasciare', 'grande', 'città', 'montagna', 'tornare', 'città', 'manco', 'fare', 'visita', 'parente', 'nuovo', 'parte', 'cane', 'libero', 'terreno', 'sciogliere', 'problema', 'uso', 'scarpa', 'entrare', 'casa', 'diffuso', 'vicino', 'casa', 'massimo', 'sentire', 'avere', 'finestra', 'tenuta', 'estate', 'fan', 'mattino', 'caso', 'finestra', 'adatto', 'passare', 'spazio', 'piede', 'società']",17.882202061346216,9.096370474299862,7.304214198603854,10.207272364949137,4.914170207565476,17.23519677244563,14.097025376924337,19.386628279290584,aspettativa
kezhb3b,183,126,"['ex', 'residente', 'estero', 'ribattere', 'punto', 'trasporto', 'pubblico', 'trasporto', 'collettivo', 'cosa', 'positivo', 'effetto', 'positivo', 'muovere', 'stesso', 'specie', 'pubblico', 'fare', 'conto', 'trasporto', 'collettivo', 'equivalere', 'umano', 'umano', 'sfruttare', 'grosso', 'industria', 'andare', 'tipo', 'persona', 'cercare', 'trovare', 'persona', 'simpatico', 'trovare', 'mucchio', 'altro', 'posto', 'mondo', 'opportunità', 'migliore', 'capitale', 'economico', 'avere', 'offerta', 'domanda', 'competizione', 'vedere', 'positivo', 'opportunità', 'fan', 'caso', 'caso', 'migliore', 'minore', 'competizione', 'stipendio', 'alto', 'relazione', 'locale', 'costo', 'vita', 'multinazionale', 'dire', 'positivo', 'migliore', 'università', 'raccontare', 'fatto', 'migliore', 'venire', 'lato', 'negativo', 'eccessivo', 'soglia', 'limite', 'economia', 'scala', 'perdere', 'grosso', 'industria', 'rivoluzione', 'anno', 'corso', 'restare', 'popolazione', 'disperato', 'aumentare', 'numero', 'fare', 'pagare', 'peso', 'oro', 'cesso', 'affitto', 'fare', 'lavoro', 'grosso', 'povero', 'disperato', 'margine', 'sviluppo', 'eccessivo', 'dimensione', 'senso', 'fisico', 'posto', 'clima', 'estate', 'soggetto', 'regolare', 'inverno', 'costo', 'vita', 'rapporto', 'stipendio', 'livello', 'zona', 'povero', 'termine', 'ambientale', 'umano', 'termine', 'strano', 'universo', 'infinito']",52.866514989397295,33.25472179996387,29.51060865486964,36.1811332413603,20.671588121144516,49.96988011982995,47.49025824346299,65.53922515458633,aspettativa
kez59tp,43,26,"['giorno', 'esame', 'giusto', 'dubbio', 'buono', 'fortuna', 'amico', 'difficile', 'trovare', 'lavoro', 'finire', 'sacco', 'curriculum', 'mandare', 'scegliere', 'fare', 'roba', 'vario', 'forma', 'università', 'gente', 'conoscere', 'mese', 'lavoro', 'dire', 'opportunità']",11.58833533561607,6.631543043004746,5.306930156519801,7.416729358827613,3.281270761578,11.958032019363227,10.117544628642156,15.82362676930284,aspettativa
keyya5m,2,1,['estate'],0.8791978151362602,0.1064154033438418,0.0713596001400383,0.0873971065768496,0.0266820882305268,0.7041978299090096,0.5783535387494194,0.7242922218193768,gioia
keypi3h,107,89,"['ciao', 'utilizzare', 'estate', 'girare', 'amico', 'macchina', 'viaggiare', 'stesso', 'modalità', 'occasione', 'prenotare', 'stanza', 'diverso', 'giorno', 'mattina', 'stesso', 'notte', 'trovare', 'trovare', 'stanza', 'hotel', 'appartamento', 'intero', 'singolo', 'stanza', 'stare', 'leggere', 'pagina', 'casa', 'esigenza', 'esempio', 'cercare', 'bagno', 'privato', 'resto', 'aggiungere', 'amico', 'profilo', 'comparire', 'storico', 'guardare', 'volere', 'vedere', 'cosa', 'altro', 'dire', 'casa', 'lasciare', 'recensione', 'ospite', 'avere', 'problema', 'particolare', 'volta', 'parlare', 'casa', 'viaggio', 'accettare', 'soldo', 'contattare', 'dire', 'fare', 'tempo', 'pulire', 'casa', 'stare', 'casa', 'assicurare', 'pulire', 'cancellare', 'avere', 'multa', 'pagare', 'contattare', 'servizio', 'cliente', 'efficiente', 'fine', 'tenere', 'casa', 'scelta', 'cancellare', 'fare', 'sconto', 'successivo', 'disturbo', 'preferire', 'partire', 'chiaro']",39.988505650702336,22.02398431860625,17.682983720285527,21.62548581450043,11.302190868533607,37.484740801794366,34.1663472225754,46.39873496595655,aspettativa
kewagte,88,70,"['mercato', 'cambiare', 'economia', 'locale', 'avere', 'modello', 'affitto', 'termine', 'anno', 'aggiungere', 'offrire', 'affitto', 'corto', 'termine', 'offrire', 'rischio', 'turista', 'fare', 'settimana', 'andare', 'rischio', 'cretino', 'offrire', 'aiuto', 'assicurazione', 'normale', 'avere', 'proprietario', 'durata', 'mettere', 'casa', 'appartamento', 'solo', 'estate', 'prendere', 'fare', 'modifica', 'minimo', 'separare', 'camera', 'rendere', 'lento', 'aumentare', 'affitto', 'avere', 'appartamento', 'fine', 'aumentare', 'prezzo', 'mantenere', 'stesso', 'andare', 'trovare', 'altro', 'avere', 'reddito', 'pensare', 'vendere', 'mercato', 'piacere', 'credere', 'economia', 'cosa', 'naturale', 'credere', 'insieme', 'solo', 'mondo', 'premiare', 'individuo']",28.896299616218556,18.900752447703287,14.946381717670755,21.354778446521678,9.130264838967525,28.837438533764352,24.63445709775712,37.613088801706425,aspettativa
kew9skm,54,46,"['volere', 'relazione', 'solido', 'sincero', 'ragazza', 'vedere', 'fine', 'estate', 'sapere', 'ritenere', 'sfigato', 'fallire', 'avere', 'vita', 'sociale', 'beh', 'persona', 'giusto', 'avere', 'fare', 'caso', 'esistere', 'persona', 'scegliere', 'stare', 'solo', 'venerdì', 'sabato', 'guardare', 'film', 'leggere', 'libro', 'andare', 'grande', 'città', 'aiutare', 'tornare', 'patria', 'situazione', 'restare', 'conoscere', 'amicizia', 'conoscenza', 'dire', 'volta', 'separare']",23.128573568901633,14.119738426468416,11.112832255183362,13.078583201568362,6.447838254259471,21.453372177214238,16.612484468354417,25.295140827817338,aspettativa
kew836z,20,15,"['fare', 'lago', 'grado', 'rimanere', 'sputo', 'neve', 'parente', 'sembrare', 'serata', 'primaverile', 'scordare', 'inverno', 'neve', 'estate', 'anno']",7.285773113190562,4.125931125660472,2.8231661749853174,3.071248344625603,2.1508387510781697,5.337586378378008,5.472055047895666,7.656969129835883,aspettativa
kevd4mz,31,25,"['stronzata', 'giorno', 'dire', 'paese', 'freddo', 'senso', 'estate', 'fare', 'caldo', 'inverno', 'pianura', 'raggiungere', 'grado', 'paese', 'mediterraneo', 'differenza', 'paese', 'nord', 'europeo', 'andare', 'andare', 'primavera', 'caldo', 'grazie', 'cazzo']",11.04976313632988,4.159878115899696,4.357560809145259,3.828444434534872,2.957582172073995,8.81580712689642,7.980333952750866,11.061353126532113,aspettativa
kev1w4z,18,16,"['interessato', 'gioco', 'società', 'zona', 'contatto', 'bello', 'gruppo', 'giocatore', 'ritrovare', 'volta', 'settimana', 'parte', 'mese', 'anno', 'estate', 'escluso']",8.215547699891898,3.723812240786501,3.102058357963017,3.3512643958318766,1.91281167249921,7.124904557572074,6.054452296724796,8.717336936478805,aspettativa
keupn0q,3,3,"['stagione', 'estate', 'andare']",2.0556874179828304,0.6367999413725964,0.2362819656712591,0.4417139307416438,0.1390572314817905,1.4952781731877058,1.057115593684017,1.7443627680401264,gioia
keuhydb,32,22,"['estate', 'piano', 'abbandonato', 'condominio', 'amico', 'giocare', 'fare', 'cercare', 'registrare', 'presenza', 'certo', 'punto', 'chiedere', 'volta', 'sentire', 'registrazione', 'andare', 'casa', 'terzo', 'sentire', 'registrazione', 'file']",9.473709646168519,5.25108712980297,5.007116742023222,5.573053306375366,2.998605532878388,9.228541126310805,8.183695862365893,11.283462454325779,aspettativa
keu7utw,78,55,"['esperienza', 'solidarietà', 'credere', 'anno', 'estate', 'pomeriggio', 'campagna', 'cugino', 'fare', 'casino', 'giorno', 'voglia', 'tirare', 'albero', 'mano', 'addetto', 'tiro', 'forte', 'potere', 'arrivo', 'bordo', 'cugino', 'avere', 'piede', 'alzare', 'volo', 'indietro', 'credere', 'anno', 'estate', 'periodo', 'fissare', 'giorno', 'provare', 'cosa', 'nuovo', 'ghiaccio', 'acqua', 'liscio', 'tipo', 'mezzo', 'bottiglia', 'credere', 'anno', 'trovare', 'tirare', 'corda', 'effetto', 'momento', 'cugino', 'piede', 'manco', 'funzione', 'fare', 'mutanda']",26.345228710382273,12.642056895145865,10.465100573904628,13.13937505382887,7.881029278372864,22.81372319281868,17.09680723942205,23.55636875127255,gioia
keu536q,3,2,"['caldo', 'estate']",1.4769715365736793,0.1965443513386283,0.43389670463670216,0.2301850017503217,0.0718237032212439,1.1172067463626136,1.0772755521331243,1.209691728156466,gioia
keth2og,32,24,"['arabo', 'motivo', 'siciliano', 'diverso', 'enorme', 'arabo', 'mischiare', 'popolazione', 'accettare', 'arrivare', 'cacciare', 'massacrare', 'siciliano', 'media', 'risultare', 'scuro', 'differenza', 'gente', 'stare', 'estate', 'spiaggia', 'dire', 'gente', 'conoscere']",9.56613628087391,6.930121146403597,6.103289565160828,7.425042226898888,5.121825256671933,8.166597450314114,9.19890460525135,10.834095685014862,aspettativa
ket8vcy,10,8,"['lamentare', 'caldo', 'estate', 'anno', 'polo', 'nord', 'vedere', 'passare']",3.3503402605320605,1.798751669838479,1.5874522575568382,1.5018077302800812,1.004267376254683,2.8530320864183594,2.6169964972014315,3.3877190547106775,aspettativa
kerwhlb,2,2,"['arrivare', 'estate']",1.6729026782687229,0.305573903449211,0.15769029845917648,0.4086212535212863,0.1009746030360998,1.4076391765520175,1.2329914344212836,1.599109698426294,gioia
keruwd6,3,3,"['estate', 'aggiungere', 'altro']",1.2131961868624148,0.2509322613835263,0.32284501085621287,0.6303415627708038,0.16569109973598212,1.0506130748167941,1.4559569138642017,1.2385033978290771,sorpresa
kerrzy2,8,4,"['stagione', 'estate', 'fare', 'giardino']",2.8790496532665335,0.7358775371868299,0.3124590268798659,0.6460490230806062,0.20474040677982952,2.0389526350102436,1.6112961365346796,2.354116371014479,gioia
kero04w,35,30,"['parte', 'parlare', 'aspetto', 'musicale', 'sembrare', 'diverso', 'piacere', 'tormentone', 'piacere', 'estate', 'applauso', 'lavoro', 'giorno', 'avere', 'giorno', 'mezzo', 'camminare', 'strada', 'mese', 'atmosfera', 'stare', 'cazzo', 'cosa', 'dovere', 'meccanismo', 'psicologico', 'sapere', 'rapido', 'saltare', 'conclusione']",14.762040213424331,7.6959301060118195,6.35610275426222,8.03716992130965,4.4285051669531414,11.22453687395922,11.926141752771532,15.484976797905272,aspettativa
kern4f1,3,2,"['grado', 'estate']",1.1504226848599632,0.27669755020802,0.2808551145594621,0.35964610796973084,0.1367515294970473,0.9434073372755833,0.6908600486867422,1.053333416083169,gioia
kercau4,12,9,"['grado', 'ottobre', 'ignorare', 'aspettare', 'estate', 'venire', 'prossimo', 'anno', 'decennio']",3.283745777712561,2.1929951122348372,1.9340539541183102,2.445929341917612,1.3776501732037498,3.2309203050880893,2.8692841030545813,4.379437081284529,aspettativa
keqtukr,12,12,"['corpo', 'iniziare', 'sentire', 'temperatura', 'modo', 'sbagliato', 'anno', 'sembrare', 'estate', 'caldo', 'inverno', 'freddo']",4.678421146013613,2.7869553096295454,2.3118153078180272,2.61642474772723,1.442157586152237,4.275612096948154,4.580237242287008,6.339801070776024,aspettativa
keqja2u,8,4,"['sapere', 'lontano', 'inverno', 'sognare']",1.8134095137735904,1.7409901318025214,0.4719957745780398,1.0210754382059954,0.43048354502824715,1.3229847005683029,1.2503175838495024,1.9610849212437087,aspettativa
keqiz49,17,10,"['pensare', 'funzione', 'grado', 'estate', 'posto', 'freddo', 'guerra', 'climatico', 'fame', 'morte']",3.324011046721604,4.740265952329795,3.3555770248469186,4.169762367739515,2.2297660461062274,2.661491409302128,3.05565645608167,4.193165534286083,tristezza
keqdkg4,4,2,"['acqua', 'estate']",1.4374157746839864,0.23801073450429888,0.1639477324720623,0.2675476907554528,0.196343977859538,0.8819403328136385,0.761713178552989,0.9772761724527477,gioia
keqcqkw,5,3,"['canzone', 'canzone', 'estivo']",2.019755324576523,1.287000524352757,0.38138920951608,0.1953423803324629,0.24054010166689327,0.6584082794088678,1.2144669465760534,1.4534748823543997,gioia
keqaptk,26,21,"['controllare', 'droga', 'avere', 'comportamento', 'strano', 'addetto', 'esempio', 'estate', 'andare', 'tizio', 'fare', 'salire', 'aereo', 'resto', 'evitare', 'portare', 'cosa', 'vedere', 'cane', 'andare', 'vedere']",8.433808271037394,4.26075305936107,4.293014433342663,5.276160603948975,3.749711457274633,8.065803128780676,6.2325850429521985,8.269692218663996,gioia
keq3kv1,12,6,"['estate', 'ascoltare', 'tormentone', 'canzone', 'porca', 'vita']",3.758007630159684,1.9554299870252057,1.690038411295923,1.4298318456319743,1.5283374927664728,2.3476560459090123,2.576696644913735,2.996639461221568,gioia
keq19ey,81,63,"['sentito', 'condoglianza', 'perdere', 'padre', 'anno', 'avere', 'vita', 'anima', 'dire', 'mese', 'pensare', 'vita', 'andare', 'sembrare', 'brutto', 'verità', 'dolore', 'diminuire', 'punto', 'passare', 'unico', 'pensare', 'fortuna', 'vita', 'dare', 'cosa', 'pensare', 'curva', 'mese', 'inizio', 'pensare', 'tanto', 'poco', 'poco', 'padre', 'morire', 'settembre', 'pensare', 'luce', 'fondo', 'iniziare', 'mese', 'gennaio', 'uscire', 'inizio', 'estate', 'vero', 'diverso', 'avere', 'anno', 'duro', 'frase', 'fatto', 'dire', 'fare', 'cosa', 'tempo', 'poco', 'poco', 'unico', 'cosa', 'aiutare', 'abbraccio']",25.96673845959416,22.947155731261933,15.547548613625105,19.462945293253192,9.483035112731793,26.09161560407932,20.543716904758014,31.306712767446005,aspettativa
keox5tl,32,24,"['depressione', 'dignità', 'volta', 'finire', 'estate', 'chiudere', 'passare', 'inverno', 'sopravvivere', 'fare', 'sentire', 'peso', 'bocca', 'passare', 'momento', 'fare', 'finire', 'stesso', 'motivo', 'cazzo', 'passare', 'ragazzo', 'brutto', 'storia']",8.31956656325914,8.826078542506387,7.089351663687757,7.593074456002739,5.152083199877607,7.968673614819462,8.060892034294106,9.83249042162537,aspettativa
keove2d,80,64,"['sardo', 'grande', 'parco', 'estivo', 'trovare', 'lavoro', 'estate', 'turismo', 'struttura', 'inverno', 'inutile', 'dire', 'possibilità', 'crescita', 'industria', 'padre', 'ex', 'rischiare', 'cassa', 'integrazione', 'poco', 'pochissimo', 'apertura', 'mentale', 'confronto', 'progresso', 'grazie', 'paesaggio', 'avere', 'vento', 'potente', 'solo', 'uso', 'governo', 'sindaco', 'orientare', 'turista', 'cittadino', 'vedere', 'imporre', 'tassa', 'prezzo', 'vita', 'reddito', 'finto', 'residente', 'comprare', 'casa', 'vivere', 'anno', 'nord', 'scendere', 'paese', 'settimana', 'estate', 'lamentare', 'cambiare', 'sardo', 'diventare', 'grosso', 'villaggio', 'turistico', 'fine', 'stesso']",28.091641096391193,16.20435942590099,13.283509258338015,16.79695516320331,8.565426492751735,25.037377907286853,22.58960840654294,32.03073273108502,aspettativa
keofwi4,23,15,"['giudicare', 'onesta', 'parte', 'vedere', 'giro', 'estate', 'modo', 'avviso', 'volgare', 'eccessivo', 'corto', 'pancia', 'sapere', 'misura', 'appropriare']",5.448849463919856,3.247099269618616,3.245302755343913,3.303721089045241,2.717135232307886,4.733439908635813,5.066304808862452,6.0128043843794075,aspettativa
kemwez9,4,4,"['stagione', 'lamento', 'sicuro', 'estate']",2.0287610540387835,1.350216088734668,0.7334140016671447,0.7331049157532938,0.4391460717615316,1.917633027537974,1.0551249300187708,2.0810661929200482,aspettativa
keml5fi,12,8,"['dire', 'estate', 'scorso', 'strano', 'caldo', 'estate', 'fenomeno', 'temperatura']",4.043021477723752,1.4923219527230502,1.3075279975790974,1.4514899867022897,0.8734404586584735,2.988904128953454,3.07294948899806,4.082685653998282,aspettativa
kem1yn8,17,12,"['estate', 'generale', 'preoccupare', 'materia', 'primo', 'prezzo', 'alzare', 'paese', 'avere', 'problema', 'situazione', 'facile']",4.655665168549464,3.2263003862124235,3.1209879737335866,3.722460802119651,1.66621422158205,4.203686505810237,4.8185159035108365,5.944758464445387,aspettativa
kel4i55,8,6,"['primo', 'volta', 'estate', 'vivere', 'terra', 'meraviglioso']",4.297239766468511,0.9190850983984384,0.9324492409615989,1.3126647248115157,0.3195342627015814,3.0055604540773895,2.867022247240165,3.5357957942633695,gioia
kel14ep,15,14,"['tornare', 'oriente', 'famiglia', 'seguito', 'solito', 'fare', 'volta', 'anno', 'estate', 'giusto', 'tornare', 'prendere', 'nuovo', 'variante']",6.557068581720417,3.4684269942555224,2.339761443736729,3.1134335189635327,1.3979969225513083,6.733947460310208,5.305249249493157,8.426900615006026,aspettativa
kekuicg,28,23,"['protezione', 'rischio', 'grado', 'estate', 'inverno', 'alzare', 'carico', 'pesante', 'eseguire', 'stesso', 'cosa', 'pagare', 'euro', 'vivere', 'cambiare', 'gomma', 'macchina', 'mangiare', 'lavorare', 'anno', 'pagare', 'master', 'andare']",9.080184923435795,5.2617134166508475,4.3273326247271555,5.7183290373673135,3.3624473948178175,9.89440765994853,7.687355061584934,11.601285387143228,aspettativa
kehgbuy,2,1,['estate'],0.8791978151362602,0.1064154033438418,0.0713596001400383,0.0873971065768496,0.0266820882305268,0.7041978299090096,0.5783535387494194,0.7242922218193768,gioia
kehg5bj,5,4,"['funzionare', 'estate', 'cane', 'mordere']",2.4457995880075774,0.6373340545364146,1.019076064698118,1.3477008834482234,0.9530055553812471,2.300653054505522,1.6043811350418347,1.9280387910502257,gioia
kegkxcv,23,18,"['raccontare', 'episodio', 'estate', 'donna', 'corto', 'giorno', 'allungare', 'iniziare', 'toccare', 'seno', 'piacere', 'idea', 'avere', 'rapporto', 'ragazzo', 'giovane', 'avere', 'anno']",9.995117485109176,3.4976914210130046,2.719022886079506,4.524828664185199,1.3743485889928397,8.885918922415932,7.583397597449719,11.011264691742625,aspettativa
kegfd0g,4,3,"['estate', 'succedere', 'primavera']",2.1538909093172958,0.350063898140237,0.20113633146457469,0.594403786694497,0.09717950264550469,1.360304090582583,1.5751532837272146,1.8853827222997421,gioia
keg4wf9,4,3,"['foto', 'estate', 'diventare']",2.12807055660987,0.4341705664214972,0.3641890532787975,0.5987929300262504,0.18053103705454382,1.6771711449885132,1.5882252380502657,2.059430272341875,gioia
kefyoa4,38,30,"['modello', 'avere', 'avere', 'problema', 'aria', 'condizionare', 'scorso', 'estate', 'viaggio', 'comodo', 'vedere', 'andare', 'sud', 'chilometro', 'costare', 'ovvio', 'vedere', 'mettere', 'avere', 'chilometro', 'doppio', 'vedere', 'avere', 'fare', 'viaggio', 'nord', 'sud', 'polo', 'diventare', 'matto']",14.483340691754682,5.712575850691288,5.8420360328843906,7.398934239614333,3.517165967162901,12.155203767715761,9.781645284693651,14.264006041812614,gioia
kee81lj,47,35,"['fatica', 'sudore', 'estate', 'freddo', 'acqua', 'inverno', 'fare', 'spesa', 'portare', 'figlio', 'scuola', 'mezzo', 'trasporto', 'mancare', 'motore', 'abbandonare', 'favore', 'vita', 'capire', 'andare', 'capire', 'centro', 'povero', 'peggio', 'peggio', 'fare', 'chilometro', 'unico', 'vantaggio', 'assoluto', 'fare', 'volere', 'termine', 'preferenziale', 'zona']",13.582456608856818,10.053946663525346,9.77084720460401,9.095873423106633,7.533231782395453,12.550131631111858,10.496760392645669,15.937028213176054,aspettativa
ked1onj,119,87,"['amministrazione', 'pubblico', 'creare', 'grande', 'centro', 'commerciale', 'periferia', 'uccidere', 'fatto', 'supermercato', 'locale', 'fare', 'spesa', 'servire', 'auto', 'punto', 'uso', 'auto', 'cosa', 'stare', 'bici', 'avere', 'senso', 'andare', 'bar', 'piede', 'andare', 'altro', 'posto', 'centro', 'regime', 'chilometro', 'strada', 'fare', 'estate', 'posto', 'andare', 'centro', 'resto', 'cazzo', 'restare', 'problema', 'bucare', 'gomma', 'gonfiare', 'roba', 'fare', 'volta', 'bello', 'tempo', 'mese', 'lasciare', 'solo', 'andare', 'lavoro', 'andare', 'lavoro', 'giorno', 'presumere', 'dipendere', 'vivo', 'lavoro', 'strada', 'fare', 'persona', 'lavoro', 'necessitare', 'gestire', 'cosa', 'tipo', 'fare', 'spesa', 'prendere', 'figlio', 'cazzo', 'fare', 'bicicletta', 'bicicletta', 'funzionare', 'intero', 'sistema', 'trasporto', 'bicicletta', 'funzionare', 'pensare', 'vivere', 'ridicolo']",34.03159426421543,21.15219220792597,18.856689047276323,22.102479897960524,12.235315797012948,31.138464238413583,26.197595460045296,39.31564410900514,aspettativa
kecgupd,32,23,"['usare', 'jeans', 'inverno', 'vedere', 'lavoro', 'avere', 'pantalone', 'uso', 'pantalone', 'tessuto', 'inverno', 'tuta', 'rimanere', 'elegante', 'notare', 'jeans', 'cosa', 'caldo', 'estate', 'freddo', 'inverno', 'colore', 'prendere']",8.882374019301713,5.040579277197492,4.39420148171884,4.576474505821445,2.902533461691699,7.400106738267464,7.294105982386893,9.943257376936591,aspettativa
kebcv7k,13,11,"['vedere', 'avere', 'sete', 'mezzo', 'campo', 'pieno', 'estate', 'acqua', 'altro', 'acqua', 'acido']",4.533127608393754,2.1331096319530793,2.711442124291632,3.3609347794497504,2.3706980217608544,3.1510757490183163,3.4410687791693064,3.9095476848704585,gioia
keb0n0k,2,1,['estate'],0.8791978151362602,0.1064154033438418,0.0713596001400383,0.0873971065768496,0.0266820882305268,0.7041978299090096,0.5783535387494194,0.7242922218193768,gioia
keamomf,36,32,"['stare', 'situazione', 'diverso', 'avere', 'mutuo', 'auto', 'preferire', 'avere', 'tempo', 'libero', 'fatto', 'stare', 'avere', 'lavoro', 'ora', 'peggio', 'ripetizione', 'privato', 'bisogno', 'soldo', 'considerare', 'estate', 'ricevere', 'stipendio', 'stare', 'mare', 'sapere', 'lavorare', 'fare', 'dubitare', 'avere', 'simile']",14.65482445729984,8.330182135666321,7.0963896808979765,9.705087265586247,4.627036100614694,14.152097927828281,10.867595338950428,17.067595628663927,aspettativa
ke8gsya,152,122,"['capire', 'uomo', 'donna', 'uomo', 'ristorante', 'fare', 'dare', 'lavoro', 'trovare', 'pagare', 'stanza', 'volere', 'soldo', 'fare', 'andare', 'mercato', 'scaricare', 'cassa', 'frutta', 'petto', 'nudo', 'imparare', 'cocktail', 'memoria', 'ora', 'lavorare', 'bar', 'sera', 'limite', 'fantasia', 'donna', 'trovare', 'avere', 'bello', 'presenza', 'avere', 'possibilità', 'brutto', 'fare', 'pulizia', 'caso', 'conto', 'donna', 'stanza', 'pagare', 'periferia', 'pagare', 'autobus', 'andare', 'lavoro', 'avere', 'soldo', 'mangiare', 'integrare', 'fare', 'pulizia', 'nero', 'portare', 'cane', 'ripetizione', 'sapere', 'donna', 'opzione', 'migliore', 'ricco', 'idraulico', 'sperare', 'psicopatico', 'mania', 'controllo', 'bere', 'lavoro', 'trovare', 'massimo', 'stare', 'casa', 'genitore', 'mettere', 'nascosto', 'acqua', 'credere', 'cura', 'fretta', 'possibile', 'fare', 'stare', 'possibile', 'casa', 'cercare', 'lavoro', 'alloggio', 'tipo', 'stagione', 'invernale', 'mare', 'estivo', 'cominciare', 'cercare', 'estate', 'posto', 'lavoro', 'serio', 'cercare', 'maggio', 'imprenditore', 'trovare', 'personale', 'sfruttare', 'andare', 'primo', 'sfruttare', 'dare', 'occhio', 'magico', 'mondo', 'nave', 'vedere', 'faccia', 'famiglia', 'mese', 'risparmiare', 'alloggio']",58.38328676146101,31.425031660370134,26.094710171901966,30.197422780366647,17.775698161224966,50.03013352671363,45.12911779055572,68.82785550913646,aspettativa
ke8bayq,38,34,"['mare', 'generale', 'avere', 'anno', 'zio', 'avere', 'canzone', 'vario', 'orchestra', 'ascoltare', 'anno', 'estate', 'viaggio', 'vacanza', 'mare', 'ricordare', 'tristezza', 'giovanile', 'abbandonare', 'mare', 'città', 'cuore', 'sapere', 'rivista', 'anno', 'fare', 'venire', 'bellissimo', 'vacanza', 'fare', 'fare', 'venire', 'nostalgia', 'tremendo']",17.38778592302598,9.41517069691208,6.076543373010593,8.592438950027113,3.718221595776464,13.549606952288503,11.862905904421543,17.522350734067174,aspettativa
ke86vbr,18,14,"['passare', 'andare', 'pratica', 'rifugio', 'custodire', 'estate', 'primavera', 'autunno', 'posto', 'preferito', 'andare', 'zona', 'dire', 'tasca']",6.714603723593776,2.405438459363857,1.373951325297287,2.4383201564364354,1.0825980859185647,5.83744735517888,4.1870524821753685,6.959480101770721,aspettativa
ke80cge,29,27,"['cosa', 'anno', 'salvare', 'presepe', 'fare', 'scuola', 'riscaldamento', 'studente', 'insegnante', 'rifiutare', 'entrare', 'aula', 'grado', 'parlare', 'caldo', 'estate', 'insegnante', 'costringere', 'fare', 'fare', 'ginnastica', 'bambino', 'sentire', 'freddo', 'presepe', 'anno', 'salvo']",13.183878924136808,5.962537788665102,5.532880079635263,6.814526648273307,3.1284571859791925,11.508618542631352,9.216498186769767,13.496357618149757,aspettativa
ke7p94m,7,5,"['estate', 'provare', 'nuoto', 'riva', 'riva']",3.0404997679057004,1.0174949368518509,0.6317207941346595,1.1845006305449757,0.34844760259287233,2.42477481431449,1.8985622718348334,2.447319747441595,gioia
ke5taar,6,3,"['vedere', 'crescere', 'estate']",2.5950130998638636,0.5392544414996822,0.32269009216196076,0.46630185098129406,0.2594029267933083,1.9974099980966882,1.6734006748069403,2.2436622032066884,gioia
ke5qg0x,17,10,"['noto', 'netto', 'puzza', 'estate', 'odore', 'ipotesi', 'caldo', 'favorire', 'particella', 'virtù']",4.146408692179482,1.1373547810901619,1.4308560100614973,1.8996447065024709,1.9102358765301815,4.15753398962542,3.788709153578487,4.878484213655344,aspettativa
ke5q1y8,13,11,"['fantastico', 'particolare', 'visitare', 'volta', 'stagione', 'periodo', 'natalizio', 'magico', 'resto', 'vedere', 'estate']",6.293676544625668,2.3146391579090593,1.5544499623206822,1.862264128268045,1.2752812287568058,4.740927126873355,4.942253214493094,6.434569219390395,aspettativa
ke5efcs,11,7,"['comprare', 'estate', 'prezzo', 'ragionevole', 'tempo', 'opzione', 'volere']",2.962369659110359,1.9194248550882638,1.4350414543558314,1.5107565024572462,0.5278813430605904,2.916511463638555,2.2157465497179163,4.267006651440259,aspettativa
ke3739u,58,34,"['dire', 'fare', 'stesso', 'palazzo', 'casa', 'prima', 'piccolo', 'fare', 'vedere', 'nuovo', 'cinema', 'nuovo', 'sala', 'nuovo', 'cabina', 'armadio', 'basare', 'carriera', 'generare', 'invidiare', 'andare', 'fan', 'pagare', 'estate', 'andare', 'favore', 'primo', 'ultimo', 'ripetere', 'sapere', 'sistema', 'fatto', 'volta', 'fare']",15.248328086831982,6.174197056253651,4.626626883744102,6.7723322049575625,2.800507250250138,12.710904902522165,10.939530362011054,15.725596447930343,aspettativa
ke18t2u,44,33,"['teoria', 'cosa', 'andare', 'visione', 'politico', 'fare', 'onore', 'dimostrare', 'vario', 'distruggere', 'possibilità', 'sviluppare', 'pensiero', 'critico', 'mondo', 'indagare', 'estate', 'signore', 'trattare', 'fare', 'esplodere', 'notizia', 'utilizzare', 'giornale', 'filo', 'giornale', 'opposizione', 'notizia', 'riguardare', 'riprendere', 'sinistra', 'sembrare', 'spostare']",10.989081346532787,8.068606541681449,9.057046822497616,9.450353312436645,6.240244373194407,12.676036445058703,12.185470434395555,17.82435847133339,aspettativa
ke16wmn,21,19,"['difendere', 'apprezzare', 'fare', 'cadere', 'campagna', 'fare', 'venire', 'stare', 'merda', 'uscita', 'estate', 'fare', 'bello', 'conferenza', 'stampa', 'giorno', 'uscita', 'stare', 'notizia']",8.485534130574626,3.2941756327682574,2.8924202123025102,4.425307602069619,2.137269293030599,7.041520093444298,7.146526464335978,10.115806865954996,aspettativa
kdy2ie0,37,26,"['cercare', 'articolo', 'estate', 'parlare', 'cosa', 'sentenza', 'imprenditore', 'sfruttare', 'momento', 'gente', 'fare', 'momento', 'scrivere', 'post', 'tipo', 'ammettere', 'fare', 'pubblicità', 'sfruttare', 'bambino', 'malato', 'fare', 'conscio', 'provare', 'sentenza', 'andare']",10.839165264790838,9.838336143974237,8.441059199098827,9.495754547785673,6.721803576374762,11.170788056218242,9.920523104495627,13.26670558542538,aspettativa
kdxmfps,69,47,"['parlare', 'fare', 'pagamento', 'avere', 'azienda', 'fidare', 'recupero', 'materiale', 'tipo', 'corretto', 'piacere', 'personale', 'gente', 'argomento', 'amico', 'stretto', 'fare', 'conservare', 'sensibile', 'installare', 'sorta', 'avere', 'servire', 'cliente', 'avere', 'opportunità', 'sapere', 'vita', 'morto', 'miracolo', 'gente', 'negozio', 'tempo', 'beccare', 'cliente', 'fare', 'figura', 'merda', 'rischio', 'chiudere', 'ricordare', 'servizio', 'proposito', 'servire', 'foto', 'contenere', 'estate']",20.22966407886012,11.937015220922357,10.805960412194151,13.45899354141711,6.908993150705657,20.853188489531625,18.55285802816553,24.28512465886898,aspettativa
kdx9myy,31,20,"['pubblicità', 'continuare', 'puntare', 'diventare', 'personaggio', 'pubblico', 'soldo', 'arrivare', 'conoscere', 'finanziare', 'seguire', 'contenuto', 'pubblicità', 'prescindere', 'esempio', 'canale', 'fare', 'fastidioso', 'pieno', 'estate']",7.624644945188316,3.2028925606225664,3.3188108664894194,4.797971900233819,3.033940185307233,8.448420911682511,7.119269417345455,11.160877488211518,aspettativa
kdwxvd1,16,6,"['comune', 'coprire', 'donna', 'utile', 'bastare', 'estate']",3.012915219624253,0.722663649028682,0.7253783738012658,0.6465325772418357,0.3340392265876747,2.794442213277545,1.7772839203278075,2.666676053922856,gioia
kdwiw56,151,112,"['conto', 'base', 'spendere', 'largo', 'parte', 'piano', 'terra', 'primo', 'rifare', 'muovere', 'scala', 'esterno', 'gradino', 'ballare', 'bagno', 'rifare', 'sistemare', 'cucina', 'nonno', 'dividere', 'casa', 'piano', 'appartamento', 'piano', 'cucina', 'economico', 'combinare', 'gas', 'fare', 'fare', 'norma', 'interessante', 'usare', 'fuoco', 'aperto', 'acqua', 'caldo', 'servire', 'elettrico', 'estate', 'rifare', 'bianco', 'dare', 'poco', 'roba', 'sistemare', 'sicuro', 'dare', 'casa', 'minimo', 'offrire', 'extra', 'minimo', 'mettere', 'casa', 'fare', 'vuoto', 'sanitario', 'umido', 'mettere', 'arrivo', 'casa', 'puntare', 'andare', 'inverno', 'cambiare', 'finestra', 'porta', 'beh', 'prezzo', 'senso', 'nonna', 'tempo', 'pagare', 'prendere', 'mutuo', 'epoca', 'fare', 'mutuo', 'tenere', 'soldo', 'conto', 'rendere', 'interesse', 'costo', 'mutuo', 'asset', 'eredità', 'avere', 'valore', 'teorico', 'attuale', 'prendere', 'gola', 'avere', 'senso', 'avere', 'genitore', 'anziano', 'sano', 'vedere', 'invecchiare', 'città', 'vivere', 'figlio', 'chilometro', 'confine', 'mezzo', 'parere', 'caso', 'vedere', 'comune']",46.40995752391861,26.288457917919075,22.454316769129466,27.157428984171354,13.413890379621314,42.67492812243646,37.23145405608667,54.35656029655634,aspettativa
kdvvrtb,117,88,"['casa', 'montagna', 'ex', 'località', 'turistico', 'nonno', 'comprare', 'rimettere', 'ordine', 'provare', 'trovare', 'impresa', 'interessato', 'tempo', 'avere', 'motivo', 'casa', 'terreno', 'periodo', 'zona', 'morto', 'spendere', 'settimana', 'anno', 'dovere', 'volta', 'tornare', 'posto', 'vedere', 'lasciare', 'casa', 'immobile', 'zona', 'morire', 'gente', 'andare', 'fungo', 'serio', 'caccia', 'tirare', 'zona', 'fresco', 'estate', 'freddo', 'inverno', 'aspettare', 'anno', 'conseguenza', 'zona', 'manco', 'pena', 'investire', 'lavoro', 'costoso', 'pagare', 'euro', 'anno', 'assicurazione', 'luce', 'acqua', 'valere', 'candela', 'spesa', 'permettere', 'vivo', 'estero', 'mondo', 'sapere', 'domani', 'rientrare', 'vedere', 'vedere', 'comune', 'usare', 'alternativa', 'fare', 'casa', 'vicino', 'simile', 'dimensione', 'caratteristica', 'provare', 'anno', 'partire', 'cifra', 'fine', 'concludere', 'anno']",36.77915024676604,25.942742697098108,19.708456019228098,24.546421538632547,14.09083953828663,35.00811939936038,29.52043049303489,42.91378091101318,aspettativa
kdvq5g1,29,17,"['verifica', 'fare', 'nome', 'iniziare', 'fare', 'anno', 'lavoro', 'impianto', 'esperienza', 'conoscere', 'sacco', 'gente', 'conoscere', 'creare', 'particolare', 'consiglio', 'figlio']",9.184246290269346,3.5046227928079814,2.6600786843749153,4.262630448263602,1.9489151943688443,8.790669940273858,7.104876987966205,10.772029381822904,aspettativa
kdvmf8i,4,2,"['lavorare', 'estate']",1.2236927147950816,0.6775825623451001,0.3567554421884755,0.2471600208611818,0.3075916060825931,0.899073489886684,0.670568749313724,1.0340031764656952,gioia
kdva8xr,20,18,"['compagno', 'piantare', 'ultimo', 'anno', 'mese', 'pianta', 'crescere', 'frutto', 'volere', 'tempo', 'clima', 'adatto', 'tenere', 'inverno', 'balcone', 'esposizione', 'sud', 'estate']",9.051215467045667,5.317123888642968,4.028968676183565,4.213515918427978,2.142271984514937,8.254637209150223,6.286744546987632,9.941066243604697,aspettativa
kduxlvm,49,36,"['stesso', 'discorso', 'amico', 'giorno', 'ricordare', 'anno', 'maglietta', 'avere', 'giro', 'vecchio', 'nuovo', 'costare', 'euro', 'perdere', 'forma', 'cazzo', 'euro', 'maglietta', 'tenere', 'inverno', 'felpa', 'estate', 'cambiare', 'volta', 'giorno', 'fare', 'comodo', 'cambiare', 'peggio', 'pensare', 'trend', 'generale', 'periodo', 'vedere', 'notare', 'maglietta']",14.621137116334525,9.810171189385882,8.296898744021277,10.039776794462384,4.887891646318634,13.620881803584982,12.057780868190017,17.385614274663055,aspettativa
kdsuag6,37,31,"['mese', 'cazzo', 'cane', 'trovare', 'post', 'trovare', 'commento', 'istinto', 'spingere', 'aprire', 'profilo', 'rendere', 'serata', 'migliore', 'contento', 'persona', 'soffrire', 'caldo', 'maniera', 'assurdo', 'grado', 'vestire', 'caldo', 'estate', 'notte', 'sopravvivere', 'massimo', 'potenza', 'sparare', 'carne', 'nudo']",14.104819325438728,6.799358225501015,8.33483262168678,10.42193535222653,5.3997308281159935,12.023530956460885,12.618067486581525,13.901737037532952,gioia
kdsp4o3,93,67,"['uso', 'buono', 'vecchio', 'avere', 'tendenza', 'attraversare', 'ultimo', 'aggiornamento', 'fatto', 'strada', 'modo', 'passivo', 'fare', 'dare', 'lista', 'posizione', 'singolo', 'cellulare', 'proprietario', 'casa', 'avere', 'tratto', 'strada', 'privato', 'chiudere', 'lato', 'entrare', 'sud', 'traffico', 'entrare', 'nord', 'aprire', 'cancello', 'fare', 'risultare', 'strada', 'auto', 'senso', 'volta', 'anno', 'spostare', 'chilometro', 'informazione', 'copiare', 'vicenda', 'dubbio', 'spostare', 'vedere', 'tipo', 'strada', 'volta', 'tornare', 'centinaio', 'metro', 'discesa', 'stretto', 'tardo', 'estate', 'rendere', 'impossibile', 'capire', 'direzione', 'proseguire', 'grande', 'gioia', 'centimetro', 'punto']",25.515610995098903,15.640498993771748,14.18302110271663,18.506736219751062,8.060192567273983,26.251354204366127,24.30011111205611,31.569768346843514,aspettativa
kdsc5ti,21,16,"['sapere', 'anno', 'avere', 'esperienza', 'potere', 'volere', 'estate', 'ricevere', 'chiamata', 'formazione', 'parlare', 'mese', 'avere', 'opportunità', 'formare', 'regione']",9.172702803334223,3.6598927285741585,3.0880651491672326,4.178672516269335,1.4333671826198835,8.155239863473803,6.291458829927435,10.17119242921374,aspettativa
kdrfjm6,20,18,"['anno', 'ottenere', 'grande', 'poco', 'palla', 'tennis', 'inverno', 'tenere', 'casa', 'estate', 'sole', 'diretto', 'inverno', 'trascurare', 'marcire', 'radice', 'difficile', 'fare']",7.5653584898759005,5.021931849663321,4.613122245097055,4.081696534642744,3.306198207987584,7.462217772858258,5.94153093488443,8.278846317075635,aspettativa
kdrdqkj,19,17,"['avere', 'cane', 'dire', 'bisognare', 'sapere', 'significare', 'impegno', 'bisognare', 'prendere', 'arrivare', 'estate', 'autostrada', 'fastidio', 'persona', 'avere', 'diventare', 'moda']",7.006628387447579,3.951212671038008,3.249515613530747,5.445602136993365,2.5497110004923673,6.972943519599486,5.792106763600422,7.797088578788283,aspettativa
kdrbpgq,123,93,"['fare', 'spaccare', 'ridere', 'persona', 'vivere', 'parlare', 'sindacato', 'sud', 'venire', 'settimana', 'estate', 'resto', 'problema', 'singolo', 'considerare', 'troppo', 'fare', 'sud', 'condannare', 'società', 'auto', 'gente', 'entrare', 'casa', 'bastare', 'minimo', 'primo', 'seguire', 'regola', 'risultato', 'accettare', 'giro', 'soldo', 'nero', 'cazzo', 'vario', 'lavorare', 'dormire', 'tranquillo', 'notte', 'ansia', 'resto', 'costringere', 'proteggere', 'persona', 'mentalità', 'mafioso', 'comune', 'parte', 'soluzione', 'prossimo', 'mese', 'estero', 'fare', 'problema', 'centrale', 'fare', 'controllo', 'tappeto', 'fare', 'uscire', 'situazione', 'singolo', 'cittadino', 'vittima', 'sistema', 'ribellare', 'migliore', 'caso', 'costringere', 'conoscere', 'fare', 'vivere', 'imprenditore', 'fare', 'girare', 'voce', 'assumere', 'persona', 'peggiore', 'caso', 'finire', 'bara', 'tempo', 'provare', 'sentire', 'sindacato', 'funzionare', 'sindacato', 'sud', 'puro', 'perdita', 'tempo']",34.991729896325616,23.82936337899717,24.95113823800288,25.997920534246177,15.147369449232583,34.01626253862812,30.48050155080294,42.514184426348564,aspettativa
kdraovf,8,7,"['estate', 'fare', 'sopravvivere', 'solito', 'milanese', 'credere', 'scimmia']",3.0808948296376832,1.5703002584375991,1.577691221974169,1.685692523494193,0.7599780944837757,3.183381585674102,2.263353436315486,3.074272629362657,fiducia
kdqxdaa,11,8,"['provare', 'trovare', 'bianco', 'avere', 'estate', 'uso', 'reggere', 'prendere']",3.8360120551215173,1.1226291237440311,1.220259885151078,2.14220937608096,0.5937236510946715,4.565506301005629,3.9053014150568592,4.676084058383711,aspettativa
kdqx6kh,44,30,"['chiaro', 'variare', 'posto', 'posto', 'stare', 'estate', 'culo', 'orario', 'testa', 'basso', 'lavoro', 'estivo', 'bastare', 'provare', 'condizione', 'lavoro', 'debole', 'stesso', 'collega', 'gara', 'spezzare', 'schiena', 'accettare', 'piacere', 'sistema', 'prova', 'forza', 'animo', 'piacere', 'titolare']",14.023857268387646,7.37264925852672,6.146181830500264,7.643453508192032,4.068107656720925,11.787971875222178,10.29630627520335,15.995646346183506,aspettativa
kdqwpeb,21,14,"['comprare', 'cane', 'lupo', 'morale', 'prendere', 'suono', 'grande', 'soldo', 'credere', 'comprare', 'obiettivo', 'soffrire', 'estate', 'piacere']",7.617497160594161,2.6578539432151644,2.746738391843326,3.7060391692871235,1.6280948524118468,6.171264754977184,5.289474249988922,7.063437393582459,gioia
kdov1nt,8,6,"['pietà', 'mare', 'lago', 'estate', 'respirare', 'piede']",3.047556405730612,1.1815225366741438,0.3870071148242653,0.7719825422915895,0.5772820222968023,1.8337966528794847,1.2003251161676824,2.1591167961467166,gioia
kdolnnr,28,24,"['estate', 'fare', 'turistico', 'cliente', 'facile', 'rifiuto', 'beccare', 'volta', 'fare', 'primo', 'passo', 'freddo', 'primo', 'volta', 'approccio', 'strada', 'esempio', 'autobus', 'pubblico', 'volta', 'andare', 'villaggio', 'ragazza', 'freddo']",10.548507293160384,4.676168192568715,3.9455820460990667,4.552175828926573,2.268932256197671,8.974702129622331,8.616773562020278,11.459854954778853,aspettativa
kdol4tq,19,12,"['anno', 'vedere', 'favore', 'amica', 'indicare', 'tetta', 'estate', 'tetta', 'vaffanculo', 'tempo', 'cambiare', 'adattare']",6.426101844620537,2.56902951979752,2.2264520457556265,2.9208700219610413,1.1298479353969015,5.161910224844676,5.877774481972447,6.69361772991631,aspettativa
kdojiul,30,25,"['perdere', 'padre', 'estate', 'punto', 'madre', 'separato', 'mamma', 'narcisista', 'tossico', 'riuscire', 'capire', 'voglia', 'festeggiare', 'breve', 'triste', 'pranzo', 'fratello', 'andare', 'sentire', 'riuscire', 'accettare', 'verità', 'lutto', 'padre', 'arrivare']",13.084690023271051,8.765325457937816,7.259583463293898,8.027900314360569,3.900139731764963,11.860885943651528,10.4280123490836,12.996741919165597,gioia
kdo3j0m,20,20,"['stesso', 'situazione', 'età', 'amico', 'sposare', 'figlio', 'weekend', 'cena', 'tanto', 'estate', 'stesso', 'cosa', 'conoscere', 'diventare', 'ragazza', 'moglie', 'avere', 'figlio', 'perdere', 'speranza']",12.542826289515455,4.313077163432789,4.296702996607988,5.599120738057039,2.284995514947956,11.04451391350648,9.029446319507066,12.688562651788061,aspettativa
kdmba14,22,18,"['dare', 'volere', 'diritto', 'venire', 'rinnovare', 'contratto', 'prossimo', 'estate', 'possibilità', 'bastardo', 'vedere', 'ampiamente', 'approccio', 'azienda', 'assumere', 'donna', 'età', 'figlio']",9.697713020168624,3.260098123524168,4.368085825104121,3.8633403967261244,2.4401727137716676,8.523757616667586,6.408731333966787,11.471294570867997,aspettativa
kdlv2jt,322,239,"['vivo', 'casa', 'zona', 'freddo', 'inverno', 'minimo', 'minimo', 'medio', 'freddo', 'gennaio', 'febbraio', 'mattino', 'caldo', 'estate', 'enorme', 'escursione', 'notte', 'fresco', 'caldo', 'arrivare', 'primo', 'parte', 'notte', 'media', 'legno', 'rumore', 'passare', 'punto', 'piano', 'interessare', 'mero', 'camminare', 'scala', 'lavatrice', 'sentire', 'problema', 'dipendere', 'persona', 'persona', 'acqua', 'problema', 'senso', 'perdita', 'eventuale', 'legno', 'fare', 'letale', 'specie', 'pensare', 'controllare', 'fare', 'fare', 'modificare', 'modificare', 'risparmiare', 'impianto', 'carico', 'acqua', 'particolare', 'giungere', 'tubo', 'ridurre', 'caso', 'esterno', 'legno', 'orizzontale', 'trattato', 'tipo', 'simile', 'legno', 'acqua', 'sole', 'fondazione', 'vuoto', 'sanitario', 'vetro', 'cellulare', 'casa', 'metro', 'terra', 'metallico', 'importare', 'sollevare', 'tema', 'impianto', 'acqua', 'guardare', 'giro', 'fare', 'tubo', 'botta', 'gelo', 'arrivare', 'anno', 'volta', 'scaricare', 'impianto', 'comodo', 'metro', 'terra', 'volere', 'ferro', 'aprire', 'chiudere', 'rompere', 'servire', 'carico', 'scarico', 'costare', 'euro', 'pezzo', 'normale', 'sfera', 'mezzo', 'giro', 'motorino', 'chiudere', 'aprire', 'sganciare', 'servire', 'fogna', 'caso', 'fossa', 'avere', 'zona', 'tubo', 'terreno', 'roccia', 'suolo', 'messa', 'terra', 'posare', 'rame', 'casa', 'sparso', 'tendere', 'direzione', 'andare', 'acqua', 'piovere', 'osservare', 'cosa', 'montare', 'bagno', 'struttura', 'intervenire', 'roba', 'mezzo', 'casa', 'vetro', 'servire', 'ampio', 'sud', 'coprire', 'sole', 'alto', 'estivo', 'tenda', 'adatto', 'lasciare', 'passare', 'sole', 'basso', 'invernale', 'sole', 'estivo', 'manco', 'toccare', 'grosso', 'facciata', 'sud', 'impianto', 'solare', 'mettere', 'zona', 'protetto', 'pieno', 'sole', 'scaldare', 'nord', 'solo', 'mattino', 'caldo', 'estate', 'freddo', 'inverno', 'solare', 'specie', 'pallone', 'tetto', 'ricetta', 'avere', 'rotto', 'sottovalutare', 'copertura', 'banale', 'tenda', 'finestra', 'ovest', 'sera', 'sole', 'picchiare', 'effetto', 'serra', 'vetro', 'parte', 'isolare', 'freddo', 'fare', 'caldo', 'necessario', 'doppio', 'flusso', 'cosa', 'buono', 'recupero', 'passivo', 'potere', 'attivo', 'estate', 'bastare', 'solo', 'parte', 'tempo', 'bastare', 'inverno', 'temperatura', 'casa', 'orientare', 'servire', 'aria', 'acqua', 'scaldare', 'riflessione', 'voce', 'costo', 'avere', 'voce', 'pesare']",86.03843192758903,53.71569574588146,47.96696043616358,55.362082165449245,31.091649034961904,76.151710461226,69.60159680188337,91.35450759459205,aspettativa
kdlnhqq,33,26,"['avere', 'senso', 'dimostrare', 'umano', 'animale', 'programma', 'dipendere', 'luce', 'sole', 'sole', 'ottimismo', 'aspettare', 'sesso', 'modo', 'primavera', 'partorire', 'massimo', 'buio', 'depressione', 'pensiero', 'inventare', 'festeggiare', 'distrarre', 'persona', 'suicidio', 'meccanico']",12.928320802442483,6.499961944429923,5.597787599871518,8.522849082808225,3.732991271160177,12.582380819454373,9.912767223444195,13.700614333579443,aspettativa
kdjgp8j,233,190,"['estate', 'avere', 'anno', 'andare', 'vacanza', 'amico', 'dare', 'trovare', 'mese', 'lavoro', 'luglio', 'fabbrica', 'primo', 'giorno', 'arrivo', 'mattino', 'puntuale', 'presentare', 'responsabile', 'chiedere', 'nome', 'assegnare', 'posto', 'catena', 'montaggio', 'inizio', 'posizionare', 'pezzo', 'prendere', 'nastro', 'fronte', 'finire', 'suono', 'campanello', 'arrivare', 'stesso', 'personaggio', 'lavorare', 'precedente', 'piccolo', 'impresa', 'zio', 'dispiacere', 'beato', 'ignoranza', 'lavoro', 'ripetitivo', 'vario', 'capitare', 'fare', 'parere', 'migliore', 'rapporto', 'fatica', 'aspettare', 'rumore', 'catena', 'sviluppare', 'serpente', 'ponte', 'bello', 'mezzo', 'attrezzo', 'motore', 'nastro', 'inferno', 'minimo', 'costante', 'portare', 'impossibile', 'parlare', 'urlare', 'fatto', 'fermare', 'creare', 'buco', 'nastro', 'incasinare', 'lavorazione', 'successivo', 'tipo', 'venire', 'portare', 'pezzo', 'ora', 'chiedere', 'possibile', 'portare', 'andare', 'bagno', 'ridere', 'rispondere', 'ora', 'pausa', 'accordo', 'mezzo', 'tirare', 'pausa', 'tornare', 'minuto', 'spaccare', 'fare', 'sangue', 'giorno', 'ordine', 'capo', 'rispondere', 'sorridere', 'schizzare', 'sigaretta', 'finire', 'prendere', 'motorino', 'andare', 'fiume', 'fare', 'bagno', 'amico', 'vedere', 'mondiale', 'bar', 'sera', 'stesso', 'sapere', 'succedere', 'seguito', 'atto', 'giovanile', 'tornare', 'cercare', 'ora', 'pranzo', 'cellulare', 'avere', 'titolare', 'dirigente', 'seguito', 'riunione', 'capo', 'fare', 'richiamo', 'stronzo', 'mettere', 'mano', 'chiudere', 'cancello', 'piazzale', 'mese', 'ristorante', 'sconosciuto', 'mezzo', 'età', 'avvicinare', 'sorridere', 'presentare', 'grande', 'rivolgere', 'dozzina', 'persona', 'tavolo', 'mezzo', 'mattina', 'primo', 'giorno', 'andare', 'invitare', 'sedere', 'cena', 'gruppo', 'operaio', 'altro', 'reparto', 'stesso', 'fabbrica', 'iniziare', 'serie', 'fare', 'dimenticare', 'resto', 'serata', 'mattina', 'successivo', 'svegliare', 'camera', 'maglietta', 'fabbrica', 'firma', 'presente', 'parte', 'casa']",74.2416645268492,39.72152868844513,36.365863439867,46.59335378923112,23.887079051522992,67.227928235296,59.4713578873585,86.88888761271278,aspettativa
kdi4363,61,45,"['interessare', 'interessare', 'crescere', 'lavoro', 'avere', 'interessare', 'lavorare', 'straordinario', 'evento', 'prendere', 'batosta', 'imparare', 'bastare', 'dare', 'impressione', 'sapere', 'avere', 'poco', 'orario', 'fare', 'periodo', 'fare', 'complimento', 'lavoro', 'vivo', 'sogno', 'stare', 'lavoro', 'ora', 'giorno', 'call', 'presentazione', 'fare', 'call', 'lavoro', 'casa', 'supermercato', 'parco', 'attendere', 'auto', 'meccanico', 'estate', 'aggiungere', 'spiaggia', 'lista']",22.637745301977358,10.082083896069701,7.78367114737704,10.231490896089747,4.398315673114704,18.87143757153113,17.303733504574808,25.27507786073638,aspettativa
kdh33an,19,16,"['colpa', 'caldo', 'grado', 'immaginare', 'temperatura', 'interno', 'tubo', 'viaggiare', 'profondità', 'passare', 'continuo', 'merda', 'motivo', 'estate', 'vedere', 'città']",6.382392758782598,4.287490176138955,3.9613891062080775,4.061608079261658,2.7708092941056544,4.819507990428396,5.083290594165219,6.993015482671199,aspettativa
kdh0oj5,50,40,"['realtà', 'credere', 'fenomeno', 'ultimo', 'anno', 'casa', 'vecchio', 'avere', 'problema', 'simile', 'estate', 'vicino', 'paese', 'subire', 'invasione', 'casa', 'pulizia', 'ammettere', 'bestia', 'genere', 'giro', 'vedere', 'entrare', 'caldo', 'tanto', 'vedere', 'giro', 'fare', 'successo', 'risolvere', 'pesante', 'dose', 'sparso', 'porta', 'angolo', 'scarico', 'polvere', 'causare', 'disastro', 'ambientale']",15.581018350624271,11.446320167736085,11.363232564243633,11.029390840420191,8.161119626617475,14.494171840879254,12.883132200402633,16.56598623827407,aspettativa
kdgypy3,22,16,"['vedere', 'estate', 'chiamare', 'sembrare', 'problema', 'prendere', 'appuntamento', 'giorno', 'mamma', 'mettere', 'costare', 'euro', 'anticipare', 'ridare', 'madre', 'fatto']",7.574837748448056,3.4074810017888653,3.0241351424192198,3.8885564699191013,1.3705403173178117,7.897564443220931,5.7047109489752605,9.486849827712962,aspettativa
kdgw54b,8,7,"['piccolo', 'estate', 'vedere', 'volare', 'fare', 'diventare', 'minaccia']",3.5592986221446363,1.0617045247634187,1.2763813465008893,2.2471928494728215,0.9557789043223641,2.7679010052842425,2.333911342725636,3.212855686003809,gioia
kdgej9n,9,9,"['giusto', 'pensare', 'organizzare', 'gita', 'suonare', 'giorno', 'estate', 'dire', 'bello']",5.935257578656315,1.7640951972599441,1.512191925971822,1.8849460900661343,0.8693484724037432,4.53051385746364,3.644388493865253,5.957758791230762,aspettativa
kdff406,12,7,"['invitare', 'numero', 'sufficiente', 'orecchio', 'pieno', 'potere', 'fare']",2.936108243528853,1.0122874393490842,1.2255550840070546,1.352268424772062,1.4408061789324755,2.3479450310693477,1.7508676009006514,3.0512861858378297,aspettativa
kdfe6iv,25,15,"['estate', 'tratto', 'superare', 'avere', 'altro', 'situazione', 'ritornare', 'primo', 'vedere', 'arrivare', 'veloce', 'spostare', 'passare', 'ringraziare', 'terzo']",8.082653932800728,2.8127844277282525,2.580178256856182,3.9291586981080804,1.613963834839364,6.80040470657822,6.977745813701812,8.05063502890247,gioia
kdc8dcj,24,21,"['terzo', 'liceo', 'prof', 'fare', 'schifo', 'materia', 'rimandare', 'trascorrere', 'tempo', 'corso', 'recupero', 'estate', 'amore', 'rischiare', 'anno', 'donna', 'distanza', 'anno', 'sacco', 'affetto', 'sentire']",8.563224347249538,5.9215792631421635,4.237800611950429,6.22286600551547,2.9265122079457355,9.019872766142395,6.667764417686579,11.924566491726123,aspettativa
kdbo87l,155,118,"['parlare', 'cammino', 'classico', 'nord', 'bello', 'esperienza', 'consiglio', 'cosa', 'idea', 'romantico', 'amicizia', 'altro', 'viaggiatore', 'avere', 'lato', 'scuro', 'arrivare', 'paese', 'finale', 'giorno', 'letto', 'forza', 'andare', 'chilometro', 'sperare', 'trovare', 'albergo', 'perfetto', 'letto', 'capitare', 'normale', 'consigliare', 'prenotare', 'gente', 'interessante', 'mondo', 'tipo', 'pranzo', 'cena', 'chilometro', 'giorno', 'mese', 'altro', 'weekend', 'usare', 'scarpa', 'partire', 'primo', 'giorno', 'duro', 'fare', 'giorno', 'pausa', 'terzo', 'giorno', 'facile', 'corpo', 'punto', 'capire', 'serio', 'attivare', 'programma', 'vecchio', 'stanchezza', 'giornata', 'stare', 'attento', 'fermare', 'pomeriggio', 'alzare', 'ultimo', 'esperienza', 'diverso', 'ultimo', 'ricevere', 'certificato', 'pezzo', 'tranquillo', 'bar', 'super', 'comprare', 'acqua', 'arrivare', 'chilometro', 'diventare', 'casino', 'arrivare', 'pullman', 'buttare', 'persona', 'infrastruttura', 'atmosfera', 'estate', 'fare', 'altro', 'volta', 'evitare', 'ultimo', 'chilometro', 'sentire', 'grammo', 'peso', 'spalla', 'portare', 'minimo', 'possibile', 'primo', 'giorno', 'regalare', 'cosa', 'trovare', 'minimo', 'reale', 'sommare', 'fantastico', 'fare', 'usare', 'albergo']",52.360148139261234,25.66396734733705,20.87488048290616,27.3312238852037,15.109608970867185,48.35890715093174,41.22234590558898,60.823477329881584,aspettativa
kdar271,34,26,"['vivo', 'estero', 'anno', 'tornare', 'volta', 'anno', 'anno', 'mano', 'aiutare', 'amico', 'amico', 'amico', 'elezione', 'alternativa', 'credere', 'città', 'italiano', 'alto', 'supermercato', 'nuovo', 'costruzione', 'promettere', 'turista', 'invadere', 'città', 'estate']",12.228620957528303,5.990185070637598,4.456680490076999,6.499134767511347,2.7678069629349324,12.166314276880811,9.517039091778145,13.07695997562419,aspettativa
kdaiia2,42,30,"['miseria', 'prof', 'ammazzare', 'segnalare', 'alunno', 'media', 'giovane', 'cosa', 'stupido', 'stare', 'condannare', 'episodio', 'sentire', 'difetto', 'prosciutto', 'occhio', 'andare', 'diventare', 'solitario', 'ammazzare', 'turista', 'estate', 'senso', 'avere', 'contrastare', 'insegnare', 'ammazzare', 'prof', 'chiedere', 'trasferimento']",9.947570096674687,10.979375963234823,10.033068635678598,10.497600148220481,7.5870678471790765,10.127387464502121,10.621177219162593,13.12053465446153,aspettativa
kd7om0j,23,15,"['spinta', 'consumare', 'natale', 'estate', 'persona', 'medio', 'gentile', 'avere', 'difficoltà', 'fare', 'conto', 'soldo', 'mano', 'periodo', 'volo']",6.7647257522086015,3.172783285420875,2.685950761675345,4.209524484448806,1.2949522593879477,6.872080910653594,4.682806265619317,7.453552789778975,aspettativa
kd7klth,38,31,"['andare', 'estate', 'lavoro', 'muovere', 'taxi', 'pagare', 'dovere', 'sganciare', 'contante', 'provare', 'extra', 'risposta', 'volere', 'aggiungere', 'corsa', 'pagare', 'azienda', 'risposta', 'lasciare', 'stare', 'scegliere', 'società', 'estero', 'pagare', 'tassa', 'interessare', 'interessare', 'categoria', 'pago', 'ultimo', 'centesimo']",10.409282057254721,8.085521917874367,7.85701885947686,8.67896214294734,4.754023927692341,10.383919427135249,10.255865622375843,14.854297954101986,aspettativa
kd6yxfw,14,11,"['tornare', 'giusto', 'estate', 'bello', 'stare', 'verde', 'ammirare', 'lago', 'unico', 'aria', 'pianura']",7.4295112715554446,2.280829474401915,1.276967113583714,1.6137058443827763,1.49384415749448,5.115213468238422,4.640192231773793,5.910602802855375,gioia
kd5spjv,74,53,"['gara', 'avere', 'bello', 'serie', 'lato', 'negativo', 'dire', 'fondo', 'testo', 'avere', 'supporto', 'esempio', 'esempio', 'sputo', 'parere', 'ragazza', 'aprire', 'sociale', 'pessimo', 'ragazza', 'andare', 'impostare', 'problema', 'avere', 'parte', 'maschile', 'locale', 'frase', 'ragazza', 'entrare', 'trovare', 'metà', 'discoteca', 'evidenza', 'illegale', 'festa', 'privato', 'ragazzo', 'camicia', 'pantalone', 'estate', 'ragazza', 'vestire', 'lettera', 'volere', 'fermo', 'gara', 'rendere', 'conto', 'abituare', 'stare', 'valere', 'cosa']",22.18133083822484,12.412072661097131,10.649319595601133,13.876519531081827,7.142769566076994,21.511515032725708,19.174979625545006,26.282118997374095,aspettativa
kd5d1ko,11,7,"['servizio', 'lavorare', 'supermercato', 'estate', 'cassa', 'veloce', 'mettere']",2.6679529968057425,1.4555163964047089,0.8579399508402847,1.2242354709105145,0.7816023188608523,2.761957694014839,2.5397219673321065,3.137202432265104,aspettativa
kd47qd5,26,25,"['scopare', 'primo', 'cosa', 'cercare', 'altro', 'donna', 'altro', 'casa', 'vuoto', 'ritornare', 'sera', 'solo', 'solo', 'notte', 'agosto', 'stella', 'posto', 'lassù', 'notte', 'strada', 'mancare', 'estate', 'romano', 'musica', 'fotografia']",12.255537455669332,8.696602508012756,5.7262631574710925,6.998844196818829,2.53327334620855,8.317162849422349,9.529088965612988,11.575861879118014,gioia
kd3h1m5,8,8,"['fare', 'esatto', 'opposto', 'inverno', 'tè', 'caldo', 'estate', 'zucchero']",4.573774070109851,1.3791820717389445,1.1457132445436349,1.104620422164455,1.018418542938501,3.285798448968698,2.4791752990276987,3.6843686386067875,gioia
kd37k2h,13,10,"['estate', 'fare', 'caldo', 'amaro', 'inverno', 'tè', 'verde', 'nero', 'limone', 'zucchero']",5.044538282787453,1.9341790693101355,1.7324387619491484,1.3709372090613594,1.913823865915772,3.8775896184314385,3.3429626793834304,4.58606715039625,gioia
kd1ktfb,103,85,"['trasferire', 'anno', 'anno', 'corso', 'anno', 'parte', 'bloccare', 'prendere', 'realizzare', 'cosa', 'sud', 'europeo', 'avere', 'mentalità', 'condizione', 'ambientale', 'climatico', 'europeo', 'favorevole', 'altro', 'zona', 'mondo', 'oliva', 'grano', 'frutta', 'crescere', 'bisogno', 'lavoro', 'fisico', 'umano', 'confronto', 'paese', 'osso', 'lavorare', 'freddo', 'fame', 'estate', 'inverno', 'fortuna', 'creare', 'civiltà', 'lavoro', 'fisico', 'lavoro', 'mentale', 'barbaro', 'mangiare', 'vicenda', 'impero', 'avere', 'filosofo', 'politico', 'ruolo', 'intellettuale', 'resto', 'mondo', 'italiano', 'bravo', 'parlare', 'problema', 'trovare', 'soluzione', 'spirituale', 'civile', 'tecnica', 'materiale', 'portare', 'mentalità', 'italiano', 'generale', 'lavoro', 'tecnico', 'azienda', 'paese', 'crescere', 'bisogno', 'lavorare', 'estate', 'sopravvivere', 'inverno', 'estate', 'inverno', 'clima', 'paese', 'consentire']",36.83573431062441,24.081897066125894,19.79302859982059,22.245161574616382,13.265509397096773,36.835839325751685,30.091258008617384,45.03067197652777,aspettativa
kd1f4rm,47,40,"['vivere', 'anno', 'studiare', 'università', 'partire', 'classico', 'atteggiamento', 'paese', 'certezza', 'tornare', 'anno', 'giungere', 'momento', 'mettere', 'attività', 'difficoltà', 'conoscere', 'tornare', 'costruire', 'ambito', 'lavoro', 'occupare', 'benessere', 'prossimo', 'preferire', 'paese', 'aiutare', 'comunità', 'difficoltà', 'aggiungere', 'genitore', 'avere', 'certo', 'età', 'presente', 'vecchiaia', 'paio', 'giorno', 'settimana', 'estate']",20.28844848688495,10.395475668765,7.638335273217722,10.791571206247818,4.524249161974947,19.15207324407813,13.897539206472713,22.61833440513919,aspettativa
kcy5j6n,21,15,"['costo', 'lavorazione', 'alto', 'coltivare', 'serra', 'giusto', 'temperatura', 'giusto', 'luce', 'giusto', 'modo', 'costo', 'estate', 'sole', 'buono']",7.529658299964178,2.2543038159783904,2.2086006603275674,1.96621238063104,1.1840968634092799,7.328324765190561,5.0030217745723,9.209430228296164,aspettativa
kcxy5ma,16,11,"['estate', 'mangiare', 'pizza', 'domenica', 'mano', 'servire', 'cartone', 'coperto', 'pizza', 'costare', 'accettabile']",5.6146337667693125,1.697201847390613,1.5441939281835215,1.6755684538937776,1.0724296101810584,4.0726551988676425,3.7144318292499383,5.55496162255897,gioia
kcxtlan,113,85,"['capitare', 'ragazza', 'motivo', 'riuscire', 'uscire', 'ragazza', 'grazie', 'amico', 'situazione', 'comune', 'estate', 'avere', 'dovere', 'single', 'rapporto', 'tempo', 'andare', 'momento', 'diverso', 'primo', 'andare', 'uscire', 'passo', 'bere', 'parere', 'bello', 'ragazza', 'modo', 'dare', 'altro', 'ragazza', 'andare', 'andare', 'cosa', 'solo', 'gruppo', 'amico', 'amico', 'parlare', 'uscita', 'vedere', 'agosto', 'dire', 'venire', 'prendere', 'vedere', 'persona', 'parlare', 'uscire', 'fare', 'vero', 'vero', 'possibile', 'credere', 'andare', 'gruppo', 'amico', 'amico', 'interessare', 'persona', 'cercare', 'cogliere', 'momento', 'solo', 'voglia', 'scrivere', 'scrivere', 'sperare', 'capire', 'conclusione', 'finale', 'uomo', 'provare', 'provare', 'andare', 'appoggiare', 'discoteca', 'ubriaco', 'mano', 'andare', 'parlare', 'vedere', 'giro', 'sembrare', 'interessante']",44.92330891163858,19.963748853013033,15.278505236069027,19.31374964282596,10.371601168111326,38.567694218775095,33.3948624804404,45.886824488812074,aspettativa
kcxkuem,39,33,"['vero', 'dire', 'dire', 'vivere', 'mondo', 'chilometro', 'città', 'meglio', 'basso', 'raggiungere', 'vita', 'trovare', 'città', 'trovare', 'posto', 'lago', 'avere', 'enorme', 'vita', 'estate', 'posto', 'ottimo', 'inverno', 'girare', 'città', 'locale', 'cocktail', 'bar', 'trovare', 'conoscere', 'vero', 'vivere', 'città']",18.056944803104077,6.4112773876059075,4.838514610284819,7.1940147113434225,3.5621240525392164,14.906831159887183,13.870346155280956,18.03725278650633,gioia
kcx5gi4,102,70,"['età', 'avere', 'anno', 'tempo', 'avere', 'anno', 'casa', 'finestra', 'media', 'uso', 'volta', 'passare', 'luce', 'sole', 'volta', 'fare', 'casa', 'nuovo', 'classe', 'recupero', 'passivo', 'conto', 'assurda', 'costoso', 'scelta', 'iniziale', 'mettere', 'salone', 'aria', 'primario', 'vuoto', 'sanitario', 'casa', 'intero', 'storto', 'avere', 'modo', 'inverno', 'stesso', 'modo', 'avere', 'possibilità', 'finestra', 'stesso', 'motivo', 'mettere', 'garage', 'avere', 'spazio', 'pallone', 'pugno', 'gomma', 'avere', 'acqua', 'banale', 'casa', 'arrivare', 'pompa', 'acqua', 'caso', 'problema', 'avere', 'acqua', 'temperatura', 'costante', 'caldo', 'estate', 'inverno', 'rischio', 'colpo']",28.75651943710063,16.156260573003788,15.245160919266864,20.39738655211639,8.941304211030555,28.430174046570556,24.35250190473717,34.64899821076867,aspettativa
kcwxufc,29,20,"['spiaggia', 'primo', 'volta', 'estate', 'ragazza', 'dire', 'giovane', 'nudo', 'anno', 'trovare', 'esperienza', 'simpatico', 'sicuro', 'rifare', 'unico', 'problema', 'causare', 'acqua', 'abbraccio', 'ragazza']",11.560630957633082,4.481919269405395,3.6451900991545556,4.470051086427766,2.08253453445134,9.439371194198557,8.260768064557196,11.288451506538545,gioia
kcwrvex,79,60,"['città', 'abitante', 'rendere', 'misura', 'uomo', 'trasporto', 'pubblico', 'sufficiente', 'pianura', 'aiuto', 'università', 'basso', 'peggiorare', 'anno', 'vicino', 'stazione', 'velocità', 'cantiere', 'mangiare', 'presenza', 'azienda', 'importante', 'aumentare', 'rimanere', 'regime', 'alto', 'vita', 'capitale', 'europeo', 'ricco', 'evento', 'anno', 'fare', 'città', 'pulito', 'lavorare', 'simpatico', 'tampone', 'culo', 'conoscere', 'simpatia', 'avere', 'puzza', 'naso', 'clima', 'merda', 'inverno', 'caldo', 'metà', 'settembre', 'serie', 'camminare', 'estate', 'doccia', 'tornare', 'merda', 'mentalità', 'provinciale', 'punto', 'vista']",25.71245749820389,14.377890850860398,12.579287078070708,15.186528865286823,10.619819206172993,22.52622019342246,20.178268084261326,28.3986310120347,aspettativa
kcwnec4,30,27,"['difficile', 'andare', 'mangiare', 'salvo', 'giorno', 'vacanza', 'estate', 'resto', 'raro', 'andare', 'mangiare', 'avere', 'amica', 'avere', 'patente', 'andare', 'volere', 'fattore', 'economico', 'dire', 'posto', 'mangiare', 'casa', 'ristorante', 'mangiare', 'dire', 'fattibile']",15.047013432344263,4.493845243579557,4.06402786924219,5.926263478166797,2.2191717741847032,12.854452024513703,9.868419160120332,16.109688598049775,aspettativa
kcw5q28,15,14,"['estate', 'passo', 'tempo', 'possibile', 'spiaggia', 'lago', 'zona', 'apposito', 'dare', 'fastidio', 'caso', 'consigliare', 'paio', 'posto']",5.691570193989523,2.659392087718243,1.8019650954749362,2.4973284004381058,1.096885046333347,5.46714157885018,4.673748469045302,7.578117485969404,aspettativa
kcvzib1,70,58,"['ora', 'sentire', 'colpa', 'malattia', 'motivo', 'grave', 'chiaro', 'passato', 'capitare', 'accusare', 'avere', 'capitare', 'avere', 'dolore', 'forte', 'capitare', 'stare', 'casa', 'giorno', 'mese', 'estate', 'fare', 'stare', 'andare', 'lavorare', 'stesso', 'volta', 'strada', 'ufficio', 'volta', 'solo', 'stare', 'buttare', 'angolo', 'manco', 'formare', 'chiamare', 'ambulanza', 'realtà', 'potere', 'malattia', 'banale', 'male', 'testa', 'stress', 'diritto', 'problema', 'paese', 'lavorare', 'onore', 'gloria', 'manco', 'soldo', 'sapere', 'persona', 'stare', 'brutto', 'vizio']",19.40586816630218,22.229758117605904,18.373686104851636,20.42940757409579,12.291016479673857,18.668773178900267,18.029435380710673,25.243304529587874,aspettativa
kcvwmvx,38,27,"['perdere', 'enormità', 'manifestazione', 'fascista', 'ladro', 'corrotto', 'incapace', 'protesta', 'gestione', 'catastrofico', 'estate', 'riforma', 'giudiziario', 'altro', 'ripetere', 'manifestazione', 'migliaio', 'persona', 'ottobre', 'manifestazione', 'aperto', 'gestione', 'crisi', 'sognare', 'monte', 'critico', 'governo']",7.283934839149999,9.372795410910813,11.75767016824168,10.478884632935765,8.108959210781437,8.44954931498339,8.174266048705146,10.22068670074157,rabbia
kcvl9yp,3,1,['sud'],0.6275342023542478,0.3411934521055962,0.3814840089838238,0.2803419750989831,0.1389812720672776,0.2962709558610232,0.503754531792506,0.4432439160592539,gioia
kcukpw4,35,33,"['fare', 'ultimo', 'anno', 'università', 'credere', 'valere', 'pena', 'cercare', 'amicizia', 'migliore', 'ipotesi', 'durare', 'periodo', 'universitario', 'andare', 'vivere', 'lavoro', 'prossimo', 'anno', 'zona', 'vivo', 'avere', 'particolare', 'attività', 'vedere', 'attività', 'mare', 'estate', 'cosa', 'permettere', 'conoscere', 'gente', 'nuovo']",17.1009122559075,7.33110754727998,5.15783466135314,7.367978234568924,3.482195198472126,15.554688438048041,10.970137005584293,17.892148987270634,aspettativa
kctaxg6,29,22,"['terminare', 'studio', 'universitario', 'estate', 'andare', 'studio', 'costringere', 'lavoro', 'sapere', 'soldo', 'dire', 'avere', 'paura', 'sfruttare', 'mostrare', 'cosa', 'fare', 'colpo', 'sapere', 'puntare', 'soldo', 'finire']",8.723755864640118,6.665836945937913,6.2144679520384996,7.008529344192734,4.0841769703723045,7.080807233475376,6.735107279311848,9.44394017482499,aspettativa
kct6sux,15,11,"['compagno', 'classe', 'persona', 'andare', 'volta', 'estate', 'impressione', 'regione', 'fare', 'freddo', 'sbaglio']",4.54004019740368,2.2893141238993877,2.169510798397522,2.4510293280684317,1.4890953567072591,4.349609724068557,3.190621380442508,4.918114106416139,aspettativa
kct1voa,30,29,"['studente', 'universitario', 'andare', 'completare', 'studio', 'estate', 'avere', 'laurea', 'studio', 'ottenere', 'ottimo', 'risultato', 'sembrare', 'perdere', 'valore', 'momento', 'impossibilitare', 'godere', 'vita', 'momento', 'ragazza', 'volere', 'mancanza', 'grande', 'annullare', 'successo', 'cosa', 'positivo', 'vita']",16.651296439912525,8.633501187395021,7.260560238712413,7.337085774748111,3.831649174669901,15.129846137090782,12.087023172367095,17.15977721013023,aspettativa
kcsa8ak,9,8,"['anno', 'assumere', 'estate', 'vivere', 'zona', 'stare', 'lavoro', 'estivo']",4.543579176212255,1.783416636124635,0.8460487566520436,1.3146430313439932,0.7157288135603015,3.7231855494128325,3.1377014094669997,5.324500937214402,aspettativa
kcrmptb,43,35,"['pensare', 'estate', 'scorso', 'periodo', 'turno', 'continuare', 'gente', 'lavoro', 'avere', 'senso', 'colpa', 'rivolgere', 'collega', 'turno', 'bravo', 'simpatico', 'sfigato', 'turno', 'andare', 'storto', 'primo', 'mancare', 'mancare', 'gente', 'reparto', 'merda', 'avere', 'fortuna', 'avere', 'ottimo', 'collega', 'peccato', 'merda', 'turno', 'fine']",12.951953994504278,11.53624582803073,10.07090925804879,10.43012785853048,6.747599601857785,13.096480543311854,12.329051388506004,15.901549941230877,aspettativa
kcnn5sp,43,36,"['lato', 'negativo', 'abitare', 'furto', 'semplice', 'attuare', 'vedere', 'basso', 'passo', 'carabiniere', 'servire', 'paese', 'impiegare', 'tempo', 'arrivare', 'rubare', 'condominio', 'città', 'fattibile', 'anno', 'provare', 'ladro', 'anziano', 'primo', 'piano', 'condominio', 'pieno', 'anziano', 'immigrato', 'ragione', 'economico', 'riuscire', 'andare', 'vacanza', 'estate', 'avere']",14.09689512168766,9.372431945021845,8.017432836896914,9.436448697720522,5.211134529993798,14.819106907266775,12.229852590634804,17.427646726372537,aspettativa
kcnhlb5,48,37,"['condizione', 'simile', 'problema', 'memoria', 'categoria', 'protetto', 'tutor', 'fare', 'percorso', 'trovare', 'lavoro', 'soddisfare', 'grado', 'fare', 'cosa', 'umiliazione', 'pensare', 'stare', 'guadagnare', 'pane', 'maniera', 'onesto', 'fare', 'lavoro', 'fisico', 'prevedere', 'mattina', 'lavorare', 'pioggia', 'vento', 'neve', 'sole', 'estate', 'dire', 'fare', 'suonare', 'abbracciare']",18.365875067672857,9.49250613673809,6.864209938777978,8.003993492148366,5.034313037690993,15.909439942272181,12.668319681586173,19.302613682817523,aspettativa
kcmoost,57,44,"['parte', 'anno', 'guardare', 'caso', 'mese', 'aprire', 'negozio', 'paese', 'guardare', 'caso', 'zona', 'mettere', 'allarme', 'tentativo', 'furto', 'finito', 'estate', 'estate', 'visitare', 'stesso', 'casa', 'volta', 'riuscire', 'entrare', 'fare', 'dispetto', 'credere', 'allarme', 'fare', 'affare', 'sperato', 'fondo', 'gente', 'sapere', 'parte', 'dormire', 'porta', 'aperto', 'scrivere', 'capitare', 'andare', 'dormire', 'dimenticare', 'portone']",18.224835603354155,11.714227174833086,9.192640680496929,13.4071923169627,6.217158560660657,17.14995275489621,18.593551027926924,21.3928757003127,aspettativa
kcml9eg,178,121,"['scusa', 'solito', 'lavoro', 'avere', 'parcheggio', 'parcheggio', 'giro', 'servire', 'fare', 'commissione', 'durare', 'macchina', 'uso', 'termine', 'generale', 'auto', 'nuovo', 'termine', 'pratico', 'nuovo', 'nuovo', 'casa', 'anno', 'extra', 'alimentare', 'casa', 'emergenza', 'debole', 'funzione', 'fonte', 'alimentare', 'principale', 'casa', 'passo', 'avere', 'macchia', 'parcheggio', 'zona', 'blu', 'piacere', 'guida', 'accelerazione', 'guida', 'lineare', 'fare', 'pieno', 'casetta', 'sciopero', 'parte', 'domestico', 'impianto', 'estate', 'remoto', 'avere', 'auto', 'fresco', 'consumare', 'batteria', 'ora', 'parcheggiare', 'gas', 'andare', 'auto', 'bastare', 'attaccare', 'presa', 'altro', 'lato', 'stare', 'fare', 'buco', 'spostare', 'cassetta', 'posta', 'fare', 'elettrico', 'batteria', 'fare', 'fine', 'anno', 'vedere', 'anno', 'prossimo', 'risparmio', 'nuovo', 'gradire', 'avere', 'problema', 'avere', 'garage', 'dire', 'potere', 'usare', 'volta', 'alimentare', 'casa', 'mondo', 'stabile', 'servizio', 'parcheggio', 'città', 'tornare', 'trovare', 'trovare', 'parcheggio', 'costa', 'estate', 'remoto', 'uso', 'estate', 'caso', 'carico', 'casa', 'avere', 'rapido', 'andare', 'conveniente', 'servire', 'completare', 'viaggio', 'vedere']",50.82015988790768,26.280287028780396,23.379374126514815,31.81402125401893,14.501709216123277,46.75636189239773,41.71060021819739,57.095721010293644,aspettativa
kcmaqs5,10,9,"['fare', 'cazzo', 'passare', 'estate', 'abbondante', 'fumare', 'motivo', 'rompere', 'legame']",3.9840310812599187,2.794024055314643,3.178998188031527,2.1040605189939487,1.7807884046485243,3.16262420580682,3.1735896299500626,3.7801926652129056,gioia
kcjk58m,8,4,"['inverno', 'coperta', 'estate', 'nudo']",2.088568557869371,1.3147220803325963,0.6433918816282655,1.4131261729207079,0.7213329138618635,2.246845259620553,1.6125591355519204,2.031950236552582,fiducia
kcje5cv,14,13,"['piacere', 'sudare', 'estate', 'auto', 'abbassare', 'finestrino', 'aria', 'avere', 'bagno', 'stare', 'macchina', 'bagno', 'turco']",5.513732298644059,2.0945866755879092,2.1980751849316214,2.4969655878400947,2.236184141674555,4.195208940695881,4.209719997112181,5.0805453427533624,gioia
kcjdr4u,5,5,"['entrare', 'macchina', 'parcheggiare', 'sole', 'estate']",2.437856818499769,0.49171357586818076,0.6820523240705384,0.7083485669138296,0.35129039086145014,2.4823757844152103,2.1707301769742644,2.4334701568442836,fiducia
kci1aac,31,23,"['pianta', 'annuale', 'patata', 'avere', 'ciclo', 'detto', 'autunno', 'piantare', 'autunno', 'raggiungere', 'maturità', 'seguito', 'vedere', 'caduta', 'foglia', 'estate', 'riguardare', 'conoscere', 'parlare', 'avere', 'senso', 'pianta', 'inverno']",10.268545338042854,5.446897292328665,3.747483647989796,4.64896908225691,2.3680529522124085,8.784425401890001,6.388633365595185,8.65866264306321,gioia
kchof3o,338,256,"['punto', 'modo', 'spendere', 'miliardo', 'nazionale', 'aumentare', 'produzione', 'punto', 'ragioniere', 'portare', 'continuare', 'capire', 'riuscire', 'elettrico', 'nucleare', 'ridurre', 'consumo', 'necessario', 'punto', 'avere', 'risorsa', 'petrolio', 'stimare', 'bastare', 'anno', 'gas', 'carbone', 'volere', 'cambiare', 'produrre', 'energia', 'ridurre', 'consumo', 'andare', 'valido', 'investire', 'nucleare', 'nucleare', 'mandare', 'cagare', 'volere', 'garantire', 'energia', 'fornire', 'energia', 'fare', 'guadagnare', 'avere', 'momento', 'altro', 'via', 'noto', 'paese', 'consumo', 'attuale', 'riguardare', 'consumo', 'carne', 'fare', 'strano', 'osservare', 'persona', 'informare', 'industria', 'livello', 'globale', 'emissione', 'verità', 'problema', 'principale', 'allevare', 'animale', 'anno', 'avere', 'consumo', 'notevole', 'energia', 'modo', 'inefficiente', 'produrre', 'proteina', 'alimentazione', 'umano', 'informare', 'razionale', 'sapere', 'partorire', 'interessato', 'scopo', 'preciso', 'togliere', 'possibilità', 'produrre', 'cibo', 'piccolo', 'medio', 'soggetto', 'mano', 'gigante', 'scusa', 'inquinamento', 'scusa', 'scusa', 'motivo', 'spingere', 'industriale', 'ecologico', 'allevare', 'fare', 'permettere', 'produrre', 'poco', 'cibo', 'controllare', 'cibo', 'umanità', 'controllo', 'proteina', 'piccolo', 'fare', 'fare', 'gigante', 'controllare', 'controllare', 'mondo', 'ribelle', 'perdere', 'medio', 'piccolo', 'mangiare', 'rivolta', 'servire', 'togliere', 'controllo', 'produzione', 'gigante', 'grazie', 'modello', 'controllare', 'fatto', 'remoto', 'prodotto', 'andare', 'caso', 'rivolta', 'auto', 'muovere', 'teoria', 'internazionale', 'nazista', 'persona', 'ultimo', 'fare', 'comodo', 'avere', 'esercito', 'credere', 'associare', 'chimico', 'lancio', 'allarme', 'termine', 'fare', 'energia', 'consumo', 'peccato', 'fare', 'scarso', 'consumo', 'fare', 'energia', 'sole', 'cercare', 'concentrare', 'consumo', 'sole', 'potere', 'stagione', 'fare', 'giorno', 'giorno', 'consumo', 'auto', 'consumare', 'perdita', 'efficienza', 'batteria', 'freddo', 'banalità', 'capire', 'avere', 'rete', 'abbattere', 'consumo', 'estate', 'fare', 'casa', 'nuovo', 'fare', 'scopo', 'avere', 'poco', 'domestico', 'ammettere', 'riuscire', 'tenere', 'rete', 'mondo', 'reale', 'resto', 'fantasia', 'diffondere', 'fanatico', 'figlio', 'lupo', 'fascio', 'elettrico', 'vivere', 'tecnologia', 'avere', 'abbattere', 'consumo', 'servire', 'costruire', 'civile', 'abitazione', 'industria', 'stesso', 'modo', 'conseguenza', 'seguire', 'bisogno', 'primario', 'vita', 'umano', 'servire', 'nucleare', 'massa', 'possibile', 'massa', 'possibile', 'pari', 'giusto', 'arrivare', 'finire', 'pronto', 'terminare', 'utilizzo', 'prendere', 'decennio', 'carne', 'cosa', 'politico', 'servire', 'ridurre', 'eliminare']",100.17923797210578,61.193582094529454,60.248755691878024,68.17965374356008,40.04329019209037,97.67798397885133,79.7523718024974,118.62691956081925,aspettativa
kchl18o,46,37,"['comprare', 'buttare', 'sapere', 'fumo', 'sicuro', 'anno', 'consigliare', 'applicazione', 'tenere', 'conto', 'risparmio', 'primo', 'anno', 'mettere', 'parte', 'soldo', 'sigaretta', 'fare', 'vacanza', 'leggere', 'libro', 'facile', 'smettere', 'fumare', 'aiutare', 'primo', 'volta', 'provare', 'spingere', 'fatto', 'piacere', 'sottovalutare', 'vizio', 'sera', 'estate', 'birra', 'fumare']",16.059889741963985,9.994359084677399,9.131647982628676,8.966457526578314,6.773315304857142,13.64713104516717,12.265592665399646,17.017796526067556,aspettativa
kch7hge,9,7,"['scherzare', 'esistere', 'stagione', 'inverno', 'rigido', 'estate', 'impossibile']",3.8548922250723217,2.787649927376248,2.239426857067946,2.4321517196827664,1.3545363903914927,2.881358472273777,2.9732963574651823,3.846324805550722,gioia
kcfbkud,20,12,"['fare', 'girare', 'cazzo', 'persona', 'estate', 'grado', 'tenere', 'fare', 'sentire', 'godere', 'temperatura', 'inverno']",5.257290251216763,1.989763100596465,2.093027808001346,2.3988539798643362,1.7958924987647482,4.686166505160978,4.384486610301402,6.0669525854367965,aspettativa
kcei1kx,30,25,"['combattere', 'riscaldamento', 'globale', 'abbassare', 'riscaldamento', 'inverno', 'aria', 'estate', 'luogo', 'pubblico', 'privato', 'dare', 'colpa', 'fine', 'locale', 'mezzo', 'fare', 'gestire', 'locale', 'fare', 'notare', 'cosa', 'dire', 'colpa', 'via']",8.841719566590207,7.835960902602517,6.449787595659312,7.7953166008552435,4.844462289521909,7.685043938593684,7.050238950360002,10.467756744881411,aspettativa
kce1pil,7,7,"['inverno', 'estate', 'fare', 'giorno', 'persiano', 'fare', 'passare']",3.181462887185096,1.3809882475587107,0.7724043679810918,1.144451087294898,0.47482040622239935,2.8230369506888535,2.0253813831388743,3.8353309834531553,aspettativa
kce1clb,7,6,"['grazie', 'consiglio', 'estate', 'sudore', 'vario', 'brutto']",2.3055523251463477,1.0538087796885265,1.081297188270528,1.3211141486386235,1.3862539597528354,2.69035529193443,2.0159928293559966,2.552792853425977,fiducia
kce061a,9,7,"['fare', 'dire', 'fallo', 'inverno', 'estate', 'mare', 'cosa']",3.2437985249626062,2.2051956304489315,1.7305223266819558,1.7816703136005023,1.6594067747821284,2.8197419369731587,2.6878985295611617,3.832824544387146,aspettativa
kcdi1zu,10,9,"['neve', 'fiume', 'lago', 'acqua', 'estate', 'usare', 'produrre', 'corrente', 'elettrico']",4.948181002416697,1.8881615447680673,1.5018097717910768,2.2799667734321454,0.9649474744254717,3.007634936077813,3.0440387795224604,3.9973383457682377,gioia
kcd8q50,34,28,"['supermercato', 'gelo', 'estate', 'pensare', 'vario', 'posto', 'negozio', 'mezzo', 'trasporto', 'rispettare', 'legge', 'riguardare', 'temperatura', 'vario', 'esercizio', 'povero', 'volta', 'entrare', 'pieno', 'agosto', 'stare', 'supermercato', 'inverno', 'girare', 'manico', 'corto', 'rischio', 'sudare']",9.869626457255219,6.87025638053099,5.478527930191168,7.055799244551776,3.678786668823107,10.224954422140021,9.779484360456372,12.726707121959306,aspettativa
kccylwm,8,5,"['aria', 'condizionare', 'palla', 'estate', 'vestito']",2.828510499329772,0.7256148914185696,0.8565009421970917,0.6255630663610684,0.745289941748252,1.8763904937342573,1.5416656736857026,1.7724766976819524,gioia
kccxym8,42,35,"['università', 'estate', 'intero', 'estate', 'freddo', 'terribile', 'tipo', 'cuocere', 'persona', 'giorno', 'studente', 'professore', 'andare', 'temperatura', 'ragione', 'segreteria', 'vero', 'falso', 'cambiare', 'ditta', 'fare', 'gestione', 'manutenzione', 'impianto', 'vecchio', 'gestore', 'dimenticare', 'rifiutare', 'dare', 'necessario', 'accedere', 'sistema', 'controllo', 'nuovo', 'gestore']",13.774400613847329,9.572026117359666,8.569029917389052,9.225349026532847,4.92070698754518,14.301812595129974,11.721295838871479,18.191955990476572,aspettativa
kccvpbp,20,17,"['amico', 'andare', 'estate', 'sognare', 'conquista', 'bottone', 'proporre', 'andare', 'discoteca', 'giovane', 'chiamare', 'pagare', 'taxi', 'pieno', 'speranza', 'presentare', 'fidanzato']",8.532921845254299,3.280839160469447,2.5754176942870353,3.820518238002165,1.6801866069200249,7.374412193360799,6.057563549851108,8.46195677623201,gioia
kccughf,7,3,"['pullman', 'estate', 'finestrino']",1.3752573486929114,0.3566813582871094,0.205433701603494,0.2477993442765381,0.1392110558528858,1.2853738496136797,1.2232716449502816,1.7604369740177517,aspettativa
kccknds,33,26,"['euro', 'ora', 'contrarre', 'ora', 'fare', 'effettivo', 'mese', 'grosso', 'straordinario', 'orario', 'spezzare', 'intero', 'giornata', 'zona', 'attivo', 'estate', 'periodo', 'arrivo', 'prendere', 'via', 'taglio', 'ora', 'restare', 'fortuna', 'affitto', 'soldo']",9.40643923342926,6.462039161040627,5.54796092039855,6.819355928633686,3.2964326519564286,8.172608436742152,7.749936186510601,12.137641651262275,aspettativa
kccis1j,70,62,"['lavoro', 'turismo', 'settimana', 'inverno', 'settimana', 'estate', 'giorno', 'libero', 'stipendio', 'dire', 'arrivo', 'euro', 'inverno', 'estate', 'avere', 'giorno', 'libero', 'diritto', 'cristiano', 'salario', 'minimo', 'gradire', 'sembrare', 'discorso', 'difficile', 'applicare', 'vedere', 'difficoltà', 'introdurre', 'salario', 'minimo', 'abbattere', 'costo', 'lavoro', 'azienda', 'introdurre', 'controllo', 'serio', 'lavoro', 'aggiornare', 'stipendio', 'fermare', 'anno', 'aumento', 'fuga', 'cervello', 'fare', 'propaganda', 'calo', 'cazzo', 'fare', 'fare', 'figlio', 'stipendio', 'merda', 'anno', 'continuo', 'mondo', 'manco', 'mettere', 'parte', 'guadagno']",26.9951925788713,16.354633209400255,14.752632234012964,16.458575263585107,9.791170257387853,25.570208429251956,22.635993631681956,35.29813187670188,aspettativa
kccikon,38,29,"['analogo', 'estate', 'freddo', 'luogo', 'capire', 'cosa', 'regolare', 'estate', 'fare', 'morire', 'caldo', 'fare', 'freddo', 'inverno', 'fare', 'andare', 'gente', 'fare', 'fare', 'sbaglio', 'dire', 'cosa', 'esagerare', 'venire', 'tenere', 'finestra', 'aperto', 'speranza', 'stare']",11.841282934630529,6.1579171764662295,5.3239660231212484,5.969305849505646,3.8331604306645777,11.265919709851412,9.534078342385735,14.115841436997464,aspettativa
kcchnj7,8,4,"['freddo', 'estate', 'caldo', 'inverno']",2.1223541336347354,0.8280169187451896,0.7306279996274153,0.6044562845443797,0.3440585119945791,1.688621625906748,1.727349818546394,2.0938878823080422,gioia
kccgtpy,6,6,"['lamentare', 'clima', 'palla', 'estate', 'avere', 'caldo']",2.895294546700971,1.5906115734537534,2.0653473877074986,1.6341476740112577,0.820931715028739,2.0591126530522605,2.2001389848623862,2.5729385686010287,gioia
kccfw64,113,85,"['rendere', 'conto', 'stipendio', 'alto', 'parlare', 'euro', 'equivalere', 'lira', 'anno', 'via', 'costo', 'paragone', 'stupido', 'anno', 'operaio', 'auto', 'famiglia', 'casa', 'città', 'casa', 'campagna', 'mare', 'crescere', 'figlio', 'estate', 'famiglia', 'padre', 'stare', 'mese', 'avere', 'stesso', 'vita', 'caso', 'netto', 'mese', 'operaio', 'vedere', 'mese', 'vita', 'fare', 'sbaglio', 'avere', 'capitale', 'primo', 'casa', 'metà', 'doppio', 'stipendio', 'medio', 'vivo', 'provincia', 'partire', 'avere', 'prospettiva', 'arrivare', 'pensione', 'stipendio', 'andare', 'casa', 'auto', 'andare', 'lavorare', 'risparmiare', 'futuro', 'dire', 'fare', 'brutto', 'vita', 'prendere', 'madre', 'euro', 'mese', 'anno', 'spesa', 'manutenzione', 'spesa', 'gestione', 'bolletta', 'alto', 'conto', 'spendere', 'euro', 'casa', 'anno', 'dire']",39.236258613804026,22.487190216363867,17.466738698511644,20.82466059373008,9.623943780532157,37.401150788614004,28.698016512263287,45.93541855996742,aspettativa
kccds0j,63,49,"['estate', 'cameriere', 'famoso', 'paese', 'mese', 'mezzo', 'festa', 'birra', 'durare', 'giorno', 'fare', 'coperto', 'sera', 'serata', 'intenso', 'fare', 'classico', 'lavorare', 'ora', 'sera', 'correre', 'capo', 'riprendere', 'fiato', 'andare', 'bagno', 'insultare', 'cliente', 'cifra', 'euro', 'ora', 'violenza', 'psicologico', 'giorno', 'assenza', 'motivo', 'lavorare', 'sera', 'tirare', 'euro', 'valere', 'metà', 'lavorare', 'vedere', 'ora', 'cagare', 'richiamare', 'anno', 'prossimo']",19.466976165150413,13.650039180094147,11.038495109245707,12.25894030539808,8.288964854067924,15.937005661179011,11.964409251354406,22.12864244777954,aspettativa
kccctqd,41,32,"['lavorare', 'campo', 'potere', 'immaginare', 'persona', 'presentare', 'ultimo', 'trovare', 'avvertire', 'gente', 'pensare', 'presentare', 'ristorante', 'prenotare', 'problema', 'fare', 'perdere', 'imprenditore', 'particolare', 'serata', 'lavorare', 'estate', 'sera', 'coperto', 'fare', 'maggioranza', 'comunicare', 'chiamare', 'staccare', 'faccia', 'sapere', 'incolpare']",14.291625465540257,9.55292779304262,8.608193845284205,9.44376086244561,5.901056752909753,12.582260836145213,11.931594838353451,16.071551451549237,aspettativa
kccas6z,4,2,"['estate', 'estetico']",1.4934545608576104,0.5419179606647342,0.1933860816088968,0.1883240916059581,0.0673579193992565,1.0411273515969928,0.9088875321166852,1.565237812651219,aspettativa
kcc3ry0,48,42,"['giorno', 'albergo', 'stella', 'anno', 'primo', 'lavoro', 'estivo', 'contratto', 'aspettare', 'soldo', 'ricordare', 'roba', 'tipo', 'luglio', 'lavorare', 'settimana', 'giugno', 'considerare', 'prova', 'fine', 'agosto', 'chiamare', 'dire', 'responsabile', 'pagare', 'esperienza', 'impegnare', 'dare', 'inutile', 'dire', 'anno', 'successivo', 'tornare', 'provare', 'stesso', 'estate', 'provare', 'continuare', 'settembre', 'avere', 'scusa', 'scuola']",18.487277454557855,12.088162497528549,8.977449639736852,12.09161213657002,5.778906605929439,18.03888912650229,15.582327311655927,24.419603782113363,aspettativa
kcal7gc,92,68,"['trovare', 'considerare', 'oro', 'normalità', 'regola', 'stipendio', 'base', 'netto', 'oro', 'valere', 'mese', 'contributo', 'lavoro', 'media', 'cosa', 'fastidioso', 'estate', 'capitare', 'settimana', 'fila', 'orario', 'possibile', 'fare', 'mattina', 'stanco', 'libero', 'settimana', 'assicurare', 'caso', 'diventare', 'capire', 'evitare', 'prendere', 'pieno', 'agosto', 'giorno', 'annuale', 'mese', 'contratto', 'venire', 'giorno', 'mese', 'stagione', 'solito', 'periodo', 'ottobre', 'aprile', 'lavoro', 'assumere', 'giornata', 'nero', 'minimo', 'prendere', 'nero', 'culo', 'dire', 'fare', 'avere', 'soldo', 'fare', 'università', 'chiedere', 'soldo', 'manco', 'mese', 'trattare', 'lavoro', 'sano']",25.425098743536317,15.078252269790973,11.806507841531845,13.705358911998097,8.076333197384173,23.627313070294747,19.408210412882802,34.43413559377466,aspettativa
kcakx23,105,89,"['domanda', 'difficile', 'rispondere', 'dipendere', 'gusto', 'professione', 'esempio', 'vivere', 'vita', 'alto', 'persona', 'attento', 'sicurezza', 'inverno', 'rigido', 'vivere', 'conoscere', 'volta', 'anno', 'avere', 'parente', 'inverno', 'super', 'piacevole', 'estate', 'giorno', 'migliore', 'avere', 'stipendio', 'buono', 'costo', 'vita', 'ragionevole', 'persona', 'chiedere', 'americano', 'dire', 'causa', 'mancanza', 'cultura', 'posto', 'piacere', 'visitare', 'piacere', 'vivere', 'bisognare', 'buono', 'lavoro', 'costo', 'vita', 'alto', 'esempio', 'collega', 'sposare', 'avere', 'figlio', 'ricevere', 'offerta', 'lavoro', 'buono', 'pagare', 'dollaro', 'affitto', 'casa', 'situare', 'classe', 'medio', 'alto', 'motivo', 'costoso', 'avere', 'scuola', 'pubblico', 'punto', 'negativo', 'atteggiamento', 'chiuso', 'solitario', 'svizzero', 'mercato', 'immobiliare', 'modo', 'affitto', 'codice', 'strada', 'rigido', 'riguardare', 'eccesso', 'velocità']",40.874489927432464,22.742672718433653,19.94062324342464,25.08504405233336,13.547727369821216,39.567600510840016,33.55304704207765,49.62410489863529,aspettativa
kcakmmc,105,79,"['carino', 'persona', 'famiglia', 'genitore', 'avere', 'cane', 'mancare', 'esperienza', 'provare', 'momento', 'stesso', 'vedere', 'festa', 'caso', 'sentire', 'mese', 'pensare', 'povero', 'pensare', 'inizio', 'guardare', 'cosa', 'sbagliare', 'primo', 'mese', 'invitare', 'casa', 'disco', 'giorno', 'stare', 'casa', 'giusto', 'milione', 'piano', 'giusto', 'quadro', 'pittore', 'trovare', 'museo', 'mettere', 'tenere', 'relazione', 'serio', 'vedere', 'tornare', 'master', 'stare', 'coglione', 'mese', 'pronto', 'distanza', 'mollare', 'mese', 'grado', 'gestire', 'distanza', 'evitare', 'tornare', 'estate', 'mandare', 'fanculo', 'ringraziare', 'vivere', 'fantastico', 'fare', 'vivere', 'esperienza', 'persona', 'fare', 'sentire', 'amare', 'famiglia', 'super', 'complicare', 'interno', 'avere', 'valere', 'soldo', 'avere']",40.15513840325072,23.344130841261396,19.133606710853844,22.871946966527446,12.475411338313345,39.021606780546215,31.086734370819677,44.17574065331241,aspettativa
kca72af,20,17,"['estate', 'variabile', 'orario', 'chiusura', 'sera', 'contratto', 'giorno', 'pausa', 'meno', 'andare', 'settimana', 'agosto', 'lavorare', 'fisso', 'giorno', 'saltare', 'volere']",7.270756722383731,4.687437388588451,3.5209191189317837,4.349228609928054,1.614232404098586,5.839496463260456,4.188930497411704,8.00266707946314,aspettativa
kc9y91w,15,12,"['estate', 'primo', 'volta', 'elettrico', 'avere', 'pelo', 'iniziare', 'fastidio', 'ritrovare', 'mutanda', 'sudare', 'fare']",5.584663285249382,2.3091280181655685,2.6915634673600306,2.6142033480216287,2.435163406919927,4.29321893042966,4.179843817320017,5.808976413031479,aspettativa
kc9y1cy,68,58,"['mese', 'mezzo', 'estate', 'giorno', 'riposo', 'massimo', 'durata', 'contratto', 'fare', 'cameriere', 'vita', 'sala', 'eccezione', 'proprietario', 'prendere', 'flemma', 'dire', 'mezzo', 'mattina', 'sala', 'cesso', 'comprendere', 'andare', 'ultimo', 'cliente', 'sera', 'lavoro', 'totale', 'ora', 'pausa', 'mattina', 'fare', 'pranzo', 'paio', 'ora', 'andare', 'pausa', 'pomeriggio', 'comprendere', 'cena', 'mese', 'totale', 'pagare', 'tasca', 'mano', 'vecchio', 'mandare', 'fare', 'culo', 'interlocutore', 'parte', 'grazie', 'fine', 'stagione', 'aprire', 'capo', 'volere', 'parte']",23.338589249116414,13.142954610063988,10.359582249483955,12.086058274882351,6.802543255350281,20.823316336885217,17.183732748409057,27.283461282396804,aspettativa
kc9wkok,50,38,"['contare', 'anno', 'anno', 'distanza', 'problema', 'principale', 'gestire', 'sudore', 'bere', 'venire', 'bere', 'inizio', 'fare', 'fatica', 'avere', 'serio', 'problema', 'recuperare', 'estate', 'cercare', 'evitare', 'distanza', 'chilometro', 'montagna', 'fresco', 'passo', 'piano', 'chilometro', 'chilometro', 'gara', 'sapere', 'dire', 'distanza', 'pensare', 'riuscire', 'correre', 'andare', 'chilometro']",15.39636703255911,9.770516276708554,8.813663682252676,11.99442734561362,5.675034487039087,16.789748411001273,11.066672287368577,18.20333296834128,aspettativa
kc9ifil,43,31,"['esperienza', 'personale', 'zona', 'toscano', 'primo', 'esperienza', 'nero', 'primo', 'stagione', 'stagione', 'altro', 'posto', 'ora', 'accordo', 'mese', 'media', 'mese', 'lavorare', 'stesso', 'servizio', 'settimana', 'sabato', 'domenica', 'servizio', 'orario', 'solito', 'eccezione', 'lavoro', 'estate', 'studente', 'universitario']",13.461343299923705,7.183138297021287,4.682580729180948,5.98805467377855,3.0086205181576084,10.62188346028743,9.369609901252629,16.597277747405954,aspettativa
kc9fixe,36,34,"['piccolo', 'ristorante', 'fine', 'settimana', 'autunno', 'primavera', 'giorno', 'luglio', 'agosto', 'servizio', 'chiusura', 'estate', 'doppio', 'turno', 'necessità', 'lavorare', 'anno', 'lamento', 'considerare', 'sapere', 'fare', 'riguardo', 'imparare', 'primo', 'anno', 'prendere', 'fare', 'scalare', 'tempo', 'ragazzo', 'conoscere', 'prendere', 'stesso', 'lamentare']",13.920612831705755,8.495372794663599,5.762555200410144,6.829401792746066,3.2853113477838605,12.817065391661696,10.375036864151275,16.860914857634377,aspettativa
kc9cw9e,15,14,"['estate', 'fare', 'corso', 'andare', 'possibile', 'tramonto', 'morire', 'caldo', 'momento', 'seguire', 'piano', 'metà', 'dire', 'interessante']",6.5641341048278505,3.455613403220324,2.687486863008234,3.2540141079683065,1.700844674982251,6.029482503159592,5.598789377763811,7.714610643745908,aspettativa
kc96sje,28,23,"['lavorare', 'paio', 'anno', 'ristorante', 'paese', 'estate', 'arrivare', 'coperto', 'sera', 'grande', 'anno', 'esperienza', 'orario', 'chiusura', 'guadagnare', 'euro', 'mese', 'zona', 'centro', 'valere', 'pena', 'cambiare', 'settore']",9.162588298528592,6.041242754653394,3.7343756455643513,5.607826443237388,2.800583434017587,8.725256316200802,7.036531673324041,12.125885150728212,aspettativa
kc920l0,93,76,"['palo', 'terzo', 'amico', 'conoscere', 'ragazza', 'avere', 'colpo', 'fulmine', 'sapere', 'lasciare', 'stare', 'chiedere', 'amico', 'informatica', 'parlare', 'uscire', 'passare', 'estate', 'sentimento', 'scoprire', 'tempo', 'frequentare', 'ragazzo', 'fatto', 'stare', 'fine', 'festa', 'bere', 'ubriaco', 'dire', 'dire', 'considerare', 'migliore', 'amico', 'settimana', 'sentito', 'palo', 'compleanno', 'casa', 'amica', 'conoscere', 'ragazza', 'sera', 'vedere', 'restare', 'dormire', 'persona', 'scusa', 'letto', 'matrimoniale', 'pieno', 'dormire', 'sera', 'giorno', 'scrivere', 'settimana', 'buono', 'riuscire', 'uscire', 'andare', 'invitare', 'cenare', 'casa', 'sera', 'nuovo', 'pronto', 'piacere', 'anticipare', 'dire', 'fidanzato', 'resto', 'storia', 'scrivere', 'sembrare', 'opera', 'finire']",41.79394364970743,19.92933709113273,14.723807031775625,19.526089095064886,8.29412388586014,35.43603972147742,30.0935438410917,42.58009580389472,aspettativa
kc8ra64,11,7,"['centro', 'ultimo', 'volta', 'vedere', 'birra', 'scorso', 'estate']",3.364759317977059,1.8349892325556498,1.5543700856257145,1.1066371993159803,0.8664983089785844,2.3484348146225744,1.8921557274948864,2.551450693723589,gioia
kc8pvn1,49,37,"['rendere', 'conto', 'stipendio', 'alto', 'parlare', 'euro', 'equivalere', 'lira', 'anno', 'via', 'costo', 'paragone', 'stupido', 'anno', 'operaio', 'auto', 'famiglia', 'casa', 'città', 'casa', 'campagna', 'mare', 'crescere', 'figlio', 'estate', 'famiglia', 'padre', 'stare', 'mese', 'avere', 'stesso', 'vita', 'caso', 'netto', 'mese', 'operaio', 'vedere']",17.847830016202913,10.430153983016877,8.160098517366256,8.748303504559392,4.044218281886974,16.19520203661933,12.251261096670957,19.965268667757005,aspettativa
kc8pawk,142,106,"['tornare', 'rendere', 'professione', 'studio', 'vedere', 'considerare', 'sacrificare', 'convenire', 'fare', 'cameriere', 'visione', 'cosa', 'prospettiva', 'infermiere', 'prendere', 'cameriere', 'certo', 'livello', 'anzianità', 'vero', 'ultimo', 'anno', 'infermiere', 'lavoro', 'dipendere', 'struttura', 'struttura', 'infermiere', 'trovare', 'lavoro', 'avere', 'certezza', 'posto', 'anno', 'lavoro', 'paragonabile', 'cameriere', 'cuoco', 'lavorare', 'poco', 'anno', 'sapere', 'lavoro', 'esistere', 'festa', 'fine', 'settimana', 'correre', 'ora', 'giorno', 'portare', 'piatto', 'sudare', 'estate', 'avere', 'manco', 'tempo', 'acqua', 'orario', 'improponibile', 'ambiente', 'tossico', 'dire', 'anno', 'lavorare', 'fare', 'possibile', 'cameriere', 'caviglia', 'lasciare', 'incapace', 'camminare', 'settimana', 'laurea', 'sanitario', 'migliore', 'tanto', 'fare', 'turno', 'condizione', 'giorno', 'peggiore', 'lavoro', 'avvicinare', 'peggiore', 'giorno', 'ristorante', 'avere', 'tempo', 'bere', 'acqua', 'lavorare', 'giorno', 'forno', 'schiena', 'scaricare', 'trasportare', 'piatto', 'correre', 'giorno', 'lavorare', 'pensare', 'lavorare', 'sanità', 'escludere', 'dispiacere']",40.67433625431725,35.547805711529946,27.122992412451573,28.590190443843515,17.065146361757968,40.01974018246043,28.631270857111918,53.00986508909007,aspettativa
kc8lrgh,49,41,"['vita', 'famiglia', 'avere', 'casa', 'estate', 'potere', 'avere', 'anno', 'avere', 'vicino', 'lasciare', 'figlio', 'prendere', 'simpatia', 'sera', 'famiglia', 'amico', 'ristorante', 'caso', 'volere', 'stesso', 'momento', 'solo', 'tacco', 'riconoscere', 'battuta', 'chiedere', 'amico', 'casa', 'chiedere', 'minuto', 'epoca', 'dire', 'volere', 'figlio', 'arrivare', 'casa', 'fare', 'sapere', 'bocca', 'dimenticare']",23.24471639948747,12.280666016310937,10.609016234547441,12.013858305664058,5.437051647032071,19.794942549792992,16.518275483045894,22.70619696084009,gioia
kc88mke,7,6,"['avere', 'fidanzato', 'italiano', 'estate', 'fare', 'settimana']",2.960706497639745,0.7493782107898626,0.7785161043833974,0.9881809588897948,0.4079130755043877,3.0693790445413063,1.8343144266466505,3.7335723373522933,aspettativa
kc85yu7,17,7,"['estate', 'servizio', 'giorno', 'americano', 'giovane', 'cameriere', 'insostenibile']",2.4863595751188234,1.9557473970543258,1.9963092622416427,1.5965416247560578,1.0900324113097841,2.337152322978828,2.221049663839151,3.0095834717077796,aspettativa
kc7z6ao,13,11,"['estate', 'prendere', 'palo', 'ragazza', 'fidanzato', 'sapere', 'avere', 'speranza', 'stare', 'palo', 'stare']",5.554973338105707,2.106807069800394,1.8196767895432537,1.7186445376162909,0.7838671746000925,5.0395644191494045,3.746938107568247,5.6874966416864625,aspettativa
kc7xerc,32,24,"['dipendere', 'luogo', 'ristorante', 'lavorare', 'cameriere', 'piccolo', 'ristorante', 'medio', 'alto', 'livello', 'paese', 'paga', 'puntuale', 'anticipo', 'ricordare', 'mese', 'estate', 'conto', 'rarità', 'mondo', 'media', 'aggirare', 'parlare', 'anno']",9.555629658564143,6.581421497882021,4.993146659495495,5.617600156630655,3.533662337800935,7.778848180290213,8.97050878321158,11.836598060625162,aspettativa
kc7ve31,45,33,"['anno', 'base', 'euro', 'mese', 'includere', 'ricordare', 'dovere', 'fine', 'scoprire', 'fine', 'contratto', 'rubare', 'andare', 'euro', 'mese', 'offendere', 'cliente', 'lavoro', 'estate', 'odioso', 'inverno', 'lento', 'dare', 'orario', 'chiusura', 'serio', 'capitare', 'giornata', 'sano', 'tavolo', 'arrivare', 'mezzanotte', 'chiudere']",11.60548780846875,10.767709277736135,8.89070706751019,9.80176074591713,5.878946970392309,11.116913451609463,11.33110057819322,14.36635468185809,aspettativa
kc7uaep,32,29,"['dipendere', 'zona', 'capire', 'lavorare', 'anno', 'stesso', 'posto', 'cambiare', 'lavoro', 'giorno', 'giugno', 'settembre', 'ora', 'giorno', 'estate', 'inverno', 'prendere', 'giorno', 'ora', 'lavorativo', 'stare', 'discorso', 'nero', 'netto', 'prendere', 'busta', 'resto', 'nero', 'andare']",10.55335514846753,8.191324673291168,5.308667685027617,7.235098836429814,3.636406181113899,10.596438271603775,7.635786632692257,13.942944030037209,aspettativa
kc7q8x0,32,28,"['anno', 'contratto', 'primo', 'mese', 'euro', 'giornata', 'inverno', 'estate', 'proprietario', 'anziano', 'iniziare', 'iniziare', 'proporre', 'ridere', 'giro', 'andare', 'altro', 'giro', 'tavolo', 'grande', 'pagamento', 'contante', 'ricevuta', 'euro', 'serata', 'dire', 'giorno', 'mese']",12.539780249126965,5.537945743884341,4.199279972416654,6.5560898168197355,3.0377259649177466,11.684710655170115,9.366580003029506,15.361480744583506,aspettativa
kc7l9yt,13,12,"['ristorante', 'aperto', 'estate', 'servizio', 'tavolo', 'settimanale', 'giorno', 'sabato', 'mercoledì', 'orario', 'notte', 'paga']",4.831366783232349,1.9422399311326475,1.19890644538771,1.7308216913326173,0.7922361451515132,4.125437468234616,3.20271560784913,5.752608825451699,aspettativa
kc7i8xu,518,427,"['madre', 'continuare', 'rimanere', 'zitto', 'annuire', 'volere', 'problema', 'madre', 'tipo', 'persona', 'fare', 'domanda', 'aggredire', 'passare', 'nervoso', 'arrabbiato', 'dialogo', 'casa', 'esistere', 'offesa', 'cercare', 'guaio', 'dire', 'padre', 'chiedere', 'parlare', 'avere', 'sguardo', 'impaurito', 'credere', 'cosa', 'dire', 'litigio', 'parlare', 'parlare', 'volere', 'accordo', 'fare', 'rispettare', 'genitore', 'vita', 'sociale', 'offesa', 'andare', 'cosa', 'stesso', 'detto', 'anno', 'fare', 'scenata', 'pianto', 'andare', 'compleanno', 'compagna', 'classe', 'aggiungere', 'madre', 'mezzogiorno', 'amica', 'offesa', 'riempire', 'andare', 'piacere', 'dire', 'risultato', 'finito', 'superiore', 'uscita', 'volta', 'amica', 'estate', 'scusa', 'fratello', 'odiare', 'dire', 'avere', 'legame', 'emotivo', 'materiale', 'passare', 'insulto', 'uscire', 'volta', 'settimana', 'padre', 'tanto', 'saltare', 'scusa', 'uscire', 'volere', 'dire', 'andare', 'baciare', 'maschio', 'giro', 'cosa', 'vero', 'città', 'conoscere', 'voce', 'sapere', 'ragazza', 'tranquillo', 'cercare', 'guaio', 'buono', 'bullismo', 'elementare', 'medio', 'risposta', 'capo', 'ribelle', 'parlare', 'sentito', 'libero', 'genitore', 'avere', 'anno', 'avere', 'esperienza', 'lavorativo', 'dare', 'aprire', 'attività', 'nome', 'lavorare', 'prendere', 'soldo', 'stare', 'casa', 'giorno', 'fare', 'casalinga', 'mese', 'volta', 'venire', 'anno', 'chiedere', 'andare', 'rispondere', 'dire', 'vedere', 'coraggio', 'dire', 'genitore', 'fare', 'uscire', 'casa', 'treno', 'solo', 'prendere', 'sentire', 'bisogno', 'relazione', 'fingere', 'stare', 'stare', 'padre', 'dire', 'avere', 'relazione', 'servire', 'perdita', 'tempo', 'madre', 'rispondere', 'dire', 'fare', 'stare', 'persona', 'conoscere', 'dire', 'bastare', 'scusa', 'sfogo', 'arrivare', 'mettere', 'storia', 'sintesi', 'avere', 'emotivo', 'rendere', 'conto', 'paura', 'mettere', 'inutile', 'primo', 'avere', 'paura', 'padre', 'vivo', 'paura', 'prossimo', 'mossa', 'mettere', 'mano', 'volere', 'vedere', 'mettere', 'angolo', 'imprevedibile', 'classico', 'uomo', 'insicuro', 'controllare', 'emozione', 'rumore', 'chiave', 'entrare', 'casa', 'avere', 'paura', 'dire', 'sbagliato', 'paura', 'aggredire', 'primo', 'anno', 'università', 'studiare', 'avere', 'nodo', 'gola', 'ansia', 'ansia', 'studiare', 'andare', 'estero', 'opportunità', 'lavorativo', 'tenere', 'duro', 'stancare', 'vivere', 'fare', 'contattare', 'vecchio', 'contatto', 'scuola', 'occupare', 'lavoro', 'simile', 'scrivere', 'dire', 'aiuto', 'avere', 'paura', 'padre', 'fare', 'paura', 'modo', 'fuggire', 'volere', 'sapere', 'fare', 'spalla', 'genitore', 'anno', 'coinvolgere', 'servizio', 'sociale', 'rintracciare', 'messaggio', 'telefono', 'azzurro', 'andare', 'appuntamento', 'accompagnare', 'negare', 'dire', 'amico', 'fare', 'paura', 'parlare', 'sacco', 'storia', 'brutto', 'persona', 'comunità', 'avere', 'paura', 'finire', 'scuola', 'terzo', 'medio', 'avere', 'diploma', 'professionale', 'socio', 'sanitario', 'vita', 'vivere', 'continuare', 'studiare', 'impossibile', 'tirare', 'sospiro', 'tranquillità', 'vivo', 'aspettare', 'peggio', 'estate', 'luglio', 'lanciare', 'muro', 'cellulare', 'fratello', 'riempire', 'stomaco', 'mamma', 'sentire', 'urlo', 'spavento', 'camera', 'incubo', 'dormire', 'giorno', 'petto', 'costante', 'giorno', 'difendere', 'fratello', 'minacciare', 'avere', 'madre', 'tagliare', 'venire', 'polizia', 'madre', 'frase', 'sapere', 'dire', 'padre', 'fare', 'motivo', 'aggredire', 'fratello', 'letto', 'volta', 'dire', 'giorno', 'capire', 'padre', 'uomo', 'pericoloso', 'santo', 'muro', 'casa', 'difendere', 'ragazzo', 'aggredire', 'tipo', 'mezzo', 'strada', 'fermare', 'macchina', 'vedere', 'avere', 'pieno', 'famiglia', 'arrivo', 'cosa', 'fare', 'tanto', 'anno', 'libro', 'dare', 'idea', 'aggiungere', 'riguardo', 'test', 'scioccare', 'risposta', 'padre', 'telefono', 'dire', 'cosa', 'medico', 'vedere', 'sospetto', 'madre', 'capire', 'tipo', 'persona', 'parente', 'avere', 'inventare', 'donna', 'fidare', 'marito', 'figlio', 'giustificare', 'paura', 'argomento', 'genitore', 'nascosto', 'fare', 'visita', 'medico', 'spiegare', 'vedere', 'padre', 'fare', 'test', 'padre', 'fregare', 'rendere', 'conto', 'volere', 'sentire', 'vuoto', 'madre', 'grande', 'pena', 'affetto', 'sentire', 'crescere', 'vario', 'mamma', 'avere', 'ricordo', 'portare', 'lavoro', 'padre', 'riempire', 'giocattolo', 'risata']",182.42473082669596,120.55504692627927,113.11191629964253,132.64252579485168,66.23885888703335,180.83038818993387,151.9948028789865,208.18968568804382,aspettativa
kc7d5ed,14,11,"['pieno', 'portare', 'prendere', 'custode', 'presente', 'via', 'vivere', 'estate', 'fare', 'conto', 'terzo']",4.263698187974102,2.0792462037913597,1.724778862607775,2.5863164264886747,0.8205774394626103,4.964883949895043,3.62674070727311,5.885564303969728,aspettativa
kc61zux,34,26,"['consigliere', 'fare', 'trovare', 'corsa', 'passo', 'normale', 'passo', 'poco', 'inizio', 'tranquillità', 'avere', 'conoscere', 'persona', 'andare', 'camminare', 'trovare', 'conto', 'iniziare', 'smettere', 'problema', 'cardiaco', 'estate', 'sicuro', 'riuscire', 'correre', 'minuto']",12.61675533704373,5.381859165972732,5.290657245400032,8.114762935403437,2.298858920120266,13.159569157610036,9.933364923795896,14.65126835181349,aspettativa
kc5hp4l,30,23,"['portare', 'corsa', 'anno', 'cominciare', 'personale', 'arrivare', 'estate', 'correre', 'chilometro', 'chilometro', 'agosto', 'comprare', 'correre', 'primo', 'correre', 'scorso', 'settimana', 'anno', 'mese', 'intenso', 'servire', 'bello', 'disciplina']",12.242815386195014,5.268892719442135,5.5240645868214475,6.174332532324466,2.6057594313369816,9.319146316753558,8.347715943223216,13.025874382368585,aspettativa
kc4v0d6,46,35,"['estate', 'ricominciare', 'correre', 'anno', 'giocare', 'calcio', 'anno', 'fatto', 'dire', 'uscire', 'fratello', 'anno', 'piccolo', 'metro', 'avere', 'continuare', 'correre', 'settimana', 'successivo', 'corsa', 'tornare', 'riconoscere', 'corpo', 'fare', 'ora', 'chilometro', 'tanto', 'preferire', 'raggiungere', 'distanza', 'ampio', 'piacevole', 'personale', 'opinione', 'uscita']",16.704817845610563,7.199244644001881,6.646928574325194,8.701398660121367,3.689099475375475,14.522839688376122,12.258331399238962,18.401302026111676,aspettativa
kc4uir4,5,5,"['volta', 'settimana', 'volta', 'primavera', 'autunno']",2.2103352115270187,1.2796357322991039,0.7658799276785563,0.6957612992281221,0.3539513632464522,1.6849913632274764,1.034809553274782,2.052769493904248,gioia
kc4gal8,19,16,"['seguire', 'estate', 'portare', 'finire', 'avere', 'tempo', 'correre', 'prossimo', 'blocco', 'avere', 'intenzione', 'vedere', 'rimettere', 'poco', 'chilometro', 'piede']",5.528199385008029,3.8166433394782495,3.625346948663234,4.458185750796728,2.1235847536888994,6.101203317291862,4.697082959746942,7.319906922299039,aspettativa
kc3c226,120,102,"['dire', 'odiare', 'protesta', 'infantile', 'specificare', 'criticare', 'legittimo', 'naturale', 'provare', 'fastidio', 'bloccare', 'macchina', 'pensare', 'traffico', 'solito', 'vedere', 'statua', 'dipingere', 'giallo', 'maturo', 'ricordare', 'pianeta', 'bruciare', 'ragione', 'investimento', 'avere', 'senso', 'realistico', 'cosa', 'fare', 'futuro', 'estate', 'grado', 'spiegare', 'favore', 'partecipare', 'riunione', 'porre', 'domanda', 'metodo', 'fermare', 'traffico', 'piacere', 'rispondere', 'memoria', 'perfetto', 'protesta', 'bene', 'male', 'fare', 'attirare', 'attenzione', 'possibile', 'problema', 'fare', 'parlare', 'problema', 'possibile', 'vero', 'parte', 'cittadino', 'capire', 'avere', 'capacità', 'andare', 'odiare', 'altro', 'parte', 'ispirare', 'vedere', 'persona', 'lottare', 'unire', 'causa', 'persona', 'bloccare', 'auto', 'convertire', 'grazie', 'martirio', 'ragazzo', 'poco', 'numero', 'cosa', 'concreto', 'fare', 'campagna', 'realtà', 'palla', 'dare', 'vedere', 'nervosismo', 'provocazione', 'risposta', 'pronto', 'cambiare', 'idea', 'domanda', 'utilità', 'efficacia', 'opinione', 'importare']",39.539737651414136,24.285099046237086,28.487682885363345,29.84899456878495,17.710756857884245,40.56653135651242,33.121603681528065,48.78853886856944,aspettativa
kc31ln4,36,25,"['scusa', 'indiano', 'vero', 'tratto', 'tipico', 'portare', 'poco', 'fare', 'rete', 'elettrico', 'locale', 'bastare', 'grande', 'piscina', 'domestico', 'famiglia', 'tenere', 'povero', 'congelare', 'inverno', 'estate', 'ideale', 'candidare', 'parlare', 'sindaco']",9.499792366430349,5.584831216884822,4.68818230194133,4.315173955828862,2.4300661273692996,10.688685389751381,6.710834337933904,12.289695794328518,aspettativa
kc2qa3s,17,14,"['parlare', 'parlare', 'fare', 'idiota', 'scappare', 'pericolo', 'soluzione', 'migliore', 'chiaro', 'cielo', 'estate', 'modalità', 'reazione', 'fare']",5.9252497354355835,3.068981092212495,3.3712570752638698,3.8701607661846995,1.8771336763145343,5.3677182292215,4.748615811838687,5.968289865851891,aspettativa
kc2plox,29,27,"['cibo', 'pagare', 'caro', 'altro', 'posto', 'mangiare', 'clima', 'fare', 'pena', 'effetto', 'parlare', 'buono', 'clima', 'mediterraneo', 'italiano', 'pensare', 'terzo', 'popolazione', 'italiano', 'vivere', 'pianura', 'estate', 'freddo', 'umido', 'inverno', 'aria', 'pulito']",12.739372406656328,7.640192456515771,6.197552963803418,5.388716059326991,4.033524551989339,9.443707461807325,8.473973054065329,11.915992365142763,gioia
kc1vpyw,48,38,"['energia', 'solare', 'fonte', 'notte', 'solare', 'giorno', 'nuvola', 'spiegare', 'fare', 'funzionare', 'paese', 'fonte', 'energetico', 'simile', 'solare', 'andare', 'riscaldare', 'acqua', 'uso', 'domestico', 'andare', 'fare', 'funzionare', 'estate', 'fare', 'funzionare', 'solare', 'fare', 'funzionare', 'paese', 'maniera', 'incidere', 'negativo', 'cambiamento', 'climatico', 'servire', 'centrale', 'nucleare']",19.853311730089956,6.6440056861926635,6.034987065968353,7.777336246340962,3.5132424009396557,18.534563554226462,13.24325520945286,19.154542682522152,gioia
kc1g27q,90,76,"['piccola', 'esperienza', 'personale', 'estate', 'andare', 'poco', 'amico', 'casa', 'stupendo', 'mare', 'città', 'carino', 'arrivare', 'momento', 'cibo', 'giorno', 'mangiare', 'cibo', 'italiano', 'gruppo', 'classico', 'meridionale', 'medio', 'pensare', 'avere', 'cibo', 'migliore', 'cucinare', 'volta', 'mangiare', 'posto', 'turista', 'risposta', 'cibo', 'italiano', 'buono', 'buono', 'cucina', 'italiano', 'piatto', 'migliore', 'resto', 'altezza', 'italiano', 'capire', 'cultura', 'altro', 'paese', 'straniero', 'cucina', 'italiano', 'base', 'fare', 'cagare', 'cazzo', 'meridionale', 'sapere', 'fare', 'pasta', 'pomodoro', 'uscire', 'salato', 'acido', 'migliore', 'cuoco', 'gruppo', 'cucinare', 'cosa', 'importante', 'pizza', 'piacere', 'dolce', 'stare', 'dio', 'prosciutto', 'parte']",42.664275706743545,14.81103489019042,13.066306055367564,12.975505611265698,10.184665605098672,31.100416833607312,26.752792387910436,39.9096974621554,gioia
kbzzlvp,6,5,"['casa', 'avere', 'aria', 'estate', 'lavoro']",3.719642719233178,1.4982405393159035,1.204984339533161,1.337222717615436,0.7863114932970321,2.761534996595226,2.209283658537786,3.108614885760725,gioia
kbzwov2,173,132,"['dire', 'servire', 'sembrare', 'affermazione', 'forte', 'momento', 'fare', 'persona', 'livello', 'informatico', 'ammesso', 'concedere', 'attacco', 'purtroppo', 'valere', 'volta', 'attaccare', 'sistema', 'diventare', 'genere', 'sofisticato', 'successo', 'possibile', 'imprenditore', 'guardare', 'spendere', 'guadagnare', 'passare', 'attaccare', 'persona', 'attacco', 'maniera', 'fatto', 'sperare', 'legge', 'grande', 'numero', 'altro', 'strumento', 'attacco', 'andare', 'buono', 'fine', 'azienda', 'contare', 'fare', 'soldo', 'attaccare', 'privato', 'amico', 'passare', 'attaccare', 'persona', 'vario', 'presente', 'abitudine', 'arrivare', 'attacco', 'ricerca', 'messaggio', 'arrivare', 'amico', 'tempo', 'guardare', 'tempo', 'web', 'ultimo', 'tipo', 'attacco', 'frequente', 'integrazione', 'sistema', 'esistente', 'dire', 'avere', 'automobile', 'fantastico', 'comprare', 'estate', 'andare', 'arrivare', 'neve', 'cambiare', 'condizione', 'tipo', 'attacco', 'toccare', 'mettere', 'catena', 'stare', 'tranquillo', 'mantenere', 'parcheggio', 'fare', 'stare', 'tranquillo', 'neve', 'tipico', 'dipendente', 'rompere', 'cazzo', 'vecchio', 'mattina', 'arrivare', 'riguardare', 'fantastico', 'robot', 'cucina', 'volere', 'regalare', 'moglie', 'indovino', 'super', 'sconto', 'cliccare', 'link', 'chiamare', 'dipendente', 'mettere', 'accedere', 'finto', 'avere', 'stesso', 'usare', 'resto', 'aziendale', 'facile', 'nome', 'cognome', 'fare', 'cazzo', 'parere']",54.65691840826301,30.654262884839035,32.068549456110844,38.124318858157174,20.72569713582504,53.60869356130247,50.086610292788876,65.81257881034338,aspettativa
kbzvb98,45,38,"['postare', 'foto', 'internet', 'tipo', 'domanda', 'generico', 'consiglio', 'post', 'originale', 'dire', 'provare', 'fare', 'palestra', 'situazione', 'provare', 'perdere', 'peso', 'asciutto', 'dire', 'spalla', 'sembrare', 'normale', 'inverno', 'mettere', 'sostanza', 'dire', 'avere', 'pancia', 'mettere', 'inverno', 'mettere', 'massa', 'generale', 'inverno', 'asciutto', 'estate', 'parte', 'corpo']",13.49385153054962,9.013866425350542,7.390615841496365,9.702647982665157,5.942386787581321,13.987344769734214,14.06098070717486,19.767519081251567,aspettativa
kbycc6y,34,24,"['confermare', 'storia', 'pieno', 'storia', 'creare', 'terreno', 'vero', 'problema', 'isola', 'lento', 'conversione', 'casa', 'seconda', 'casa', 'andare', 'passo', 'sapere', 'concetto', 'sorta', 'villaggio', 'turistico', 'pieno', 'estate', 'inverno']",10.59261338680914,5.860420336277662,4.790183968318041,4.591829787380823,2.265828548222268,9.225204920394308,8.505480480980635,10.49829457097302,gioia
kbxoge3,176,149,"['bellissima', 'domanda', 'priorità', 'famiglia', 'lavoro', 'fare', 'ossessione', 'dare', 'ora', 'passare', 'moglie', 'figlio', 'passare', 'anno', 'lavoro', 'giusto', 'fare', 'anno', 'casa', 'abituare', 'anno', 'lavorare', 'estate', 'indipendente', 'continuare', 'studio', 'città', 'portafoglio', 'continuare', 'lavorare', 'mano', 'completare', 'studio', 'cambiare', 'lavoro', 'occasione', 'conoscenza', 'mancare', 'lavoro', 'dare', 'soddisfazione', 'trovare', 'gioia', 'legare', 'contesto', 'componente', 'sociale', 'lavoro', 'conoscere', 'persona', 'lavorare', 'riuscire', 'maniera', 'discreto', 'fare', 'carriera', 'arrivare', 'guadagnare', 'cambiare', 'prospettiva', 'mondo', 'incontro', 'amore', 'vita', 'sposare', 'pochissimo', 'tempo', 'mettere', 'famiglia', 'fondo', 'cuore', 'sapere', 'uomo', 'famiglia', 'grande', 'desiderio', 'avere', 'tempo', 'amare', 'vedere', 'crescere', 'bimbo', 'partecipare', 'regalare', 'porto', 'esperienza', 'saggezza', 'accumulare', 'tempo', 'giocare', 'ridere', 'scherzare', 'parlare', 'imparare', 'soldo', 'fare', 'felicità', 'lavoro', 'fare', 'felicità', 'relazione', 'sociale', 'felicità', 'stare', 'cuore', 'ridimensionare', 'impegno', 'lavorativo', 'moglie', 'guadagnare', 'impegno', 'livello', 'tempo', 'trovare', 'grazie', 'guadagno', 'giusto', 'supportare', 'famiglia', 'avere', 'tempo', 'desiderare', 'trasferire', 'bello', 'provincia', 'gente', 'sereno', 'bambino', 'giocare', 'strada', 'problema', 'servire', 'portata', 'mano', 'farmacia', 'scuola', 'medico', 'bellissimo', 'sentiero', 'bosco', 'favore', 'unico', 'cambiamento', 'lavorativo', 'futuro', 'accettabile', 'permettere', 'tempo', 'famiglia']",81.62802735356635,40.11721939417575,28.66660516993189,38.771020785295654,16.478229910951306,75.34768526141974,58.30568260702284,88.66411036424724,aspettativa
kbw8kw4,361,284,"['combattere', 'tempo', 'catturare', 'americano', 'conservare', 'ottimo', 'ricordo', 'imparare', 'inglese', 'lavorare', 'ricevere', 'piccolo', 'stipendio', 'permettere', 'girare', 'parente', 'parente', 'assumere', 'responsabilità', 'uscire', 'giorno', 'libero', 'americano', 'parente', 'mostrare', 'città', 'prigioniero', 'italiano', 'coppia', 'fare', 'creare', 'ottimo', 'rapporto', 'guerra', 'dispiacere', 'stipendio', 'altro', 'prigioniero', 'dare', 'italiano', 'occupare', 'distribuire', 'soldato', 'stipendio', 'cavolo', 'fare', 'soldo', 'mancanza', 'americano', 'altro', 'combattere', 'avere', 'esperienza', 'impegnativo', 'dire', 'particolare', 'catturare', 'soldato', 'ricordare', 'teoria', 'fare', 'pena', 'lasciare', 'andare', 'tempo', 'soldato', 'catturare', 'stare', 'uccidere', 'catturare', 'soldato', 'salvare', 'fare', 'modo', 'risparmiare', 'catturare', 'inglese', 'aria', 'amicizia', 'americano', 'passare', 'moglie', 'andare', 'fronte', 'avere', 'storia', 'avere', 'marito', 'fronte', 'fratello', 'fronte', 'greco', 'russo', 'sbagliare', 'vario', 'treno', 'prigioniero', 'italiano', 'ricordare', 'circostanza', 'amico', 'andare', 'stazione', 'fascista', 'nazista', 'ricordare', 'liberare', 'soldato', 'sperare', 'trovare', 'marito', 'fratello', 'marito', 'tornare', 'fratello', 'paio', 'volta', 'vedere', 'brutto', 'maniera', 'riuscire', 'pietà', 'fatto', 'avere', 'marito', 'fronte', 'figlio', 'anno', 'carico', 'raccontare', 'ebreo', 'cognome', 'scambiare', 'ebreo', 'grande', 'fatica', 'riuscire', 'evitare', 'sapere', 'avere', 'grande', 'comunità', 'ebraico', 'famiglia', 'abitare', 'distante', 'avere', 'legame', 'amicizia', 'ebreo', 'cercare', 'fare', 'casa', 'esempio', 'fratello', 'dire', 'raccontare', 'tornare', 'giovane', 'ricordare', 'volontario', 'gesto', 'altro', 'campagna', 'credere', 'problema', 'venire', 'spedire', 'soldato', 'fronte', 'greco', 'attrezzare', 'caldo', 'estate', 'mediterraneo', 'autunno', 'inverno', 'catturare', 'mandare', 'russo', 'occupare', 'segnare', 'morire', 'dire', 'morire', 'primavera', 'successivo', 'realtà', 'avere', 'modo', 'sapere', 'dare', 'certo', 'uscire', 'compagno', 'realtà', 'riuscire', 'sopravvivere', 'tornare', 'andare', 'cercare', 'vivo', 'grazie', 'fratello', 'salvare', 'sapere', 'raccontare', 'volere', 'avere', 'nonno', 'grande', 'ricordare', 'vita', 'guerra', 'vivere', 'zio', 'pianura', 'stare', 'confine', 'notte', 'sentire', 'aereo', 'arrivare', 'sorta', 'costruire', 'zio', 'realtà', 'buco', 'terreno', 'chiamare', 'stare', 'attento', 'attirare', 'attenzione', 'luce', 'suono', 'dolore', 'raccontare', 'volta', 'fascista', 'ordinare', 'bambino', 'riva', 'fiume', 'camicia', 'nero', 'nonno', 'superstizioso', 'vestire', 'bambino', 'nero', 'portare', 'volere', 'stoffa', 'nero', 'avere', 'avere', 'soldo', 'mandare', 'camicia', 'rosso', 'colore', 'possibile', 'scegliere', 'rosso', 'conoscere', 'conoscere', 'vecchio', 'signore', 'prendere', 'cura', 'sapere', 'innocuo', 'fare', 'tema', 'sapere', 'avere', 'primo', 'guerra', 'mondiale', 'ragazzo', 'sapere', 'rifiutare', 'sicuro']",123.2432278935977,79.53133144985458,69.93086497436383,83.34069387226704,42.27986703000357,112.77684331636375,95.0100086346502,131.46076982426965,aspettativa
kbv863m,46,30,"['persona', 'violento', 'lavorare', 'cameriere', 'estate', 'piazza', 'pubblico', 'tempo', 'meno', 'passare', 'uomo', 'uomo', 'tipo', 'vestire', 'mezzo', 'muto', 'chiesa', 'piazza', 'cosa', 'diventare', 'aggressivo', 'fare', 'creare', 'problema', 'sapere', 'passare', 'liscia', 'odiare', 'cuore', 'persona']",10.3592304932448,9.757716362526624,9.576612618799356,10.032296111839738,6.593256268994877,9.476779159258964,9.099688085357785,11.941605668884401,aspettativa
kbukize,19,14,"['avere', 'macchina', 'estate', 'passare', 'single', 'connessione', 'priorità', 'vita', 'lavoro', 'dire', 'tranquillità', 'possibilità', 'lavoro', 'dire']",7.236743770373189,3.490710783949399,2.716664007751075,3.1797830037607797,1.7615073743511125,6.661450109678597,4.934708502017036,7.298721536837542,aspettativa
kbu8fn3,67,54,"['parere', 'sbagliare', 'fare', 'ora', 'stare', 'comodo', 'scrivania', 'caldo', 'inverno', 'fresco', 'estate', 'stare', 'traffico', 'dire', 'fare', 'passo', 'dire', 'fare', 'tempo', 'avere', 'progetto', 'avere', 'scadenza', 'ovvio', 'volere', 'rispetto', 'padre', 'vedere', 'succedere', 'studiare', 'mattina', 'andare', 'correre', 'studio', 'avere', 'vita', 'privato', 'ragazza', 'grazie', 'sforzo', 'andare', 'volta', 'mese', 'casa', 'anno', 'chiedere', 'caso', 'arrivare', 'punto', 'gente', 'lamentare', 'cambiare', 'andare', 'fare']",24.053011378448794,12.693924526270408,11.032189142088999,13.906814269499858,6.051974829848676,23.39658622097448,17.852883727054778,28.409123619578047,aspettativa
kbu6eg4,27,22,"['vivo', 'persona', 'parlare', 'bastare', 'mondo', 'andare', 'storia', 'povertà', 'opportunità', 'estate', 'caldo', 'tranquillo', 'mondo', 'andare', 'uccidere', 'situazione', 'coltello', 'strada', 'cancro', 'incidente', 'stradale', 'alto']",9.8120674614989,8.499370185349495,8.000980542642651,8.770961923994776,4.8639604318845135,8.080053343771562,8.9537416991901,9.09216018543183,gioia
kbr4a1a,11,7,"['credere', 'dovere', 'estate', 'gente', 'spaccare', 'chilometro', 'orario']",3.2493689849462672,1.5434380156827372,2.03879049116671,1.668366323347924,1.2006979482243492,2.99750560207951,2.380606932653531,2.8704682524205625,gioia
kbqikgn,19,16,"['sorprendere', 'provincia', 'rosso', 'scuro', 'perdere', 'conto', 'auto', 'notare', 'montare', 'gomma', 'neve', 'pieno', 'estate', 'diventare', 'primo', 'solo']",5.829524755105698,4.3064443825913425,4.066109162702986,4.733649845365205,2.403759770442425,4.371291009061447,6.811381865370051,6.681772785726084,sorpresa
kbphcgl,13,10,"['guardare', 'primo', 'estate', 'sussurrare', 'orecchio', 'pieno', 'potere', 'governo', 'cadere', 'settimana']",4.213218797758895,1.9173102969983138,2.056679852672411,2.8113588057720422,1.7992757212612345,3.6146832826429787,3.365215452057206,5.07287294473036,aspettativa
kbomtug,202,151,"['fallire', 'avere', 'bello', 'sfiga', 'vedere', 'anno', 'stretto', 'livello', 'abbassare', 'alzare', 'tasso', 'dare', 'stretta', 'fondo', 'shock', 'creare', 'efficace', 'vedere', 'previsione', 'mettere', 'brutto', 'situazione', 'azienda', 'prossimo', 'volta', 'consiglio', 'azienda', 'cliente', 'iniziare', 'lavoro', 'trattare', 'generale', 'aiuto', 'impresa', 'dare', 'aiuto', 'prendere', 'parte', 'soldo', 'concetto', 'impresa', 'assumere', 'consulente', 'prendere', 'avere', 'soldo', 'consulente', 'inviare', 'banca', 'superficiale', 'banca', 'valutare', 'finanziamento', 'guardare', 'rata', 'anno', 'fa', 'strano', 'legge', 'mese', 'massimo', 'tempo', 'tenere', 'negativo', 'limite', 'positivo', 'rifiutare', 'linea', 'credito', 'estate', 'conto', 'secondario', 'rosso', 'richiesta', 'accesso', 'aumento', 'aziendale', 'altro', 'banca', 'rifiutare', 'credito', 'cosa', 'vero', 'chiedere', 'ente', 'valutare', 'condizione', 'sperare', 'banca', 'dare', 'finanziamento', 'esempio', 'palla', 'credito', 'super', 'gamba', 'resto', 'imparare', 'errore', 'fare', 'impresa', 'dire', 'lavorare', 'resistere', 'sfiga', 'punto', 'vista', 'laurea', 'finanza', 'rischio', 'fare', 'caso', 'considerare', 'contesto', 'europeo', 'italiano', 'servire', 'anno', 'modo', 'tempo', 'bando', 'ciclo', 'impresa', 'chiudere', 'continuare', 'lavorare', 'buono', 'anno', 'prossimo', 'ora', 'parte', 'ultimo', 'consiglio', 'prendere', 'cliente', 'cura', 'sapere', 'possibile', 'consulente', 'somma', 'cliente', 'vicino', 'identità', 'prendere', 'buono', 'buono', 'servizio', 'azienda', 'consulente', 'finanza', 'momento']",53.04101752800066,38.52828584147865,33.71573614729043,42.556657571365385,21.295581334246766,61.3751980754143,50.59523455877541,76.23931334679372,aspettativa
kboljbs,45,31,"['dire', 'iniziare', 'dire', 'zona', 'urbano', 'nuovo', 'fuoco', 'ammettere', 'cominciare', 'montare', 'filtro', 'abbattere', 'vendere', 'nuovo', 'salire', 'prezzo', 'iniziare', 'vendere', 'cosa', 'considerare', 'costo', 'relativo', 'posa', 'base', 'clima', 'convenire', 'aria', 'acqua', 'interno', 'classico', 'estate']",12.55682182114017,7.635632250045475,6.920115889064703,8.642693194211033,5.531516637662232,10.008456990798239,9.371075704795768,13.071757078940784,aspettativa
kbo9ast,85,61,"['dipendere', 'vivo', 'zona', 'caldo', 'gioco', 'valere', 'candela', 'minimo', 'freddo', 'genere', 'gioco', 'valere', 'candela', 'termine', 'indicare', 'fattore', 'elettrico', 'rendere', 'dire', 'costo', 'gas', 'conoscere', 'elettrico', 'fare', 'conto', 'elettrico', 'costare', 'gas', 'effetto', 'pompa', 'calore', 'calcolare', 'punto', 'variabile', 'fare', 'freddo', 'resa', 'buono', 'fare', 'freddo', 'avere', 'classico', 'soffitto', 'freddo', 'scendere', 'stare', 'alto', 'scaldare', 'avere', 'aria', 'acqua', 'acqua', 'acqua', 'guardare', 'preventivo', 'avere', 'elemento', 'basso', 'lato', 'casa', 'estate']",24.687321227723526,12.411025766871472,11.179201968615109,14.340486611221754,6.93292776095731,20.587670101895824,19.56950895947531,26.813382362948648,aspettativa
kbo65me,76,64,"['dire', 'capitare', 'pensare', 'persona', 'gentile', 'provare', 'lavorare', 'sapere', 'esperienza', 'lavoro', 'pubblico', 'gentilezza', 'sorta', 'obbligo', 'dire', 'avere', 'intenzione', 'colpa', 'sbagliare', 'esempio', 'estate', 'ristorante', 'fare', 'ragazza', 'lavorare', 'riguardo', 'città', 'stare', 'visitare', 'viaggio', 'generale', 'pensare', 'cavolo', 'carino', 'sembrare', 'simpatico', 'mano', 'dispiacere', 'stesso', 'identico', 'cosa', 'pensare', 'volta', 'parlare', 'ragazza', 'bar', 'giro', 'pensare', 'stesso', 'provare', 'credere', 'fare', 'approfondire', 'conoscenza', 'modo', 'migliore', 'numero', 'biglietto', 'disagio', 'sorvegliare', 'locale', 'aspettare', 'andare', 'pausa']",27.557342324159638,16.006713864211488,13.148604432009314,15.902999882528658,9.728733410602528,26.41633281905299,22.409182445540544,32.49757470378553,aspettativa
kbo51yx,34,27,"['venire', 'strada', 'regionale', 'sentire', 'commerciale', 'strada', 'mettere', 'fatto', 'traffico', 'elevato', 'estate', 'comune', 'mettere', 'fare', 'lavoro', 'periodo', 'situazione', 'traffico', 'andare', 'formare', 'cosa', 'pensare', 'sistemare', 'situazione', 'avviso', 'risolvere', 'problema']",10.502675148794124,6.447361538990076,6.245782245725251,7.147386941552862,3.9249186834891185,9.971030591619773,10.214083558539942,13.872679471404807,aspettativa
kbnztlo,29,20,"['borgo', 'castello', 'storia', 'cibo', 'spettacolare', 'prezzo', 'umano', 'estate', 'escursione', 'grotta', 'vento', 'percorso', 'moto', 'autunno', 'cercare', 'fungo', 'castagna', 'meraviglioso', 'colore', 'inverno']",11.839511277080979,4.800312711511429,3.584118892922665,4.505154753008241,2.3250295678570785,7.85259733066658,9.580932058678002,10.295209727186359,gioia
kbnz7oj,29,18,"['primavera', 'girare', 'borgo', 'sapore', 'estate', 'escursione', 'grotta', 'vento', 'percorso', 'moto', 'autunno', 'fungo', 'castagna', 'colore', 'spettacolare', 'inverno', 'toccare', 'lavorare']",10.77247489182216,3.161747499094156,2.131521694151515,3.5212644124006385,2.213034278260173,6.342081124165047,8.368914561593856,8.563744463233126,gioia
kblqaia,47,39,"['colpa', 'sistema', 'marcio', 'midollo', 'finire', 'quinto', 'anno', 'perito', 'elettronico', 'amico', 'trovare', 'lavorare', 'andare', 'beccare', 'mese', 'settimana', 'mettere', 'pannello', 'solare', 'tetto', 'estate', 'andare', 'prendere', 'nero', 'fare', 'trovare', 'lavoro', 'anno', 'volta', 'stipendio', 'pagare', 'vivere', 'cazzo', 'istruzione', 'genitore', 'pagare', 'anno', 'tassa', 'studiare']",15.218432120235047,10.690084175783207,8.585126761010287,9.245623368006672,6.1269110235858815,15.071814487319967,13.821905931646334,19.768498442143425,aspettativa
kbkrey6,7,4,"['bello', 'posto', 'estate', 'settimana']",2.5514614545209984,0.403804101440395,0.22097168425378108,0.3548817463846439,0.1477058049514,1.7655699212440612,1.8889957278332075,2.9058312134389883,aspettativa
kbkh0d3,46,32,"['norma', 'motivo', 'tempo', 'orario', 'punta', 'inutile', 'ritrovare', 'aspettare', 'confusione', 'totale', 'urla', 'confusione', 'salsa', 'volta', 'succedere', 'sapere', 'dimenticare', 'controllare', 'finire', 'dare', 'bicchiere', 'acqua', 'colorato', 'avere', 'gusto', 'vedere', 'pieno', 'estate', 'ghiaccio', 'bevanda', 'momento', 'punta']",13.438822913359138,9.533445114618305,8.49590107309253,10.551010766743005,5.446183218875697,10.838131891720103,12.291075717324025,12.935188249544526,gioia
kbk028e,23,20,"['mezzo', 'casa', 'nonno', 'bello', 'bosco', 'posto', 'mangiare', 'costare', 'occhio', 'estate', 'fare', 'caldo', 'sera', 'felpa', 'tornare', 'volta', 'potere', 'ultimo', 'avere', 'moto']",10.764775557319421,5.309288215954727,4.532617283274458,4.608734223338878,2.5912750523882364,8.908751439485306,7.221691128512992,9.771784659536756,gioia
kbjmghl,59,34,"['fare', 'servire', 'vedere', 'intellettuale', 'crescere', 'mangiare', 'vedere', 'esempio', 'provare', 'filetto', 'verde', 'incazzato', 'laurea', 'sbagliato', 'cosa', 'atteggiamento', 'bello', 'buono', 'fregare', 'divertire', 'fare', 'merda', 'scrivere', 'storia', 'musica', 'rock', 'cazzo', 'mare', 'estate', 'ricordi', 'emozione', 'musica', 'dire', 'emozionare']",19.349377580760027,10.68121339268888,11.309806902754861,8.817641892250707,7.450867610647713,13.446124795525375,15.368404940900735,18.04989644534179,gioia
kbjjl37,165,137,"['sapere', 'mettere', 'bocca', 'argomento', 'grande', 'esponente', 'persona', 'perso', 'anno', 'studio', 'paura', 'fallire', 'debole', 'dire', 'unico', 'cosa', 'aiutare', 'toccare', 'terra', 'stare', 'perdere', 'contatto', 'realtà', 'poco', 'succedere', 'analizzare', 'dintorno', 'cercare', 'oggetto', 'colore', 'preferito', 'sentire', 'odore', 'aria', 'balcone', 'guardare', 'vastità', 'circondare', 'sentire', 'minuscolo', 'prendere', 'inutile', 'valere', 'fare', 'parere', 'risultare', 'superficiale', 'sapere', 'difficile', 'inizio', 'vedere', 'cambiamento', 'voce', 'avere', 'cervello', 'creare', 'personalità', 'pensiero', 'bloccare', 'cartone', 'animato', 'inizio', 'stupido', 'servire', 'gioco', 'stare', 'analisi', 'situazione', 'rimanere', 'contatto', 'realtà', 'analisi', 'circostanza', 'gettare', 'provare', 'vero', 'esercizio', 'aiutare', 'sviluppare', 'pensiero', 'critico', 'oggettivo', 'situazione', 'altro', 'cosa', 'aiutare', 'specie', 'animale', 'abituare', 'dare', 'valore', 'dovere', 'azione', 'via', 'presunzione', 'fare', 'differenza', 'mondo', 'parte', 'meccanismo', 'grande', 'avere', 'senso', 'senso', 'avere', 'bisogno', 'storia', 'positivo', 'pensare', 'positivo', 'interprete', 'puro', 'negatività', 'pensiero', 'avere', 'bisogno', 'fare', 'piccolo', 'passo', 'estate', 'migliorare', 'perdere', 'impossibile', 'perso', 'vista', 'punto', 'cosa', 'pensare', 'umano', 'natura', 'rimanere', 'fermo', 'indirizzare', 'movimento', 'desiderare', 'tenere', 'manica']",57.480674171830394,39.5242114093691,34.6628547263555,40.16067619870021,23.175400565525745,56.003165119777414,50.34329878489903,67.99755701826444,aspettativa
kbjfj46,117,87,"['avere', 'senso', 'ripetere', 'singolo', 'giorno', 'arrivo', 'sapere', 'fare', 'realtà', 'esempio', 'periodo', 'conosciuto', 'valutare', 'certo', 'iniziare', 'venire', 'stesso', 'cosa', 'certo', 'smettere', 'fare', 'conclusione', 'modo', 'freddezza', 'interessato', 'rinunciare', 'piacere', 'morire', 'facile', 'fare', 'film', 'mentale', 'avere', 'senso', 'mente', 'possibile', 'ovvio', 'motivo', 'schifo', 'parlare', 'sentire', 'codardo', 'fare', 'vittima', 'sentimento', 'maestra', 'elementare', 'compagno', 'elementare', 'medio', 'fare', 'complimento', 'realtà', 'seguire', 'testa', 'pensare', 'dire', 'simpatico', 'avere', 'vero', 'interesse', 'tipo', 'stare', 'taglio', 'capello', 'stare', 'fermare', 'volta', 'gentile', 'parte', 'maledetto', 'testa', 'grado', 'pensare', 'ottimista', 'andare', 'andare', 'sorpresa', 'andare', 'prevedere', 'situazione', 'estate', 'fare', 'grande', 'lavoro', 'migliorare', 'parere']",36.02789413111119,21.146589406094296,18.72154790983936,20.29254837942752,12.618225087559848,35.78994519918717,28.038486828960067,42.79954179753884,aspettativa
kbjeqo1,25,20,"['tornare', 'anno', 'inferno', 'estate', 'grado', 'inverno', 'freddo', 'entrare', 'clima', 'meno', 'luogo', 'bello', 'amante', 'montagna', 'complesso', 'livello', 'sociale', 'pieno', 'gente', 'parte']",8.876079109361994,5.767571505820498,4.321836716828939,5.852310520498467,2.824170851641766,7.335939612232721,7.63860235303601,9.248084079303533,aspettativa
kbj4qlu,60,48,"['media', 'lontano', 'paese', 'uso', 'avere', 'vantaggio', 'settimanale', 'settimanale', 'legge', 'notizia', 'importante', 'livello', 'mondiale', 'attaccare', 'ora', 'tema', 'principale', 'evitare', 'leggere', 'roba', 'nazionale', 'filtrare', 'importante', 'importanza', 'arrivare', 'costoso', 'volere', 'avere', 'abbonamento', 'leggere', 'notizia', 'internazionale', 'news', 'sezione', 'internazionale', 'legge', 'evitare', 'fatto', 'cronaca', 'freddo', 'inverno', 'caldo', 'estate', 'capogruppo', 'minoranza', 'inutile', 'commissione', 'senato']",17.852271669723645,12.339080251189158,12.137831785408348,13.326585047764299,8.405525963439176,17.867565448578233,16.16332765144197,22.571477860104647,aspettativa
kbj2gct,4,3,"['stare', 'tranquillo', 'estate']",2.2165116622655363,0.4289971060295534,0.23327557915250396,0.27785698529050196,0.17057902298673072,1.7924967750810898,1.4312417009593794,1.8364965677051193,gioia
kbixwa8,14,10,"['cambiare', 'lavoro', 'anno', 'estate', 'ricambiare', 'ultimo', 'anno', 'lavoro', 'vivere', 'parlare']",5.632055624933243,3.5221640580445728,2.1379008882994928,2.5503056723306057,0.9279784603925418,5.054003494915672,4.504920505313487,6.096790105674127,aspettativa
kbiwnex,11,7,"['ricordare', 'città', 'tremendo', 'estate', 'inverno', 'relativo', 'alto']",3.0332472395353234,2.074065409133784,1.4440923060084483,2.0944963884958505,1.1665872988563903,2.1502262771799656,2.5860220385506287,2.6843617923427936,gioia
kbisr6f,30,27,"['dire', 'prendere', 'serio', 'caso', 'violenza', 'parte', 'uomo', 'prescindere', 'clima', 'ultimo', 'settimana', 'stesso', 'estate', 'assistere', 'vicino', 'casa', 'parte', 'compagno', 'casa', 'chiamare', 'polizia', 'sottolineare', 'volta', 'avere', 'paura', 'ammazzare', 'presentare']",10.554124905697398,9.013012917351812,8.278465942680143,9.26880505847514,5.428300095185632,11.149542424424483,10.379254533879324,12.12585043499935,aspettativa
kbgm575,10,10,"['inverno', 'estate', 'gente', 'fare', 'metà', 'novembre', 'metà', 'aprile', 'giugno', 'settembre']",5.284966348461246,2.8105064967595803,1.3794257257286069,2.114430699752375,1.2869831350470817,4.673911587416701,4.3780352318859865,6.014517253182948,aspettativa
kbfmx2s,13,11,"['zia', 'portare', 'fratello', 'sorella', 'mare', 'estate', 'genitore', 'avere', 'casa', 'libero', 'anno']",6.900406876549137,2.019635503731834,1.7281756847485141,2.259913125953399,0.7285881161637813,6.749288264907542,4.0552367280484045,6.150182676782016,gioia
kbfjwd9,55,51,"['studiare', 'lavoro', 'tanto', 'cameriere', 'avere', 'assunzione', 'regolare', 'lavorare', 'unico', 'posto', 'mettere', 'parte', 'lavorare', 'fine', 'settimana', 'uso', 'soldo', 'fare', 'spesa', 'settimana', 'seguente', 'estate', 'situazione', 'cambiare', 'estate', 'guadagnare', 'euro', 'mettere', 'parte', 'togliere', 'fare', 'abbonamento', 'annuale', 'palestra', 'spesa', 'simile', 'guadagnare', 'euro', 'mettere', 'parte', 'andare', 'mese', 'spesa', 'estate', 'precedente', 'andare', 'modo', 'simile', 'guadagnare', 'avere', 'anno']",21.86942886869171,11.396759124166946,9.952160813541393,11.525320984169586,5.8358553988563715,21.453834091667794,16.702446901535506,28.019161161933035,aspettativa
kbf945f,44,33,"['persona', 'fare', 'palestra', 'allenamento', 'giorno', 'avere', 'entrare', 'contatto', 'mondo', 'sport', 'richiedere', 'disciplina', 'bastare', 'prendere', 'nuoto', 'estate', 'mare', 'gente', 'fare', 'ora', 'allenamento', 'giorno', 'palestra', 'stare', 'massimo', 'ora', 'giorno', 'fare', 'cosa', 'calma', 'disciplina', 'delusione', 'complesso']",15.996836667814751,8.180573379072849,7.230089916658607,9.255925750150695,4.436907889624762,15.409391225264867,10.307584135892721,18.295587516614948,aspettativa
kbex0e7,8,7,"['piacere', 'ragione', 'rimanere', 'ora', 'estate', 'fare', 'buio']",3.5610828534523056,1.352217082190138,0.9760590239255769,1.7671728275740088,0.516621228045186,3.293006075870481,2.21643770216117,3.982115300430826,aspettativa
kbej1d9,12,9,"['stazione', 'estate', 'stabilimento', 'gestore', 'rifugio', 'mese', 'vacanza', 'bravo', 'risparmiare']",4.4640383662579035,1.7995313479695632,1.4827908890036972,1.9167275654406488,0.9192245194703914,4.380792898274321,3.7504736962891974,5.615394751883956,aspettativa
kbeb6eo,26,18,"['treno', 'possibile', 'estate', 'inverno', 'freddo', 'caldo', 'giusto', 'mezzo', 'trovare', 'sicuro', 'dovere', 'mancanza', 'manutenzione', 'meta', 'funzionare', 'altro', 'meta', 'funzionare']",8.848898234113564,3.4154577756739384,3.3148927445458685,4.650816183268408,1.601573649233261,9.966692024182306,7.9434636527197275,11.394891702534347,aspettativa
j2eqzlg,9,7,"['estate', 'andare', 'spiaggia', 'vacanza', 'pensare', 'parte', 'persona']",4.1658790039192795,1.5767857256040847,1.2627580057091894,1.5791530207408588,0.9320383717663144,3.275585353597889,2.968678679276505,4.016858745207265,gioia
j2e5hse,21,18,"['scena', 'vedere', 'genitore', 'bambino', 'rimanere', 'fare', 'ridere', 'anno', 'bambino', 'vedere', 'occasione', 'trasmettere', 'ottobre', 'novembre', 'replica', 'trasmettere', 'specie', 'estate']",10.76282438674953,3.213310843750786,2.43949709161948,2.814048007088471,1.6605384331937225,8.283485789741086,7.807155121068651,9.439143179327159,gioia
j2djude,31,26,"['anno', 'estate', 'avere', 'bello', 'schiaffo', 'vita', 'fare', 'svegliare', 'pensare', 'andare', 'università', 'entrare', 'trovare', 'lavoro', 'cazzo', 'riuscire', 'entrare', 'trovare', 'lavoro', 'studiare', 'nuovo', 'mentalità', 'studiare', 'lavorare', 'testa', 'basso']",12.677263612123015,5.645932480582522,4.968640434427387,6.3489672624499685,3.296237262149807,11.456301392583228,11.002701692030062,14.611397138141513,aspettativa
j2d1ce8,7,6,"['cameriere', 'estate', 'chiedere', 'fare', 'panino', 'pizza']",3.1622181269745706,0.5896071376410461,0.46565727489839104,0.5836946570671693,0.3563225900891383,1.9944433508111867,1.944281950610899,3.2405590613822066,aspettativa
j2cx8g6,7,7,"['aspettare', 'estate', 'arrivo', 'caldo', 'spingere', 'riscaldamento', 'globale']",3.3145974677029306,1.333212434254089,1.634216832988318,1.6563586135055732,0.4248386236888942,2.8175460022881227,3.237284967916586,3.37452220312937,aspettativa
j2cbif9,19,17,"['bastare', 'porto', 'estate', 'fare', 'dovere', 'cittadino', 'anno', 'bastare', 'tornare', 'specie', 'normalità', 'certo', 'punto', 'bisognare', 'andare', 'vivere', 'angoscia']",6.730179298530152,5.045365798644752,2.9463187107881517,4.205353116098995,2.3330888561931697,6.707843846869596,4.893686350187494,7.747816881615991,aspettativa
j2au6hw,8,6,"['rigido', 'inverno', 'volta', 'attimo', 'nuovo', 'estate']",3.2167918595889984,2.0514235809530468,1.4707345293547192,2.1384034109254118,0.8149851115669952,2.357226258829993,2.8559143151110264,2.968091840643471,gioia
j28zcif,70,55,"['anno', 'dire', 'amare', 'leggere', 'ricordare', 'estate', 'prof', 'dare', 'libro', 'leggere', 'lettura', 'estivo', 'anno', 'fare', 'prova', 'orale', 'chiedere', 'maturità', 'coscienza', 'dire', 'avere', 'letto', 'persona', 'unico', 'cosa', 'leggere', 'piacere', 'prof', 'dare', 'lettura', 'anno', 'liceo', 'libro', 'pomeriggio', 'giornata', 'notte', 'avere', 'simile', 'esperienza', 'iniziare', 'metà', 'prof', 'leggere', 'sposo', 'rilassare', 'credere', 'leggere', 'diventare', 'attività', 'morire', 'solito', 'vedere', 'parlare', 'libro', 'leggere']",31.020080540568664,13.9239685716505,8.643234394678094,12.82902540968006,6.855348832883262,26.56924554134988,19.78412222753784,30.31589694631946,gioia
j28ijdw,71,56,"['ultimo', 'anno', 'piccolo', 'piacere', 'passione', 'passare', 'colpa', 'scuola', 'fare', 'cagare', 'piovere', 'libro', 'leggere', 'pochissimo', 'tempo', 'grande', 'classico', 'letteratura', 'italiano', 'importanza', 'avere', 'cosa', 'bello', 'estate', 'leggere', 'libro', 'mese', 'libro', 'altro', 'libro', 'complicato', 'interessante', 'cosa', 'cominciare', 'passione', 'obbligo', 'leggere', 'persona', 'attivo', 'fare', 'fatica', 'stare', 'leggere', 'libro', 'sembrare', 'tempo', 'preferire', 'fare', 'ricerca', 'storico', 'vedere', 'sapere', 'dire', 'leggere', 'cosa', 'preciso']",24.7007975857706,14.572057404379194,10.876982866804696,12.236461744151867,8.630173890752577,21.814384455349927,20.278246043667284,28.319012189246955,aspettativa
j2873zc,74,54,"['anno', 'riuscire', 'leggere', 'libro', 'scuola', 'resto', 'impegno', 'passione', 'tempo', 'lettura', 'riguardare', 'esperienza', 'personale', 'dire', 'vero', 'giovane', 'dovere', 'fatto', 'piacere', 'leggere', 'hobby', 'mondo', 'pieno', 'notare', 'azione', 'mettere', 'atto', 'professore', 'avvicinare', 'lettura', 'avere', 'contrario', 'fine', 'vedere', 'libro', 'compito', 'svolgere', 'cercare', 'vario', 'volta', 'pensare', 'inutile', 'obbligare', 'fare', 'piacere', 'fine', 'bastare', 'utile', 'lasciare', 'persona', 'sole', 'hobby', 'seguire', 'imporre']",24.33622464646115,14.6890625070691,12.729332342340216,15.337889204380598,8.714992204276829,22.89919852353725,19.97832737712319,27.930687946600905,aspettativa
j281ivb,148,112,"['primo', 'cosa', 'vedere', 'fare', 'senso', 'negozio', 'particolare', 'avere', 'spazio', 'pannello', 'solare', 'considerare', 'pannello', 'commerciale', 'corrente', 'dimensione', 'tipico', 'esposizione', 'ideale', 'pieno', 'sud', 'angolo', 'variare', 'base', 'stagione', 'cercare', 'coprire', 'negozio', 'consigliere', 'primavera', 'aria', 'stare', 'avere', 'angolo', 'pannello', 'corrente', 'generazione', 'simulare', 'impianto', 'entusiasmare', 'anno', 'consumare', 'ora', 'sole', 'teoria', 'permettere', 'ombra', 'banale', 'fare', 'file', 'realistico', 'casa', 'avere', 'luce', 'potente', 'avere', 'costare', 'negozio', 'medio', 'controllare', 'contatore', 'vedere', 'avere', 'riscaldamento', 'sbagliare', 'puntare', 'impianto', 'dire', 'bello', 'superficie', 'pannello', 'vetrina', 'produzione', 'utile', 'primavera', 'estate', 'parte', 'pieno', 'sud', 'guadagno', 'poco', 'ora', 'sera', 'avere', 'pannello', 'ovest', 'classico', 'mattino', 'avere', 'assumere', 'assenza', 'ostacolo', 'naturale', 'sud', 'aumentare', 'spazio', 'esterno', 'pannello', 'avere', 'risparmiare', 'bolletta', 'attuale', 'consumo', 'stima', 'banale', 'rientrare', 'media', 'impianto', 'super', 'fretta', 'soldo', 'aspettare']",43.54412675146834,20.682900633210227,19.633986352652343,25.91897171343254,13.091706723760591,40.164019967340366,35.53693448202536,51.550280453885414,aspettativa
j2819x8,3,2,"['passare', 'primo']",0.8985968885661564,0.5447029973803013,0.3288958890688297,0.373414444478097,0.1516570781531462,0.48825134252227975,0.8236784083489238,0.9016829340159388,aspettativa
j27vsfr,11,9,"['bomba', 'avere', 'tasca', 'stomaco', 'pieno', 'calore', 'estate', 'precario', 'vita']",3.9284236041259533,2.1324648153332277,2.573445254812785,2.9194519813761146,1.3363571395202363,3.1643328838711735,3.315913022583515,3.8134294085021825,gioia
j26a2ma,22,15,"['cosa', 'sexy', 'sicuro', 'rimanere', 'punto', 'dire', 'sorriso', 'magnetico', 'amico', 'chimico', 'avere', 'sorriso', 'impressionante', 'sperare', 'estate']",8.040934261571834,2.6220243484712915,2.0826629382811936,2.87326944395434,2.127509238708855,7.194424433824107,7.065462220905421,7.669141626969248,gioia
j25ptbs,5,5,"['spaventare', 'idea', 'rifare', 'estate', 'caldo']",2.406183888443988,0.6885057959579352,1.158785189004031,1.5190003547567372,0.42083022001376663,2.276236254761129,2.6859052377896813,2.679398872118693,sorpresa
j25nayp,3,3,"['avere', 'paura', 'estate']",1.5366923175629998,0.7124977205421716,0.807783781050456,1.5062652122979294,0.4648414764490601,1.4940617880668876,1.5970291179730467,1.4826627587188375,sorpresa
j25lou9,248,179,"['impianto', 'personale', 'legale', 'impianto', 'elettrico', 'certificare', 'ente', 'terzo', 'pubblico', 'privato', 'approvare', 'realizzare', 'illegale', 'costo', 'ora', 'batteria', 'batteria', 'batteria', 'relativo', 'batteria', 'risparmio', 'consumo', 'casa', 'nuovo', 'elettrico', 'consumo', 'parte', 'acqua', 'caldo', 'pallone', 'scaldare', 'volta', 'giorno', 'sole', 'bastare', 'giorno', 'impianto', 'pannello', 'suolo', 'avere', 'spazio', 'tetto', 'costare', 'supporto', 'motivo', 'realizzare', 'costo', 'considerare', 'grosso', 'problema', 'ordine', 'mese', 'impresa', 'pensare', 'doppio', 'doppio', 'amico', 'ricevere', 'preventivo', 'parte', 'impresa', 'sapere', 'chiamare', 'proposta', 'bisogno', 'generale', 'tipo', 'tetto', 'pieno', 'sud', 'bello', 'largo', 'ombra', 'cantina', 'libero', 'scatola', 'inutile', 'singolo', 'pannello', 'ombra', 'solo', 'assurda', 'rapido', 'isolamento', 'impianto', 'batteria', 'batteria', 'richiedere', 'legge', 'obiettivo', 'concreto', 'consigliare', 'vendere', 'luce', 'pagare', 'impianto', 'tetto', 'suolo', 'libero', 'mercato', 'pagare', 'avere', 'contratto', 'costo', 'trasporto', 'energia', 'dire', 'consumo', 'corrente', 'fare', 'avere', 'vendita', 'avere', 'prezzo', 'sapere', 'esistere', 'schema', 'serie', 'vendere', 'rete', 'rete', 'fare', 'primo', 'notte', 'picco', 'potenza', 'massimo', 'produrre', 'primavera', 'ombra', 'nuvola', 'stagione', 'nuovo', 'ombra', 'nuvoletta', 'sole', 'lavoro', 'ora', 'servire', 'mercato', 'vuoto', 'tema', 'pratica', 'stimare', 'ritorno', 'investimento', 'anno', 'batteria', 'anno', 'lavoro', 'impianto', 'guadagnare', 'batteria', 'stima', 'avere', 'garanzia', 'avere', 'energia', 'mancare', 'luce', 'scaricare', 'batteria', 'giorno', 'anno', 'buttare', 'costare', 'genere', 'avere', 'senso', 'passare', 'batteria', 'giorno', 'sole', 'uso', 'critico', 'casa', 'resto', 'chiedere', 'volere']",70.21478848950962,41.36729848469216,36.500496494658165,48.16740876238131,22.42241813324514,65.04280453825795,54.83522010874916,80.29478129604176,aspettativa
j25ez2b,8,7,"['pensare', 'comprare', 'gonna', 'casa', 'estate', 'combattere', 'caldo']",3.8032025248505614,1.8112499596913452,2.1899182765642333,2.0750868635238406,1.0090721384761028,3.0488599969823467,3.030191859315165,4.2923728373609205,aspettativa
j25asfl,22,10,"['investire', 'tasso', 'oro', 'estate', 'casa', 'pseudo', 'girare', 'parte', 'azienda', 'sembrare']",4.284222614701654,1.845488978024312,1.640384816584525,2.0731568258421573,0.964113528096996,3.6574311291292587,4.095920805846549,5.296104476280406,aspettativa
j24kxje,22,17,"['scopare', 'estate', 'aria', 'certo', 'punto', 'fermare', 'chiedere', 'scusa', 'preoccupare', 'continuare', 'andare', 'fare', 'pensare', 'distanza', 'decennio', 'amica', 'università']",6.943859339320403,4.556155805873538,3.145401666497711,4.64250250463587,1.9361329280700261,7.409304011060505,4.7989680878411125,8.886471548611848,aspettativa
j244qjq,100,82,"['dire', 'fare', 'estate', 'viaggio', 'partire', 'casa', 'macchina', 'andare', 'nord', 'capo', 'nord', 'tornare', 'giorno', 'persona', 'conoscere', 'persona', 'sentire', 'annoiare', 'fare', 'volere', 'persona', 'modo', 'fare', 'pensare', 'diverso', 'comune', 'avere', 'lingua', 'inglese', 'comune', 'modo', 'vivere', 'simile', 'pensare', 'viaggio', 'sud', 'cultura', 'diverso', 'modo', 'pensare', 'condizione', 'vita', 'riuscire', 'immaginare', 'ragazzo', 'andare', 'tour', 'mese', 'viaggiare', 'volta', 'cercare', 'zaino', 'volta', 'prendere', 'mano', 'telefono', 'viaggio', 'gruppo', 'organizzato', 'avventura', 'mondo', 'prezzo', 'alto', 'dare', 'fare', 'dormire', 'esperienza', 'personale', 'altro', 'giorno', 'recensione', 'hotel', 'scarso', 'trovare', 'tour', 'simile', 'offrire', 'prezzo', 'pelo', 'alto', 'sicurezza', 'spendere']",38.48631886185499,18.748253529450928,14.805038796380455,19.42152730924912,11.433138418447692,35.3087129838373,29.944935762773664,44.53594437044686,aspettativa
j2434rl,8,7,"['ottobre', 'avere', 'media', 'periodo', 'prato', 'secco', 'estate']",2.5622354119029573,1.316925650400721,1.1389273634311854,1.4456332337996212,0.7137137347108193,2.5002643320601945,2.3384218117842126,3.420439363157261,aspettativa
j23ujlz,46,33,"['diffusione', 'estremo', 'estate', 'colpa', 'guardare', 'ricordare', 'piccolo', 'avere', 'area', 'casa', 'normale', 'grado', 'tirare', 'colpo', 'gatto', 'continuare', 'diverso', 'uccidere', 'strada', 'casa', 'canzone', 'pubblicità', 'beh', 'oddio', 'pubblicità', 'uguale', 'trasmettere', 'vedere', 'inglese', 'stesso', 'cantante', 'esempio', 'eclatante']",13.56899401353229,9.182285548785348,8.085834886665246,8.765487479315793,6.378709744998872,11.546359461336047,12.567721556256398,14.06703444469552,aspettativa
j23tu0m,37,27,"['sapere', 'anno', 'padre', 'tirare', 'colpo', 'gatto', 'continuare', 'aprire', 'bocca', 'giorno', 'arresto', 'immediato', 'canzone', 'pubblicità', 'artista', 'americano', 'diffusione', 'estremo', 'estate', 'colpa', 'eliminazione', 'cesso', 'fare', 'inorridire', 'americano', 'locale', 'andare']",9.156511857077914,7.406333416073836,7.315909842402782,7.576577825839138,6.207226628486759,8.073316860197709,8.751388035508967,10.852554263978707,aspettativa
j23rqa4,234,165,"['fare', 'chilometro', 'anno', 'range', 'ritorno', 'caricare', 'casa', 'costare', 'costo', 'iniziale', 'eventuale', 'risparmio', 'anno', 'avere', 'piccolo', 'estate', 'carico', 'fare', 'chilometro', 'casa', 'giorno', 'fila', 'inverno', 'sole', 'fare', 'minimo', 'percentuale', 'carica', 'evoluzione', 'guida', 'privato', 'posto', 'pubblico', 'ricerca', 'limite', 'dovere', 'soggetto', 'progettare', 'possedere', 'usare', 'primo', 'disegnare', 'uso', 'solare', 'auto', 'batteria', 'auto', 'usare', 'domestico', 'solare', 'auto', 'usare', 'produzione', 'momento', 'solare', 'genere', 'classico', 'perdita', 'auto', 'passare', 'perdita', 'caricare', 'potenza', 'variabile', 'usare', 'inizio', 'carico', 'restare', 'costare', 'fine', 'pratica', 'avere', 'costo', 'minore', 'mancare', 'standard', 'progetto', 'pensare', 'uso', 'contare', 'costo', 'assurdo', 'prendere', 'domestico', 'semplice', 'prendere', 'cosa', 'misura', 'anno', 'fare', 'arrivare', 'pari', 'costo', 'elettrico', 'lato', 'accesso', 'parcheggio', 'pagamento', 'comune', 'ginepraio', 'pari', 'turbare', 'assicurazione', 'doppio', 'classico', 'tecnologia', 'nuovo', 'avere', 'schema', 'truffa', 'locale', 'anno', 'semplice', 'sconto', 'prezzo', 'veicolo', 'aumento', 'valore', 'usato', 'elettrico', 'leggere', 'aumento', 'prezzo', 'nuovo', 'compensare', 'cambiare', 'auto', 'anno', 'durare', 'prezzo', 'auto', 'chilometro', 'valere', 'nuovo', 'migliaio', 'euro', 'extra', 'migliaio', 'montare', 'prezzo', 'stesso', 'modello', 'nuovo', 'unire', 'fatto', 'ordinare', 'prezzo', 'ricevere', 'anno', 'fine', 'convenire', 'allargare', 'sconto', 'città', 'blocco', 'aspetto', 'limite', 'inizio', 'direzione', 'prendere', 'accettare', 'massa', 'arrivare', 'costare', 'caro']",66.74167105586558,38.91556901118983,34.93755484925015,45.17126335919497,21.64785033311014,67.29931690508555,55.36579483695698,80.11700526565463,aspettativa
j23qvhl,5,5,"['estate', 'anno', 'iniziare', 'odiare', 'caldo']",2.775410073457248,1.2666776568120606,1.595758139523694,1.493252773970565,1.132706981716375,2.498219590949189,2.042652247896728,3.065132079765323,aspettativa
j23pxdq,24,18,"['secco', 'servire', 'acqua', 'compensare', 'superare', 'estate', 'generale', 'credere', 'strategia', 'riduzione', 'consumo', 'idrico', 'agricoltura', 'perdita', 'urbanistico', 'termine', 'albero', 'edificio']",6.676463931081661,5.068667212500968,4.154913339127199,4.9117225947411685,2.930012566425746,6.188853131783313,4.905597457282588,6.789739591278739,aspettativa
j237yz8,77,61,"['parte', 'zona', 'vivo', 'movimentare', 'piazzale', 'bere', 'gente', 'spendere', 'serata', 'compagnia', 'angolo', 'inevitabile', 'grosso', 'offerta', 'senso', 'orientare', 'cercare', 'cinema', 'teatro', 'ribadire', 'città', 'analogo', 'dimensione', 'tipologia', 'vivo', 'offrire', 'variante', 'lago', 'estate', 'vero', 'città', 'misura', 'ragazzino', 'chiudere', 'cinese', 'anno', 'risultare', 'ripetitivo', 'dubbio', 'valere', 'giusto', 'noto', 'vita', 'giovanile', 'città', 'piccolo', 'gente', 'centro', 'storico', 'vero', 'conoscere', 'trattare', 'piccolo', 'sociale', 'alto', 'entrare', 'fatto', 'cosa', 'fare', 'città', 'weekend']",26.88021330034672,11.916882758753186,9.401372505834663,13.95239462627851,7.787634238430584,23.72510879601196,20.534743771494995,28.84118793112801,aspettativa
j206zaq,10,7,"['mare', 'andare', 'estate', 'occupare', 'lavoro', 'giorno', 'mese']",3.9266256610341084,2.2131636673292245,1.2562965107215331,1.5457407059543717,0.5658886469562872,3.197800196690354,2.3058894621266424,4.152362142573016,aspettativa
j200b6k,56,41,"['sembrare', 'descrizione', 'provincia', 'profondo', 'città', 'weekend', 'vivo', 'giovanile', 'diffuso', 'dipendere', 'persona', 'venire', 'centro', 'avere', 'bar', 'paese', 'volere', 'opportunità', 'fare', 'cosa', 'trovare', 'visitare', 'città', 'dimensione', 'analogo', 'estero', 'trovare', 'movimento', 'ripetitivo', 'dire', 'cosa', 'scusa', 'dire', 'lago', 'estate', 'meta', 'turistico', 'offrire', 'tedesco', 'fare', 'dubitare']",16.627766876142548,8.478889276695222,7.228820927882143,10.088900277305232,5.877886348675503,15.305116624190445,13.31112430573546,19.058045219496833,aspettativa
j1zx2gj,57,45,"['sud', 'giovane', 'nord', 'città', 'provincia', 'modesto', 'avere', 'macchina', 'ragazzo', 'paese', 'zona', 'viaggio', 'sud', 'estero', 'paese', 'anziano', 'vedere', 'conoscere', 'passare', 'pomeriggio', 'sabato', 'sera', 'bar', 'cinese', 'paese', 'weekend', 'discoteca', 'squallido', 'zona', 'industriale', 'chilometro', 'andare', 'fare', 'cazzo', 'andare', 'avere', 'lago', 'estate', 'bello', 'parte', 'pianura', 'unico', 'soluzione', 'punto', 'andare']",20.264723262372527,8.890293892494894,6.457816831011008,8.322388349351629,5.6140773540224,15.027470989570977,13.41317053338076,19.356080983024984,gioia
j1zvrn5,35,24,"['lavorativo', 'vivo', 'respirare', 'schifo', 'anno', 'fare', 'stare', 'cibo', 'città', 'clima', 'mare', 'inverno', 'fare', 'freddo', 'estate', 'caldo', 'occhio', 'nord', 'disprezzare', 'sud', 'avere', 'capire', 'vivere', 'posto']",12.06876171976009,5.5944854482056865,5.394219811583252,4.8337425479150555,4.024755828164122,9.591738389088892,8.150155952074481,12.246152102753609,aspettativa
j1zu4yd,70,49,"['ragazzo', 'andare', 'vivere', 'zona', 'fare', 'notturno', 'problema', 'sud', 'parte', 'vivere', 'discoteca', 'posto', 'passare', 'serata', 'parte', 'vivere', 'erba', 'contrario', 'incontrare', 'locale', 'migliore', 'situazione', 'vacanza', 'fermare', 'sera', 'accomodare', 'persona', 'infastidire', 'fumo', 'sigaretta', 'chiedere', 'signore', 'scusare', 'allontanare', 'vedere', 'scena', 'gente', 'incominciare', 'fare', 'problema', 'uscire', 'arma', 'dire', 'sigaretta', 'volta', 'provocare', 'giusto', 'fare', 'dire']",19.75070861908488,11.89238724908787,11.689338331372683,14.47704010659816,8.481259556084073,17.194539285169334,16.987552885942264,22.994050088669447,aspettativa
j1yxmmt,53,40,"['smettere', 'utilizzare', 'doccia', 'estate', 'battaglia', 'portare', 'ragazzino', 'compagna', 'acqua', 'bisogno', 'estate', 'parte', 'culo', 'parte', 'lavare', 'parte', 'corpo', 'esempio', 'piede', 'capello', 'temperatura', 'ombra', 'grado', 'abbattere', 'doccia', 'culo', 'resto', 'corpo', 'stesso', 'sudore', 'stare', 'sole', 'giardino', 'massimo', 'modo', 'sudare', 'fare', 'uso', 'sproporzionato', 'doccia']",16.461388188901918,7.582933607496581,7.957566482467502,8.54276387706466,6.4285858065004415,14.58060919939588,13.522384175668769,16.85266538987763,aspettativa
j1yvh1o,206,180,"['trasferire', 'agosto', 'lavorare', 'avere', 'anno', 'esperienza', 'positivo', 'avere', 'modo', 'lavorare', 'fare', 'esperienza', 'fare', 'costo', 'vita', 'caro', 'bene', 'essenziale', 'aumento', 'principale', 'servizio', 'andare', 'mangiare', 'avere', 'prezzo', 'assurdo', 'minimo', 'euro', 'pizza', 'alcol', 'sigaretta', 'avere', 'prezzo', 'assurdo', 'cosa', 'mentalità', 'diverso', 'avere', 'altro', 'persona', 'scambiare', 'freddezza', 'esempio', 'mezzo', 'pubblico', 'fare', 'telefonata', 'necessario', 'parlare', 'basso', 'voce', 'disturbare', 'avere', 'diverso', 'cultura', 'cucina', 'italiano', 'stimare', 'caso', 'specifico', 'città', 'pieno', 'persona', 'giovane', 'provenire', 'mondo', 'università', 'importante', 'avere', 'problema', 'incontrare', 'nuovo', 'persona', 'fare', 'italiano', 'rimanere', 'dare', 'parere', 'completo', 'argomento', 'riuscire', 'partecipare', 'club', 'universitario', 'conoscere', 'persona', 'ammettere', 'stare', 'fare', 'fatica', 'stabilire', 'amicizia', 'solido', 'impegnare', 'concentrare', 'lingua', 'parlare', 'inglese', 'certo', 'barriera', 'parlare', 'giusto', 'richiedere', 'tempo', 'principale', 'difficoltà', 'avere', 'aprire', 'conto', 'banca', 'chiedere', 'serie', 'documento', 'prenotare', 'appuntamento', 'regola', 'residente', 'pratica', 'chiaro', 'straniero', 'mettere', 'mese', 'mezzo', 'aprire', 'conto', 'parte', 'difficoltà', 'iniziale', 'avere', 'altro', 'problema', 'clima', 'freddo', 'stare', 'contatto', 'natura', 'paesaggio', 'fantastico', 'differenza', 'principale', 'ora', 'luce', 'buio', 'inverno', 'sole', 'differenza', 'mattina', 'estate', 'opposto', 'sole', 'rimanere', 'mezzanotte', 'piacere', 'vita', 'tranquillo', 'mezzo', 'pubblico', 'passare', 'minuto', 'puntuale', 'persona', 'silenzio', 'paese', 'avanguardia', 'macchina', 'elettrico', 'usare', 'energia', 'felice', 'fare', 'scelta', 'consigliere', 'adattare', 'canone', 'fare', 'pronto', 'cambiamento', 'italiano', 'valere', 'pena']",76.01605003889544,41.02342432169627,36.830749328080046,49.27582198716515,24.062544159559422,72.5727659664922,62.068331519600285,89.92039683081643,aspettativa
j1yu9jf,10,6,"['frigo', 'avere', 'fare', 'andare', 'roba', 'estate']",2.694527266286166,0.7771743755689704,0.8178055759792695,0.9361191503834435,0.6742521828858288,2.2972685116271894,1.8354785698223242,2.956519660673513,aspettativa
j1ynyve,317,231,"['caro', 'stesso', 'primo', 'prigione', 'scherzare', 'città', 'moderno', 'economia', 'scala', 'attività', 'concorrenza', 'vicino', 'vicino', 'risultato', 'prezzo', 'basso', 'ridurre', 'margine', 'attirare', 'cliente', 'innovazione', 'diffondere', 'attirare', 'cliente', 'concorrente', 'vicino', 'fan', 'copiare', 'bravo', 'fare', 'aspetto', 'lavoro', 'mettere', 'accordo', 'altro', 'concorrente', 'posto', 'bravo', 'fare', 'attività', 'diverso', 'collaborare', 'diventare', 'fare', 'lastra', 'diventare', 'terzo', 'dire', 'moderno', 'avere', 'attività', 'produttivo', 'commercio', 'meccanico', 'stesso', 'fare', 'commercio', 'meccanico', 'legare', 'casa', 'servizio', 'smontare', 'componente', 'portare', 'fare', 'altro', 'attività', 'comprendere', 'ristorante', 'cucina', 'pasto', 'pronto', 'portare', 'azienda', 'scegliere', 'macchina', 'fare', 'pane', 'macchina', 'fare', 'giusto', 'selezionatore', 'robot', 'umano', 'città', 'perdere', 'primario', 'cosa', 'restare', 'restare', 'possibilità', 'trovare', 'gente', 'simile', 'poco', 'poco', 'servizio', 'extra', 'calo', 'aumentare', 'aumentare', 'anziano', 'giro', 'guidare', 'futuro', 'urbano', 'trasporto', 'pubblico', 'esistere', 'robot', 'umano', 'gigante', 'vendere', 'pasto', 'giorno', 'ricevere', 'pronto', 'legare', 'ditta', 'fornitore', 'bar', 'caffè', 'fare', 'esempio', 'storico', 'meccanico', 'dire', 'abitante', 'futuro', 'schiavo', 'moderno', 'mangiare', 'portare', 'drone', 'modello', 'espressione', 'attore', 'principale', 'felice', 'servire', 'batteria', 'fabbrica', 'umano', 'nutrire', 'formare', 'sviluppo', 'industria', 'meccanico', 'tempo', 'città', 'spazio', 'strada', 'largo', 'contrario', 'fare', 'consegna', 'modello', 'restare', 'funzionare', 'tempo', 'lettera', 'carta', 'avere', 'lavatrice', 'divano', 'via', 'mettere', 'corriere', 'merce', 'mezzo', 'consegna', 'appartamento', 'rifare', 'palazzo', 'cascare', 'pezzo', 'costruire', 'vicino', 'vicino', 'strada', 'accesso', 'fare', 'domani', 'consegna', 'drone', 'auto', 'sintesi', 'città', 'finire', 'futuro', 'manco', 'recente', 'andare', 'avere', 'benessere', 'generare', 'carne', 'umano', 'batteria', 'avere', 'miseria', 'relativo', 'libertà', 'seriamente', 'conto', 'sbaglio', 'stare', 'piede', 'scaldare', 'inverno', 'estate', 'palazzo', 'specie', 'popolare', 'fare', 'anno', 'rischio', 'servo', 'centro', 'città', 'fare', 'attuale', 'negozio', 'bar', 'ristorante', 'punto', 'città', 'disperato', 'livello', 'vivere', 'gente']",94.39833136450137,51.62605646330921,45.671760783813546,55.84333074384673,29.81936512545869,92.22278745993901,73.8260699648776,115.67920888440347,aspettativa
j1yioqt,23,20,"['sera', 'amico', 'passeggiare', 'centro', 'certo', 'punto', 'ragazzo', 'iniziare', 'dire', 'conoscere', 'estate', 'lavorare', 'scorso', 'weekend', 'andare', 'conoscere', 'vedere', 'avere', 'profilo', 'privato']",11.765703076697992,4.099120589732766,3.021359718057941,4.454729666603264,1.9459914729634518,9.715260108860365,6.662838418290415,10.628842684780045,gioia
j1yg3gv,50,43,"['dipendenza', 'vero', 'studio', 'settore', 'stare', 'indirizzare', 'conferma', 'ipotesi', 'strategia', 'avere', 'efficacia', 'andare', 'accompagnare', 'presa', 'coscienza', 'volontà', 'estate', 'riuscire', 'passare', 'media', 'ora', 'ora', 'utilizzo', 'grazie', 'eliminare', 'app', 'eliminare', 'gioco', 'anno', 'giorno', 'tenere', 'succedere', 'rompere', 'telefono', 'prendere', 'nuovo', 'scimmia', 'prendere', 'nuovo', 'forza', 'sapere', 'eliminare', 'reddito']",17.963568966748955,9.98004360659767,7.639484135071362,11.245497650137613,4.80775831635766,18.653091718980885,14.385703799475424,21.845531681262347,aspettativa
j1yf44c,36,29,"['vivo', 'anno', 'ultimo', 'anno', 'peggiorare', 'gruppo', 'immigrato', 'estate', 'scorso', 'metro', 'pomeriggio', 'saltare', 'cercare', 'cellulare', 'scherzare', 'pieno', 'luglio', 'gente', 'guardare', 'spiacere', 'punto', 'vista', 'città', 'pieno', 'opportunità', 'punto', 'vista', 'sicurezza', 'peggiorare']",11.995989693506532,7.503200126448603,5.703289030928974,6.236527348834023,3.5001970874533583,10.66840697118175,9.43295739484518,12.541254662764791,aspettativa
j1y7ymv,23,19,"['avere', 'vestito', 'casa', 'estate', 'riguardare', 'resto', 'anno', 'uso', 'vestito', 'tornare', 'casa', 'scuola', 'mangiare', 'fare', 'compito', 'capitare', 'uscire', 'succedere', 'mettere']",9.186989345842994,4.127753651488747,2.9488532298709558,5.309396460314316,2.0040249525524554,7.822257556831586,7.254011169239823,9.875447718820103,aspettativa
j1xiwcz,4,2,"['estate', 'girare']",1.4159136745253562,0.2362217748001641,0.1686157895160194,0.3607510980727594,0.1111381018243922,0.9749851936926008,1.0554947230304572,1.183786504143018,gioia
j1wg05w,25,17,"['avere', 'opinione', 'particolare', 'contesto', 'estate', 'soggiorno', 'piacevole', 'gente', 'incontrare', 'simpatico', 'partire', 'albergo', 'proprietario', 'casa', 'avere', 'bello', 'accento']",9.903189482521254,2.937492644798863,2.750975307388458,4.332977808689538,1.7588633461171497,8.0272424709984,8.114165755043015,10.097149280949012,aspettativa
j1wcxzq,19,18,"['bello', 'problema', 'parere', 'bizzarro', 'cosa', 'venire', 'anno', 'possibile', 'indagare', 'causa', 'estate', 'avere', 'mezzo', 'attacco', 'panico', 'soffrire', 'male', 'mare']",6.604902160900243,5.931370334679617,5.962240455757155,7.181422174724062,3.9801442362617965,5.156206389091139,7.466008085758154,7.637568980367353,aspettativa
j1w77pr,17,14,"['anno', 'stesso', 'servizio', 'consiglio', 'estate', 'bere', 'parere', 'propaganda', 'dire', 'siciliano', 'lavorare', 'andare', 'bagno', 'gennaio']",5.345248558485508,3.5212362159916064,2.7501055084455013,3.0108639097747876,2.574059122546417,5.064139939213952,3.9646882969758956,6.041397119890379,aspettativa
j1vq81c,10,7,"['fare', 'caldo', 'anno', 'fila', 'neve', 'dire', 'estate']",3.5142860829740505,1.552156937741231,1.2358608718347228,1.1471274777665406,0.6590431588814838,2.664147543905625,2.606500689289722,3.8209265865954793,aspettativa
j1vom84,98,71,"['cognato', 'abitare', 'ordine', 'tossico', 'usare', 'cespuglio', 'parco', 'scuola', 'droga', 'stare', 'attento', 'vedere', 'nascondere', 'roba', 'acqua', 'strada', 'vedere', 'ritirare', 'gente', 'diverso', 'sera', 'estate', 'luce', 'solare', 'tempo', 'fa', 'prostituta', 'fare', 'recente', 'auto', 'negozio', 'fiamma', 'ordinario', 'amministrazione', 'rissa', 'attaccare', 'orario', 'apertura', 'chiusura', 'riposo', 'regolamento', 'comunale', 'fare', 'iniziare', 'mattina', 'volta', 'beccare', 'gente', 'trombare', 'macchina', 'classico', 'problema', 'milanese', 'marciapiede', 'bicicletta', 'merda', 'cane', 'merda', 'umano', 'vomitare', 'ferrovia', 'inimmaginabile', 'stesso', 'riscontrare', 'stazione', 'zona', 'dire', 'andare', 'merda', 'totale', 'merda']",25.687731206060366,18.51497332096329,18.639092523553842,20.134066011872736,15.509931081016163,24.102096993998703,24.137912654688,29.672366289439424,aspettativa
j1veky1,47,41,"['avere', 'università', 'grande', 'corso', 'sacco', 'studente', 'riuscire', 'città', 'universitario', 'fine', 'città', 'industriale', 'ruotare', 'porto', 'accendere', 'estate', 'peccato', 'vedere', 'potenziale', 'sembrare', 'migliorare', 'funzione', 'evento', 'simile', 'studente', 'cercare', 'esperienza', 'massimo', 'adulto', 'vivere', 'considerare', 'costo', 'vita', 'altro', 'città', 'città', 'stipendio', 'avere', 'altro', 'parte', 'avere']",17.931410704763305,9.599322131943076,8.416015045923695,11.805826217191486,4.792890149901966,17.22797597959803,15.914005336708748,22.57991141005972,aspettativa
j1ve284,43,32,"['fare', 'togliere', 'scarpa', 'ospite', 'vivere', 'vivere', 'possibilità', 'volere', 'tappeto', 'bordo', 'pulito', 'lavatrice', 'volere', 'avere', 'casa', 'poltrona', 'sedia', 'vestire', 'genere', 'casa', 'cambio', 'pantalone', 'felpa', 'inverno', 'corto', 'estate', 'anno', 'stare', 'comodo', 'mero', 'differenza', 'climatico']",15.173232803956115,7.617247016091456,5.357593789968876,7.454871505626873,2.8254548263168098,12.338155998052917,11.391033935785394,15.683854801517732,aspettativa
j1vam1e,42,30,"['volta', 'rischiare', 'estate', 'scorso', 'investire', 'apprensione', 'volta', 'casa', 'raggiungere', 'posto', 'lavoro', 'rassegnare', 'rinunciare', 'usare', 'mezzo', 'dire', 'altro', 'periodo', 'aumentare', 'ultimo', 'anno', 'modo', 'parte', 'noto', 'difficile', 'gestire', 'situazione', 'traffico', 'strada', 'fiducioso']",10.624487594268873,9.557907848220285,8.564896420142325,10.702209967337367,4.873108282586799,10.984566511267932,10.73666130243505,14.45186623395444,aspettativa
j1uf54s,120,94,"['marzo', 'richiesta', 'commissario', 'popolare', 'interno', 'ordinare', 'capo', 'direzione', 'regionale', 'commissariato', 'popolo', 'interno', 'uccidere', 'prigioniero', 'guerra', 'polacco', 'effettuare', 'rispondere', 'precisa', 'logico', 'sentimento', 'nazionale', 'territorio', 'polacco', 'leader', 'intellettuale', 'autorità', 'sovietico', 'prigioniero', 'guerra', 'polacco', 'nemico', 'sovietico', 'eliminare', 'esecuzione', 'eseguire', 'processo', 'distinzione', 'civile', 'militare', 'massimo', 'segretezza', 'prigioniero', 'campo', 'uccidere', 'vicino', 'foresta', 'totale', 'cittadino', 'polacco', 'morire', 'mano', 'sovietico', 'zona', 'area', 'estate', 'città', 'dintorno', 'occupare', 'esercito', 'tedesco', 'identificare', 'comune', 'vicino', 'iniziare', 'indagine', 'iniziativa', 'nazista', 'costituire', 'fine', 'aprile', 'commissione', 'internazionale', 'patrocinio', 'croce', 'internazionale', 'formare', 'esperto', 'accertare', 'interesse', 'avviare', 'processo', 'sicuro', 'abitante', 'paese', 'preferire', 'nazista', 'fare', 'entrare', 'nazista', 'riferire', 'indipendente', 'terzo', 'problema']",28.35989804956881,26.14159019388301,27.13723990207637,30.70309943657372,20.876428987280978,34.267964502986615,25.109001401325784,40.84390962020259,aspettativa
j1qqefe,41,35,"['grazie', 'sapere', 'concerto', 'estate', 'breve', 'storia', 'triste', 'andare', 'concerto', 'anno', 'portare', 'contante', 'birra', 'amico', 'ragazzino', 'cassa', 'vedere', 'contante', 'guardare', 'faccia', 'schifato', 'sapere', 'concerto', 'prendere', 'birra', 'piacere', 'sacco', 'giovane', 'valere', 'pena', 'ascoltare', 'giro', 'decennio', 'consiglio', 'giovane']",18.101744434878963,8.102450973733074,6.869653464018581,9.007822800303314,5.2123573960143075,13.978809447557657,13.068756598631959,17.80921792653038,gioia
j1q78uf,195,149,"['dubitare', 'luce', 'costare', 'elettrico', 'auto', 'elettrico', 'mettere', 'costo', 'investimento', 'iniziale', 'auto', 'nuovo', 'costoso', 'pari', 'categoria', 'nuovo', 'costoso', 'usato', 'tempo', 'prezzo', 'esempio', 'avere', 'modesto', 'pagare', 'nuovo', 'prendere', 'via', 'fare', 'volta', 'costare', 'fare', 'entrare', 'andare', 'netto', 'accumulare', 'anno', 'anno', 'risparmio', 'fan', 'accelerare', 'scendere', 'anno', 'tempo', 'chiaro', 'fare', 'assenza', 'medio', 'periodo', 'restare', 'problema', 'chilometro', 'fare', 'carica', 'avere', 'contratto', 'elettrico', 'stare', 'mattino', 'avere', 'auto', 'carico', 'bastare', 'lavoro', 'trovare', 'parcheggio', 'disponibile', 'lasciare', 'auto', 'tempo', 'lavoratore', 'uscire', 'levare', 'auto', 'ora', 'entrare', 'lavoro', 'chilometro', 'accumulare', 'consistente', 'risparmio', 'caricare', 'casa', 'pubblico', 'trovare', 'sera', 'casa', 'opzione', 'carica', 'notturno', 'notte', 'avere', 'auto', 'restare', 'connettere', 'fine', 'carico', 'costo', 'tempo', 'basso', 'andare', 'sera', 'mattino', 'servire', 'altro', 'mezzo', 'andare', 'auto', 'casa', 'casa', 'auto', 'causa', 'distanza', 'fare', 'chilometro', 'risparmio', 'pagare', 'corrente', 'costare', 'caricare', 'auto', 'dire', 'giorno', 'primavera', 'estate', 'fare', 'casa', 'lavoro', 'giorno', 'distanza', 'corto', 'altro', 'parte', 'possibilità', 'fare', 'risparmiare', 'stress', 'fare', 'batteria', 'avere', 'carico', 'ora', 'fare', 'spesa', 'comodo', 'lasciare', 'cena', 'trovare', 'libero', 'bastare']",59.76003908996566,37.27161292350216,32.25759422434917,42.75516617610835,15.976763001459465,60.51370181270316,49.593825508672374,77.38132772409014,aspettativa
j1py5cd,20,13,"['adorare', 'mare', 'inverno', 'piacere', 'passeggiare', 'gente', 'spiaggia', 'stagione', 'estate', 'caldo', 'fare', 'stare', 'pensiero']",8.953262505906153,3.0665061270147573,2.3080892449735178,2.780053329977079,1.6498753699912092,6.21364133981709,5.531386791219778,8.008912141205482,gioia
j1pvom0,247,172,"['sapere', 'intendere', 'offesa', 'guidare', 'elettrico', 'cosa', 'domestico', 'povero', 'comprare', 'attaccare', 'presa', 'fine', 'comprare', 'auto', 'installare', 'vario', 'livello', 'fare', 'installare', 'sprecare', 'roba', 'valere', 'prezzo', 'mero', 'vendita', 'caso', 'arrivare', 'aprire', 'attaccare', 'cavo', 'entrare', 'casa', 'fondo', 'barile', 'casa', 'chiuso', 'lasciare', 'cavo', 'cavo', 'organo', 'femminile', 'plastica', 'incastrare', 'cavo', 'problema', 'carico', 'continuo', 'avere', 'bisogno', 'auto', 'tempo', 'pubblico', 'trovare', 'libero', 'carico', 'richiedere', 'rifiutare', 'caricare', 'auto', 'batteria', 'presa', 'sbagliato', 'prendere', 'diverso', 'comune', 'attuale', 'prendere', 'auto', 'elettrico', 'trovare', 'libero', 'rapida', 'occupare', 'batteria', 'arrivare', 'pagare', 'costo', 'tenere', 'presa', 'avere', 'caso', 'avere', 'prezzo', 'economico', 'dire', 'avere', 'avere', 'costo', 'interessante', 'necessità', 'offrire', 'prezzo', 'simile', 'prezzo', 'discreto', 'simile', 'conto', 'carta', 'bancario', 'consumo', 'fisso', 'abbonamento', 'taglio', 'fisso', 'credito', 'scadere', 'utilizzare', 'tessera', 'caso', 'caso', 'costo', 'minuto', 'scatto', 'fisso', 'connessione', 'giro', 'applicazione', 'singolo', 'prezzo', 'errare', 'prendere', 'giro', 'raggio', 'corto', 'chilometro', 'fare', 'minimo', 'chilometro', 'anno', 'avere', 'casa', 'combinare', 'elettrico', 'fare', 'pieno', 'casa', 'primavera', 'estate', 'arrivo', 'avere', 'accesso', 'libero', 'parcheggio', 'gratuito', 'luogo', 'ginepraio', 'caso', 'caso', 'fiscale', 'locale', 'truffa', 'elettrico', 'convenire', 'senso', 'cambiare', 'auto', 'anno', 'coprire', 'aumento', 'prezzo', 'perdita', 'valore', 'auto', 'nuovo', 'cancellare', 'pubblicità', 'convenire', 'contrario', 'sedile', 'tavola', 'costare', 'aumento']",60.50243781839956,43.59779310929451,42.52496411901234,48.66762193632253,24.673652633015713,59.81728391412842,59.363754238816185,74.35969032124407,aspettativa
j1po2oi,294,209,"['storia', 'primo', 'amore', 'anno', 'bambino', 'capello', 'timido', 'insicuro', 'giornata', 'estivo', 'giocare', 'amico', 'infanzia', 'scuola', 'motivo', 'buono', 'persona', 'cattivo', 'invidioso', 'geloso', 'giorno', 'presentare', 'bambino', 'fare', 'cuore', 'giardino', 'amica', 'avere', 'passare', 'estate', 'giocare', 'scusa', 'passare', 'realtà', 'volere', 'stare', 'solo', 'volta', 'vedere', 'sospirare', 'finestra', 'fare', 'tenerezza', 'iniziare', 'storia', 'volta', 'raccontare', 'fantastico', 'divertente', 'dare', 'tramonto', 'campo', 'scuola', 'estivo', 'ingenuo', 'credere', 'dire', 'cuore', 'vantare', 'tristezza', 'evidente', 'migliore', 'amico', 'tempo', 'inventare', 'dimostrare', 'mese', 'migliore', 'amico', 'riuscire', 'numero', 'fratello', 'pensare', 'modo', 'fratello', 'fine', 'chiedere', 'numero', 'anno', 'avere', 'appuntamento', 'primo', 'amore', 'anno', 'pomeriggio', 'centro', 'fare', 'giro', 'prendere', 'gelato', 'tempo', 'ansia', 'tasca', 'luogo', 'indicare', 'cretina', 'iniziare', 'dubbio', 'sbagliare', 'piazza', 'iniziare', 'fare', 'principale', 'via', 'città', 'cosa', 'prendere', 'cellulare', 'risposta', 'ora', 'ora', 'silenzio', 'sentire', 'stupido', 'fare', 'nuovo', 'mezzo', 'ragazzini', 'felice', 'fine', 'tornare', 'casa', 'confuso', 'restare', 'chiamare', 'fine', 'sera', 'rispondere', 'rumore', 'maschile', 'vario', 'cattiveria', 'possibile', 'dire', 'venire', 'appuntamento', 'vista', 'giorno', 'successivo', 'piangere', 'tornare', 'indossare', 'tuta', 'ginnastica', 'sprofondare', 'depressione', 'notevole', 'amico', 'limitare', 'sapere', 'vedere', 'anno', 'pieno', 'tatuaggio', 'figlio', 'vivere', 'andare', 'palestra', 'avere', 'terzo', 'media', 'massimo', 'condividere', 'foto', 'maglietta', 'figlio', 'tipo', 'ascesa', 'mondo', 'arrivare', 'coprire', 'ruolo', 'tipo', 'capo', 'hotel', 'fare', 'amico', 'ignorante', 'genio', 'passare', 'mese', 'giurare', 'lavorare', 'servire', 'persona', 'riuscire', 'infilare', 'dito', 'caro', 'amico', 'amico', 'mancare', 'postare', 'storia', 'foto', 'scritto', 'sorella', 'tatuaggio', 'coppia', 'tizio', 'spacciare', 'dire', 'lavorare', 'tizio', 'fare', 'volere', 'erba', 'avere', 'soldo']",95.7981192795031,61.100843064696235,48.191463600626804,61.6007719272205,29.528371927168234,86.85770678527038,72.9823409503726,108.14695128513476,aspettativa
j1pblgs,30,25,"['esperienza', 'positivo', 'leggere', 'risposta', 'pecora', 'nero', 'episodio', 'bullismo', 'piccolo', 'centro', 'andare', 'culo', 'pecora', 'nero', 'compagnia', 'range', 'anno', 'dipingere', 'affollare', 'tavolo', 'bar', 'estate', 'alternare', 'campagna', 'massiccio']",11.290449993533818,5.2356484000254,4.174626187584429,5.306559556764127,3.713855384339102,8.560837558376504,8.318377532180165,10.67642379428099,gioia
j1n7lwg,18,15,"['dio', 'fan', 'cagare', 'modo', 'riuscire', 'testa', 'canzone', 'radio', 'novembre', 'ascolto', 'ricordare', 'bello', 'momento', 'precedente', 'estate']",8.665986503235281,3.7880208246875666,3.016021971129253,3.052937772360687,2.0803024056131405,6.342686848089462,5.9698377997983245,7.171148341032371,gioia
j1mblnn,7,4,"['generale', 'trovare', 'incredibile', 'inverno']",2.005045428186237,1.3559820619496605,1.2691468648366684,1.48188187983931,0.9541510295406419,1.5212961673815386,2.312879233996389,2.384291467530281,aspettativa
j1lpbka,10,8,"['campare', 'napoletano', 'vivere', 'posto', 'turistico', 'periodo', 'estate', 'napoletano']",4.265686859107662,1.3905212221641547,0.8748603248523426,1.2345745777413473,0.41103043637221726,3.3576022804005667,3.6629446001670516,4.719311535403198,aspettativa
j1lmy86,87,64,"['risparmio', 'elementare', 'media', 'compagno', 'classe', 'mensa', 'libro', 'vestire', 'firmare', 'continuare', 'cambiare', 'auto', 'università', 'compagno', 'corso', 'retta', 'via', 'familiare', 'inverno', 'andare', 'estate', 'lavorare', 'pagare', 'retta', 'alloggio', 'popolare', 'avere', 'casa', 'mare', 'avere', 'comunale', 'casa', 'pagare', 'affitto', 'giro', 'giocare', 'rivoluzionario', 'ex', 'collega', 'lavoro', 'fare', 'postare', 'foto', 'concerto', 'malattia', 'avere', 'conseguenza', 'sommare', 'venire', 'quadro', 'attuare', 'sistema', 'fiscale', 'americano', 'libero', 'gestire', 'avere', 'limite', 'contante', 'alto', 'reato', 'fiscale', 'punire', 'prigione']",28.557092259883543,15.790581008609095,14.963808808654367,18.449804971524237,9.002510256181706,25.773042575023652,20.886103938601924,30.827191591482865,aspettativa
j1khfp8,15,9,"['dire', 'servire', 'capire', 'stare', 'utente', 'anno', 'estate', 'passare', 'pregio']",4.043846891295746,2.2197933309944644,1.5181185131502166,1.5940622176242225,1.0277452371940163,4.2878246259882085,2.8511413267041212,4.797939342080454,aspettativa
j1hz0v3,100,76,"['sapere', 'vedere', 'studio', 'fare', 'vedere', 'traffico', 'stress', 'cosa', 'brutto', 'chiaro', 'persona', 'guida', 'trasporto', 'pubblico', 'dipendere', 'superiore', 'giorno', 'orario', 'servizio', 'braccio', 'odiare', 'stesso', 'potere', 'portare', 'genitore', 'andare', 'ufficio', 'vedere', 'strada', 'lavorare', 'periodo', 'ufficio', 'unico', 'scelta', 'prendere', 'auto', 'rimanere', 'tappare', 'traffico', 'doppio', 'senso', 'toccare', 'coda', 'salita', 'camion', 'auto', 'vario', 'università', 'cambiare', 'residenza', 'treno', 'dire', 'cosa', 'tranquillo', 'ritardo', 'fresco', 'estate', 'caldo', 'inverno', 'cosa', 'dire', 'superiore', 'sedile', 'comodo', 'arrivo', 'università', 'cammino', 'metro', 'università', 'esperienza', 'trasporto', 'pubblico', 'privato', 'misto', 'possibile', 'esistere']",29.086076158140287,17.9386617265203,16.53503852314005,19.32789075270041,12.068044171326813,28.850037037614726,23.370323433559097,33.378276405125916,aspettativa
j1hnh7b,9,9,"['anno', 'mezzo', 'fidato', 'inverno', 'trovare', 'aria', 'freddo', 'estate', 'riscaldamento']",4.7281393523344,1.951541695896942,1.3407445798837692,1.7594229832709938,1.167614242844072,4.000145499230827,3.290586695031597,4.854159710781104,aspettativa
j1ez06h,62,41,"['estate', 'post', 'diploma', 'amico', 'bere', 'tornare', 'tenda', 'tazza', 'pieno', 'totale', 'svegliare', 'tenda', 'ora', 'sentire', 'presenza', 'fianco', 'luce', 'vedere', 'ragazza', 'prendere', 'cosa', 'andare', 'capire', 'succedere', 'sapere', 'dare', 'giorno', 'serata', 'simile', 'svegliare', 'mattino', 'fare', 'terra', 'avvolgere', 'mare', 'discreto', 'pioggia', 'bastardo', 'amico', 'lasciare', 'marcire']",18.124190008128615,10.4754061910885,7.768474829446778,8.773217240145595,5.776617310603667,15.422605255231016,13.838148631338608,18.08150776639524,gioia
j1e7eja,12,7,"['crescere', 'scorso', 'estate', 'mangiare', 'anno', 'dito', 'piccolo']",3.4432078882431476,1.3435570846141434,0.5613488495226493,0.9974844115659771,0.3757356895368023,2.790300892542744,2.546530522030755,3.342822978387239,gioia
j1djjsd,34,25,"['caso', 'sentire', 'simile', 'periodico', 'periodo', 'anno', 'attrazione', 'uomo', 'attrazione', 'donna', 'tipo', 'periodo', 'sentire', 'genere', 'femminile', 'estate', 'uomo', 'dire', 'out', 'recente', 'stare', 'provare', 'cosa', 'sicuro', 'scrivere']",10.468258353247574,6.665490910286688,6.050602338270675,6.729849310924568,4.618792053111897,11.641203100833014,10.560028854932986,14.771314116931446,aspettativa
j1dhzra,62,42,"['esempio', 'pesca', 'limone', 'estate', 'preferire', 'pesca', 'significare', 'limone', 'conseguenza', 'periodo', 'vita', 'sentire', 'esplorare', 'sessualità', 'uomo', 'significare', 'automatico', 'gay', 'periodo', 'prossimo', 'esempio', 'fare', 'relazione', 'anno', 'fila', 'frequentare', 'ragazzo', 'significare', 'trovare', 'moro', 'relazione', 'biondo', 'persona', 'ragazzo', 'pensare', 'avere', 'attrazione', 'uomo', 'dimostrare', 'passare', 'parte', 'dire']",18.634267871419514,9.546670117819467,8.171601886399324,9.762768920925977,6.037232047935573,18.60640153641208,15.729236026755173,22.58958759048236,aspettativa
j1d4x9b,81,62,"['esperienza', 'personale', 'cultura', 'utilizzare', 'università', 'potere', 'libro', 'studio', 'resto', 'vedere', 'utilizzare', 'museo', 'concerto', 'libro', 'scopo', 'ritenere', 'ossessione', 'soldo', 'lavorare', 'estate', 'uscire', 'superiore', 'permettere', 'fare', 'spesa', 'aiutare', 'genitore', 'affidare', 'fondo', 'regalare', 'paio', 'persona', 'utilizzare', 'libro', 'universitario', 'parte', 'spendere', 'concerto', 'caso', 'sentire', 'parlare', 'acquistare', 'biglietto', 'concerto', 'causa', 'ottenere', 'biglietto', 'modo', 'liberare', 'fondo', 'utilizzo', 'limitato', 'cultura', 'usare', 'tipo', 'acquisto', 'sperare', 'parlare', 'simile', 'parte', 'ragazzini', 'anno']",29.732534689568926,14.593046659305648,11.971415307531558,15.087511096871438,8.410141648658053,27.432078569659172,24.06239419739021,32.63309261907246,aspettativa
j19rvuc,326,235,"['fare', 'citare', 'aspetto', 'positivo', 'mettere', 'negativo', 'tappeto', 'aggiungere', 'auto', 'elettrico', 'conoscere', 'provare', 'poco', 'fascia', 'motore', 'presa', 'diretto', 'giusto', 'giro', 'implicare', 'partenza', 'accelerazione', 'stress', 'avere', 'gomma', 'origine', 'chilometro', 'sembrare', 'fare', 'parlare', 'sostenere', 'servire', 'specifico', 'affermare', 'conto', 'gomma', 'risparmio', 'osservare', 'assicurazione', 'ritenere', 'auto', 'elettrico', 'sapere', 'rischioso', 'premio', 'doppio', 'offerta', 'avere', 'problema', 'avere', 'garage', 'casa', 'dare', 'vetro', 'omaggio', 'avere', 'senso', 'giustificare', 'doppio', 'premio', 'parlare', 'domestico', 'caro', 'prendere', 'minimo', 'scegliere', 'passare', 'eventuale', 'blocco', 'cavo', 'fare', 'partire', 'monte', 'aperto', 'avere', 'vicino', 'nascosto', 'roba', 'pseudo', 'utile', 'connessione', 'servizio', 'remoto', 'sparire', 'rendere', 'ferro', 'buttare', 'oggetto', 'dire', 'assurdo', 'mercato', 'pubblico', 'energia', 'proprietario', 'genere', 'intermediario', 'avere', 'prezzo', 'diverso', 'stesso', 'carica', 'scherzare', 'avere', 'uso', 'gratis', 'costo', 'acquisto', 'conto', 'carta', 'taglio', 'importo', 'fisso', 'fisso', 'mensile', 'pesca', 'diverso', 'zona', 'guardare', 'elenco', 'prezzo', 'carta', 'avere', 'tema', 'cavo', 'carta', 'basso', 'prezzo', 'personale', 'andare', 'diffuso', 'fare', 'residente', 'estero', 'via', 'caricare', 'parte', 'casa', 'privato', 'rapido', 'autostrada', 'altro', 'locale', 'imporre', 'mettere', 'poco', 'soldo', 'volta', 'anno', 'dire', 'autostrada', 'avere', 'poco', 'rapido', 'fare', 'sosta', 'breve', 'frequente', 'ammazzare', 'batteria', 'fare', 'carica', 'volta', 'creare', 'carico', 'porre', 'libero', 'auto', 'elettrico', 'aumentare', 'scarso', 'occupare', 'rapido', 'avere', 'caricare', 'potenza', 'scendere', 'gente', 'collegare', 'tempo', 'stare', 'aumentare', 'coda', 'rete', 'elettrico', 'fare', 'cominciare', 'camion', 'elettore', 'breve', 'auto', 'elettrico', 'origine', 'immaginare', 'batteria', 'rete', 'parte', 'tempo', 'usare', 'corto', 'raggio', 'casa', 'lavoro', 'casa', 'lavoro', 'costoso', 'batteria', 'pagare', 'privato', 'fa', 'rete', 'elettrico', 'nazionale', 'servire', 'consumare', 'energia', 'corsa', 'compensare', 'affermare', 'auto', 'uso', 'passo', 'gamba', 'estate', 'caldo', 'inverno', 'freddo', 'mancare', 'luce', 'spingere', 'luce', 'auto', 'elettrico', 'andare', 'accordo', 'energia']",88.88928067223304,54.47906736199131,52.63402705014438,62.68586167600216,31.231023434639916,82.68151245268993,78.33000910941657,105.83624064338788,aspettativa
j195d8p,76,58,"['tassa', 'concerto', 'cinema', 'disco', 'chitarra', 'elettrico', 'batteria', 'grande', 'cazzo', 'breve', 'volere', 'passare', 'studente', 'pagare', 'cosa', 'tasca', 'estate', 'cinema', 'andare', 'cinema', 'lira', 'film', 'studente', 'proiezione', 'viaggio', 'carta', 'verde', 'riduzione', 'studente', 'museo', 'mostra', 'disco', 'libro', 'usare', 'concerto', 'centro', 'sociale', 'offrire', 'libero', 'birra', 'lira', 'viaggiare', 'suonare', 'trombare', 'bere', 'video', 'complesso', 'divertire', 'casino', 'cultura', 'saltare', 'tempo', 'dritto', 'terra', 'vedere', 'volere', 'consiglio', 'cagare']",31.394510335786478,13.664119585250827,13.355281672626514,13.760089796952544,8.29417990484545,20.349417259188137,23.50084795462843,28.608175273548532,gioia
j18xc5d,61,51,"['trascurare', 'capacità', 'carico', 'assumere', 'mezzo', 'usare', 'persona', 'solo', 'percorso', 'breve', 'strada', 'giornata', 'bello', 'tempo', 'realtà', 'carico', 'diffondere', 'bici', 'vedere', 'veicolo', 'gente', 'usare', 'spostare', 'mobile', 'esempio', 'divano', 'usare', 'distanza', 'ordine', 'inverno', 'estate', 'immagine', 'provocazione', 'dare', 'parte', 'persona', 'usare', 'auto', 'pensare', 'spazio', 'occupare', 'città', 'energia', 'sprecare', 'lasciare', 'auto', 'vuoto', 'pensare', 'provocazione', 'mancare', 'vero']",20.183400791450648,16.647429930121394,15.729923900290153,17.044800654717776,9.225202893958425,20.311582728452596,17.341552114624157,22.881765404259077,aspettativa
j184yid,5,4,"['andare', 'giro', 'manica', 'corto']",1.0343039027532068,0.8474381979407786,0.46922770182350737,0.489818866814142,0.3407837302280849,0.8123953730700639,0.924500202753044,1.0641546639255692,aspettativa
j181o03,39,26,"['post', 'rinunciare', 'bicicletta', 'elettrico', 'trasporto', 'cosa', 'persona', 'sostituire', 'portare', 'mobile', 'autobus', 'portare', 'figlio', 'scuola', 'massimo', 'prendere', 'grande', 'giorno', 'lavoro', 'auto', 'vedere', 'fare', 'grado', 'credere', 'cambiamento', 'climatico']",11.604904567157467,6.374898600628523,6.184605654620141,7.041069814556449,4.07584362828959,10.112994107117785,9.264581756714506,12.986726668719392,aspettativa
j17yhck,20,10,"['estate', 'venire', 'infilare', 'pallina', 'carta', 'naso', 'giornata', 'tipo', 'cosa', 'sparo']",3.6529212742117236,1.8795230789546886,1.8296707370043162,2.2863302536987304,1.7046789202501853,2.686773771096289,3.107867486744464,3.142918821716036,gioia
j17uyy6,6,5,"['estate', 'amico', 'punto', 'alto', 'vita']",3.1607629244222757,0.7071477359294147,0.45695843205622777,0.728475209120091,0.1657073955815907,2.5787159723524185,2.3429035075090803,2.9640546039347844,gioia
j17kxkn,18,14,"['inverno', 'tenere', 'stesso', 'tuta', 'settimana', 'sudore', 'tenere', 'maglietta', 'estate', 'lavoro', 'completo', 'corto', 'bianco', 'giorno']",5.826724266363881,3.0009693677997844,2.3304645412978133,2.426963766339599,1.9769758751861963,5.933281383695134,4.178302993016,6.972723522147429,aspettativa
j168gac,16,10,"['mah', 'stare', 'paese', 'merda', 'sorprendere', 'estate', 'sparare', 'metro', 'finestra', 'matto']",3.0045208210159404,2.730513606569855,2.7363833869546554,2.5816427236761563,2.23202549378721,2.417015736978252,3.93229723157935,3.2424693488346352,sorpresa
j15vryk,13,12,"['chiedere', 'estate', 'tempo', 'passare', 'settimana', 'scorso', 'primo', 'volta', 'giusto', 'eventuale', 'visita', 'futuro']",4.429766394711016,3.1526480166302107,1.8331617950153356,3.115514109834655,0.988847111714486,5.3087301940783,3.9016054895185546,7.251174244312942,aspettativa
j15koay,17,15,"['cugino', 'andare', 'pazzo', 'volta', 'tornare', 'estate', 'inverno', 'portare', 'bello', 'bottiglia', 'trovare', 'preferire', 'dispiacere', 'piacere', 'dolce']",7.8711556252713635,4.474959173705874,3.1017483513933515,3.9680280336200187,2.2732247166912813,6.269407279908616,6.447644474547236,7.4060713786671615,gioia
j14xhba,21,18,"['lavorare', 'centro', 'capitare', 'passare', 'ragazzo', 'formazione', 'premessa', 'pagare', 'adeguato', 'ferie', 'malattia', 'base', 'massimo', 'staccare', 'lavorare', 'estate', 'risultare', 'giovane']",7.202328440648494,4.897650051952461,3.660484883155998,4.39827218540825,2.6674274876153836,6.20661910782198,6.209258251457101,8.256856676522972,aspettativa
j13m9g6,56,44,"['settimana', 'cambiare', 'completo', 'chiamare', 'casa', 'lavoro', 'casa', 'fermo', 'prendere', 'certo', 'livello', 'confidenza', 'giusto', 'venerdì', 'scorso', 'andare', 'amico', 'vestire', 'felpa', 'avere', 'anno', 'paio', 'tuta', 'divisa', 'palestra', 'problema', 'fare', 'spesa', 'tuta', 'ospite', 'tuta', 'ultimo', 'anno', 'fare', 'casa', 'inviare', 'coppia', 'amico', 'sapere', 'venire', 'tuta', 'solito', 'estate', 'cambiare']",20.538760236454838,9.276875256592598,6.7815052906247635,9.085971525818325,2.7846234534290235,20.236628374201498,14.733115380860582,23.406999589578835,aspettativa
j13jgcy,16,11,"['settimana', 'bastare', 'arrivare', 'ora', 'mezzo', 'prima', 'panino', 'ora', 'estate', 'ora', 'necessario']",4.532303379494457,2.0523068829321294,1.2242846410066,2.318074649124695,0.946222405597515,4.16367441569191,3.1658600931906062,5.223772614830468,aspettativa
j13cw4p,148,110,"['scrivere', 'post', 'iscritto', 'scienza', 'guadagnare', 'mese', 'autore', 'post', 'riferire', 'relazione', 'formazione', 'lavoro', 'scuola', 'superiore', 'preparare', 'giovane', 'mondo', 'complicato', 'bastardo', 'istante', 'incolpare', 'scegliere', 'percorso', 'studio', 'base', 'preferenza', 'conto', 'avere', 'genitore', 'formato', 'strada', 'lavorativo', 'valido', 'genitore', 'volere', 'lavoro', 'costo', 'maturità', 'giro', 'primo', 'estate', 'scuola', 'avere', 'motivo', 'condizione', 'economico', 'stabile', 'lavorare', 'meccanico', 'bicicletta', 'squallido', 'commettere', 'supermercato', 'fine', 'settimana', 'mattina', 'avere', 'genitore', 'pensare', 'futuro', 'informare', 'girare', 'mondo', 'aiutare', 'voglia', 'lavorare', 'avere', 'intenzione', 'ora', 'settimana', 'euro', 'mese', 'pensiero', 'generazione', 'mito', 'fare', 'rendere', 'felice', 'soldo', 'fare', 'felicità', 'pagare', 'bolletta', 'mezzo', 'trasporto', 'assicurazione', 'cellulare', 'connessione', 'internet', 'cibo', 'sigaretta', 'serio', 'dire', 'rinunciare', 'cosa', 'avere', 'lavoro', 'piacere', 'fare', 'preferire', 'coglione', 'girato', 'pizza', 'birra', 'morale', 'fine', 'serata', 'animo', 'sperare', 'chiaro']",48.79403886938304,29.628357401593096,28.09852668988727,30.301270026747922,19.320067395902473,45.14339186446331,37.928196064502515,57.93492463798179,aspettativa
j13bsld,5,4,"['estate', 'volere', 'valere', 'pena']",2.1331939986934585,1.6039166121889903,1.3237475549903468,1.2467412985063382,0.6463023813376518,1.8331745473913101,1.3674374881978788,2.4352975774593135,aspettativa
j137wx2,14,10,"['fare', 'euro', 'lavorare', 'conoscere', 'stesso', 'semplice', 'diploma', 'guardare', 'poco', 'anno']",4.153457394978583,2.805697227524559,1.9371337337298864,2.1777292595552713,1.1320121038399291,3.792356995838271,2.939956277841982,5.0430124936879235,aspettativa
j114kun,74,59,"['azione', 'fare', 'singolo', 'cittadino', 'pulire', 'riparare', 'mettere', 'sicurezza', 'piazza', 'parco', 'pubblico', 'vario', 'panchina', 'organizzare', 'attività', 'vario', 'corso', 'scrittura', 'creativo', 'pittura', 'biblioteca', 'centro', 'anziano', 'scuola', 'pomeriggio', 'sabato', 'domenica', 'compreso', 'organizzare', 'partita', 'bar', 'bello', 'stagione', 'tavolo', 'aperto', 'cucina', 'porta', 'mangiare', 'organizzare', 'notte', 'bianco', 'fine', 'estate', 'attività', 'rimanere', 'aperto', 'attività', 'richiedere', 'soldo', 'parte', 'richiedere', 'fare', 'buono', 'modo', 'ripartire', 'ricominciare', 'comitato', 'avere', 'spazio']",28.64810814507907,10.941653389898608,7.999271286874761,12.626538022594067,5.19404146909071,24.2602797242809,19.389448657770505,30.580558435679556,aspettativa
j10wbyv,22,16,"['piacere', 'tornare', 'estate', 'sesto', 'compleanno', 'iniziare', 'scuola', 'elementare', 'dire', 'stesso', 'comprare', 'possibile', 'centesimo', 'euro', 'anno', 'giusto']",7.606122030145157,3.5771365028405615,2.5736880715397055,3.549973348812341,1.8961796929449457,7.682565073768153,6.223856954065195,9.69627233353687,aspettativa
j107uee,2,1,['mese'],0.1543719395435401,0.3620891846483073,0.1094844936887748,0.2518925832217158,0.0560300182290601,0.2692854719451766,0.2714607583248606,0.5465041829615467,aspettativa
j0z7kni,62,50,"['volta', 'lavoro', 'visitare', 'giorno', 'volta', 'volta', 'cesso', 'posto', 'andare', 'inverno', 'stare', 'poco', 'aperto', 'persona', 'giro', 'piede', 'centro', 'commerciale', 'andare', 'estate', 'top', 'giro', 'chiuso', 'casa', 'hotel', 'fare', 'passo', 'inverno', 'estate', 'città', 'pieno', 'super', 'lusso', 'schiavo', 'lavorare', 'sole', 'operaio', 'lingua', 'indiano', 'andare', 'porto', 'pagare', 'tassa', 'merce', 'arrivare', 'paese', 'fare', 'vedere', 'posto', 'evitare']",20.373674490022626,12.351063566188936,9.338551093373374,10.249935336794977,7.796562173395435,17.851217047608195,14.972988184393436,23.790328542044477,aspettativa
j0z5cbi,3,3,"['mafia', 'uccidere', 'estate']",0.924243757312722,1.719539927294231,1.9563630551402156,1.7945761826662034,1.7492534236734578,0.8018590257415451,1.047791770562418,0.9092084919400235,rabbia
j0yqbug,6,4,"['singolo', 'stronzo', 'piacere', 'estate']",1.995675645234479,0.6114707776145588,1.2667777667431075,0.6357423336913343,0.9810506532164787,1.4732110411264525,1.4667664086484204,1.6983639539570579,gioia
j0yoxup,13,10,"['eccezione', 'estate', 'caldo', 'succo', 'pomodoro', 'ghiaccio', 'fare', 'contare', 'diffuso', 'trovare']",5.139038466278255,1.4459092158165854,1.5614057788833238,2.1539280825628317,1.1093286890881953,3.617591309398461,4.276005859974426,4.905755539058328,gioia
j0y4h11,14,9,"['stagione', 'freddo', 'grande', 'vita', 'normale', 'stagione', 'disagio', 'estate', 'inverno']",4.5833051124248,2.46272426174805,1.3877395195229918,2.339484634548223,1.367738825747725,3.7516725362898224,3.3689300601206114,5.013224579898971,aspettativa
j0x433w,63,46,"['abolizione', 'totale', 'partito', 'politico', 'restare', 'anno', 'esprimere', 'candidato', 'forte', 'combattimento', 'unico', 'scopo', 'mafia', 'legge', 'uccidere', 'estate', 'capitale', 'restare', 'ufficio', 'spostare', 'nuovo', 'ministero', 'andare', 'religione', 'libertà', 'religione', 'dire', 'faccia', 'punto', 'scattare', 'richiamo', 'verbale', 'seguire', 'ritornare', 'combattimento', 'fan', 'ridere', 'obbligo', 'cane', 'taglia', 'carico', 'tassa', 'giorno', 'giorno', 'dipendere', 'svegliare']",18.80410986941141,13.975094383153543,14.460082672255838,16.884587028695833,9.677339031489595,20.228319284399173,16.537926886184206,23.04132940212223,aspettativa
j0w3bls,10,9,"['piacere', 'estate', 'limone', 'pesca', 'andare', 'impossibile', 'forza', 'porco', 'dio']",3.9670803753456667,2.322420952842812,2.6464362906202057,2.134835263824403,2.1334382374370695,3.5989647964553884,3.3148579793055517,4.023289415273848,aspettativa
j0vljxi,2,2,"['estate', 'schifo']",0.8935832214196977,0.1898491308609085,0.37222406073544206,0.1321653559772307,1.0166902908968944,0.7175180046355436,0.7747807351480991,0.7424468552562935,disgusto
j0uwzcn,14,14,"['fare', 'anno', 'universitario', 'estero', 'dire', 'fermare', 'estate', 'modo', 'recuperare', 'tempo', 'dare', 'esame', 'rimandare', 'autunno']",4.082410669945626,3.412899406034834,2.0881909150403937,3.7338504063925915,1.3203579991194299,4.5695678776493045,3.9546539657998094,6.957358977882209,aspettativa
j0uw5nc,43,34,"['estate', 'solito', 'suonare', 'campanello', 'dire', 'passare', 'andare', 'posta', 'ritirare', 'classico', 'giorno', 'dire', 'pronto', 'tornare', 'lunedì', 'tenere', 'macchina', 'boh', 'lunedì', 'trovare', 'ufficio', 'chiuso', 'ambiente', 'venerdì', 'venerdì', 'festa', 'chiudere', 'lunedì', 'comprare', 'nuovo', 'prodotto', 'aspettare', 'tornare', 'primo']",15.084424816440936,9.386455806057926,6.514249891144514,8.242085160026004,4.630169291831501,13.469570406983117,13.01757010743717,18.111552795577328,aspettativa
j0tqg8l,8,6,"['giusto', 'fine', 'estate', 'buono', 'aspettare', 'grande']",3.399315402430453,1.5012421043160993,1.3189944931511608,1.6196527764157072,0.6551344175503014,3.54989074650227,2.8534068817664213,4.172200823614871,aspettativa
j0tlmsb,106,91,"['avere', 'poco', 'soldo', 'posta', 'libretto', 'postale', 'fare', 'nonno', 'poco', 'cazzata', 'estate', 'arrivare', 'comunicazione', 'parte', 'ufficio', 'postale', 'parere', 'cosa', 'sistemare', 'presenza', 'impossibile', 'fare', 'remoto', 'andare', 'forza', 'posta', 'posta', 'primo', 'sabato', 'ricevere', 'lettera', 'fare', 'fila', 'corto', 'partire', 'ricco', 'rito', 'impiegato', 'sportello', 'fare', 'cosa', 'prendere', 'appuntamento', 'consulente', 'finanziario', 'gestire', 'primo', 'appuntamento', 'disponibile', 'martedì', 'settembre', 'bruciare', 'permesso', 'lavoro', 'presentare', 'posta', 'consulente', 'mandare', 'ufficio', 'postale', 'avvisare', 'appuntamento', 'cancellare', 'giro', 'ricco', 'primo', 'sabato', 'novembre', 'via', 'andare', 'arrivare', 'novembre', 'volta', 'arrivare', 'messaggio', 'avere', 'isolamento', 'terzo', 'giro', 'angelo', 'santo', 'beato', 'scappare', 'lacrima', 'avere', 'nuovo', 'appuntamento', 'gennaio', 'idea', 'problema', 'dire']",38.15180873198126,22.652307365546463,18.029563951894605,23.929460765348086,9.9472297340066,32.034017151048,29.815835522052886,44.04315267684564,aspettativa
j0tikyv,16,14,"['neve', 'freddo', 'montagna', 'estate', 'vivere', 'anno', 'odiare', 'freddo', 'mese', 'consecutivo', 'neve', 'imparare', 'odiare', 'neve']",7.247985415849216,3.870268565230537,3.0604667406394204,3.7457184806992125,2.5479077926784415,5.219324638512792,6.062587211368728,6.910235944464075,gioia
j0rib70,46,43,"['nascere', 'crescere', 'genitore', 'italiano', 'vacanza', 'estate', 'venire', 'considerare', 'casa', 'sentire', 'parlare', 'italiano', 'vedere', 'ora', 'mangiare', 'volere', 'ingrassare', 'parlare', 'mamma', 'parlare', 'italiano', 'famiglia', 'papà', 'parlare', 'nord', 'dire', 'avere', 'accento', 'sud', 'sud', 'avere', 'accento', 'nord', 'sentire', 'crescere', 'vivere', 'infanzia', 'diverso', 'piacere', 'vivere', 'anno', 'difficile', 'pensare']",23.989261585002744,12.05735112359449,10.598108213077936,11.586942017333502,6.293142026458577,20.72899944451671,18.652602466395447,23.821067839748963,gioia
j0pp5s1,43,38,"['meraviglioso', 'luce', 'neve', 'stupendo', 'emozionare', 'volta', 'bosco', 'estate', 'dare', 'ombra', 'luminoso', 'magico', 'montagna', 'posto', 'amare', 'anno', 'andare', 'fare', 'passeggiata', 'semplice', 'pericoloso', 'pieno', 'tormenta', 'bello', 'vedere', 'panorama', 'cambiare', 'sembrare', 'vivere', 'altro', 'mondo', 'generale', 'amare', 'andare', 'montagna', 'montagna', 'freddo', 'silenzioso']",21.296892851494665,8.931641055785722,6.677704070680165,9.760380896137956,3.9456418382932092,14.18822820545772,16.43493234216831,18.840295247732218,gioia
j0p5dto,55,43,"['dispiacere', 'succedere', 'periodo', 'delicato', 'bocca', 'lupo', 'mamma', 'parte', 'fare', 'conto', 'testa', 'cazzo', 'estate', 'fare', 'rissa', 'vario', 'danneggiare', 'macchina', 'sportello', 'rotto', 'soddisfazione', 'puntare', 'naso', 'evitare', 'finire', 'guaio', 'sapere', 'giustizia', 'tutelare', 'primo', 'politica', 'dare', 'potere', 'forza', 'ordine', 'caso', 'caso', 'furto', 'rapina', 'adottare', 'linea', 'duro', 'tolleranza']",15.24189628182125,11.364597830453683,13.124780585408386,13.7857788600759,9.518645887656765,14.604835712613726,15.56513845846133,17.6858571604631,aspettativa
j0p3o9u,20,16,"['odore', 'odore', 'umano', 'classe', 'piccolo', 'aria', 'estate', 'sudare', 'inverno', 'dare', 'sparare', 'novembre', 'maggio', 'grazie', 'cazzo', 'sgradevole']",7.2012229159142,3.759675149395667,3.7454938296697793,3.1001670925840066,4.062433691706293,5.352368457666576,6.6874230560675585,6.975004554188375,gioia
j0p21rd,59,49,"['bello', 'piacere', 'natura', 'cosa', 'passare', 'posto', 'assurdo', 'volta', 'stesso', 'giornata', 'fine', 'sembrare', 'vivere', 'incontro', 'fare', 'giorno', 'speciale', 'vedere', 'percorso', 'dividere', 'tappa', 'raggiungere', 'posto', 'immaginare', 'volta', 'interessare', 'postare', 'video', 'vedere', 'convenire', 'inizio', 'primavera', 'dipendere', 'periodo', 'andare', 'esempio', 'anno', 'estate', 'prolungare', 'settembre', 'pieno', 'gente', 'meteo', 'controllare', 'giorno', 'bisognare', 'pioggia', 'caldo', 'montagna']",24.296873535652804,11.859747859175336,9.263999201048437,12.591371198271332,6.016903738077428,20.216823375576098,19.531592737231346,25.462000197820164,aspettativa
j0oslzc,21,17,"['riuscire', 'finire', 'progetto', 'stare', 'lavorare', 'anno', 'uscire', 'grande', 'famiglia', 'fare', 'acqua', 'figlio', 'estate', 'lavoro', 'tenere', 'intervento', 'positivo']",10.177586810568183,4.330783311635404,3.0620472312615243,3.7441068880676185,2.0813546774684153,8.437865037093882,6.114405868878932,10.365063419395963,aspettativa
j0l0qq9,3,2,"['inizio', 'scuola']",1.0503575110711585,0.7213985094413813,0.6083577438474128,1.2072076199900126,0.42849364771945686,1.2736893071036233,0.8514414231096157,1.4891192535414344,aspettativa
j0kymtg,13,11,"['spendere', 'euro', 'settimana', 'estate', 'primo', 'vacanza', 'anno', 'genitore', 'vedere', 'figlio', 'solo']",6.092086102574916,2.8365310910451096,2.5580873783980778,2.6588552918637944,1.390794001418402,5.336736904844259,4.258489796110688,6.810690658524021,aspettativa
j0j5k3p,7,7,"['andare', 'vacanza', 'estate', 'fare', 'pagare', 'centesimo', 'criminale']",2.683559718142846,1.5539650132842442,1.638194763124269,1.6651541305509365,1.3467371625936813,2.5115006113412974,2.7647437079119377,3.347323062447539,aspettativa
j0j1j36,40,31,"['vedere', 'servizio', 'estate', 'pieno', 'emergenza', 'idrico', 'iniziare', 'assorbire', 'importante', 'percentuale', 'sale', 'marino', 'giornalista', 'azienda', 'vantare', 'produrre', 'acqua', 'dolce', 'acqua', 'processo', 'impatto', 'ambientale', 'energia', 'vantare', 'metodo', 'impatto', 'consumo', 'energetico', 'ambientale', 'ricordare', 'chiedere']",13.940778846531398,6.412216565522731,5.346718262570835,6.793647499394686,4.646693863080013,11.3328669336887,8.972311788869398,12.7706254027618,gioia
j0hsfe9,4,3,"['estate', 'chilometro', 'minimo']",1.2066143047144295,0.49762319207090366,0.37928179076877677,0.2666896288688823,0.2174128623905538,1.2136947481624811,0.8469131422160129,1.3748970339539843,aspettativa
j0g910o,40,33,"['anno', 'forte', 'ansia', 'sociale', 'depressione', 'riuscire', 'terapia', 'psicologico', 'fare', 'sport', 'amico', 'parte', 'ansia', 'sociale', 'depressione', 'anno', 'prossimo', 'problema', 'ansia', 'partire', 'aumentare', 'probabilità', 'fare', 'estate', 'laboratorio', 'ricerca', 'capitare', 'trovare', 'ragazza', 'avere', 'forza', 'sfuggire', 'occasione']",14.696773067820494,10.81950142046191,8.470522554896254,13.049503214281478,4.101205869056554,14.277329057012036,13.741051584180997,18.366897324000178,aspettativa
j0g2zui,6,6,"['trovare', 'ragazzo', 'estate', 'togliere', 'maglietta', 'spiaggia']",3.422473192893086,0.9292922261309216,1.0076051703428248,1.24858973675032,0.5704158011076493,2.749521660073808,2.712067355135695,3.823989443947189,aspettativa
j0g2ldi,25,20,"['realtà', 'lavoro', 'negozio', 'capitare', 'venire', 'prova', 'ragazzo', 'giovane', 'giovane', 'unico', 'pensiero', 'lavorare', 'fine', 'settimana', 'estate', 'lavoro', 'realtà', 'fare', 'caso', 'pensiero']",8.874780330182533,5.860463924401937,4.3530139875087155,5.446014065679847,2.8079014239480338,7.674141349186676,7.607100878628492,11.346502629524988,aspettativa
j0g1aux,52,41,"['anno', 'mezzo', 'persona', 'vita', 'ritenere', 'amica', 'fidare', 'mancare', 'rispetto', 'fiducia', 'estate', 'passare', 'provare', 'maniera', 'maturo', 'chiedere', 'spiegazione', 'salire', 'nervoso', 'sapere', 'motivo', 'avere', 'supporto', 'considerare', 'parte', 'famiglia', 'parte', 'volere', 'rimanere', 'vita', 'altro', 'parte', 'strada', 'abitare', 'mezzo', 'chilometro', 'verificare', 'avere', 'coscienza', 'pulito', 'occhio']",19.416354747831686,9.948355809880075,8.469659275251265,10.270302750755933,4.535566425600432,18.592053137500464,13.867552342637843,19.550346597054094,aspettativa
j0frfeb,15,12,"['uscire', 'sembrare', 'parere', 'ricordare', 'problema', 'fatto', 'comprare', 'estate', 'indice', 'quotare', 'vero', 'preoccupazione']",5.006485324678769,3.0076569510319664,2.7183098540364745,3.3494997194648377,1.4305785862742342,4.3129616935708714,4.328041481572886,6.163530651485193,aspettativa
j0eizvo,35,28,"['vivo', 'settimana', 'sicuro', 'colore', 'bianco', 'capitare', 'lavatrice', 'lavatrice', 'asciugamano', 'lavatrice', 'tappeto', 'dire', 'media', 'lavatrice', 'settimana', 'riguardare', 'stirare', 'cosa', 'odiare', 'ovviare', 'stendere', 'maglia', 'inverno', 'stirare', 'estate', 'maglia', 'cotone', 'fare']",8.843093150447286,5.190805122553375,4.373951216911607,4.62147687497912,3.9143867360529616,8.765518383125528,6.886333421886677,11.868726686426172,aspettativa
j0ef8my,28,22,"['settimana', 'settimana', 'sporco', 'cosa', 'inverno', 'andare', 'raro', 'settimana', 'stirare', 'imparare', 'teoria', 'camicia', 'mettere', 'tempo', 'persona', 'curare', 'apparenza', 'livello', 'lavoro', 'richiedere', 'certo', 'camicia']",8.066608270658689,5.101685724565732,3.307689543389688,5.129104126675133,3.36422817649264,9.48735762887114,6.325084621875026,12.488925205772029,aspettativa
j0dy4ol,13,8,"['estate', 'capitare', 'pensare', 'dipendere', 'ingrediente', 'diverso', 'russo', 'tipo']",2.7581562944379736,3.1096353596146993,2.876346422773221,3.6788176306649785,2.53793109923202,3.090570330900164,3.3574371220107757,3.9990588461594694,aspettativa
j0dh0tq,38,30,"['volta', 'lenzuolo', 'asciugamano', 'volta', 'vestire', 'vario', 'estate', 'avere', 'jeans', 'lavare', 'aspetto', 'paio', 'cosa', 'fare', 'lavatrice', 'parte', 'addio', 'inverno', 'paio', 'cosa', 'lana', 'bagno', 'cucina', 'maledetto', 'cucina', 'sapere', 'lavare', 'avere', 'aspetto', 'accumulare']",10.985202354108,6.4293303038845915,5.245039434156467,6.17664910537234,3.9171659283330467,9.888255883421444,8.807863925365481,12.067952013184758,aspettativa
j0cshil,12,11,"['lavatrice', 'settimana', 'inverno', 'estate', 'camicia', 'evento', 'importante', 'lavoro', 'richiedere', 'abbigliamento', 'particolare']",5.327968026174972,2.480410801200898,1.651450836294526,2.0866013620000508,1.2866763017679133,4.983533694803552,4.156357628446358,6.936343962888875,aspettativa
j0crgt6,34,29,"['dipendere', 'contratto', 'lavoro', 'ora', 'portare', 'massimo', 'anno', 'solare', 'successivo', 'forza', 'spendere', 'caso', 'specifico', 'accordo', 'contratto', 'maturare', 'mese', 'prendere', 'monte', 'ora', 'totale', 'avere', 'diritto', 'avere', 'idea', 'maturare', 'organizzare', 'vista', 'estate']",12.98304319818625,5.729549445953088,5.242234515350036,7.511702904077282,3.239225665419906,12.994459655638806,9.690384508670101,15.258539205290353,aspettativa
j0cqmx6,66,52,"['ora', 'assumere', 'cosa', 'creare', 'problema', 'tipo', 'chiusura', 'aziendale', 'caso', 'azienda', 'spingere', 'fare', 'fine', 'anno', 'vedere', 'rappresentare', 'costo', 'sentire', 'azienda', 'attaccare', 'giorno', 'mezzo', 'chiusura', 'aziendale', 'periodo', 'natalizio', 'coprire', 'cosa', 'comune', 'creare', 'problema', 'avere', 'giorno', 'fare', 'andare', 'negativo', 'mettere', 'permesso', 'altro', 'canto', 'giorno', 'estivo', 'tenere', 'consecutivo', 'responsabile', 'capire', 'situazione', 'cosa', 'fare', 'ottica', 'prossimo', 'estate']",19.279250464913286,14.600647900943885,12.532870518849748,15.066107104922832,7.847788523690001,18.942810642158005,17.557113513007547,26.05353680214688,aspettativa
j0bxzyw,29,24,"['lavatrice', 'settimana', 'alternare', 'bianco', 'colorato', 'roba', 'accumulare', 'lana', 'porto', 'mamma', 'fare', 'roba', 'stirare', 'lavoro', 'estate', 'polo', 'inverno', 'coprire', 'maglietta', 'occasione', 'speciale', 'chiedere', 'nuovo', 'mamma']",10.988895376337702,4.474595612139505,2.97275059685881,3.985886692230099,2.542958271046643,10.1016696785831,8.8351700920044,10.966833411341073,gioia
j0bp3mp,33,19,"['stirare', 'usare', 'tecnica', 'colpo', 'fare', 'allenare', 'serpente', 'ombra', 'fare', 'serpente', 'colpo', 'roba', 'uso', 'pantalone', 'estate', 'giorno', 'tappeto', 'cotone', 'tenda']",4.648127956863931,3.6874190831553335,4.097894366421955,6.054829448215705,3.6755811888694145,5.326027245414258,4.372712724949703,6.025848240475318,paura
j0blmqq,6,5,"['rimettere', 'ex', 'estate', 'spassare', 'solo']",2.1167833427929477,1.4878637243718553,1.2670186895481836,0.9955188744363166,0.9524832776058306,1.4638809681162819,1.369555454123475,1.627163518604728,gioia
j0biix8,34,22,"['fare', 'settimana', 'media', 'estate', 'ovvio', 'ragione', 'sole', 'mettere', 'mezzo', 'giornata', 'giorno', 'inverno', 'semplice', 'avere', 'pago', 'stirare', 'mamma', 'avere', 'testa', 'dire', 'camicia', 'matrimonio']",9.446030298740332,3.36201998999622,3.44298792563811,4.027369459271505,2.1320281890029595,10.11864291747947,6.265384556982334,11.928920570501338,aspettativa
j0bgeu6,6,6,"['stirare', 'estate', 'servire', 'camicia', 'lavatrice', 'settimana']",2.185422947819122,1.0656014604608792,0.8423068913932346,0.7740570095811454,0.547162736541066,2.3316819814340217,1.5130740188292804,3.2108365803472285,aspettativa
j0ax7dk,27,17,"['legno', 'variazione', 'temperatura', 'piovere', 'chiudere', 'fare', 'bagnare', 'finestra', 'poco', 'protezione', 'inverno', 'calore', 'estate', 'dire', 'vicino', 'avere', 'fare']",6.415256286691668,3.460653411464152,3.051117245489279,3.5615666475944106,1.77158432405951,6.013299198594204,5.219550902155582,7.611140745411193,aspettativa
j0au4ns,52,46,"['conoscere', 'collega', 'ruolo', 'dirigente', 'vedere', 'soldo', 'scorso', 'estate', 'fare', 'fatica', 'credere', 'frase', 'persona', 'certo', 'età', 'certo', 'esperienza', 'spalla', 'pagare', 'mese', 'fare', 'dire', 'muovere', 'ambiente', 'pubblico', 'iscritto', 'volontariato', 'lavoro', 'unico', 'persona', 'mondo', 'idea', 'fare', 'valere', 'diritto', 'assumere', 'ultimo', 'possibilità', 'venire', 'mente', 'persona', 'alto', 'livello', 'lavorare', 'vedere', 'sentito']",21.230031823629197,10.298583434392249,8.695276527538644,10.839440719731796,6.445664589799386,18.961621209891746,13.378991745979805,23.533523452656446,aspettativa
j0ag8mt,32,22,"['avere', 'senso', 'mese', 'estate', 'passo', 'credito', 'ricevere', 'interesse', 'mese', 'creare', 'esperienza', 'significativo', 'ragazzo', 'imparare', 'stare', 'gruppo', 'volontario', 'vedere', 'pensare', 'fare', 'posto', 'vacanza']",12.581242973780281,3.4535844193416754,2.4455454244398545,3.986185077020016,1.5043246037541178,11.631794065821042,9.102180788489747,14.680678458143547,aspettativa
j09aqpo,47,37,"['stronzo', 'faticare', 'lamentare', 'arrivare', 'arrivare', 'grazie', 'rispetto', 'lavoro', 'sfruttare', 'avere', 'dovere', 'lavorare', 'strada', 'ferrovia', 'dire', 'estate', 'inverno', 'pretendere', 'ditta', 'passare', 'ditta', 'fare', 'lavoro', 'sicuro', 'ambiente', 'aprire', 'cavolo', 'fare', 'cantiere', 'capacità', 'lavorare', 'ufficio', 'lavorare', 'cercare', 'altro', 'lavoro', 'coprire']",13.651986748459374,10.381513062838179,9.165006954706442,8.207145559730822,6.008072766370612,13.814852410086806,10.758484609661496,17.83704365443492,aspettativa
j088t9m,7,6,"['numero', 'vero', 'saltare', 'anno', 'superiore', 'estate']",2.972970592796867,1.1744060813965382,1.0774505567930444,1.5627127688027196,0.827244737148008,2.8517520281510667,2.101514211952469,2.9755314050357007,aspettativa
j088hy8,16,14,"['lavoratore', 'opportuno', 'strumento', 'protezione', 'caso', 'clima', 'avverso', 'lavoro', 'fonte', 'padre', 'estate', 'interrompere', 'lavoro', 'caldo']",6.249664742802229,4.248247553600911,3.609485178664364,3.3425916206010107,1.9280629440918944,5.904645905555148,4.758883650904048,6.015820731357678,gioia
j06g7ii,57,43,"['comprare', 'auto', 'elettrico', 'usare', 'estate', 'batteria', 'prezzo', 'mese', 'inizio', 'crisi', 'energetico', 'casa', 'ottimo', 'auto', 'fare', 'viaggio', 'auto', 'comoda', 'guidare', 'silenzioso', 'notte', 'inizio', 'crisi', 'energetico', 'termine', 'casa', 'avere', 'pannello', 'solare', 'pieno', 'elettrico', 'costare', 'pieno', 'benzina', 'convincere', 'mese', 'garanzia', 'problema', 'fare', 'pensare', 'fare', 'rompere', 'garanzia']",18.04378793993484,10.744031541728225,10.79474461517164,12.939304413970191,5.790684306145681,16.977784907760533,14.649817929862568,20.659388628044923,aspettativa
j06eqh3,10,10,"['fan', 'servizio', 'studio', 'aperto', 'fontana', 'invitare', 'anziano', 'bere', 'acqua', 'estate']",5.59644142433965,2.0532557621663754,1.1512486108711566,1.7396603581519348,1.2795955381077817,4.460438900553052,3.463561116528803,5.479133997148535,gioia
j06czut,87,72,"['commentare', 'altro', 'post', 'ripetere', 'estate', 'posto', 'fare', 'settimana', 'ferie', 'prendere', 'venerdì', 'metà', 'ottimo', 'primo', 'giorno', 'fila', 'libero', 'venerdì', 'spesa', 'pomeriggio', 'trovare', 'amico', 'andare', 'università', 'cercare', 'specifico', 'avere', 'certezza', 'trovare', 'negozio', 'ufficio', 'aperto', 'sabato', 'giorno', 'giro', 'auto', 'partenza', 'mattino', 'ritorno', 'sera', 'dormire', 'domenica', 'mattina', 'domenica', 'dormire', 'divano', 'fare', 'vario', 'giro', 'casa', 'morale', 'benessere', 'iniziare', 'lunedì', 'fresco', 'sapere', 'avere', 'lavoro', 'organizzare', 'lavoro', 'rispettare', 'scadenza', 'sapere', 'avere', 'terminare', 'cosa', 'cazzeggio', 'riguardare', 'caso', 'aumentare', 'avere', 'possibilità']",38.30671875740685,14.003332504727805,10.592023631789136,15.695338364097408,6.563676042762268,31.850784274056775,24.886048150409405,40.23537947910268,aspettativa
j068e0h,273,203,"['articolo', 'disposizione', 'materia', 'riduzione', 'consumo', 'edificio', 'fine', 'ridurre', 'consumo', 'edificio', 'ottenere', 'risparmio', 'energetico', 'immediato', 'maggio', 'marzo', 'media', 'temperatura', 'aria', 'misurare', 'singolo', 'ambiente', 'unito', 'immobiliare', 'invernale', 'estivo', 'edificio', 'pubblico', 'esclusione', 'edificio', 'articolo', 'comma', 'regolamento', 'presidente', 'repubblica', 'aprile', 'numero', 'superiore', 'inverno', 'grado', 'grado', 'tolleranza', 'inferiore', 'estate', 'grado', 'grado', 'tolleranza', 'riportare', 'testo', 'articolo', 'presidente', 'repubblica', 'aprile', 'numero', 'recare', 'recare', 'criterio', 'generale', 'materia', 'esercizio', 'controllo', 'manutenzione', 'impianto', 'invernale', 'estivo', 'edificio', 'preparazione', 'acqua', 'caldo', 'uso', 'sanitario', 'norma', 'articolo', 'comma', 'lettera', 'legislativo', 'agosto', 'numero', 'articolo', 'massimo', 'temperatura', 'ambiente', 'funzionamento', 'impianto', 'invernale', 'medio', 'temperatura', 'aria', 'misurare', 'singolo', 'ambiente', 'unito', 'immobiliare', 'superare', 'tolleranza', 'edificio', 'industriale', 'tolleranza', 'altro', 'edificio', 'funzionamento', 'impianto', 'estivo', 'media', 'temperatura', 'aria', 'misurare', 'singolo', 'ambiente', 'unito', 'immobiliare', 'minore', 'tolleranza', 'edificio', 'temperatura', 'aria', 'ambiente', 'limite', 'fissare', 'comma', 'ottenere', 'energia', 'edificio', 'ospedale', 'clinica', 'casa', 'cura', 'comprendere', 'cura', 'minore', 'anziano', 'struttura', 'protetto', 'assistenza', 'recupero', 'tossico', 'dipendente', 'altro', 'soggetto', 'affidare', 'servizio', 'sociale', 'pubblico', 'escludere', 'rispetto', 'comma', 'zona', 'riservare', 'trattamento', 'medico', 'ospite', 'edificio', 'piscina', 'sede', 'rappresentanza', 'diplomatico', 'organizzazione', 'internazionale', 'stabile', 'comunale', 'concedere', 'motivare', 'limite', 'temperatura', 'aria', 'ambiente', 'comma', 'elemento', 'oggettivo', 'esigenza', 'legare', 'specifico', 'uso', 'temperatura', 'diverso', 'detto', 'valore', 'edificio', 'industriale', 'comunale', 'concedere', 'limite', 'temperatura', 'aria', 'ambiente', 'comma', 'verificare', 'seguente', 'condizione', 'esigenza', 'tecnologico', 'produzione', 'temperatura', 'diverso', 'valore', 'limite', 'energia', 'estivo', 'invernale', 'ambiente', 'sorgente', 'altro', 'modo']",71.9740313723087,36.805822082420526,33.56383527863587,43.453285315129094,26.48767046358252,75.45887930849818,53.463391274805595,93.70960639896568,aspettativa
j0411kl,9,7,"['freddo', 'arrivare', 'fare', 'doccia', 'inverno', 'gelato', 'estate']",4.5279453193742505,1.2770505601017859,0.7603224503905327,1.1328024828942982,0.5727474543071256,3.099407769714328,3.23260009696392,4.280977152744921,gioia
j03p0ga,50,41,"['sottolineare', 'buttare', 'soldo', 'spesa', 'pazzo', 'amministrazione', 'locale', 'fare', 'spendere', 'ricavare', 'entrata', 'rischiare', 'fare', 'collaborazione', 'fare', 'calare', 'spesa', 'conseguenza', 'tassa', 'esempio', 'felice', 'pulire', 'dire', 'metro', 'marciapiede', 'casa', 'foglia', 'autunno', 'tagliare', 'erba', 'primavera', 'estate', 'fronte', 'tassa', 'vicino', 'casa', 'fare', 'merda', 'altro', 'parte', 'strada']",15.905779615455929,9.429031922815414,7.799502674195476,9.538787989191361,5.7307568149155905,14.780156459721404,13.76363519880045,18.160284828420096,aspettativa
j03k817,71,54,"['smettere', 'fare', 'vacanza', 'sperare', 'iniziare', 'fare', 'parte', 'gente', 'lavorare', 'mese', 'anno', 'possibile', 'pelle', 'turista', 'tornare', 'sostituire', 'dire', 'causa', 'villaggio', 'lavorare', 'cane', 'mangiare', 'gente', 'leggere', 'recensione', 'guardare', 'giro', 'parlare', 'collega', 'amico', 'spesa', 'caso', 'scorso', 'estate', 'notare', 'turismo', 'solito', 'spiaggia', 'fare', 'vacanza', 'fermare', 'anno', 'minimo', 'servizio', 'struttura', 'costruire', 'metà', 'prezzo', 'cercare', 'tranquillità', 'top', 'anno', 'prossimo', 'andare']",25.29415215005172,12.850251854515331,9.044794577470336,11.236923898548008,6.661330635656322,23.119983270742246,19.96706444478892,28.635071093510827,aspettativa
j03e4f6,22,18,"['zona', 'felice', 'top', 'tipo', 'arrivo', 'prendere', 'metro', 'mezzo', 'parco', 'campo', 'tennis', 'servizio', 'essenziale', 'estate', 'avere', 'mare', 'milanese', 'vedere']",9.183696258348098,3.2326936218249873,2.8488978887138394,3.6750267643844627,1.9487634177907636,7.627413315991174,5.848134343626598,8.768415270436636,gioia
j0390br,144,106,"['dire', 'passare', 'ultimo', 'anno', 'vacanza', 'stesso', 'anno', 'anno', 'estate', 'vedere', 'parente', 'fidare', 'interpretazione', 'ingenuo', 'spiaggia', 'bello', 'pulito', 'andare', 'mezzo', 'metro', 'quadro', 'sapere', 'segreto', 'spiaggia', 'dire', 'mano', 'collegare', 'prendere', 'pagare', 'cliente', 'struttura', 'prezzo', 'costa', 'fronte', 'pagamento', 'trattare', 'pesce', 'faccia', 'settimana', 'posto', 'fila', 'servire', 'ritornare', 'spiaggia', 'libero', 'altro', 'modo', 'dire', 'mano', 'zona', 'piantare', 'mattina', 'spiaggia', 'libero', 'provare', 'dire', 'regalare', 'infilare', 'sabbia', 'curiosità', 'andare', 'sito', 'riportare', 'costo', 'concessione', 'zona', 'settimana', 'scorso', 'anno', 'spiaggia', 'libero', 'pagare', 'comune', 'località', 'frazione', 'residente', 'dire', 'mettere', 'sicurezza', 'mese', 'avere', 'soldo', 'sperare', 'riuscire', 'rompere', 'muro', 'nascere', 'azienda', 'serio', 'valorizzare', 'territorio', 'volere', 'attirare', 'turismo', 'massa', 'investire', 'cadere', 'capire', 'giro', 'continuare', 'pagare', 'sanzione', 'europeo', 'pazienza', 'giovane', 'fare']",46.32365242162199,23.029856104415973,19.586896431107615,24.03932900838293,12.363319896512227,42.83693143756728,36.59336733909263,52.378649946842145,aspettativa
j02w6t0,30,20,"['estero', 'pagare', 'mese', 'buttare', 'porta', 'sommerso', 'investire', 'estate', 'mancare', 'pagare', 'mandare', 'investimento', 'palazzo', 'tizio', 'vergogna', 'anno', 'pagare', 'affitto', 'possibile', 'scherzare']",4.256810650224361,5.67690257554187,4.708981271312281,6.051995297391257,3.661923957386013,5.6102677235163325,5.309139007249659,7.869897138155983,aspettativa
j02fm35,29,22,"['scuola', 'mezzo', 'parco', 'nord', 'autobus', 'passare', 'ospedale', 'tirare', 'dritto', 'andare', 'scuola', 'inverno', 'svolgere', 'primo', 'estate', 'tagliare', 'metro', 'strada', 'parco', 'caso', 'raro', 'nota']",8.773896177265238,5.934727501706948,3.9145044232084487,5.756229025154974,2.7343369280754173,7.4447120072416135,7.641184464125379,9.517972709066798,aspettativa
j02exhb,32,28,"['linea', 'comune', 'scuola', 'cosa', 'cambiare', 'percorso', 'esempio', 'linea', 'estate', 'passare', 'istituto', 'scolastico', 'cambiare', 'giro', 'riprendere', 'settembre', 'andare', 'lavoro', 'anno', 'abitare', 'zona', 'scuola', 'cambio', 'percorso', 'cambio', 'orario', 'comprare', 'auto']",11.307111111237411,6.918602915197388,4.716464762784357,7.796998406233974,3.033533114114886,11.332465340235784,9.692471153424071,14.502119105405212,aspettativa
j02efdw,38,35,"['consiglio', 'istituto', 'rimanere', 'scuola', 'sera', 'tardo', 'orario', 'tenere', 'riunione', 'tornare', 'casa', 'mezzo', 'estate', 'cambiare', 'frequenza', 'autobus', 'tipo', 'minuto', 'cambiare', 'linea', 'comune', 'scuola', 'cosa', 'cambiare', 'percorso', 'esempio', 'linea', 'estate', 'passare', 'istituto', 'scolastico', 'cambiare', 'giro', 'riprendere', 'settembre']",14.521901059891574,9.416333089019107,6.649888360978663,10.985131977528603,4.617530481520499,14.239999168279102,12.536308345159869,18.133163983552407,aspettativa
j027w3c,69,50,"['stare', 'cazzo', 'idea', 'fondo', 'buono', 'interpretare', 'spiaggia', 'libero', 'pieno', 'amministrazione', 'responsabile', 'posto', 'rifiuto', 'abbandonato', 'portare', 'riva', 'usare', 'luogo', 'consumo', 'stupefacente', 'dare', 'tipologia', 'spiaggia', 'gestione', 'privato', 'fine', 'rimuovere', 'rendere', 'spiaggia', 'discarica', 'ente', 'riuscire', 'estate', 'mare', 'provincia', 'spiaggia', 'libero', 'splendido', 'tenere', 'pulito', 'maggioranza', 'stabilimento', 'giusto', 'restare', 'libero', 'stabilimento', 'soldo', 'prendere', 'colazione', 'gelato']",24.189161784449485,11.131089811496214,7.96945082119498,10.329643587698028,6.648506586116663,21.08998002874585,17.321600767159826,24.00042918372051,gioia
j02724g,48,37,"['rinunciare', 'principale', 'fornitore', 'energia', 'infrastruttura', 'efficiente', 'scenario', 'fonte', 'attuale', 'costoso', 'prezzo', 'attuale', 'dipendere', 'grosso', 'parte', 'fatto', 'riuscire', 'riempire', 'riserva', 'estate', 'riuscire', 'continuare', 'pensare', 'cancellare', 'marcio', 'avere', 'visione', 'mondo', 'giocare', 'primo', 'prendere', 'bastone', 'fortuna', 'lasciare', 'politica', 'energetico', 'paese']",16.35274613151933,11.186358266082017,10.508085426505042,10.80631119392796,7.55320917102172,15.604577037692337,13.33989014834128,18.873891218073236,aspettativa
izybxeo,42,34,"['felicità', 'sensazione', 'armonia', 'spostare', 'anno', 'cosa', 'anno', 'interessare', 'dire', 'felicità', 'maturare', 'anno', 'capacità', 'trovare', 'rendere', 'felice', 'cosa', 'avere', 'bisogno', 'grande', 'segnale', 'imparare', 'vivere', 'momento', 'condizione', 'cogliere', 'dormire', 'panchina', 'problema', 'trovare', 'serenità', 'ammirare', 'luna', 'estate']",19.027603634811847,7.31748036692442,5.999817955969407,8.33857949565414,4.545779350388295,16.285993335828184,14.904708448658617,18.17298774053613,gioia
izybm65,18,16,"['bici', 'estate', 'fare', 'bello', 'uscita', 'chilometro', 'casa', 'mangiare', 'montagna', 'cibo', 'dormire', 'tempo', 'povero', 'dare', 'morto', 'soddisfazione']",8.904260503026778,4.78964267912761,3.19387529831822,3.943419652002002,1.756333532696647,6.477144571484537,6.758616232567906,8.301371807083273,gioia
izy22vl,139,110,"['mettere', 'reddito', 'minimo', 'ora', 'vivere', 'città', 'economico', 'studente', 'parte', 'parte', 'spesa', 'affitto', 'reddito', 'residenza', 'universitario', 'possibilità', 'lavorare', 'nero', 'ora', 'estate', 'esame', 'fine', 'maggio', 'finire', 'esame', 'riprendere', 'gennaio', 'luglio', 'settembre', 'lavorare', 'ricordare', 'amico', 'scioccare', 'sapere', 'esame', 'settembre', 'pressione', 'modo', 'aiutare', 'considerare', 'ultimo', 'società', 'mancare', 'creare', 'circolo', 'autonomo', 'indipendente', 'sicuro', 'andare', 'casa', 'genitore', 'italiano', 'iniziare', 'stare', 'casa', 'anno', 'culturale', 'problema', 'nascondere', 'tappeto', 'culo', 'dire', 'guardare', 'caso', 'dire', 'andare', 'casa', 'anno', 'altro', 'casa', 'proprietà', 'famiglia', 'sede', 'mamma', 'papà', 'affitto', 'spesa', 'studiare', 'vivere', 'casa', 'affitto', 'genitore', 'anno', 'campare', 'stipendio', 'minimo', 'mezzo', 'fratello', 'studiare', 'lavorare', 'aiutare', 'famiglia', 'borsa', 'studio', 'aiuto', 'caso', 'altro', 'parte', 'possibile', 'minimo', 'forza', 'cosa', 'aiutare', 'nonno', 'anima', 'zio', 'anno', 'vedere', 'riuscire', 'permettere']",49.81932492235699,32.54679271016851,24.685991806626316,28.091861063994532,14.393712414828961,48.9186163958957,39.734527554922394,57.84120044870459,aspettativa
izweuey,24,16,"['partecipare', 'competizione', 'breve', 'tipo', 'volta', 'settimana', 'alpino', 'neve', 'sentiero', 'estate', 'vario', 'elettronico', 'semplice', 'ora', 'giorno', 'pensare']",7.061056687294181,4.0388668814339255,3.3182181498457224,5.106432322466443,1.9477756561391892,7.121138494496611,6.241942866464983,8.353089465703913,aspettativa
izwao27,13,11,"['dimenticare', 'fatto', 'nero', 'ragazzo', 'anno', 'lavorare', 'estate', 'nero', 'pensare', 'problema', 'anno']",4.337953616315738,3.934673358840377,3.044007467617883,3.2630458525547827,1.7335232581286775,4.328822069942602,2.938774450822106,5.335812478594976,aspettativa
izw13hc,25,22,"['sembrare', 'parlare', 'andare', 'cugino', 'tornare', 'casa', 'inizio', 'estate', 'anno', 'centro', 'recupero', 'problema', 'alcolismo', 'stare', 'anno', 'primo', 'sacco', 'giorno', 'pensare', 'anno', 'fare', 'schifo']",9.852801551121738,5.961987801567159,4.509447333443088,5.3744945809735025,3.577203224888162,9.650026493429579,7.776648154350584,11.539930086059877,aspettativa
iztbo1l,18,13,"['vivo', 'conto', 'riscaldamento', 'fare', 'stare', 'paio', 'pesante', 'stare', 'problema', 'estate', 'mese', 'ora', 'giorno']",4.923805529742723,3.3841006293709293,2.7613652514597855,3.4343225008506386,1.296153050476038,4.635603791034859,3.747745321364805,6.295232268779194,aspettativa
iztayqc,73,58,"['presupposto', 'single', 'malattia', 'anno', 'stare', 'stesso', 'basare', 'felicità', 'presenza', 'persona', 'vita', 'single', 'fare', 'esperienza', 'persona', 'nuovo', 'avere', 'bello', 'ricordo', 'periodo', 'adorare', 'primo', 'mese', 'persona', 'nuovo', 'scoperta', 'altro', 'persona', 'momento', 'ritenere', 'giusto', 'momento', 'bello', 'anno', 'estate', 'via', 'clima', 'avere', 'giornata', 'luce', 'fare', 'umore', 'adorare', 'neve', 'lavoro', 'clima', 'diverso', 'percepire', 'aria', 'conclusione', 'spuntare', 'mangiare', 'ufficio', 'cosa', 'semplice', 'parere', 'festoso', 'estivo']",28.970083371381318,15.743913977719076,12.54565227001385,15.880255959560936,9.153091360160975,22.67054909645713,23.105397388693238,29.41809880473408,aspettativa
izt1s0f,19,12,"['piacere', 'leggere', 'libro', 'cinema', 'gioco', 'serie', 'gioco', 'manuale', 'weekend', 'primavera', 'giro', 'moto']",8.203056445977964,1.5180212730590663,0.9817245164334389,1.5635065359959786,0.9556778357525695,4.982312267691895,5.401945213345138,7.084420282018702,gioia
izscrv1,14,12,"['simile', 'scrivere', 'fotografia', 'estate', 'andare', 'primo', 'volta', 'fare', 'bello', 'soddisfazione', 'avere', 'anno']",6.926557669648087,2.5854165029854137,2.1954916886284095,2.309127146399667,1.1195623566964115,5.259190014244924,4.972097139909907,7.088419388904645,aspettativa
izsc3v9,2,2,"['neve', 'estate']",1.6532463117165115,0.4577370366197494,0.1631730102531587,0.3121484255081743,0.07063616055901789,0.9582017732240393,1.210512688223678,1.1919659088700136,gioia
izryf8t,27,20,"['vivo', 'casa', 'locale', 'spendere', 'gas', 'media', 'mensile', 'mese', 'estate', 'prezzo', 'energia', 'cambiare', 'contratto', 'cambiare', 'avere', 'contratto', 'prezzo', 'bloccare', 'tempo', 'fa']",7.416049471225075,5.237147903187595,4.333763527079099,6.487017947854408,2.6816472161609446,7.223300611882278,6.823676942606548,9.651509156990597,aspettativa
izrsqmy,14,10,"['grazie', 'mese', 'prendere', 'estate', 'avere', 'sintomo', 'grazie', 'protezione', 'durare', 'mese']",4.715062137509718,2.3288959265074025,1.4964680201060947,2.7409286738519025,0.7170154470752762,5.157388671288184,3.385215804649298,5.471916733708538,aspettativa
izrqhlu,7,6,"['bastare', 'grado', 'vivo', 'problema', 'estate', 'inferno']",2.5392025617018885,1.6357214506551607,1.5652921039319156,1.9786497925802566,0.7371046197742565,1.849376464329062,1.6601585170890347,2.126620858958014,gioia
izrq01p,18,17,"['acqua', 'comprare', 'casetta', 'estate', 'scoprire', 'comune', 'mettere', 'paio', 'ora', 'giorno', 'giorno', 'fare', 'ponte', 'parte', 'avere', 'manco', 'acqua']",8.328241020123894,3.3488066514947152,2.278977545865891,3.891471284753184,1.57431894070866,6.615711766089971,5.3154248603931995,8.102168749055286,gioia
izrpc37,22,20,"['luce', 'gas', 'fornitore', 'unico', 'estate', 'momento', 'affitto', 'mettere', 'doppio', 'vetro', 'fare', 'agenzia', 'sapere', 'bene', 'male', 'controllare', 'ultimo', 'bolletta', 'inglese', 'prezzo']",7.318618606671204,5.355279802862417,5.219968088771,5.5292261610261235,3.2801992674445732,7.311522681545967,6.12597054391807,8.656231372015656,aspettativa
izrh778,12,5,"['lato', 'migliore', 'caldo', 'estate', 'inverno']",2.5733156347576713,0.7223196089718777,0.7154982973176957,0.5449867299675251,0.3295034201610229,2.14134266653239,1.7285170571596415,2.9000121076684087,aspettativa
izppzza,93,80,"['domanda', 'prezzo', 'iniziare', 'salire', 'via', 'forte', 'ripresa', 'domanda', 'livello', 'globale', 'particolare', 'post', 'produzione', 'riduzione', 'flusso', 'estate', 'vendita', 'contratto', 'breve', 'durata', 'pensare', 'tempo', 'cominciare', 'ridurre', 'flusso', 'mettere', 'pressione', 'approvare', 'chiaro', 'fare', 'preparazione', 'invasione', 'metà', 'anno', 'stima', 'probabilità', 'arrivare', 'fine', 'inverno', 'gas', 'differenza', 'consumo', 'gas', 'inverno', 'freddo', 'inverno', 'medio', 'alto', 'preparato', 'corso', 'anno', 'probabilità', 'salita', 'minore', 'prezzo', 'contenere', 'chiamare', 'prezzo', 'aggiustare', 'scenario', 'futuro', 'teorico', 'gas', 'prezzo', 'raggiungere', 'assegnare', 'probabilità', 'succedere', 'capire', 'prezzo', 'rimanere', 'alto', 'meteo', 'fine', 'gennaio', 'rischio', 'ridurre', 'prezzo', 'riflettere', 'cambiamento']",29.169157394230243,21.430392141582303,16.12869318466438,25.039810169661415,10.60978702870974,28.969507606051184,27.357719937562507,40.227823378491046,aspettativa
izovwnq,23,19,"['trovare', 'commento', 'costruttivo', 'città', 'comprare', 'casa', 'imprenditore', 'estate', 'tornare', 'città', 'metropolitano', 'chiaro', 'scuro', 'città', 'piacere', 'acquisto', 'soldo', 'restare', 'investimento']",9.509280924440384,4.912910794632159,3.3955752049180896,5.386647715775173,2.09232487640205,8.76446349465165,7.726325399491204,10.612147857369058,aspettativa
izovpir,53,42,"['discussione', 'ritenere', 'fortunato', 'venire', 'anno', 'vista', 'ragazza', 'posto', 'famiglia', 'adorare', 'dire', 'ricevere', 'sorriso', 'domanda', 'gente', 'dire', 'estate', 'fantastico', 'sapere', 'resto', 'generale', 'avere', 'impressione', 'italiano', 'trattare', 'immigrato', 'alto', 'classe', 'nord', 'aiutare', 'avere', 'aspetto', 'tedesco', 'pelle', 'chiaro', 'capello', 'sapere', 'meridionale', 'diverso', 'commento', 'piacere', 'avere']",19.567222730344955,7.564982009062087,7.0784272046361965,9.028248273908222,5.217018468979812,17.988045358446563,15.576567981205955,20.21345708919677,aspettativa
izon12k,96,67,"['paese', 'origine', 'studiare', 'scuola', 'privato', 'bagno', 'classe', 'inizio', 'vecchio', 'giorno', 'laboratorio', 'informatica', 'linguaggio', 'programmazione', 'usare', 'ottimo', 'bar', 'grande', 'piccolo', 'stare', 'comprare', 'piccolo', 'teatro', 'piscina', 'piccolo', 'grande', 'attrezzatura', 'laboratorio', 'nuovo', 'biblioteca', 'andare', 'chiedere', 'prestito', 'libro', 'andare', 'intervallo', 'fare', 'compito', 'campo', 'campo', 'calcio', 'andare', 'nuovo', 'struttura', 'scuola', 'esempio', 'sorta', 'campo', 'calcio', 'via', 'calore', 'estate', 'opinione', 'scuola', 'privato', 'paese', 'dirigere', 'anno', 'scuola', 'trovare', 'scuola', 'perfetto', 'volta', 'beccare', 'fumare', 'bere', 'alcol']",27.608861652285672,13.793599339793396,12.112125469163551,15.55970158559443,9.854160585945937,25.028088953450396,21.755822815549585,30.651290436036184,aspettativa
izomtwk,63,51,"['fare', 'anno', 'scuola', 'privato', 'caso', 'gestire', 'differenza', 'servizio', 'seguito', 'pullman', 'scuola', 'essenziale', 'venire', 'altro', 'provincia', 'cambiare', 'autobus', 'pubblico', 'assistente', 'autista', 'seguire', 'bambino', 'durare', 'minuto', 'persona', 'assicurare', 'estate', 'uscire', 'campo', 'calcio', 'spazio', 'fattibile', 'lasciare', 'bambino', 'solo', 'mensa', 'professore', 'aiutare', 'compito', 'altro', 'servizio', 'dimenticare', 'caso', 'segnalazione', 'prendere', 'serio', 'professore', 'bravo', 'avere', 'vita', 'facile']",20.49365480927519,12.395429385615365,9.844147090922265,14.628811955156404,7.315258243701233,21.571771858204347,17.773370202483125,24.803044186383115,aspettativa
izn0nnl,5,5,"['vacanza', 'inverno', 'nord', 'estate', 'sud']",2.963621233677179,1.0318818969450074,0.8835583637976574,0.9133202025951306,0.5401376767709224,2.3104021004817303,2.5053444182596474,3.0161412931885234,aspettativa
izmzf2c,21,15,"['sacco', 'roba', 'lavoro', 'estate', 'arrivare', 'corriere', 'ghiacciare', 'gentile', 'corriere', 'creare', 'associazione', 'positivo', 'abitazione', 'avere', 'problema']",7.68554594998366,2.948225330945996,3.1074170775246017,3.3564677693765246,1.530007501593162,7.34495813316562,6.133917352398265,8.687305323745173,aspettativa
izmgcj0,44,30,"['estate', 'tranquillo', 'cosa', 'leggero', 'differenza', 'pensare', 'doloroso', 'intervento', 'durare', 'ora', 'aspirare', 'liquido', 'fare', 'evitare', 'finta', 'prendere', 'manica', 'maglia', 'lato', 'paio', 'ora', 'riprendere', 'gamba', 'caduta', 'punto', 'nuovo', 'primo', 'tempo', 'vedere', 'strano']",10.044666643547776,7.546157982660778,5.484281656690147,7.904088816099182,4.1932798377185305,9.877929513684823,8.900541333513688,12.298134342608822,aspettativa
izkkggm,35,25,"['prendere', 'maggio', 'possibile', 'categoria', 'specifico', 'passare', 'settimana', 'terribile', 'forte', 'avere', 'settimana', 'guarire', 'avere', 'gamba', 'fare', 'saltare', 'pari', 'estate', 'causare', 'depressione', 'convinto', 'passare', 'vedere', 'lato', 'negativo']",9.213275726766241,5.815697431699468,4.540664290133144,6.890647637933687,3.1160481037391774,9.3225482528994,6.91630150893836,11.655686178573196,aspettativa
izjlqzh,33,29,"['giusto', 'teoria', 'fare', 'appunto', 'andare', 'vestire', 'andare', 'giro', 'nudo', 'posto', 'proibire', 'estate', 'andare', 'strada', 'costume', 'bagno', 'vedere', 'fare', 'cadere', 'dittatura', 'obbligare', 'fare', 'cosa', 'governo', 'permettere', 'fare', 'arrivare', 'dittatura', 'argomento']",10.667906325123242,6.741145888726095,6.466407634004777,8.304183302499387,5.523105158294444,10.667120280140722,9.160456874897315,14.187345261198221,aspettativa
izjchau,79,63,"['avere', 'fortuna', 'genitore', 'compagna', 'settimana', 'risultato', 'negativo', 'settimana', 'isolamento', 'casa', 'sperare', 'positivo', 'riunire', 'caro', 'pieno', 'estate', 'ricordare', 'unico', 'stanza', 'prendere', 'giorno', 'resto', 'accusare', 'sintomo', 'fare', 'giorno', 'stanza', 'particolare', 'motivo', 'primo', 'volta', 'risultato', 'negativo', 'dovere', 'aspettare', 'giorno', 'dose', 'perdere', 'paio', 'giorno', 'sigaretta', 'sapere', 'strano', 'parte', 'impegno', 'lavoro', 'sperare', 'parere', 'virus', 'avere', 'settimana', 'pausa', 'mondo', 'dormire', 'recuperare', 'serie', 'soffrire', 'giorno', 'unico', 'sano', 'generale', 'conseguenza', 'mese']",28.40244428783514,19.016229778017735,14.597819486197604,18.21773232908082,9.536048568022576,26.94904132993216,20.69089186207311,31.58796044398159,aspettativa
izjaure,58,46,"['chiedere', 'previsione', 'futuro', 'umanità', 'credere', 'succedere', 'migliorare', 'peggiorare', 'visione', 'accadere', 'problema', 'cambiamento', 'climatico', 'fretta', 'episodio', 'catastrofico', 'fretta', 'frequente', 'estate', 'scorso', 'anno', 'trattare', 'fenomeno', 'normale', 'evento', 'credere', 'umanità', 'sopravvivere', 'lavorare', 'cambiamento', 'climatico', 'inquinamento', 'cosa', 'fare', 'previsione', 'parlare', 'condizione', 'sopravvivenza', 'favore', 'condividere', 'previsione', 'aspettare', 'preciso', 'pensare', 'idea', 'futuro']",17.56948045048516,14.610958249558697,12.878448007900829,17.41803018306659,8.1382841737232,18.60472510467692,18.362069479694657,25.001521444412234,aspettativa
izj8dp0,76,58,"['significare', 'parte', 'gente', 'pensare', 'cambiamento', 'climatico', 'massa', 'passare', 'cazzo', 'estate', 'mese', 'problema', 'dire', 'cambiamento', 'climatico', 'dire', 'periodo', 'pioggia', 'avere', 'vedere', 'evento', 'raro', 'problema', 'effetto', 'ripetere', 'propaganda', 'fare', 'effetto', 'parte', 'persona', 'pensare', 'cambiamento', 'climatico', 'effetto', 'catastrofico', 'pianeta', 'vero', 'grave', 'cambiamento', 'climatico', 'vedere', 'anno', 'area', 'avere', 'problema', 'altro', 'area', 'area', 'guadagnare', 'cambiamento', 'climatico', 'persona', 'prendere', 'considerazione', 'meccanismo', 'specie', 'umano', 'alto']",20.779695580817076,17.847711735215796,15.009768424882182,21.180627644029634,9.127399079276438,18.143466723447677,23.959500344783883,27.031540408965217,aspettativa
izj6xih,25,19,"['fare', 'dire', 'cazzo', 'crisi', 'climatico', 'particolare', 'persona', 'torto', 'passare', 'cazzo', 'estate', 'mese', 'problema', 'dire', 'cambiamento', 'climatico', 'cosa', 'genere', 'discussione']",5.087858803723108,6.162905204855816,6.015211499680019,6.629551735247923,4.029218852184096,5.087463551802209,7.662677654244545,7.928265634643556,aspettativa
izicx37,21,18,"['fare', 'rimanere', 'accendere', 'periodo', 'volta', 'mese', 'aggiornamento', 'avere', 'paura', 'radiazione', 'capire', 'cazzo', 'funzionare', 'cosa', 'estate', 'andare', 'pelle', 'sole']",8.049631115794083,3.5498005833271042,3.6410971943055483,4.512197094409141,2.401673126126277,7.546686934447835,6.6872224765102715,8.392794175689838,aspettativa
izgz6p8,94,80,"['parlare', 'operetta', 'sapere', 'anno', 'complicato', 'crisi', 'economico', 'terrorismo', 'minaccia', 'invasione', 'parte', 'forza', 'uomo', 'politico', 'aprire', 'ricordare', 'processo', 'persona', 'esponente', 'servizio', 'condannare', 'commissione', 'parlamentare', 'terrorismo', 'occupare', 'sapere', 'estate', 'personalità', 'legare', 'repubblica', 'dare', 'fare', 'organizzare', 'colpo', 'azione', 'notte', 'città', 'italiano', 'generale', 'guardia', 'organizzare', 'colonna', 'allievo', 'armare', 'fucile', 'trasportare', 'mezzo', 'corpo', 'automobile', 'stesso', 'ragazzo', 'incarico', 'occupare', 'studio', 'altro', 'fare', 'entrare', 'palazzo', 'ministero', 'interno', 'prendere', 'custodire', 'mezzo', 'respingere', 'eventuale', 'attacco', 'armato', 'tempo', 'terrorismo', 'simile', 'azione', 'possibile', 'risultare', 'distribuire', 'numero', 'indifferente', 'persona', 'armato', 'catturare', 'presidente']",23.24449230672462,21.892518264331127,23.38109693742684,25.695236265238854,18.151139111330764,27.334103921775853,25.49815407536075,34.956168761461555,aspettativa
izgh11l,65,51,"['ricordare', 'settembre', 'portare', 'magazzino', 'abbigliamento', 'spendere', 'milione', 'stagione', 'estate', 'intero', 'casa', 'mare', 'settimana', 'montagna', 'febbraio', 'corso', 'sci', 'nuoto', 'nuoto', 'appartamento', 'estivo', 'villaggio', 'anno', 'genitore', 'fare', 'venire', 'nuoto', 'tenere', 'lezione', 'volta', 'settimana', 'piscina', 'posto', 'pieno', 'via', 'dire', 'vedere', 'spendere', 'guadagnare', 'lamentare', 'avere', 'pensione', 'merda', 'povertà', 'sapere', 'padre', 'prendere', 'stipendio', 'compagno', 'fare', 'incazzare']",25.812458300136175,11.248346806397173,9.462349511495331,12.221713789378667,6.256463593044904,20.013658001596507,15.752030705534171,25.669380054049846,gioia
izezljl,19,15,"['mangiare', 'serio', 'luogo', 'bellissimo', 'mare', 'città', 'famoso', 'pieno', 'turista', 'estate', 'scegliere', 'mettere', 'sale', 'nuovo', 'pane']",7.778014157939962,2.043998942699055,1.253159011122409,2.50724556159911,1.1967564864332616,5.980354383760105,5.297806109729838,8.417221512048902,aspettativa
izeih0c,20,15,"['partito', 'esame', 'conoscere', 'gennaio', 'attuale', 'fidanzato', 'maggio', 'mare', 'impegno', 'estate', 'mese', 'colloquio', 'andare', 'vuoto', 'scoraggiato']",6.0499418900659725,4.350963281789295,2.87914093583263,4.5916726412535445,1.6785138298218294,6.3296282292790185,4.666964176269741,8.589358315404297,aspettativa
izb9ot7,11,9,"['perdonare', 'sardo', 'estate', 'vista', 'avere', 'conato', 'cosa', 'peggiore', 'vista']",3.648696645903064,2.342153486523241,2.255436269641373,1.8214505065941236,2.3672345675916207,3.9952075099258346,2.77016826673755,3.629608367148247,fiducia
izb8qb5,90,75,"['avere', 'ricordo', 'vago', 'compagno', 'superiore', 'chilometro', 'centro', 'avere', 'casa', 'importante', 'campagna', 'sorta', 'economico', 'fattore', 'necessità', 'lavoro', 'casa', 'servizio', 'mezzo', 'natura', 'trovare', 'dipendere', 'concezione', 'personale', 'parlare', 'altro', 'commento', 'casa', 'libertà', 'indifferente', 'dare', 'fatto', 'avere', 'giardino', 'bello', 'grande', 'estate', 'avere', 'padre', 'fare', 'trattamento', 'piazzare', 'piscina', 'esterno', 'rimanere', 'palla', 'tempo', 'potere', 'venire', 'comune', 'raccontare', 'parente', 'piangere', 'appartamento', 'costare', 'casa', 'avere', 'studio', 'musicale', 'stanza', 'priorità', 'esempio', 'buono', 'connessione', 'internet', 'spazio', 'interno', 'casa', 'singolo', 'abitare', 'topo', 'urtare', 'avere', 'esigenza', 'faticare']",37.23216477212335,16.960470754175155,15.616214130935733,18.024584595265793,9.003070864076184,31.849964273748103,25.859004414793844,37.08753615260116,gioia
izavtwo,10,8,"['estate', 'paese', 'temperatura', 'elevato', 'resto', 'anno', 'settimana', 'anno']",3.299999653406343,1.252466078675893,0.631504122306218,1.0025310935030953,0.4392207105981364,3.2032789045282297,2.42780514831917,4.639844615346749,aspettativa
izak642,2,2,"['inverno', 'estate']",1.273488503806056,0.5744753537066101,0.3077311269468234,0.33264872065302686,0.2517414686237645,1.118282106572602,0.96081593976866,1.3585891681692228,aspettativa
izabpi5,18,14,"['abitare', 'casa', 'gusto', 'casa', 'posto', 'piacere', 'passare', 'tempo', 'estate', 'morire', 'caldo', 'casa', 'mare', 'montagna']",8.94104791417878,3.9828097616907736,2.761531878623254,3.7614059514841323,1.9389714041980137,6.981085903858903,6.171116320924867,8.154875251620965,gioia
iz9p8j1,110,91,"['avere', 'lato', 'negativo', 'prendere', 'aereo', 'legge', 'biglietto', 'aereo', 'vendere', 'biglietto', 'posto', 'sedere', 'succedere', 'estate', 'volo', 'avere', 'frequenza', 'volta', 'settimana', 'vivo', 'organizzare', 'andare', 'prendere', 'volo', 'aeroporto', 'comunicare', 'biglietto', 'compagnia', 'provvedere', 'raggiungere', 'trovare', 'volo', 'mattina', 'seguente', 'partire', 'compagnia', 'pagare', 'biglietto', 'possibilità', 'prendere', 'mattino', 'seguente', 'volo', 'altro', 'compagnia', 'volo', 'nazionale', 'possibile', 'aspettare', 'altro', 'settimana', 'volo', 'successivo', 'volo', 'nazionale', 'utile', 'esempio', 'portare', 'cosa', 'treno', 'comodo', 'veloce', 'prendere', 'treno', 'aereo', 'velocità', 'sale', 'centro', 'città', 'centro', 'città', 'attrezzatura', 'sport', 'treno', 'attrezzare', 'stesso', 'modo', 'aereo', 'tipo', 'necessità', 'treno', 'portare', 'valigia', 'grande', 'portare', 'valigia', 'sparo', 'caso', 'aereo', 'pensare', 'treno']",44.11258645678925,16.422099877104284,13.596829652313021,21.762756917116647,8.90625768340348,38.297852132177034,31.94884433698674,46.18585263706526,aspettativa
iz8sula,38,33,"['spiegare', 'credere', 'folle', 'difendere', 'interesse', 'area', 'mare', 'nero', 'tempo', 'piazzare', 'base', 'militare', 'confine', 'russo', 'finire', 'fare', 'notare', 'americano', 'fare', 'dire', 'vero', 'rispettare', 'popolo', 'ignorare', 'fatto', 'esempio', 'estate', 'impedire', 'isola', 'ospitare', 'base', 'militare', 'cinese']",12.24226967844986,6.365826842065514,6.323325918347043,7.854301551683176,3.9609940778418684,13.306411317230559,9.979863867758327,15.083509395264752,aspettativa
iz79itx,90,77,"['estate', 'anno', 'ragazza', 'salutare', 'amico', 'partire', 'treno', 'osservare', 'scena', 'ragazza', 'avere', 'bello', 'sorriso', 'sembrare', 'allegro', 'momento', 'fare', 'passo', 'avvicinare', 'striscia', 'giallo', 'treno', 'passaggio', 'spalla', 'prendere', 'zaino', 'ruota', 'vedere', 'parte', 'corpo', 'gettare', 'direzione', 'diverso', 'piccolo', 'schizzo', 'sangue', 'arrivare', 'faccia', 'sembrare', 'dimenticare', 'evento', 'cosa', 'doloroso', 'contrasto', 'scena', 'allegro', 'leggero', 'osservare', 'capitare', 'seguito', 'parlare', 'ragazzo', 'felice', 'trasformare', 'solo', 'pezzo', 'carne', 'minuto', 'riuscire', 'modo', 'reagire', 'urla', 'disperato', 'amico', 'fermare', 'treno', 'correre', 'scioccato', 'sembrare', 'venire', 'riuscire', 'dormire', 'incubo', 'settimana', 'mese', 'depressione', 'profondo']",33.24791796429314,19.754394788850952,16.144254996558892,20.453455392193177,9.501156375826007,27.345282640448104,29.64706561261203,34.549743901991654,aspettativa
iz6yi53,145,112,"['esperienza', 'sud', 'nonno', 'estate', 'avere', 'anno', 'domenica', 'andare', 'chiesa', 'messa', 'mattina', 'sera', 'uscire', 'chiesa', 'ritrovare', 'panorama', 'sole', 'battere', 'nuvola', 'nero', 'creare', 'cielo', 'nero', 'rosso', 'fulmine', 'scenario', 'spaventoso', 'parente', 'fermare', 'fare', 'foto', 'girare', 'tondo', 'lamentare', 'andare', 'casa', 'capire', 'arrivare', 'tempesta', 'chiesa', 'casa', 'minuto', 'piede', 'mettere', 'marcia', 'minuto', 'iniziare', 'tempesta', 'fulmine', 'continuare', 'conoscere', 'strada', 'zia', 'urla', 'prendere', 'correre', 'casa', 'centinaio', 'metro', 'fulmine', 'metro', 'faccia', 'traumatizzare', 'pioggia', 'piangere', 'aspettare', 'parente', 'giornata', 'estate', 'amico', 'andare', 'pescare', 'avere', 'anno', 'padre', 'caricare', 'macchina', 'attrezzatura', 'portare', 'mettere', 'pescare', 'passare', 'pomeriggio', 'tranquillo', 'pomeriggio', 'sentire', 'sposare', 'confuso', 'capire', 'pensare', 'caso', 'tornare', 'casa', 'prendere', 'termometro', 'temperatura', 'lanciare', 'letto', 'ricordare', 'ultimo', 'cosa', 'temperatura', 'grado', 'ora', 'temperatura', 'normale', 'conto', 'avere', 'brutto', 'giorno', 'cappello', 'sole']",48.42600868244743,30.560265557589968,23.51112556629068,31.134632218476135,14.03774129765524,42.712922373711194,38.82038453416013,50.04346645663957,aspettativa
iz64zg3,4,4,"['pensare', 'giornata', 'finire', 'estate']",2.1308794713601316,1.2631304700916344,0.9099092331053209,0.7951839468625199,0.44986174483916247,1.7027198447604621,1.2540279619927983,2.30856272719917,aspettativa
iz5yk5a,19,16,"['spaventoso', 'vita', 'dire', 'estate', 'scorso', 'treno', 'servizio', 'signore', 'attraversare', 'cercare', 'recuperare', 'cane', 'scappare', 'attraversare', 'tempo', 'investire']",6.351123566302466,4.167667478583616,2.8285397145050037,5.786839364902532,1.8628017547302422,7.052017375777516,5.394480876123996,7.961187392500468,aspettativa
iz4s8fg,51,39,"['ricordare', 'piccolo', 'tipo', 'anno', 'ricordare', 'uccellino', 'entrare', 'cucina', 'terrorizzare', 'nascondere', 'urla', 'nonno', 'madre', 'elementare', 'dare', 'scuola', 'madre', 'terra', 'corpo', 'animale', 'morto', 'guardare', 'guardare', 'passo', 'terrorizzare', 'ricordare', 'estate', 'avere', 'anno', 'video', 'musicale', 'tipo', 'scioccato', 'stesso', 'tempo', 'altro', 'ricordo', 'video', 'catena']",17.36174587492209,13.514120980388276,10.687174831488594,13.400802900789973,6.0993583832997205,14.624095080125013,14.867735147557626,17.075444650838662,gioia
iz4hums,39,30,"['vedere', 'cosa', 'impressionare', 'uomo', 'praticare', 'cardiaco', 'resto', 'tizio', 'schiacciare', 'vissuto', 'intervento', 'pratica', 'carne', 'ferito', 'lasciare', 'aperto', 'ferito', 'giorno', 'roba', 'estate', 'incidente', 'stradale', 'seguito', 'spavento', 'cerebrale', 'mese', 'abbondante', 'depressione', 'forte', 'ansia']",8.801611010907546,11.006015942442845,9.038175644550456,12.370676612401653,6.234333752048993,9.005834065389363,9.028704411941442,10.473711926006347,paura
hpsi44m,21,18,"['avere', 'impennata', 'caso', 'vedere', 'pieno', 'estate', 'fortuna', 'morto', 'grazie', 'buono', 'anno', 'maggioranza', 'caso', 'dovere', 'anno', 'incertezza', 'accelerare', 'obbligo']",7.765664983455762,4.827898657553115,4.79399422238593,6.33823868403617,2.7077306040460485,7.54845762546918,7.13505683599238,8.606008432020369,aspettativa
hpg7u59,101,75,"['severo', 'volere', 'militare', 'distribuire', 'pasto', 'casa', 'casa', 'serio', 'cazzo', 'dire', 'serio', 'cavolo', 'stare', 'brutto', 'severo', 'avere', 'frontiera', 'chiuso', 'liberare', 'virus', 'mese', 'fare', 'rientrare', 'estate', 'scuola', 'università', 'mese', 'mese', 'via', 'chiudere', 'anno', 'offrire', 'opportunità', 'insegnante', 'grazie', 'possibilità', 'usare', 'risorsa', 'studente', 'voglia', 'fare', 'cazzo', 'fare', 'cazzo', 'casa', 'classe', 'stimolo', 'eventuale', 'azienda', 'possibile', 'futuro', 'prescindere', 'virus', 'mondo', 'comporre', 'obbligatorio', 'multa', 'beccare', 'pezzo', 'tessuto', 'faccia', 'dimostrare', 'efficace', 'ridurre', 'obbligatorio', 'prendere', 'culo', 'simile', 'bastare', 'poco', 'buono', 'senso', 'capriccio', 'militare', 'fantasia']",28.874712584834043,21.08910405002563,19.669739401201888,21.443300360276265,12.708974978360487,29.297448948300776,25.930084327576456,36.1587847773174,aspettativa
hpeuh8b,23,3,"['estate', 'call', 'record']",1.998766435005017,0.4058657697794422,0.3732431027428959,0.6764391266091098,0.2706891076696536,1.5981257416969978,1.3967266742772275,2.0464675074739818,aspettativa
hp73qo7,20,12,"['popolazione', 'duro', 'coma', 'influenza', 'fine', 'virus', 'diventare', 'avvenire', 'fare', 'caso', 'estate', 'influenza']",3.337263150279001,4.924017115467067,3.787087374557676,4.701821379457476,2.528077442995947,3.6874532967814653,3.9680177002674104,4.940486820888587,aspettativa
hoevm17,6,5,"['inverno', 'estate', 'grado', 'cavolo', 'bicicletta']",2.3648748828727735,0.8906886865240742,0.8754770303094599,0.8117918808253947,0.5028739829021527,1.6322875255386415,1.5327233711289105,2.084659109332416,gioia
hodl8rg,40,26,"['problema', 'nascere', 'vivo', 'supermercato', 'compagnia', 'bello', 'stare', 'attento', 'avere', 'tipo', 'vendere', 'tipico', 'vacanza', 'estate', 'diverso', 'avere', 'brand', 'italiano', 'importare', 'fare', 'spesa', 'esistere', 'acqua', 'volta', 'duro', 'italiano']",13.021207355913539,5.064993856741113,5.696414893427077,7.035054872072718,3.204729663612519,11.062117303108383,10.06980699391274,13.41866556152152,aspettativa
hnqg4gq,15,12,"['campagna', 'iniziare', 'fare', 'metà', 'estate', 'ritardo', 'enorme', 'avere', 'effetto', 'primavera', 'avere', 'volta']",6.6441701225620475,2.2715850616493007,2.2278746505218194,3.1965467982079128,0.8480915396423306,5.404613077720668,4.372703717850555,6.48959781906302,gioia
hn7ms48,9,5,"['perdita', 'estate', 'medio', 'comunicazione', 'responsabile']",2.3821570875806843,1.5724710400543005,1.128684646981987,1.2755496032346765,0.6932699769368555,2.2827624197961525,1.6431821327445322,2.492904719455125,aspettativa
hm9r5xu,15,10,"['nascere', 'mamma', 'venire', 'anno', 'estate', 'vedere', 'famiglia', 'italiano', 'perfetto', 'italiano']",6.641665143521314,2.0709066919558152,1.6473158914514439,1.331221071659372,0.9032781371154264,5.07878020278229,3.9744287520702475,5.343763349738531,gioia
hlja8k5,206,152,"['grazie', 'ricordare', 'dimenticare', 'correggere', 'numero', 'vittima', 'riportare', 'storico', 'vittima', 'ricordare', 'vittima', 'giorno', 'precedente', 'periodo', 'andare', 'novembre', 'trattare', 'argomento', 'aggiungere', 'storico', 'scrivere', 'occasione', 'orribile', 'grazie', 'novembre', 'trovare', 'frazione', 'provincia', 'luogo', 'avvenire', 'triste', 'episodio', 'zona', 'avvenire', 'rappresentare', 'militare', 'costituire', 'centro', 'resistenza', 'linea', 'invernale', 'linea', 'difesa', 'ordine', 'ottobre', 'costruire', 'organizzazione', 'impresa', 'costruzione', 'tedesco', 'operare', 'paese', 'occupare', 'campagna', 'guerra', 'mondiale', 'forza', 'armato', 'tedesco', 'alleato', 'comandante', 'tedesco', 'numeroso', 'truppa', 'centro', 'ordine', 'stesso', 'particolare', 'comune', 'appendere', 'manifesto', 'maresciallo', 'settimana', 'trovare', 'paese', 'montagna', 'considerare', 'ribelle', 'riservare', 'trattamento', 'stabilire', 'legge', 'guerra', 'esercito', 'pratica', 'minaccia', 'diretto', 'forza', 'partigiano', 'minaccia', 'continuare', 'combattere', 'anno', 'accusa', 'regime', 'collaborare', 'forza', 'partigiano', 'minore', 'vita', 'giorno', 'bambino', 'anno', 'mese', 'tempo', 'abbandonare', 'rovina', 'neve', 'estate', 'anno', 'seppellire', 'obiettivo', 'imporre', 'maresciallo', 'bambino', 'anno', 'nascondere', 'gonna', 'madre', 'ricordare', 'mattina', 'tedesco', 'venire', 'fattoria', 'fare', 'madre', 'fratello', 'sorella', 'tedesco', 'sparare', 'gonna', 'madre', 'grido', 'ferire', 'braccio', 'sinistro', 'gamba', 'nonna', 'venire', 'prendere', 'giorno', 'gonna', 'madre', 'morire', 'madre', 'tedesco', 'uccidere', 'fratello', 'sorella', 'anno', 'dimenticare', 'complice']",57.58748939737539,44.94272654596771,40.435697540045446,47.80984153282016,26.826175581576276,58.40137994541663,45.92093712369154,64.17874095559165,aspettativa
hl8dsdh,18,12,"['estate', 'fine', 'anno', 'post', 'previsione', 'specifico', 'fine', 'novembre', 'sintesi', 'alternativo', 'obbligo', 'peggio']",3.8856843601779074,3.695356397584505,2.925779847685363,3.13633984579697,1.8417949813684507,3.5991290745246465,4.239523466041405,5.562624136114396,aspettativa
hkwykv1,29,23,"['comunità', 'scientifico', 'avvisare', 'anno', 'effetto', 'cambiamento', 'climatico', 'fatto', 'preparato', 'estate', 'fine', 'anno', 'gente', 'chiudere', 'occhio', 'evidenza', 'genio', 'assoluto', 'indovinare', 'cosa', 'prevedibile', 'ironico', 'credere']",10.731414182541691,6.457144665252074,4.765365748254767,6.435138488998912,3.4086611843110055,10.175039411823855,8.776367437964446,12.098211393505734,aspettativa
hkj53cg,123,97,"['musulmano', 'credere', 'dio', 'avere', 'fede', 'compiere', 'buono', 'azione', 'punire', 'avere', 'musulmano', 'usare', 'termine', 'conversazione', 'esprimere', 'fede', 'significare', 'volere', 'esempio', 'musulmano', 'dire', 'prossimo', 'estate', 'buono', 'voto', 'matematica', 'continuare', 'significare', 'persona', 'sperare', 'ottenere', 'buono', 'voto', 'volontà', 'lavorare', 'ottenere', 'buono', 'voto', 'causa', 'mancanza', 'sforzo', 'volontà', 'buono', 'voto', 'credere', 'buono', 'incoraggiare', 'fatto', 'percorso', 'futuro', 'diverso', 'buono', 'alternativo', 'musulmano', 'credere', 'avere', 'dovere', 'leggere', 'consapevole', 'seguire', 'volontà', 'raccontare', 'profeta', 'chiedere', 'compagno', 'predetto', 'rilasciare', 'signore', 're', 'rendere', 'compagno', 'signore', 'rimanere', 'prigione', 'anno', 'storia', 'ricordare', 'musulmano', 'seguire', 'volontà', 'parlare', 'dovere', 'musulmano', 'conoscere', 'rispettare', 'fare', 'scelta', 'libero', 'appropriare', 'credente', 'donna', 'credente', 'avere', 'opzione', 'affare', 'sentiero', 'sbagliato']",46.40778856159891,22.05728758987449,20.52383113166366,25.001024809442374,11.987291475897814,49.7336735262492,33.022700660849715,53.201866211027216,aspettativa
hix6suq,10,6,"['passare', 'scorso', 'estate', 'probabile', 'effetto', 'foto']",2.857197789023627,1.7011618154372754,1.2919497344719986,1.3033938729445507,0.5970725135238042,2.5092081850587973,2.413832922235467,2.83440882500007,gioia
hh0jrll,73,48,"['dispiacere', 'considerare', 'importante', 'tempo', 'ricordare', 'genitore', 'macchina', 'estate', 'piacere', 'puntare', 'dritto', 'giocattolo', 'busta', 'sorpresa', 'mangiare', 'bello', 'occhio', 'bambino', 'stradale', 'album', 'fare', 'contenere', 'stradale', 'completo', 'uscita', 'area', 'servizio', 'servizio', 'ricordare', 'città', 'principale', 'copertina', 'cane', 'nero', 'sfondo', 'giallo', 'parere', 'bocca', 'lingua', 'fiamma', 'rosso', 'bello', 'sedile', 'giocattolo', 'mamma', 'papà', 'canzone', 'conoscere']",21.76617025958775,9.993329351546008,8.182121749439348,10.922514484913291,5.737194256797094,17.80625822750892,18.262959932561948,20.22341160185172,gioia
hgkemfz,25,18,"['gara', 'regione', 'cambio', 'garanzia', 'collegamento', 'aereo', 'volare', 'vuoto', 'dare', 'servizio', 'continuità', 'residente', 'vietare', 'conveniente', 'mese', 'estate', 'portare', 'turista']",7.723778178962741,4.032158354254736,2.901660186286111,4.700669730027743,1.4758571078037939,8.44677410014082,5.534919400929556,9.627422570651353,aspettativa
hgke7nb,27,24,"['ricordare', 'fallire', 'cercare', 'gara', 'prezzo', 'parlare', 'rotta', 'turistico', 'fare', 'mese', 'estate', 'garantire', 'servizio', 'costante', 'residente', 'volare', 'vendere', 'solo', 'biglietto', 'regione', 'offrire', 'confronto', 'costo', 'totale']",9.580112738527486,7.055274607423544,5.395414080428794,6.549620150253167,3.0320748342771857,10.661825655764071,7.246782182972834,12.621166018335755,aspettativa
hg0n8yr,229,14,"['leader', 'nascere', 'crescere', 'considerare', 'organizzazione', 'criminale', 'mafia', 'area', 'community', 'scala', 'mafia', 'cocaina', 'community', 'business']",4.658153574518269,4.401613416297032,4.96409088602936,5.244247128645636,4.343771932418399,4.857063112650481,4.574448182815819,5.541913487396663,aspettativa
hdkjcjz,43,30,"['reale', 'letto', 'trovare', 'provare', 'inesistente', 'sito', 'esperto', 'piacere', 'leggere', 'volere', 'avere', 'parvenza', 'potere', 'volta', 'stare', 'perdere', 'tempo', 'capire', 'fare', 'esempio', 'estate', 'picco', 'incendio', 'consumo', 'gelato', 'leggere', 'vedere', 'certo', 'combattere', 'incendio']",14.130931529361916,8.048398007596958,7.745756330774487,8.171743101814458,4.457453233756307,12.769976808229428,11.86956882780722,16.187668720757085,aspettativa
hcsj2ta,42,29,"['funzionare', 'fine', 'fine', 'controllo', 'intensità', 'virus', 'estate', 'estate', 'contare', 'estate', 'parlare', 'comune', 'grosso', 'emergenza', 'sanitario', 'resto', 'nazione', 'estate', 'quadro', 'diverso', 'considerare', 'zona', 'colpire', 'moltiplicare', 'nazione', 'mettere', 'fondo', 'cifra', 'riportare']",10.833906345555576,8.39168954548697,7.3873776471258354,8.978377820776076,5.6199388693581716,10.588237185385992,11.065781686786584,12.546583642151294,aspettativa
hclbu5h,77,46,"['farmaco', 'sperimentazione', 'finire', 'funzionare', 'fine', 'fine', 'controllo', 'intensità', 'virus', 'estate', 'estate', 'contare', 'merito', 'primavera', 'fermo', 'ricordare', 'comportamento', 'riscontrare', 'settimana', 'mese', 'estate', 'andare', 'articolo', 'parlare', 'informazione', 'potere', 'mano', 'governo', 'emergenza', 'emanare', 'proclamare', 'conferenza', 'parlamento', 'magistratura', 'rispettivo', 'potere', 'delirante', 'invitare', 'verificare', 'volere', 'comunicazione', 'ripetere', 'domanda', 'affermazione', 'delirante', 'articolo']",18.445692177925274,12.635519964940052,11.103208270393468,13.694371796186369,7.545830558305795,18.04535836951259,16.33202477821827,23.467957392173602,aspettativa
hcgdp2h,45,30,"['stesso', 'citare', 'giornale', 'estate', 'bastare', 'capire', 'ottenere', 'risultato', 'sperare', 'misura', 'abolire', 'servire', 'persona', 'obbligo', 'intendere', 'responsabilità', 'fare', 'misura', 'servire', 'responsabilità', 'continuare', 'fare', 'firmare', 'gente', 'consenso', 'tipo', 'volta', 'scrivere', 'conversazione', 'stare']",12.22275854125593,7.515877543728703,6.59342117811397,8.379003516871842,4.536804270168135,13.386348196652568,9.345950203724938,15.75555416588418,aspettativa
hcfaf10,26,17,"['parlare', 'fatto', 'fine', 'senso', 'applicazione', 'strumento', 'politico', 'sanitario', 'entrare', 'dire', 'numero', 'intero', 'estate', 'equivalere', 'mentire', 'sapere', 'mentire']",5.019201584083738,4.413504054096036,4.121245391333724,3.0721831146551417,2.8745793200681518,6.400587830297732,4.83674414406365,6.8605448611701725,aspettativa
hcbl6gm,7,5,"['inizio', 'estate', 'persona', 'dotare', 'cervello']",2.854926448099056,1.5014465836528945,1.2784069987429023,1.874677958559579,1.2648458159435199,3.0434531699821457,2.271737403326479,2.8449801913064827,fiducia
hcb0432,28,21,"['rendere', 'inizio', 'estate', 'entrare', 'bisognare', 'esibire', 'prova', 'tampone', 'fare', 'capra', 'parlare', 'sapere', 'cazzo', 'dire', 'misura', 'momento', 'abbassare', 'caso', 'nuovo', 'appena', 'alzare']",8.858958419594366,5.293890850028167,4.344426310805637,6.727461287048028,3.315955529269326,8.28990354841724,8.840041200678519,9.561352007482023,aspettativa
hbxecne,36,27,"['aumentare', 'estate', 'estate', 'cosa', 'parlare', 'virus', 'muto', 'fine', 'prevenire', 'mutazione', 'servire', 'passare', 'ricordare', 'parlare', 'mese', 'caso', 'iniziare', 'calare', 'gestire', 'stare', 'emergenza', 'conseguenza', 'parlare', 'post', 'rispetto', 'argomento', 'rispondere']",10.742250081580547,8.692221168589409,6.317944622518905,9.248177127510695,4.510982050067348,10.221070163284,9.866427008838302,12.180061433304038,aspettativa
hbx6uzz,45,26,"['scusa', 'volta', 'scrivere', 'convinto', 'capire', 'ultimo', 'volta', 'fatto', 'parere', 'capire', 'estate', 'caso', 'estate', 'caso', 'estate', 'terapia', 'terapia', 'estate', 'estate', 'estate', 'estate', 'fronte', 'fare', 'sostenere', 'funzionare', 'salvare']",14.440587892701098,6.892380069206942,5.48546384382944,6.109172586795692,2.8540887847706755,14.856979875521581,10.531569997974175,14.57481398705048,fiducia
hbx5eto,44,31,"['vedere', 'chiaro', 'concetto', 'incremento', 'primo', 'giorno', 'estate', 'agosto', 'registrare', 'nuovo', 'caso', 'periodo', 'corrispondere', 'scorso', 'anno', 'scorso', 'giugno', 'terapia', 'segnare', 'negativo', 'differenza', 'estate', 'giugno', 'ingresso', 'uscita', 'crescere', 'unità', 'scendere', 'stesso', 'giorno', 'confronto']",14.02401027142372,7.212834719216809,4.373063397981592,7.2024828077344925,2.9046983316338,13.047451117397438,10.952177823168718,16.0795196734668,aspettativa
hbx4tu1,17,11,"['entrare', 'scusa', 'funzionare', 'statistica', 'dimostrare', 'fare', 'aumentare', 'parlare', 'confrontare', 'estate', 'inciso']",5.045082282814673,2.1171764573110905,2.2171251163163705,2.627377318219882,1.007902801881497,6.100965913176358,4.316197495504297,7.130174964343385,aspettativa
hbx35bf,27,14,"['completo', 'emettere', 'ministero', 'altro', 'completare', 'campagna', 'citare', 'completo', 'morto', 'emettere', 'stesso', 'vedere', 'estate', 'aumento']",6.60873194851032,2.2345204262380367,2.423106668303586,3.0180418783152696,1.5669510569536793,5.975562768243837,5.347052515220926,5.945450016539211,gioia
hbq0qys,16,12,"['bisogno', 'aspettare', 'freddo', 'roba', 'cioccolato', 'tenere', 'frigo', 'estate', 'piacere', 'frigo', 'passare', 'paura']",5.533770798804345,3.3065698213514527,2.6070538012377162,3.190231584261121,2.0996753987517938,4.50162471347233,5.427310596828633,6.0280883655746695,aspettativa
hbpm61q,11,5,"['fortuna', 'parere', 'estate', 'portare', 'cosa']",2.429902448183894,1.0632939349630657,0.8679166002758492,0.9099526044138176,0.6875413868642587,2.3283420675759956,2.0833918107578278,2.4644719172260032,aspettativa
hboec6q,44,35,"['spensieratezza', 'cena', 'amico', 'problema', 'principale', 'locale', 'cucinare', 'arrivare', 'discorso', 'fare', 'spensierato', 'progetto', 'cosa', 'cominciare', 'fare', 'andare', 'imparare', 'russo', 'smettere', 'continuare', 'studiare', 'russo', 'massimo', 'giorno', 'trascorrere', 'ora', 'arrivare', 'lavoro', 'avere', 'tempo', 'disposizione', 'indossare', 'scarpa', 'aperto', 'estate']",17.375587445531707,7.133328695356201,6.040409207249566,8.236665122228304,3.6116548504652126,15.397437539990886,11.907162664234072,19.43918006183889,aspettativa
hat17mu,9,8,"['volta', 'estero', 'estate', 'fare', 'sentire', 'patente', 'risultare', 'sospeso']",3.0797396146210216,1.921700493286849,1.5397712604829008,2.0778926724483675,1.0281578804483373,2.982529447657035,2.6445302745237513,4.265757858966112,aspettativa
h9txw4r,57,45,"['usare', 'anno', 'volta', 'casa', 'corrispondere', 'descrizione', 'problema', 'giovane', 'avere', 'famiglia', 'estate', 'scorso', 'prendere', 'mezzo', 'assistenza', 'cliente', 'dare', 'ragione', 'parte', 'chiedere', 'metà', 'soldo', 'cosa', 'rifiutare', 'fare', 'eliminare', 'annuncio', 'fare', 'fare', 'creare', 'annuncio', 'fare', 'economico', 'avere', 'problema', 'rivolgere', 'avvocato', 'vedere', 'esistere', 'alternativa', 'andare', 'vacanza', 'commento', 'bastare', 'impossibile']",18.84653069781813,11.296575097747997,10.736741883691304,11.97173895389242,5.7514605137921615,19.409516662928272,16.139717044570958,23.342759042883188,aspettativa
h8mpmgm,63,46,"['rispondere', 'scambio', 'commento', 'giorno', 'sapere', 'tempo', 'specificare', 'farmaco', 'prevenire', 'malattia', 'portare', 'virus', 'chiaro', 'efficacia', 'capire', 'cosa', 'messaggio', 'continuare', 'avere', 'quadro', 'migliore', 'aspettare', 'calare', 'temperatura', 'vedere', 'basso', 'temperatura', 'alto', 'succedere', 'anno', 'scorso', 'abbassare', 'estate', 'risalire', 'succedere', 'virus', 'combattere', 'credere', 'guarire', 'giorno', 'curare', 'dire', 'credere', 'funzionare', 'grafico', 'fare']",18.80491708528236,11.51669844029577,9.660121437208133,13.51085909168366,6.449052467979535,19.152360826896377,15.418498284265496,24.44613353112741,aspettativa
h85cchk,14,11,"['fare', 'casino', 'notte', 'vacanza', 'turista', 'soldo', 'avere', 'diritto', 'fare', 'cazzo', 'parere']",4.965160495860059,1.67832027501005,2.4985484351115317,2.624248510060287,1.6087461515230004,4.008191070112417,3.911332905861985,5.469446494312397,aspettativa
h7t8poi,17,10,"['tranquillo', 'trend', 'lineare', 'estate', 'primavera', 'autunno', 'dire', 'variante', 'variabile', 'prevedere']",4.292568622568182,1.5844043259871672,0.9443539175310978,1.6639811195709624,0.858785277991665,3.9604788107242666,3.8081023691298905,4.851076401828428,aspettativa
h7sfc0q,11,8,"['servire', 'prevenire', 'malattia', 'estate', 'scorso', 'avere', 'stesso', 'numero']",2.690001233449438,2.316752513847919,2.172052456054667,2.7159082375048986,1.3642841748017305,3.124380824083934,2.552767365885513,3.5630754793888553,aspettativa
h7s6tbf,57,49,"['estate', 'esempio', 'andare', 'vacanza', 'parte', 'sera', 'stare', 'casa', 'amico', 'lavorare', 'mattina', 'sera', 'avere', 'energia', 'voglia', 'uscire', 'fine', 'settimana', 'dormire', 'andare', 'vacanza', 'avere', 'soldo', 'vedere', 'lavorare', 'indipendente', 'chiedere', 'soldo', 'conto', 'avere', 'batosta', 'giro', 'single', 'anno', 'sbattere', 'faccia', 'muro', 'mercato', 'lavoro', 'ambiente', 'familiare', 'critico', 'accordo', 'stare', 'avere', 'bisogno', 'aiuto', 'fare', 'tempo']",24.010119114213122,13.209320470032138,10.901376597574709,14.784962764899555,6.2045314106397615,20.51665319156259,16.464534367746335,25.782932025339097,aspettativa
h7f156r,15,12,"['prova', 'parlare', 'proprietario', 'seguire', 'proprietario', 'immobile', 'giugno', 'febbraio', 'facile', 'trovare', 'affittare', 'estate']",4.725995598070253,2.1859489769514715,2.037439478053014,3.1131698088256794,1.4876967003151147,5.448205368148141,4.703038490272096,6.5382897598816285,aspettativa
h7b4vbt,78,54,"['arrivare', 'occupare', 'gente', 'positivo', 'tampone', 'infilare', 'fondo', 'fondo', 'retto', 'netto', 'persona', 'capacità', 'giorno', 'fatto', 'conseguenza', 'fatto', 'percentuale', 'elevare', 'fascia', 'età', 'rischio', 'soluzione', 'aprire', 'gabbia', 'estate', 'concerto', 'birra', 'piazza', 'consigliare', 'persona', 'rischio', 'limitare', 'contatto', 'creare', 'naturale', 'follia', 'naturale', 'uguale', 'dare', 'costo', 'termine', 'alto', 'vedere', 'seguire', 'strada', 'dovere', 'tornare', 'tasso', 'vicino', 'avere', 'caduta', 'avere', 're', 'scusare']",23.508247687103374,15.045852046948012,11.88124684405189,18.485494200150136,7.934797161026444,22.644334966825312,18.719143209539798,26.23359768208718,aspettativa
h77vojr,33,22,"['variante', 'sommare', 'tempo', 'soluzione', 'aprire', 'gabbia', 'estate', 'mancato', 'applicazione', 'presunto', 'soluzione', 'uccidere', 'migliaio', 'persona', 'inefficace', 'profilo', 'parlare', 'prova', 'tipo', 'empirico', 'caso', 'esperto']",6.984280184442335,6.2902439714615115,5.4553767453079764,6.835372855182415,3.717184585037737,8.811277400932916,7.78688560584005,10.643066552949731,aspettativa
h776xsp,158,114,"['credere', 'avere', 'obbligo', 'maschera', 'misura', 'rimanere', 'dire', 'contrario', 'scusare', 'perdere', 'capo', 'supremo', 'dire', 'arrivare', 'occupare', 'gente', 'positivo', 'tampone', 'infilare', 'fondo', 'fondo', 'retto', 'governo', 'dire', 'libero', 'avere', 'fare', 'capire', 'stampa', 'fare', 'passare', 'messaggio', 'patto', 'esplicito', 'governare', 'fare', 'fare', 'mese', 'diritto', 'fondamentale', 'contrario', 'fare', 'capire', 'chiaro', 'finire', 'bene', 'nazione', 'mutazione', 'resistente', 'probabile', 'mutazione', 'aggressivo', 'sommare', 'chiamare', 'variare', 'ammettere', 'concedere', 'variante', 'avere', 'effetto', 'meccanismo', 'diffusione', 'virus', 'momento', 'prova', 'variante', 'differente', 'diverso', 'originale', 'fare', 'tempo', 'problema', 'vero', 'terreno', 'scenario', 'tipo', 'soluzione', 'aprire', 'gabbia', 'estate', 'concerto', 'birra', 'piazza', 'consigliare', 'persona', 'rischio', 'limitare', 'contatto', 'creare', 'naturale', 'vista', 'inverno', 'ospedale', 'vuoto', 'estate', 'pronto', 'assorbire', 'eventuale', 'colpo', 'fare', 'opposto', 'privare', 'diritto', 'fondamentale', 'fascia', 'popolazione', 'andare', 'piacere', 'dire', 'vedere', 'malvagità', 'uccidere', 'migliaio', 'persona']",43.58712838041067,31.236366868545048,29.319168892142574,36.66235425398624,20.480257428373825,46.623556243940904,37.73907901022286,55.3262164331109,aspettativa
h6pnm76,44,35,"['speranza', 'ultimo', 'cosa', 'cambiare', 'volta', 'precedente', 'estate', 'ministero', 'numero', 'morire', 'alto', 'terapia', 'funzionare', 'campo', 'argomento', 'burocratico', 'esistere', 'andare', 'dottore', 'indagare', 'affermare', 'corretto', 'morto', 'assistere', 'mezzo', 'indagine', 'scoprire', 'territorio', 'stesso', 'medico', 'roba', 'seguire', 'altro', 'medico', 'protocollo']",11.899460996241423,10.392206109299117,8.750226752046675,11.593148083002506,5.9798089168540445,14.12566995675351,12.006717899937884,15.57275599681391,aspettativa
h6ovzrz,11,9,"['anno', 'scorso', 'esistere', 'variante', 'giro', 'anno', 'scorso', 'riaprire', 'estate']",4.178292777820811,2.488362835001062,1.3252584610777833,2.41737157586284,0.7035717743252972,3.6143903740062204,3.2402712841874157,5.108634505952255,aspettativa
h6apmkl,7,6,"['stare', 'acqua', 'gola', 'estate', 'servire', 'ripartire']",3.12981883681897,1.3686201461597065,1.091824705522842,1.2229036616874402,0.8285142298934207,2.514801178540327,2.484189784425248,3.178363665747932,aspettativa
h4c3olm,4,3,"['lavoro', 'estate', 'possibile']",1.7378554543181464,0.7094700752412674,0.44376480575044897,0.37468263638119287,0.27057436538549023,1.57263323970517,1.278770592020873,2.169744025266648,aspettativa
h43p634,21,19,"['ferie', 'breve', 'estate', 'giorno', 'passare', 'tenda', 'pensare', 'zona', 'lago', 'fare', 'settimana', 'percorso', 'via', 'preferire', 'rimandare', 'anno', 'avere', 'condizione', 'migliore']",9.104495731948624,5.05554091555331,3.6707914569464077,5.469808847434749,2.0872211622705397,7.435049877216509,5.158365494627341,10.539351147462916,aspettativa
h3sackx,9,8,"['aspettare', 'estate', 'lavorare', 'favore', 'tenebra', 'ignorare', 'inserire', 'solco']",2.6715646539772164,2.291873775615433,1.6756556418063795,2.3484353900088797,1.292670437464045,2.7937510971827257,2.6609416268896693,3.2322204322568218,aspettativa
h1e0uzy,2,0,[],0.0,0.0,0.0,0.0,0.0,0.0,0.0,0.0,neutrale
gynziaf,62,51,"['dire', 'povero', 'dare', 'porre', 'possibilità', 'difendere', 'categoria', 'prescindere', 'ritardare', 'saltare', 'piede', 'pari', 'dire', 'atteggiamento', 'persona', 'casa', 'affitto', 'prezzo', 'aumentare', 'estate', 'annuncio', 'prezzo', 'estate', 'annuncio', 'resto', 'anno', 'dire', 'telefono', 'estate', 'andare', 'vacanza', 'investimento', 'dubitare', 'fare', 'contratto', 'massimo', 'andare', 'studente', 'universitario', 'università', 'guadagnare', 'fare', 'contratto', 'gente', 'busta', 'paga', 'sprecare', 'carattere', 'rispondere', 'difendere', 'categoria']",19.153154833367662,11.619144476793078,11.557756013513723,13.73945763645922,6.808531505213388,19.603635174046683,17.57146739184841,26.260428199453816,aspettativa
gylz8ed,114,79,"['analizzare', 'messaggio', 'esistere', 'categoria', 'casa', 'venire', 'vacanza', 'avere', 'casa', 'soldo', 'estate', 'inverno', 'avere', 'senso', 'cosa', 'cercare', 'appartamento', 'andare', 'abitare', 'lavoro', 'annuncio', 'casa', 'vacanza', 'volere', 'casa', 'mare', 'dire', 'persona', 'normale', 'manco', 'avere', 'soldo', 'prezzo', 'pieno', 'mutuo', 'modo', 'peggiore', 'esistere', 'comprare', 'casa', 'consulente', 'finanziario', 'primo', 'cosa', 'dire', 'comprare', 'immobile', 'intero', 'prezzo', 'pieno', 'tasso', 'interesse', 'basso', 'annuncio', 'rimanere', 'anno', 'sapere', 'raddoppiare', 'seconda', 'casa', 'primo', 'giovane', 'iniziare', 'comprare', 'casa', 'mentale', 'pagare', 'primo', 'casa', 'dire', 'persona', 'comprare', 'casa', 'soldo', 'entrata', 'condizione', 'punto', 'vista', 'messaggio']",36.001134820949346,19.77944599779633,16.52752549489653,18.635166701163154,9.962189275479219,30.365524154375407,29.469083165866024,39.03986669280213,aspettativa
gv6a26t,43,30,"['finire', 'fatto', 'elemento', 'storia', 'riempire', 'primo', 'pagina', 'bello', 'ragazzo', 'forma', 'petto', 'nudo', 'vittima', 'prendere', 'capello', 'serie', 'seguire', 'politica', 'lotta', 'potere', 'fare', 'uscire', 'storia', 'aprile', 'estate', 'sapere', 'prevedere', 'agosto', 'sfogliare', 'giornale']",13.949361463700576,7.167717552896957,6.769013071150394,7.299105040680865,4.376744892664455,11.312335384675764,10.779830730293414,15.638955074346708,aspettativa
guqvk6g,24,18,"['calcolare', 'estate', 'partigiano', 'numero', 'momento', 'primavera', 'partigiano', 'caduta', 'regime', 'popolazione', 'italiano', 'milione', 'dire', 'portare', 'percentuale', 'partigiano', 'italiano', 'gente']",7.115386548543886,5.000504507654466,4.432992041614565,4.940202171956518,3.50317149681437,7.004659505253875,5.748008457849795,6.959269915948387,gioia
guqpgrp,9,6,"['calcolare', 'estate', 'partigiano', 'numero', 'momento', 'primavera']",3.4054382234071325,1.501280759759218,1.375755114446242,1.7213732493802523,1.089178308836595,3.218323239446817,2.342693183903973,3.1267788047309684,gioia
gtk4u7t,10,8,"['sembrare', 'notizia', 'vecchio', 'leggere', 'anno', 'scorso', 'confermare', 'estate']",3.4186767160681963,2.22322466185942,1.1621459520872899,1.3625610266365782,0.6954838950691827,3.0757920826548215,3.2819523968074336,4.354751667800758,aspettativa
gtck2oh,10,6,"['installare', 'estate', 'sano', 'avere', 'distributore', 'automatico']",2.850396888217785,0.4835179369096748,0.5995408467712151,0.9325095696623151,0.22042811657994682,3.048715718746667,1.8172562194065813,2.726545524559869,fiducia
gsnyku5,154,117,"['pensare', 'avere', 'macchina', 'lavoro', 'opposto', 'permettere', 'abitare', 'lavoro', 'avere', 'macchina', 'volta', 'cambiare', 'lavoro', 'cambiare', 'casa', 'possibile', 'avere', 'casa', 'proprietà', 'ottimo', 'motivo', 'considerare', 'comprare', 'casa', 'priorità', 'parte', 'popolazione', 'italiano', 'restare', 'ancorare', 'logica', 'vecchio', 'decennio', 'tenere', 'conto', 'cosa', 'presente', 'scelta', 'vedere', 'considerare', 'patrimonio', 'immobiliare', 'paese', 'necessità', 'evidente', 'riduzione', 'dare', 'persona', 'morire', 'nascere', 'grado', 'casa', 'cessare', 'bene', 'rifugio', 'anno', 'volta', 'settimana', 'chilometro', 'andare', 'ritorno', 'usare', 'mezzo', 'pubblico', 'sapere', 'significare', 'fare', 'vita', 'auto', 'andare', 'avere', 'idea', 'chiaro', 'uso', 'condizione', 'meteo', 'inverno', 'anno', 'problema', 'auto', 'pesante', 'problema', 'italiano', 'imporre', 'possesso', 'auto', 'problema', 'idea', 'venire', 'mente', 'stesso', 'situazione', 'paese', 'causa', 'pessimo', 'aria', 'pianura', 'problema', 'esistere', 'pesare', 'culo', 'mettere', 'discussione', 'modello', 'sviluppo', 'pesare', 'presentare', 'esempio', 'alternativa', 'reazione', 'rifiuto', 'paese', 'morire', 'incapacità', 'mutamento', 'positivo', 'andare']",47.69237784699444,32.20747639967948,29.564744195818047,36.04562400710489,17.755157500928945,47.782367503242035,42.85586571512807,58.04806165587696,aspettativa
gsfld47,30,19,"['estate', 'scorso', 'uscire', 'notizia', 'scelta', 'laurea', 'tenere', 'papa', 'narrare', 'vicenda', 'seguito', 'morte', 'padre', 'tenere', 'attività', 'studio', 'tenere', 'attività', 'reazione']",8.64553065170035,5.30144103602163,4.507412936017372,5.531512208082412,3.47894422345784,6.777983811190012,7.216707274097811,9.397944098987509,aspettativa
gscbevq,5,4,"['poco', 'estate', 'andare', 'mare']",2.2913110708385407,1.0627981678130016,0.5214437882128367,0.6430763461986609,0.16331164003395987,1.6750393029604393,1.0776056361002417,2.06059736660474,gioia
grosgq1,30,27,"['bere', 'acqua', 'paio', 'decennio', 'trovare', 'buono', 'fare', 'fatica', 'bere', 'acqua', 'bottiglia', 'plastica', 'sapere', 'plastica', 'rado', 'capitare', 'bere', 'acqua', 'bottiglia', 'plastica', 'trovare', 'madre', 'trovare', 'terribile', 'estate', 'sembrare', 'bere']",12.159019837926431,6.625634810271991,5.5486178571124425,6.484702001250625,5.2089962781078345,9.036758768407067,10.11499640657016,10.726682534020306,gioia
gr06mes,11,10,"['cercare', 'offerta', 'privato', 'prezzo', 'mercato', 'mese', 'estate', 'mese', 'inverno', 'diverso']",3.4995495019261886,2.7788285682139833,1.8227679729656618,2.7813274459636164,1.5455473613786581,3.569620489109853,3.8875987904922615,5.3977509000254065,aspettativa
gpbhobz,21,19,"['attuare', 'misura', 'confinamento', 'rigido', 'primavera', 'scorso', 'morto', 'diminuire', 'estate', 'permettere', 'aprire', 'discoteca', 'autunno', 'fare', 'confinamento', 'leggero', 'misura', 'ignorare', 'persona']",6.249867510786743,6.036586738608547,4.849789215785809,5.854252882451823,3.7095165284315086,5.835270619449478,5.319003805367921,7.47897509845493,aspettativa
gou6i4l,18,16,"['girare', 'lavoro', 'grande', 'città', 'mancare', 'parte', 'paese', 'dimenticare', 'fare', 'tour', 'fotografico', 'paesaggio', 'città', 'prossimo', 'estate', 'sperare']",7.224463561572345,4.152281325268209,2.660702028908394,3.424792792508002,1.6606473767426897,5.428267369049446,5.889597179191916,8.533814182685196,aspettativa
gn5wf3h,43,33,"['articolo', 'parlare', 'mese', 'docente', 'lavorare', 'docente', 'motivo', 'chiaro', 'dire', 'fare', 'guerra', 'capire', 'dire', 'parere', 'giugno', 'luglio', 'ragazzo', 'giovane', 'trovare', 'classico', 'estivo', 'godere', 'estate', 'giusto', 'stare', 'chiuso', 'giugno', 'grado', 'attenzione', 'docente', 'eventuale', 'capire', 'pregare']",14.004201373605953,8.650606595634535,7.0359539218807985,7.780410147559535,5.451780703434412,14.960368643985763,11.346233068281418,17.23903187409758,aspettativa
gmud9v4,37,32,"['male', 'possibile', 'iniziare', 'maggioranza', 'dire', 'contrario', 'banale', 'influenza', 'cosa', 'sfuggire', 'mano', 'chiudere', 'buttare', 'estate', 'fare', 'minimo', 'programmazione', 'cosa', 'sfuggire', 'mano', 'parlare', 'soldo', 'buttare', 'banco', 'spendere', 'altro', 'momento', 'vedere', 'elettrico', 'sapere', 'fare', 'peggio']",10.548394460138523,9.7327374879336,8.866794489356808,8.689345749825875,7.477680542042567,10.116740523107625,9.137602364988707,11.852765074325715,aspettativa
glde6iq,9,4,"['inverno', 'estate', 'anno', 'stare']",2.1337809941921733,1.1726587547750478,0.5379237692690169,0.7150343186976837,0.4219841216324604,1.9733400607177058,1.5781061580705704,2.5815244581501076,aspettativa
glbt1vc,34,29,"['parere', 'esagerato', 'lavoro', 'fare', 'bello', 'riuscire', 'dare', 'compito', 'estate', 'avere', 'fattore', 'ambientale', 'mese', 'caldo', 'temperatura', 'vedere', 'malvagio', 'fine', 'giorno', 'studio', 'credere', 'cambiare', 'idea', 'primo', 'cambiamento', 'fare', 'stipendio', 'docente', 'fame']",14.495700143935515,7.1847202330828,6.419902568800918,7.877902566153816,3.818437323471349,12.875032640016459,11.798465255228486,16.925978943444104,aspettativa
gl9rx5n,22,18,"['organizzare', 'attività', 'estivo', 'modo', 'impegnare', 'ragazzo', 'estate', 'classico', 'mese', 'fare', 'avviso', 'rappresentare', 'netto', 'causare', 'stile', 'vita', 'condurre', 'studente']",7.553414423856363,3.3162195904927723,2.6143158137168463,3.651133497441264,1.4434593396914615,7.616821399388377,5.234177571898415,9.706751721474287,aspettativa
gj46lwx,21,19,"['sopportare', 'famiglia', 'settembre', 'uscire', 'casa', 'rispettare', 'normativa', 'governo', 'lamentare', 'gestire', 'cosa', 'fare', 'illegale', 'vedere', 'estate', 'rischiare', 'semplice', 'domanda', 'risposta']",8.131029550294159,5.370201495321059,4.44163160473743,5.627623130475456,3.3102135946969953,8.379225352202694,6.124691270593544,10.29774580233722,aspettativa
gir89h0,10,9,"['turista', 'andare', 'estate', 'immaginare', 'nebbia', 'paese', 'inverno', 'volta', 'neve']",4.261153596942496,2.39509696370971,1.3820507716585277,1.795850554252718,1.0082690913061414,3.0262387794934074,3.4318320838324867,4.298852802565496,aspettativa
gg6fo0t,38,24,"['primavera', 'alba', 'vetro', 'camion', 'urbano', 'risvegliare', 'fiore', 'estate', 'tramonto', 'sole', 'allungare', 'ombra', 'luminoso', 'benzina', 'autunno', 'pomeriggio', 'informare', 'rammaricato', 'finire', 'inverno', 'sera', 'rimbombare', 'parete', 'complesso']",10.807457789006133,7.276487090627495,4.347078570087147,5.501578407078875,3.1761887479290905,8.18785498200141,7.7077806191108005,9.550455600312656,gioia
gfu03l2,8,7,"['domenica', 'riposare', 'estate', 'iniziare', 'lavorare', 'anno', 'lavorare']",4.268580452041725,2.0524126844220776,0.9291691490633991,1.3216243312245768,0.9211646350237553,3.010976251978504,1.936502283304633,4.032518737960003,gioia
gftzucj,4,3,"['giusto', 'domenica', 'estate']",2.226455713088058,0.4623388635872793,0.2681208574111507,0.42686737572797206,0.289094368235287,1.9297694287242413,1.2334430200726942,2.3757424573045482,aspettativa
gfgg6qz,79,62,"['ragazzo', 'realtà', 'ragazzo', 'trovare', 'aspetto', 'cosa', 'piacevole', 'fare', 'estate', 'fare', 'casa', 'escluso', 'avere', 'forza', 'volontà', 'richiedere', 'provare', 'fare', 'fare', 'coscia', 'risultato', 'inverno', 'uso', 'braccio', 'gamba', 'petto', 'avere', 'esperienza', 'fidanzato', 'pensare', 'fare', 'zona', 'bastare', 'piacere', 'dire', 'modo', 'curare', 'stesso', 'piacere', 'odiare', 'utilizzare', 'braccio', 'gamba', 'biondo', 'resto', 'invisibile', 'fare', 'sentire', 'obbligare', 'parte', 'ragazza', 'conoscere', 'ritenere', 'dovere', 'cosa', 'fare', 'volontà', 'parlare', 'genere', 'femminile', 'generale', 'esperienza']",26.56349438711668,12.554350535102142,11.468295556168528,14.682156014743411,8.410902476768033,26.376467438694394,20.454541998337604,31.92480179514595,aspettativa
gfeny9q,95,65,"['sapere', 'fare', 'dire', 'stesso', 'provare', 'metodo', 'avere', 'lato', 'negativo', 'inverno', 'riuscire', 'senso', 'pressione', 'sociale', 'estate', 'esempio', 'anno', 'andare', 'stare', 'uscire', 'mettere', 'poco', 'ansia', 'vedere', 'gente', 'iniziare', 'fissare', 'sommare', 'capitare', 'piccolo', 'braccio', 'estate', 'mare', 'lasciare', 'pelo', 'gamba', 'venire', 'piangere', 'cosa', 'assurdo', 'mamma', 'nonno', 'giovane', 'comune', 'cambio', 'veloce', 'mentalità', 'comune', 'dire', 'amico', 'causa', 'forza', 'preferire', 'bello', 'uomo', 'donna', 'mentale', 'dovere', 'unico', 'cosa', 'dare', 'fastidio', 'persona', 'sostenere', 'cazzata']",29.058880670169437,17.072894746849606,13.713868492750017,17.27173176533579,9.718861885073936,25.491619223360697,22.883500954510197,30.814235623453246,aspettativa
gf9d6ar,31,26,"['strada', 'mare', 'andare', 'pieno', 'donna', 'strada', 'estate', 'sera', 'turista', 'genitore', 'bambino', 'volere', 'togliere', 'donna', 'strada', 'dignità', 'evitare', 'controllo', 'stretto', 'credere', 'cosa', 'giusto', 'fare', 'paese', 'dire', 'vantaggio']",13.063379053117925,6.628533900638062,6.296697397156027,8.192336181998986,3.6893020482053682,11.747477700309103,10.085828310192301,14.387932376171857,aspettativa
geh7jk5,122,98,"['chiesa', 'regola', 'dare', 'avere', 'problema', 'trasmettere', 'messa', 'radio', 'fare', 'porta', 'chiuso', 'laico', 'pensare', 'emergenza', 'sanitario', 'economico', 'resto', 'chiesa', 'fare', 'messa', 'mezzanotte', 'punto', 'dire', 'dispiacere', 'terapia', 'riguardare', 'religione', 'limitare', 'garantire', 'libertà', 'culto', 'cittadino', 'vario', 'culto', 'dovere', 'emergenza', 'rispetto', 'affare', 'problema', 'nascere', 'cattolico', 'facciata', 'andare', 'male', 'sapere', 'voto', 'cattolico', 'pesare', 'fare', 'legge', 'stupido', 'comunicare', 'maniera', 'stupido', 'pensare', 'fare', 'piacere', 'votare', 'risultato', 'montare', 'polemica', 'inutile', 'messa', 'ora', 'ripetere', 'giornalista', 'cattolico', 'facciata', 'sperare', 'vendere', 'lettore', 'cattolico', 'ascoltare', 'prendere', 'gente', 'comune', 'cattolico', 'facciata', 'sapere', 'sapere', 'sapere', 'gestire', 'situazione', 'genere', 'sapere', 'gestire', 'situazione', 'genere', 'fissare', 'cosa', 'inutile', 'pensare', 'grande', 'soluzione', 'vedere', 'banco', 'estate', 'vedere']",35.87704072243285,27.781539959901032,25.541220703743797,27.207990148639972,17.78779004573776,36.969652919395735,27.09557595736033,43.83753146988964,aspettativa
gctpfwp,18,17,"['comune', 'bello', 'inverno', 'neve', 'estate', 'bellissimo', 'vista', 'montagna', 'avere', 'percorso', 'segnare', 'fare', 'escursione', 'piede', 'autonomia', 'lago', 'bello']",10.562154524572412,2.7343359695208154,1.882213081960147,3.6732869837699513,1.2614964208341655,7.471319087968976,7.204866116063995,9.291561740508895,gioia
gba2hzb,31,27,"['lavorare', 'estate', 'anno', 'vivere', 'confine', 'weekend', 'liceo', 'trovare', 'posto', 'trasferire', 'stare', 'giorno', 'giorno', 'paese', 'bello', 'efficiente', 'trasporto', 'pubblico', 'perfetto', 'ritardo', 'pulizia', 'sicurezza', 'trovare', 'sperare', 'trovare', 'appartamento', 'fretta']",15.927885634113407,5.72330683180261,4.36641650299121,6.300903094537328,2.638177838814177,13.737793930752618,11.690370001885281,18.86319604082725,aspettativa
gazespr,12,8,"['cacciare', 'situazione', 'solo', 'estate', 'gestire', 'problema', 'mezzo', 'mare']",3.2136589355186524,2.657013299823488,2.4944452667519443,3.1735307929473318,1.1814138068893887,2.757275349468098,2.6024445584515705,3.3796213293660635,aspettativa
ga2cqpt,136,107,"['fatto', 'ondata', 'uguale', 'peggiore', 'marzo', 'governo', 'fare', 'cosa', 'scuola', 'fatto', 'riaprire', 'condizione', 'giusto', 'fare', 'andare', 'scuola', 'ragazzo', 'pullman', 'treno', 'rischio', 'alto', 'cosa', 'spendere', 'miliardo', 'acquisto', 'inutile', 'banco', 'inciso', 'scuola', 'vedere', 'cagare', 'inutile', 'protesta', 'chiudere', 'scuola', 'aumento', 'fare', 'sentire', 'colpa', 'estate', 'andare', 'ristorante', 'bar', 'discoteca', 'vacanza', 'governo', 'stesso', 'mettere', 'sorta', 'via', 'libero', 'attività', 'norma', 'ridicolo', 'seguire', 'banale', 'pensare', 'andare', 'discoteca', 'mantenere', 'distanza', 'fatto', 'governo', 'fare', 'aumentare', 'posto', 'terapia', 'mettere', 'locale', 'piscina', 'spendere', 'soldo', 'fare', 'investimento', 'governo', 'ammazzare', 'piccolo', 'impresa', 'fare', 'chiudere', 'mandare', 'migliaio', 'piccolo', 'imprenditore', 'ridicolo', 'ridicolo', 'fuoco', 'orario', 'locale', 'governare', 'estate', 'rimanere', 'fermo', 'guardare', 'vero', 'popolo', 'governo', 'fare', 'guardare', 'fare', 'finta', 'virus', 'sparire', 'meritare', 'avere', 'governo', 'grande']",39.04304859067532,28.685614483010404,25.34209241136431,28.231940521891964,18.743416535214312,36.92059414692003,32.634344997405194,52.66369680278507,aspettativa
g9vz024,66,44,"['cosa', 'bello', 'gennaio', 'estate', 'problema', 'locale', 'sessuale', 'legare', 'periodo', 'calo', 'resistenza', 'dovuto', 'temperatura', 'alto', 'inverno', 'scorso', 'condanna', 'settimana', 'bianco', 'fila', 'impianto', 'fiatone', 'discesa', 'impegnativo', 'guanto', 'neve', 'lavare', 'toccare', 'chiuso', 'persona', 'pochissimo', 'spazio', 'virus', 'grado', 'stare', 'favola', 'conoscere', 'andare', 'avere', 'alto', 'parlare', 'perdita', 'gusto', 'novembre']",16.99007174788722,12.192329972482451,9.440544046043305,12.050296886246603,7.327694287690335,14.550700460087421,13.827830300377343,18.968344755988912,aspettativa
g9gsctv,5,4,"['andare', 'capo', 'vacanza', 'estate']",2.2990426507288757,0.5725541039540322,0.6509627201032292,0.6970236324402717,0.24546411329687817,1.8418846255586896,1.6712634670603592,2.3815927573457465,aspettativa
g8vfj3q,5,1,['estate'],0.8791978151362602,0.1064154033438418,0.0713596001400383,0.0873971065768496,0.0266820882305268,0.7041978299090096,0.5783535387494194,0.7242922218193768,gioia
g86wsst,29,25,"['esatto', 'selezione', 'rientrare', 'tasca', 'fare', 'film', 'americano', 'serie', 'classificare', 'volta', 'fare', 'concessione', 'vedere', 'titolo', 'estate', 'parere', 'fare', 'serie', 'serie', 'ultimo', 'stagione', 'andare', 'onda', 'pensare', 'trasmettere']",10.218478487122432,5.269708098636404,4.429529848311387,4.742090923834079,2.5589557235781424,9.222812101066404,7.104140015085755,11.599804632655617,aspettativa
g276z4n,13,9,"['libro', 'raccontare', 'redazione', 'estate', 'presentare', 'servire', 'combattere', 'caldo', 'scrivere']",4.482699975808247,2.114618609171126,2.562918170848238,2.256183020303903,1.1963973717024472,3.968411564694698,4.29282203866111,5.184476157229064,aspettativa
g0mavrt,135,114,"['persona', 'avere', 'pizza', 'italiano', 'stesso', 'persona', 'preferire', 'opportunità', 'carriera', 'paese', 'viaggiare', 'volta', 'tanto', 'odiare', 'italiano', 'cittadino', 'tassa', 'persona', 'vivere', 'imprenditore', 'grado', 'evitare', 'tassa', 'vivo', 'pensare', 'uguale', 'sfogare', 'settimana', 'tornare', 'tornare', 'contento', 'vivo', 'momento', 'fregare', 'poco', 'toccare', 'saltare', 'estate', 'lavoro', 'trovare', 'standard', 'vita', 'lavorativo', 'stare', 'padre', 'anno', 'disperato', 'anno', 'lavoro', 'artigiano', 'avere', 'anno', 'lavoro', 'arrivare', 'mese', 'pensione', 'pensione', 'andare', 'ridurre', 'madre', 'fare', 'insegnante', 'scuola', 'superiore', 'lavoro', 'paga', 'modesto', 'vedere', 'anno', 'carico', 'madre', 'pensione', 'padre', 'ridurre', 'mese', 'madre', 'ricevere', 'stipendio', 'stipendio', 'mese', 'diventare', 'punto', 'negativo', 'reddito', 'tornare', 'soldo', 'doppio', 'reddito', 'risultare', 'tassa', 'anno', 'guardare', 'caso', 'padre', 'passare', 'vita', 'cercare', 'regolare', 'possibile', 'pagare', 'licenza', 'tassa', 'soldo', 'pagare', 'tornare', 'andare', 'cesso', 'stare', 'tomba', 'vivere', 'posto', 'accadere', 'cosa', 'genere']",51.17064384144857,32.80679174044798,25.67189803355306,31.485710318568326,17.768385766240034,47.18394732272417,40.83580125447369,60.61486460141125,aspettativa
fyp40sn,14,11,"['vedere', 'riuscire', 'insegnare', 'momento', 'parere', 'dibattito', 'tema', 'interno', 'azienda', 'succedere', 'estate']",5.863061337055501,2.8263679489709093,2.580063658922133,2.940557525539858,1.8455301279064038,5.266001284958499,5.12887306516701,6.13933766727704,aspettativa
fw59wgr,257,175,"['strano', 'abbonare', 'enorme', 'portare', 'clima', 'freddo', 'umido', 'area', 'effetto', 'contribuire', 'politico', 'sociale', 'repubblica', 'antico', 'morte', 'seguire', 'guerra', 'civile', 'portare', 'nascita', 'impero', 'raccontare', 'cronaca', 'epoca', 'parte', 'storico', 'sottolineare', 'politico', 'epoca', 'periodo', 'cattivo', 'agricolo', 'malattia', 'causare', 'arrivo', 'clima', 'freddo', 'area', 'studio', 'pubblicare', 'indicare', 'evento', 'climatico', 'estremo', 'causare', 'massiccio', 'parte', 'opposto', 'cenere', 'atmosfera', 'successo', 'volta', 'storia', 'riflessione', 'radiazione', 'solare', 'notevole', 'superficie', 'terrestre', 'trovare', 'riscontro', 'ipotesi', 'formulare', 'anno', 'studioso', 'climatico', 'mediterraneo', 'epoca', 'arrivare', 'conclusione', 'collega', 'effettuare', 'analisi', 'insieme', 'materiale', 'prodotto', 'corso', 'rimanere', 'ghiaccio', 'scavare', 'anno', 'conservare', 'vario', 'istituto', 'statunitense', 'tedesco', 'nuovo', 'unire', 'epoca', 'permettere', 'stabilire', 'distinto', 'primo', 'intenso', 'breve', 'durata', 'verificare', 'vasto', 'portata', 'verificare', 'produrre', 'sparso', 'territorio', 'anno', 'conferma', 'fatto', 'evento', 'cambiare', 'clima', 'altro', 'parte', 'autore', 'analizzare', 'anello', 'crescita', 'albero', 'rappresentare', 'registrazione', 'naturale', 'variabile', 'climatico', 'storia', 'usare', 'modello', 'pianeta', 'indagare', 'entità', 'fenomeno', 'epoca', 'influsso', 'clima', 'anno', 'freddo', 'ultimo', 'anno', 'decennio', 'successivo', 'quarto', 'freddo', 'modello', 'climatico', 'indicare', 'media', 'temperatura', 'normale', 'estate', 'autunno', 'estivo', 'centro', 'normale', 'meridionale', 'normale', 'regione', 'condizione', 'freddo', 'umido', 'resa', 'problema', 'continuo', 'sconvolgimento', 'politico', 'periodo', 'spiegare', 'università', 'scoperta', 'dare', 'segnalazione', 'freddo', 'carenza', 'cibo', 'malattia', 'antico', 'fonte', 'scritto', 'ciao']",61.64966895963435,45.975911438600974,39.44394991800176,48.732592282581294,26.366960785220847,60.77195004291788,62.92892112988054,78.22086573165346,aspettativa
fvbbvxe,142,104,"['paese', 'europeo', 'morto', 'sembrare', 'mese', 'arrivare', 'preparato', 'trovare', 'mese', 'medico', 'lavorare', 'avere', 'proposito', 'medico', 'scendere', 'piazza', 'dare', 'bocca', 'eroe', 'prendere', 'forza', 'assurdo', 'morire', 'prendere', 'giovane', 'birra', 'morire', 'chiudere', 'regione', 'avere', 'bisogno', 'paese', 'chiudere', 'regione', 'base', 'effettivo', 'ora', 'avere', 'morto', 'rimanere', 'chiuso', 'avere', 'stesso', 'numero', 'ignorare', 'aspetto', 'psicologico', 'bambino', 'rinchiudere', 'mese', 'giugno', 'riaprire', 'giugno', 'lasciare', 'tempo', 'comunale', 'conseguenza', 'rimanere', 'chiuso', 'riaprire', 'privato', 'rimanere', 'vedere', 'dare', 'soldo', 'chiudere', 'proposito', 'avere', 'piano', 'chiaro', 'vedere', 'svizzero', 'fare', 'diretto', 'dire', 'giorno', 'riaprire', 'tipo', 'proposito', 'bambino', 'centro', 'estivo', 'usare', 'famoso', 'estate', 'finire', 'luglio', 'scuola', 'riaprire', 'discoteca', 'promettere', 'soldo', 'vacanza', 'possibile', 'utilizzo', 'idea', 'funzione', 'gestore', 'hotel', 'bravo', 'pensare', 'venire', 'difficile', 'pensare']",41.73139985097945,28.2919392310359,22.590244070592142,30.75503385715901,15.668751721254234,41.09952078815367,35.77991254521022,50.48455676292221,aspettativa
ftgnmgm,26,23,"['esperto', 'esperienza', 'consigliare', 'primo', 'esperienza', 'cammino', 'via', 'volere', 'casa', 'fare', 'tappa', 'importante', 'primo', 'passo', 'difficile', 'esperienza', 'bello', 'fare', 'cammino', 'vedere', 'ora', 'estate', 'fare']",13.224375286233233,5.071223062178911,3.7579143334936806,5.807864846976693,1.9343612117335989,11.03254337546793,7.694321494273667,14.943319641078022,aspettativa
fsm6yzn,18,16,"['dire', 'pelle', 'nome', 'mafia', 'uccidere', 'estate', 'parere', 'ovvio', 'piattaforma', 'uso', 'vedere', 'film', 'buono', 'catalogo', 'film', 'gratuito']",6.922602813653845,4.836943760264475,4.704200546788539,5.057167541498273,3.9607756672073413,5.796582916411913,5.99859871375375,6.639656785473387,gioia
frstu5o,30,22,"['vero', 'vedere', 'turista', 'cosa', 'riuscire', 'riempire', 'albergo', 'casa', 'vacanza', 'ristorante', 'temere', 'turista', 'spendere', 'assente', 'corsa', 'prezzo', 'gestore', 'proprietario', 'albergo', 'ristorante', 'aprire', 'estate']",10.355541424195993,4.904346255196112,4.2241188080982965,5.4059816442270945,2.896401902516315,8.486610364390547,8.948222809643717,12.109579560225386,aspettativa
frsf7z9,8,6,"['anno', 'fare', 'scorso', 'estate', 'tenda', 'monte']",2.1503851225488058,1.2011273817288932,0.47611661591962545,0.8988520527636371,0.3037995240241426,1.806007396573856,1.5242442195818908,2.539115781639783,aspettativa
frd4k4y,11,9,"['guanto', 'gomma', 'fare', 'schifo', 'sudore', 'sporco', 'pelle', 'rischiare', 'gente']",2.0666817033253966,1.7945459252255636,2.32808145399031,2.701746500102073,3.995655080681052,2.009799101967332,2.1048634580715797,2.8705613069863674,disgusto
frcoxg6,19,15,"['casa', 'vivere', 'topo', 'aspettare', 'morte', 'virus', 'entrare', 'cazzo', 'fronte', 'cambiamento', 'estate', 'coglione', 'dio', 'vedere', 'ora']",5.876864890103966,4.216035953693205,4.392498784971946,5.538126252071156,3.2769568466229355,5.976173883179151,6.754561537924917,6.83401887849135,aspettativa
fqb0att,3,3,"['dire', 'estate', 'perdere']",1.2132938070409112,1.2311358756795654,1.202871657006826,0.8592880992381591,0.549689728713668,1.254866119238337,1.3952044118764233,1.5900529560769974,aspettativa
fpcjhu1,7,5,"['vedere', 'estate', 'drogare', 'mantenere', 'distanza']",2.140863252341013,1.8560201008732236,1.3630735169005956,1.7302969583966212,1.3176373691983216,2.3425769621862615,1.6395777500153992,2.1433329625047666,fiducia
foodbq4,20,18,"['cambio', 'permanente', 'valere', 'relazione', 'sessuale', 'bravo', 'parlare', 'notte', 'estate', 'ubriaco', 'fumare', 'tirare', 'gente', 'maggiorparte', 'fare', 'sana', 'paura', 'virus']",8.451657464194987,5.288570468904888,4.569881026469801,5.5871032006998576,3.7305138629414145,7.786417980175183,6.446959838171016,7.8530301020225926,gioia
fnenpzr,3,3,"['girare', 'nudo', 'estate']",1.7519173596732598,0.4985228223669999,0.35956646870260955,1.046476901485154,0.5219632285863266,1.7330551507647187,1.5683209530638096,1.5342316069699102,gioia
fnecyh0,4,2,"['estate', 'ufficio']",1.1363917315424001,0.4294127687165627,0.1664645352027073,0.1939832038103983,0.1147694771300451,1.1065474359660141,0.670942408631549,1.113027646422467,gioia
fmoqa77,23,17,"['zona', 'acqua', 'trovare', 'zona', 'punto', 'zona', 'vicinanza', 'offrire', 'andare', 'mare', 'estate', 'gente', 'zona', 'disposizione', 'dare', 'fastidio', 'creare']",8.46272777210212,2.9073214927931135,2.181250634364746,3.2331002426768083,2.0539091178818727,6.769628736870203,6.230679059232349,8.824112908355016,aspettativa
fmoon3d,29,17,"['abito', 'provincia', 'vicinanza', 'superare', 'sentiero', 'esperto', 'preoccupare', 'zona', 'estate', 'scorso', 'anno', 'zona', 'frequentare', 'avere', 'paura', 'anno', 'diverso']",6.49494121828008,4.579655654875795,2.870264148135431,5.534624482265695,2.6320259719027432,6.381224006130266,6.011025096630013,7.968215673391853,aspettativa
fm5zbko,21,14,"['finire', 'prevedere', 'studio', 'avere', 'pistola', 'testa', 'test', 'aumentare', 'estate', 'uscire', 'confermare', 'caldo', 'diffusione', 'virus']",5.507339572997383,3.633080302364824,3.748424447153377,4.842455792454037,2.525265209506276,5.130283258853373,5.602438654806582,7.449775766539137,aspettativa
fm5z2py,67,51,"['testare', 'bomba', 'gente', 'capire', 'avere', 'senso', 'isolare', 'estate', 'vedere', 'intervallo', 'finestra', 'casa', 'piano', 'rimanere', 'attuale', 'variazione', 'temere', 'certo', 'arrivo', 'speranza', 'avere', 'ingenuo', 'primo', 'giro', 'ergere', 'misura', 'emergenza', 'circuito', 'sociale', 'anziano', 'patologia', 'grave', 'relativo', 'tranquillità', 'vedere', 'basso', 'rischio', 'lento', 'tornare', 'fare', 'vita', 'normale', 'finire', 'perdere', 'certo', 'avere', 'diventare', 'dire', 'citare', 'economico', 'conseguenza']",21.56730297413936,14.144850848585664,12.50812737640872,16.93479219102781,8.179535689981183,20.960971356309663,19.186414312553936,25.587626484485483,aspettativa
fm52d7f,42,33,"['riaprire', 'scoppiare', 'mettere', 'vario', 'zona', 'colpire', 'mano', 'scoprire', 'problema', 'contatto', 'altro', 'settimana', 'sanità', 'dire', 'aspettare', 'livello', 'economico', 'aprire', 'sicuro', 'estate', 'hotel', 'turismo', 'sapere', 'finire', 'governo', 'rischiare', 'aprire', 'tenere', 'chiudere', 'settore', 'estate', 'sapere', 'uscire']",14.451075647183703,6.859351099645853,6.752341713926865,9.288872767425564,3.948412610811801,13.588358058142283,13.916243561937005,17.543292711178523,aspettativa
flxgtt9,56,50,"['parlare', 'ora', 'dire', 'settimana', 'vivere', 'sopravvivere', 'maceria', 'gente', 'morire', 'fame', 'vita', 'anziano', 'campare', 'brutto', 'dire', 'stare', 'vero', 'cavolo', 'vero', 'gente', 'cominciare', 'supermercato', 'avere', 'fama', 'pensare', 'arrivare', 'estate', 'cominciare', 'solito', 'limitare', 'analisi', 'cercare', 'portare', 'acqua', 'corretto', 'morto', 'virus', 'rivoluzione', 'milione', 'morto', 'fame', 'trattare', 'ondata', 'persona', 'avere', 'fama', 'avere', 'fame', 'fare', 'rivoluzione']",20.826520637949912,18.249676963446046,16.084896450484422,18.562364683963747,10.698759860386183,21.87737209044018,17.454741828054622,25.48450627201124,aspettativa
flnworb,15,10,"['sperare', 'arrivare', 'estate', 'virus', 'autunno', 'continuare', 'fase', 'chiudere', 'tempo', 'mese']",3.695349919750647,3.371695844632471,2.155834580518924,2.817696557493175,1.9094516167202955,3.932540955474826,3.625767890887222,5.352530942343725,aspettativa
fl4fmpb,11,11,"['monumento', 'umanità', 'uomo', 'avere', 'modo', 'conoscere', 'estate', 'conoscere', 'bello', 'poco', 'grazie']",6.050163085526838,2.4956004143567196,2.4729953760215455,2.8841748194455836,1.1924123553949912,5.436430730098474,4.811176007480389,5.8086030089994045,gioia
fkypgk3,32,19,"['indovinare', 'scuola', 'biologia', 'esistere', 'trovare', 'produrre', 'massa', 'anno', 'anno', 'mezzo', 'contare', 'bisognare', 'milione', 'persona', 'anno', 'estate', 'rompere', 'invito', 'fatto']",8.50785863000819,4.489680373067823,3.838463264919773,5.264985050627393,2.2123504731401806,7.948844943288378,7.778459326289668,10.172320409071558,aspettativa
fkyo2g3,9,7,"['ragionare', 'favore', 'riparlare', 'vedere', 'grado', 'casa', 'estate']",4.432623856217258,1.565186388138429,1.6884379676246233,1.7398958217754774,1.0511502297060271,3.929766877381344,3.3512910348388996,4.146017814609165,gioia
fkvvhjd,19,15,"['pensare', 'estate', 'andare', 'rispettare', 'regola', 'andare', 'spiaggia', 'uscita', 'perdere', 'mese', 'rivedere', 'affetto', 'caro', 'finire', 'duro']",6.837713810084545,3.8704393679943623,2.9258137721448025,3.3737245756812877,1.3151856400746786,6.214864642682675,4.921747272760217,7.634826478036862,aspettativa
fkdzz65,14,12,"['lavorare', 'fabbrica', 'ora', 'pagare', 'mutuo', 'anno', 'portare', 'casa', 'pezzo', 'pane', 'vacanza', 'estate']",5.142103761720058,3.025594523284104,2.0239419499807543,2.5295110823763434,1.3219028041346224,4.886429404856886,3.976184856336226,5.773862021421449,aspettativa
fkba5hq,8,8,"['perfetto', 'andare', 'estate', 'capitare', 'mano', 'membro', 'governo', 'cinese']",3.5198686795884964,1.1586679923740362,0.9280176263316656,1.4684628273175107,0.7834184608540731,3.3601743172200997,2.9747216825856304,3.900539880989383,aspettativa
fjrh70d,7,7,"['fine', 'maggio', 'estate', 'andare', 'assicurazione', 'viaggio', 'fare']",3.15674374740775,1.5972521451137291,1.2641703352248526,2.007184169526974,0.9094775554468727,2.7415503642235755,2.2886477009159876,3.880834613847526,aspettativa
fjg6ljm,17,11,"['buono', 'strada', 'dito', 'estate', 'settore', 'sperare', 'miracolo', 'vacanza', 'mese', 'prossimo', 'settimana']",5.986231026927629,1.990256996249201,1.2045983519541963,2.3737281261836802,0.6510825871918811,5.771515063148069,4.791024414327433,6.619156781235113,aspettativa
fjedno5,6,5,"['arrivare', 'estate', 'corona', 'virus', 'lasciare']",2.204686488432091,1.875842773581177,1.2972392014091514,1.8953706434803617,1.0179155402535618,2.1594111696529597,2.310389057975953,2.321695370608914,aspettativa
fipxrx1,8,6,"['consigliare', 'orto', 'inizio', 'estate', 'credere', 'bello']",4.433016915635535,0.9326562861981033,0.7013413429280928,1.266986486699839,0.45431576969844556,4.214978403758198,2.969964415336645,4.312433388196775,gioia
fglqjlz,78,66,"['diventare', 'inaffidabile', 'cellulare', 'copia', 'incollare', 'cazzata', 'padre', 'imprenditore', 'esempio', 'sveglio', 'ridere', 'differenza', 'dire', 'fare', 'foto', 'consapevole', 'sapere', 'inaffidabile', 'porre', 'contesto', 'tempo', 'storico', 'diverso', 'risonanza', 'effetto', 'diverso', 'lavorare', 'estate', 'inaffidabile', 'fianco', 'fianco', 'doppio', 'anno', 'mentalità', 'fare', 'volere', 'dire', 'fare', 'volere', 'beccare', 'capo', 'dire', 'stronzo', 'altro', 'mentalità', 'patetico', 'boss', 'lavorare', 'stronzo', 'avere', 'figlio', 'piccolo', 'lavoro', 'rinnovare', 'contratto', 'pensare', 'avere', 'diritto', 'cosa', 'giovane', 'chiedere', 'insinuare', 'cosa', 'fascia', 'età', 'andare']",23.956654082196643,17.118679703553486,18.23018629853761,17.669925968804268,13.248417283677933,24.033966132350486,19.79896027583924,30.257922933261842,aspettativa
fekul9b,47,38,"['nascere', 'isola', 'raggiungere', 'estate', 'soffrire', 'caldo', 'estate', 'raro', 'casa', 'ora', 'sole', 'male', 'testa', 'svenire', 'anno', 'spiaggia', 'estate', 'top', 'tanto', 'inverno', 'stare', 'respirare', 'poco', 'aria', 'piacere', 'fare', 'vacanza', 'montagna', 'uscire', 'bisognare', 'pagare', 'bello', 'poco', 'azienda', 'trasporto', 'garantire', 'continuità', 'territoriale']",19.343885529053246,9.103949263738986,6.848628467505782,9.546570527572431,4.6496984120639295,14.991407641485972,14.626977218943543,18.702401452429545,gioia
