comment_id,n_tokens_matched,gioia,tristezza,rabbia,paura,disgusto,fiducia,sorpresa,aspettativa,dominant_emotion
kfr4gvl,1,0.6190749493474434,0.1803134217207189,0.1623359649366038,0.1797736897175836,0.0918702461993499,0.8778417986252434,0.4632482983514452,0.6256816651095698,fiducia
kfq697r,0,0.0,0.0,0.0,0.0,0.0,0.0,0.0,0.0,neutrale
kfpcdso,11,4.783337333093569,4.9604268591968665,4.977385464885884,4.492183627989413,3.6036089691108755,5.815745997184531,5.2506917459011175,6.46757271419449,aspettativa
kfoa815,11,6.210972768064581,4.003822258084999,4.112592666269274,3.2740840314896293,3.4587303033707975,5.565771030917119,4.845502140329386,5.690036230502488,gioia
kflfo20,3,0.823490907163243,1.4802902734793784,1.3475022729431256,1.7173013178153838,1.0967467455946784,1.0140864791113255,1.3007000415422851,1.3205510407999184,paura
kfjtpno,7,5.31920857504175,1.2867713721372909,1.0392793828486104,1.5646113363488534,0.6969312740658,4.190241579534316,3.4301503843852643,4.668694113428674,gioia
kfjo89r,1,0.0895308408133471,0.4773141304875559,0.982205877285102,0.5515749668850897,0.6642559681113407,0.1350563470745731,0.3285442554167118,0.261871383555521,rabbia
kfjkz54,0,0.0,0.0,0.0,0.0,0.0,0.0,0.0,0.0,neutrale
kfjb6p9,4,2.653555385143456,1.6731799081653875,1.5009843075171425,1.3999791942879498,1.2420495650460388,1.8505875950678874,2.064726923000406,1.862749333178335,gioia
kfhjw1h,9,5.267160979358359,2.4781313875560316,1.8422428710182268,2.845286032664117,1.3357540435425201,6.046382411225452,4.558008825815454,7.373011363522436,aspettativa
kfg9ejx,0,0.0,0.0,0.0,0.0,0.0,0.0,0.0,0.0,neutrale
kfg2t5m,5,2.5354244558934647,1.7180519057086414,1.5500782199287766,1.6087299592220319,1.1535794912580868,2.950940993586384,2.6187986747199243,3.2242517256110657,aspettativa
kfeav8x,12,3.668673432209204,5.442214515277639,5.561485582083096,7.531331979317052,4.748719566152068,4.498806247775871,6.4809243720745755,5.9361417864330575,paura
kfaienx,15,5.611385316587007,7.8172638589777215,5.442834231614487,6.084818617602548,3.915856890268449,7.294347987860327,7.4075835208064555,8.712193242607462,aspettativa
kf9kiqw,7,3.688707551017147,2.7450255423349788,2.74815194763812,2.83612706153732,2.2857884125555463,4.130397622090569,4.101897562017325,4.97374093174474,aspettativa
kf9i1k2,1,0.2120532663067023,0.9205089497124204,0.3392368659029812,0.5971398517917127,0.3195868889378889,0.3719782793446746,0.3944475049913408,0.574401993641659,tristezza
kf8t1mk,7,3.8377207790814754,2.335484414304716,2.114346139690557,3.2747885956854894,1.5035901031868286,4.691653564025392,4.184863831215755,5.829007631708382,aspettativa
kf8mje4,9,4.621036869351274,3.158579128745118,3.2182727459194345,3.6945894475692223,2.1619430206899106,5.272491424506265,5.456778197955087,6.100032305693364,aspettativa
kf7b780,9,3.8177123804284383,2.696767680917023,2.8049489084696804,3.163418279910243,2.8991704805761698,3.8990012675328565,4.319010425322469,4.328047791995901,aspettativa
kf6ucwv,8,4.028524557144848,2.1087688842730348,1.9772164855571244,2.4385327040174345,2.0478790050714637,4.735789688488719,4.21717168732746,5.093659644709113,aspettativa
kf6iy6q,0,0.0,0.0,0.0,0.0,0.0,0.0,0.0,0.0,neutrale
kf6hubm,8,3.1322042153553222,2.6843074535195957,2.4413306025491566,2.9233799875916158,2.128981085697167,4.253947776753593,4.130661981590483,4.974966192437117,aspettativa
kf62drr,9,5.4493119630014295,2.7037188674894015,2.3372736563183265,2.609889307053802,2.0564298376019914,5.639762798362333,4.335585753159106,6.3079806273891,aspettativa
kf5uyek,7,2.844030757838973,1.6540659809894014,1.8052617233614638,2.406268851931295,1.9449708750166437,3.171457967998523,3.7630013057330975,4.030956380081603,aspettativa
kf5j69m,2,1.0068403207802887,0.5736114250896418,0.43867173480855937,0.5357600346344193,0.3543724534424138,1.3374775034727997,1.1672036318359091,1.191470685289113,fiducia
kf5i77k,0,0.0,0.0,0.0,0.0,0.0,0.0,0.0,0.0,neutrale
kf5ezaq,11,4.5075556467284,4.427851924337317,3.4476487290171467,5.296960655540376,2.6384143212799063,5.90547906971533,5.3086960237218035,8.158970599957877,aspettativa
kf4tb50,2,0.4538102577214937,1.1377399954928324,1.2353699856131766,1.07781203798669,0.7698265229059689,0.6089971126884851,1.1122434980189935,0.8728153362779026,rabbia
kf4o0dh,28,14.794119834929742,8.683623999059813,8.61671209049172,9.805474872376852,5.389859891367912,17.303771777253832,14.653095084869399,19.5166403876724,aspettativa
kf4i5lj,7,2.7387055768017525,2.2348829594710042,2.152731457253025,3.4608219987294415,1.6401090590143794,3.8688531020860695,4.213908700771747,5.136270061997818,aspettativa
kf4h4gs,6,3.2680340755448642,1.5210377579643868,1.9962026672563553,1.6655271309410593,2.0776863647909414,3.375969088203057,3.365487298483547,3.4102660521957704,aspettativa
kf4ef9e,1,0.6485598091054618,0.1465799465932897,0.1938160520423405,0.1795299989589602,0.0983005783537588,0.5850808438250767,0.4621840791137679,0.786661581674831,aspettativa
kf4e5en,3,1.6694156598926067,0.8400013934829306,1.0872821451371537,1.4203935486908963,0.8021285138253945,1.182388171419798,1.7129309439454885,1.6337164335919105,sorpresa
kf4dgne,13,7.707485060520079,2.718575886947937,2.9697336149234785,4.372825753452079,2.7390441328005366,6.626093537820209,6.304483165670972,7.501683899832811,gioia
kf4cgb4,8,3.1110148397073276,3.2401523790513918,1.8867975971877031,3.1165645832163733,1.789806595883039,4.059308214815213,3.7105985478945462,4.984317293306094,aspettativa
kf46yc4,1,0.3592050686740649,0.4222216429851669,0.3538720964441468,0.3942820234754829,0.2906981386381805,0.4523351744295503,0.8148011359063295,0.5786604808557476,sorpresa
kf41k1q,3,1.9580869101109433,0.4536656568591816,0.35944378625313056,0.5785429282072371,0.2755903203584045,2.20080573138652,1.2718549421584098,2.428821868345846,aspettativa
kf3ylq3,2,1.8344835000594126,0.3820026739189853,0.42984054182320786,0.3596624811430134,0.2485673338003084,1.1084142039241327,0.8260250320949022,0.9554265047152175,gioia
kf3onp6,12,6.3557568571706575,3.426420977337638,2.58330894639752,3.6486553006332327,2.770404980750917,7.449016660380114,5.603923569034129,8.817983302228976,aspettativa
kf3n9ec,0,0.0,0.0,0.0,0.0,0.0,0.0,0.0,0.0,neutrale
kf2ypn3,8,4.181597991047236,2.435076091589361,2.2583514336093713,2.5463713144230575,1.6269515633135383,4.997230375083818,4.695203461955961,5.5995409483845275,aspettativa
kex4zhi,4,0.9631102765128241,1.9874822253546307,1.766012093523198,1.5321790695640511,1.4288366807667767,1.763913186063879,1.4134508467346358,1.7684074229067586,tristezza
kewpcok,2,0.7714203569343194,0.7828174919967146,0.7833500452969322,1.173301698165699,0.6142437690879932,1.1765884704918839,1.126315116624876,1.0828907477115641,fiducia
keunhz2,2,0.2876104223552836,1.3504226166526334,1.6730850321328878,1.0792574312413008,1.2109245931349615,0.3403075692663689,1.0129034002799473,0.4890988165578104,rabbia
kenxswj,12,6.316706427302197,4.16083593769963,3.9812918575739062,4.821437670220753,2.9075093645228214,6.907952903462165,6.406425563343446,7.810155779649824,aspettativa
kenrr2c,9,4.636622565130014,2.976934271148157,2.735449325452788,3.727723307079961,2.2865755503910288,5.393520675750818,4.950166586322911,6.910194191228396,aspettativa
kem8gtj,4,2.1599734542858817,0.7170745712576254,0.4654628784848416,0.76746563791773,0.3501940322846143,2.549193801984754,1.6615068803182556,2.6541281943478996,aspettativa
kem5pp4,9,4.224069383748686,4.097042247531,3.0895601793535974,3.7052437619221616,2.696666219784579,4.380820719882314,4.450790742321423,4.749840843036805,aspettativa
keltjbz,1,0.1835457721991888,0.8455535592145137,0.6794731688949189,0.6153918694448804,0.5247745442866681,0.2954237528405712,0.4821996190132411,0.5898861948995232,tristezza
kels2j7,1,0.0895308408133471,0.4773141304875559,0.982205877285102,0.5515749668850897,0.6642559681113407,0.1350563470745731,0.3285442554167118,0.261871383555521,rabbia
kelqd3i,0,0.0,0.0,0.0,0.0,0.0,0.0,0.0,0.0,neutrale
kelq5d0,0,0.0,0.0,0.0,0.0,0.0,0.0,0.0,0.0,neutrale
keloa5g,2,0.1790616816266942,0.9546282609751118,1.964411754570204,1.1031499337701793,1.3285119362226814,0.2701126941491462,0.6570885108334236,0.523742767111042,rabbia
kelfltj,1,0.8835003219618439,0.0701320768537374,0.0726784001233154,0.1101095297464252,0.1140091044040304,0.4271900429936869,0.4070558967276798,0.353327520104769,gioia
kelauar,11,8.132449561466359,2.80074344132748,2.7992953163148893,3.3762095966102366,1.849123771004201,7.454886981926822,6.574266341614039,8.223103082923783,aspettativa
kel5yq6,3,1.4062586677268354,0.518160347638869,0.4957075266400164,1.2321777389352389,0.4256535856061001,2.049826539181473,1.3233266631124925,1.5856171989797765,fiducia
kel2ta4,0,0.0,0.0,0.0,0.0,0.0,0.0,0.0,0.0,neutrale
kel09sr,0,0.0,0.0,0.0,0.0,0.0,0.0,0.0,0.0,neutrale
kektsye,0,0.0,0.0,0.0,0.0,0.0,0.0,0.0,0.0,neutrale
kek8bce,2,0.2489191634724518,1.488913222027474,1.306807657640652,1.4603611528209015,1.0965215199554388,0.36702891286196876,0.7651297708879097,0.5570622458083214,tristezza
kei3iyv,0,0.0,0.0,0.0,0.0,0.0,0.0,0.0,0.0,neutrale
kegqfzr,6,3.177560714646426,1.6093333534312948,2.1179992947010193,1.5778426526928235,1.876903401581012,2.4791864215092287,2.626664619094157,2.061761438941513,gioia
kefzaxt,2,1.0457824015914672,0.550148302632004,0.7451710094364359,0.7485936096364751,0.46677224684062923,0.9738025051362472,1.3054682209665733,1.274125526815555,sorpresa
kefu3ml,9,5.817845273010459,2.267789561886767,2.76076900808424,3.446078382412363,2.2750035722936417,4.908817937455446,4.644071441878907,5.701951953308664,gioia
kee9olr,27,15.201849643688721,7.726056995226081,7.613405716039445,10.197687227800227,5.2202124917971835,17.767498391932854,13.357322830305481,18.444752115465455,aspettativa
kee7a6h,0,0.0,0.0,0.0,0.0,0.0,0.0,0.0,0.0,neutrale
kee1z90,4,1.4535196923800562,1.6771010052523887,1.7755663885520938,1.683459817048973,1.456790050317716,1.8344687211099882,2.3320983804233157,1.6549119762039823,sorpresa
kedrpmz,1,0.6545493986673641,0.3459911765832786,0.3007958791212796,0.4196153424670319,0.1736581124652284,0.74428161194804,0.6363018818386232,0.9038776951239332,aspettativa
keceqx6,3,2.115062831017692,0.5389193299734379,0.5381406448794864,0.6460926318659175,0.3142315321810083,2.2040466536876098,1.7939117718125939,2.024183947969781,fiducia
kebpno7,6,3.644792489228586,1.9071804641818662,1.754368991463752,2.3573379885091588,1.4418559237337896,3.787226365952072,3.231125548188285,3.6805543667283835,fiducia
kebixyh,1,0.5596410016805611,0.2162827157675285,0.1271415737194536,0.2156116007865754,0.0949670739351028,0.7838226864357017,0.4280666071672056,0.8959859174490372,aspettativa
ke8hx3q,3,0.9051133526592571,1.502712690618173,2.106333254600119,1.6938743261411582,1.5082141778169948,0.933399634301659,1.88409688038574,1.0325081333139838,rabbia
ke7nusz,2,0.9530172802721452,0.4441897574362214,0.4964761962524271,0.7373033674361164,0.3270266177850921,1.2777387030175065,0.9980114880406725,1.6609777259965377,aspettativa
ke7nlr5,1,0.8802071364407991,0.3012993574598314,0.1634872332321754,0.1930468635205531,0.1420085541480221,0.7187198722602018,0.4702529598067861,0.7161650083194177,gioia
ke7n4r2,0,0.0,0.0,0.0,0.0,0.0,0.0,0.0,0.0,neutrale
ke6tzt9,2,1.2465239023628827,0.5393393583727973,0.4966320762837323,0.7050932312911566,0.3637442424803908,1.2974581046476128,1.2189323387929367,1.4735041732848297,aspettativa
ke6swek,21,9.06766170168458,10.171087743060182,8.925470761199877,8.7753467890985,7.216585014124722,9.270503229571332,10.208217777579403,11.803462144250092,aspettativa
ke6h36k,5,1.8348634074657963,1.8508146731467823,2.1258426202077687,2.049576317805133,1.7789935667192736,2.093035085536265,2.94705710939184,2.1753208686993903,sorpresa
ke6gtlv,3,0.5960786347964228,1.459027476478327,1.2418616366615063,1.5691941410091734,1.0825293354499845,1.3936867828728592,1.0924866856723436,1.723265751612465,aspettativa
ke60wuw,9,3.2500557006891175,3.9538869643534698,4.08906407943586,3.437719383911586,2.7590073968365623,3.1924341935628564,3.400128152589393,3.893337130077777,rabbia
ke5y2nm,2,1.0582756325560383,0.9878964493529414,1.0033175240848073,0.9552871141099889,0.7265799156639063,1.0030579938864834,0.9055732202925697,1.2521658899791859,aspettativa
ke5vpi3,5,2.646420256827686,1.018871103343795,1.0033702969530034,1.0025347843109456,1.2185414655078535,3.094459835343625,2.0863847524939176,3.1787039582751895,aspettativa
ke5p7ms,1,0.9027563670049624,0.2390965515901427,0.3295668773727221,0.2791181896836944,0.1794878955697531,0.6855921714831468,0.55205945175794,0.5355239708532171,gioia
ke5m3v1,6,3.429147978821478,2.1439270575249134,1.6840295779866945,1.7981080065103865,1.362491711793676,3.2612874767342737,3.0390921628511425,3.853044285833636,aspettativa
ke5lpom,28,16.9608168603971,7.1805917135353265,7.784191020046951,9.820142662132609,6.1425381268563415,17.97189131198991,16.365827418748694,19.11275864608405,aspettativa
ke3bbho,6,1.5526668969074189,3.289624496432478,3.6429253580270182,3.7509230004021585,2.542503401669152,1.8104303598734783,2.9027606324586257,2.6819621495984274,paura
ke3a2u1,7,4.9122407970497335,2.250666050459574,2.19441220120783,2.2354229146220836,1.3461729253002215,3.619829935205451,3.5661671458199273,4.36691649040525,gioia
ke2inzz,5,3.1883609201583654,1.2078378186243548,1.1069914403145293,1.796725379619466,0.7335625034755334,4.027579309199249,2.6773922456389876,3.6721758701925133,fiducia
ke2g6tu,3,1.024946773595608,1.124851370248502,1.0903764088998507,1.6709678276814304,0.8999263765123722,1.5707810879583692,1.7230003759654615,2.1046993126436933,aspettativa
ke18t2u,4,1.443213670118002,1.6090985333931163,1.8254421721357925,1.948136853553918,1.3497567862438131,1.7618754154131566,2.097054833765262,2.037362193380287,sorpresa
ke143mn,2,1.9110402857625193,0.2406133222592019,0.3563299441506513,0.2769935558266165,0.1937249398385257,1.14749296378589,0.8476376125162384,0.9159015443686652,gioia
ke0s31v,20,8.790706530953429,6.078175096166241,5.5300947917717265,8.181166450570375,4.2100393464219525,12.676454402297152,9.782090327954844,13.472009608095826,aspettativa
ke0oo9b,1,0.4232693796295669,0.3060979590639901,0.358665048456253,0.5033975547005572,0.2567998728445583,0.6706676898718382,0.6290382911158713,0.8319478233115386,aspettativa
ke0izu3,2,0.7742836190985749,1.0474528510558532,0.8201899433250448,0.9240414259533138,0.6738167764395536,1.0730225899197081,0.7624719487917841,0.9628658164794838,fiducia
kdymktl,1,0.99441474357577,0.0764955726761905,0.077801358536004,0.1304607825119426,0.0608331770532185,0.4992552661070773,0.5229834422191302,0.4750290165276064,gioia
kdvndzf,64,34.62495243532905,15.846886129352015,15.399886558195059,21.63829046509261,11.816878396676048,37.31647738013467,35.200589037567816,42.563264399198054,aspettativa
kdrzfly,5,1.961521472960718,2.390351781847966,1.7943143496290697,1.9371423153886393,1.807068338044599,2.349773203792396,1.9531365067871045,2.67269193465025,aspettativa
kdrftj8,0,0.0,0.0,0.0,0.0,0.0,0.0,0.0,0.0,neutrale
kdqql3t,4,2.1120093426879265,1.129783717931326,1.0949171849586457,1.2417733654838887,0.6028693902791173,2.6742653309719153,2.117856273798204,3.3625291621432796,aspettativa
kdqmjt1,2,1.0279473329998252,0.8707511472572692,1.0052302894517111,0.6374120335270045,0.6271442294676889,0.8124379842548746,1.115887100919193,0.8017495497990764,sorpresa
kdqdgwd,4,2.267289160223136,0.9988179931391317,0.8520680438144628,1.0438550829048951,0.551329714722108,2.7515284854480395,2.174362185994428,3.137807373131995,aspettativa
kdqbyt0,2,0.3157168409133292,0.8368258993249188,0.7955523072885463,1.5438249292363158,0.7053126232436013,0.36757303327617763,0.6151117648662254,0.4816160402614096,paura
kdq1i9a,4,1.628015710222022,1.1912365694893547,1.4914061020643992,1.3389311177683374,1.180341747972544,1.6326653411010725,1.708893038901553,2.671377450441622,aspettativa
kdno7au,11,5.994484610463404,3.5590803368823534,3.4910996127910483,3.8082478312426113,2.4537452127373465,7.226331211551197,5.9457538817591775,7.605523946102106,aspettativa
kdngu8y,1,0.8167802557629016,0.1502933006313459,0.2830613064462055,0.1712555653632479,0.2279083607188719,0.4341346077724068,0.4258969681388389,0.5846835762691271,gioia
kdn58fi,1,0.7551338794599994,0.1210957386296841,0.0962707466828845,0.1562281631181883,0.0708694509809432,0.738794184101609,0.4509827640056566,0.882946906868751,aspettativa
kdmslb6,12,6.332574968176935,3.8954909515746343,3.4084108263705533,4.102245615500118,2.2397396042932,5.692866869861429,6.249222759103644,7.272305430182903,aspettativa
kdlmhq2,6,4.002232323740587,1.5430415793304748,1.2325022826124878,1.60845555703236,0.7660781523187463,4.586916889039402,3.093627152974042,4.190793678673355,fiducia
kdllhue,0,0.0,0.0,0.0,0.0,0.0,0.0,0.0,0.0,neutrale
kdggpdw,1,0.3961948628361782,0.2400370223867852,0.2585780780789789,0.3902546309968175,0.2144075324908239,0.7164077613210452,0.5094768963595556,0.9494254127354108,aspettativa
kdgdmz3,1,0.2194619166469287,0.4963095209860326,0.4974292730312535,0.4412837590119931,0.4633171263128952,0.3830437609846105,0.4238453180581632,0.7824411606766819,aspettativa
kdc35gt,11,5.9298416676696855,2.6368789689246888,2.341352916944979,3.075616705632409,1.7743685119049384,7.323664641926661,5.924980345728836,7.37536661157605,aspettativa
kd973r4,0,0.0,0.0,0.0,0.0,0.0,0.0,0.0,0.0,neutrale
kd90ka6,3,1.646187620063488,1.3997876525423538,1.2172587516713456,1.0254305596225721,0.6666407416336656,1.4638523088998967,1.274279534204339,1.6664627675564325,aspettativa
kd7edlp,1,0.4128090130843558,0.3559205406755248,0.3659736962317585,0.5066767174517703,0.2642117769605402,0.6093734114811294,0.6662922567171884,0.8436319152178304,aspettativa
kd72bvo,14,7.647786737386488,3.170387784988166,2.825552085669563,4.071418999762863,2.0381842221655018,8.918448471311267,7.659586722699955,9.702379395058083,aspettativa
kd6qkys,0,0.0,0.0,0.0,0.0,0.0,0.0,0.0,0.0,neutrale
kd6q8s0,0,0.0,0.0,0.0,0.0,0.0,0.0,0.0,0.0,neutrale
kd3oo38,5,3.767397441349031,0.7697172706594169,0.8577961680389784,1.0858049106829541,0.5506505824436065,3.793151077383077,3.012742191750016,3.5994451565033376,fiducia
kd2izit,0,0.0,0.0,0.0,0.0,0.0,0.0,0.0,0.0,neutrale
kd250e4,6,2.8003478968969926,0.8830286740804408,0.847831446494157,1.1010134857244578,0.5683837953959258,3.789758587477843,2.4641306194441546,4.693744201844086,aspettativa
kd1bz5e,4,2.0791714885852706,1.0518170549304369,1.0847852062652983,0.8447987535281188,0.8527109688884356,2.1088776671695406,1.308685331626609,1.8645867700545327,fiducia
kd15m8r,40,20.576790353257334,11.17779773837816,10.713005847500133,15.592727121373823,7.767612543240186,24.02024376724819,20.887932025009178,26.03387010705601,aspettativa
kcxvc9n,1,0.3774877581741606,0.5783567385932292,0.3179379747550994,0.4975703328868633,0.2241200729162407,0.5671418877807063,0.5758430332994423,0.8060167318461866,aspettativa
kcxp0nz,1,0.6872015974680978,0.1376180167007002,0.1785009989075798,0.2121566806043476,0.1077419996338368,0.5807955632161957,0.7213196925688679,0.8540696837330071,aspettativa
kcxiyu5,3,0.48586383483032797,0.6005047057685166,0.7424501854451108,1.82728198389859,0.5889682606001884,0.602731167131901,1.3799332772630257,0.909263213901853,paura
kcx9lpk,0,0.0,0.0,0.0,0.0,0.0,0.0,0.0,0.0,neutrale
kcwrq07,4,2.017760780282267,1.1156714665909617,1.4643360756073769,2.1257190548858484,1.251816726850988,1.2945629155830432,1.8077631668769458,1.3353396060471654,paura
kcwpdr0,9,3.63285878621225,2.954632713500489,3.814564989362664,3.9800448120331406,1.7379922798140894,5.18982831260751,3.9151896805666513,5.209988212967235,aspettativa
kcwoohp,1,0.5391437623764873,0.2923175952954002,0.3823070791669871,0.4260606536336871,0.2463132632497038,0.6360802696690447,0.6355196341650633,0.8548154808933169,aspettativa
kcwhuq0,1,0.8802071364407991,0.3012993574598314,0.1634872332321754,0.1930468635205531,0.1420085541480221,0.7187198722602018,0.4702529598067861,0.7161650083194177,gioia
kcwdqus,7,4.0302987297502195,2.502249150416495,2.069962884798642,2.5827494218566405,1.497009947604577,3.697310900850422,3.675993539017158,4.780309827260798,aspettativa
kcvvlvw,7,3.9767598965759587,1.8158433692621943,1.8162770778660133,2.8112248875892254,1.3786688452257874,4.904799943306132,4.472559619843676,5.023233262135914,aspettativa
kcvtzfj,4,2.3721907191110496,1.3796246319977024,1.6364914651587648,1.351228107348609,0.9133064564548279,2.424924775669104,1.8474710740502729,2.658569502753122,aspettativa
kcvtvkp,1,0.4045568188893125,0.4353719381372857,0.5240350538092649,0.4311544531046646,0.2372446658520314,0.5192998971740154,0.4108444190726575,0.7177538250952218,aspettativa
kcvt0uh,2,1.031465768277654,1.2410981109253645,0.8896055274126534,0.9591622148617461,0.6689370862594135,1.069058835133864,0.8674545367474364,1.1063936254594455,tristezza
kcvs0o1,6,3.2348783763947093,1.5244205402925914,1.3162131683804272,2.2539618525329272,0.9839884457247563,4.489060089137632,3.084185472301853,4.923186574080112,aspettativa
kcvr73a,6,4.093306054547922,1.292993225718365,1.139276850738725,1.4980253131628136,0.7959919417713637,4.1853987998591,2.924022784557783,4.521279639460758,aspettativa
kcvn4hl,12,5.804107600219855,3.297107013208361,3.6502842485156073,3.716725471345427,3.027207407534658,7.671226134168655,6.293098442583895,6.781353770774152,fiducia
kcvia0t,17,8.925656647864166,4.809509355856028,5.160820709191621,5.80769096119544,3.1737336160722123,10.261102754977678,8.778846594794846,10.687880534147993,aspettativa
kct21dz,4,2.4517515687371283,1.0376416861446298,1.0199964184718537,2.014146675243687,0.667264335283805,2.4746384804657673,2.53181043701261,3.2837234454235578,aspettativa
kcsogls,1,0.5773007116144319,0.1484253116954544,0.1188444095799188,0.2557503415438008,0.0917834803368158,0.5152036025325953,0.3785501785159199,0.7861466450635038,aspettativa
kcso8tf,2,0.8465387592591338,0.6121959181279802,0.717330096912506,1.0067951094011145,0.5135997456891166,1.3413353797436764,1.2580765822317426,1.6638956466230772,aspettativa
kcrjhtw,9,3.5179878915611282,4.437173785639491,4.8930982382587604,5.004103576860331,3.3430703122090204,3.5647810802129203,5.924519157475702,4.536029471445956,sorpresa
kcrhyn2,3,1.0539374312000562,1.4240839184475735,1.7766547003295776,1.9675627155208621,1.1823891934109607,1.1760447335716013,1.6430968292648622,1.4801259231852353,paura
kcrdqfk,6,3.446034641176209,1.3743290375008128,1.1454193979623906,1.836920146349467,0.869116201618334,3.842164868170226,3.5989174946201077,4.802763408915591,aspettativa
kcqxhug,1,0.3937429240396697,0.1360005163027311,0.1283780045867893,0.1855165549690097,0.087441992335093,0.640714935312105,0.4996272182065759,0.8209614479337393,aspettativa
kcqk6m7,6,1.9357830630296244,3.5096380067509583,2.9460575482474107,3.0458431659150467,1.8906163146315804,3.0782904963698767,2.386652100997753,3.2152473172170666,tristezza
kcoyh27,3,1.7762351700072059,0.8456057949904168,0.6046572886814134,0.7300607586184144,0.4968030577678544,1.8118190270853558,1.635384002978164,2.078792089786057,aspettativa
kcour9s,5,1.8786417294065103,1.5320758925730074,1.9617928112307055,1.8542082668720523,1.2681535937570767,2.7774368224662647,3.0939847725232976,3.461440132179111,aspettativa
kcnvbxk,2,0.8212680623914381,1.1282853241131168,0.6524736747675166,1.0476281933092269,0.531958436017469,1.0164757240499804,1.1242096088243199,1.248718329332305,aspettativa
kcnofrf,0,0.0,0.0,0.0,0.0,0.0,0.0,0.0,0.0,neutrale
kcnbihe,13,5.166977626261538,4.384565041324662,5.069699462230048,6.0317032284909,3.847013711006071,6.517781163824727,7.521436589808449,7.150501599671922,sorpresa
kcn7glm,2,0.2520407504328035,1.0914813668844208,1.826325331156458,0.7955019266649218,1.541018477071733,0.23411547879761502,0.6769349660170748,0.3689418709489291,rabbia
kcmwpb7,2,1.3859788946758744,0.5048501186233938,0.8463304998028942,0.7924268320449511,0.7208792489455634,0.9209481206664885,1.3400999079045146,1.0399895878959813,gioia
kcmjx7b,2,0.789825378980701,1.2042586983877162,1.1864551415943598,1.0982077711756688,0.680618312888262,0.8901471596991037,1.0918493784463972,1.1256979529328766,tristezza
kcmhq1b,2,0.9377487615745491,0.5150342675280983,0.6169450756137906,0.3721198611220775,1.1020413648134928,0.7720005711663379,0.7459617454015051,0.7887835420670846,disgusto
kcm97w4,14,5.915313700774962,5.139382208559878,5.014401952271531,5.600561674499912,4.397955364565912,7.005135296110047,5.904362241162663,7.865478119048118,aspettativa
kcm682r,6,3.7961013685988876,1.3952311117613585,1.7692191204868009,1.9786131532613755,1.2297073243407723,3.081455651080473,3.5704584900542016,3.8713165186240444,aspettativa
kcm14sg,2,0.6306874305844553,1.096611502095252,0.7582234978569538,0.792459757880082,0.6601911691359911,0.44783058854088975,1.1108961675285982,0.6577152468009417,sorpresa
kcknuc9,0,0.0,0.0,0.0,0.0,0.0,0.0,0.0,0.0,neutrale
kcknkzm,2,0.6979371813837262,1.1429290342027918,0.7593110467665208,0.7155731919629014,0.3953344682930124,1.0930513493476797,0.7565491768836219,1.2118762217895827,aspettativa
kckkqgd,7,4.027741346626362,2.364154569080219,1.6281127230164658,1.765361368824503,0.9979704130559612,4.295882601276086,3.667669379387764,4.5026112629479105,aspettativa
kckgurq,4,2.225784601936038,1.3392466373655885,0.9823992914757971,1.5123798360509193,0.8377009241499332,2.7289097337253243,1.8943575818433578,2.647792323720617,fiducia
kchpc0b,19,9.406546521975786,6.601784152905662,6.363566434519893,7.733927998085494,4.834001894403894,9.898315812428965,10.091791244048467,10.766508030642735,aspettativa
kcfz7g5,0,0.0,0.0,0.0,0.0,0.0,0.0,0.0,0.0,neutrale
kccrcix,3,1.8115047543549647,0.4077449217682665,0.4127051873596103,0.5614197915457005,0.249105425006126,2.380483376756307,1.3454404455832352,2.5690227062414923,aspettativa
kccfxym,2,0.7967626282613606,0.644734832681487,0.6162736826111723,0.6970341005557938,0.555100606649711,0.8982473635172059,0.8023954965740832,1.5685878057401856,aspettativa
kc8iwdb,3,1.684783597857711,0.8473239164084446,0.817633407705274,0.9687807495760083,0.7915230466888484,1.7536678607012943,1.9188847580323025,2.279595041892695,aspettativa
kc7vzdm,4,2.1005594521921047,0.5863040340305414,0.6782302318171332,0.8342318655197698,0.47539452423194895,1.9467088645047,2.2839422064192965,2.845081999961768,aspettativa
kc7i1wp,4,1.607609813166394,1.4420091656291505,1.3846298597589468,1.9282081639388569,0.9988001907578569,2.054397416076345,2.1456745820722145,2.222615582995352,aspettativa
kc4usl5,2,0.5024747411972829,0.8918254498798518,1.4536786132419448,1.2547938197630226,1.092529250361821,0.5107282383511635,1.4849786979964947,0.7107799399009065,sorpresa
kc4lsfr,3,1.4591832679548433,1.1790442487046195,1.1772153772201124,1.1121813598364636,1.0055522766357325,1.3770738502292597,1.3970856313805162,1.9580630859533725,aspettativa
kc3mdlw,5,2.1103365267458347,1.9815147880817994,1.8436820600816783,2.586730626369668,1.398966764171,3.0672484024544913,2.3744908963296583,3.9515506440555033,aspettativa
kc2x2v0,3,2.063497603985664,0.37485261219859767,0.4603283047724118,0.7771723942546263,0.3278073079182632,1.6397758976141827,2.0423804008457185,1.6499117066219497,gioia
kc2wwua,0,0.0,0.0,0.0,0.0,0.0,0.0,0.0,0.0,neutrale
kc2shqm,2,0.2876104223552836,1.3504226166526334,1.6730850321328878,1.0792574312413008,1.2109245931349615,0.3403075692663689,1.0129034002799473,0.4890988165578104,rabbia
kc2nuv5,0,0.0,0.0,0.0,0.0,0.0,0.0,0.0,0.0,neutrale
kbzoyjp,3,2.0874992986815935,1.4402619793603448,0.9348123746188698,1.0947076733349637,0.7542907780317787,1.796710849476058,1.4593911276833573,1.7674312505566392,gioia
kbzcgri,11,5.214571902678942,4.542252192255879,4.4049276233416395,6.294590558042893,3.060991566361773,5.652200760375275,5.346460812346414,5.924699607599736,paura
kbzbwq0,3,1.3420775065771111,1.0182567157035267,1.184120141266907,1.4801089634263602,0.9066807198557305,1.4247925196711893,1.4330043826857464,1.940000358194112,aspettativa
kby4ehg,19,9.942331483492667,4.9436504870858435,4.228440366638964,5.348179576486008,3.33685080114416,12.274087877984973,11.038275914509406,13.287629427427241,aspettativa
kby1wwj,10,4.625764645356515,3.330389147351923,2.890559934141319,3.6826159104828835,2.0953482300213824,5.775977239332953,5.608537349538582,7.874112233400479,aspettativa
kbxrfap,6,2.5117171864392027,2.4794586000853944,2.4828473044738737,2.3407740367381478,1.6614799668338132,3.0239132227587726,2.8786811239382137,4.216164365718999,aspettativa
kbxqaxe,3,0.5506373165975664,2.536660677643541,2.0384195066847566,1.8461756083346414,1.5743236328600045,0.8862712585217136,1.4465988570397232,1.7696585846985697,tristezza
kbw6cvd,2,0.884833316899318,0.4653075596631891,0.3905107445568987,0.552562185838595,0.23597419646674217,1.2198402345666386,0.9190251444290589,1.691088934389931,aspettativa
kbtzpz9,1,0.6532653078681663,0.1853988704462543,0.1654888703524488,0.287194866386163,0.1564345225684545,0.8543068925437545,0.6429065116505946,0.5895131080520277,fiducia
kbt7byl,0,0.0,0.0,0.0,0.0,0.0,0.0,0.0,0.0,neutrale
kbt4a6w,5,2.283157678879616,2.2497850050591364,2.5185660905995584,2.9372985635802165,1.9181797664340166,2.2854026465702573,2.9242946712758666,2.7946728518207182,paura
kbswa5o,4,1.205600092648635,1.1483022313783815,1.4140935528231826,1.8098938819244315,0.9679037996579505,1.8685715586734848,1.7185263502512165,3.022937865651831,aspettativa
kbst4n6,2,1.0976762150692876,0.6063810507887829,0.6387028165394645,0.684605242087201,0.5815283832720944,1.3687602445602525,1.3213893421040428,1.4525179326581452,aspettativa
kblfkji,14,7.323335455978043,3.609074320078343,4.84630763600324,4.892012145340728,5.034598954001314,6.173214163084841,8.219541189512336,7.4771833231309355,sorpresa
kbj5oa7,0,0.0,0.0,0.0,0.0,0.0,0.0,0.0,0.0,neutrale
kbj4qlu,4,0.729103591220969,1.8176212189596408,1.6559498193872648,1.4298848149058494,1.9363751181498627,1.3106849285631428,1.2907824244314205,1.7396430816256372,disgusto
kbj2ngc,10,4.42645950605813,3.065924486051956,3.8348045921407237,3.7145083901312894,3.5999583304328455,4.527551402570117,5.581578109038176,6.257095488909889,aspettativa
kbizv7g,0,0.0,0.0,0.0,0.0,0.0,0.0,0.0,0.0,neutrale
kbix38k,13,7.184706119303294,4.465073496846107,4.899783691346359,5.570630878983397,3.711854665500936,6.60375137416683,7.995002113186487,7.785648928541996,sorpresa
kbitekr,2,1.1664466982455393,0.3603302514757927,0.3595583106305553,0.5116839462746533,0.2793269630016922,1.5238855237905706,1.1462181702571224,1.464583828751094,fiducia
kbirmqb,1,0.3253129131596539,0.1636021809934965,0.1467419277832777,0.3129154419626047,0.1060724473601755,0.540044137802329,0.4315783790258224,0.9693551506696584,aspettativa
kbippl4,1,0.7551338794599994,0.1210957386296841,0.0962707466828845,0.1562281631181883,0.0708694509809432,0.738794184101609,0.4509827640056566,0.882946906868751,aspettativa
kbipkjz,0,0.0,0.0,0.0,0.0,0.0,0.0,0.0,0.0,neutrale
kbg7oqd,13,4.834535111391422,3.668456214966615,4.543439511580113,4.355529569362714,4.241044381412334,7.681860248059808,5.578343805424306,7.394696973893092,fiducia
kbfqcan,11,6.704648292829789,1.8183568061504274,1.428191245847252,2.4246911292780036,1.0188426045276657,7.040270637408263,5.143010922035904,7.975245368527415,aspettativa
kbfo07z,0,0.0,0.0,0.0,0.0,0.0,0.0,0.0,0.0,neutrale
kbfh28b,7,3.625719708063131,2.9557865098638887,2.1330337701601625,2.8875417614965806,1.7071783391355537,3.7003235618025583,4.103853207130346,4.274002093732152,aspettativa
kbfb7h4,6,3.1564217500929637,1.5447804942706107,1.4397293250898668,2.130800501093583,1.109584662690338,4.44575642677579,3.684156070364895,4.874495719741714,aspettativa
kbf91qb,4,2.855207652791308,0.9432839663081402,0.9363576143511434,1.3902092736334495,0.675864303197753,2.4302279469086563,2.2694118220197668,2.9803984303374795,aspettativa
kbeaibb,6,4.093647933056636,1.7102272009662696,1.2068810421164715,1.8288443335853413,0.8455424247876162,4.260725579700107,2.8844379062000707,4.146915824974087,fiducia
kbe9p2o,6,0.9862718896515604,3.299964753936574,4.818651041057293,3.2006155233184685,3.8785252722461863,1.1876172436016923,2.41689408384226,1.58498132895077,rabbia
kbdmhsa,2,0.9429505669463405,0.9916189820163493,0.7971696824698837,0.843838444998994,0.6297718025011035,1.2292333980377173,0.8920784276164424,1.1133149253497707,fiducia
kbdiq6o,4,1.4591466459862943,1.7159384918504128,1.5416385703033306,1.358217036759348,1.128175935250952,1.7432717153034987,1.7839248134184809,2.5681590878843825,aspettativa
kbcy6a5,1,0.859544700256385,0.337066203804762,0.3686096033124728,0.2849755225448237,0.3138286242312036,0.7012266039882674,0.6059967093428407,0.667464545888066,gioia
kbalcvq,6,2.0081047294506185,2.367185213647534,2.5389809837260744,3.363274600261617,1.8032071257965727,2.9240998599421206,2.8518808889227687,2.9729496223714342,paura
kbad9ua,2,1.1644074186076305,0.6518937381167549,0.6734301822218574,0.8352113210676266,0.4676497818247482,1.0719557311351138,1.5448547928569547,1.3066931822019632,sorpresa
kb9wt0u,4,1.8887499932558782,0.9709071591313594,1.6369572494678881,1.5145874615355244,1.12159377875544,1.9685958296408783,2.222348101556789,2.1936985007795515,sorpresa
kb901q4,0,0.0,0.0,0.0,0.0,0.0,0.0,0.0,0.0,neutrale
kb8xko0,0,0.0,0.0,0.0,0.0,0.0,0.0,0.0,0.0,neutrale
kb62gxp,3,2.383145441502887,0.5972061481097037,0.41772212349696514,0.5598156711508494,0.2792714603996602,2.0791623897892944,1.4514755703881175,2.099786744872209,gioia
kb56zhb,2,0.8101826932507932,0.9321656754267513,0.6699708680833547,0.7965567724555453,0.5984366515725555,1.23184959266582,0.9116681239978586,1.1205797082789923,fiducia
kb0llty,1,0.5219832714178991,0.1821976750426007,0.1716178371006699,0.3030974763777938,0.2504309468199608,0.5302843612092503,0.3931014006587448,0.7865821094646581,aspettativa
kazeyag,11,5.788663124502487,4.566445817006153,4.012750720502087,4.9932074630713625,3.2562491948575305,5.2644869112863315,6.151819174358101,5.262103072386289,sorpresa
kaz0yth,12,4.494702071190366,4.471839108423313,4.311272866680731,5.222604295269778,2.893376378121019,7.106133518523626,4.925997962019224,7.506122877619534,aspettativa
kayq327,1,0.4596072996556533,0.4096647878518582,0.2736648552528488,0.5177270209020352,0.2896815424978784,0.5653705844667956,0.5757243113314269,0.8026799656743524,aspettativa
kaybt3v,2,0.8840591035988116,1.2650821510704242,1.014220035378158,1.0470789461702856,0.8105359265371439,1.1573190756397018,0.7970165980168065,0.8996142358757228,tristezza
kax2g2e,0,0.0,0.0,0.0,0.0,0.0,0.0,0.0,0.0,neutrale
kavm1ix,0,0.0,0.0,0.0,0.0,0.0,0.0,0.0,0.0,neutrale
kavie2c,0,0.0,0.0,0.0,0.0,0.0,0.0,0.0,0.0,neutrale
kavd6xv,14,6.371491182633335,4.342055350865849,3.9035339259368382,4.4325962901828975,2.7921223529897183,7.7488499751623925,8.274321449249834,8.611157107793037,aspettativa
kav74f4,3,1.5528085683063682,0.6918159477201887,0.5595177449715198,0.7160717716322664,0.4784137363746962,2.254317370866121,1.58923421677005,2.3373264004942516,aspettativa
kav5rql,1,0.2194619166469287,0.4963095209860326,0.4974292730312535,0.4412837590119931,0.4633171263128952,0.3830437609846105,0.4238453180581632,0.7824411606766819,aspettativa
katy0dv,0,0.0,0.0,0.0,0.0,0.0,0.0,0.0,0.0,neutrale
kattbeb,1,0.4657362824580837,0.3101437828936042,0.3021414918267215,0.3350717310345255,0.2661311439651939,0.5042091407959646,0.4930170192670928,0.8325320633079365,aspettativa
katsqr7,2,0.2947247706303142,1.1656931778773212,1.3559570061428488,1.7290772261675365,0.7874148241313763,0.38503301219532426,1.0244864853653892,0.7569216692531606,paura
katrvqp,4,1.2643453454392362,2.2628881007773463,1.894005465838004,2.065733182614762,1.1878577613887196,1.784262331964654,1.9185844208192466,1.8750458066270626,tristezza
katneqc,3,0.779636733274787,1.5184744008697082,1.525060492289529,1.7639574874126445,1.2617382376257633,1.012433699467584,1.5419547600841708,1.6204167434420023,paura
katltma,0,0.0,0.0,0.0,0.0,0.0,0.0,0.0,0.0,neutrale
katib5t,1,0.860282706210173,0.4074421094811896,0.2619920336425895,0.3497861543363249,0.1629096412262282,0.5854696334603099,0.4649786754194382,0.4869058936992484,gioia
kath6kb,0,0.0,0.0,0.0,0.0,0.0,0.0,0.0,0.0,neutrale
katgm9l,0,0.0,0.0,0.0,0.0,0.0,0.0,0.0,0.0,neutrale
katds3k,1,0.1571620176599971,0.058695278416303,0.1496313949629479,0.179881987663562,0.0950010894769104,0.1105214237101565,0.6657511195814241,0.1441407524358054,sorpresa
kas11k4,0,0.0,0.0,0.0,0.0,0.0,0.0,0.0,0.0,neutrale
kar24lu,2,1.5439852437772448,0.335851322275013,0.34923685839335983,0.5042236080533383,0.2181505296064336,1.3128889928361338,1.1779759215560808,1.5723603446440484,aspettativa
kaqhdiv,1,0.9147492437815236,0.0889704165861459,0.0744285244857052,0.1306401754708324,0.0582866213175902,0.6377377277856853,0.4469677264212816,0.559171959712132,gioia
kaq8gny,5,2.0614663296813056,1.711434402333531,1.597913457260081,1.7480722810716844,1.1171215039471676,2.14569275413837,3.1035652000988865,3.205946963883351,aspettativa
kapsoo9,1,0.5341713379367017,0.2703647127433806,0.5075109709130472,0.2257790640936701,0.4614354236840332,0.7417844543593206,0.3459815176580912,0.5184686478187579,fiducia
kapr1rd,5,3.308610562574864,1.7747876604717878,1.810341112055839,1.920509790460018,1.1150567347257447,2.726061010000785,2.888771915304178,3.292831295120512,gioia
kapggr5,2,1.1731162860017248,0.2722475371051219,0.3074042811605435,0.40006720658911665,0.19745417720190978,1.162252312918734,1.2440593441607362,1.6549632173815092,aspettativa
kapadx9,7,4.13090974592534,1.5044759833187722,1.4597959630807003,2.131426361220187,1.1810157959001037,4.234227330543472,3.864303643750082,5.170335108867301,aspettativa
kap4fmq,5,1.1647976774788709,2.7686256975906427,3.1478954526723517,3.0237351906697,2.8708077127149814,1.2578816011018628,2.910245185835465,1.8928858471149734,rabbia
kap3xnc,2,1.1731162860017248,0.2722475371051219,0.3074042811605435,0.40006720658911665,0.19745417720190978,1.162252312918734,1.2440593441607362,1.6549632173815092,aspettativa
kaoxyig,4,2.067734259075464,1.2642613427340241,1.1981306921922712,1.4613879765829605,0.9563024815717616,2.356259962779469,1.788065863858684,2.5489066275972916,aspettativa
kaowkah,0,0.0,0.0,0.0,0.0,0.0,0.0,0.0,0.0,neutrale
kaov7zs,3,2.1211027600821724,0.687754057829558,0.8645999420915021,0.8822181329635449,0.7795626824218396,2.0198726741301885,1.9273352596606377,1.7132576413825942,gioia
kaou3s9,4,2.4163563813205635,0.6399139890662031,0.8391638326725659,1.0156811195761928,0.4900289604890047,2.5282235436220843,2.2095475372046076,2.376519004175986,fiducia
kaophea,1,0.4621623316049066,0.293950597454289,0.2903202565537185,0.4644136401075208,0.2087952461534137,0.7195577264789272,0.6063626621243534,0.917075005877694,aspettativa
kaom6aq,16,6.795430733318943,6.804436604854698,5.297109990320966,7.257078145297607,4.368774531796744,8.717848230158399,8.417731626507164,9.811783349514782,aspettativa
kaoilmw,1,0.1667186637240741,0.7822941475298382,0.3516777956462371,0.628012850842195,0.3583003235522406,0.2721941121019405,0.4879077269856966,0.3448406342083718,tristezza
kaobb1f,2,0.2915335181347057,0.4056984458539428,0.3477402765480166,0.2751724830142992,0.874535050074128,0.8724131944613867,0.3979694779619155,0.607857379031288,disgusto
kalbs6f,1,0.2063710584502676,0.5056170176497515,0.6391581998970837,0.9335403272088982,0.5761584356984217,0.2489068422966539,0.77896612682492,0.4389240156945528,paura
kal53wj,3,2.0252653434584316,0.8045297691223479,1.1197180446261399,1.054289045175922,0.8599623824913216,1.2740124706934717,1.4710043594478428,1.3285038350958864,gioia
kaka12d,5,2.9553565085856244,1.4953440574113672,1.943465615031243,1.7230924654365938,1.459798368894274,2.4651976156269857,2.4225613407064985,2.8708457931395412,gioia
kak6gd9,3,1.3824652756104219,1.1303900835487397,0.9433387914690576,0.9648810694093459,0.9967998727940023,1.302043621855194,1.2964977154624293,1.4967530591590246,aspettativa
kak5rj9,3,1.6656008168472458,0.6546379894635818,0.686847483486098,1.1852706812154157,0.4518700027835317,1.5738732594326084,1.9948523961901052,1.946359918786213,sorpresa
kak4w1u,15,7.486411133955439,6.05814758200011,5.630127270825005,6.6779437538345725,3.971088702746398,9.003533201651459,7.9435514544261405,9.265172260437256,aspettativa
kak3gsq,6,2.864392334840646,1.8119619093546437,1.8710421139814424,2.5374603231214032,1.4331000982659168,3.433377154001216,3.671993313310348,3.75668025052975,aspettativa
kak1c8a,7,5.093114972166045,1.6607893836897223,1.6654780304802863,1.5471921217170048,1.172736954326996,3.741585688320745,3.2003564356351326,4.0618717160454985,gioia
kajrdc5,1,0.7338401572756394,0.5161027979469363,0.5442078373560912,0.4883623592683438,0.3019337033525822,0.3938105975653005,0.5018958024962649,0.476474268988414,gioia
kahxx87,9,4.409956159280642,3.4434489627913845,2.7945656253793087,3.545112661155019,2.1026594605883266,5.78905112813965,4.4606032686907415,6.309818127848138,aspettativa
kahrj9t,12,7.375766600350701,3.949100596214423,2.9052419662640405,4.7416389508455,2.545557010017203,6.735822613649348,5.884620408686052,6.884606187233883,gioia
kah819m,20,8.51408750499904,7.96027547812809,6.969599807103628,6.875278955723892,6.262319122455518,8.826128083937101,9.194471034183678,10.978309174521774,aspettativa
kafl387,0,0.0,0.0,0.0,0.0,0.0,0.0,0.0,0.0,neutrale
kafffd7,11,5.321716935887714,3.6616859203817858,3.417955464957243,3.5979042492351963,2.626232218181972,5.869572081750269,5.684229769710363,6.820871676994768,aspettativa
kaeritk,0,0.0,0.0,0.0,0.0,0.0,0.0,0.0,0.0,neutrale
kad46il,7,3.773754884061364,2.0793258520244753,1.8278071688912843,2.2926067473006793,1.5014848567712784,4.436028679621227,4.085247169523281,4.385425851397937,fiducia
kacf6ua,25,12.51425907388676,9.82438331421012,9.246986921520373,10.060317828008117,6.647334622848819,14.852444447491717,12.74719758858622,15.402068927224938,aspettativa
kacf5jg,4,1.3246310176782259,1.7993262783101454,1.4431738621030008,2.0370967559816666,1.6647991150447736,2.2552720778940714,2.0803549073773935,2.3771621470293987,aspettativa
kac0g4s,4,0.59501492432754,2.803479334925168,2.830152630265296,2.677433307317611,2.5668583112772465,0.8646617734483106,1.6923890695499926,1.1003315580453754,rabbia
kabmojn,0,0.0,0.0,0.0,0.0,0.0,0.0,0.0,0.0,neutrale
kab7ixb,2,1.0342652862393562,0.5582204688103029,0.5168957839376932,0.6648403920347403,0.4264265481145135,0.8503811377558768,0.923639522502328,1.375851310647621,aspettativa
kab6l5o,1,0.4686333021775902,0.3848809588156515,0.3331448458229184,0.2818722647997595,0.4417862480413057,0.5561799580469193,0.6260282735054503,0.8445388294222845,aspettativa
kaazu4h,2,1.654656271990067,0.4542967499776955,0.5236295922710807,0.5853551842992732,0.3292378778983391,1.3452072135111535,1.2967034502962798,1.659538714550374,aspettativa
kaakuy3,1,0.1920336283859549,0.6097137189370128,0.6404944520115465,0.9217932196333,0.5258612725745595,0.2646896008579992,0.7145981429734809,0.2900887192674289,paura
kaahcak,9,4.266829759639481,3.81490131773738,2.5808874795468517,3.376728645576023,2.517284728715303,5.170624862796592,4.034462757007114,5.156344942461699,fiducia
kaagmxk,1,0.5596410016805611,0.2162827157675285,0.1271415737194536,0.2156116007865754,0.0949670739351028,0.7838226864357017,0.4280666071672056,0.8959859174490372,aspettativa
kaa05wd,10,4.570433553587216,3.993082680445144,3.7149863436367294,5.0474282776333,2.922266610685372,5.064897647301196,5.024593483902534,6.547561407887662,aspettativa
ka9uk5u,3,1.5318254450070479,1.294553724993159,1.5818795013386997,2.0007819934842774,1.2546717041579971,1.2048352560611832,1.636155655963318,1.2407358169797464,paura
ka9re5h,4,2.1225419219994475,1.2523002017924496,1.1577916769732106,1.7690971694813624,0.8634593552415805,2.401263103262713,2.292337452649502,2.308056789852162,fiducia
ka8ksrb,9,4.4791446805255966,2.777451254073834,2.634205138898859,2.9891687823637367,2.0116054310296207,5.986485112312044,4.522864596641611,5.832453061955805,fiducia
ka8hqsm,2,1.6331548496725632,0.3233684696142438,0.2945750953343099,0.5941484306928477,0.22291605938709552,1.2243060067991227,1.2174340651780287,1.1361235154883151,gioia
ka7we2t,10,4.89088711387898,3.6510062050252743,3.912193827269681,4.1163343313793,2.780912981212642,5.616967272500995,4.607255544136835,5.509302093982488,fiducia
ka7w3bd,13,5.614033951534124,5.208918463810373,6.039221794254217,5.153055160929352,4.763394939210227,5.815433261897814,6.222233511951054,6.577889270885544,aspettativa
ka7q8y2,10,4.363746573350031,4.031859336686474,3.90508303298971,4.11640577845471,2.9327621267009203,5.482066251529514,5.16002885036385,6.176413510418391,aspettativa
ka78a3q,9,3.8072711243454043,4.4002598821143275,4.06751118508822,3.763128975830432,2.825729298789632,4.706520912244086,4.364124639114361,5.596470245262859,aspettativa
ka72n7c,2,1.0503827261823122,0.2376727941045212,0.2510666480488108,0.3184583744733857,0.191955418713383,1.5160882207974242,0.8907405020312027,1.3339493151412807,fiducia
ka70jbf,7,3.805230724348697,1.8026655739412871,1.471265705117765,1.8897908158934202,1.1519813385382804,4.589757548005785,3.6352500790193734,4.364493976428383,fiducia
ka6xr4v,4,1.725237662799665,1.3686221621170456,0.862719775204036,1.2754917853603318,0.7274948415284394,2.165763208354519,1.809339065089461,2.876836491953818,aspettativa
ka6nh3m,2,1.56518885500248,0.4373636992188668,0.3882571688706279,0.537075770497793,0.3603245813128064,1.2124254215205899,1.0059837275453476,1.3955285863151397,gioia
ka6mgpy,0,0.0,0.0,0.0,0.0,0.0,0.0,0.0,0.0,neutrale
ka6mej7,9,2.3218595318636415,3.9961391996628484,4.322054108251962,4.47015552491726,2.2376835981043803,3.4560385885012876,3.3277157117234712,3.707899641717957,paura
ka6jv5t,3,1.14148340320016,1.7511336705386231,1.442843274378316,1.5079677157855416,0.7957947650227803,1.6745744739265815,1.4729173490685916,1.9407642563144136,aspettativa
j2d23tw,2,0.4914723593909894,1.3223492015035943,1.2086369627585913,0.943980117859177,0.9509455345927409,0.7535838897524498,0.9127143321565131,1.1254630922866922,tristezza
j2d0e5k,23,12.24224177627743,5.135832847070395,5.2611356707525285,6.544362310957482,4.147149117824603,13.83300293584499,12.363182532763952,17.16937405841222,aspettativa
j2b44ks,0,0.0,0.0,0.0,0.0,0.0,0.0,0.0,0.0,neutrale
j2aom5g,23,11.143192020665804,7.457262127103507,8.474037855473115,8.886839528609439,7.039130303053698,13.519384223808,12.527602328622052,15.021435999468343,aspettativa
j29zk3k,13,3.9535405571875883,4.094700774583617,4.7181023871358425,5.11254274557878,3.7053174020449045,5.18371325243579,7.37718202454991,6.81100383220489,sorpresa
j283mhu,3,1.9186593665058331,0.877701716603444,0.829838787637362,0.9357678609128486,0.6621920286072487,2.053151963371858,1.7496687895153074,1.967814304092299,fiducia
j23i33c,0,0.0,0.0,0.0,0.0,0.0,0.0,0.0,0.0,neutrale
j23gaco,2,0.9344602176967093,0.610942135372291,0.577429441018283,0.604020644466154,0.5233692774298532,1.2762019170665704,0.7582872316833726,1.4998255231560718,aspettativa
j216bye,2,0.3375762186296161,1.3456607530749567,1.218598990690162,1.5293907918306147,1.0070345680266053,0.4326297294087872,0.7779603899504168,0.5196575071514162,paura
j2153vx,5,2.31578582107339,1.841407223867677,1.94824527592466,2.7420010924977625,1.4335912875424444,2.5015182797990563,2.482503327431582,2.2564481652096484,paura
j20iviu,2,0.8226436994765159,0.5797071826334337,0.6086065988227645,0.5438876825159245,0.5205698825488679,1.4128974332586877,0.701985408135007,1.5796392660615675,aspettativa
j1zgxm3,1,0.6200124353872956,0.3083833125638145,0.2624386890046355,0.5049295227045617,0.1764944950737426,0.6791201792797343,0.5979534757504857,0.8448863739154473,aspettativa
j1yu2f9,1,0.9027563670049624,0.2390965515901427,0.3295668773727221,0.2791181896836944,0.1794878955697531,0.6855921714831468,0.55205945175794,0.5355239708532171,gioia
j1ytox1,0,0.0,0.0,0.0,0.0,0.0,0.0,0.0,0.0,neutrale
j1ys4kg,5,1.9620895150878435,1.6169500738743552,1.7581336246612786,1.2588607378571337,1.5800955202177267,1.8615452625839195,2.498769650580649,2.9038102401443373,aspettativa
j1yel06,3,1.0618435482028223,1.3734849282429993,1.1100699320459753,1.135791872150757,0.7960248553314024,1.7400633624936668,0.9819802141662255,1.789239466955106,aspettativa
j1y9wa9,6,4.169474504856733,0.9801249503628036,1.0243841770113102,1.529910697216315,0.8025806603605893,3.6513171503526807,4.0226145410131275,3.3074206997494615,gioia
j1xvssd,17,10.488743739003006,5.294250856622672,4.540862515254463,5.132319105773856,3.2594438169517312,10.453661495525608,8.85727344667935,11.450290007183302,aspettativa
j1wj6jq,1,0.4145429540401188,0.1026321639414482,0.0690348191531773,0.1185745251802536,0.0473667782298432,0.886575813467446,0.2618046236583223,0.6110318378240498,fiducia
j1v5rep,1,0.6885625221792174,0.1841815334504123,0.2364845637194965,0.216195226721629,0.1063526152171776,0.929092663826466,0.4736681995816192,0.8039495924532898,fiducia
j1ulsjj,3,2.2564748839429987,0.6693845538789278,0.5242791628970588,0.7646654163481236,0.3442984974511334,2.03045407909496,1.7012623745594644,2.0143358817286927,gioia
j1u1z12,4,1.0611393893697618,2.1130749242875075,1.8025583542643595,2.077630187879748,1.3282636807744639,2.0785830327902,1.8204988283026844,2.240485843554687,aspettativa
j1tn8pf,0,0.0,0.0,0.0,0.0,0.0,0.0,0.0,0.0,neutrale
j1tiwsh,0,0.0,0.0,0.0,0.0,0.0,0.0,0.0,0.0,neutrale
j1rol8n,1,0.4832615756621514,0.2251966486043851,0.2175790997916763,0.3713661140290751,0.1399835925489665,0.5629660106648239,0.5677160591663301,0.942994107094143,aspettativa
j1r9010,1,0.6165598904825834,0.2973389558334762,0.1555784840041664,0.217483968253881,0.1210363992443131,0.5691938164227527,0.5228951802967136,0.8018963611771631,aspettativa
j1pl1qb,2,1.433220361209683,0.4361431545701207,0.3863121350695795,0.5629697397575242,0.23735412781530088,1.4036636643191853,1.111368326882399,1.3727795317554015,gioia
j1nun1z,0,0.0,0.0,0.0,0.0,0.0,0.0,0.0,0.0,neutrale
j1nen94,8,3.147281136639678,3.71961857097299,2.79264142553115,3.4698714983314902,2.2966426919627794,4.335687214933143,3.7686478788858935,5.3712567860407265,aspettativa
j1napve,4,1.3998440487160813,2.085188446765863,1.2571332935910822,1.9917152745578686,0.9894061694677205,2.1108439039982283,1.7799653655086738,2.392571644061762,aspettativa
j1n8yp3,2,0.701363547048349,0.8043881076495304,0.43527862524107297,0.7034903097786607,0.3106137263827392,1.4464730538637074,0.8864650803224579,1.4226170414207184,fiducia
j1lkcfq,6,2.299574047337487,1.1619450527675472,0.9099330306072624,1.1655143110137272,0.7405351522877197,4.202106342318739,2.102549253012391,3.7791371638087385,fiducia
j1jt7ju,0,0.0,0.0,0.0,0.0,0.0,0.0,0.0,0.0,neutrale
j1ig3u4,7,3.9313737842864653,2.251513832860301,2.283133190597118,2.997936082821407,1.721260845897835,3.9592299032080853,3.416344625506783,3.991399715840435,aspettativa
j1i4451,3,1.694457945161834,0.8107536112038194,0.8236766504392725,0.967129109872084,0.5918771133877492,1.9511674551746192,1.7320544787233056,2.626472134436191,aspettativa
j1i3po8,17,8.312591401390266,5.687684298722989,5.8693475186214386,6.6120485911749025,4.559898798924695,10.5041155347019,8.527579291359348,9.846093807151302,fiducia
j1i37wy,0,0.0,0.0,0.0,0.0,0.0,0.0,0.0,0.0,neutrale
j1hr9t6,15,9.135825512733224,5.434569244659355,5.1545536657797815,5.782689502450032,4.6102084845628175,8.318249441083806,7.176175850607491,8.69093564497283,gioia
j1hpmlw,5,3.530795008516278,1.7468839219992018,1.181773083555171,1.5928905113684049,1.2220414403869797,2.6990400641010988,2.361061227501851,2.9263343215484485,gioia
j1ho4wl,5,3.543206116676499,0.9471437812064347,1.096218183767774,1.3264979990443142,0.8506673285766979,2.46863962724357,3.1784979761701657,2.6730565471105434,gioia
j1hknzf,11,5.2174504642154735,4.23102983717939,3.3848469163665458,4.893924084996621,2.5698526265087835,6.601987254590718,4.993730068790875,6.748305678764157,aspettativa
j1hdt3u,9,2.9715411726296534,4.455738731370256,4.467859398141921,6.198879368697119,3.4254389440613595,3.3916951244585087,5.256946180200652,3.773777479664457,paura
j1g8ri1,11,4.743028816389888,3.487881304310679,3.540371828993958,4.74531375769762,2.627231033615956,6.926080551716365,5.991630222008552,8.752582951403749,aspettativa
j1fqh90,4,2.049299988903793,1.3322495610814191,0.9976973901500219,1.4454844624526377,0.6576305742445027,2.0762726430224983,2.6764413231851263,2.8540020262688133,aspettativa
j1f5ey0,0,0.0,0.0,0.0,0.0,0.0,0.0,0.0,0.0,neutrale
j1du4xe,17,8.34978049221363,6.018712895012042,5.142044540140343,6.889491501142769,3.576127523872347,10.41710944146804,9.14368911132636,11.236078859160294,aspettativa
j1d5ih1,9,5.5366682256643305,2.460389855890541,2.1006805311006542,3.0774888875003175,1.6926681420644987,5.8653865404819605,4.947149653717765,6.386321490203892,aspettativa
j1bi7g3,0,0.0,0.0,0.0,0.0,0.0,0.0,0.0,0.0,neutrale
j18caz3,5,2.906238160391129,1.781455787320479,1.2837230350053923,2.2450731606275807,1.0351226556586313,2.8653895708525647,2.967974961533579,3.910402154139976,aspettativa
j18c4d2,33,15.972597569909778,11.270103135160708,11.045052638562396,12.062924418974115,9.471928664664954,16.870570950852347,17.856616930281007,20.56505655422251,aspettativa
j181tp0,50,24.1429145614686,14.72110994649271,13.61236626884311,17.677521432396986,10.217155423644027,26.910735755869354,25.40127064692915,32.38272988775357,aspettativa
j161mk4,4,2.6259490591160386,1.2375552358136486,0.8484093226963328,1.2012930733538318,0.6225780855509986,2.689265265577252,1.6076191470573127,2.3305496261742213,fiducia
j13i02f,0,0.0,0.0,0.0,0.0,0.0,0.0,0.0,0.0,neutrale
j0ymklq,0,0.0,0.0,0.0,0.0,0.0,0.0,0.0,0.0,neutrale
j0vx02d,27,12.773181504101913,8.682033168434634,6.936440503272911,7.577341267159818,5.4647557968167195,15.89417982618861,12.872904088697581,18.964181220811255,aspettativa
j0vgbbu,2,1.042250126637751,0.722951406151944,0.688702403273627,0.9025065386815425,0.6628224908612952,0.81118988021907,1.3436129615444923,1.202502319029792,sorpresa
j0tpt7s,0,0.0,0.0,0.0,0.0,0.0,0.0,0.0,0.0,neutrale
j0rtt8r,12,5.796090249717329,2.331206916952019,2.847286951905346,3.2309201464636663,2.6195122935107285,6.624589655808678,5.44702658818907,8.265650539323001,aspettativa
j0p4n99,0,0.0,0.0,0.0,0.0,0.0,0.0,0.0,0.0,neutrale
j0miof7,7,1.8131206571227179,3.1994654712650203,3.123856040839685,3.06544210014626,2.5550725359410325,2.475062081893267,2.6313973515399485,2.873443491692812,tristezza
j0ljrvz,7,3.525374064095457,1.4334703197089302,1.4889203825435091,1.7058896554533476,1.6016486823481286,4.977185536178534,3.354462712862484,4.274048786977847,fiducia
j0kjxhx,3,1.9961587299201977,0.3988711777092814,0.47764575701642564,0.6077963664618006,0.2986113176852091,1.9996094326623992,2.007851361440354,2.412945813919428,aspettativa
j0kinsa,1,0.6733186796080092,0.2274831284542765,0.3066883868815913,0.2722517260686564,0.1917316032509173,0.8426673688632257,0.5571359042479717,0.5983497658283852,fiducia
j0ke4ri,5,1.7547281176852658,1.9578821343067347,1.9717089808769077,1.9163180293822362,1.6240778656038337,2.547972699325633,2.068038369115972,2.9438039230542525,aspettativa
j0ke2dh,1,0.5184300922006664,0.4609252173672084,0.3070080876171938,0.6321987682054259,0.2347764370295683,0.70789143390153,0.4760294491679715,0.8869453040634547,aspettativa
j0i04ft,4,1.971609295939102,1.5206828787149202,1.1835422206821709,1.221037352712289,0.6815974052854669,2.644100171775981,2.106568379895531,2.2565049755701176,fiducia
j0fxzz6,1,0.5873460689147373,0.3911716905006409,0.2553454569328101,0.4430448342309089,0.1746916672154643,0.8658214417322423,0.6254694841083244,0.7188067870004542,fiducia
j0ftcvo,1,0.5873460689147373,0.3911716905006409,0.2553454569328101,0.4430448342309089,0.1746916672154643,0.8658214417322423,0.6254694841083244,0.7188067870004542,fiducia
j0fry9a,8,4.2497718527563935,2.4791923295604272,2.394126027378722,2.4854185262690303,1.6029193604200065,3.972197933186886,3.828549868725869,4.618310774320753,aspettativa
j0fnzqf,2,0.7655115136988868,0.5341603771369412,0.6029837400967794,0.8537285202388486,0.4294781324634326,1.230130242560801,1.1290312376295482,1.8099695859583524,aspettativa
j0bpt34,15,6.117963537330543,5.124454005452548,4.059990425710851,4.715774845877801,2.4071915336380076,8.399581170150372,5.737140769425435,9.111734465883996,aspettativa
j0awzz4,7,3.588818517878131,3.199687889386337,2.45720133814347,2.7537425278917733,1.912503979040486,4.055041635617264,3.8896841676904246,4.944291038082478,aspettativa
j06lq6r,3,1.684259207241219,1.0114532350624643,1.0191639032198707,1.2047413488846874,0.8190789126383484,2.0235196941066853,2.012234634784003,2.256804363936405,aspettativa
j05zgtj,2,0.7544297513592557,0.40826739712695637,0.39964319583670294,0.6680020700586539,0.3559693201924322,0.7849765817524622,1.3823125387600925,1.5760360177257997,aspettativa
j01m85s,1,0.6978362905553724,0.1175766188378882,0.1202172460993505,0.1835476969693465,0.0835551021501531,0.8181908152201642,0.5992719039030656,0.6510421155094719,fiducia
j01h84c,11,4.648322537516169,5.088116323548016,4.43962832739466,5.322628385209122,3.1871513450953737,5.480935660589811,5.425077510645279,6.2474007536376,aspettativa
izx5iug,3,1.281055775804635,1.534651535635325,1.8882422092507793,1.4895904363061274,1.1945738160673853,0.7938639782062812,1.575821970672311,0.813587961970494,rabbia
izwsogc,8,5.1715699611444705,1.2604659587144411,1.2348912746340455,1.6996655046677744,1.403931852044121,4.686322076839689,4.008401988849507,4.9833229371784675,gioia
izwe4zp,3,2.164091966139962,0.6246207914973205,0.4820961571216592,0.8290548920798656,0.4413928850393458,2.070109485301885,1.595375730377286,2.2134509408397234,aspettativa
izsix4v,10,5.273866359179617,3.0435234099144144,3.3587923503495136,4.504101147950766,2.3730395126856205,7.181360308854845,5.765879812584121,8.28637076942453,aspettativa
izrnhcq,0,0.0,0.0,0.0,0.0,0.0,0.0,0.0,0.0,neutrale
izrncn5,1,0.621755534984002,0.123635144307881,0.120643759201266,0.1834830052531054,0.0831273184175355,0.8380183062300078,0.5652119763026183,0.704806446453414,fiducia
izps8jv,17,8.258227032877354,7.490858422683831,6.275276823579584,6.424683214633215,5.373626930822553,7.092578446685827,8.93900699760186,8.789211617139784,sorpresa
iznusqk,4,2.4784663700981153,0.8518958222668491,0.9841133944423641,1.0993182629699576,0.5482037201928845,2.6285121763309176,2.1934460359190213,2.286020501005142,fiducia
iznp0pr,1,0.4946317392502367,0.0996644003095373,0.07343642210908,0.124542859022236,0.0503242808758188,0.988730461052385,0.3176311257506792,0.5971287948958927,fiducia
iznc5nw,10,4.928677120606672,2.2778599062906077,2.1564023929518044,2.9268349065698165,1.677174264689043,6.136667287809845,5.4944990124149085,6.236079701718209,aspettativa
izm2blk,0,0.0,0.0,0.0,0.0,0.0,0.0,0.0,0.0,neutrale
izkn5g7,5,2.951535402473281,1.2801553733386235,1.1181188256886996,1.3556113546150264,1.1134603881777714,3.344316834525803,2.4024543453432416,3.170697382448305,fiducia
izjh92g,2,0.7579044347916275,0.5933737330545498,0.7426269438100105,1.0755154229624322,0.5794288042593747,1.0379913525018214,1.0667396831639886,1.088520051733994,aspettativa
izj0unb,0,0.0,0.0,0.0,0.0,0.0,0.0,0.0,0.0,neutrale
izin3aj,3,1.2832055156880224,1.1747098680380887,0.9907924797042309,1.0161077131035439,0.5386770396857343,1.8506760637675561,0.9658625456539396,1.87428765647905,aspettativa
izii45h,0,0.0,0.0,0.0,0.0,0.0,0.0,0.0,0.0,neutrale
izexuf1,0,0.0,0.0,0.0,0.0,0.0,0.0,0.0,0.0,neutrale
izdw2tr,4,2.5616967044834,1.0292592125119782,1.0943415802536731,1.475055719431823,0.7903937114871542,2.8406169827311656,2.336226200890483,3.2442879512026406,aspettativa
izbylor,7,3.7367216257987823,2.0689175693687165,2.2787352602722266,2.49011911578426,1.564692902264913,4.738987545163972,3.453304127299092,5.015976633362844,aspettativa
iz98kf7,13,6.948709474406561,4.558643434531145,4.102626485495948,4.552052795304106,3.2866172453407883,8.739522014025422,5.6814764869857886,7.083906010386448,fiducia
iz8zg4m,3,1.641297337382853,0.7068602427584717,0.7548655803442346,1.3167224673928393,0.558911467653861,1.8311725331228297,1.759413288894825,1.7679190489093268,fiducia
iz79txb,5,1.5794308185839825,2.8167323689787254,2.780618721382476,3.939269933628701,2.3530147520581544,1.6991672876714832,3.2550728443492725,1.5604126749311942,paura
iz5te6a,1,0.5118697691324416,0.2921065602015112,0.2966571231729916,0.5679452038902205,0.2412428473176956,0.7115309097124566,0.6629773800001928,0.942812629485754,aspettativa
iz5iq6s,4,3.200005483975262,0.491860693240084,0.4849839120181518,0.7080357211750312,0.6211258158544664,2.6784686535530655,2.008769634189552,2.6096622545288928,gioia
iz4cnrx,1,0.2516782509163228,0.0977807237878919,0.0664246385585228,0.1100665109028499,0.0434077125185913,0.7638248613689745,0.2181384334045474,0.5238757284485641,fiducia
iz4c68u,3,2.7162005152867157,0.6909792466754083,0.8683211776028836,0.8315769883858251,0.7531404155623143,1.7933599188539113,1.8041908759615721,1.7167786320043557,gioia
iz476jb,0,0.0,0.0,0.0,0.0,0.0,0.0,0.0,0.0,neutrale
iz43kc6,0,0.0,0.0,0.0,0.0,0.0,0.0,0.0,0.0,neutrale
iz3oe4j,5,3.2806952854505664,1.295914364505322,1.2977397872880232,1.7712788631891603,1.235369837071367,2.7996289626620734,2.9328713627675578,3.502884446559199,aspettativa
iz3nw7q,4,1.8736529383460616,1.1272201992722772,1.3397508879793052,1.3199191927525566,1.0242260588358223,1.8367630407987527,1.8413727421934687,2.4149258525181057,aspettativa
iz2ilkh,2,1.0588575302480514,0.6300117083511345,0.7703752411736109,0.907838355717308,0.5615116051947001,1.4354701225184652,1.2371815606510472,1.3201097760959872,fiducia
iz26lia,0,0.0,0.0,0.0,0.0,0.0,0.0,0.0,0.0,neutrale
iz224om,2,1.1290861636974354,0.8743299360344593,0.6253944607451982,0.8261049365027195,0.4275580777804487,1.0297242074346906,1.4544055694392086,1.2690779988303194,sorpresa
iz1itb9,5,3.7305429884838373,1.1114565537963663,0.9016624329843023,1.0497561509312454,0.7461534633836021,2.985769362898813,2.6890676507993967,3.4864876138759,gioia
iz1gx83,5,2.5270696659618404,1.1559242378191454,1.488928754839416,1.5686207617694257,1.677449924985868,2.498923988458604,2.4135352086800532,2.666924471674215,aspettativa
iz19c6c,2,1.7975037690927964,0.1316417048887353,0.1355586379422975,0.2035640330434551,0.2498023669004763,0.8358706099560029,0.76930919332005,0.6679816273533651,gioia
iz0tnir,19,9.551118998446455,8.19104670610802,8.484206239337587,7.505101495655239,5.051005731636096,9.463376473534652,9.166101178236184,10.195883811936975,aspettativa
iz0h9xx,1,0.3592050686740649,0.4222216429851669,0.3538720964441468,0.3942820234754829,0.2906981386381805,0.4523351744295503,0.8148011359063295,0.5786604808557476,sorpresa
iz0f0d2,4,2.6246664073582173,0.7395083493046704,0.5701194330606371,0.8535940908728052,0.4567809562543943,2.9273377659078696,2.1887433602422144,3.0048914082508125,aspettativa
iz07wg1,0,0.0,0.0,0.0,0.0,0.0,0.0,0.0,0.0,neutrale
iz04llz,2,1.7659817992341114,0.5541473446623912,0.35051386185332467,0.4172834173758268,0.26550295739232344,1.334342260065747,1.230342989414168,1.330162291898954,gioia
iyzewrt,2,0.9697632900947546,0.8018311061210998,0.8034202391666514,1.0451599509138065,0.6280193710994458,1.2188984561558092,0.8999702308563187,1.1636160413177397,fiducia
iywmfgz,3,1.662453182758612,0.8941137560406488,0.9529941834620093,1.1635873628135767,0.6104192909709331,1.6173360404646517,1.6930554908279976,2.1150444353395272,aspettativa
iyw7rve,6,2.8805932290733938,1.8964383230649893,1.5358247634338296,2.033517980477318,1.2840493667428106,4.391192555893736,2.909528601481957,4.16542666566078,fiducia
iyswqg8,0,0.0,0.0,0.0,0.0,0.0,0.0,0.0,0.0,neutrale
iysbl2d,7,2.8769364482097837,3.635648958013134,4.145531537765649,3.780313095497623,3.196159991363026,2.798548653182916,3.202445250038426,3.880651333366785,rabbia
iyrkgx1,2,0.5988530001745798,1.4454591952521778,1.4570280276417638,1.004401903436498,0.9434859183552068,0.6528876270317484,0.6553283134270249,0.653305442183069,rabbia
iyramrc,2,1.2515085082088548,0.3245269351993273,0.3649018230411103,0.4510522525236498,0.2561787869900125,1.4890473124589563,1.274367353004211,1.5018165106687555,aspettativa
iyqgy18,0,0.0,0.0,0.0,0.0,0.0,0.0,0.0,0.0,neutrale
iyog6tt,2,0.6724689488632513,0.6946003772717505,0.4345118047087968,0.6665719972729429,0.2996654216884981,1.3641215724507325,1.0376315931406208,1.4077389714588873,aspettativa
iymuuk0,0,0.0,0.0,0.0,0.0,0.0,0.0,0.0,0.0,neutrale
iymf3ol,11,4.971466956793854,3.54530481949654,4.08774926807853,4.905231934710073,2.911835330281812,5.773943536586282,5.794456800293689,6.604871812232709,aspettativa
iyludu6,10,5.086064943180609,2.021813741791331,2.349877371898798,2.508608657869866,1.7751744020927684,5.556790324866492,5.953723512568758,7.129534419279428,aspettativa
iylp6it,1,0.2550411164983713,0.1654522566255721,0.1358206909623527,0.2889849919366568,0.0987949226293862,0.5979127517252454,0.3196390618800048,0.7889876877786165,aspettativa
iyjzx7t,15,8.54479524304633,6.621496237985206,4.983965875471481,5.442389099146091,4.143021689491063,8.060147356035698,6.8867967741416525,8.478060660281129,gioia
iyjj9kc,0,0.0,0.0,0.0,0.0,0.0,0.0,0.0,0.0,neutrale
iyibni0,2,0.9682548322341369,0.7582232743003176,0.7656298448312404,1.0799271679353257,0.6448842210094927,0.6538099644838613,1.3499726735122142,0.8277139223352104,sorpresa
iyhtc6e,0,0.0,0.0,0.0,0.0,0.0,0.0,0.0,0.0,neutrale
iyhpznu,0,0.0,0.0,0.0,0.0,0.0,0.0,0.0,0.0,neutrale
iyhcc0g,2,1.1208108549496094,0.5208770636992692,0.543569513888544,0.9027353330576384,0.41235661991219147,1.213096130747699,1.405770145812585,1.7681125812871996,aspettativa
iygvyn9,0,0.0,0.0,0.0,0.0,0.0,0.0,0.0,0.0,neutrale
iyf6dzg,8,4.761682664506709,1.6837538176356128,1.639444446207278,2.522255146748786,1.3734720632515816,5.097839057305244,4.483981893341534,5.639176987132544,aspettativa
iyex6nw,0,0.0,0.0,0.0,0.0,0.0,0.0,0.0,0.0,neutrale
iye51gr,1,0.1165464240459141,0.5190386756268522,0.5903090285425735,0.410505761894903,0.7990236512283253,0.2261142899132672,0.3568348986245746,0.1603304041166537,disgusto
iycxitw,11,4.869768125756161,2.875889230537561,2.518235895892574,3.1007042881986595,1.646812207520814,7.140933070266855,4.600959491582337,6.505964056024664,fiducia
iycwplh,2,1.1856210393529016,0.286929059998786,0.3399972990395989,0.3745755661962915,0.1753657296833383,1.806651647957918,0.9636331794749695,1.3114545647063123,fiducia
iyctica,2,1.3309510715141677,0.35572143850689786,0.5123932305994124,0.4532218376036452,0.2736575194390911,1.0516041908404463,1.1208572772754073,1.2445918067363182,gioia
iycmlqp,1,0.7006099581512399,0.1519201192399583,0.1388000596567341,0.2026390936281347,0.096599582370178,0.8618492642250408,0.7059651306113702,0.6683789841259301,fiducia
iyciqz2,3,1.1719506995736864,1.8433781974816217,1.617923994805348,1.541606754355891,0.9800476225974837,0.9956000107209397,1.5682109890395757,1.2286283613720894,tristezza
iych8rr,0,0.0,0.0,0.0,0.0,0.0,0.0,0.0,0.0,neutrale
iyapkjh,3,1.2751302650253662,1.512201332335093,1.3733614705786317,1.7226839506129958,1.1059105512189287,1.1462268722548687,1.485625133184861,1.1098931903026754,paura
iya19b1,6,2.976435384341679,0.7420648349555159,0.7534378468814499,1.1847029659070252,0.5163189857629736,4.27053620528247,3.2346377460434863,4.0574666664186925,fiducia
iy7qan3,0,0.0,0.0,0.0,0.0,0.0,0.0,0.0,0.0,neutrale
iy7oz2j,0,0.0,0.0,0.0,0.0,0.0,0.0,0.0,0.0,neutrale
iy7mj2y,6,2.6534573365033998,2.606752858092643,1.9063721071561355,2.29990043309549,1.2797496145955072,3.274453901739739,2.956895276859216,3.5402593296893228,aspettativa
iy7mdbb,1,0.8232545227333158,0.2332413993088072,0.1379670278274793,0.2016956765905994,0.1069443696358325,0.6267904147757746,0.5898940476770654,0.6415563499732913,gioia
iy7liay,6,2.748904002360617,1.7977271696408959,2.0392062258558954,1.5496229074740537,1.4503029522393276,3.4799585698102886,2.851824226865353,3.7683538831514998,aspettativa
iy7h6j9,3,1.1175896309685767,1.3724940138677948,1.004079618551723,0.9627835711380903,0.7803480972600966,1.2356905526723234,1.0304203515783312,1.744900734172405,aspettativa
iy7d3fx,0,0.0,0.0,0.0,0.0,0.0,0.0,0.0,0.0,neutrale
iy6d4c7,7,2.7142198907725126,3.5971984865855404,2.8465908108715223,2.6412082524272584,2.1740862163216437,2.9881270875541306,3.326603110724717,3.8511680619620416,aspettativa
iy4c6lh,9,5.913398703028447,1.9463165853708957,2.0650822159829207,2.4978731484478613,1.5727883877056514,5.74772216908189,4.4958326116930625,5.1712769234628135,gioia
iy425br,4,1.8844461974512998,1.9800069972403331,1.4426770986678388,1.2853331609217593,1.1513724232216118,1.8368319483813682,1.585996048093519,1.4443758004541407,tristezza
iy3cm4g,2,1.0152881511192706,0.8429551182458199,0.7784614798390258,1.1234888962238994,0.632805642210392,0.8914800156337738,1.3044921906505462,0.9316450692407201,sorpresa
iy0myh8,5,1.9857289570189858,1.8710128290737966,1.3375356898288364,1.7076818040123989,1.2021978416867731,2.884371205656067,1.9123339094393104,3.075227066808913,aspettativa
ixz5pe7,1,0.4145429540401188,0.1026321639414482,0.0690348191531773,0.1185745251802536,0.0473667782298432,0.886575813467446,0.2618046236583223,0.6110318378240498,fiducia
ixynj62,3,1.2891269117815716,1.790916045161338,1.3764344043430625,1.4949014048894447,0.9272632650238313,1.7483052175001061,1.6557223054413739,2.061925956789852,aspettativa
ixylp0n,19,8.70258885448322,6.742989701988045,6.412235568992717,7.528085767220523,4.745748542997265,10.957251161040652,11.95576687889209,13.46211483439831,aspettativa
ixwpxe1,6,3.0486397638440024,1.350586962880728,1.192917452238902,1.8214709299408454,0.8801191228637198,3.7663631107929803,3.0172116043538257,5.146697723745363,aspettativa
ixvexor,3,1.6125012163339196,0.6959766651471168,0.954910258646545,1.3821705486703686,0.7275904571352365,2.357995272938164,1.7154711819187773,1.8862273986273859,fiducia
ixqe3jq,1,0.3937429240396697,0.1360005163027311,0.1283780045867893,0.1855165549690097,0.087441992335093,0.640714935312105,0.4996272182065759,0.8209614479337393,aspettativa
ixnuu01,2,0.585632911803567,0.5432218473892352,0.4978197472372255,0.7429735994517659,0.5349298347693446,1.1455872452351117,0.9268389852459046,1.3411632916583602,aspettativa
ixnsnvk,2,0.8882444470090434,0.3562539645380706,0.6036456977993684,0.5376303568649039,0.3499606689787144,1.1061321769016095,1.4620817711738756,0.8680394424052005,sorpresa
ixmzq88,24,13.540461271187596,6.584196484551735,6.7114920981249035,7.559405705635965,5.348099352509102,15.761915839397433,11.535597404094924,16.90976272738424,aspettativa
ixlno1t,2,0.49254904532565436,0.9794874230336833,0.7699562759268326,0.7091762775936774,0.8270262783988422,0.4285655551747833,1.1274552166336107,0.8574690034645744,sorpresa
ixhiq45,15,7.462573465958441,5.450706586670182,4.246720286518867,5.66318702760068,3.14230069872012,9.003553815180888,7.359036943755323,9.756890601503258,aspettativa
ixh1lpi,2,1.280317799565036,0.5107613729746995,0.3899160630094925,0.6026738822912056,0.24943171655377427,1.5539337770539077,1.0346020493623902,1.5563706029906212,aspettativa
ixgofdv,20,10.793853197157455,8.10645116566249,6.866796447971561,8.82368620739826,4.770525421268464,10.21664916827728,8.881906492086658,10.823163705136071,aspettativa
ixeazqd,2,1.341750996135462,0.4836091932839788,0.4792968780288594,0.6317720230713795,0.2814001120990652,1.3250771751642358,1.357621574407491,1.7579473788569402,aspettativa
ixe9i4u,3,1.2022954115945337,1.4664157279429864,1.2109808021222015,1.2271775106594887,1.0195532766238522,1.4768747676300005,1.4840409199453146,2.005932347572856,aspettativa
ixe4hv6,5,2.3789303641894777,2.140374290281527,1.6876152354466643,1.902793071630625,1.5578089102435717,2.5011610089811778,2.6738661956573333,2.8434239506618773,aspettativa
ixd6hs4,1,0.3527512648032445,0.3734328231120841,0.4364830071727072,0.5118986483559904,0.3821043618151728,0.6265060456629957,0.6522324578167581,0.8197592602207657,aspettativa
ixd69in,3,1.4834523323661908,1.1371891675815224,0.5594789217291045,0.8828443344934274,0.4756462212255692,1.5736928854634493,1.1362111773645802,1.3067438226181098,fiducia
ixc5c1f,0,0.0,0.0,0.0,0.0,0.0,0.0,0.0,0.0,neutrale
ixa8lpk,1,0.1941990604687341,0.8610295929201435,0.6664939259044989,0.3948560673046029,0.29162563424512,0.2223797990281281,0.3139586048201158,0.1946838155767909,tristezza
ix8xkmp,5,1.6439699157728713,2.2337740186714785,1.8145073190424046,2.5774496842481027,1.5162980349987787,2.0427521648644946,2.3946776984385316,3.1152894617891858,aspettativa
ix8pe2a,12,7.367209602537239,3.5052917521485236,3.8854244374613818,3.96552420676591,2.5642899970498156,6.24830842768156,6.777478828799433,6.946495201652449,gioia
ix8np4a,4,2.677132863113091,0.8983836449173235,1.0151932485861939,1.1642424368106754,0.7885272714665001,2.891774878009982,2.19259102493032,2.5297407929380413,fiducia
ix7p2ho,17,5.956690420046722,6.119126834894883,6.790982909290513,7.619333747130384,5.673235603820274,8.67307103304078,7.413875053660773,10.760396528571512,aspettativa
ix5afcf,2,1.1996399859735358,0.4573159092369813,0.4486693553695247,0.6991681671103682,0.30561951888392813,1.5134243000382057,1.2349237064093255,1.8682134671522124,aspettativa
ix4s1x1,0,0.0,0.0,0.0,0.0,0.0,0.0,0.0,0.0,neutrale
ix376qk,4,1.5795888431367309,0.8984019464427541,0.876955601896872,1.168341763506743,0.6416207723296586,2.397136673329594,2.321847289935824,2.59784652197515,aspettativa
ix33jiy,23,11.534293112249395,6.154409516925422,6.893525304549839,7.644741773381209,5.176298909472799,13.957139006558243,12.570991166137214,16.028113461555176,aspettativa
ix31wju,1,0.024529188932441,0.1241289875873479,0.2168160486424208,0.1038755140029019,0.7295272618499528,0.022793846484417,0.1024871899018434,0.0321670040746571,disgusto
ix12hjl,3,0.752159386068987,1.4174748959293375,0.9550012860914433,1.2652543001418266,0.8975203775673593,1.310856636776188,1.2371894402936827,2.0033326777057883,aspettativa
iwz6fu1,4,2.0822600216837155,1.5924111510505758,1.8342319319592533,1.4438814170127672,1.1801908608581482,1.6622287574756505,2.600200276941969,2.0706017908308407,sorpresa
iwylaxg,6,2.254719706135365,2.728070945768867,3.308884787397952,3.0056073834255406,3.071293146980912,2.7332633956986583,3.197193894991521,3.6780667254184403,aspettativa
iwyec0t,1,0.2906517211144763,0.4269782087107139,0.3812459172835281,0.5739719350656862,0.4593844859970872,0.3486075605650856,0.4650504254047262,0.7394410520456595,aspettativa
iwyebub,1,0.2906517211144763,0.4269782087107139,0.3812459172835281,0.5739719350656862,0.4593844859970872,0.3486075605650856,0.4650504254047262,0.7394410520456595,aspettativa
iwxxmaz,2,0.772796497271697,0.9970663156343516,1.1069013760751,1.2779512971953966,1.3076954832431822,0.6027203208181882,1.244918256181711,0.7587623084422166,disgusto
iwvjz9k,0,0.0,0.0,0.0,0.0,0.0,0.0,0.0,0.0,neutrale
iwvexi5,0,0.0,0.0,0.0,0.0,0.0,0.0,0.0,0.0,neutrale
iwuv8li,0,0.0,0.0,0.0,0.0,0.0,0.0,0.0,0.0,neutrale
iwuepic,3,1.137301457422437,1.1199787034507294,1.1137445547915932,1.7668681637900294,0.9506334959232214,1.5281069094902766,1.7949988846554974,1.8120157336385159,aspettativa
iwr6yub,2,0.9673280824936268,0.2947976482079276,0.3192616688749659,0.43711757995720923,0.2348028750054981,0.9326801763881338,1.1461972730714995,1.2839670018406977,aspettativa
iwr6tzi,2,1.4933173887572146,0.7028149546725723,0.5221233436528397,0.6271320773312361,0.41470292813356857,1.4821350566968032,1.2125681245283504,1.2675409848586157,gioia
iwr669h,1,0.5532799863155073,0.3033417615682343,0.27981278567638,0.4045496165506292,0.2066900420701421,0.5975980030367116,0.4581071490197179,0.8930714750099762,aspettativa
iwnb0zc,1,0.7786709625423188,0.0901519779868421,0.0855162559482999,0.1433543972904923,0.0636960153500725,0.6593820523711454,0.4750664450437758,0.4689018366314683,gioia
iwn72hq,2,0.7795460790948356,0.5093417043326427,0.7115076280326809,0.4927376371364019,1.10808619441945,0.6571632994191007,0.765359263653759,1.0068736675466317,disgusto
iwlu6j5,0,0.0,0.0,0.0,0.0,0.0,0.0,0.0,0.0,neutrale
iwkxxqb,0,0.0,0.0,0.0,0.0,0.0,0.0,0.0,0.0,neutrale
iwkp36c,2,1.232477235752518,0.4510478145371014,0.3145188070104782,0.6419315538753846,0.2342883424242122,1.5729202838490124,1.058145632036815,1.9013525010086727,aspettativa
iwjaptm,4,1.171879518136259,1.366442343135712,0.8346705052658645,1.1213113279321159,0.6516407984772583,2.0396705966017734,1.3826347064787035,2.404986793461175,aspettativa
iwipa10,14,6.014247330890322,6.604721174476384,5.735106001711174,5.431045723379698,4.035588220928557,7.270332440229497,6.5955816386450214,7.43653958704924,aspettativa
iwi4go4,6,3.179199937263586,2.055801012507382,2.0007084044533023,2.7980789290049137,1.5647242879547087,3.8026779440973173,3.0043544438417156,2.924043478025354,fiducia
iwhx6r5,1,0.4548137103761409,0.0895557843768583,0.0577346375142558,0.105908419309399,0.0404018930472655,0.803087550746184,0.2474596314866819,0.4696711893769206,fiducia
iwggp23,0,0.0,0.0,0.0,0.0,0.0,0.0,0.0,0.0,neutrale
iwg8cx7,2,1.224685872643688,0.2527654924320824,0.2539608094473519,0.37718468077633993,0.176128665135512,1.4517119659916355,1.1797326225276956,1.5277492720452173,aspettativa
iwg5p76,2,1.0809445215077675,0.2736185330034313,0.30687900349436914,0.3976732355733573,0.1951839919689298,1.2215104985283007,1.2209469107754438,1.6750311316667463,aspettativa
iwdlkd3,0,0.0,0.0,0.0,0.0,0.0,0.0,0.0,0.0,neutrale
iwcj5nc,7,1.9212711623055847,3.5470445208922845,2.8742329866268577,2.825103216151497,1.9651966431568346,2.9170165373240686,2.8331618732818376,4.005465561157104,aspettativa
iwchbe8,0,0.0,0.0,0.0,0.0,0.0,0.0,0.0,0.0,neutrale
iwb2id5,1,0.4257796731808494,0.2650379551062392,0.3025546084325634,0.4692117446209436,0.2009161205775745,0.6393439035947169,0.4317258862649956,0.9264174941168496,aspettativa
iw7qeca,2,0.2796014166187649,1.3691998069223785,1.006940899269466,1.5252623523330562,0.8977816231542203,0.46042909050419567,0.9476164879063076,0.5811713265928007,paura
iw6yp2i,0,0.0,0.0,0.0,0.0,0.0,0.0,0.0,0.0,neutrale
ivxub6a,15,7.702374951538292,5.072560192898489,4.768294026032697,5.353961628506457,3.414145246070435,9.923023937818872,7.066016328694679,10.574634642360202,aspettativa
ivw9bpz,3,1.0653533834456637,1.41245233933848,1.5408065450746935,1.8665190433693057,1.0659762392836611,0.9844601918989226,1.205183150928836,1.0844157223159612,paura
ivvkg1v,11,6.449009718661047,3.989045779009174,4.178178850666381,3.387751024057634,3.0349863762874665,6.1937084258643536,4.71989311447298,6.32310856591878,gioia
ivv6a63,1,0.9689863414417316,0.0842515660568723,0.1556865176724158,0.1166303771610485,0.0654342944708867,0.5350753109970979,0.3917477467978921,0.3524797160818032,gioia
ivtpldj,13,8.03573391263648,3.9458016201398283,4.284885793242272,4.623276177341742,3.269316974879268,8.817341406382212,7.645393394207167,8.370842128718676,fiducia
ivsy8go,3,1.413216904111497,0.46572867666584983,0.3711146877348741,0.5396990053627586,0.2580350671803473,2.220749784115827,1.513471167359422,1.845000829198693,fiducia
ivst4uw,1,0.7280933814082221,0.3670057473535951,0.3790232606930441,0.381939202557701,0.1783686478209225,0.8857395768788288,0.5976796531286905,0.666023030044142,fiducia
ivsr527,1,0.1382961797031651,0.9266463184352632,0.6321694730470673,0.499961591176326,0.3003673943579096,0.309228662911978,0.3284825697164162,0.3158903043405455,tristezza
ivsqedn,0,0.0,0.0,0.0,0.0,0.0,0.0,0.0,0.0,neutrale
ivsk21q,1,0.4596072996556533,0.4096647878518582,0.2736648552528488,0.5177270209020352,0.2896815424978784,0.5653705844667956,0.5757243113314269,0.8026799656743524,aspettativa
ivopjcb,0,0.0,0.0,0.0,0.0,0.0,0.0,0.0,0.0,neutrale
ivo970l,0,0.0,0.0,0.0,0.0,0.0,0.0,0.0,0.0,neutrale
ivo2bf8,5,2.3899989414180123,1.498568885350927,1.0995679888992633,1.485898220091844,0.847134833897725,3.033519325068146,2.6736021420698735,3.6630798952369954,aspettativa
ivo1x1m,0,0.0,0.0,0.0,0.0,0.0,0.0,0.0,0.0,neutrale
ivnymef,1,0.3440178175355062,0.4881115833272103,0.4567886674077469,0.3390277727287029,0.2713550347991099,0.7000612817421509,0.4073285097087326,0.8611943784405924,aspettativa
ivnwrca,17,6.525076650016482,7.195574054041027,7.308083865587427,6.99730476418407,5.974532254579689,7.957762102455267,7.791790703113499,9.933016208054887,aspettativa
ivlttjp,4,1.4837571719914588,1.1964883861863131,1.4340548413458225,2.027086203724271,1.0418513121477402,2.23515385332386,1.8272040987352802,3.1461843117557255,aspettativa
ivkt4wf,0,0.0,0.0,0.0,0.0,0.0,0.0,0.0,0.0,neutrale
ivkmb0k,3,1.179107441909382,0.6895004387126045,0.7994999280081473,1.2139217992398328,0.581614785407859,1.7709284262683551,1.93435892100063,1.9832588778637539,aspettativa
ivkcq6f,0,0.0,0.0,0.0,0.0,0.0,0.0,0.0,0.0,neutrale
ivkaqdf,3,1.3731358582254847,0.9926173753538192,1.3544849328367665,0.8545505996190996,1.780034024171886,0.9126906197964089,1.5359091717295557,0.8876974683557717,disgusto
ivjbr46,0,0.0,0.0,0.0,0.0,0.0,0.0,0.0,0.0,neutrale
ivj36re,2,1.4889740367356388,0.6371985365766204,0.6404785840389757,0.6445905223865321,0.3728031543335254,1.1326047816669096,0.9528785665019215,1.359421175857165,gioia
ivea6n9,1,0.8931043498254362,0.1104057303514343,0.1123813356232899,0.172673910932826,0.0825658003200558,0.5589621286045643,0.6264640164262246,0.758596627435095,gioia
ivcjjct,10,4.449774246102294,4.727211843638508,4.2577791217916845,4.794638619020245,3.248582977365156,6.215156225294966,5.436747505051977,6.649277137478275,aspettativa
ivc7gpb,3,1.0993999271753192,0.6566128165692084,0.8148372113879202,0.9018873135022766,0.6648402977226027,1.8043003797668244,1.4689555682669206,2.36463809214331,aspettativa
ivbftf9,0,0.0,0.0,0.0,0.0,0.0,0.0,0.0,0.0,neutrale
ivbd1nv,18,6.526281558029704,8.654558419817544,8.9777531640098,9.002734748328416,6.025855952474885,7.772726350737111,9.25759578325498,9.318729940514876,aspettativa
ivaovad,2,0.766330860447327,0.783856028029551,1.0009035784894855,0.8149563536775408,0.8083697087295274,1.0093819984575612,0.9716486429616863,1.326229749402491,aspettativa
iva8zjf,4,1.9090345128216546,1.1556485704541246,1.5047164552925711,1.3052655138870464,0.9731371813568596,2.807451635350155,1.8284831158996957,2.6073739532243505,fiducia
iva6s3t,5,2.7567056822049025,1.190518719305905,0.8481913180778788,1.1768066039108873,0.607899141507487,3.4800608835303444,2.2673950388467006,3.6484341596357543,aspettativa
iva3tic,5,2.279151473996033,1.0702695147037868,1.26441902513601,1.8429601907691575,1.1007802537301632,3.153665911927816,1.934358519530885,2.6483980632108426,fiducia
iv9vcpj,3,1.7614224389346926,1.2498702466025091,1.355950321566656,1.1945463459887735,0.8206959980849429,1.3826182476145172,1.3469294598882438,1.4256975904680314,gioia
iv9m1a4,6,2.783777266314181,1.7449826054107755,1.6825096163702888,1.956454522815021,1.1902439474471311,3.762420121082119,3.2388161591352964,4.396590576178531,aspettativa
iv9hry0,9,3.4976398377210822,2.9797656972868487,3.237071427409574,3.340946056670001,2.409828754203108,5.619309480300788,4.207270690429439,6.275383466009433,aspettativa
iv7n62n,1,0.485914688533627,0.1346295204044217,0.1289032822529637,0.1879105259847691,0.089712177568073,0.5814567497025384,0.5227396515918683,0.8008935336485021,aspettativa
iv7j0ci,2,1.5445489890434239,0.5316189871692425,0.4900259408990476,0.4918677410453086,0.39009965320720763,1.2611282778041566,1.0192330124248783,1.262525828767484,gioia
iv76y79,0,0.0,0.0,0.0,0.0,0.0,0.0,0.0,0.0,neutrale
iv6r12k,4,1.3555542056556886,1.229464000208056,1.1645071469454638,1.9140078454411102,0.8909695369446616,2.4877053220473786,1.7939579124405276,2.2345761270216737,fiducia
iv6ik3o,7,3.2131864546705597,3.726154874064812,3.371100040822947,3.420822291552966,2.6092485759924697,2.799134045388024,3.325397825105277,3.514056219542945,tristezza
iv6c40k,2,1.000218671046723,0.5635156095911409,0.5062673692374025,0.6471433364728343,0.4554088663553894,1.2748526376463958,1.3929237949117836,1.1719642787423716,sorpresa
iv61fzw,1,0.4247654310318199,0.127700013590942,0.1063844052947468,0.1590743315502159,0.0752597820472607,0.5383749313589318,0.4070158416247859,0.8480694191039687,aspettativa
iv5eqc9,1,0.0932601892556661,0.7181765114059501,0.8393687581072563,0.413170415140686,0.4959562267282539,0.1092576392273979,0.394388105720083,0.1365889453338794,rabbia
iv50kz5,4,1.9593020819446463,1.2819785099712044,1.0385232364050776,1.213758180252879,0.6299407981010052,2.5481154060200053,1.8209390316164678,2.4487326482630096,fiducia
iv4w6nh,4,1.6929326516647296,1.6494922218382575,1.4782667120382134,1.9596999543573193,1.2149381276109317,1.918889625915698,2.2239905380494154,1.8258474846454973,sorpresa
iv2q0oi,16,8.384459254714582,4.022006750235248,5.175627741456298,4.316012509008412,2.89607551665111,10.871599065638343,6.941045199251647,11.259998915707941,aspettativa
iv2nfs6,1,0.3774877581741606,0.5783567385932292,0.3179379747550994,0.4975703328868633,0.2241200729162407,0.5671418877807063,0.5758430332994423,0.8060167318461866,aspettativa
iv2l48f,4,2.283812124100717,1.3538855964643615,1.0489843770314429,1.3672479399887378,0.8069899575983095,2.830302679253739,2.349705335362539,2.7417036346917962,fiducia
iv29c83,0,0.0,0.0,0.0,0.0,0.0,0.0,0.0,0.0,neutrale
iv1wanj,4,1.7649832817630293,0.7559241760633644,0.746820081169788,1.2410553599510226,1.2209156313392098,1.595480068935062,1.2594315978432127,1.520236512054938,gioia
iv0bz2o,0,0.0,0.0,0.0,0.0,0.0,0.0,0.0,0.0,neutrale
iv075tc,7,2.1079739476215287,3.7418754448298244,4.309258837140836,3.546596398342491,2.5746874358648135,3.0548032725408376,2.8723663637647254,3.107115855747611,rabbia
iv0428g,0,0.0,0.0,0.0,0.0,0.0,0.0,0.0,0.0,neutrale
iuy5ecr,0,0.0,0.0,0.0,0.0,0.0,0.0,0.0,0.0,neutrale
iuwqysp,1,0.2175314161444312,0.5373239479081435,0.8501870051030052,0.3738953175650594,0.5844576890989263,0.4340848757900071,0.3668405047617205,0.5625244714358486,rabbia
iuwn29h,0,0.0,0.0,0.0,0.0,0.0,0.0,0.0,0.0,neutrale
iuw9rrx,2,1.0766655919912236,0.8102903830593551,1.056811757462189,0.6182040828810675,0.777450694941012,0.9184546162459934,0.793520431390681,1.024507369684834,gioia
iutvl1z,5,2.655830687181324,1.5728949674429724,1.7067610260235497,2.3882359526577415,1.1073137618178897,3.36469560915646,3.1642701808197224,3.2309515047979187,fiducia
iura46l,2,0.7272610270863865,0.8133533148018071,1.1752616826995956,1.0420813601739463,1.0569585022038912,0.82867337510354,1.2727658898661054,1.2852215543360883,aspettativa
iur38q1,8,4.229090175212143,2.8504853639816874,2.7347641519776142,3.2669737238425256,1.9250007107910054,4.716220388995322,4.186644600946851,4.955938387877651,aspettativa
iunkd8o,0,0.0,0.0,0.0,0.0,0.0,0.0,0.0,0.0,neutrale
iun6pmg,3,1.1901025784405077,0.8152111819463286,1.0071570640961214,0.9252441203680128,0.6475974456452751,1.1730012620662598,2.1745714580203463,1.6062412344857309,sorpresa
iummwbc,2,1.040015227680383,0.39461674705460026,0.5022944530505054,0.5758643656537535,0.2846701031307519,1.3704515872131147,0.9924156978633968,1.8503232021152705,aspettativa
iuip9uk,0,0.0,0.0,0.0,0.0,0.0,0.0,0.0,0.0,neutrale
iuike45,2,0.8317110830428986,0.9371080287657176,0.5435942248975305,0.8512882166123135,0.4533615987083527,1.0806614111105635,0.8888266615475847,1.2746492078248957,aspettativa
iui16c8,2,0.3334373274481482,1.5645882950596763,0.7033555912924742,1.25602570168439,0.7166006471044812,0.544388224203881,0.9758154539713932,0.6896812684167436,tristezza
iuhilkb,0,0.0,0.0,0.0,0.0,0.0,0.0,0.0,0.0,neutrale
iuh473c,1,0.9073864831833937,0.113734192254388,0.1271840420950592,0.1907243373464835,0.0902893720054367,0.7143731976942436,0.7467892550659326,0.7212638781764765,gioia
iuh39b1,1,0.1504258352710005,0.6593802714067974,0.9111078950956736,0.7529356179761647,0.7076451906823732,0.2234295467540486,0.5713805482528741,0.3912838671318813,rabbia
iuf47qc,6,2.862362490563505,2.067848882763469,1.6529099499564197,1.8938892982276143,1.5586997070883366,3.7366370148284678,2.5666797012099503,3.9720689476275064,aspettativa
iuemotc,11,5.349178297865099,3.5996147452981186,4.241301054347526,5.028630451175619,3.110180875595229,6.278101944684221,5.730914675263025,6.508967133536083,aspettativa
iuec4di,0,0.0,0.0,0.0,0.0,0.0,0.0,0.0,0.0,neutrale
iue5nks,0,0.0,0.0,0.0,0.0,0.0,0.0,0.0,0.0,neutrale
iudz2y6,2,1.2379677530451885,0.22183641013443822,0.34953314403870406,0.4547284055663301,0.19587262747335848,1.0960956989134654,1.0905348374375115,0.7506277327887045,gioia
iud1g6z,5,2.1119359315273494,2.597307579748128,2.3758873619398493,2.743123286789765,2.133291662749726,2.313962420940927,2.5654420088258876,3.007844976796702,aspettativa
iucex8y,3,2.074064157853379,0.7621327642958009,0.5433151018012825,0.7465321817089463,0.3718666505361517,2.3557560102410857,1.4199844021004793,2.3910281747779494,aspettativa
iub4gmr,2,0.9805294817674157,0.809762811825381,0.740335104953302,0.8406641334990537,0.5600280489284843,1.0488993856637445,1.4506359928966162,1.4435635134103026,sorpresa
iuazuc5,1,0.1117955208033781,0.2570343034760079,0.2732152289679299,0.8280812088280957,0.2682755694861267,0.2300792338631475,0.3273704354945442,0.3539938146234194,paura
iuaupqe,6,3.2731240547702303,1.8416210223444034,1.6066832847387609,1.605856955871454,1.147624022824568,3.838867800888695,3.3451239473455203,3.6736398367533667,fiducia
iuadkg2,1,0.6906665740336844,0.1452253919275736,0.1766358405522068,0.1971810823183843,0.1430829348396871,0.629040736677315,0.5818967257157042,0.8571519656059484,aspettativa
hqepe44,0,0.0,0.0,0.0,0.0,0.0,0.0,0.0,0.0,neutrale
hqb5uwf,1,0.610413825181506,0.3762020184605489,0.4163692963317125,0.4583342894918813,0.3007815033957939,0.5165210163818388,0.8169381455484819,0.6190709830058045,sorpresa
hqau7p8,2,1.1208575888221513,0.4371015465007292,0.3388627756821651,0.6326456016808772,0.2490994969451683,1.4133640601976922,1.1605420881838717,1.7437264047157104,aspettativa
hpuzdh2,0,0.0,0.0,0.0,0.0,0.0,0.0,0.0,0.0,neutrale
hpt9w45,1,0.9317947605761328,0.1178221149085255,0.1169830456000702,0.2012560059910648,0.0861314836029502,0.6748444685646822,0.6315927307132341,0.7604944257706034,gioia
hpt0ps9,4,2.252755945261144,0.6638303073616387,0.768538141644775,1.1009970912814429,0.5380820329454251,2.59050226243197,2.6176787342086194,2.671270987468251,aspettativa
hpsvjop,0,0.0,0.0,0.0,0.0,0.0,0.0,0.0,0.0,neutrale
hpsuq2j,12,5.334746181308854,4.757217394365353,4.215902650756131,5.747019473234351,3.9700962639826893,6.916846773831353,5.903157059460936,7.818859782743385,aspettativa
hpsugdt,1,0.9240975653308008,0.1365350444225381,0.1086324527228629,0.1709747783990747,0.0804520191750943,0.785312505395609,0.5944207943625845,0.673438872134038,gioia
hpstyxp,1,0.384287476580128,0.4313822806862443,0.5447554674808017,0.53581117090137,0.6054649252983568,0.3687709090569454,0.9044857818449552,0.4941981607040543,sorpresa
hpm7o7a,1,0.2280937199356413,0.6547723483009429,0.8973476205627071,0.654071730443936,0.7347609573717461,0.3040067700077838,0.5491845784995134,0.4246253400668763,rabbia
hplzdvd,3,1.5130249274007919,0.568565947837788,0.3826611520256965,0.6167397565421605,0.2773761402052986,2.2083603081835084,1.355760432540987,2.612933282831814,aspettativa
hph4j30,11,4.149999787896091,4.144637885576249,4.384171643289089,4.787355741582084,3.0884616089454724,5.893970168713779,6.219723679179361,7.108063194153772,aspettativa
hpb0cxz,0,0.0,0.0,0.0,0.0,0.0,0.0,0.0,0.0,neutrale
hp4zq2q,5,2.5453266178018894,1.4504188895645598,1.6625886956533074,1.761114249394198,1.5575349841746222,2.803993059331682,3.3177691449892115,3.3971539360565446,aspettativa
hosr491,5,2.7267791826241767,2.2929451821021734,1.9918127340037692,1.9951010472793553,1.9406507181677675,2.6147975972275392,2.825277096038063,3.7480399309194907,aspettativa
hosftbv,1,0.0825067020539826,0.7393867557461751,0.8742441266141532,0.4828541471887401,0.692514869709425,0.1195267392798024,0.2886067611050146,0.1929507617900688,rabbia
hosfab4,1,0.4686333021775902,0.3848809588156515,0.3331448458229184,0.2818722647997595,0.4417862480413057,0.5561799580469193,0.6260282735054503,0.8445388294222845,aspettativa
hosebpi,3,1.5756966704675945,1.4006696988136391,1.2359998733734288,1.1292889344202863,1.1109941790016182,1.4546057105907195,1.7894718550394573,2.1825088810990945,aspettativa
homu22x,3,2.004577084467386,0.7035372273989646,0.6008246710641287,0.9178439946253076,0.5753676832684885,1.2957446030662727,1.9057371450205731,1.4123400309605272,gioia
hojadih,24,17.338429230524696,5.178256063202845,4.813888674772689,6.000385702635328,3.9868092726091175,13.622440863937857,12.654243108777749,15.241181413516795,gioia
ho9w1rd,0,0.0,0.0,0.0,0.0,0.0,0.0,0.0,0.0,neutrale
ho06ffh,2,1.2541128159461208,0.5960700684705942,0.6597072483368465,0.8233572335811841,0.3967829890200693,1.1394311882353465,1.444819785942948,1.5787916673051852,aspettativa
ho031hx,1,0.2812007679155372,0.6176495726706874,0.566935675447155,0.8289647241921776,0.5216667558822682,0.2898057923293431,0.4263020312746994,0.3596664488644499,paura
hnzxnf3,2,0.3637074699695198,1.3570363284168625,1.441179802061308,1.3118188713809178,1.214181625591693,0.4093325316091455,0.7149087923797139,0.5526172106545186,rabbia
hnpdom1,0,0.0,0.0,0.0,0.0,0.0,0.0,0.0,0.0,neutrale
hnmky3e,3,1.9739793765174398,0.7113735302135085,0.6647718481006942,0.8823045434197492,0.4220922310064238,2.2754408050811676,1.6699249093830382,2.362580948304275,aspettativa
hmnecr8,3,1.5075229876257286,1.032990463042662,1.1868596364984976,0.9755159369383966,1.0925613513372998,2.024183967522899,1.257698647947662,1.8217374624576421,fiducia
hmlf55e,6,3.3166079128251207,2.0396285121510105,1.666357723169936,1.959141957724928,1.4422270357384757,3.440459123687035,3.260333456988839,4.06400574318674,aspettativa
hmldd8q,6,4.1953381286888245,1.2106814103223331,0.9954021629575518,1.4845523687924582,0.7340137290384079,4.819251802803073,2.9871874337127062,4.049204600686497,fiducia
hmkqp7m,1,0.0597582799027458,0.909798209297073,0.3754944727584912,0.5220501840583363,0.3491173915858778,0.0909023905524002,0.1904506560224749,0.1040668404475611,tristezza
hmkpws1,1,0.0597582799027458,0.909798209297073,0.3754944727584912,0.5220501840583363,0.3491173915858778,0.0909023905524002,0.1904506560224749,0.1040668404475611,tristezza
hmjf1va,3,1.3740173720117106,1.2061722762518783,1.25015394911973,1.1027141088523833,1.1723237020452892,1.450630306222142,1.546154776311568,1.7045023994049315,aspettativa
hmj8urx,6,1.7377169173580431,2.4977704696659435,2.692489656081821,2.9723914025328786,1.8147345986348942,3.0613155102379586,3.2409877939281277,3.1985250863192944,sorpresa
hmf4s4a,11,4.545334449482435,3.762565698454098,3.3344316649273766,5.341841913919871,2.8782699198534347,5.118067608570018,6.406060896702766,6.085030180602965,sorpresa
hmdn5fh,2,0.6785884328565157,1.0744007077313493,0.6483349188192287,1.1959580547324156,0.5995431708699362,0.9837250218143971,1.1508851069858894,1.2876532636941258,aspettativa
hmdfdpe,1,0.5987082102215425,0.0721316402174973,0.0714870064770831,0.1208658280363951,0.0501374307396792,0.721395910531105,0.3916501030396158,0.297902146710962,fiducia
hmbuou3,0,0.0,0.0,0.0,0.0,0.0,0.0,0.0,0.0,neutrale
hmaa5bp,4,2.2500514302528893,1.6856322391109646,2.150057124925934,1.6688464849775424,1.2850589316144423,2.1414996633523655,2.145410497548844,2.566591328384827,aspettativa
hlvbwra,6,2.2762633082632413,1.1375229760730583,1.1278413160416534,1.7882381679984116,1.0943769583338367,3.040306288187324,2.018079321478538,4.209861828437901,aspettativa
hlu0avk,4,1.0428179824359047,2.5437954588338707,1.595870631909149,1.9117144003793003,1.3941010350424339,1.588870531893563,1.3389163449067958,1.7914128987877302,tristezza
hl124hu,5,1.7036585812885698,2.1304886425282015,1.8771062496731186,1.7754369125476863,2.0050780526450156,1.9562548220249245,2.178985313588386,2.1320558843323845,sorpresa
hku54al,4,2.308271428632136,0.8559006413384407,0.5814181388820695,0.8280903991441133,0.4265024019793443,2.5976677930991388,2.264033432831715,3.155609822980576,aspettativa
hkmp998,1,0.8368917078974281,0.1976816527195058,0.1309755025066057,0.3466727929559627,0.1084957363415035,0.5789830309287305,0.3866565392352111,0.6166797850772832,gioia
hklpzda,61,31.058572690281586,19.961841070627372,19.812953605014403,26.627934741699228,14.511612327134982,37.55859751755238,33.6121120672526,38.78668757032638,aspettativa
hkg0zza,10,4.999721054545242,3.476570061817576,3.8210711967703848,4.144999085993055,2.615266051304198,5.675848709550987,5.073042664941099,6.3935056430725625,aspettativa
hkcafv5,11,4.68246478548001,3.6509901147122443,3.2638625619775423,3.60133464061404,2.7440604286449033,6.423945980628857,7.4848568418539125,6.982925254064252,sorpresa
hk3c45b,0,0.0,0.0,0.0,0.0,0.0,0.0,0.0,0.0,neutrale
hk2euv4,2,0.470926704259241,1.0693458020854028,1.0403869663116636,1.2449825284325817,0.7493121612282777,0.7214011245812443,1.157502995423251,0.8213394008291395,paura
hk2csjw,20,9.07138800119733,7.193634541042017,6.385198313026365,6.457359435779723,5.416303853024592,10.123297048139692,8.730755794527425,10.913383040552208,aspettativa
hk2bhib,5,2.3531292757617024,1.7677162049082047,1.7307713213469482,1.7898271407514366,1.5173735319049613,2.7386639665152908,3.553986844637702,3.147902007525298,sorpresa
hk28ydr,6,2.868914962028111,3.340228807115842,2.5957903360820964,2.8745737389181825,1.7176974535958018,4.050520473516172,3.34150606133677,4.177040108243351,aspettativa
hjzxr5k,3,1.210307199031574,1.548850453162432,1.2061641576138002,1.053017044528631,0.8814320285627745,1.166631605544424,1.5998126532213783,1.6370792027707388,aspettativa
hjyns6n,2,1.037724979206599,0.7413180185666592,0.6246596797803503,0.8396510039917808,0.5334606048897346,1.4456106932859858,1.2338479277513397,1.8271211185633747,aspettativa
hjymmg0,4,1.5575707986665468,1.3151497929659768,1.465997392337868,1.2864520162991209,1.1697428725363284,1.919825266407586,2.115792226900989,2.246097273113877,aspettativa
hjyhgfw,4,1.436591093935072,1.6699938945301707,1.9721657521298201,1.8478787046170977,1.3440614632758483,2.294101273048121,1.8625369437439248,2.5896046150509404,aspettativa
hjxvgb4,0,0.0,0.0,0.0,0.0,0.0,0.0,0.0,0.0,neutrale
hin2u78,0,0.0,0.0,0.0,0.0,0.0,0.0,0.0,0.0,neutrale
hi0ooip,1,0.7202626046251372,0.2465946759131757,0.2959187325900094,0.2521664687800481,0.169979295008041,0.8680735581773521,0.5214644437661833,0.7285255197116446,fiducia
hhm1reu,5,3.1193267818035144,1.1172669441993566,1.0435887907015968,1.534927276135036,0.7035401208537089,3.2492769729715594,2.3981544433282855,3.3515036013274093,aspettativa
hgz8o4h,1,0.8033412825957651,0.1065224169172683,0.1185148656505971,0.1802317673244785,0.0855250216870025,0.5881144911732458,0.626564227809664,0.5914242972525805,gioia
hgyfuwc,10,5.1839069916313125,1.7039321534831637,1.8221448003343645,2.573041869271361,1.3032514071876125,5.895413046868892,5.993814099663861,5.776558928832491,sorpresa
hgiimjy,2,1.4443548849684231,0.24781638352324228,0.2709101384438528,0.4330930803218298,0.2502357494042114,1.4106319543900911,1.2046868868151184,1.1847280951392045,gioia
hg96thy,9,4.7150147648400615,3.1434811104725027,3.0260627081376463,4.4349379500581065,1.9806123771040025,5.369258309445448,5.516362506932722,5.999907017725596,aspettativa
hfq6k94,2,0.9075737784970883,0.3432718484026186,0.246859659339677,0.4274928395629878,0.2293662227660507,1.2272977410170465,0.7523694781326755,1.6815021881094616,aspettativa
hfc1ufo,4,2.137635033004573,1.1280530208126816,1.276872638122127,1.6153533489254657,0.8691403278625586,1.8813490807412723,2.820080576659293,1.9080965274079238,sorpresa
hf2mefx,3,1.3514034045299823,0.7714207526415857,0.8292153312389239,1.0955333383660835,0.7137776398901434,2.0706196081788004,1.9417098221875326,2.009873546411761,fiducia
heql8kp,5,2.792280309629721,1.7022184269215774,1.7540669075782525,2.054619502014189,1.4364059669220168,3.20650312482769,3.2113220527132214,3.116265219983124,sorpresa
hekkb29,0,0.0,0.0,0.0,0.0,0.0,0.0,0.0,0.0,neutrale
he8u9us,0,0.0,0.0,0.0,0.0,0.0,0.0,0.0,0.0,neutrale
he51l6d,2,0.510478870866772,0.49171991322044384,0.7335156007274843,1.1128000769285984,0.5416605996730826,1.107022670118824,0.9350845080561183,1.2712256378988616,aspettativa
hdb3g7a,53,27.365067638303792,20.191021057213653,18.984334142664192,21.21320430802442,15.686590954776799,26.93465310394937,26.883367543630136,33.96282616790367,aspettativa
hczodxi,9,5.789763530001671,1.8856887593936396,1.8238894161893306,2.309652721541676,1.223249734352873,5.811150690866757,5.190799569407362,6.885309961370306,aspettativa
hcxftxn,7,3.8623769140531046,1.7600534046079672,1.6440187537227795,1.9923734059634053,1.8541937354123756,4.102902551957877,3.4207942982898736,5.004310403336203,aspettativa
hcup3o2,3,1.281024946529351,1.346813475329095,1.3773350971507745,1.6900107415018502,0.9435961230914963,1.674039082831937,1.4808277686398208,1.6780350073378476,paura
hcudtp7,7,3.0711898574185317,1.9423497901440634,2.4403830925797694,2.8245417655300193,1.9020600224989215,4.287585016298991,4.188059505608698,4.97007485782537,aspettativa
hct3ikw,0,0.0,0.0,0.0,0.0,0.0,0.0,0.0,0.0,neutrale
hcazqrw,2,1.4096832781273636,0.4670869152129627,0.3970666258041641,0.5758435055852202,0.2445275634461716,1.483075796049649,1.0872846458442798,1.7868246019926843,aspettativa
hc7eo5w,2,0.6314900989898579,0.73318566264936,0.5889326198168248,0.698868396077336,0.9345467029812379,0.7296268683043831,1.0823947158889782,1.053459635283551,sorpresa
hc78e1b,6,2.786284067901751,1.864613259189725,1.8936090899250784,2.3524280044937207,1.8213155604023372,3.8063333521670963,3.3282113499523183,4.245487179057575,aspettativa
hc74662,5,2.0909374416669215,2.496501816141895,2.3530577734764484,2.6265949160679978,1.5553432258688162,2.887132409899204,2.9177742298743454,3.808859755225382,aspettativa
hbi1let,2,1.3035399855688428,0.6849277315345632,0.7906557878982285,0.6211989287502528,0.7597580637397876,1.1140405531459148,1.2448134663359902,1.4468051418817387,aspettativa
hbf2hil,13,5.915003869011519,4.149155031502239,4.272416821307905,5.271736516871867,3.0226015004055884,6.680362436153357,6.242373100377098,7.137841175854988,aspettativa
hbf1sle,8,4.315318939239076,2.6224362962669883,2.6567988310517174,2.9294415987417763,2.4774221132046734,4.810334639506199,4.289391020841339,5.61368631887603,aspettativa
hbavpsu,1,0.9689863414417316,0.0842515660568723,0.1556865176724158,0.1166303771610485,0.0654342944708867,0.5350753109970979,0.3917477467978921,0.3524797160818032,gioia
hbav25h,0,0.0,0.0,0.0,0.0,0.0,0.0,0.0,0.0,neutrale
hawkigc,4,2.239484641592961,0.8751211037883406,1.0822934751410367,1.46095229785833,0.7439308202259811,2.1520246275071813,2.831047161522955,3.067166596478745,aspettativa
ha5kums,3,1.5046474637142513,0.7540596326023914,0.7947818440424071,1.0215633664216768,0.5310454129722431,1.6664344585602304,1.7646138067972863,2.296328988128758,aspettativa
ha58ckg,4,1.7485180526921287,0.7000026290183948,0.8659565455754912,1.0869822707908399,0.5410649907348724,2.615903380876447,2.240400937390009,2.6622646528448284,aspettativa
ha50hrv,10,6.168827733999338,2.1049460426696696,2.063252038001641,3.2077248198658346,1.624670296898844,6.802208097758284,5.345977887023162,6.949431866455355,aspettativa
ha4w6d3,5,2.392243827991331,1.1313339856556317,0.9973357604202543,1.7508654615810444,0.8388470162794424,3.309913743249565,2.4221845793762298,3.888179206558931,aspettativa
h83xfxd,4,2.5184529219339753,1.0184651506627906,0.8964514070179888,1.1583501871696735,0.6431440876715684,2.555278615492297,2.24059970126401,3.290799157712097,aspettativa
h7y4i1p,2,0.6568208810061485,1.0305113506951296,1.1311943251042553,0.7847267228795972,0.8074983239556052,0.7539574798011908,1.1526313076237127,0.9785105149889763,sorpresa
h7y471i,1,0.3424745560373898,0.2197764029714013,0.2874015849122312,0.2627434652010496,0.1396067310757917,0.418526634462625,0.5494914467898533,0.9000241375490609,aspettativa
h7xr3zf,1,0.3826730137054955,0.1888323753232166,0.1729597026071935,0.2621522209512547,0.1195095692060608,0.6265365225787976,0.6915544791111343,0.8740621876780968,aspettativa
h7xoo1o,3,1.5558665522241253,1.3051028292506952,1.0764195329474404,1.2824777278194626,0.9178032612593758,1.7267218055368116,1.5297716724296415,2.3245800607071327,aspettativa
h7wxkz7,1,0.8961034419033327,0.3251535070571605,0.2792231393253068,0.2971388831552068,0.1418004873045851,0.7517471603888485,0.4877122630287964,0.4841710763679381,gioia
h7vmbnj,0,0.0,0.0,0.0,0.0,0.0,0.0,0.0,0.0,neutrale
h7uls20,0,0.0,0.0,0.0,0.0,0.0,0.0,0.0,0.0,neutrale
h7slatp,5,1.9505186963236658,2.4216210501488673,2.25408565616209,2.169080470309866,1.830443295410494,2.85376712763652,2.7745906907865607,3.341067031269759,aspettativa
