comment_id,n_tokens_matched,gioia,tristezza,rabbia,paura,disgusto,fiducia,sorpresa,aspettativa,dominant_emotion
kfr4gvl,1,0.3422687373368608,0.0750783554301797,0.0705839912341509,0.0449434224293959,0.0229675615498374,0.5644604496563109,0.2058120745878613,0.3439204162773924,fiducia
kfq697r,0,0.0,0.0,0.0,0.0,0.0,0.0,0.0,0.0,neutrale
kfpcdso,21,6.604610564934439,8.186019153189457,8.322740588142949,6.376953909570969,5.204644402529604,6.400550941669524,6.191132286870845,8.838808919188061,aspettativa
kfoa815,14,6.5612717008811625,3.315711506587563,3.215943216221268,2.4119670484280573,2.380054151916158,5.2660934388303815,3.8027028779314893,6.09048492426625,gioia
kflfo20,3,0.9840807737915004,0.4010698637877271,0.6357667732541107,0.8641244189957894,0.3008556980885571,0.8064255098990186,0.7553919120309149,0.9910374326323415,aspettativa
kfjtpno,7,4.082302143760438,0.5316928430343225,0.4098198457121524,0.578652834087213,0.17423281851644978,2.2625603948835793,1.600037596096316,3.0721735283571685,gioia
kfjo89r,3,0.9608576029432441,1.4374054992662875,2.0075561418804297,1.1771872308130649,1.2810079783115547,0.76331431853955,0.684193914684595,0.9147532788762957,rabbia
kfjkz54,2,0.4763147187205631,0.5160857764429014,0.4872162972517351,0.5503964071394718,0.38655764688730543,0.7519506173718181,0.9797965823500657,1.5322715558420754,aspettativa
kfjb6p9,6,3.2254773377104287,1.6636589757141247,1.3213128966020515,1.093052689559306,0.9716583954195605,2.0095860220367725,1.9382086071772529,2.403174407060059,gioia
kfhjw1h,15,4.886962203784436,2.904644230167038,2.5912565884211287,3.6662339859141904,1.3445022228186796,5.769414594748728,4.593195813149416,8.571053462200872,aspettativa
kfg9ejx,0,0.0,0.0,0.0,0.0,0.0,0.0,0.0,0.0,neutrale
kfg2t5m,10,4.921403514683103,2.2774520524192883,1.8528584998243036,1.9289648054822943,1.2083811548659193,4.379414305332419,3.6824065580428367,5.517961394179691,aspettativa
kfeav8x,19,4.895038240026039,5.332506979082614,5.157522213763329,8.100957129148707,4.514725873786859,6.664954228942281,5.586940474134198,8.559348958167067,aspettativa
kfaienx,26,8.319378915850791,9.924781431305407,6.257840449257808,7.740475401752745,3.7705709332683046,8.64349126001069,7.456112637805333,11.906795427078555,aspettativa
kf9kiqw,9,3.737430633556265,2.2104500436146814,2.0290260001168976,1.968439772694042,1.7124827993515779,3.3911065899825985,3.2343192980494413,4.371566698601629,aspettativa
kf9i1k2,5,2.2843101170982703,1.731682502125414,0.5919886878918581,1.6693497698020983,0.3767075506126242,2.4921891902861963,2.110675677374023,3.6447619406858567,aspettativa
kf8t1mk,11,5.149073511170812,1.8709954480458921,1.4784867122603003,2.7330205561521463,0.9542773446009339,4.972973995228986,4.321271716497907,7.089337405489592,aspettativa
kf8mje4,15,6.997859343044862,3.5702835525179446,2.685456009213888,2.978384130423603,1.7973986347249644,6.252395905411655,5.041116992442967,7.76513844243063,aspettativa
kf7b780,12,3.4507014648800167,2.053977724665077,1.8231208974590205,2.3236499345144135,2.1705077934281505,3.738295444101133,3.0028027340563344,4.300898564932725,aspettativa
kf6ucwv,16,5.174199695318972,5.125181979543297,5.52494988150679,4.98469797678763,3.7208353226245205,4.811569989785023,4.6920841311424955,7.236902566922714,aspettativa
kf6iy6q,0,0.0,0.0,0.0,0.0,0.0,0.0,0.0,0.0,neutrale
kf6hubm,10,2.6562240044123375,2.3072828042417446,1.8035173099806192,2.2953092719737573,1.3928288952036212,3.1609952237864283,3.510702180660589,4.676699357838803,aspettativa
kf62drr,14,6.076392168104576,3.292472892349516,2.5876784074299395,3.4263576190083187,1.7589638033643944,6.470323165105056,4.435670127964411,6.7916211657010015,aspettativa
kf5uyek,12,3.6559785987027116,1.5035000813579322,1.5336044349057096,2.3087273373585635,1.4511143447886796,3.0730327939067674,3.629893638712243,5.386257464193427,aspettativa
kf5j69m,5,1.8718736786703871,1.702762089694843,1.534244985081464,1.1834852012546047,0.9947753887490127,2.069701656689734,1.3247632569652854,1.9345881423015254,fiducia
kf5i77k,0,0.0,0.0,0.0,0.0,0.0,0.0,0.0,0.0,neutrale
kf5ezaq,13,3.9462142917688356,2.7602962173984777,1.8205586922453656,3.6683842167192866,1.2275694798351535,4.9481402305918785,3.7972715994334667,7.498904355912235,aspettativa
kf4tb50,4,0.4488460721128469,1.5150539584202543,1.4011600094546077,1.646750840401605,0.784209721133998,0.8264511751639445,0.8539999775976401,1.280465536938781,paura
kf4o0dh,41,14.804924595709505,10.237778247996804,9.522463897493978,10.592748292042662,4.631580109843577,15.768262391841631,12.530516270770777,20.910990888614982,aspettativa
kf4i5lj,17,5.970385892608318,4.322197513961735,4.804978861304996,6.487348508597542,2.4405789050343096,5.858602816581553,6.806737087699969,8.363055899654059,aspettativa
kf4h4gs,8,2.9429794392881385,1.6970224843332855,1.7774249595494716,1.7938394386227603,1.9559150081573966,3.140831652870416,2.5413987317722357,3.0598368999313914,fiducia
kf4ef9e,0,0.0,0.0,0.0,0.0,0.0,0.0,0.0,0.0,neutrale
kf4e5en,4,2.1093689488076035,0.6295749224858388,0.7222203100884987,1.4221591153410238,0.48292833943866653,1.2878264070699188,1.6981005977604517,1.7228485216967286,gioia
kf4dgne,13,5.235634263152316,1.1257162758576744,1.4435133441457513,2.478248971486825,1.0161238772384187,4.304538455542655,3.6072073227164947,5.706428102025955,aspettativa
kf4cgb4,9,1.7131845932954963,2.266149298851047,1.0612629773060984,2.0155020830349932,1.1832521786132473,2.412224611030562,1.9887855714872391,3.791433281367331,aspettativa
kf46yc4,1,0.1198012671685162,0.1955554107462917,0.1184680241110367,0.1285705058688707,0.1026745346595451,0.1730837936073875,0.4212002839765824,0.2721651202139369,sorpresa
kf41k1q,5,2.8473663380503997,0.4478928899795196,0.34773849016053593,0.5721271469038979,0.1998331886704533,3.0811683643163206,1.4243955357036633,3.2072083097669664,aspettativa
kf3ylq3,5,3.2311917466731486,1.2719177209375494,1.072215132375526,0.8024473367450652,0.6104323374374315,1.8139872975252216,1.4263050843641676,1.8572664268979402,gioia
kf3onp6,14,5.391850040269808,3.1287460349508756,1.7983805341723282,2.4701313263236933,1.626704570220475,4.884026663300416,3.254156742665418,7.3422504512066595,aspettativa
kf3n9ec,1,0.0232116641128006,0.7008161873052527,0.8484228858063763,0.5052459320375013,0.5106105933654058,0.0693323176405178,0.1430882685683248,0.1122654439663435,rabbia
kf2ypn3,11,3.7576655131253593,2.7347615156376035,2.437626251315384,1.8902456495319935,2.3828578854763958,4.230247667562794,3.764326913815107,4.951644576604476,aspettativa
kex4zhi,4,0.4282775691282059,1.3743705563386577,1.0940030233807994,0.8180447673910126,0.8297091701916941,1.1534782965159696,0.6008627116836589,1.1921018557266896,tristezza
kewpcok,5,2.3107931250227676,1.0162192079034424,1.0260902569380743,1.5856424008927046,0.7136713989620428,2.703062476122293,2.2714923764511115,2.690021171411648,fiducia
keunhz2,3,0.39359422376835174,1.2670178595930528,1.5642026157467084,0.8860268687840344,0.9266908423961351,0.5118780782394488,0.8941725308203248,0.8300864109653,rabbia
kenxswj,15,6.382608560345425,2.9918128506352377,2.7677747056872803,3.544127852374209,1.5303352686349752,5.9282924020695775,5.092314852852153,7.384499193247235,aspettativa
kenrr2c,13,5.63777478153326,2.329605915678675,1.783389562270121,2.8570717870101134,1.4313938876291816,4.7960404891538,4.260852191107596,7.165876126261297,aspettativa
kem8gtj,4,0.8743048790156478,0.3489051605065373,0.1804892483065801,0.2444015055116332,0.10511481031621761,1.234142483221705,0.5884231871257398,1.5274108134504756,aspettativa
kem5pp4,11,4.749253720587351,3.4107347578026666,1.749245411019246,2.649667260438426,1.5137519770283383,4.317542590732923,3.146993023963156,5.293474625108843,aspettativa
keltjbz,2,0.7467668929094478,0.9155136149492821,0.6379419194499131,0.6129180412218901,0.3911644750210424,0.9237323703080791,0.5717820304082354,0.9982483436607321,aspettativa
kels2j7,1,0.0223827102033367,0.276828532621889,0.9955514693212756,0.4228937417212725,0.5410639920278352,0.0337640867686432,0.1421360638541779,0.1929678458888802,rabbia
kelqd3i,0,0.0,0.0,0.0,0.0,0.0,0.0,0.0,0.0,neutrale
kelq5d0,0,0.0,0.0,0.0,0.0,0.0,0.0,0.0,0.0,neutrale
keloa5g,2,0.0447654204066734,0.553657065243778,1.9911029386425512,0.845787483442545,1.0821279840556703,0.0675281735372864,0.2842721277083558,0.3859356917777604,rabbia
kelfltj,3,1.9256914821468032,0.6886751934235581,0.2200774465842891,0.4429698545506991,0.2450712563185225,1.430726270901788,0.7019756433225455,1.1945290125818604,gioia
kelauar,15,9.103097247537585,2.0687855272754203,1.8897803142327914,2.3445728603918337,1.1431846874400702,6.781458279223268,5.715583932602737,8.968082552243622,gioia
kel5yq6,4,1.3933384559237327,0.3286128440205359,0.29866588115568937,1.0482650813678651,0.2602098489097932,1.9732866437741485,1.3097238297623766,1.8961066329429155,fiducia
kel2ta4,0,0.0,0.0,0.0,0.0,0.0,0.0,0.0,0.0,neutrale
kel09sr,0,0.0,0.0,0.0,0.0,0.0,0.0,0.0,0.0,neutrale
kektsye,0,0.0,0.0,0.0,0.0,0.0,0.0,0.0,0.0,neutrale
kek8bce,3,0.49414932002416895,1.4576804443967402,1.1795490848058627,1.550500523209102,0.8509526796374863,0.6219499826588173,0.7586481169511279,1.0324771611818673,paura
kei3iyv,3,1.3869752833754192,0.6356199963385941,0.6374762283955051,0.8852850730669013,0.5807200372095294,1.3762660677081837,0.6509078585809306,1.055430610132719,gioia
kegqfzr,9,3.3956643446947568,1.3579153424418742,1.7379523317909378,1.1401782400849905,1.4584923202877098,2.623923332211615,2.256508720160596,2.3515358134113424,gioia
kefzaxt,4,1.4481942725410806,0.6176887463625487,0.9126670355576175,0.833565214568132,0.38464076689465276,1.4808476313231238,1.3078734404899302,2.2241579301446874,aspettativa
kefu3ml,17,6.987141498923594,4.3590622827522525,5.815086952948031,4.882987009921529,5.02150950139141,4.9803202051174305,4.703367113162788,6.5216054824505685,gioia
kee9olr,51,20.349172004433747,11.100266765781686,10.69106027840886,17.376297362917935,6.422745140197943,23.111848464484797,14.596980089567623,28.514554993954697,aspettativa
kee7a6h,0,0.0,0.0,0.0,0.0,0.0,0.0,0.0,0.0,neutrale
kee1z90,5,1.5305641653455444,1.3747171155897795,1.297367938373638,1.249483936498965,1.015533307041522,1.5490972610920846,1.524500895853801,1.660288197918304,aspettativa
kedrpmz,2,0.5495375252682015,0.7268958686396869,0.7591268213561001,1.1044525564612448,0.6633585260348794,0.6575768561690076,0.6164711742481965,1.0332647960617478,paura
keceqx6,3,1.781265707754423,0.2622298324933594,0.2620351612198715,0.2215231579664792,0.078557883045252,1.7135116634219023,1.2659779429531484,1.6010459869924454,gioia
kebpno7,8,3.609699319981143,2.2383435715600677,1.7058916147907959,2.383751586583304,1.171741503849077,3.178024481573956,2.4196234992218058,3.6940034227285,aspettativa
kebixyh,1,0.3574102504201403,0.1140706789418821,0.0317853934298634,0.0839029001966438,0.0237417684837757,0.5409556716089254,0.1670166517918014,0.7564964793622593,aspettativa
ke8hx3q,5,1.581984434718319,1.4126286965240968,1.9531076356220753,1.7002711714465888,1.178044771372713,1.477972775398465,2.28122525363603,1.636687094221264,sorpresa
ke7nusz,2,0.5232543200680363,0.14104743935905528,0.2141190490631067,0.371825841859029,0.1117566544462729,0.6644346757543766,0.4370028720101681,1.1652444314991344,aspettativa
ke7nlr5,2,1.731137940970572,0.2959587381826484,0.09585675138716199,0.158762522474581,0.08448560691387459,1.3322152895747792,0.551455690168914,0.9644986996517615,gioia
ke7n4r2,1,0.0316608079003848,0.3485053586634901,0.6338067671236847,0.3152046992426838,0.7460031454359486,0.0705802571709621,0.4566788864765883,0.0798866543263785,disgusto
ke6tzt9,2,0.6566309755907207,0.2248348395931993,0.184158019070933,0.3037733078227891,0.1209360606200976,0.6093645261619031,0.559733084698234,0.8408760433212075,aspettativa
ke6swek,26,7.45735314309255,9.457591761543123,8.145502261581118,6.927569393278047,6.020896943527615,6.727523873015135,6.379746505881765,10.006508509021858,aspettativa
ke6h36k,7,1.881333491801953,1.510384927071993,1.5113514214302972,1.644526108013972,1.19766670941577,2.403087826613741,2.643544904680728,2.4273081324805608,sorpresa
ke6gtlv,4,0.2411258677885058,1.3644737643712228,1.2332138382270794,1.769138150696754,0.927214929461972,1.0585917469118609,0.8068108730540176,1.623073712559439,paura
ke60wuw,12,3.0773376877176033,3.002675991751041,3.1226929232910288,2.430799618874833,1.6168789915524366,3.0259425116483,2.342643239935288,3.680181729905743,aspettativa
ke5y2nm,2,0.6095689081390097,0.49447411233823535,0.5283293810212017,0.4563217785274971,0.3016449789159765,0.40826449847162083,0.28639330507314237,0.6880414724947965,aspettativa
ke5vpi3,7,1.9030583930929046,1.655367481282616,2.0283661483457456,1.828851971111854,0.7941546179206073,2.2882469097839655,1.7171177268437947,2.7615465397463903,aspettativa
ke5p7ms,1,0.7581890917512405,0.1197741378975356,0.2398917193431805,0.1297795474209236,0.0748719738924382,0.4563980428707868,0.295514862939485,0.3213809927133043,gioia
ke5m3v1,11,2.9320956667040163,3.752972199218129,3.445032917501127,3.3846976066933854,2.189059668019502,2.7421385999520984,2.738222466120076,4.362720991526402,aspettativa
ke5lpom,42,18.798762753237806,7.0386983975147395,7.548037538258532,10.012348492923362,5.160497786905995,17.193825715324916,14.409437795286268,23.027806996804976,aspettativa
ke3bbho,7,0.8966749039412175,3.0753977312141734,3.4470345028232368,3.4642019570166687,2.010762744965884,0.8074003318086151,1.9348017884942041,1.8263985359203092,paura
ke3a2u1,11,4.306327558192286,3.0058172545624946,2.781892571738162,2.621598122800622,1.9953786880405593,2.370046411978638,2.339386795008621,4.347273683462538,aspettativa
ke2inzz,9,4.778397888415715,1.4046857315754757,1.046840901886276,2.069654313983203,0.5280250617225022,5.357977865456867,3.716181963892477,5.440198038535278,aspettativa
ke2g6tu,6,1.7907516977508957,1.6274490484362336,0.8689903314019709,2.227104369180271,0.7156931114486074,2.4715766346327817,2.841213519562208,3.666946865534621,aspettativa
ke18t2u,8,2.3278752393961533,1.4656488288719196,1.8440162554321213,1.730114526429393,1.0886967430686414,3.1640342883624495,2.403703123990575,3.9823423594936402,aspettativa
ke143mn,3,2.4624443136911607,0.1680951948414829,0.34255882727327736,0.2753673711933759,0.10726702942172431,1.0998533217610598,0.6508857038770317,1.3780355899594747,gioia
ke0s31v,29,8.444846122978872,5.9202504108262515,7.310101701333927,9.605778635961116,4.461377020059068,10.890598537069513,7.345367716411518,14.368531207741956,aspettativa
ke0oo9b,2,0.6124143634424462,0.40926704318808627,0.3280438906038609,0.6416489855054124,0.1476134318899735,0.935336607348511,0.6255066330664951,0.9014889128556063,fiducia
ke0izu3,1,0.0297776557511348,0.9532025425858852,0.6184385021788454,0.7271142760638757,0.467765734471836,0.1920947715011761,0.1824273574580164,0.1549366474490157,tristezza
kdymktl,1,0.9986036858939424,0.0191238931690476,0.019450339634001,0.0326151956279856,0.0152082942633046,0.2823138165267693,0.3482458605547825,0.3362572541319015,gioia
kdvndzf,86,32.88750670102162,13.633954022146677,11.776312774247005,17.90065367573505,7.518413107756777,31.208851896198,26.618129122853254,39.17534040280146,aspettativa
kdrzfly,4,1.2666127115695547,1.5418686907505397,0.9467792902311281,0.6825806328468087,1.0916265013291178,1.4326171370782568,0.6387913214080223,1.6345312402461536,aspettativa
kdrftj8,0,0.0,0.0,0.0,0.0,0.0,0.0,0.0,0.0,neutrale
kdqql3t,8,2.8279327484343257,2.1598217444334127,1.6644760060407255,1.9776628751883725,1.282364091931295,3.3477658701701,2.66642356095793,4.782982663351456,aspettativa
kdqmjt1,2,0.9769868332499562,0.5626877868143172,0.6863075723629277,0.2493530083817511,0.3142860573669222,0.5781094960637186,0.8414717752297982,0.6054373874497692,gioia
kdqdgwd,4,1.286822290055784,0.5047044982847829,0.4005170109536156,0.41846377072622365,0.1678324286805268,1.4978821213620097,1.1960905464986071,2.1644518432829987,aspettativa
kdqbyt0,3,0.8398096600879829,0.5383316999768832,0.4419617040483199,0.875026306169749,0.3387989947602756,0.9417696904169806,0.5075100668714814,0.6561808050012036,fiducia
kdq1i9a,5,1.1164566283280684,0.9645400721837438,1.4509588307623171,1.1162830516754398,1.104007788450753,0.9104922764407116,1.1270544764783972,2.4574467809467655,aspettativa
kdno7au,16,6.3218694086892455,2.9846277653271223,2.58258251456763,2.9523910255304053,1.6100986304653193,7.183499666526642,4.858201812128543,8.502277125621273,aspettativa
kdngu8y,4,1.3338915971436665,1.7426377177589267,1.7238303550372267,1.4117518492108663,1.3583747242813968,0.948130204542309,0.8515936951580304,1.2162916472115142,tristezza
kdn58fi,2,1.2623040912654495,0.1452126400206294,0.10558082455927839,0.2503894725119628,0.08722221680235351,1.3043579163745256,0.8537792580466548,1.75571268499518,aspettativa
kdmslb6,23,10.05100395751741,5.538747199924762,3.655075395503225,5.836630447294341,2.485538109766453,8.317548876633042,8.220236084723819,10.093706795151853,aspettativa
kdlmhq2,9,5.235217645871572,1.5739248371921648,1.2048275519066083,1.5237190561048193,0.6646669450735552,5.06319183739753,3.1587811543828606,4.91794039303629,gioia
kdllhue,0,0.0,0.0,0.0,0.0,0.0,0.0,0.0,0.0,neutrale
kdggpdw,1,0.1890487157090445,0.0900092555966963,0.1246445195197447,0.2550636577492043,0.1136018831227059,0.4941019403302613,0.2548692240898889,0.8598563531838528,aspettativa
kdgdmz3,2,0.2941321650349663,0.6004451971548905,0.5639021576885273,0.5195047823618093,0.4690622262343046,0.5839583843335227,0.4794215996230107,1.258502587108364,aspettativa
kdc35gt,14,4.649175233563023,2.8817359357154038,2.1991372943425365,3.00356127394684,1.6321135181805495,5.4972869834023514,4.269612679180127,5.94038305440285,aspettativa
kd973r4,1,0.8122457837601171,0.2697319258510633,0.0792806383896726,0.0562077421243744,0.144257063872749,0.5973943908904275,0.3993194495273438,0.5808065482218446,gioia
kd90ka6,4,1.4761093848265767,1.3259944251885234,0.9347945792174371,1.0681427777488701,0.2754449182898515,1.554218962601098,0.7903701472235131,1.6336302754238048,aspettativa
kd7edlp,1,0.1632022532710889,0.1489801351688812,0.1514934240579396,0.2541691793629426,0.096052944240135,0.2798433528702824,0.3240730641792971,0.5259079788044576,aspettativa
kd72bvo,26,8.773477360957067,4.234038879145029,4.183796447643133,6.059402910702888,2.73105358691026,10.178574062357953,7.91205995785783,12.749094341529336,aspettativa
kd6qkys,0,0.0,0.0,0.0,0.0,0.0,0.0,0.0,0.0,neutrale
kd6q8s0,2,0.2865057564686526,0.4878670223655777,0.8807190886025911,0.8657461232525698,0.6238947813429381,0.4812093256069882,0.635911864151782,1.0632285500421836,aspettativa
kd3oo38,7,3.72846345844858,1.7743280376495234,1.5975929438452443,2.566354294294756,0.6378335290176305,3.2551561762421795,3.15955135470077,3.7638942912630853,aspettativa
kd2izit,0,0.0,0.0,0.0,0.0,0.0,0.0,0.0,0.0,neutrale
kd250e4,3,0.9893991771703915,1.2003763523946418,0.6262348195196539,0.8853878946488618,0.296232021828227,1.0140513632337775,0.7046845223652184,1.2531693813344185,aspettativa
kd1bz5e,8,4.025654969895681,1.772287087698281,1.294993928685777,1.0287570246884328,1.0157403978779977,3.6503721536928517,1.7595160537520713,3.6258494591468478,gioia
kd15m8r,59,21.85263152980127,8.610656245315345,8.334694523055111,13.29970245724643,5.297765073781586,22.54644875929874,19.20987550886234,30.139060973965318,aspettativa
kcxvc9n,1,0.1543719395435401,0.3620891846483073,0.1094844936887748,0.2518925832217158,0.0560300182290601,0.2692854719451766,0.2714607583248606,0.5465041829615467,aspettativa
kcxp0nz,3,1.5683128690003758,0.6530042469346207,0.4659507275472814,0.4284307548842724,0.396925508437289,1.3582907257818464,1.2681096427780307,2.04471626609429,aspettativa
kcxiyu5,8,1.9944294456697578,1.7330817580685676,1.133739699623952,2.5119449487475514,1.0347292559309604,1.5787498867282432,2.731489107441704,2.6090008884470772,sorpresa
kcx9lpk,0,0.0,0.0,0.0,0.0,0.0,0.0,0.0,0.0,neutrale
kcwrq07,6,2.3067874322987043,2.2153980232572232,1.9612174274505358,2.7182251090207323,1.4835358165173091,1.013529779895651,1.7868632406241247,1.4203856127778705,paura
kcwpdr0,10,2.902309021803947,1.6519298482069704,2.6281030099058826,2.5771418675283506,0.5288923467994688,4.112078964377918,2.0244691384657396,3.80109261860936,fiducia
kcwoohp,4,2.2148973581706004,1.2976277078007192,0.978794719655042,1.4645623014911475,0.5161432283500957,1.5338393342877334,1.5982783674957748,2.351373112949047,aspettativa
kcwhuq0,2,1.3533198346145678,0.3720662198931643,0.29998178942244547,0.40282495609504354,0.158407257940111,0.8377577147520991,0.6366837110256012,0.9565792442699234,gioia
kcwdqus,10,4.682666916533155,2.5570395906378613,1.9347617594774993,2.225504412719722,1.1108793577689406,3.6449668680076854,3.1033086333349007,4.8186823227615525,aspettativa
kcvvlvw,7,2.614189974143989,0.8889608423155486,0.889069269466503,1.7378062218973063,0.6221672113064466,3.258699985826533,2.588139904960919,3.4758083155339787,aspettativa
kcvtzfj,10,2.883054037062871,3.5163479680069445,4.03740448742437,2.717640857875219,1.8596255897874003,3.1663038132627674,2.1843482808465065,4.411469943127505,aspettativa
kcvtvkp,3,2.146515213688427,0.5763732290815852,0.4656598464026195,0.9032271739480533,0.360676424421264,1.75279445648653,1.5898627139430694,2.3504217969349743,aspettativa
kcvt0uh,4,2.081470017184235,1.519345666866776,0.9426368897603348,1.1811291725764828,0.7238875774661525,1.790925661330925,1.0704060143165937,2.089746561868706,aspettativa
kcvs0o1,10,4.186887603700217,1.9377841823954003,1.1683896027516671,1.9960874822392016,0.9413346388236603,5.256468488528789,2.8575047681719274,6.287506333818499,aspettativa
kcvr73a,7,3.441726689238341,1.2111463809234584,1.193747064260461,1.49405504913519,0.9389419833614132,3.010356153146772,1.7509013999279865,3.790115282145954,aspettativa
kcvn4hl,18,7.153797611828166,4.586998766783766,4.396117745561464,4.97335614290142,3.213632452844307,7.03376261543682,6.060335649603992,8.131521455978833,aspettativa
kcvia0t,18,6.71468164092283,4.5436669423813765,4.367731186629094,4.342413729380924,1.8958326347149013,6.879857136882515,4.999094533062924,8.0082690749501,aspettativa
kct21dz,4,1.677937892184282,0.4469104215361573,0.4049991046179634,1.5010366688109218,0.1668160838209511,1.4061596201164417,1.4729526092531526,2.6734308613558895,aspettativa
kcsogls,2,0.3902012807350526,0.2748531502184891,0.13137144623626248,0.4175489950206413,0.0720734769058815,0.6750181494780156,0.2679746808938616,0.7377079103049351,aspettativa
kcso8tf,3,1.1682925873657228,0.45272765231743617,0.5054057087337377,0.7978909956647515,0.26781303203598583,1.354416185367943,1.1929167875918705,1.5644151419916965,aspettativa
kcrjhtw,13,3.473821249135515,3.142944473905931,3.905410015496911,4.454958916294253,2.3191578544423823,3.653206567728521,5.146672416978577,5.401005507308458,aspettativa
kcrhyn2,3,0.638484357800014,0.7385209796118933,1.2166636750823945,1.3018906788802156,0.54309729835274,0.6390111833929002,0.9732742073162155,1.0225314807963088,paura
kcrdqfk,12,4.734420025833443,1.8105893723389974,1.4102502187510597,2.3150111332567067,0.8323791932976511,4.741407956151564,3.5624288684397443,6.574087439850602,aspettativa
kcqxhug,2,0.2521737341753864,0.4251327694529041,0.5513784849673343,0.3113975318121357,0.19013037394489138,0.3502032484857836,0.3128852641043991,0.6230853513091469,aspettativa
kcqk6m7,11,1.8270334535525663,7.046848721603735,5.627132803445981,5.886959965610829,2.2168162059951553,3.0431942907177314,1.7948835036414623,3.7039638087902196,tristezza
kcoyh27,7,2.5917909455213453,1.0551970734600866,0.6599937696228277,0.8099732899349168,0.4826470542795267,2.85910518160552,1.5504032875748655,3.9182998599873304,aspettativa
kcour9s,12,3.430316857941252,2.7489674965625777,3.4292130749829877,2.9142753598386424,1.5051021421397954,4.278130877465254,3.8353251561585253,5.541695972801112,aspettativa
kcnvbxk,4,0.5692483956160349,2.3177666571868363,1.2672459307845487,1.9428868694059767,0.3243045960231238,0.8841659953884737,0.9382627624480154,1.0206374548089387,tristezza
kcnofrf,1,0.8122457837601171,0.2697319258510633,0.0792806383896726,0.0562077421243744,0.144257063872749,0.5973943908904275,0.3993194495273438,0.5808065482218446,gioia
kcnbihe,25,7.693939947403806,4.173145239209446,4.968462355952506,6.585757995808215,3.731814783634919,8.251830965188475,7.847976288741098,11.798681750310054,aspettativa
kcn7glm,3,0.6018679789629048,0.8972095550054767,2.0125362023066136,0.8290063584029024,1.5851508612964835,0.4822954313564352,0.6609566721066593,0.8295770750192324,rabbia
kcmwpb7,4,2.159105328286846,0.48180387505712297,0.6924129907686306,0.6605719852545321,0.5812041847941127,1.2619146318686938,1.7392183600377038,2.0103359363105335,gioia
kcmjx7b,4,1.1368726387929577,1.5106009601455321,1.691520936553284,1.4640986817791433,0.6976951903085998,1.1626740156621695,1.4078356321820569,1.9117822057127332,aspettativa
kcmhq1b,2,0.7969371903936374,0.31625856688202447,0.3717362689034476,0.0930299652805193,1.055510341203373,0.5080001427915845,0.40399043635037624,0.6021958855167712,disgusto
kcm97w4,19,4.9270268794395164,5.580932540179907,5.492709777243477,6.117711702473323,3.452803319812751,6.022546260018183,4.620388275325592,9.019686874615939,aspettativa
kcm682r,6,2.488671627404001,0.44264873126242776,0.66913696558297,0.7363828623876614,0.5638428011472689,1.9494648166377448,2.502895628808482,2.678945089803609,aspettativa
kcm14sg,7,2.2639170288716084,2.8034082768068203,2.653688407106575,1.922712375692342,2.113823952894793,1.5273872187857327,2.8884670364206846,2.1467956116249174,sorpresa
kcknuc9,2,0.8353422360641798,0.9897800421912951,0.9939763883098242,0.8429966502294488,0.9025951910342922,0.6277875770072913,0.7267757188612534,0.6215783582901296,rabbia
kcknkzm,2,0.3919842953459315,0.938232258550698,0.5048277616916302,0.36639329799072534,0.0988336170732531,0.74576283733692,0.3091372942209054,0.9629690554473956,aspettativa
kckkqgd,9,2.4903323612232624,3.587886763192221,2.457817781648601,2.9250325419262913,1.379033982973045,2.0322509925084193,2.142421468568167,2.791481845612652,tristezza
kckgurq,3,1.1810072667380092,0.8964028732644267,0.4629388830686327,1.0147242076994534,0.4361434014330994,1.4702228568738294,0.6097864013851848,1.6407464693168008,aspettativa
kchpc0b,22,6.855674807994329,5.695831448852975,5.117408970484646,6.908275236434841,2.9120020279424788,6.677159682505407,6.267573868737865,8.849748333826964,aspettativa
kcfz7g5,0,0.0,0.0,0.0,0.0,0.0,0.0,0.0,0.0,neutrale
kccrcix,6,2.4174706950076805,1.2560026615800355,1.3112380013295941,1.6789615081925462,0.6807768822168454,2.4726170959000853,1.3263557728149142,3.065256007070401,aspettativa
kccfxym,2,0.28919065706534003,0.2886837081703717,0.2815684206527931,0.2942585251389483,0.2662751516624277,0.2845618408793014,0.2305988741435207,0.8946469514350464,aspettativa
kc8iwdb,7,2.9335330045255796,0.8338920932884625,0.801376765782917,0.813914530064311,0.7431211274525082,2.980601073903816,2.527991209789068,3.8216983377413616,aspettativa
kc7vzdm,4,1.087639863048026,0.1765760085076352,0.2295575579542831,0.2385579663799424,0.14884863105798699,0.7716772161261749,0.915985551604824,1.6862704999904419,aspettativa
kc7i1wp,5,0.5911188280346275,1.6893127458621193,1.9469860065035738,2.453389591826366,0.9752989440373662,1.0017473478663663,1.4893364375338085,1.609661572372833,paura
kc4usl5,3,1.0653644690594377,0.7776882883210262,1.222700291700159,0.9624061970651301,0.8898893764632043,0.8150764504782182,1.6480641240264675,1.006001533197071,sorpresa
kc4lsfr,6,2.672598270389257,1.118510313683178,1.546317827217949,1.4475216872020162,1.6309632677304295,2.1180926064282914,1.8148342503737134,3.0938581065685926,aspettativa
kc3mdlw,5,1.1500841316864585,0.9978786970204497,0.9184205150204195,1.5766826565924168,0.5897416910427498,1.8618121006136228,0.9311227240824145,3.140387661013876,aspettativa
kc2x2v0,4,1.015860617540606,1.009862086262868,0.5896141401982332,1.0216108464280573,0.5463989952188555,0.7097317432887038,1.0116673867770816,1.160253863020043,aspettativa
kc2wwua,0,0.0,0.0,0.0,0.0,0.0,0.0,0.0,0.0,neutrale
kc2shqm,3,0.39359422376835174,1.2670178595930528,1.5642026157467084,0.8860268687840344,0.9266908423961351,0.5118780782394488,0.8941725308203248,0.8300864109653,rabbia
kc2nuv5,0,0.0,0.0,0.0,0.0,0.0,0.0,0.0,0.0,neutrale
kbzoyjp,4,1.627775000271759,1.7804635693339534,1.2026309452304977,1.5507256391782276,1.056016692426517,1.295684165551012,0.91224348570938,1.5341531849199241,tristezza
kbzcgri,14,3.7582978802977975,3.6118051770329345,3.288912685622005,5.2940134732449895,2.0575040178032618,4.460065259406927,3.629076031997836,5.978048348718877,aspettativa
kbzbwq0,5,1.367899256728109,0.6366204493155603,0.848410066202668,1.4815915077011157,0.5935047260689487,1.5115936103610523,1.5247047194707093,2.592942145107595,aspettativa
kby4ehg,30,12.407065915106081,5.147321866308894,4.133316252260857,5.729857430320324,2.9599648498849502,12.240028205099293,10.20525652039075,16.100524265276345,aspettativa
kby1wwj,14,3.9739010330369906,3.2454156738362436,2.145341369421559,3.3496458801985405,1.630503748377389,4.205868332279405,3.567980029999945,6.522922355973016,aspettativa
kbxrfap,8,2.073364009970809,3.1959296999811926,2.3805141910226766,3.03066503542581,1.0868785572966428,1.6563608363399365,1.536501145006187,4.08152600575434,aspettativa
kbxqaxe,5,1.1140327357261348,2.6078068194419006,2.4367429134082443,2.16686988720424,1.2550247409987114,1.020350315753728,1.137718811869491,2.9308474397663145,aspettativa
kbw6cvd,2,0.5362083292248294,0.2438268899157972,0.1876276861392246,0.2956405464596487,0.0589935491166855,0.6499600586416596,0.4472562861072647,1.1127722335974828,aspettativa
kbtzpz9,1,0.4108163269670416,0.0763497176115635,0.0413722175881122,0.1317987165965407,0.0691086306421136,0.6185767231359387,0.4082266279126487,0.334878277013007,fiducia
kbt7byl,1,0.3172995668871612,0.3236873731246307,0.1272199993526828,0.1788908879124329,0.0422044522764953,0.6050061375126429,0.3673025006196295,0.7847433824901828,aspettativa
kbt4a6w,6,1.7527904836482808,2.318783539421004,2.4898245997703428,3.2757950217636758,1.5980613360833602,1.509978517091525,2.4980536719557476,2.5253764632789952,paura
kbswa5o,6,1.2164493559584675,1.0803403264358489,1.2887203310759048,1.7265176374203095,0.7678785150623089,1.705733471490421,1.356231040727297,3.3752209823079373,aspettativa
kbst4n6,2,0.709419053767322,0.3390952626971957,0.3471757041348661,0.3286513105218002,0.3628820958180235,0.9346900611400631,0.8928473355260107,1.1131294831645362,aspettativa
kblfkji,26,11.600654554116515,3.787616949412275,6.05246707609119,6.027421852086819,5.777299609676827,9.328922320854232,10.846014655806323,11.276611823420314,gioia
kbj5oa7,0,0.0,0.0,0.0,0.0,0.0,0.0,0.0,0.0,neutrale
kbj4qlu,12,3.5294160809746584,4.353265784708688,3.3964872867838833,3.4956068512561442,2.9617386648035953,3.8148064273897897,3.103525025743872,5.098660430291603,aspettativa
kbj2ngc,18,7.342262212098763,3.075386694252193,4.2820924427874685,3.858959038014926,3.542875621188324,5.3872838039255155,6.467931313012249,8.113617109667938,aspettativa
kbizv7g,2,1.1617951394938972,0.3089412094594114,0.2663046562243122,0.0988084285653213,0.1681183922066131,1.2028363851998507,0.4872314740080372,1.3631494987984956,aspettativa
kbix38k,14,5.146579595310643,2.5251486271546857,2.7794356200121517,2.9387831853765642,2.055117502136965,3.6831578972397754,5.232206960574296,6.368954620362189,aspettativa
kbitekr,3,1.1229998561073586,0.6164451532504656,0.7036145267167688,1.022181978626269,0.6722853154354052,1.2157703819061483,1.168219416889629,1.1121116023602802,fiducia
kbirmqb,2,0.9535740120500306,0.3106324710994374,0.115966120335492,0.2619366026150256,0.1707751757127928,0.8899054253410097,0.5972140442837994,1.5131453358892595,aspettativa
kbippl4,2,1.2245515203693678,0.1695153151856275,0.2531776677851228,0.39362028099445234,0.1106224821483413,0.872776292712451,0.6318661620753188,1.2157747189072567,gioia
kbipkjz,1,0.2811182097370386,0.1307115932541935,0.1622249774610122,0.220840124854274,0.0773604510390529,0.5424124801354194,0.1752665644940095,0.726054788069888,aspettativa
kbg7oqd,16,4.882814917114043,3.1287855673136984,3.6603031080616257,3.4367202829203087,3.586177896465446,7.756407710643348,3.917888435921076,7.982220256784681,aspettativa
kbfqcan,12,5.050992066929506,0.8187929031125345,0.49691178959257487,1.079363962596109,0.3240742712287025,4.063473277330249,2.9451166277836887,5.433700153985563,aspettativa
kbfo07z,2,0.1696662026877599,0.782479737223845,0.8013706313057016,1.1360683567258847,0.6676870785700129,0.48609150382766175,1.0728842646014551,0.7983735481968224,paura
kbfh28b,12,4.105238123757118,2.048897215878702,1.8270800005899541,3.2284413044428906,1.369190802932079,4.055253193678327,3.831029243496693,5.911975186946844,aspettativa
kbfb7h4,12,4.020872182542315,3.5035505761757983,3.0322209105781432,3.512564724930021,2.29512049833734,4.836389540089094,4.037231124787264,6.63367228617209,aspettativa
kbf91qb,5,2.838547696957944,0.6630529174280981,0.4933700419774584,0.8162600605327367,0.4032231396721871,1.8649513776175914,1.5291724050322852,2.7284061558062147,gioia
kbeaibb,10,4.139641460818675,3.3972108891081065,2.2440834503844784,3.651163594750174,0.8474715432782366,3.7691001004551365,2.745773113803782,4.162516166071252,aspettativa
kbe9p2o,8,1.2495458610374577,2.678051501379322,4.364975480131115,2.708426759711992,3.0509680569418984,1.6879814698933613,2.0169109171208675,2.4560111468475845,rabbia
kbdmhsa,2,1.1651451242743933,0.16258704341598568,0.3959287504090776,0.2173951405188379,0.33814087093263984,1.5728030455417095,0.61244966222919,1.2500456708055752,fiducia
kbdiq6o,6,1.937123831409948,1.2694722847577697,1.475299326141685,1.3090667465388517,1.0313499604627732,1.712273529835247,1.8286420301118733,2.9006019838922907,aspettativa
kbcy6a5,1,0.7173861750640963,0.2117665509511905,0.2496524008281182,0.1012438806362059,0.2059571560578009,0.4603066509970669,0.3389991773357101,0.4818661364720165,gioia
kbalcvq,7,1.2451226346667172,2.189344419752115,2.70444099585167,3.0676075581704785,1.7716399086106862,2.261418151102394,2.037926491564602,2.2240092156611437,paura
kbad9ua,6,2.68876873988335,1.7060935284875554,1.605710166598576,2.4042550669145313,1.0536048740767738,2.706039987028395,2.905648117862218,3.292781556274568,aspettativa
kb9wt0u,6,1.4141188229141695,1.3779950193056256,1.6559961772919807,1.843087711896559,0.9899743617120802,1.5355287297505171,1.5607943473928807,2.015411050099213,aspettativa
kb901q4,2,0.8389384579599578,0.8870294381376586,0.7061646185541257,0.4033731899575513,0.9217117983893657,0.786423962384532,0.5041309475652666,0.6944221932711168,disgusto
kb8xko0,0,0.0,0.0,0.0,0.0,0.0,0.0,0.0,0.0,neutrale
kb62gxp,9,5.361274465984679,1.2230685831848236,0.5289655856269042,1.0328755605635496,0.3771643497616605,3.8158185811420022,2.635954834863647,3.890697087529751,gioia
kb56zhb,1,0.3864486621209175,0.0311820567152035,0.0273214373332418,0.0422283885445451,0.0187543660721574,0.8554272146136424,0.3108144739907588,0.7353035938456278,fiducia
kb0llty,2,0.2147711157999096,0.7104567850535027,0.41049699486546887,0.8872320751451068,0.44950037607344306,0.23436050715871642,0.2814478887635685,0.40535244216558175,paura
kazeyag,23,7.983758580360337,5.849708449433709,5.320753955393703,7.090653673968203,3.5057812051683124,7.5428267120462795,8.822788694452006,9.449831387683517,aspettativa
kaz0yth,15,3.4335601281547787,2.9939909626622985,3.247087841242164,4.0995517929747125,1.7762470463370454,5.317600180487949,3.084246462174182,6.965486855928708,aspettativa
kayq327,1,0.1749018249139133,0.1624161969629645,0.0684162138132122,0.2194317552255087,0.1024203856244696,0.2013426461166989,0.2039310778328567,0.3881699914185881,aspettativa
kaybt3v,4,1.5246094901699077,2.3444670791791293,1.5427276869056479,1.8979196399463119,0.7691539181791354,1.9125065662206104,0.8992569793199925,1.2252494346562501,tristezza
kax2g2e,0,0.0,0.0,0.0,0.0,0.0,0.0,0.0,0.0,neutrale
kavm1ix,0,0.0,0.0,0.0,0.0,0.0,0.0,0.0,0.0,neutrale
kavie2c,2,1.0871694023741856,1.1142220041558049,0.5955973426640184,0.7596054147740096,0.49704788127503,0.7698389163903727,0.7555306739797878,0.9065819038548842,tristezza
kavd6xv,18,6.1002739234545,3.093409390320835,2.0315888567893277,2.838813712235466,1.3864583487446795,5.8179330630052615,5.844965480570101,8.223492882665006,aspettativa
kav74f4,7,1.9283062513818683,1.5946876388005093,1.280202272161144,1.6571245255254714,0.9619657707448757,2.7115634919793474,1.6883193422217389,3.860298431794403,aspettativa
kav5rql,4,1.0765531975368787,0.6454540915617981,0.8801963837442551,0.8549427934320719,0.41430231775919474,1.6469586180158655,1.2153755052449124,2.5085381115552985,aspettativa
katy0dv,2,0.9183108352760979,0.5760170507365827,0.6159721043870394,0.8789812332734956,0.6368500982236557,0.8234003981751212,0.4828059751644249,0.7496011162658865,gioia
kattbeb,1,0.1764340706145209,0.107535945723401,0.1055353729566803,0.1137679327586313,0.0965327859912984,0.1560522851989911,0.1532542548167732,0.3956330158269842,aspettativa
katsqr7,3,0.37860481127164697,1.7284133727740718,1.6353059558100582,2.4181669791915192,0.737144523435125,0.2687027785487762,1.0848328457937915,0.9275057729463297,paura
katrvqp,4,0.593586336359809,1.7507220251943365,1.253501366459501,1.3339332956536905,0.47696444034717966,0.9710655829911634,0.9146461052048116,1.1212614516567654,tristezza
katneqc,4,0.6873328019327654,1.7491086785221683,1.460081827346728,1.984387044502796,1.110725376808722,0.6430529503668412,1.3341999144734866,1.6083795414935402,paura
katltma,0,0.0,0.0,0.0,0.0,0.0,0.0,0.0,0.0,neutrale
katib5t,1,0.6200706765525433,0.2593605273702974,0.1254980084106473,0.1774465385840812,0.040727410306557,0.3038674083650775,0.1762446688548595,0.2492264734248121,gioia
kath6kb,0,0.0,0.0,0.0,0.0,0.0,0.0,0.0,0.0,neutrale
katgm9l,0,0.0,0.0,0.0,0.0,0.0,0.0,0.0,0.0,neutrale
katds3k,2,0.1437001782583024,0.2714370417863078,0.3379836081032146,0.3903361596148624,0.1798169211394131,0.1572522776815773,0.5151883117462928,0.5398290931571557,aspettativa
kas11k4,0,0.0,0.0,0.0,0.0,0.0,0.0,0.0,0.0,neutrale
kar24lu,5,2.420143403972725,0.8961564791446494,0.6194581757859801,1.7290599416687749,0.3030560125720691,2.64459167382101,1.7906970268405333,4.036604896674225,aspettativa
kaqhdiv,2,1.4874775082771376,0.6237521034736868,0.3474232614069536,0.3323144400395185,0.1094853835862601,0.6447209954817538,0.3266464657828856,0.4961885997225543,gioia
kaq8gny,5,0.9878665824203261,0.8328586005833825,0.7444783643150201,0.7445180702679209,0.40678037598679184,0.8514231885345923,1.4583913000247215,1.9339867409708378,aspettativa
kapsoo9,2,0.9743415108678998,0.1710724039577691,0.41975331593261844,0.1477596111516237,0.3315068316693242,0.9900705375354212,0.6744703689938282,1.1278393163646472,aspettativa
kapr1rd,5,1.864665320213211,1.0636172510318775,1.5859133693095784,1.4179988269993986,0.8952807186802471,1.2520499527296696,1.2296178131103481,1.8565215967648374,gioia
kapggr5,2,0.6682790715004312,0.0680618842762804,0.1068510702901358,0.1000168016472791,0.0493635443004774,0.47806307822968347,0.6860148360401841,1.0362408043453772,aspettativa
kapadx9,9,3.3540173523148598,1.0969326082494044,1.2158008808555045,2.0741452186855582,1.0216288383094767,3.001462114428406,2.429258469047079,4.998096117547211,aspettativa
kap4fmq,8,2.098994078443785,4.344246739317831,3.728205174574067,3.777322419554116,2.2115784822879445,1.2108438925588791,2.2986410689748626,1.680581762119254,tristezza
kap3xnc,2,0.6682790715004312,0.0680618842762804,0.1068510702901358,0.1000168016472791,0.0493635443004774,0.47806307822968347,0.6860148360401841,1.0362408043453772,aspettativa
kaoxyig,8,2.190916400691773,2.021383681227908,1.5539092427040484,2.3275847967736345,0.978000903192272,3.023146493361877,1.724007765963095,4.23153231046171,aspettativa
kaowkah,0,0.0,0.0,0.0,0.0,0.0,0.0,0.0,0.0,neutrale
kaov7zs,4,1.8207735837691492,0.5449605886436102,0.5907235293648371,0.6101820962114916,0.5555357691001768,1.6353604177795695,1.701210429787062,1.7432825210107579,gioia
kaou3s9,5,1.905837156698962,1.1646051813468385,1.2274508994113291,1.2673977878553795,0.6201284858577703,2.043860724789841,1.2224123879387374,2.1025616931058675,aspettativa
kaophea,3,1.2033349932937,0.41749911183759936,0.3888322015226723,0.8201564883933513,0.27550011810373953,1.5753788109476354,1.5940163965605825,2.491447042945387,aspettativa
kaom6aq,22,6.5666019049289455,5.113387404361269,4.45828528765299,7.386558499169678,3.117098797223878,7.830211393682934,6.989929377218312,9.816931172421027,aspettativa
kaoilmw,6,3.3053219428574354,1.7930615379787795,1.2115376667689204,1.8705008990743641,0.8190086444330087,2.524595976399813,3.008544215412429,3.27216297479357,gioia
kaobb1f,3,0.23572208597302452,0.44720792817508326,0.19844981494832448,0.3313944398779552,0.3342492816049944,0.8786250007383456,0.3201683876015089,0.7848873649238204,fiducia
kalbs6f,1,0.0815927646125669,0.3439042544124379,0.4747895499742709,0.9833850818022246,0.4590396089246055,0.0922267105741634,0.7572415317062301,0.3572310039236382,paura
kal53wj,5,2.0585093770111342,2.183352600783409,2.649062456275133,2.303607831607918,1.980557624128556,0.9016566626639357,1.4025118930457556,1.3938990804800784,rabbia
kaka12d,11,5.931831848095916,2.5197340944676547,2.466422827133386,2.091309229698688,2.031110809915488,4.065245960481917,3.4028753941420473,5.309042603412389,gioia
kak6gd9,3,0.9081163189026054,0.5900975208871848,0.3933346978672643,0.3987202673523365,0.5341999681985005,0.5730109054637984,0.5416244288656074,0.779188264789756,gioia
kak5rj9,6,2.2420950343692407,1.4259358468497059,2.0605941372710217,1.8814421395930188,1.0539539347576672,2.612619431929467,2.1674163508895328,3.264991932085869,aspettativa
kak4w1u,21,7.296685369021839,5.152049107977893,5.507459660230204,7.045807740794007,3.1137232822738206,8.701223424028752,6.450546231303749,10.216635316820005,aspettativa
kak3gsq,6,1.7735980837101613,0.9554904773386608,0.9252605284953603,1.4743650807803508,0.635775024566479,2.0133442885003037,2.200498328327587,2.4091700626324375,aspettativa
kak1c8a,8,4.143725152692313,0.9316396999911786,1.0231646341732887,0.6604693402013355,0.5404118323417382,2.3680751666879347,1.6045102627592587,2.6775631722523516,gioia
kajrdc5,1,0.4984600393189099,0.286525699486734,0.3235519593390228,0.2495905898170859,0.1054834258381455,0.1284526493913251,0.1854739506240662,0.2466185672471035,gioia
kahxx87,18,5.01935535040198,5.200003640219332,5.157133495633149,6.70188201291627,3.625926661830695,6.929899179398114,4.954452046910518,8.257849457704905,aspettativa
kahrj9t,15,5.668150903841396,3.102599722555006,1.9924567891462082,4.43300005085128,1.6562487032725672,4.620190132453409,4.0708980185823185,5.855603383017548,aspettativa
kah819m,24,7.109771538492496,6.266393409556364,4.570185983302282,4.128003191627206,3.7465210268866205,6.088189878063081,6.236509952945162,8.448564137007622,aspettativa
kafl387,2,0.9043519928495173,0.7069488211027044,0.6645290674513756,0.9005473575688352,0.4558396594722249,0.9325644420840736,0.8430086511632755,1.1430638228781675,aspettativa
kafffd7,13,4.053264255672452,2.794296673894756,2.324650478549745,2.302794052208955,1.373241394085445,4.202587219975875,3.562282962267873,5.096564865602125,aspettativa
kaeritk,0,0.0,0.0,0.0,0.0,0.0,0.0,0.0,0.0,neutrale
kad46il,7,2.2559387210153408,1.0448314630061186,0.7344517922228206,0.9481516868251696,0.6228712141928194,2.4740071699053066,2.09381179238082,2.4163564628494845,fiducia
kacf6ua,37,10.423692663583486,12.195230696209242,12.118175580717852,11.21989759900548,7.874584943135582,11.949098207535725,10.176969200454593,14.1728666462001,aspettativa
kacf5jg,5,1.3258249187277609,1.2539911680346683,0.868893041992497,1.7934601963991823,0.9553269736705362,2.4743627513801285,1.6020249035181982,2.318121124467384,fiducia
kac0g4s,4,0.2387537310818849,2.013369833731292,2.207538157566324,2.011858326829403,1.9842145778193117,0.3961654433620776,0.8280972673874979,0.5525828895113437,rabbia
kabmojn,1,0.7231114207223902,0.1941895529688852,0.0399323502919151,0.2058136020555456,0.030252916006101,0.7776216039098803,0.3937306487951594,0.946582741247488,aspettativa
kab7ixb,4,1.0534294597371359,1.3959710504511902,1.513464535335289,1.5196828487225706,1.2181777088462522,0.8286859146432028,1.1193264200679613,1.4476269346693837,paura
kab6l5o,2,1.0569041093045146,0.4934521655549762,0.2225668498454022,0.1266758083243142,0.4422036258830754,0.8639393804021572,0.7433265179037063,1.2269412555774157,aspettativa
kaazu4h,4,1.8878992405088704,1.2193614251156701,1.2338581242294056,1.3980001248615035,0.76746753074619,1.3233654109265627,1.254318775707608,2.1358383098994027,aspettativa
kaakuy3,3,1.395964013893578,1.0698412058371265,2.298179307531419,1.8650098969775974,1.6819773622489922,1.4979729629713154,1.519589323745329,1.173590490712439,rabbia
kaahcak,15,3.845321094263262,4.876606689236457,3.9225800522965732,4.570384659547604,3.1933255829321547,4.713824599841858,3.7617116924433724,4.954178895038077,aspettativa
kaagmxk,3,1.0813871525838534,1.0357440204277675,1.0995547705761983,1.0822618821623882,0.8545507345946943,1.3912252898237254,0.818205046780636,1.2730450843663954,fiducia
kaa05wd,16,5.400069723785194,4.511735269737368,3.4852444727815373,5.150834997606627,2.448153180239457,5.416692398455634,4.493179042173803,7.155090462906485,aspettativa
ka9uk5u,4,1.8912544160019944,0.9081494764662406,1.2370248451472787,1.7182003904387635,0.7934963554123449,0.9695352906999739,1.7562123998190886,1.2173246391718167,gioia
ka9re5h,5,1.9735184105634032,1.0017686039861389,0.7713812215454319,1.451666321540556,0.5361543063267477,2.1256427124715267,1.6131294077673832,1.9668927327740804,fiducia
ka8ksrb,17,6.471684156753332,4.321256430948179,3.153956535590025,4.004988970508539,1.8389897062743772,7.477680191695637,4.813324740611014,8.568599819656388,aspettativa
ka8hqsm,9,5.299610163730726,1.323818791235495,2.3074146120351307,1.7116342685468235,1.573178079647619,4.980847740988448,3.9269702407226057,4.939621436463644,gioia
ka7we2t,18,7.935451487046313,5.411353414384696,5.3532177867303155,5.374435629762795,3.1429195156650267,6.270390961880533,5.492193710522211,7.040805348729689,gioia
ka7w3bd,25,7.138798246145077,6.378767756216199,8.661144399720417,7.306342839326794,5.32362610875599,7.309486754125055,8.535093659270721,10.964401715777976,aspettativa
ka7q8y2,13,2.7490430267018158,3.52728232816603,3.9375874150801127,4.375754646540352,2.189912684040835,3.570437231150081,4.5240720767893015,5.043652490533492,aspettativa
ka78a3q,16,5.12080342567311,4.50848828939476,4.475649630458742,4.391755070249456,2.971838954809315,5.33180848369912,4.6309684207583315,7.573604730654256,aspettativa
ka72n7c,5,0.6918431723465462,2.3166733211239166,2.2604183178089854,1.8906882648604753,1.7725349969096018,1.1879674117302357,1.3711601382717915,1.2536144054788676,tristezza
ka70jbf,7,2.4932783781314174,1.144540472785893,0.645284835081012,0.9045791437870482,0.5022740803744197,2.7657791427888663,1.8431233799005757,2.318707813772824,fiducia
ka6xr4v,5,1.5671898655595666,0.8512807656749147,0.42875357102719236,0.717943020200753,0.3143445493314851,1.856317234186566,0.9860668919272901,2.289985917924306,aspettativa
ka6nh3m,2,1.20879721375062,0.2368409248047166,0.18706429221765689,0.2917689426244482,0.18008114532820158,0.7081063553801474,0.4989959318863369,1.098882146578785,gioia
ka6mgpy,0,0.0,0.0,0.0,0.0,0.0,0.0,0.0,0.0,neutrale
ka6mej7,12,2.8808712284400286,3.1281243037120103,3.6362433888526304,3.1520713919211136,1.1877934939053005,3.398018936815642,2.5430253904899036,4.011001961142596,aspettativa
ka6jv5t,4,1.0653567468857505,1.5460336502617669,1.4506657428958816,1.1872363139219444,0.48088706393552705,1.590523279324712,0.9170302989673424,2.379220976395948,aspettativa
j2d23tw,2,0.18286808984774727,1.0130873003758984,0.9546592406896478,0.49099502946479423,0.6727363836481851,0.3458959724381125,0.4156785830391283,0.8138657730716731,tristezza
j2d0e5k,33,14.268089632867225,5.067648364087224,3.889523772943227,4.4090515318389505,3.1469540250163908,13.217802372448997,10.612518842395549,17.072799030955323,aspettativa
j2b44ks,0,0.0,0.0,0.0,0.0,0.0,0.0,0.0,0.0,neutrale
j2aom5g,27,9.74715668931763,4.809027878465045,6.796633247900992,6.847095400301396,5.018392838109077,9.814491396186133,9.754293483223629,13.338798260955288,aspettativa
j29zk3k,16,3.470855093259158,2.7492825059381945,3.287225502133397,3.7617451516407034,1.9407903351764386,4.219020487280525,4.919329712103462,6.878972762394278,aspettativa
j283mhu,4,1.9665552135380198,0.9394802585150803,0.9471380817705497,0.9873159091499981,0.6016405629453628,1.8718814448470922,1.8667558768403139,2.5072059157350957,aspettativa
j23i33c,1,0.491206051511505,0.0795180007308878,0.0783679122863898,0.1315876031504795,0.0303839222828049,0.5088986808317775,0.375709129729264,0.6432814641191535,aspettativa
j23gaco,2,0.6386150544241773,0.2802355338430727,0.2718573602545707,0.2710051611165384,0.2583423193574633,0.8815504792666425,0.21957180792084308,1.1249563807890182,aspettativa
j216bye,4,0.9033428417092655,1.1189814490364078,1.044872813067499,1.589585255168298,0.6477676413334356,1.4465692193197373,1.371728520990822,2.244388389699249,aspettativa
j2153vx,7,2.8240327948081143,1.8767402871443475,1.6280506474099834,3.0858605544211715,1.0544979145939377,2.487915690851977,2.0493478017265656,2.3309512410806286,paura
j20iviu,4,0.8639302828719381,1.3855444217260782,1.5383772786170573,1.468066920424213,0.8999145892375083,1.796607758044818,0.9648774483514546,1.9124395271399433,aspettativa
j1zgxm3,2,1.2091610063977634,0.3767745009263948,0.3016828567567701,0.6049245989906133,0.12353671938214239,1.0613623852519578,0.9003860109715562,1.164662823814789,gioia
j1yu2f9,1,0.7581890917512405,0.1197741378975356,0.2398917193431805,0.1297795474209236,0.0748719738924382,0.4563980428707868,0.295514862939485,0.3213809927133043,gioia
j1ytox1,0,0.0,0.0,0.0,0.0,0.0,0.0,0.0,0.0,neutrale
j1ys4kg,10,2.72733559879809,3.2625408267748606,2.8364827732210087,3.035587482724555,2.093200834567172,2.213427193696637,3.7473314817599417,4.649302768122213,aspettativa
j1yel06,5,1.8256728620913405,1.1898406601383542,1.1210826047769171,0.9555264391555808,0.773829593783643,2.248269172553856,1.0328470683836688,2.0714606550565358,fiducia
j1y9wa9,10,5.470111089488876,0.8599807896578493,0.49294590898245755,1.0251860640497181,0.5139895478842486,4.075522574996146,3.9524163244800974,4.338702814791379,gioia
j1xvssd,23,8.290539625613821,5.453892167504884,4.896592275642034,4.909942470907337,2.7551532849071387,7.989373760295062,6.460064437067971,10.704241246945383,aspettativa
j1wj6jq,3,0.7071788808095835,0.2170782606423762,0.2895811287348995,0.2286876829803114,0.4548405924404864,1.3524796796095542,0.3483796348530611,1.4107162736838788,aspettativa
j1v5rep,4,1.3726781384810365,1.3487691100702688,1.0713154060935859,1.2340789259685607,0.6157347649191207,2.190021468876375,1.3370126869071215,2.3003790688344696,aspettativa
j1ulsjj,4,2.6183546616612263,0.8417187426095258,0.48504454963247357,0.6602277152032551,0.29382078001172096,2.086744738003405,1.6742660739402007,2.2956062898320777,gioia
j1u1z12,9,3.936775057216382,2.360788064403824,1.8606588466733351,2.900143448191985,1.0758331998446438,4.130229821796072,3.2394886490604646,4.996481273208395,aspettativa
j1tn8pf,0,0.0,0.0,0.0,0.0,0.0,0.0,0.0,0.0,neutrale
j1tiwsh,0,0.0,0.0,0.0,0.0,0.0,0.0,0.0,0.0,neutrale
j1rol8n,2,0.517582079788772,0.43516697905947865,0.39643961437863295,0.5395253711160799,0.26072884279332237,0.7264389467535759,0.6428892849000525,1.5161408237127292,aspettativa
j1r9010,1,0.2816399726206459,0.134334738958369,0.0388946210010416,0.0543709920634702,0.0302590998110782,0.2022984541056881,0.1907237950741784,0.4179740902942908,aspettativa
j1pl1qb,4,2.345119691488459,0.6957235384720923,0.533935779340906,1.0221226218600301,0.2694647980120495,1.8569278223361192,1.5905982133511487,2.2668908273283925,gioia
j1nun1z,3,1.6437088155624027,0.49442136806343795,0.3426727072861004,0.6868139544891437,0.4225731736994081,1.8365147161051694,1.2719323424141709,2.048271604176624,aspettativa
j1nen94,9,2.240025241899604,2.9688800115033573,2.0262173541665596,2.0584514510944993,1.3184192992293593,2.828959763311792,1.6845904763185322,3.4277931119516474,aspettativa
j1napve,7,1.4384122360490035,1.8480354402429873,1.192138008309007,1.9516979414598574,0.9142379547988722,2.0576472620159443,1.9535481859086243,3.089657091561082,aspettativa
j1n8yp3,4,0.9593394098595076,0.8311044256524989,0.5385670359752873,0.7880914280316995,0.3781174925700097,1.5767286083168708,1.1803418978590612,1.9275660225644609,aspettativa
j1lkcfq,11,3.1687505115622523,1.3137742404730846,1.0401173720223542,1.559381753709142,0.816637658816004,4.223964416062353,2.9560525184990922,4.98931104519219,aspettativa
j1jt7ju,0,0.0,0.0,0.0,0.0,0.0,0.0,0.0,0.0,neutrale
j1ig3u4,15,4.926559234863136,4.224936995725441,4.798739684936709,5.325468094749389,2.6968602000553012,4.404231385261616,4.666154324586421,4.8051244706400436,paura
j1i4451,7,3.025790938156045,0.9833857554428376,1.1039969290414997,1.429219602818613,0.7349903991705625,2.553048085215488,2.2477323455900797,4.309942270028634,aspettativa
j1i3po8,30,11.473749463812817,8.541302694947058,7.842945799659704,9.915661002490099,4.646604441712547,12.33330188919617,9.951633442328777,13.562820658296458,aspettativa
j1i37wy,1,0.7486864130074906,0.1936238175810461,0.0706305901386448,0.0496769905875874,0.0269377299838322,0.6036555975413401,0.3255894471113372,0.5139335567773327,gioia
j1hr9t6,25,12.132545287088703,5.057861310145532,4.423887070449153,5.606602926200072,3.8311930905008182,10.386079391160635,7.582783173161083,12.097696934973248,gioia
j1hpmlw,8,3.2009229764832035,1.4015240033173577,0.8868345614032914,1.3996457236770272,0.9801391159159567,3.097456940244038,2.4140039264761914,4.1236352746024325,aspettativa
j1ho4wl,13,4.155878908767891,2.1425517271598715,2.3389182307305125,2.78017912406807,1.954323058847277,5.153654349988641,4.2946904963706505,6.907131473397156,aspettativa
j1hknzf,13,4.523830424079247,3.121085365026249,2.4505532169398925,3.4868982047936994,1.5473384844265894,4.186391148991853,3.0990430543260197,5.1466190960818095,aspettativa
j1hdt3u,11,1.9474016525861393,4.314917897054672,3.8945711761684443,6.857662256006537,2.7216335251125314,2.5850092647951195,4.29495980580926,3.0002603669575185,paura
j1g8ri1,17,4.661455725664566,3.9240487550576217,4.98565218728115,6.177308821715935,3.2038737550119394,5.909272825782087,5.0848884916704655,9.67503238695566,aspettativa
j1fqh90,11,5.6825250010173605,1.901975084444917,2.156902166470128,2.5186374269099727,1.3911808949553885,4.6400819212262086,3.745170631908077,5.763547777755957,aspettativa
j1f5ey0,1,0.0316608079003848,0.3485053586634901,0.6338067671236847,0.3152046992426838,0.7460031454359486,0.0705802571709621,0.4566788864765883,0.0798866543263785,disgusto
j1du4xe,26,10.410506008092163,5.042398662376675,3.5436422542473376,6.783866657238256,2.840210557881756,11.416008683915782,7.985430300914047,14.025889816164485,aspettativa
j1d5ih1,12,5.444875703261696,2.837932235316956,1.9027943666699192,2.6045653680947045,1.4166012731863105,4.811376876668401,4.329664856173123,5.949199275202991,aspettativa
j1bi7g3,0,0.0,0.0,0.0,0.0,0.0,0.0,0.0,0.0,neutrale
j18caz3,8,1.932916384953404,2.5905657759717373,2.1056445778350623,2.702577558652618,1.7665777907968219,1.6615645400748458,2.145468959176314,3.481945715060399,aspettativa
j18c4d2,55,21.647142514216107,12.378007052798901,11.975285005090852,14.651931053832417,8.916889136403448,17.706696804210374,18.21505022032822,24.477793581804647,aspettativa
j181tp0,72,23.61597359370424,13.397194733914253,12.204483791724407,17.477409630335085,7.768469661508994,23.255928592906674,20.84527578089136,34.06324286603899,aspettativa
j161mk4,5,2.931233048539127,1.1116207348044753,0.5088829690637556,0.7615310104628324,0.3899015852604986,2.6197107072847405,1.0487242362916718,2.3184439547654003,gioia
j13i02f,1,0.3172995668871612,0.3236873731246307,0.1272199993526828,0.1788908879124329,0.0422044522764953,0.6050061375126429,0.3673025006196295,0.7847433824901828,aspettativa
j0ymklq,2,0.3276225683930448,1.0916247647809099,0.9981508634348191,0.9653554343932851,0.6653078739103978,0.6013553940795,0.42883780485081857,0.7267921584151771,tristezza
j0vx02d,37,11.446509653037415,7.014563887861937,5.030350174692208,5.46999938571128,3.573200858296598,14.529394062628317,7.809684941207993,18.501739443979794,aspettativa
j0vgbbu,2,0.7255625316594376,0.3682378515379859,0.29217560081840666,0.41312663467038546,0.2857056227153238,0.3302974700547675,0.898403240386123,0.675625579757448,sorpresa
j0tpt7s,1,0.915536273898456,0.2430061257845704,0.2086007714175191,0.2886935082950015,0.2716729622631888,0.6612630085526884,0.4030617626862169,0.6122027424688113,gioia
j0rtt8r,20,7.468277531774507,2.4705100637867554,2.8300244634641967,3.883058191302005,2.6674090558765338,7.113684309074159,5.19075055484655,10.597275393155067,aspettativa
j0p4n99,2,1.6271965847233731,0.5437679351893684,0.2246385544846284,0.2546329848152494,0.065376592002398,1.2688452316111176,0.5788248742561022,1.0197936172168505,gioia
j0miof7,7,0.4579946098490946,2.1930193664960393,2.3867189839056913,2.41857571434688,1.3236245016607735,0.719855339999586,1.247473891127321,1.365056113308858,paura
j0ljrvz,13,5.334450629201988,1.5506705451734384,1.415586486979546,2.2486476575161425,1.0750588464680593,7.0485996295286295,3.720998899951722,6.277727742352525,fiducia
j0kjxhx,4,2.02384184935025,0.6595860908192599,0.5912682729630533,0.6820868962621264,0.270418861974576,1.4087620878866065,1.8553262236181867,2.9546281952195894,aspettativa
j0kinsa,1,0.3858296699020023,0.0868707821135691,0.1666720967203978,0.0980629315171641,0.0779329008127293,0.5256668422158064,0.2667839760619929,0.3070874414570963,fiducia
j0ke4ri,6,1.348757908574831,1.5229921499012014,1.4753324997189643,1.5941309689315146,1.0015372260994342,2.2868285538212136,1.3884677970129884,3.2930237943579117,aspettativa
j0ke2dh,1,0.3771075230501666,0.3327313043418021,0.1367520219042984,0.5630496920513566,0.0886941092573921,0.5219728584753826,0.1790073622919928,0.8442363260158637,aspettativa
j0i04ft,6,2.645803531569168,1.3963024867499014,0.8416530337511033,0.72897959098617,0.32778681717074554,3.1850902795607183,1.8507179124216937,3.0542836638892115,fiducia
j0fxzz6,4,1.2158615607370555,1.1496236508897986,1.3527099087203107,1.9481243242032524,0.9672017530656134,1.6148592058371705,1.7847703540586517,2.098241107212504,aspettativa
j0ftcvo,6,1.882639431031392,1.8681350654184274,2.082961034852845,3.0500622501502224,1.5247991187899321,2.3776771840550692,2.977532046248938,3.226758434580434,aspettativa
j0fry9a,11,3.976458443141334,1.9203451432767689,2.107945024498288,1.7997238959830384,1.0999152312834408,3.3204214441462323,2.9924122920953167,4.151463778551032,aspettativa
j0fnzqf,4,0.9005607009491567,0.9633351204609737,1.1203258900393704,1.4553411752345897,0.997483151526171,1.244432151556878,1.0827926962519512,2.2838819877261387,aspettativa
j0bpt34,21,6.6773451765763365,4.88281574719413,3.594326015764267,4.580794259321249,1.501207803318929,8.715151845037909,5.715147304883121,9.746210540319465,aspettativa
j0awzz4,8,2.596279465861613,2.324645091228323,1.4630177156190325,1.9656104159744776,0.975925831059121,3.1000230096203722,2.210149856210967,4.094581772895904,aspettativa
j06lq6r,3,1.2910648018103048,0.620363308765616,0.6297909758049676,0.7961853372211718,0.48976972815958714,1.5333799235266712,1.5680586586960008,1.974201090984101,aspettativa
j05zgtj,3,0.46221415936273313,0.7784839397362215,0.2613125333678553,1.090927756023233,0.4564098391958601,0.5957428112291163,1.1563231835569074,1.7665342104388988,aspettativa
j01m85s,0,0.0,0.0,0.0,0.0,0.0,0.0,0.0,0.0,neutrale
j01h84c,15,4.626611336430858,4.354467669133189,3.552581102474038,4.042531306425704,1.9828072792638227,4.5894215189829985,3.636671277126798,5.474514248400136,aspettativa
izx5iug,5,2.085301276451498,1.2256305178790323,1.6941528527136749,1.325704940385882,0.8133743306464037,1.3805507032206683,1.8716077486836542,1.7723853570892396,gioia
izwsogc,12,5.940090335095805,1.2830985937773847,0.9582463079245624,1.6993180193270185,0.7869682339443642,4.8753762922571875,3.761300771634431,6.299844033385309,aspettativa
izwe4zp,4,1.9695651982128368,0.8823344674216498,0.6413815689293592,0.8883714498355655,0.2736606994233695,1.8683931473504887,0.9965036922727499,1.9674094765453747,gioia
izsix4v,11,4.234794196595551,1.8583394045246775,2.430527460040507,3.878379211034288,1.5508320389855865,5.69890990045687,4.136134130402674,8.42193198249648,aspettativa
izrnhcq,0,0.0,0.0,0.0,0.0,0.0,0.0,0.0,0.0,neutrale
izrncn5,2,0.7304727373847392,0.4283858176392702,0.3904127517171037,0.4507714457592906,0.2561168669388857,0.9670961249191474,0.719169399837734,1.361173761058347,aspettativa
izps8jv,35,12.816601273460044,9.972072698421986,7.948814085414448,9.323090225700986,5.906455902795801,13.122936043201259,10.448515709614819,17.73977397488778,aspettativa
iznusqk,4,2.531374127717122,0.6288170626269892,0.5559469056801107,0.6198846766261483,0.167875792530494,2.076482709276005,1.1150702620795465,2.042984483295096,gioia
iznp0pr,3,0.5886339411434972,0.8071813808318271,1.056927073168544,0.5611725008953256,0.3491208219411911,1.197231644578611,0.39536470054318,0.9249721773753974,fiducia
iznc5nw,12,2.928021706231583,1.614882540666036,1.6813387230751216,1.8431259368588466,1.4967564057206038,3.6215482650462794,3.408750320330653,4.446718286581778,aspettativa
izm2blk,0,0.0,0.0,0.0,0.0,0.0,0.0,0.0,0.0,neutrale
izkn5g7,10,3.885959804918696,2.078546878322463,1.483659497097387,2.2028406448302293,0.915188869942298,4.649105610975945,2.096769934239205,4.2506012293843165,fiducia
izjh92g,4,0.8390576537248591,1.1014282851936859,1.1591369813746328,2.115517335156391,0.8687274231303177,1.02411005767307,1.3933416316492049,2.0210984210268133,paura
izj0unb,0,0.0,0.0,0.0,0.0,0.0,0.0,0.0,0.0,neutrale
izin3aj,4,0.96335935695695,1.3611193157525894,1.5243477447499192,1.2342877751033767,0.8540454386030187,1.5259611335885865,0.37775657564741494,1.7282349775605719,aspettativa
izii45h,0,0.0,0.0,0.0,0.0,0.0,0.0,0.0,0.0,neutrale
izexuf1,0,0.0,0.0,0.0,0.0,0.0,0.0,0.0,0.0,neutrale
izdw2tr,5,2.4415910350598695,0.68858516558682,0.7539099927123916,1.0880422779492718,0.481639083874495,2.6653549242959262,1.8030222877733488,3.4748305804465067,aspettativa
izbylor,11,3.7039058251920034,2.70051729958567,3.183239192858792,2.955688061360886,1.862295123044629,3.637721705782845,3.4856822734997683,5.032912794023066,aspettativa
iz98kf7,15,5.167233135389532,3.8059418074982867,2.9574156648529595,3.457914702131018,2.0876039322219553,6.1593948864100145,3.452531824002959,5.186845920111287,fiducia
iz8zg4m,4,1.447358433895913,0.8545072294420062,1.019079377095073,1.247534390440843,0.6666197250631223,1.585764085317909,1.6921178240386023,1.6051595234625204,sorpresa
iz79txb,7,1.7142902169992964,2.60877005323195,2.5059568421906744,3.866718080455046,1.9451416131964332,1.7950351134948217,3.5248740834471306,1.3601371937602342,paura
iz5te6a,1,0.3454674422831104,0.1330266400503778,0.1341642807932478,0.4869863009725552,0.1203107118294239,0.5228827274281143,0.4507443450000482,0.9257031573714386,aspettativa
iz5iq6s,6,3.9288790398766738,0.3119344777337434,0.264687750513023,0.3689294491038178,0.4637678270784362,2.851079048746319,1.9603468573994243,3.1053740514458377,gioia
iz4cnrx,1,0.0629195627290807,0.0244451809469729,0.0166061596396307,0.0275166277257124,0.0108519281296478,0.2509562153422436,0.0545346083511368,0.160968932112141,fiducia
iz4c68u,4,2.5593888352610272,0.6160281283804496,0.6435950402120414,0.6579955662208368,0.5214006229770409,1.3938616818364769,1.301723737101423,1.6246176781670874,gioia
iz476jb,0,0.0,0.0,0.0,0.0,0.0,0.0,0.0,0.0,neutrale
iz43kc6,2,1.315316362498487,0.8375433485897006,0.3066746477179359,0.3291125707012394,0.362211658381078,1.0045944777253704,0.6642571771054648,1.3180656078708548,aspettativa
iz3oe4j,7,3.5174458892172047,1.4230848493260502,1.2515877668907431,2.0455847690871636,0.9692394514825983,2.4526037584069296,2.5724985809931558,3.746699352837581,aspettativa
iz3nw7q,5,1.6466840228690671,0.8675611259791874,1.585449682076221,0.9817695094686694,1.503426728195613,1.1276803644604718,1.3385981952568655,2.0664478983156216,aspettativa
iz2ilkh,2,0.6772143825620129,0.3150029270877835,0.4700938102934028,0.571959588929327,0.297877901298675,1.0188675306296164,0.7742953901627617,0.9225274440239969,fiducia
iz26lia,0,0.0,0.0,0.0,0.0,0.0,0.0,0.0,0.0,neutrale
iz224om,3,0.8089323488247435,0.9120878426721049,0.9101553823099842,0.7092309333683636,0.8828926648810607,0.5830113090296348,1.4802802788363905,0.8996561540339585,sorpresa
iz1itb9,8,4.386755964153181,1.3952251274951954,0.7007981813216385,0.7826172383247885,0.6590592743838628,3.0323920230805346,2.679057482908006,4.422941874610811,aspettativa
iz1gx83,5,1.966917099433359,0.645226554466597,0.6834706686639147,0.8396567031062895,1.2316363633780836,2.201815777544973,1.1937901499049008,2.1728898430241754,fiducia
iz19c6c,3,1.9684116691059552,0.30975617270562666,0.1609768483601443,0.192260147604086,0.3050989173038702,0.9220012418314051,0.9791224008997952,1.1620858095923334,gioia
iz0tnir,24,10.03956732746269,7.8297689451088734,8.112668154763789,6.353997320601643,3.2067573039635353,8.289585806537403,6.867353466362687,10.705322861491554,aspettativa
iz0h9xx,1,0.1198012671685162,0.1955554107462917,0.1184680241110367,0.1285705058688707,0.1026745346595451,0.1730837936073875,0.4212002839765824,0.2721651202139369,sorpresa
iz0f0d2,6,2.1741712908782573,1.1123775446117714,1.0038586815165103,0.8576007583968956,0.5381980595807975,2.377556400222095,1.7011245697217785,3.1769601383276087,aspettativa
iz07wg1,0,0.0,0.0,0.0,0.0,0.0,0.0,0.0,0.0,neutrale
iz04llz,3,1.621016504009585,1.019378645026307,0.8994654447113486,0.34819353615850857,0.3407615133213409,0.9691152634249893,0.9359929024780992,1.2035742035194934,gioia
iyzewrt,2,0.7074408225236887,0.35795777653027483,0.4183550597916628,0.5387899877284517,0.2470048427748614,0.9572246140389522,0.38249255771407964,0.8834040103294348,fiducia
iywmfgz,7,3.2575813420729527,1.4103214863059712,1.837007709232037,1.9117938975520237,0.6460281270246209,3.4196269001471733,2.4214131157091723,4.007694201024673,aspettativa
iyw7rve,11,4.3756023723123265,1.8629875377928469,1.5894261934756033,2.4638937530574747,1.247095676037189,5.739247517169558,3.2535109108060696,5.717985518335983,fiducia
iyswqg8,0,0.0,0.0,0.0,0.0,0.0,0.0,0.0,0.0,neutrale
iysbl2d,11,2.3633588332518287,3.497039763402265,4.327408787068903,3.9370918956941754,3.2355909232234903,2.4427861902955774,2.8011295998787173,4.481082939899616,aspettativa
iyrkgx1,4,1.3163728696636539,1.3466657411591383,1.8666231191987321,1.3305865887024613,1.019834271396968,1.6132357984691363,0.5468010434424613,1.9725449037158747,aspettativa
iyramrc,3,1.4662409245815253,0.34229088167798505,0.1891592179500327,0.1971895688120667,0.1228189740704623,1.6325645066652348,1.2489131935998352,1.9295477184775933,aspettativa
iyqgy18,4,2.6516090519195745,0.6614130148215582,0.5897278921826434,1.0078759182757842,0.3937510010667964,1.844434535873777,1.6820363195916381,2.6843457529269337,aspettativa
iyog6tt,3,0.4556931163693271,0.7046717106424552,0.5285332056769362,0.8766944609041911,0.41543411512060024,1.0833657721024885,0.8533661030191508,1.5965075564590698,aspettativa
iymuuk0,1,0.2392666858732342,0.3488678169083824,0.3120448394307139,0.3191838426088111,0.2257329446560808,0.45819744408737,0.3434602701084699,0.7178922969391934,aspettativa
iymf3ol,13,4.2957386714656005,2.4119364667917957,2.8089259708180583,3.6797814687196504,1.8390924081711606,4.19992519312825,4.310967405832311,5.7409099558357894,aspettativa
iyludu6,10,2.938503647263573,0.9338977742130562,1.2319339211379507,0.9914001820886601,0.8763377805664129,2.6132896070080567,3.237287106305441,4.960712113653144,aspettativa
iylp6it,1,0.0637602791245928,0.041363064156393,0.0339551727405881,0.1022462479841641,0.0246987306573465,0.2094781879313113,0.0799097654700012,0.3247469219446541,aspettativa
iyjzx7t,17,7.749023173877113,5.9124620600988385,3.6900803491106977,3.8782747377349858,2.9240103937011974,5.825370911439812,4.316174219667919,7.071557707271703,gioia
iyjj9kc,1,0.0774920415761115,0.58870319709539,0.5957262819990361,0.8134137803512574,0.4762459536288345,0.2088237257067463,0.317260363560896,0.28791112948844,paura
iyibni0,2,0.7370637080585342,0.3470558185750793,0.31140746120781,0.5474817919838314,0.2512210552523731,0.2534524911209652,1.0574931683780537,0.4844284805838025,sorpresa
iyhtc6e,3,1.7482875953072574,0.7781550675792799,0.8706505404986201,1.2280261702207063,0.6750161634367293,1.4350638725579654,1.26720572327512,1.5337896861894063,gioia
iyhpznu,1,0.0527183608253948,0.2586020013530186,0.3834278192896,0.5485703558946744,0.2026954997531613,0.1483178759087244,0.3831118167086995,0.3568184637509682,paura
iyhcc0g,4,2.210666410530152,0.7004720627953172,0.5489652768422634,1.0792022850099283,0.5373877058020192,1.9713332286724754,2.0070945285128112,3.0533703331998785,aspettativa
iygvyn9,0,0.0,0.0,0.0,0.0,0.0,0.0,0.0,0.0,neutrale
iyf6dzg,12,6.897343513953597,1.4418424348763033,1.261378789025991,2.0512341507320424,0.8430734291170674,5.530924227456422,5.173077484631349,7.316366098304716,aspettativa
iyex6nw,0,0.0,0.0,0.0,0.0,0.0,0.0,0.0,0.0,neutrale
iye51gr,1,0.0291366060114785,0.189759668906713,0.2075772571356433,0.1326264404737257,0.3272559128070813,0.0865285724783168,0.1192087246561436,0.0400826010291634,disgusto
iycxitw,16,6.188042419684002,3.396528576289765,2.6341130954587086,2.5539354959525227,1.4055471216011812,7.594044404827234,5.157384973148554,7.620842201879311,aspettativa
iycwplh,3,1.6411510435983425,0.37146419085075977,0.29177996314957233,0.1798516336734472,0.18809849629358352,2.076557302879907,0.9252277443960862,1.5686701893984227,fiducia
iyctica,2,1.082737767878542,0.1489303596267243,0.3455983076498531,0.1733054594009112,0.0984143798597727,0.6079010477101114,0.7152143193188518,0.9636479516840797,gioia
iycmlqp,1,0.55015248953781,0.0679800298099896,0.0347000149141835,0.0506597734070336,0.0241498955925445,0.7479623160562602,0.5814912826528427,0.5120947460314826,fiducia
iyciqz2,5,1.0776271423288186,2.03727739531548,1.9656619226213923,2.0310967302643057,0.8711868581047482,0.9787834298796201,2.061069901238335,1.661796996209138,sorpresa
iych8rr,1,0.8122457837601171,0.2697319258510633,0.0792806383896726,0.0562077421243744,0.144257063872749,0.5973943908904275,0.3993194495273438,0.5808065482218446,gioia
iyapkjh,4,1.594143929540729,0.8066172240755215,0.8361754115721728,1.6435111515580902,0.7002244441512726,1.2217861121145202,1.1652423591712733,1.259073516096778,paura
iya19b1,5,2.8795143941870376,0.4372541789291655,0.2399946095945581,0.3938935180966528,0.23335800910977422,2.391368245367009,1.7993915557948315,3.0662349273359424,aspettativa
iy7qan3,0,0.0,0.0,0.0,0.0,0.0,0.0,0.0,0.0,neutrale
iy7oz2j,1,0.0245210542010569,0.5958418088607091,0.7518369792480175,0.243872681814552,0.2443857739732601,0.0730296984085526,0.1034071551245573,0.151033630544755,rabbia
iy7mj2y,8,2.371079916835258,1.900366641091904,1.4810027658240312,2.0302368617472166,0.807229887705977,2.6636465987489975,1.9026696804195853,3.199748046986331,aspettativa
iy7mdbb,1,0.490813630683329,0.1183103498272018,0.0344917569568698,0.0504239191476498,0.0267360924089581,0.2841976036939436,0.2749735119192663,0.3478890874933228,gioia
iy7liay,11,4.511241160665358,1.5022764260135082,1.571295497764173,1.635530765670269,0.9979172097355409,4.433655114782518,3.547744395069009,6.110698430728803,aspettativa
iy7h6j9,3,0.39939740774214394,0.5606235034669486,0.4085199046379307,0.3606958927845224,0.3225870243150241,0.3989226381680807,0.28760508789458267,0.9387251835431012,aspettativa
iy7d3fx,0,0.0,0.0,0.0,0.0,0.0,0.0,0.0,0.0,neutrale
iy6d4c7,9,2.773894191031472,3.5906555808632863,2.289669769441737,2.109924610552225,1.1494031577519772,2.517547943953745,2.705986171429686,3.709292769344132,aspettativa
iy4c6lh,11,4.9274303611291925,1.7294153341337184,2.286576683262359,2.736917713197748,1.6608199117806406,5.42308938319467,3.4675331676898993,5.82246901141294,aspettativa
iy425br,6,1.6676316093893546,2.4792673832648995,2.0640563967722514,2.2454543669949993,1.5173475218812036,1.5875855536397605,1.6848207642305661,1.842960513857467,tristezza
iy3cm4g,3,0.9707415669358737,0.8536909184513267,0.7099625403554561,1.2187824590598517,0.5475237102012245,0.9105627583517685,1.2684887218917869,1.126122867039967,sorpresa
iy0myh8,8,1.9604976918347166,2.741077117195956,2.3069939141036917,2.7182605870158496,1.9453628021023994,3.0247501254868627,1.4412002694620791,3.522278683811181,aspettativa
ixz5pe7,1,0.1936357385100297,0.025658040985362,0.0172587047882943,0.0296436312950634,0.0118416945574608,0.6266439533668615,0.0654511559145805,0.3702579594560125,fiducia
ixynj62,3,0.7872817279453929,1.3252290112903347,0.8766086010857654,0.8762253512223611,0.4193158162559577,1.1270763043750267,0.8864305763603435,1.550481489197463,aspettativa
ixylp0n,21,4.851510488336503,4.579287284567984,4.007040926877338,4.684451946622805,2.659398981749579,6.405270593221238,6.439706523681376,9.844422317176594,aspettativa
ixwpxe1,8,2.457883328925049,0.8044734744768383,0.6507255747161479,1.1723784641727915,0.4948944628183432,2.6438951125737455,1.659618049015288,4.714385430730491,aspettativa
ixvexor,3,1.1831253040834797,0.233994166286779,0.5162275646616361,0.9680426371675921,0.36939761428380913,1.9619988182345411,1.0513677954796943,1.3790568496568467,fiducia
ixqe3jq,1,0.1284357310099174,0.0340001290756827,0.0320945011466973,0.0463791387422524,0.0218604980837732,0.2501787338280262,0.184906804551644,0.3927403619834348,aspettativa
ixnuu01,6,3.229285428424861,0.4551338460467621,0.5835672169749457,0.8420994319568242,0.4072312969736897,2.977111085246519,1.7367142941574647,3.4680529801758273,aspettativa
ixnsnvk,1,0.2506256038189899,0.0917016352659424,0.243839555940014,0.1160109982714614,0.0950205511926217,0.1540511255248839,0.5268402679867139,0.1552635129513947,sorpresa
ixmzq88,37,15.309562249534743,6.881614489798931,8.046865518581969,8.726689985386754,5.077334343145309,17.075853411073044,10.6523686789233,20.699764182684607,aspettativa
ixlno1t,4,1.713228885201484,0.9834031452297369,0.724007435301416,0.8964264630945542,0.73041243427362,1.835574284383104,1.9794934180638166,2.4526073842245655,aspettativa
ixhiq45,24,7.66601104620636,6.803546330070845,4.874589453964678,6.346664960803779,2.8730704490572507,8.495565144639315,6.4373888738468,10.266776057883739,aspettativa
ixh1lpi,4,2.2672167043108558,0.8575667683460325,0.47333387488198314,1.0914513715286007,0.27122321966258145,2.0865845063002273,1.5890319470842076,2.631432860284162,aspettativa
ixgofdv,26,10.775284989826648,5.4671399834000685,4.376858077228947,6.377824005061979,2.558790514444532,8.683042423576097,6.5589914341869875,10.926726633060504,aspettativa
ixeazqd,3,1.026578532738203,1.1684404973708267,0.9413450029410864,0.9305292836888915,0.5408641782607972,0.8481409775168273,1.168630327303467,1.8052313081183309,aspettativa
ixe9i4u,7,2.471959998432978,1.9008167315689548,1.3916441704409517,1.3541532036133455,1.140324267407255,2.7014590871834874,1.8279348181514008,3.9797134701233743,aspettativa
ixe4hv6,4,1.1200648504117896,1.4800555780736715,0.9030247448745911,1.0698596685850332,0.8160282237233748,1.052944739152508,1.4871999376533893,1.8161305285076024,aspettativa
ixd6hs4,3,0.2224641177094081,1.4066284408709815,1.2393735906789984,1.2366940210394017,0.9895810181009288,0.6714919114200248,0.7026309726291089,0.8102247024098378,tristezza
ixd69in,4,2.0156414867848897,0.7029831574543897,0.25459340397023633,0.636700433890447,0.2235062747129238,1.8576198416296497,1.0840079714681496,2.06066697639143,aspettativa
ixc5c1f,0,0.0,0.0,0.0,0.0,0.0,0.0,0.0,0.0,neutrale
ixa8lpk,3,1.1762884053519915,1.0990390168054005,0.7135234559864536,0.5483119776833969,0.3147089201110914,0.9907478112439891,0.902536017139806,1.1777278654612622,aspettativa
ix8xkmp,8,1.7385109379840484,1.9448974359687905,1.8168597416366359,2.4215317625893986,1.4383313731807068,1.7626221748145707,2.129078241447387,3.044483170133973,aspettativa
ix8pe2a,19,7.7172112130664265,3.6211317505950102,3.325605915526382,3.3081603240876225,1.838804512346451,5.293658786018919,6.047279318950448,7.896543799551231,aspettativa
ix8np4a,8,3.562439786087535,2.110835113720615,1.8432872833842242,1.729284137147979,1.269956347268695,3.687546797854117,3.0115294754681305,4.092111860094801,aspettativa
ix7p2ho,18,3.602914908201997,4.31878337407054,5.20092092879142,6.577180251571917,3.600528427503547,5.214238581789482,3.9120422407544013,7.854559286483346,aspettativa
ix5afcf,2,0.862409996493384,0.2043289773092452,0.2021673388423811,0.4297920417775921,0.106404879720982,1.0983560750095516,0.7812309266023314,1.7495533667880534,aspettativa
ix4s1x1,1,0.8122457837601171,0.2697319258510633,0.0792806383896726,0.0562077421243744,0.144257063872749,0.5973943908904275,0.3993194495273438,0.5808065482218446,gioia
ix376qk,5,1.4546429945442996,0.6518324124617517,0.3885195388638905,0.5057931830010601,0.3646622569551634,1.8191785592228256,1.3472812720112997,1.8902681787156321,aspettativa
ix33jiy,26,8.976422128735486,4.3576921040196295,5.320474912453893,5.344830299233377,3.3164636391747253,10.227749250421045,7.737011550177446,14.2847284265924,aspettativa
ix31wju,2,0.7292437179555004,0.2252217998657221,0.0941363624525203,0.23178248055627101,0.2426347314685892,0.7833200655309845,0.4193524462706202,0.9546244922661522,aspettativa
ix12hjl,6,2.3006849987943045,1.2063327111444901,0.6452027987714605,1.2464701888350096,0.6330809020649351,2.9314400234823212,1.6120204357896322,3.6255472755465488,aspettativa
iwz6fu1,4,1.815403396810192,0.6943371124425883,0.7539571862147477,0.7367837644745059,0.34573933772533716,1.9636014697614743,0.9597990811805954,2.281377423112686,aspettativa
iwylaxg,10,4.060342981889959,2.22092758260374,2.81699985683609,2.8456485519217876,2.264390893401511,3.5690936416686543,3.481642776795558,4.723340720782362,aspettativa
iwyec0t,1,0.102662930278619,0.1667445521776784,0.125311479320882,0.2709929837664215,0.2048461214992718,0.0871518901412714,0.1462626063511815,0.4023602630114148,aspettativa
iwyebub,1,0.102662930278619,0.1667445521776784,0.125311479320882,0.2709929837664215,0.2048461214992718,0.0871518901412714,0.1462626063511815,0.4023602630114148,aspettativa
iwxxmaz,2,0.6881991243179242,0.7817665789085879,0.809225344018775,1.1594878242988491,1.2344238708107955,0.330680080204547,1.061229564045428,0.564690577110554,disgusto
iwvjz9k,0,0.0,0.0,0.0,0.0,0.0,0.0,0.0,0.0,neutrale
iwvexi5,0,0.0,0.0,0.0,0.0,0.0,0.0,0.0,0.0,neutrale
iwuv8li,0,0.0,0.0,0.0,0.0,0.0,0.0,0.0,0.0,neutrale
iwuepic,5,1.6117993210239667,0.5548014144353933,0.5072114714161756,1.2093502065452588,0.4120071979214417,1.722244102827173,1.4101638997726047,2.1211699221082276,aspettativa
iwr6yub,2,0.7443320206234066,0.1336994120519819,0.1098154172187414,0.1692793949893022,0.0887007187513744,0.5781700440970334,0.40654931826787477,1.0409917504601744,aspettativa
iwr6tzi,3,1.7855751309494208,0.7229356645192064,0.3373114743028825,0.34049076145718343,0.3379327959061411,1.5604281550646282,1.0474614806594311,1.3326917944364984,gioia
iwr669h,2,1.138065780338994,0.40556736624312184,0.20923383480876762,0.28484514626203167,0.2259295743902845,0.8742938916496054,0.5438462367822732,1.2390744169743386,aspettativa
iwnb0zc,0,0.0,0.0,0.0,0.0,0.0,0.0,0.0,0.0,neutrale
iwn72hq,2,0.599886519773709,0.24733542608316061,0.4253769070081702,0.2131844092841004,0.9295215486048625,0.32179082485477517,0.37883981591343974,0.874218416886658,disgusto
iwlu6j5,1,0.5918741383981225,0.1215687761880416,0.1222816211126991,0.2199972885745859,0.0373516426163287,0.4990659386395851,0.493496931393324,0.7128748314520488,aspettativa
iwkxxqb,2,1.3512661246090474,0.5242610374069688,0.1810968947943726,0.588030624892597,0.19547446139957791,0.8586085345591554,0.8937356853747533,1.3544331948201531,aspettativa
iwkp36c,2,0.9381193089381296,0.2327619536342752,0.0786297017526194,0.4154828884688462,0.058572085606053,1.2032300709622532,0.5795364080092038,1.8553381252521683,aspettativa
iwjaptm,9,3.710545570458481,2.1025911062330342,1.2088698026358495,1.460779213608658,0.9859522669146474,3.667487572706972,2.371988877756114,4.057716545073656,aspettativa
iwipa10,21,6.61124740468505,6.581289896840416,5.672482577072279,4.802986916396737,3.240949414154674,7.280719552817028,5.839866134013375,8.6143014938606,aspettativa
iwi4go4,10,3.158289146081078,2.017777230493794,1.7883673498022359,2.659915346207303,1.3124873772215548,3.9769292084893477,3.1405278073069844,3.997465477203032,aspettativa
iwhx6r5,2,0.4942497393938131,0.19027934584646308,0.1891807168265176,0.36438523120946753,0.21550080479376818,0.8836702432671719,0.7283394253732141,0.9574264985994374,aspettativa
iwggp23,2,1.3512661246090474,0.5242610374069688,0.1810968947943726,0.588030624892597,0.19547446139957791,0.8586085345591554,0.8937356853747533,1.3544331948201531,aspettativa
iwg8cx7,6,2.090485595523859,2.3884412407235898,1.5764966938426095,2.1178624903606074,1.132986178022107,2.307279494381842,2.0691576124670537,3.1598040415124427,aspettativa
iwg5p76,3,1.457481914137059,0.33813655910192103,0.1860003892632648,0.15562605101771368,0.1930530618649814,1.1502720155225026,1.1095561772212048,1.7195643311385311,aspettativa
iwdlkd3,2,1.6107401625663913,0.3190570611395195,0.2889877991956239,0.418959210910286,0.37664925847333663,1.1836117525149272,1.0615338877888567,1.449069923203501,gioia
iwcj5nc,8,1.406116026011967,3.099664583311284,2.0964388475413513,2.020724100640447,1.033880303780655,1.7737750582208927,1.357681509802265,3.21080139994263,aspettativa
iwchbe8,3,1.2726538816465296,0.47729621830888386,0.47874127909426856,0.7399006898487094,0.3718998438832579,1.2680368568196811,1.1133776924970729,2.2925689099538795,aspettativa
iwb2id5,2,0.2734790178454122,0.586551657528948,0.778501634117155,0.503156709747869,0.4871208882940507,0.5378069279358807,0.4526959733811449,0.9597841347644013,aspettativa
iw7qeca,2,0.0699003541546912,0.7472999517305946,0.46923522481736635,0.9738155880832641,0.411945405788555,0.17510727262604892,0.45440412197657676,0.2352928316482001,paura
iw6yp2i,4,2.6887539131080693,0.5781577263532283,0.6409802031099726,0.7033135869052938,0.2405630882951907,2.1916010263800914,1.8649535509865327,2.206657801865288,gioia
ivxub6a,21,7.457874306063688,5.250248869628412,6.053282070209099,6.708927239616941,3.9067662352758368,7.715037432468293,6.311068405639572,11.287427988681607,aspettativa
ivw9bpz,6,1.7771966348140074,1.1849276427969142,1.349681127657603,2.1046177743872025,0.8802144671475525,1.7947820436977968,1.4950968827807964,2.427836186030687,aspettativa
ivvkg1v,14,5.885737157505174,4.747471058999263,5.364310348813188,3.150110990527125,3.3506764324035925,4.136396255776763,3.0113340153892785,5.159838783407787,gioia
ivv6a63,1,0.932246585360433,0.021062891514218,0.1289216294181039,0.0291575942902621,0.0163585736177216,0.3512688277492745,0.187936936699473,0.1781199290204508,gioia
ivtpldj,19,9.400608948932861,5.642338284718847,5.350763198951923,4.646621759176839,3.88254664081761,8.729636593549928,6.70711988220273,9.686851748123031,aspettativa
ivsy8go,8,2.814051976661162,1.3023293343260096,1.6023383637699302,1.872539442346923,0.8450098273530589,3.227388453030602,2.488817845126254,4.139278664661974,aspettativa
ivst4uw,2,1.2879037952117063,0.4508766619840524,0.4353294423994444,0.4345548745000952,0.117063000904606,1.5738113263176434,0.6906520389370977,0.9572825524468869,fiducia
ivsr527,2,0.066234852826176,1.172666938272306,1.1068491353854515,0.5976950970367654,0.821094994025426,0.2753874228989566,0.5987995289056922,0.2863592304115149,tristezza
ivsqedn,1,0.6959017462546594,0.1700499476057167,0.1737421222465581,0.5728155851465005,0.051253937532653,0.1513195661159534,0.3663455298420074,0.1462908757639475,gioia
ivsk21q,2,1.1255756986772036,0.2710701590244977,0.1414633671272395,0.4219875144512069,0.1672291286807584,0.9729106240698602,0.674515980050552,0.889954284030742,gioia
ivopjcb,0,0.0,0.0,0.0,0.0,0.0,0.0,0.0,0.0,neutrale
ivo970l,0,0.0,0.0,0.0,0.0,0.0,0.0,0.0,0.0,neutrale
ivo2bf8,9,2.90823071553827,1.8121051471770846,1.4785770651546084,1.355337865959029,0.9577985015249383,3.1373560506977674,2.4497729145585234,4.0634261628226325,aspettativa
ivo1x1m,1,0.8122457837601171,0.2697319258510633,0.0792806383896726,0.0562077421243744,0.144257063872749,0.5973943908904275,0.3993194495273438,0.5808065482218446,gioia
ivnymef,1,0.1460044543838765,0.3395278958318025,0.3316971668519367,0.1447569431821757,0.1278387586997774,0.4900153204355377,0.1318321274271831,0.7477985946101481,aspettativa
ivnwrca,26,7.620846752399773,7.259947294301907,8.896640707573692,7.020606706420368,6.346750416913318,7.9919725787590865,7.400329169674987,11.764260370336547,aspettativa
ivlttjp,7,1.7944597858352342,1.365722923540343,1.6448415645899286,2.479186908435066,0.9657596817941478,2.3924125018507976,1.5506215949926647,3.9848020045863044,aspettativa
ivkt4wf,0,0.0,0.0,0.0,0.0,0.0,0.0,0.0,0.0,neutrale
ivkmb0k,8,3.2401851950560494,2.034883478431998,1.4071573814794316,2.321980980938089,0.8353630504292204,3.5585078173217024,2.936392945609331,4.458602376272368,aspettativa
ivkcq6f,1,0.07688435662382,0.6141995910532007,0.205760625100166,0.4993601410841125,0.1162911328492111,0.2123584796309918,0.1903258820859115,0.0936723022290584,tristezza
ivkaqdf,6,2.62530977691575,1.0188286946530227,1.4279589596476387,1.4623680854354393,1.829969222367147,2.4633824267269695,2.0530433306824802,2.2810321064790946,gioia
ivjbr46,0,0.0,0.0,0.0,0.0,0.0,0.0,0.0,0.0,neutrale
ivj36re,3,1.2274808629516023,0.8005493957258356,0.9472533219671816,1.0339808810340707,0.6032340525077757,0.7511196532082794,0.6360508427525742,1.4503404094511665,aspettativa
ivea6n9,4,2.5457743619736357,0.6134526565275186,0.7348402892747644,1.1285578336822584,0.427493833157794,2.1068412271870534,1.8823877398705084,2.6724140960360554,aspettativa
ivcjjct,18,6.378962445082963,5.529577798258104,4.152199343264306,4.796904002547697,2.66075136497214,8.503937993875915,5.212903818531954,10.26196020641677,aspettativa
ivc7gpb,5,1.7958018170654517,0.5734031307242531,0.4513578535230423,0.600767173650423,0.4008510605862045,2.1498681666639103,1.4872674713233378,2.6852475353768255,aspettativa
ivbftf9,1,0.8122457837601171,0.2697319258510633,0.0792806383896726,0.0562077421243744,0.144257063872749,0.5973943908904275,0.3993194495273438,0.5808065482218446,gioia
ivbd1nv,27,6.737192801553877,9.54789164987792,9.685578458668752,10.466077040231687,5.783410249448973,8.219421445632047,8.631892612199382,11.237817727514733,aspettativa
ivaovad,3,0.7132718794380444,0.8991637927617204,1.721387590123812,1.275446091303243,0.8772004655039993,0.9206479199231024,0.6550049576020094,1.6034300270749862,rabbia
iva8zjf,11,5.005428590817279,1.7048244987939631,2.078224114485742,2.27344502119794,1.1034729672544485,5.159307818229008,3.2414472385000943,7.547869678156827,aspettativa
iva6s3t,6,2.6214332180411475,0.9695313745732826,0.6804485796458158,0.9216951654499728,0.4770915345197575,2.874405929770952,1.6428388843197346,3.585343490900354,aspettativa
iva3tic,9,2.844975005963632,1.033877019355976,1.4212846814593727,2.1201991480455193,1.27012447954443,4.540809259281829,2.301627980670407,4.4628799115018625,fiducia
iv9vcpj,6,3.0845298721017915,1.2914770237753523,1.6303784776826438,1.0500386222489821,0.6833734434798107,2.482131903579007,1.8782602446978383,3.245119354124434,aspettativa
iv9m1a4,8,3.0152311995012404,1.1184393584569525,0.5978325153711467,1.056161411887663,0.507614810865661,3.733487980492149,2.172608123714684,4.8190754432670815,aspettativa
iv9hry0,15,3.7578679691384003,4.122352939595479,4.16816198837624,5.143959936956676,2.517381271085515,6.160670361069904,3.944031636612071,7.336279627230301,aspettativa
iv7n62n,2,0.17599972633446362,0.6294991889618146,0.7840627998112584,0.2908503133107442,0.2668138183652783,0.2483938858341872,0.2640920680225243,0.4412570139568805,rabbia
iv7j0ci,2,1.3236372472608562,0.3504047467923105,0.30250648522476176,0.2129669352613271,0.2250249133018018,0.8477820694510392,0.5623082531062196,0.9981314571918711,gioia
iv76y79,0,0.0,0.0,0.0,0.0,0.0,0.0,0.0,0.0,neutrale
iv6r12k,6,1.389472969265813,1.2057059388225635,1.2060309795477608,2.366669664441486,1.0290221766168306,2.2739128645084294,1.4123614826466446,2.492499607903491,aspettativa
iv6ik3o,11,3.615523343899346,3.8232616742881564,3.1882546239153307,3.780520932505787,2.1502687414438224,3.51091065505386,2.7476185473572663,4.687552808734521,aspettativa
iv6c40k,3,1.04799323361192,0.39010696428793135,0.3197520019363739,0.2841274521224073,0.2515666378043648,0.8936246290022789,1.1604055773244686,0.9988847988448273,sorpresa
iv61fzw,3,1.1781527786498367,0.36331156843442874,0.5691503694477918,0.4605462612408589,0.4183243432256392,1.2570312456621686,0.9310656923114389,1.4567037251684316,aspettativa
iv5eqc9,2,0.0475321252880689,1.065993467589533,1.2357457381828,1.104651335786062,1.012871555380452,0.05888914122890661,0.5927647254765976,0.077427693296023,rabbia
iv50kz5,4,1.1198255204861616,0.6654946274928011,0.4771308091012694,0.5209395450632196,0.1874851995252512,1.6045288515050014,0.8602347579041169,1.6771831620657525,aspettativa
iv4w6nh,10,3.3695238741839244,3.717408365856741,3.22690529306302,4.463050175944385,2.1895317654815867,3.5382291165735045,3.4689857034202882,4.108604152509011,paura
iv2q0oi,24,8.39754441866171,3.7667706053596692,4.950181717844647,5.126098731372337,2.407767635392267,10.10273370992683,5.771474982254059,12.847953904385093,aspettativa
iv2nfs6,2,0.9666177233036573,0.6318211104993706,0.18876513207844742,0.3081003253460902,0.2002870821018091,0.866679862835604,0.6707802078522044,1.1273107311833912,aspettativa
iv2l48f,6,2.6395384634048513,0.9010238487969578,0.6232294295696221,1.0952797376728856,0.48172143583548216,3.016606796265575,1.868846994924496,3.2041968074889438,aspettativa
iv29c83,1,0.3189792560797572,0.1321745121888416,0.0855025926724447,0.0583736953548239,0.0334903060825822,0.2966895458183026,0.2318130783071201,0.4486042240213678,aspettativa
iv1wanj,9,3.58438714773165,2.1608383853158384,1.9051643886536607,2.5493130032270455,1.2772037357388566,2.519419327941387,2.2739160916407375,2.9913288816846713,gioia
iv0bz2o,1,0.3817468070885657,0.0344321975231212,0.0378966036281519,0.0930387715621401,0.0272100952347627,0.1463749231515758,0.3538720277127928,0.511244948526134,aspettativa
iv075tc,10,1.9671504450885355,4.003819520381486,4.226855396118498,3.52014709754876,2.079895069460273,3.032807481077241,2.2051792088982634,3.7708204304614688,rabbia
iv0428g,0,0.0,0.0,0.0,0.0,0.0,0.0,0.0,0.0,neutrale
iuy5ecr,0,0.0,0.0,0.0,0.0,0.0,0.0,0.0,0.0,neutrale
iuwqysp,3,0.9348756560164677,0.657695148482761,1.1493768188242288,0.9322232544757323,0.5557720035643627,1.2611674557807866,0.8298495626628224,2.0710737097004763,aspettativa
iuwn29h,0,0.0,0.0,0.0,0.0,0.0,0.0,0.0,0.0,neutrale
iuw9rrx,5,0.8817577214613923,1.7198975898341256,2.0306774745258998,1.401574516110886,1.431693389315993,1.425240648889777,1.1731763473775465,2.1005523854604697,aspettativa
iutvl1z,9,4.031343858725232,1.4524441684060867,1.4228002801567512,2.440675917428293,0.6588821211432757,4.759671402119067,2.4675180290063845,4.99605682629615,aspettativa
iura46l,4,1.6179103452958596,0.7207902412206558,1.0771185155506584,1.1011735003627772,0.9263129113937255,1.6925489016227357,1.5477301357555848,2.0991697083294483,aspettativa
iur38q1,6,1.489440907332372,1.3986830454437746,1.1328038473451143,1.8326836820432695,0.9699521302397508,1.8203283079891528,1.7825683660220788,1.7674279745042865,paura
iunkd8o,0,0.0,0.0,0.0,0.0,0.0,0.0,0.0,0.0,neutrale
iun6pmg,5,2.7269119176634184,0.8404360146015907,1.0086227822277563,1.4769045089155584,0.46802252362962327,2.3471808573499713,2.270240666274758,2.818352863094702,aspettativa
iummwbc,3,1.4472495906802127,0.3983861126147133,0.39235425165229887,0.3576738335378127,0.2454245896554369,1.435007287693706,0.864923373993193,2.168387348750662,aspettativa
iuip9uk,0,0.0,0.0,0.0,0.0,0.0,0.0,0.0,0.0,neutrale
iuike45,2,0.6129277707607247,0.4517770071914293,0.2258985562243825,0.4003220541530784,0.1433403996770881,0.7651653527776409,0.3422066653868961,1.0986623019562238,aspettativa
iui16c8,2,0.083359331862037,0.826147073764919,0.1758388978231184,0.5690064254210976,0.2391501617761202,0.1960970560509702,0.4239538634928482,0.2924203171041858,tristezza
iuhilkb,0,0.0,0.0,0.0,0.0,0.0,0.0,0.0,0.0,neutrale
iuh473c,4,2.710165843683222,0.5323099833915662,0.6309429730172555,0.6827378029407444,0.6073433750302875,2.6220293664496452,1.5539398244551776,2.8057366889983126,aspettativa
iuh39b1,1,0.0376064588177501,0.5098450678516995,0.8502769737739184,0.6532339044940412,0.5819112976705934,0.0858573866885121,0.4278451370632186,0.3153209667829703,rabbia
iuf47qc,7,2.403140175912539,1.870776029785941,1.0767767707161593,1.3465835830870982,1.1041569946856147,2.883062453499345,1.718545805377429,3.2165459354855876,aspettativa
iuemotc,20,6.2715861922527685,4.488569885431312,5.658625654062231,7.102447914514597,4.605979488753618,6.782784506525422,6.308879968512924,7.965929586484086,aspettativa
iuec4di,1,0.6384274551844,0.2639387201678063,0.2650153447235557,0.2755925877381425,0.132857448845815,0.305804540746218,0.3883888434492385,0.4886010547567518,gioia
iue5nks,2,0.6304946864331096,0.4771519054242,0.7249389293856106,0.5212503509277961,0.208363391833841,0.7303339436725228,0.7903995065463599,1.0384410839628537,aspettativa
iudz2y6,2,1.0946685798790843,0.46260374687701816,0.9110693908177672,0.6166114824309421,0.4909902223904233,0.715725656392745,0.5839950289924927,0.5123171224740319,gioia
iud1g6z,6,1.9274035120378934,2.2972790338269036,1.8593190108806619,2.403691056701318,1.650145215336058,1.8586833596785568,1.9212261764356224,3.115172843928963,aspettativa
iucex8y,3,1.6135160394633448,0.4755331910739501,0.2558287754503205,0.34413304542723655,0.1229666626340379,1.7214390025602717,0.6624961005251196,2.0002570436944875,aspettativa
iub4gmr,3,1.2610128203015045,0.7115659281019988,0.525657403464509,0.6092361072354333,0.33997785118149637,1.3596012785138725,1.2188911238790792,1.5566676732884268,aspettativa
iuazuc5,1,0.0279488802008445,0.0642585758690019,0.0683038072419824,0.552020302207024,0.0970688923715316,0.0875198084657868,0.111842608873636,0.1784984536558548,paura
iuaupqe,7,2.2448097246124132,1.4058499474274648,1.078719069675384,1.3621084361804756,0.7508584730289501,2.8158087047196654,1.875619792758948,2.756062851412472,fiducia
iuadkg2,1,0.4576666435084211,0.0363063479818934,0.0741589601380517,0.049295270579596,0.0657707337099217,0.3147601841693287,0.302974181428926,0.6492879914014871,aspettativa
hqepe44,2,0.5250737283203907,0.83623562193133,1.0383682006962813,0.4417180671103398,0.5639120710152543,0.3746445732553826,0.3800694289989603,0.4044011515920467,rabbia
hqb5uwf,3,1.8271041977203666,0.6867527526774474,0.5901955795541423,0.7166725320481324,0.3678633619321336,1.6344871141137634,0.9829492413613141,1.608040333324032,gioia
hqau7p8,5,1.4074078440929707,0.8851714058632006,0.9170291080374109,1.183446132078323,0.5856097816812164,2.2949521749510358,1.6254499548271761,3.515771112929122,aspettativa
hpuzdh2,1,0.911481543776514,0.0402584049822335,0.0435491443310902,0.3148032756070763,0.0685280419012462,0.3308419679182869,0.5864906264316987,0.7928088801990709,gioia
hpt9w45,1,0.9529486901440332,0.0294555287271313,0.0292457614000175,0.0803140014977662,0.0215328709007375,0.4837111171411705,0.4728981826783085,0.7226236064426508,gioia
hpt0ps9,4,1.7481889863152862,0.2259575768404096,0.25213453541119357,0.43274927282036046,0.164520508236356,1.9601255656079923,1.5619196835521547,1.950317746867063,fiducia
hpsvjop,7,1.3290221990332833,3.8085524986273414,3.0421846563654866,4.506870619699902,1.3582127712937655,1.8012047556994726,2.208127690401671,3.525611638210828,paura
hpsuq2j,18,5.671797186933022,6.127097744177092,4.648874428466929,7.876036690544683,3.563450399718835,7.019250881270581,4.88021505209835,9.407911348046678,aspettativa
hpsugdt,2,1.6219048411923511,0.2657589862512881,0.1802317404068991,0.2543137684604386,0.09258384374314889,1.4812045584468385,0.7573373242455712,1.0491365129693608,gioia
hpstyxp,2,0.4664566885300804,0.35357312541932895,0.4517465196463459,0.5817565593091543,0.5438195135130459,0.783580686403115,1.3115611357842742,1.09059304925377,sorpresa
hpm7o7a,2,0.1339486375835758,1.0744137812317902,1.5048685428287705,0.7204459581794941,0.9109608285380243,0.18997464790507612,0.4506421215859305,0.3537554732271548,rabbia
hplzdvd,5,1.5084915795458356,0.8407693684537233,0.6794246966920369,0.7655955356992863,0.5559360070006825,2.0523091559460007,1.2469105079442793,3.2569299580001,aspettativa
hph4j30,14,3.524233351511412,2.3882651511758186,2.68656128563776,3.13156789011047,1.801651159636412,6.368889635801174,4.92184952647602,7.444890034545044,aspettativa
hpb0cxz,2,0.6625942454997661,1.1761598579163381,1.0319881826036155,0.7025183335630718,0.8241989603459678,0.340727289150927,0.5292016443620551,0.6778586974589215,tristezza
hp4zq2q,5,1.4763316544504723,0.6626047223911399,0.8881471739133268,0.8452785623485495,0.9518837460436556,1.41349826483292,1.9844422862473032,2.3567884840141358,aspettativa
hosr491,9,4.27156977012061,2.6830772222753887,1.7823975747363996,2.296269058777625,1.8551954404098963,3.0787538831407057,2.8011993869952305,4.86832765721219,aspettativa
hosftbv,6,2.7815744232837085,2.3678197982458795,2.6832732812879456,1.3100507177292058,1.4500831746447602,2.172983508731328,1.4315248997901469,2.210941426351733,gioia
hosfab4,2,1.1601945994428537,0.4667263654884833,0.3518869828732487,0.3591615744949413,0.5696195242735151,0.9278079980644182,0.7470688310625795,1.2583374498243824,aspettativa
hosebpi,4,1.8032983060150212,1.1317362008914515,0.8962815894560562,0.7798195221796574,0.7201001873667332,1.237717366287265,1.6008648951531883,2.5710020517268224,aspettativa
homu22x,9,3.219797165648142,1.6399740595201489,2.012273210116053,1.7144199479106765,2.0613936730162234,3.150363678341118,3.091264815915829,3.1077526940596973,gioia
hojadih,31,14.988371566230782,4.559102470634022,3.7621642912734035,4.681730334086212,2.8195201090909525,10.575533774441627,9.321801605988638,15.124939148155583,aspettativa
ho9w1rd,0,0.0,0.0,0.0,0.0,0.0,0.0,0.0,0.0,neutrale
ho06ffh,2,0.8460282039865301,0.29901751711764846,0.3524268120842115,0.453339308395296,0.1291957472550172,0.5698577970588365,0.923704946485737,1.2121979168262962,aspettativa
ho031hx,2,0.7687276471632843,0.5458511133354781,0.49674926358534444,0.7303337687861868,0.35327413781638195,0.4082559888285537,0.5249643512679133,0.6385176669728643,gioia
hnzxnf3,3,0.78935432267678,1.1356978022720219,1.2478102952388825,1.008547305583372,0.8714028552437383,0.43813767364850426,0.6271160415441669,0.7467553574203815,rabbia
hnpdom1,1,0.0267771262358671,0.7386669298603894,0.3917021029352495,0.8449456843494025,0.1171281092096807,0.0783452594279943,0.1468517751336761,0.2023165066312356,paura
hnmky3e,4,2.1232406278894773,0.5975753084044403,0.4329736004148461,0.4942838779793116,0.2797801216243549,2.201254592160719,1.2593006768731032,2.4239517852979136,aspettativa
hmnecr8,6,2.682433580876638,1.6170857512402594,1.5759319546185562,1.7821054475438263,1.6198446686669685,3.4616275595245636,1.4344402868961852,2.731904048232754,fiducia
hmlf55e,6,2.624173113662935,1.0613295373635758,0.6434061704555933,1.004022790994096,0.6299335508879935,2.411810183062171,1.5991818384063294,2.8506224190788343,aspettativa
hmldd8q,8,3.793253999176364,1.2328069536761732,1.216126699823446,0.9660575974679025,0.5078852732650996,4.317614988649071,2.02404538409765,3.512689044508626,fiducia
hmkqp7m,2,0.7584643698947512,0.9316292634540058,0.3587671276827264,0.41919629137297953,0.2240241983973805,0.511936677356286,0.6438689399057611,0.5743833996367341,tristezza
hmkpws1,2,0.0594897992450552,1.4127477304564013,0.8490962785278944,1.2966135960225247,0.6797990092134332,0.1827790110608896,0.7956766257144345,0.3781047459458263,tristezza
hmjf1va,3,0.6810043430029276,0.7365430690629696,0.7475384872799327,0.5531785272130956,0.7955809255113222,0.6776575765555354,0.7240386940778919,1.0486255998512326,aspettativa
hmj8urx,17,6.3520862765173005,4.931896278669551,4.388297590656288,5.317053819256921,2.7285546866549795,7.957622842593711,5.691072863700277,8.486423236182176,aspettativa
hmf4s4a,12,2.276635204869222,2.741109977897661,1.8290314646036803,4.424463401078459,1.6049361261848047,2.748293684583045,4.0040877747035255,3.901726294954118,paura
hmdn5fh,3,1.199392891974246,0.8158321027839006,0.30136436809447964,0.8276972558074784,0.38414285659023295,1.2183256463440268,1.062040726273816,1.652719864145376,aspettativa
hmdfdpe,1,0.8122457837601171,0.2697319258510633,0.0792806383896726,0.0562077421243744,0.144257063872749,0.5973943908904275,0.3993194495273438,0.5808065482218446,gioia
hmbuou3,0,0.0,0.0,0.0,0.0,0.0,0.0,0.0,0.0,neutrale
hmaa5bp,4,1.4475128575632223,0.983908059777741,1.5275142812314833,0.8897116212443854,0.6062647329036106,1.1953749158380915,1.0238526243872108,1.826647832096207,aspettativa
hlvbwra,8,1.1940336435510197,1.515755238191639,1.5716946324078818,1.8174730098418799,1.1111975645506285,1.429170764272654,1.1969144569080952,3.208880913232072,aspettativa
hlu0avk,3,0.2739556972826091,1.8865884182022852,0.7110482726291244,1.0347624510108557,0.5543201239886104,0.3519912265076413,0.37827050094006864,0.7666441041067349,tristezza
hl124hu,6,1.501795095181793,1.7317473857777037,1.304850189644463,1.2479293019975914,1.413740352110629,1.676440137604167,1.2059784540520215,1.5037907660189473,tristezza
hku54al,5,2.0329443275308954,0.7758889153647386,0.7081479281584495,0.5045798532776009,0.2659669265499757,1.060824318653118,1.7231775469753303,2.01733224608991,gioia
hkmp998,1,0.5842229269743571,0.0794204131798764,0.0327438756266514,0.2141681982389907,0.0271239340853758,0.2722457577321826,0.0966641348088027,0.3716699462693208,gioia
hklpzda,99,35.98272613250546,23.3563293998354,22.803096183953546,32.704854165475936,14.979801863972705,40.77011642554178,32.92460427949549,46.086945012224525,aspettativa
hkg0zza,17,5.432758025799519,3.771717024542872,4.48966740283883,4.5545135794422045,2.7276616081064757,5.443120554020644,4.134572405238355,7.795499909576594,aspettativa
hkcafv5,13,2.7552594071928285,2.159579768174128,1.4003359808238078,1.9699809193810365,1.1053393573948371,4.050269991494401,4.371020322216979,5.050081065911311,aspettativa
hk3c45b,0,0.0,0.0,0.0,0.0,0.0,0.0,0.0,0.0,neutrale
hk2euv4,2,0.1477316760648102,0.5748364505213507,0.5375967415779159,0.7462456321081454,0.3073280403070694,0.33035028114531095,0.5368757488558127,0.3628348502072848,paura
hk2csjw,33,10.113859383247483,7.867442669753108,7.422760603175934,7.101372152348487,4.943320987176248,12.238945505106543,9.368804512394004,14.691306760542524,aspettativa
hk2bhib,6,1.9134185858900454,1.342915132610211,0.9618868406310641,1.1767369471294225,0.8794915769067673,2.1950977050008995,2.152031654325292,2.591429144377523,aspettativa
hk28ydr,9,3.4997563605477024,2.960347802210982,1.98239684743667,2.2689606195331216,1.0062952064043071,4.712963869715413,2.921172045699739,5.02717771326047,aspettativa
hjzxr5k,3,0.7675767997578935,0.9722126132906079,0.63904103940345,0.4132542611321577,0.3703580071406935,0.5091579013861058,0.7749531633053446,1.159269800692685,aspettativa
hjyns6n,2,0.6344312448016497,0.4628295046416647,0.3061649199450875,0.4874127509979452,0.2908651512224336,0.9614026733214964,0.7134619819378349,1.5817802796408438,aspettativa
hjymmg0,4,1.002462319094929,0.7531671763389607,1.0159661352070932,0.6852420959862422,0.6769375009553835,1.0312321669992044,1.0207876876911497,1.6464107203495402,aspettativa
hjyhgfw,4,0.5545358304555115,1.5460080299021102,2.1268570171459946,1.3263005014238887,0.9681672349569692,0.9166415975725752,0.6849987534199506,1.5726987324431763,rabbia
hjxvgb4,0,0.0,0.0,0.0,0.0,0.0,0.0,0.0,0.0,neutrale
hin2u78,1,0.0316608079003848,0.3485053586634901,0.6338067671236847,0.3152046992426838,0.7460031454359486,0.0705802571709621,0.4566788864765883,0.0798866543263785,disgusto
hi0ooip,1,0.5250656511562843,0.1216486689782939,0.2014796831475023,0.093041617195012,0.0724948237520102,0.652018389544338,0.2578661109415458,0.5271313799279111,fiducia
hhm1reu,6,2.0826457453608507,0.9424697013588773,1.2271833178385456,1.3801908684503352,0.5927821487433215,1.9737424520988396,1.3322996935538827,2.417195892133745,aspettativa
hgz8o4h,2,1.2305811044090584,0.2963625300803803,0.1089093548023218,0.101265683955494,0.1656383192944996,0.8344230136837388,0.6834605064797598,0.8561626225349898,gioia
hgyfuwc,13,4.328197697936484,1.9427878689590687,1.9122457865585487,2.4201917316461925,1.1954736066756584,4.441584730627861,3.9528740560777003,4.996652237746359,aspettativa
hgiimjy,5,2.0450258400033974,0.4875927946169741,0.4670806583285861,0.6877576323541681,0.3836577246983399,2.086521604164165,1.8214458633106374,2.097128072630161,aspettativa
hg96thy,14,5.45603080437819,3.7176838004793376,3.6633079580921013,5.7946583785026675,1.943959959186539,5.03149544792982,4.976540281930313,6.104543768374372,aspettativa
hfq6k94,4,1.225158673640203,1.0887147079314523,0.9890826562238397,0.7309018516194528,0.6231805568901081,1.2851945176223103,0.7644724138778406,1.6532994022594265,aspettativa
hfc1ufo,5,1.9938282874071989,0.9549653940930419,0.9845653299262312,1.364248572235243,0.5766073816142661,1.4955300246286432,2.712385818393974,1.8727357315817676,sorpresa
hf2mefx,6,1.979896397197689,1.0596201048175022,0.766869867462651,1.5667665080152127,0.6615764471547064,2.881679536031613,2.268390293723476,2.9269250061292817,aspettativa
heql8kp,10,4.553980008747286,2.1201083826664973,1.90860619741035,2.145587747035045,1.2952137920076605,4.502269532511074,4.164303201418986,4.760854292332066,aspettativa
hekkb29,0,0.0,0.0,0.0,0.0,0.0,0.0,0.0,0.0,neutrale
he8u9us,1,0.4046580839623897,0.0860148214016276,0.0796262204719621,0.2175974328830074,0.0320867869588431,0.4766727973235841,0.1785340901151619,0.6507297787386479,aspettativa
he51l6d,5,0.31260422213762207,1.8089183996834994,2.302892394104937,2.73220356367721,1.8222706673034639,1.0312864861716946,1.7539952943262824,1.3653695788246045,paura
hdb3g7a,67,23.635276402511963,14.400795192918213,13.494329322497519,14.75013601579358,10.454659303284151,20.16707885962314,17.99653910482952,30.07082738867267,aspettativa
hczodxi,14,5.718285354047292,2.4684571212996738,2.200739544480654,2.7514237645746737,1.2841468327599401,5.295827345858,4.631486842714575,7.449410702451669,aspettativa
hcxftxn,15,4.8077051114174525,4.389454947599647,3.968749342143863,5.137884744057982,2.4947368251688586,4.947486345625498,5.221026375656785,6.5948996112760945,aspettativa
hcup3o2,3,0.6952562366323376,0.8392033688322738,0.8768337742876936,1.2625026853754626,0.4833990307728739,0.9510097707079843,0.7377069421599551,1.0720087518344616,paura
hcudtp7,11,3.01120477277103,2.011461551929639,2.7730503511479716,4.060454034055559,1.8431615747338406,5.110735669968661,4.964146300812591,7.238974907388762,aspettativa
hct3ikw,0,0.0,0.0,0.0,0.0,0.0,0.0,0.0,0.0,neutrale
hcazqrw,2,1.1324208195318408,0.2442717288032406,0.189266656451041,0.30146087639630503,0.0611318908615429,1.0307689490124123,0.5793211614610698,1.6317061504981711,aspettativa
hc7eo5w,4,1.384416255032624,0.5926243503447767,0.41699394892684283,0.6041978518347225,0.5664414587369921,1.46905759384695,1.401523828428472,1.8420989254272389,aspettativa
hc78e1b,5,1.2536321332294371,0.930244528720461,0.968241332680953,1.389736249810154,0.8095470604962004,1.964578761484272,1.4107498434124248,2.82767018315104,aspettativa
hc74662,8,3.1930471724894516,2.3482686516243767,1.6855941549037439,2.282418295095472,0.8694196952168988,3.0865650348811537,2.585286587097969,4.793016360191541,aspettativa
hbi1let,4,2.042581161867983,0.834675139232965,0.849123187640411,1.1769690058499056,0.7766980630913994,1.2185478825533402,1.7791545866460485,2.0387130697807794,gioia
hbf2hil,14,4.355384297203242,3.500968696275721,3.035145691674823,4.036759858977151,2.2240684300611937,4.609576930321735,3.212460666470065,5.6126143509959725,aspettativa
hbf1sle,16,6.659294358537718,3.1331680503876895,3.285669749295442,4.014135334565542,3.4531053106664475,6.886477812816405,5.825553722537276,8.580490654013467,aspettativa
hbavpsu,2,1.847782859258889,0.2640690172987884,0.337522400835623,0.3178511025852636,0.2880315358809104,1.0125318363019629,0.5909986993856899,0.7903226714892622,gioia
hbav25h,0,0.0,0.0,0.0,0.0,0.0,0.0,0.0,0.0,neutrale
hawkigc,4,2.324483932161007,0.5525387283472329,0.3937301076237823,0.4246899180433062,0.24154259180597448,1.7038625754855352,1.8265547662714336,2.8613108138693315,aspettativa
ha5kums,3,0.7511618659285628,0.3085149081505977,0.3561954610106016,0.4353908416054192,0.1627613532430606,0.6641086146400574,0.9361534516993215,1.2040822470321892,aspettativa
ha58ckg,3,0.7954965159437188,0.20516840466345698,0.3784677362593944,0.389703711152772,0.148032342848465,1.231562426121104,0.8035575967069145,1.3498301113468931,aspettativa
ha50hrv,10,3.4114138550272344,1.7236361961300875,1.6102253997635454,2.4563814880008894,1.367765572074639,3.0344422395508563,2.8391656496509814,4.364143411708474,aspettativa
ha4w6d3,6,1.250437812108451,1.1205065940463212,0.9072978132864525,1.3443644921865265,0.661121295738504,1.7830287088747518,1.0198891484456896,2.4584755828545255,aspettativa
h83xfxd,5,2.49014950438195,0.7526224134502679,0.5827136231720162,0.8257810550874198,0.4924589841810808,2.0800826624257627,1.5257116880022195,3.1524025318968363,aspettativa
h7y4i1p,2,0.2542052202515371,0.4751278376737823,0.5302985812760638,0.2561816807198992,0.3218745809889012,0.2784893699502976,0.5056578269059282,0.462127628747244,rabbia
h7y471i,1,0.1456186390093474,0.0849441007428503,0.1618503962280578,0.0956858663002623,0.0349016827689479,0.1346316586156562,0.2948728616974633,0.7275060343872652,aspettativa
h7xr3zf,2,0.6739509003494484,0.33410504551367537,0.29889202909119367,0.2403983795682041,0.2400470127932558,0.8395272683793794,0.7935278028338069,1.4376097658753104,aspettativa
h7xoo1o,4,1.8499553893108098,0.8657036624314269,0.614024476339998,0.8784629252456494,0.43722163489476595,1.6657149906141702,1.1347224470460482,2.278847344226336,aspettativa
h7wxkz7,1,0.8165258604758333,0.2387883767642901,0.1973057848313267,0.1642847207888017,0.0354501218261462,0.5929367900972122,0.2494280657571991,0.2785427690919845,gioia
h7vmbnj,0,0.0,0.0,0.0,0.0,0.0,0.0,0.0,0.0,neutrale
h7uls20,0,0.0,0.0,0.0,0.0,0.0,0.0,0.0,0.0,neutrale
h7slatp,7,1.9211107070620308,2.0356175275317314,1.6236464953643188,1.7634602831756472,1.2647870239409706,2.7723162299536503,1.7765955006329381,2.95264349721652,aspettativa
