comment_id,n_tokens_matched,gioia,tristezza,rabbia,paura,disgusto,fiducia,sorpresa,aspettativa,dominant_emotion
kfr4gvl,1,0.4806718433421521,0.1276958885754493,0.1164599780853773,0.1123585560734897,0.0574189038745937,0.7211511241407771,0.3345301864696532,0.484801040693481,fiducia
kfq697r,0,0.0,0.0,0.0,0.0,0.0,0.0,0.0,0.0,neutrale
kfpcdso,17,7.089502542294682,6.731030360151838,6.35537873716643,5.895395136914217,4.273480404945681,7.7707128318278125,6.867817216454548,9.023166766218432,aspettativa
kfoa815,12,5.623954746138733,3.700597203082118,3.6516572809465973,2.804055817491969,2.9719952373229037,4.889911149630697,3.9101288829834417,5.31108019447905,gioia
kflfo20,4,1.3891944624582029,1.2110730648230283,1.219845132354269,1.5325880589128265,0.8542762372738468,1.3486517336295785,1.414986172599052,1.5759469146411542,aspettativa
kfjtpno,7,4.700755359401093,0.9092321075858065,0.7245496142803816,1.0716320852180332,0.435582046291125,3.2264009872089474,2.51509399024079,3.870433820892921,gioia
kfjo89r,2,0.9647974602544814,0.6695866460161484,1.2553806018469866,0.8339681250406847,0.9068423857275598,0.8075677383033291,0.747994566350987,0.887926470894229,rabbia
kfjkz54,2,0.6807867968014079,0.6752144411072538,0.6630407431293379,0.7459910178486795,0.5313941172182634,0.9948765434295452,1.2044914558751645,1.640678889605188,aspettativa
kfjb6p9,5,3.3028365751149527,1.7050672572310255,1.3425667881723953,1.1880063517409045,1.1594236378356468,2.1813532241434976,2.165002950693613,2.2299847037910707,gioia
kfhjw1h,12,5.061140602911758,3.2169114011415396,2.9575123673066477,3.486201832046754,1.8818297510679962,6.059376084225857,4.672365118909597,8.1958115966378,aspettativa
kfg9ejx,0,0.0,0.0,0.0,0.0,0.0,0.0,0.0,0.0,neutrale
kfg2t5m,8,4.304315362320377,2.216188422582726,1.9379681868162526,2.0096107452260936,1.3783691277175631,4.229382270547517,3.5799119266488972,4.671946158990266,aspettativa
kfeav8x,12,2.7279208951307528,4.391384072048524,4.398428488801934,6.597082487073157,3.7891997288450425,3.366753904859919,5.02557773254661,4.797588616520661,paura
kfaienx,18,5.093534180822363,9.070493760348812,6.031169035015281,6.749762165077131,4.393979290845491,6.592634739639315,6.598834613545401,8.907760135548656,tristezza
kf9kiqw,9,4.543576583890662,2.901125109036704,2.7775650002922454,2.881099431735105,2.3462069983789466,4.457766474956497,4.395798245123604,5.273916746504072,aspettativa
kf9i1k2,2,0.5732363379961941,1.2766574231066383,0.531462945714062,0.9315547978712428,0.3959561880786004,0.9496296175553236,0.8040399294484658,1.3601385923540683,aspettativa
kf8t1mk,10,5.407998431931725,2.468566679644627,2.1005127278690034,3.3275581689439004,1.5123142549615138,5.6647701414735,5.054436962761458,7.181156435093854,aspettativa
kf8mje4,12,6.272491421545424,3.3708513993486737,2.921025254122191,3.2744264706635713,2.0656423669768116,6.268265071994622,5.797882245177007,7.148569302722186,aspettativa
kf7b780,13,5.075853542890956,3.0365567782834986,2.9239372761740148,3.551331085635384,2.937707345041478,5.361414137643505,4.90087188458694,6.042659900878581,aspettativa
kf6ucwv,13,6.042857610035111,3.3140916685065256,3.3124995439969727,3.3002292283208186,2.3387219739849896,5.950061653748508,5.741559806029629,7.167895556792663,aspettativa
kf6iy6q,0,0.0,0.0,0.0,0.0,0.0,0.0,0.0,0.0,neutrale
kf6hubm,8,2.362627634597076,2.2251921584497474,1.9008316265932228,2.3783624922447593,1.5331131785607293,3.266217360470995,3.1854137384940517,4.091853870273198,aspettativa
kf62drr,10,5.207247483049944,2.277555752451145,1.97455910627683,2.244430721817924,1.7043961750432233,5.31303556207717,3.4774812128748738,5.914398329819262,aspettativa
kf5uyek,11,3.8948875362083237,2.180059118151671,2.1686221270373314,3.106737825103311,2.1418605872331713,4.414400411798275,4.357316482307639,6.01209275900925,aspettativa
kf5j69m,4,1.9343224920061288,1.4025677794538791,1.4069314239938744,1.1275971622993073,0.9248859659626955,2.114601973037446,1.7233659779895645,1.9627726279457764,fiducia
kf5i77k,0,0.0,0.0,0.0,0.0,0.0,0.0,0.0,0.0,neutrale
kf5ezaq,12,4.465261400310856,3.575857668932822,2.669533585329429,4.32862627952519,1.9484305547338874,5.710418279072826,4.810067126135531,7.808618862034602,aspettativa
kf4tb50,3,0.68642693541853,1.135366480318504,1.2789186846607656,1.1582328358773664,0.6932927044138627,1.0766543957688515,1.1220685974968947,1.483146555348409,aspettativa
kf4o0dh,37,16.261924604802847,10.779196851661775,10.310529531582503,11.111748444174356,6.07956559076333,18.124469629433385,15.54312548155962,21.564140178853446,aspettativa
kf4i5lj,7,1.8498244793271759,2.067108235042521,2.1980513659628365,2.717183088741404,1.3944311388620567,2.7485420251505692,3.2347288125718507,4.079898506569502,aspettativa
kf4h4gs,8,4.071134909498209,1.4840587784528427,1.965647580253547,1.6198989195089675,2.2280744579888423,4.102445282813179,3.569802415769556,4.067699906937573,fiducia
kf4ef9e,1,0.4690998806909136,0.091612466620806,0.1361350325264628,0.1122062493493501,0.0614378614710992,0.3956755273906729,0.303865049446105,0.5854134885467693,aspettativa
kf4e5en,3,1.418384787432879,0.6187508709268316,0.863301340710721,1.2627459679318105,0.6063303211408715,0.8327426071373736,1.4155818399659303,1.317322770994944,gioia
kf4dgne,14,6.856641887766566,2.0595697739834846,2.3344358816111392,3.573061564278758,2.0999704243130446,5.9136231565404564,5.350282256202096,6.966188478449017,aspettativa
kf4cgb4,8,2.3943842748170794,2.5088452369071197,1.2242484982423143,2.229102864510233,1.242379122426899,3.1933176342595075,2.690374092434091,4.281448308316309,aspettativa
kf46yc4,1,0.2395031679212905,0.3088885268657293,0.2361700602775917,0.2614262646721768,0.1966863366488628,0.3127094840184689,0.618000709941456,0.4254128005348422,sorpresa
kf41k1q,3,1.6925543188193395,0.3135410355369884,0.23965236640820659,0.4065893301295231,0.1872439502240027,1.829253582116575,0.824909338849006,2.1105136677161536,aspettativa
kf3ylq3,4,3.3993028993788554,0.8325358724083189,0.7495128237495442,0.6705449176130789,0.45172101812389664,2.165157618307201,1.7505399213432755,2.091429350259525,gioia
kf3onp6,13,6.14960704543284,2.9875252761946514,1.9702078010756336,2.960441170394531,2.031568343356117,6.908166405124185,4.527648950193087,8.704865631106415,aspettativa
kf3n9ec,1,0.0580291602820016,0.7470404682631318,0.8760572145159407,0.5731148300937534,0.5865264834135145,0.1133307941012944,0.2377206714208121,0.1606636099158587,rabbia
kf2ypn3,8,4.001265191998995,1.7928949105352054,1.3758993333492477,1.6312798936349315,1.1729594705953141,4.307192525919696,3.8635230256204243,4.818133322610427,aspettativa
kex4zhi,4,0.6956939228205149,1.6809263908466443,1.430007558451999,1.1751119184775316,1.1292729254792353,1.4586957412899244,1.0071567792091471,1.480254639316724,tristezza
kewpcok,4,1.9272974665616123,1.1866260792885026,1.209521589563438,1.674112780795296,0.9407993908642851,2.4349913437067694,2.134988612644469,2.2428658498989975,fiducia
keunhz2,2,0.1947565139720523,1.170264135407896,1.5481781450830547,0.8620358945258129,1.0230778707093509,0.2276922307914805,0.880564625174967,0.3844367603486314,rabbia
kenxswj,13,5.938184063401509,3.7323788446174904,3.4742514822081856,4.317897535963654,2.2957270120238484,6.337894776865232,5.452133627808473,7.2976022548504424,aspettativa
kenrr2c,11,5.101898040993311,2.663261767306185,2.3814945981759204,3.3819236140775915,2.0557429837476406,5.428852803712908,4.6464600667761555,7.186741758277359,aspettativa
kem8gtj,4,1.4507621975391194,0.6322629012663434,0.3912231207664505,0.5510037637790832,0.2627870257905442,1.900356208054262,1.17105796781435,2.258527033626189,aspettativa
kem5pp4,10,4.560355749662401,3.781363012084455,2.4882826518183276,3.1846341459572005,2.1487476525555933,4.334802467057604,3.9581559379199915,4.927229709653386,aspettativa
keltjbz,1,0.114716107624493,0.7797209745090711,0.5821707305593243,0.5083699184030503,0.4217340901791676,0.199639845525357,0.3651247618832757,0.556178871812202,tristezza
kels2j7,1,0.0559567755083419,0.3770713315547224,0.9888786733031888,0.487234354303181,0.602659980069588,0.0844102169216082,0.2353401596354448,0.2274196147222006,rabbia
kelqd3i,0,0.0,0.0,0.0,0.0,0.0,0.0,0.0,0.0,neutrale
kelq5d0,0,0.0,0.0,0.0,0.0,0.0,0.0,0.0,0.0,neutrale
keloa5g,2,0.1119135510166838,0.7541426631094448,1.9777573466063776,0.974468708606362,1.205319960139176,0.1688204338432164,0.4706803192708896,0.4548392294444012,rabbia
kelfltj,1,0.7246877012261524,0.0438325480335859,0.0454240000770721,0.0688184560915157,0.086255690252519,0.2969937768710542,0.2844099354547998,0.2508297000654805,gioia
kelauar,14,9.78495318529798,2.777759920459272,2.6290808581634035,3.277763884184725,1.7250431754675535,8.053550472045988,6.951909074275244,9.499492599701833,gioia
kel5yq6,4,1.6683461398093316,0.5815321100513401,0.5666647028892237,1.3756627034196627,0.4705246222744835,2.3082166094353713,1.714309574405941,2.1902665823572884,fiducia
kel2ta4,0,0.0,0.0,0.0,0.0,0.0,0.0,0.0,0.0,neutrale
kel09sr,0,0.0,0.0,0.0,0.0,0.0,0.0,0.0,0.0,neutrale
kektsye,0,0.0,0.0,0.0,0.0,0.0,0.0,0.0,0.0,neutrale
kek8bce,2,0.1705744771702823,1.3393207637671711,1.1280047860254074,1.3664757205130635,0.8878259499721493,0.2593930705387304,0.5869561068049434,0.4719139036302009,paura
kei3iyv,1,0.7330169069839356,0.0619700146976299,0.0517963710715785,0.0887394226127864,0.0390139063675831,0.6095395389806356,0.3313697374145477,0.4839720698896277,gioia
kegqfzr,8,3.5703488619392303,1.705589078280342,2.032647055744586,1.6524862368164879,1.774368674466997,3.026780631233574,2.6356311106511336,2.6479228097162473,gioia
kefzaxt,3,1.1394170433917017,0.5843750654868562,0.8691292270851545,0.824931567074974,0.4494582951220948,1.4976077264422647,1.3537114926017295,1.9688921884698383,aspettativa
kefu3ml,13,7.69575176002675,3.2288334418815126,3.736278531234471,4.06246759033005,2.9230991386144933,6.089136476920544,5.237169976235154,7.10433413007847,gioia
kee9olr,38,18.23759455112932,9.496350577485078,8.79730756617478,14.517962260288728,5.738065304011246,21.321880796946452,15.349190061954069,24.379108658997964,aspettativa
kee7a6h,0,0.0,0.0,0.0,0.0,0.0,0.0,0.0,0.0,neutrale
kee1z90,4,1.140949807737535,1.486938128282743,1.4997289928450588,1.3634123856556082,1.2217437814485728,1.5027929506937425,1.7988114877645722,1.2518199851274885,sorpresa
kedrpmz,2,0.6838438131705037,0.8722396715992172,0.9078170533902502,1.201131391153112,0.7883963150871987,0.833942140422519,0.8511779356204914,1.143161990154369,paura
keceqx6,3,1.9481642693860572,0.40057458123339856,0.400087903049679,0.43380789491619826,0.1963947076131301,1.9587791585547563,1.5299448573828713,1.8126149674811134,fiducia
kebpno7,7,3.8906018180401873,1.8966013866035394,1.5764388588029157,2.292854448432248,1.214022344319249,3.6932985367999356,2.9251248066264677,3.771995737122672,gioia
kebixyh,1,0.4585256260503507,0.1651766973547053,0.0794634835746585,0.1497572504916096,0.0593544212094392,0.6623891790223136,0.2975416294795034,0.8262411984056481,aspettativa
ke8hx3q,5,1.8849610867957973,1.7915717413102417,2.2727690890551875,2.1206779286164723,1.5201119284317821,1.939931938496163,2.703063134090075,2.0367177355531596,sorpresa
ke7nusz,2,0.7381358001700906,0.2926185983976383,0.35529762265776677,0.5545646046475727,0.2193916361156825,0.9710866893859413,0.7175071800254202,1.413111078747836,aspettativa
ke7nlr5,1,0.8313794602754995,0.2670620984123946,0.1171795207701096,0.1206542897003457,0.1037553463425138,0.6066999201626262,0.3389080998792413,0.6501031301996361,gioia
ke7n4r2,0,0.0,0.0,0.0,0.0,0.0,0.0,0.0,0.0,neutrale
ke6tzt9,2,0.9515774389768016,0.3820870989829983,0.34039504767733264,0.5044332695569729,0.2423401515502442,0.9534113154047579,0.8893327117455854,1.1571901083030185,aspettativa
ke6swek,20,6.577735940372368,8.65660297340281,7.4535869679047035,6.873634674128487,5.807123639776216,6.502087452124022,7.202194225164843,9.559328832370484,aspettativa
ke6h36k,6,1.8770321760037585,1.8536155542719612,1.9545957088543497,2.022984190703891,1.5604046383966308,2.2710711406615443,2.7762783440887184,2.1670804355064224,sorpresa
ke6gtlv,4,0.5428146694712643,1.7161844109280566,1.598034595567699,2.1128453767418853,1.25303732365493,1.4614793672796524,1.2670271826350437,1.9876842813985975,paura
ke60wuw,10,2.854451527613784,3.5233488949918743,3.662027148224198,2.912784221466769,2.299961984663053,2.8332649811952098,2.8449807706395456,3.673066448646593,aspettativa
ke5y2nm,2,0.833922270347524,0.7411852808455883,0.7658234525530044,0.705804446318743,0.5141124472899414,0.7056612461790521,0.5959832626828561,0.9701036812369912,aspettativa
ke5vpi3,6,2.3351508118494397,1.1461291050656075,1.3918735788987715,1.5066065532012825,1.1619539547213569,2.753738750305724,2.232249626898822,2.994211195550139,aspettativa
ke5p7ms,1,0.8304727293781013,0.1794353447438392,0.2847292983579513,0.204448868552309,0.1271799347310956,0.5709951071769668,0.4237871573487125,0.4284524817832607,gioia
ke5m3v1,8,3.030120605600464,2.929146537540202,2.7805744205811798,2.475878298042815,1.7326562336971048,2.8968250966207694,2.8496633571302095,3.76946282330229,aspettativa
ke5lpom,39,19.911116053476572,9.50664165525708,10.108346725832819,12.70094890270615,7.524341815929469,19.462486357498758,17.92886301876686,23.551993444623342,aspettativa
ke3bbho,7,1.3116872598530445,3.5484943280354337,3.922586257058092,4.055504892541672,2.596906862414709,1.4635008295215384,2.647004471235511,2.4359963398007727,paura
ke3a2u1,7,3.966400498156083,1.7029162815372336,1.6677576257548934,1.6033893216388022,0.9013580783126383,2.573643709503407,2.4726044661374544,3.4193228065032812,gioia
ke2inzz,8,4.544349977161939,1.6525176469750875,1.3669192934516627,2.376155239171826,0.8815299152719889,5.439738812562108,3.9819608046463566,5.509392020498376,aspettativa
ke2g6tu,3,0.749341733497255,0.9055321064053137,0.8539852555624066,1.4981048923008937,0.7012039853202324,1.2329881799739808,1.4181252349784135,1.8141870704023084,aspettativa
ke18t2u,8,3.0596880984903834,2.104122072179799,2.4350406385803036,2.5102863160734823,1.6717418576716037,4.025085720906125,3.3842578099764373,4.705855898734102,aspettativa
ke143mn,2,1.8356501786015746,0.16538332641200099,0.3127062150941571,0.1731209723916353,0.1360780873990785,0.9346831023661812,0.619773507822649,0.7411884652304156,gioia
ke0s31v,25,10.705042056201243,5.364224939009216,5.487305305003796,8.395158428706603,3.6535866055966477,13.794987426831758,9.625419897076913,15.84030731843361,aspettativa
ke0oo9b,2,0.8410359086061154,0.5881676079702157,0.5201097265096524,0.8541224637635311,0.309033579724934,1.2133415183712772,0.933766582666238,1.1887222821390155,fiducia
ke0izu3,1,0.074444139377837,0.9430063564647126,0.6760962554471135,0.7527856901596892,0.53941433617959,0.2252369287529402,0.2760683936450411,0.2073416186225392,tristezza
kdymktl,1,0.9965092147348564,0.0478097329226191,0.0486258490850025,0.0815379890699641,0.0380207356582615,0.3907845413169233,0.4356146513869563,0.4056431353297539,gioia
kdvndzf,74,34.45844523203075,14.063280858328373,13.182722625905678,18.905272675688728,9.886666528187435,35.39972561292703,30.51698837644138,41.97035530495666,aspettativa
kdrzfly,4,1.426531778923887,1.7846717268763495,1.2419482255778203,1.0164515821170224,1.3490662533227935,1.6465428426956423,1.041978303520056,1.7763281006153835,tristezza
kdrftj8,0,0.0,0.0,0.0,0.0,0.0,0.0,0.0,0.0,neutrale
kdqql3t,5,2.296763758880586,1.7400172824054096,1.3260959159386607,1.4627728310701085,1.0297303658092574,2.590990270534016,2.01469236764654,3.381254235304202,aspettativa
kdqmjt1,2,1.0024670831248907,0.7167194670357933,0.8457689309073195,0.4433825209543777,0.47071514341730547,0.6952737401592967,0.9786794380744956,0.7035934686244226,gioia
kdqdgwd,4,1.7770557251394596,0.7517612457119572,0.6262925273840392,0.7311594268155592,0.3595810717013174,2.1247053034050243,1.6852263662465177,2.651129608207497,aspettativa
kdqbyt0,2,0.22732302557083062,0.5867661870780743,0.5422201920553413,1.1036405807726972,0.4858203895272508,0.24473314579761102,0.399444853041391,0.3310100251633809,paura
kdq1i9a,4,1.298759818888764,0.9170228559308466,1.3071288137902495,1.024331948605211,1.00396359248284,1.14416583818817,1.2068081493134704,2.2471109065260135,aspettativa
kdno7au,12,5.259634887310767,3.093819684364795,2.9643254626475235,3.0603921903724984,1.930149438725683,6.529967808238851,4.897989022230202,7.130220701991153,aspettativa
kdngu8y,2,0.7917581091377213,0.7539123306597262,0.8964212248200842,0.9782127456423526,0.7302849618207843,0.5433159844583693,0.6302146810356442,0.7651972314699602,paura
kdn58fi,1,0.7044586746624997,0.0756848366435525,0.0601692166768028,0.0976426019488676,0.0442934068630894,0.6342463650635056,0.3268642275035354,0.8630918167929693,aspettativa
kdmslb6,16,7.84803465569277,4.331156469530615,3.27787928508225,4.413973957951652,2.504491581724379,6.181286405304226,6.811230414307453,7.850343505416884,aspettativa
kdlmhq2,9,5.377425483103088,1.8853296615941333,1.568188312037258,2.014227096972718,1.0285750273985819,5.628072060994002,3.9964791659213073,5.4984991249118815,fiducia
kdllhue,0,0.0,0.0,0.0,0.0,0.0,0.0,0.0,0.0,neutrale
kdggpdw,1,0.2926217892726114,0.1650231389917407,0.1916112987993618,0.3226591443730109,0.1640047078067649,0.6052548508256532,0.3821730602247222,0.904640882959632,aspettativa
kdgdmz3,2,0.48033041258741593,0.8111129928872265,0.7797553942213181,0.7437619559045234,0.6626555655857613,0.8298959608338066,0.7635539990575269,1.4512564677709094,aspettativa
kdc35gt,12,5.193355353692177,2.571066868572978,2.1217885905254663,2.776208188483352,1.5923697478310674,6.477036943188262,5.175137012150898,6.903299949818961,aspettativa
kd973r4,1,0.8456144594002926,0.2993298146276583,0.1382015959741815,0.140519355310936,0.1806426596818726,0.6834859772260685,0.5032986238183594,0.6420163705546114,gioia
kd90ka6,4,1.8152734620664424,1.5749860629713086,1.2119864480435931,1.365356944372175,0.568612295724629,1.9355474065027454,1.2859253680587828,2.0140756885595117,aspettativa
kd7edlp,1,0.2880056331777224,0.2524503379222029,0.258733560144849,0.3804229484073564,0.1801323606003376,0.4446083821757058,0.4951826604482426,0.684769947011144,aspettativa
kd72bvo,21,8.62201471603492,4.488870309420569,4.3566966661319215,5.85836065725413,3.0733761473122874,10.417833961773955,9.216529899997688,12.662927155059721,aspettativa
kd6qkys,0,0.0,0.0,0.0,0.0,0.0,0.0,0.0,0.0,neutrale
kd6q8s0,1,0.3534546174300815,0.3356126953599326,0.4402842178957301,0.3056151848254939,0.3106356186994187,0.5539795038566723,0.421599522823163,0.7454820183488668,aspettativa
kd3oo38,6,4.130167233170394,0.6995775523711547,0.8576425279218957,1.2306433728002542,0.5094330963952678,3.9786493097066242,3.2013530426261765,4.120673634515677,gioia
kd2izit,0,0.0,0.0,0.0,0.0,0.0,0.0,0.0,0.0,neutrale
kd250e4,8,2.9082461199836316,1.7345918936261298,1.2757556401488666,1.5986275602370592,0.7525262655777718,3.5396439248696936,2.4242682112733758,4.256803837301994,aspettativa
kd1bz5e,7,3.8269363000900753,1.871654656381569,1.4748007536489842,1.292967377069407,1.233173897321556,3.5812393039872883,2.224459820242866,3.705181660527491,gioia
kd15m8r,52,23.634498553682704,10.873630036410722,10.490586403476044,16.3105514312551,7.2848540895425575,25.72243522112125,23.0446860562547,30.937078455365864,aspettativa
kcxvc9n,1,0.2659298488588503,0.4702229616207682,0.2137112342219371,0.3747314580542896,0.1400750455726504,0.4182136798629414,0.4236518958121514,0.6762604574038666,aspettativa
kcxp0nz,3,1.7907821725009392,0.822510617336552,0.6698768188682035,0.6960768872106808,0.5573137710932226,1.7007268144546157,1.6102741069450768,2.2317906652357244,aspettativa
kcxiyu5,4,0.5401625554300096,1.0652909082325435,0.8967063763191908,1.86265670367332,0.8786150505154463,0.6423477358200523,1.578617427864117,1.0327698595241674,paura
kcx9lpk,0,0.0,0.0,0.0,0.0,0.0,0.0,0.0,0.0,neutrale
kcwrq07,4,1.8873504876764169,0.8210446666193509,1.1964600472546105,1.7185744093036555,1.0148854542818675,0.981601822239402,1.441101979298091,1.0520872537794783,gioia
kcwpdr0,9,2.8930367413826565,2.2066454459378058,3.1866031183516648,3.237528007520713,1.1012451748838055,4.334892695379694,2.848243550354157,4.384992633104521,aspettativa
kcwoohp,2,1.3394737432650028,0.5029894130482377,0.5375041853627038,0.712614116511977,0.27629154121430427,1.1985368199330022,1.1977271057383962,1.4000938836217482,aspettativa
kcwhuq0,1,0.8313794602754995,0.2670620984123946,0.1171795207701096,0.1206542897003457,0.1037553463425138,0.6066999201626262,0.3389080998792413,0.6501031301996361,gioia
kcwdqus,8,4.434774028907217,2.159353169649486,1.7143106476748176,2.156965530169466,1.1374974428773041,3.6313504071184717,3.5205837601958594,4.906186866527274,aspettativa
kcvvlvw,7,3.295474935359974,1.3524021057888718,1.3526731736662583,2.2745155547432656,1.000418028266117,4.081749964566332,3.530349762402298,4.249520788834947,aspettativa
kcvtzfj,6,3.0398648032096576,1.7390880666552735,2.2702371068272718,1.8881879298465842,1.1560632500672703,3.234180853568814,2.417469886911208,3.989267703914868,aspettativa
kcvtvkp,2,1.3162504496349365,0.4857466374161975,0.5219001814960229,0.7154161144493842,0.405700533597365,1.1701627306789013,1.2049871304224746,1.6862559590905577,aspettativa
kcvt0uh,4,2.3236750429605864,1.6683641671669402,1.186592224400837,1.4528229314412073,0.9547189436653813,2.167314153327312,1.5660150357914842,2.359366404671765,aspettativa
kcvs0o1,10,5.037219009250543,2.6544604559885014,1.8859740068791686,2.860218705598004,1.4983365970591513,6.376171221321972,4.158761920429818,7.153765834546245,aspettativa
kcvr73a,7,3.8493167230958525,1.587865952308646,1.5443676606511534,1.9351376228379755,1.2373549584035333,3.730890382866931,2.5622534998199664,4.3302882053648855,aspettativa
kcvn4hl,16,6.862600968211463,3.887215053801763,4.375241489486185,4.592989514666621,3.466327770066027,8.655825368014128,6.6442309127032395,8.366619442912729,fiducia
kcvia0t,17,7.569785404915104,3.815943347410017,4.253012943244764,4.488556850747148,2.216083510045132,8.46818922186105,6.566779121746778,9.031175333842498,aspettativa
kct21dz,4,2.064844730460705,0.7422760538403934,0.7124977615449086,1.7575916720273042,0.4170402095523779,1.9403990502911042,2.0023815231328816,2.9785771533897236,aspettativa
kcsogls,2,0.6755032018376318,0.4321328755462227,0.2684286155906564,0.6088724875516034,0.1801836922647038,0.9975453736950392,0.5499367022346543,1.094269775762338,aspettativa
kcso8tf,2,0.5890867245369584,0.4126224488299876,0.5083313105703162,0.7567469433756966,0.3509998410556978,0.9958346123397976,0.913797863894839,1.3249347791394233,aspettativa
kcrjhtw,12,4.402675867385985,4.144527715657469,4.8990979202929665,5.517296311062747,3.2698907603447642,4.311237387560811,6.224496452940244,5.792580474268724,sorpresa
kcrhyn2,3,0.8462108945000351,1.0813024490297334,1.496659187705986,1.6347266972005388,0.8627432458818503,0.9075279584822507,1.3081855182905389,1.2513287019907717,paura
kcrdqfk,8,3.7203647420632695,1.565996627856457,1.2446178357224,1.9089731296748709,0.9007672212430333,4.106105016939675,3.528843377985817,5.595814746614943,aspettativa
kcqxhug,1,0.2610893275247936,0.0850003226892069,0.0802362528667433,0.115947846855631,0.0546512452094331,0.4454468345700655,0.3422670113791099,0.606850904958587,aspettativa
kcqk6m7,7,1.9785791546077915,3.7603993357871266,3.2199232784078884,3.081762941135801,1.7589811283443177,3.248630712338839,2.004909967374082,3.6208543540540274,tristezza
kcoyh27,5,2.307109652944649,1.0634585111515582,0.7617847432008469,0.9315841565004843,0.5802546787093075,2.752669788799733,1.867695756973197,3.301278507905621,aspettativa
kcour9s,6,1.7573541274335742,1.486386762394505,1.9505604115438895,1.7659725572964553,1.131310378590593,2.689291207006317,2.960000721655938,3.6220374289399753,aspettativa
kcnvbxk,4,0.7931209890400875,2.6144166429670905,1.6081148269613719,2.2772171735149414,0.7507614900578096,1.1604149884711845,1.3706569061200389,1.3065936370223474,tristezza
kcnofrf,1,0.8456144594002926,0.2993298146276583,0.1382015959741815,0.140519355310936,0.1806426596818726,0.6834859772260685,0.5032986238183594,0.6420163705546114,gioia
kcnbihe,18,6.530374198472328,4.391427886470173,5.2248981818180384,6.740981702282096,4.001099429548723,7.850799598934037,8.206936965999763,9.755944922721186,aspettativa
kcn7glm,3,0.7546699474072622,1.1180238875136919,2.0913405057665333,1.0825158960072558,1.7128771532412086,0.710738578391088,0.9623916802666486,1.008942687548081,rabbia
kcmwpb7,3,1.7906038268938356,0.4466118179474241,0.8261980714471888,0.8253636989334447,0.6910747686778838,1.005279883295495,1.6734925117223034,1.530605863750323,gioia
kcmjx7b,2,0.6661408618629381,1.0939116864923226,1.0677844634964748,0.937629856984793,0.5003864455551637,0.7138419748119398,0.8849058615289983,1.0148112205830477,tristezza
kcmhq1b,2,0.8673429759840932,0.41564641720506135,0.4943406722586192,0.23257491320129842,1.078775853008433,0.6400003569789613,0.5749760908759407,0.6954897137919278,disgusto
kcm97w4,17,5.12883723883056,6.117254052488245,5.929667100745548,6.355874787584783,4.6297505509676355,6.699634259196882,5.60489825008566,9.199876617387211,aspettativa
kcm682r,6,3.2216790685100016,0.7916218281560697,1.0578424139574258,1.270957155969153,0.8546070028681726,2.6836620415943626,3.1972390720212047,3.262362724509024,aspettativa
kcm14sg,4,2.2285544137542295,1.4693054035646915,0.8497547656052555,0.8942509381867519,0.668032011090457,1.635973152100373,2.2558835526435783,1.9844803947613538,sorpresa
kcknuc9,1,0.8456144594002926,0.2993298146276583,0.1382015959741815,0.140519355310936,0.1806426596818726,0.6834859772260685,0.5032986238183594,0.6420163705546114,gioia
kcknkzm,2,0.5449607383648288,1.0405806463767449,0.6320694042290755,0.5409832449768133,0.2470840426831327,0.9194070933423,0.5328432355522635,1.087422638618489,aspettativa
kckkqgd,8,3.5934903008967702,2.3153448916262587,1.7009696073061629,1.8543822849351512,0.9979851322802644,3.577512962644909,3.0494403890633865,3.980911030455061,aspettativa
kckgurq,4,1.8748653762100238,1.1332791483534927,0.7377495571723732,1.2864873975318243,0.6473130775937083,2.3618185835783274,1.4014734886520983,2.3561202023253855,fiducia
kchpc0b,21,8.355454878799094,6.756954390321683,6.291974085909976,7.872212544254926,4.30614145066354,8.603503029772192,8.472117380826079,10.16374492620436,aspettativa
kcfz7g5,0,0.0,0.0,0.0,0.0,0.0,0.0,0.0,0.0,neutrale
kccrcix,7,3.645407619391996,1.7730882315936236,1.7908517242749398,2.252796189735473,1.1285685539889396,4.12360595377245,2.5326983650465174,4.495797945608021,aspettativa
kccfxym,2,0.5429766426633503,0.46670927042592936,0.4489210516319827,0.4956463128473711,0.4106878791560693,0.5914046021982537,0.516497185358802,1.231617378587616,aspettativa
kc8iwdb,4,1.5121780333188495,0.9711048918881973,1.0301764669816575,0.9403646656235534,0.9357388090551682,1.7482222086597308,2.0368288022060024,2.661644596583959,aspettativa
kc7vzdm,4,1.5940996576200654,0.3814400212690883,0.4538938948857081,0.536394915949856,0.31212157764496806,1.3591930403154373,1.5999638790120603,2.2656762499761047,aspettativa
kc7i1wp,4,1.1922561332289963,1.070005728518219,1.0341436623493419,1.5501301024617855,0.7030001192236603,1.520248385047716,1.6185466137951336,1.7003847393720948,aspettativa
kc4usl5,3,1.2234111726485943,0.9992207208025656,1.4367507292503972,1.2210154926628252,1.0997234411580106,1.0476911261955457,1.8701603100661688,1.2100038329926779,sorpresa
kc4lsfr,6,3.0964956759731432,1.611275784207945,1.9907945680448722,1.9388042180050409,1.9624081693260738,2.7302315160707282,2.5270856259342835,3.5496452664214813,aspettativa
kc3mdlw,5,1.6302103292161465,1.4896967425511245,1.3810512875510488,2.0817066414810426,0.9943542276068749,2.4645302515340566,1.6528068102060363,3.5459691525346893,aspettativa
kc2x2v0,3,1.5221860024910399,0.23428288262412358,0.28770519048275744,0.5007327464091413,0.2048795674489143,1.1298599360088641,1.4489877505285738,1.1736948166387187,gioia
kc2wwua,0,0.0,0.0,0.0,0.0,0.0,0.0,0.0,0.0,neutrale
kc2shqm,2,0.1947565139720523,1.170264135407896,1.5481781450830547,0.8620358945258129,1.0230778707093509,0.2276922307914805,0.880564625174967,0.3844367603486314,rabbia
kc2nuv5,0,0.0,0.0,0.0,0.0,0.0,0.0,0.0,0.0,neutrale
kbzoyjp,4,1.9394375006793974,1.9461589233348835,1.446577363076244,1.7618140979455694,1.2750417310662927,1.6792104138775301,1.41060871427345,1.8253829622998103,tristezza
kbzcgri,12,4.580981196881682,3.9258582935253097,3.6567451878239243,5.577282321945692,2.4116482872200695,5.2110334426901,4.351033996229544,5.772108780115394,aspettativa
kbzbwq0,4,1.568997408479468,0.9176174968383536,1.0730342195815084,1.6395537578783816,0.7857999826211199,1.7086454602292251,1.6361707321157102,2.4349380305844095,aspettativa
kby4ehg,24,11.100782882003204,5.036146520153009,4.274801038112673,5.710676093452458,3.3890092670827068,12.619826317922554,11.110773636348314,15.191952049972894,aspettativa
kby1wwj,10,3.77132824005802,2.354293113527252,2.1344888896917227,2.7039497708926055,1.5252317908796587,4.502336769051068,4.225911156745706,6.683069805539276,aspettativa
kbxrfap,6,1.9898232415245019,2.0184116250533712,2.020529565296171,1.744233772961342,1.2259249792711333,2.2686957642242325,2.0991757024613835,3.5576027285743743,aspettativa
kbxqaxe,3,0.34414832287347896,2.3391629235272133,1.7465121916779731,1.525109755209151,1.2652022705375028,0.598919536576071,1.095374285649827,1.6685366154366061,tristezza
kbw6cvd,2,0.7105208230620738,0.3545672247894933,0.2890692153480616,0.4241013661491217,0.1474838727917138,0.9349001466041491,0.6831407152681618,1.4019305839937066,aspettativa
kbtzpz9,1,0.532040817417604,0.1308742940289089,0.1034305439702805,0.2094967914913518,0.112771576605284,0.7364418078398465,0.5255665697816216,0.4621956925325173,fiducia
kbt7byl,1,0.418248917217903,0.3742184328115769,0.1980499983817069,0.2672272197810823,0.1055111306912383,0.702515343781607,0.4832562515490739,0.8368584562254568,aspettativa
kbt4a6w,5,1.9744735492997598,1.90486562816196,2.196603806624724,2.649561602237635,1.5851123540212602,1.7883766541064106,2.4239341695474166,2.369170532387949,paura
kbswa5o,6,1.7811233898961687,1.5758508160896227,1.796800827689762,2.2012940935507737,1.2296962876557722,2.4943336787260533,2.1455776018182435,4.058052455769843,aspettativa
kbst4n6,2,0.9035476344183048,0.4727381567429893,0.4929392603371653,0.5066282763045006,0.4722052395450589,1.151725152850158,1.1071183388150265,1.2828237079113407,aspettativa
kblfkji,18,9.594062801028194,3.171031426750107,4.557264302677018,4.662989001001247,4.765267378769835,7.702222915116727,9.305638002684304,8.625976698908499,gioia
kbj5oa7,0,0.0,0.0,0.0,0.0,0.0,0.0,0.0,0.0,neutrale
kbj4qlu,11,3.667813480762156,4.5830145858648,4.045289399942744,4.060888092949918,3.691698211025895,4.196805376815492,3.817656561811577,5.055908709854394,aspettativa
kbj2ngc,12,5.382259715203554,2.6668415618676446,3.4479030260212924,3.2107415670534487,3.213612216490393,4.5624104099129195,5.574043394103849,6.581648107871032,aspettativa
kbizv7g,2,1.2844878487347429,0.3973530236485285,0.3507616405607805,0.24702107141330332,0.2402959805165329,1.3870909629996269,0.723078685020093,1.4728737469962383,aspettativa
kbix38k,12,5.710928570935307,3.2012905844342776,3.47744950034233,3.7552644919554865,2.624024154989848,4.477739689778906,6.076243599465096,6.232188630066482,aspettativa
kbitekr,4,1.8636299962180976,0.9364559268903294,1.0242095339579904,1.356712585652597,0.9285867955941939,2.148756945730031,1.8002427016539544,1.9020808618185472,fiducia
kbirmqb,2,1.0789350301250762,0.4015811777485936,0.2299153008387301,0.3998415065375639,0.2469379392819822,1.099763563352524,0.8180351107094984,1.592863339723148,aspettativa
kbippl4,1,0.7044586746624997,0.0756848366435525,0.0601692166768028,0.0976426019488676,0.0442934068630894,0.6342463650635056,0.3268642275035354,0.8630918167929693,aspettativa
kbipkjz,1,0.3877955243425965,0.2067789831354837,0.2255624436525306,0.297100312135685,0.1334011275976322,0.6660312003385483,0.3181664112350237,0.8101369701747199,aspettativa
kbg7oqd,14,4.089111588324023,2.988634560826446,3.77123192828908,4.055150514842893,3.644264020380738,7.5879197248236006,4.469091606623531,7.411556664702898,fiducia
kbfqcan,12,6.327480167323768,1.4319822577813368,1.0622794739814383,1.9034099064902723,0.7501856780717571,5.883683193325623,4.437791569459222,7.074250384963907,aspettativa
kbfo07z,1,0.1113755731734221,0.7019954453303324,0.7330566508456787,0.9465026250198514,0.5812991532924094,0.220133533556974,0.7451599042720393,0.3852200895848403,paura
kbfh28b,11,4.5999566439829085,3.1749893807728338,2.801828714902379,4.325785470204692,2.1852632856216747,4.920042783788894,5.05412734865361,6.301246092369021,aspettativa
kbfb7h4,11,4.613448315169061,4.006252208628743,3.644003936143718,4.017936265492873,2.8839376266506953,5.651577673731413,4.9362605209495785,6.843554807067174,aspettativa
kbf91qb,5,3.2863692423948603,0.9676322935702458,0.8134251049436461,1.2156501513318418,0.648057849180468,2.5323784440439785,2.202931012580713,3.206015389515536,gioia
kbeaibb,6,3.5110299581603974,1.3351420006039183,0.8780506513227946,1.4055277084908382,0.5584640154922598,3.5217034873125668,2.095273691375044,3.4205723906088052,fiducia
kbe9p2o,8,1.6838646525936443,3.3201287534483046,4.837438700327789,3.3510668992799815,3.6224201423547457,2.224953674733404,2.7922772928021686,2.9000278671189608,rabbia
kbdmhsa,2,0.8068441043414627,0.7135118637602182,0.5919810515436772,0.5873990281243711,0.4236073765631896,1.0945208737735732,0.6362990172602765,0.9770718283436067,fiducia
kbdiq6o,6,2.4131735169476665,1.7277711979950163,1.6607188199556582,1.5905696345721225,1.1831818297934515,2.433250743338424,2.3169220588616293,3.3857826308881216,aspettativa
kbcy6a5,1,0.7884654376602406,0.2744163773779763,0.3091310020702955,0.1931097015905148,0.2598928901445023,0.5807666274926672,0.4724979433392753,0.5746653411800413,gioia
kbalcvq,6,1.6150654559066362,1.9182407585297085,2.1643631148287965,2.8220466251635106,1.408254453622858,2.5775624124638252,2.2811755555767306,2.5780935139821466,paura
kbad9ua,4,1.5695473571507401,1.407604937800368,1.3572620088567726,1.7254555709154085,1.0099319069396433,1.7543575620492575,2.429358493684456,2.3000498100756834,sorpresa
kb9wt0u,6,2.2859756436318044,1.1540664225906054,1.8991501781844473,1.742646821989566,1.1665714149525392,2.4711245707255545,2.6509237880771845,3.0533248686663073,aspettativa
kb901q4,2,0.9123461448998944,0.9725735953441464,0.8354115463853142,0.5734329748938785,0.9992794959734144,0.9010599059613301,0.7053273689131665,0.8060554831777915,disgusto
kb8xko0,0,0.0,0.0,0.0,0.0,0.0,0.0,0.0,0.0,neutrale
kb62gxp,8,5.417990219993429,1.4093034617362472,0.8080107193887442,1.3840314532606692,0.5432579427898195,4.62802317195111,3.070635260567016,4.387257986984829,gioia
kb56zhb,2,0.6451141832817457,0.6613535471417195,0.4487317925520966,0.5428479827847158,0.40402290723284706,1.0961559954161375,0.6785425774986615,0.9816123176743702,fiducia
kb0llty,1,0.3562395446361869,0.1138735469016254,0.1072611481879187,0.2044359227361211,0.1715193417624755,0.3464277257557814,0.2456883754117155,0.5553638184154113,aspettativa
kazeyag,18,8.057389130697276,5.398021602280905,4.768752537460019,6.391141238675082,3.6277935974436897,8.126888525980796,8.75567309239992,8.791920932390639,aspettativa
kaz0yth,15,4.811047062641465,4.301605096950602,4.332201534505648,5.33438044083845,2.752630159576808,7.287474984580092,4.735838738949722,8.361092951853516,aspettativa
kayq327,1,0.3172545622847832,0.2860404924074113,0.1710405345330305,0.3685793880637719,0.1960509640611739,0.3833566152917472,0.3898276945821418,0.5954249785464703,aspettativa
kaybt3v,2,0.7850369397492571,1.229426344419015,0.9151375221113488,0.9506743413564285,0.694084954085715,1.0683244222748134,0.573135373760504,0.7647588974223267,tristezza
kax2g2e,0,0.0,0.0,0.0,0.0,0.0,0.0,0.0,0.0,neutrale
kavm1ix,0,0.0,0.0,0.0,0.0,0.0,0.0,0.0,0.0,neutrale
kavie2c,1,0.8456144594002926,0.2993298146276583,0.1382015959741815,0.140519355310936,0.1806426596818726,0.6834859772260685,0.5032986238183594,0.6420163705546114,gioia
kavd6xv,19,7.706457899442137,4.529008233614825,3.5336726227374715,4.499541372886914,2.5212585500200335,8.53176952599031,8.399617075459819,10.286600316842948,aspettativa
kav74f4,6,2.0629567908724673,1.8287936635433306,1.4669064454445695,1.9900512850537733,1.1755253488973736,2.92766131724243,2.2181516808069137,3.664515607304513,aspettativa
kav5rql,2,0.4242604640027011,0.7584017423952644,0.5934301601728345,0.722305647193447,0.4923620016617156,0.7132066059228791,0.6365933690639272,1.2800832758379224,aspettativa
katy0dv,2,0.9907770881902443,0.6900426268414569,0.7299302609675986,0.9524530831837392,0.7221252455591394,0.948500995437803,0.6970149379110625,0.8690027906647162,gioia
kattbeb,1,0.3210851765363023,0.2088398643085026,0.2038384323917009,0.2244198318965784,0.1813319649782461,0.3301307129974778,0.323135637041933,0.6140825395674603,aspettativa
katsqr7,2,0.1992029816439463,1.0248082361733255,1.2374731288392806,1.7219232663547104,0.5858842650821102,0.2406456326220776,0.8765540533533682,0.6793260432832253,paura
katrvqp,4,0.9289658408995225,2.0068050629858414,1.5737534161487523,1.699833239134226,0.8324111008679496,1.3776639574779086,1.416615263012029,1.4981536291419137,tristezza
katneqc,3,0.5960229582967418,1.2115465005435675,1.2344128076809557,1.5224734296329028,1.009836398516102,0.7415210621672399,1.2599717250526066,1.4515104646512513,paura
katltma,0,0.0,0.0,0.0,0.0,0.0,0.0,0.0,0.0,neutrale
katib5t,1,0.7401766913813581,0.3334013184257435,0.1937450210266184,0.263616346460203,0.1018185257663926,0.4446685209126936,0.3206116721371488,0.3680661835620303,gioia
kath6kb,0,0.0,0.0,0.0,0.0,0.0,0.0,0.0,0.0,neutrale
katgm9l,0,0.0,0.0,0.0,0.0,0.0,0.0,0.0,0.0,neutrale
katds3k,1,0.0982262610374981,0.0366845490101894,0.0935196218518424,0.1124262422897262,0.059375680923069,0.0690758898188478,0.43109444973839,0.0900879702723784,sorpresa
kas11k4,0,0.0,0.0,0.0,0.0,0.0,0.0,0.0,0.0,neutrale
kar24lu,5,2.7953585099318126,1.1753911978616234,0.9336454394649505,1.9526498541719377,0.5776400314301732,3.1014791845525247,2.3617425671013326,4.151512241685563,aspettativa
kaqhdiv,2,1.588693770692844,0.6893802586842173,0.4335581535173839,0.45578610009879617,0.21371345896565042,0.8618024887043845,0.576616164457214,0.6854714993063857,gioia
kaq8gny,5,1.5246664560508159,1.2721465014584568,1.1711959107875505,1.2462951756698026,0.7619509399669797,1.498557971336481,2.2809782500618043,2.569966852427094,aspettativa
kapsoo9,2,1.1308537771697493,0.30768100989442293,0.5543832898315463,0.3093990278790594,0.4537670791733106,1.2151763438385528,0.8761759224845703,1.259598290911618,aspettativa
kapr1rd,5,2.6641316016092897,1.3454922877948672,1.378963195034899,1.4215686190375112,0.7419104592035902,1.9850381312504903,2.082982447065111,2.65426955945032,gioia
kapggr5,2,0.9206976787510781,0.1701547106907011,0.20712767572533958,0.2500420041181979,0.12340886075119359,0.8201576955742086,0.9650370901004601,1.345602010863443,aspettativa
kapadx9,10,4.981774262659942,1.8254130982670465,1.9422589230897165,2.9257554659680047,1.6056984442205178,5.130718500093252,4.164955105626929,6.747898221800046,aspettativa
kap4fmq,7,2.3381995350830773,3.747938557629904,3.596515309347856,3.433106475027614,2.7413234617311764,1.6188588183653263,2.8709259120349913,2.0425317034194648,tristezza
kap3xnc,2,0.9206976787510781,0.1701547106907011,0.20712767572533958,0.2500420041181979,0.12340886075119359,0.8201576955742086,0.9650370901004601,1.345602010863443,aspettativa
kaoxyig,6,2.4835792909007064,1.5551369476135382,1.3760399454063408,1.6104600165460314,1.0465048898277756,3.0692603991502168,2.0039798952823733,3.7505240710379915,aspettativa
kaowkah,0,0.0,0.0,0.0,0.0,0.0,0.0,0.0,0.0,neutrale
kaov7zs,4,2.241933959422872,0.7924014716090251,0.8618088234120931,0.955455240528729,0.7738394227504422,2.1684010444489235,2.1830260744676546,2.1682063025268943,gioia
kaou3s9,4,2.147722738325352,0.44494624316637693,0.6669773954203537,0.7435506997351202,0.3212681003056279,2.2663897147638026,1.6022172107528796,2.1415743776099916,fiducia
kaophea,2,0.7970359297331261,0.4564010161859777,0.4682976590852875,0.7720601416523389,0.3349881601165545,1.05679860149628,1.172457073788354,1.697427711668487,aspettativa
kaom6aq,20,7.974001880406746,6.194088926059397,5.1697252051709395,7.576639475810673,3.8932688919001244,9.250266084210162,8.696166411041041,10.976503234413023,aspettativa
kaoilmw,4,1.926199507639913,1.73860250229164,1.2049703525692363,1.677974246307924,0.9668993858930224,1.7463338878830037,2.390425681576304,2.080403851475838,sorpresa
kaobb1f,3,0.4693052149325617,0.6830198204377083,0.43612453737081136,0.5734860996948883,0.715623204012486,1.1915625018458642,0.6204209690037723,1.092218412309551,fiducia
kalbs6f,1,0.1439819115314172,0.4247606360310947,0.5569738749356773,0.9584627045055614,0.5175990223115136,0.1705667764354087,0.7681038292655751,0.3980775098090955,paura
kal53wj,4,2.08853231176768,1.5882612111079433,1.8309167658874537,1.6620473087571086,1.3755487424175323,1.17315869136768,1.4426390592796157,1.5228181760294832,gioia
kaka12d,9,5.953951506305545,2.1596728798925797,2.110684280787549,1.8694350910314441,1.6228218303031288,4.62379949848132,4.089771533516485,5.1654697273322006,gioia
kak6gd9,3,1.1452907972565136,0.8602438022179623,0.668336744668161,0.6818006683808411,0.7654999204962513,0.937527263659496,0.9190610721640182,1.1379706619743901,gioia
kak5rj9,3,1.8565948892675201,0.4344816215136364,0.38594259592075597,0.6320911729809282,0.219189854658733,1.7619521321437026,1.397679863742753,2.1217146548015924,aspettativa
kak4w1u,18,7.261241918537595,6.047150185834878,5.950760725810265,7.361546588435611,3.851940287497955,9.01937346762977,7.636414374695833,9.970656438285523,aspettativa
kak3gsq,6,2.318995209275404,1.3837261933466525,1.3981513212384014,2.0059127019508765,1.0344375614161976,2.7233607212507596,2.936245820818967,3.0829251565810933,aspettativa
kak1c8a,8,5.049312881730782,1.3840992499779465,1.4479115854332216,1.2161733505033396,0.9310295808543456,3.430187916719838,2.676275656898146,3.6339079306308806,gioia
kajrdc5,1,0.6161500982972746,0.4013142487168351,0.4338798983475569,0.3689764745427149,0.2037085645953638,0.2611316234783128,0.3436848765601655,0.3615464181177588,gioia
kahxx87,15,5.628516489530007,5.1247710006461435,4.961955915978975,5.836779596057236,3.787400115105048,7.432710393709306,6.10463282460722,8.517968938230032,aspettativa
kahrj9t,14,6.744832190596931,3.5558206890909276,2.4660817960751933,4.729034489691185,2.1352229620744168,6.16565113991056,5.0721587063077544,6.729893058895524,gioia
kah819m,23,8.895143185204862,6.978305233226237,5.761467331168391,5.434808405210342,5.138679823227869,8.57722378212583,8.680598121960738,10.757487640640385,aspettativa
kafl387,2,1.015879982123793,0.8223720527567608,0.791322668628439,1.0063683939220878,0.5845991486805622,1.0864111052101841,1.0425216279081886,1.2376595571954185,aspettativa
kafffd7,12,4.948815631267458,3.2629100837938374,2.7884162368227705,3.09943914784768,2.022428795560817,5.396406763295296,4.865761256787795,6.165549690691034,aspettativa
kaeritk,0,0.0,0.0,0.0,0.0,0.0,0.0,0.0,0.0,neutrale
kad46il,7,3.014846802538352,1.5620786575152967,1.2811294805570521,1.6203792170629243,1.0621780354820487,3.4550179247632666,3.0895294809520504,3.4008911571237106,fiducia
kacf6ua,31,11.459463204908939,12.316668681707103,11.610885829858058,11.338416396848983,8.064939272096607,13.372785359212953,11.796540897599915,14.761056083113875,aspettativa
kacf5jg,5,1.7095622968194024,1.634977920086671,1.3022326049812425,2.1136504909979554,1.3833174341763406,2.8109068784503215,2.1450622587954955,2.67530281116846,fiducia
kac0g4s,4,0.4168843277047124,2.40842458432823,2.51884539391581,2.3446458170735065,2.275536444548279,0.630413608405194,1.2602431684687452,0.8264572237783597,rabbia
kabmojn,0,0.0,0.0,0.0,0.0,0.0,0.0,0.0,0.0,neutrale
kab7ixb,3,1.255832518582683,0.8798073352773954,0.8069219635378428,0.9622348515437403,0.6395989542117728,1.1707318213158477,1.1696753768351298,1.8221378115027462,aspettativa
kab6l5o,2,1.2022602732612864,0.6036304138874404,0.3764171246135055,0.3166895208107857,0.5505090647076887,1.094848451005393,0.9883162947592659,1.3873531389435392,aspettativa
kaazu4h,2,1.6116601699937918,0.34393546873605974,0.4360184951694254,0.4408469901870457,0.2357736736864618,1.1370045084444709,1.1066896564351747,1.5997116965939837,gioia
kaakuy3,3,1.4199100347339453,1.2946030145928167,2.2954482688285474,1.9625247424439927,1.7599434056224799,1.5549324074282889,1.7289733093633224,1.3139762267810975,rabbia
kaahcak,11,3.625851917580998,4.136999847763907,3.0177485314307355,4.0389291906773215,2.7571216215477516,4.846732405202923,3.633613699819126,4.924326663542551,aspettativa
kaagmxk,1,0.4585256260503507,0.1651766973547053,0.0794634835746585,0.1497572504916096,0.0593544212094392,0.6623891790223136,0.2975416294795034,0.8262411984056481,aspettativa
kaa05wd,13,5.202576497730641,4.514173117337422,3.8750239967723497,5.385657658759371,2.756756274321877,5.455522649252823,5.034319090925799,6.923119499444467,aspettativa
ka9uk5u,3,1.3623909031294048,1.0265960781207242,1.3299246883366873,1.8092387459276735,0.9866698150987481,0.9255220350382396,1.2888472849770736,0.9779598856123415,paura
ka9re5h,4,1.6828387012496546,1.0001876261202811,0.8623697981082566,1.4806857309258517,0.6184120970259878,1.8757894395391956,1.8077109079059388,1.802535493657601,fiducia
ka8ksrb,13,6.092219799734117,2.9783241059197922,2.6904078855591163,3.0568716545584396,1.902877826359826,7.52945930701033,5.269308760896801,8.014619823725317,aspettativa
ka8hqsm,7,4.743199292618537,1.5400202931622688,2.3297161226339,1.9430058072391199,1.7190830190734874,4.360586390806635,3.893549486337108,3.995042380983426,gioia
ka7we2t,15,7.246872603740113,5.145297492894625,5.369580092893717,5.557791810092878,3.3441923478135958,6.360198697279331,5.8011987019751885,6.592880836126944,gioia
ka7w3bd,20,6.027319153490765,7.142826956337734,9.180312732014475,7.842199229365791,6.461096220838695,7.293645703898843,8.815834145675922,8.788159642275842,rabbia
ka7q8y2,13,4.0127846256911255,4.418250958651474,4.780323280801642,5.307007844070105,3.1792897683861736,5.202437723856288,5.887687019928828,6.27128162961577,aspettativa
ka78a3q,10,3.8621351374620168,4.04017774078288,3.746196419223934,3.3361893806315233,2.5052632174014917,4.414733091534274,3.7539823061620177,5.425800759461314,aspettativa
ka72n7c,2,0.8289892038639451,0.1485454963153257,0.17191665503050668,0.1990364840458661,0.1349721366958643,1.24380513799839,0.6654628137695016,1.1149683219633004,fiducia
ka70jbf,7,2.9895192027179354,1.3629159837133045,1.0282910656986033,1.3011192599333874,0.7949883365864249,3.6485984675036156,2.5757812993871085,3.3503087352677388,fiducia
ka6xr4v,4,1.2957735392497907,1.0091388513231534,0.5691998595025224,0.8909323658502072,0.48468427595527436,1.6011020052215743,1.2358369156809128,2.345522807471136,aspettativa
ka6nh3m,2,1.38699303437655,0.3371023120117918,0.28766073054414243,0.4144223565611206,0.2702028633205039,0.9602658884503685,0.7524898297158422,1.2472053664469622,gioia
ka6mgpy,0,0.0,0.0,0.0,0.0,0.0,0.0,0.0,0.0,neutrale
ka6mej7,11,3.3997963191686633,3.6259834347515127,3.9803402090160325,3.8038027992193952,1.7234278561192091,4.047982489125496,3.291735434342238,4.270998857015591,aspettativa
ka6jv5t,4,1.3583918672143762,1.9150841256544175,1.766664357239704,1.5880907848048607,0.8272176598388177,1.9663081983117798,1.4225757474183562,2.573052440989869,aspettativa
j2d23tw,2,0.3371702246193683,1.1677182509397463,1.0816481017241195,0.7174875736619857,0.811840959120463,0.5497399310952812,0.6641964575978205,0.9696644326791826,tristezza
j2d0e5k,31,15.742379520485745,5.910256262394542,4.992306516565483,6.130344712179975,4.156074697340158,15.824638153200086,13.453273164987639,19.589850147308987,aspettativa
j2b44ks,0,0.0,0.0,0.0,0.0,0.0,0.0,0.0,0.0,neutrale
j2aom5g,26,10.60735983214084,6.596669714942336,7.652055976301998,8.221232940098472,6.3700402177937265,12.150778963435757,11.603622860900613,14.686625176799678,aspettativa
j29zk3k,15,4.125836179646771,3.780859501437464,4.4592809106121,4.931031799770721,3.178213702798305,5.040902792328505,6.545740362645555,7.461242010290714,aspettativa
j283mhu,4,1.9810788187492312,1.1432331151481085,1.047511340850136,1.116564519592558,0.8169523795197322,2.1587135873258356,1.854693668718242,2.3908646824056703,aspettativa
j23i33c,0,0.0,0.0,0.0,0.0,0.0,0.0,0.0,0.0,neutrale
j23gaco,2,0.7865376360604431,0.4455888346076819,0.4246434006364268,0.4375129027913462,0.3908557983936582,1.0788761981666064,0.4889295198021079,1.312390951972545,aspettativa
j216bye,5,1.4273496322526156,2.060852027944731,1.807610231887739,2.4012401493440976,1.3465560953860427,2.064011007181375,2.1458276949988195,2.744324307308423,aspettativa
j2153vx,7,3.3100819870202844,2.441850717860869,2.2551266185249585,3.5896513860529304,1.6012447864848451,3.1597892271299433,2.888369504316415,2.9623781027015723,paura
j20iviu,4,1.169825707179846,1.648861054315196,1.7759431965426438,1.7351673010605313,1.1847864730937705,2.1065193951120453,1.407193620878637,2.2160988178498586,aspettativa
j1zgxm3,1,0.4962577721170598,0.2227395703523841,0.1790241806278971,0.409330951690351,0.1103090594210891,0.518200112049834,0.4374709223440535,0.7155539836971545,aspettativa
j1yu2f9,1,0.8304727293781013,0.1794353447438392,0.2847292983579513,0.204448868552309,0.1271799347310956,0.5709951071769668,0.4237871573487125,0.4284524817832607,gioia
j1ytox1,0,0.0,0.0,0.0,0.0,0.0,0.0,0.0,0.0,neutrale
j1ys4kg,8,2.54145992162505,3.1601515614762543,2.8800431396547963,2.747774521511086,2.2166156331604463,2.317839203805149,3.579050377808877,3.713695421430484,aspettativa
j1yel06,3,0.8361522176267638,1.0459280801518744,0.8175437075287345,0.8186199200942229,0.5575155345821263,1.5075396015585414,0.6137376338538909,1.4932746668469412,fiducia
j1y9wa9,8,5.035908058923636,1.1208439773417151,0.8740471509041761,1.293762100825562,0.7634502261827788,4.154039696616403,4.145421025605437,3.697028729281879,gioia
j1xvssd,18,9.008212495537933,4.9476322525163905,3.9532140824500357,4.235804904845362,2.8214122732351603,8.486679191066118,7.103205033749318,9.803411605325076,aspettativa
j1wj6jq,3,1.077947202023959,0.4226956516059407,0.483952821837249,0.4517192074507787,0.6271014811012158,1.8211991990238856,0.750949087132653,1.8317906842096965,aspettativa
j1v5rep,3,0.9803937927014665,1.3895760117676514,1.1545056705125711,1.2518662355903627,0.7355747771550075,1.6634052463181295,1.024947799654702,1.594757776391193,fiducia
j1ulsjj,3,2.0692419102757174,0.755100174560212,0.45742841281715574,0.6075887422219555,0.3560192109950356,1.7616559939284526,1.4421710797656648,1.9829126487403765,gioia
j1u1z12,6,2.0196861903981995,2.2252107773520793,1.87210696317072,2.333799786794479,1.2768153496676966,2.9211059442904768,2.1010101656007882,3.3693585202389498,aspettativa
j1tn8pf,0,0.0,0.0,0.0,0.0,0.0,0.0,0.0,0.0,neutrale
j1tiwsh,0,0.0,0.0,0.0,0.0,0.0,0.0,0.0,0.0,neutrale
j1rol8n,2,0.7239551994719301,0.5929174476486967,0.5560990359465823,0.7188134277901996,0.3968221069833059,0.9910973668839398,0.9172232122501311,1.6603520592818228,aspettativa
j1r9010,1,0.4490999315516146,0.2158368473959226,0.0972365525026039,0.1359274801586756,0.0756477495276957,0.3857461352642204,0.3568094876854459,0.6099352257357269,aspettativa
j1pl1qb,2,1.412207833567395,0.5793242999922075,0.3711990204249812,0.4815289443528309,0.2891789799726403,1.3061619846935935,1.009737299967499,1.4881899300070696,aspettativa
j1nun1z,1,0.9088406847461395,0.292515314461426,0.2665019285437978,0.3467337707375037,0.3041824056579719,0.7231575213817208,0.5126544067155423,0.6605068561720284,gioia
j1nen94,9,2.3674026696606423,3.8336071044826983,2.8392028495416475,3.1701353812597977,2.1654370580668143,3.3757337186476355,2.905967258557669,4.427646649785693,aspettativa
j1napve,4,0.9986525304475508,1.6294927792286642,0.8607083084944263,1.5410720465986676,0.6633788559173253,1.6155274399988926,1.254978353442921,1.9191072775386013,aspettativa
j1n8yp3,2,0.483352216905218,0.6414925672809564,0.2870491407756706,0.5184314436116628,0.19413357898921202,1.170295658664817,0.6327906752015361,1.170385650887949,aspettativa
j1lkcfq,8,2.455973248328959,1.37257602891082,0.9640758633393476,1.409084259236606,0.7885599626534101,4.2845277101843235,2.640976357492257,4.309301280706008,aspettativa
j1jt7ju,0,0.0,0.0,0.0,0.0,0.0,0.0,0.0,0.0,neutrale
j1ig3u4,9,3.693904863316157,2.566618268061813,2.8538529450446894,2.9831813032269054,1.826545755867132,3.7706023636365513,3.3315466369995486,4.16453286825073,aspettativa
j1i4451,5,2.2346226474614994,1.1521511857305562,1.357544560684631,1.7735387396750282,0.9824179512583028,2.2803910187784435,2.351911486108733,3.6363299081301648,aspettativa
j1i3po8,21,8.727679619208473,5.255538893134054,5.887178833727283,6.7917213896790845,4.556558456463602,11.367236120587817,8.283156504192634,11.45727192239357,aspettativa
j1i37wy,0,0.0,0.0,0.0,0.0,0.0,0.0,0.0,0.0,neutrale
j1hr9t6,19,10.395300096013765,4.899071384805301,4.612431067041635,5.310269611323351,4.204988687895592,9.16585389971895,7.403127664549178,9.962034595750941,gioia
j1hpmlw,5,2.9117468803226734,1.3393024512495013,0.8136081772219816,1.1643065696052528,0.9175259002418623,2.0281500400631867,1.6594132671886568,2.3464589509677802,gioia
j1ho4wl,9,4.268271116005795,1.854160125777862,1.8021634967362408,2.4669903939309914,1.345780223416074,4.521594645290655,3.7777435690232766,5.38346904753574,aspettativa
j1hknzf,13,5.465441589925198,3.9869139920887635,3.3165126204558506,4.603157775581726,2.391284077948193,6.062702491978219,4.730338987937605,6.683388256216428,aspettativa
j1hdt3u,11,2.6335041314653482,5.1172947426366795,4.936427940421112,7.424155640016343,3.714083812781329,3.2975231619877974,5.232399514523147,3.750650917393798,paura
j1g8ri1,15,5.7591653848196875,4.366115470593121,4.5242285577902805,5.9627146619726075,3.2104233722041764,7.40977597420181,6.271133679039623,10.072356834732595,aspettativa
j1fqh90,8,4.307834047074497,2.1563673304003137,2.302828774964848,2.7620328008181865,1.6013476965979878,3.794333322006832,3.8117047454566335,4.632043707054088,aspettativa
j1f5ey0,0,0.0,0.0,0.0,0.0,0.0,0.0,0.0,0.0,neutrale
j1du4xe,23,10.054826507717967,6.237388502107081,4.8500277561974965,7.960478002813029,3.6358809024386227,12.204834440233729,9.658199381220415,14.436174121101583,aspettativa
j1d5ih1,11,5.887669680335559,2.7541499496855493,2.4099069606735717,3.0439460519273553,1.8206157880445053,6.030167756541915,5.306410659566145,6.472112657806775,aspettativa
j1bi7g3,0,0.0,0.0,0.0,0.0,0.0,0.0,0.0,0.0,neutrale
j18caz3,5,2.296398850244456,1.327159867075299,0.84732689687837,1.6844207253922374,0.6769516597866443,2.072118481782853,2.1512343509584864,3.104001346337485,aspettativa
j18c4d2,50,22.625382882342763,14.052418642540907,14.179737926211244,16.683468213887082,11.136145773352215,21.402001434406202,22.46291351758499,26.043733168300484,aspettativa
j181tp0,68,27.24385372326851,16.877912995055944,16.121205922650613,21.264520888658403,11.3233247102036,29.120009282460288,27.47324471262446,37.09523168117921,aspettativa
j161mk4,5,3.2180826213478158,1.3390518370111884,0.7772074226593895,1.0938275261570807,0.6147539631512466,3.039276768211851,1.6318105907291798,2.6761098869135,gioia
j13i02f,1,0.418248917217903,0.3742184328115769,0.1980499983817069,0.2672272197810823,0.1055111306912383,0.702515343781607,0.4832562515490739,0.8368584562254568,aspettativa
j0ymklq,1,0.0727414721061597,0.927930105406476,0.7860929879961163,0.7368666555221575,0.6205722533604562,0.1406508971842602,0.2270113346247139,0.3512532790945545,tristezza
j0vx02d,35,13.654523405259429,9.137398416852918,7.03614794124813,7.6928618747735795,5.355959895074044,17.14411964445983,11.938544365227358,21.106034617112485,aspettativa
j0vgbbu,2,0.8839063291485942,0.5455946288449649,0.4904390020460168,0.6578165866759641,0.4742640567883095,0.5707436751369188,1.1210081009653077,0.93906394939362,sorpresa
j0tpt7s,1,0.9088406847461395,0.292515314461426,0.2665019285437978,0.3467337707375037,0.3041824056579719,0.7231575213817208,0.5126544067155423,0.6605068561720284,gioia
j0rtt8r,13,5.405107258195657,1.8870771019847752,2.315344985952591,2.876382298460348,2.2339886772612774,5.618403894052243,4.662932207236692,7.895098203572646,aspettativa
j0p4n99,2,1.697991461808432,0.6094198379734213,0.3215963862115714,0.3965824620381238,0.163441480005995,1.4321130790277943,0.8170621856402552,1.1694840430421258,gioia
j0miof7,6,0.7316895054507393,2.295441948634288,2.405501666183721,2.3226370552678888,1.698730555842443,1.122736360898791,1.613351385189374,1.607667166465898,rabbia
j0ljrvz,12,5.623852273738283,1.9014914243284275,1.762442624580669,2.48173382290699,1.5885659337528724,7.412606872639337,4.2305105130883485,6.527447637007886,fiducia
j0kjxhx,4,2.290396281277765,0.560482564772447,0.5961853185949253,0.6093386869697575,0.3268290300928498,2.190987416555819,2.1177891118107763,2.979772526487967,aspettativa
j0kinsa,1,0.5295741747550058,0.1571769552839228,0.2366802418009945,0.1851573287929102,0.1348322520318232,0.684167105539516,0.4119599401549823,0.4527186036427407,fiducia
j0ke4ri,5,1.437955073553291,1.5836763339417095,1.5285681130480673,1.4639487683638974,1.142548666002396,2.2187329370785203,1.540023980697482,2.732377451908908,aspettativa
j0ke2dh,1,0.4477688076254165,0.3968282608545052,0.2218800547607461,0.5976242301283912,0.1617352731434802,0.6149321461884563,0.3275184057299821,0.8655908150396592,aspettativa
j0i04ft,3,1.0520095450406284,1.0765416253913132,0.7607428242654052,0.6671397377083292,0.34864053053750443,1.5904377218737906,1.1794653184568435,1.4023413203593034,fiducia
j0fxzz6,4,1.599653901842639,1.434059127224496,1.6417747718007767,2.1853108105081303,1.2330043826640333,2.057148014592926,2.211925885146629,2.44060276803126,aspettativa
j0ftcvo,6,2.396598577578481,2.2253376635460684,2.4624025871321127,3.3201556253755555,1.87699779697483,2.9741929601376738,3.498830115622344,3.6418960864510863,aspettativa
j0fry9a,10,4.653934059390712,2.4652939700725036,2.504718429305356,2.3035503234980674,1.5511548727374602,4.067583712518384,3.6836815044307034,4.709800673683191,aspettativa
j0fnzqf,4,1.2614017523728918,1.2833378011524346,1.4358147250984261,1.7633529380864739,1.2487078788154278,1.731080378892195,1.6269817406298777,2.649704969315346,aspettativa
j0bpt34,17,5.198300339504418,4.843417981780515,3.816112565146534,4.4062330805017,1.9827708465942355,7.263764357520004,5.092814000323764,8.476919534762734,aspettativa
j0awzz4,7,2.8655115736738312,2.5773049308664606,1.8320008363396687,2.021089079932358,1.3978149869003036,3.1756510222607894,2.9635526048065155,4.248931898801549,aspettativa
j06lq6r,3,1.4876620045257618,0.81590827191404,0.824477439512419,1.0004633430529295,0.6544243203989677,1.778449808816678,1.7901466467400018,2.115502727460253,aspettativa
j05zgtj,3,0.7205353984068328,0.9562098493405538,0.5332813334196385,1.3023193900580827,0.6460245979896504,0.9343570280727911,1.4658079588922688,1.986335526097247,aspettativa
j01m85s,0,0.0,0.0,0.0,0.0,0.0,0.0,0.0,0.0,neutrale
j01h84c,12,4.141058820541245,4.4425734893172235,3.7463265813296425,4.587507399582074,2.4653695519850696,4.604496316999343,4.4146609192385675,5.647812333585505,aspettativa
izx5iug,4,1.5588042643595117,1.3954949934760046,1.8031294842666563,1.3974839488438462,1.0092267235349701,1.2381508787006261,1.5523707344246638,1.3811106983843533,rabbia
izwsogc,10,5.197512464293725,1.4899314087525666,1.2924414099137926,1.9605958548134481,1.2997373365144025,4.602330575779254,4.056671698269151,5.652390219146467,aspettativa
izwe4zp,3,1.8213074788374763,0.4691379946858254,0.31631009820103695,0.6269093075499159,0.305870553149591,1.605068428313678,1.1696098314858037,1.915906838024827,aspettativa
izsix4v,12,5.509886927416815,2.611751363516097,3.0405898243954415,4.319882945915602,2.0418588999282794,7.171545486651329,5.757382749240967,8.943407416294736,aspettativa
izrnhcq,0,0.0,0.0,0.0,0.0,0.0,0.0,0.0,0.0,neutrale
izrncn5,2,0.8255139240480869,0.5144415074633817,0.48051444807757604,0.5376364848052185,0.3612869356511616,1.25675505161218,0.9156581604603113,1.353984771381367,aspettativa
izps8jv,32,12.424231350060447,11.422548889587286,9.790186846102252,11.31968199488126,8.094308411923432,13.280787411600077,13.139787443966753,16.61725917965589,aspettativa
iznusqk,3,1.9734280990591615,0.555194361368302,0.6514167300475473,0.5507626466029224,0.2761033669940079,1.7009323677590937,1.1066618407996258,1.5099203026864003,gioia
iznp0pr,1,0.4178948370313979,0.0622902501934608,0.045897763818175,0.0778392868888974,0.0314526755473867,0.9929565381577408,0.2285194535941745,0.530705496809933,fiducia
iznc5nw,10,3.7666732003791705,1.6336624414316299,1.531501495594878,2.106771816606135,1.1682339154306518,4.645417054881153,4.1503118827593175,5.02629981357388,aspettativa
izm2blk,0,0.0,0.0,0.0,0.0,0.0,0.0,0.0,0.0,neutrale
izkn5g7,6,3.082972272026976,1.0559887522350566,1.0014804778202526,1.1002818319126029,0.8947222638882799,3.1950457057636275,2.2160826124746498,3.111038378171396,fiducia
izjh92g,3,0.7315609141025732,0.8790666189553776,0.938215147677023,1.6333168860859812,0.6511410472482065,0.9761827849278938,1.4121453718342827,1.3276618385359746,paura
izj0unb,0,0.0,0.0,0.0,0.0,0.0,0.0,0.0,0.0,neutrale
izin3aj,3,1.113253447305014,1.0304436675238053,0.8667452998151444,0.8375673206897148,0.3666731498035839,1.6554225398547227,0.6186640910337122,1.7639297852994062,aspettativa
izii45h,0,0.0,0.0,0.0,0.0,0.0,0.0,0.0,0.0,neutrale
izexuf1,0,0.0,0.0,0.0,0.0,0.0,0.0,0.0,0.0,neutrale
izdw2tr,5,2.788977587649674,0.9864629139670504,1.0147749817809788,1.4001056948731798,0.7090977096862375,3.1683873107398157,2.317555719433372,3.8120764511162664,aspettativa
izbylor,8,3.148076589297661,2.2425689261857804,2.55101618851582,2.8590770723850136,1.71673221720798,3.9770007492844557,3.2147249838339715,4.600205485436617,aspettativa
iz98kf7,15,5.983320545825155,4.722336596965713,3.9153049219373157,4.553758998147864,3.003574586315376,7.953651189652431,4.933726995842618,6.941087582992369,fiducia
iz8zg4m,3,1.5245608358642828,0.5355376517240448,0.5805409877151466,1.1979515421205245,0.409319667283663,1.6282328332017686,1.5683833055592655,1.6036994055683294,fiducia
iz79txb,6,2.071890293622742,2.5211947111989055,2.3927346504541487,3.9059107671560276,1.9856243876169408,2.061410403644051,3.5552739540805858,1.6961435813126142,paura
iz5te6a,1,0.428668605707776,0.2125666001259445,0.2154107019831197,0.5274657524313878,0.1807767795735598,0.6172068185702854,0.5568608625001206,0.9342578934285964,aspettativa
iz5iq6s,6,4.332197599691684,0.5998361943343584,0.5417193762825582,0.7423236227595449,0.6494195676960912,3.4976976218657962,2.590867143498561,3.578435128614595,gioia
iz4cnrx,1,0.1572989068227017,0.0611129523674324,0.0415153990990767,0.0687915693142812,0.0271298203241195,0.5073905383556091,0.1363365208778421,0.3424223302803525,fiducia
iz4c68u,4,2.8434720881525677,0.9100703209511241,0.9189876005301033,1.0149889155520917,0.7485015574426026,1.909654204591192,1.8143093427535577,2.0665441954177184,gioia
iz476jb,0,0.0,0.0,0.0,0.0,0.0,0.0,0.0,0.0,neutrale
iz43kc6,2,1.413290906246217,0.9088583714742514,0.4516866192948398,0.5077814267530985,0.4705291459526952,1.2064861943134262,0.910642942763662,1.4201640196771366,aspettativa
iz3oe4j,5,2.7516845534066037,0.9524464778158261,0.9385873670550143,1.343299289493225,0.9296061481696043,2.094768101663796,2.211794601729723,2.973052779099499,aspettativa
iz3nw7q,5,2.001710057172668,1.2389028149479688,1.8336242051905525,1.3894237736716735,1.6885668204890323,1.6942009111511802,1.9064954881421632,2.5411197457890546,aspettativa
iz2ilkh,2,0.8680359564050321,0.47250731771945903,0.6202345257335068,0.7398989723233175,0.4296947532466875,1.2271688265740406,1.0057384754069043,1.121318610059992,fiducia
iz26lia,0,0.0,0.0,0.0,0.0,0.0,0.0,0.0,0.0,neutrale
iz224om,2,0.9531788523108969,0.718956210021537,0.4508715379657489,0.6100655853141999,0.2822237986127804,0.7710776296466817,1.2390034808995052,1.0444237492689497,sorpresa
iz1itb9,7,4.413050593301062,1.5359484525293812,0.9992774811176713,1.228120247453916,0.8647773720127799,3.447146084345324,2.9344059508455578,4.298378679642045,gioia
iz1gx83,3,1.169425818577,0.5555413389550337,0.7015478428700854,0.7730217028330058,1.227710272297043,1.0521865425393497,0.9957518411093768,1.2050765130219203,disgusto
iz19c6c,2,1.5921898556829976,0.0822760655554595,0.08472414871393591,0.12722752065215942,0.2198764793127977,0.6161691312225017,0.5595682458250312,0.5112385170958531,gioia
iz0tnir,21,9.556784244481868,7.677975297906908,7.953535765229221,6.801873539880586,4.264102994579801,8.841790367275314,7.948787841296005,10.321482182900496,aspettativa
iz0h9xx,1,0.2395031679212905,0.3088885268657293,0.2361700602775917,0.2614262646721768,0.1966863366488628,0.3127094840184689,0.618000709941456,0.4254128005348422,sorpresa
iz0f0d2,5,2.5610832192819712,0.9931122605863749,0.7764367442396829,0.9864559133175308,0.6098204592991981,2.9488297139108437,2.192865275422559,3.4065378725047406,aspettativa
iz07wg1,0,0.0,0.0,0.0,0.0,0.0,0.0,0.0,0.0,neutrale
iz04llz,3,1.742541260023962,1.1684466125657673,1.0636636117783715,0.6154838403962717,0.5369037833033524,1.2377881585624735,1.2299822561952483,1.3889355087987336,gioia
iyzewrt,2,0.8386020563092216,0.5798944413256873,0.6108876494791571,0.7919749693211291,0.4375121069371536,1.0880615350973808,0.6412313942851992,1.0235100258235872,fiducia
iywmfgz,3,1.3015332392241326,0.6863210975254053,0.7531213646637557,0.9447421017584855,0.42651205685683313,1.164585025290407,1.3244096817674986,1.7456527720872044,aspettativa
iyw7rve,6,2.355370768170871,1.4777739519156181,1.0986404771461433,1.5071987377983234,0.9412808542142563,3.8882453474335854,2.1447053759262227,3.6083916660379876,fiducia
iyswqg8,0,0.0,0.0,0.0,0.0,0.0,0.0,0.0,0.0,neutrale
iysbl2d,8,2.7939524700116887,3.0250388937271073,3.6056774296433374,3.2411237721623163,2.6360099151490908,2.6938499681769557,2.517876015931772,4.0530063072163385,aspettativa
iyrkgx1,3,0.9749275295907273,1.3547497807365376,1.4398706207610212,0.9517411158003277,0.8222967874648586,1.1800406592165433,0.6508121986463603,1.2959341235172126,rabbia
iyramrc,2,1.0484428176305343,0.21782933449957947,0.25806363940069377,0.296907657827281,0.17511174186875778,1.2419045702868474,1.062729595627632,1.3286353191679723,aspettativa
iyqgy18,1,0.7970813852793694,0.3171020103582631,0.1588510879892309,0.4352906746886862,0.1326278906257191,0.644542146753723,0.4834886874910654,0.9279228753393324,aspettativa
iyog6tt,2,0.450293093039532,0.542875235794844,0.28656987794299804,0.48035749829558927,0.1872908885553113,1.0250759827817078,0.7572697457128879,1.1160868571618046,aspettativa
iymuuk0,1,0.3431667146830855,0.4371695422709561,0.4051120985767847,0.4229596065220277,0.3093323616402019,0.5754936102184249,0.4836506752711749,0.7897307423479833,aspettativa
iymf3ol,15,6.1982897991707,3.9326155316171745,4.230307673827966,5.287029911027706,3.093201144779606,6.628473438431227,6.622581247892647,7.852578637174991,aspettativa
iyludu6,10,3.9925405894878807,1.4511335886195817,1.7611733574367492,1.721630411168666,1.29698400130798,4.252993953041558,4.546077195355473,6.000959012049641,aspettativa
iylp6it,1,0.159400697811482,0.1034076603909825,0.0848879318514704,0.1956156199604104,0.0617468266433663,0.4036954698282783,0.199774413675003,0.5568673048616353,aspettativa
iyjzx7t,16,8.244861486304249,5.964014963368412,4.093180268143858,4.412012542277242,3.3962812156137865,7.284828074748378,5.647546607656892,7.819554283230315,gioia
iyjj9kc,1,0.1337301039402788,0.6617579927384747,0.67931570499759,0.8485344508781434,0.5606148840720862,0.2670593142668658,0.41815090890224,0.3447778237210999,paura
iyibni0,2,0.8526592701463355,0.5526395464376984,0.5385186530195252,0.8137044799595786,0.4480526381309329,0.45363122780241316,1.203732920945134,0.6560712014595064,sorpresa
iyhtc6e,1,0.9088406847461395,0.292515314461426,0.2665019285437978,0.3467337707375037,0.3041824056579719,0.7231575213817208,0.5126544067155423,0.6605068561720284,gioia
iyhpznu,1,0.131795902063487,0.3915050033825465,0.5235695482240001,0.6814258897366858,0.3267387493829034,0.2507946897718111,0.5227795417717487,0.4570461593774205,paura
iyhcc0g,4,2.4516660263253796,0.9261801569882929,0.8174131921056587,1.3330057125248207,0.7284692645050482,2.363333071681188,2.3927363212820274,3.193425832999696,aspettativa
iygvyn9,0,0.0,0.0,0.0,0.0,0.0,0.0,0.0,0.0,neutrale
iyf6dzg,7,3.2806323137277436,1.1197511497804815,1.094955118911861,1.846812968411433,0.9573600299384427,3.554035628083811,3.0943221551860987,4.525171969063172,aspettativa
iyex6nw,0,0.0,0.0,0.0,0.0,0.0,0.0,0.0,0.0,neutrale
iye51gr,1,0.0728415150286963,0.3543991722667826,0.3989431428391084,0.2715661011843144,0.5631397820177032,0.156321431195792,0.2380218116403591,0.1002065025729085,disgusto
iycxitw,13,4.935901368266709,3.443832718350178,2.9667559771956196,3.0486340679229693,1.8764724084373485,7.0926545007707515,4.401057986824585,6.877723112186871,fiducia
iycwplh,3,1.852877608995856,0.4936604771268995,0.4144499078739308,0.3896290841836181,0.290246240733959,2.3263932571997676,1.2480693609902151,1.7916754734960567,fiducia
iyctica,2,1.2068444196963548,0.252325899066811,0.4289957691246328,0.31326364850227817,0.1860359496494319,0.8297526192752789,0.9180357982971296,1.1041198792101987,gioia
iycmlqp,1,0.6253812238445249,0.1099500745249739,0.0867500372854588,0.1266494335175841,0.0603747389813613,0.8049057901406506,0.6437282066321064,0.5902368650787063,fiducia
iyciqz2,4,1.242589269351876,1.810156272262311,1.5803811413058955,1.5377856327990838,0.8945915197014886,1.1016329399117075,1.8397226487537244,1.7613408731147606,sorpresa
iych8rr,1,0.8456144594002926,0.2993298146276583,0.1382015959741815,0.140519355310936,0.1806426596818726,0.6834859772260685,0.5032986238183594,0.6420163705546114,gioia
iyapkjh,5,1.9693523518312743,1.7899414655425148,1.615866728149424,2.476054890318579,1.4176981024306354,1.7720532391683324,1.8846122904499478,1.796037123302245,paura
iya19b1,6,3.085273192361681,0.677129808926377,0.4879461087961573,0.6696474412495257,0.4218180676571861,3.598183363079883,2.5269552834457762,3.6453405266244805,aspettativa
iy7qan3,0,0.0,0.0,0.0,0.0,0.0,0.0,0.0,0.0,neutrale
iy7oz2j,1,0.0613026355026423,0.6796045221517728,0.8145924481200437,0.35468170453638,0.3559644349331504,0.1225742460213815,0.1985178878113932,0.1975840763618875,rabbia
iy7mj2y,8,3.167699792088145,2.5009166027297596,2.0375069145600784,2.7055921543680412,1.3430747192649424,3.674116496872495,3.016674201048963,4.189370117465827,aspettativa
iy7mdbb,1,0.6570340767083224,0.1757758745680045,0.0862293923921745,0.1260597978691246,0.0668402310223953,0.4554940092348591,0.4324337797981659,0.494722718733307,gioia
iy7liay,9,4.458932980981766,1.8335302871649863,2.062390071266545,1.9108048615514293,1.3057285228046323,4.455455164811333,3.912202176615776,5.57325933611179,aspettativa
iy7h6j9,3,0.7584935193553601,0.9665587586673718,0.7062997615948269,0.6617397319613064,0.5514675607875603,0.817306595420202,0.659012719736457,1.3418129588577532,aspettativa
iy7d3fx,0,0.0,0.0,0.0,0.0,0.0,0.0,0.0,0.0,neutrale
iy6d4c7,8,3.1104498165522925,3.2439606614935417,2.370176796517031,2.0696119525228864,1.660885150391258,3.0706189468524903,3.2592886681720508,4.099309221481659,aspettativa
iy4c6lh,8,3.7800619903487567,1.890774358928685,2.2967057716710366,2.766672184415578,1.6532287541145043,4.041309252906292,3.2005871566398714,4.679144963767111,aspettativa
iy425br,4,1.0961299711040204,2.388638404798567,1.8039834349909178,1.7424147445598646,1.4101399912912016,1.2591380396070042,1.1821100778549591,1.0881912236909257,tristezza
iy3cm4g,2,0.7920550944495441,0.7143469489036375,0.6290384248993911,1.032180560139937,0.504253526381495,0.6659250097711086,1.1115576191565915,0.7060281682754501,sorpresa
iy0myh8,6,1.847060312188364,1.8337455181042241,1.275444413704227,1.6244147149857473,1.1990931082393828,2.938891362987962,1.6947643677450521,3.311535476313378,aspettativa
ixz5pe7,1,0.3040893462750743,0.0641451024634051,0.0431467619707358,0.0741090782376585,0.029604236393652,0.7566098834171537,0.1636278897864514,0.4906448986400311,fiducia
ixynj62,3,1.0382043198634823,1.5580725282258363,1.126521502714414,1.185563378055903,0.6732895406398944,1.4376907609375664,1.2710764409008586,1.8062037229936574,aspettativa
ixylp0n,21,7.058776220841258,6.37821821141996,5.862602317193348,6.746129866557012,4.233497454373948,9.128176483053096,9.679266309203445,12.266055792941485,aspettativa
ixwpxe1,8,3.3997083223126223,1.336183686192096,1.1468139367903702,1.8059461604319789,0.8772361570458588,3.9397377814343644,2.859045122538222,5.785963576826228,aspettativa
ixvexor,3,1.3978132602086997,0.46498541571694785,0.7355689116540904,1.1751065929189803,0.5484940357095229,2.159997045586352,1.3834194886992357,1.632642124142116,fiducia
ixqe3jq,1,0.2610893275247936,0.0850003226892069,0.0802362528667433,0.115947846855631,0.0546512452094331,0.4454468345700655,0.3422670113791099,0.606850904958587,aspettativa
ixnuu01,4,2.0801512543188827,0.6303269615163256,0.685332291969877,0.9961249572507022,0.5234397504653046,2.3252634829057093,1.5401126007609067,2.5214123449676977,aspettativa
ixnsnvk,1,0.3715640095474748,0.169254088164856,0.3545988898500349,0.2300274956786536,0.1775513779815544,0.2651278138122097,0.6871006699667846,0.2681587823784867,sorpresa
ixmzq88,28,13.14912109412663,6.205502263201036,7.228073076312093,7.629673820450187,5.307520715715852,15.41605340799395,11.052859851149265,17.7790567145942,aspettativa
ixlno1t,3,1.2017706595025854,1.0461610996663213,0.8562357435321468,0.9027350784053465,0.8422689505412556,1.212287285084951,1.52114962754644,1.6003285648664332,aspettativa
ixhiq45,22,8.76827684195498,7.257213190692189,5.963050359155234,7.2093353254819865,4.068043327717244,10.165611395278894,8.589547884594664,11.802662990195877,aspettativa
ixh1lpi,2,1.0664486247281475,0.39797585810918723,0.2736975393809327,0.4704211764320035,0.1558948228461089,1.2674586106586923,0.7703762808514936,1.3777316268691382,aspettativa
ixgofdv,24,11.974658484521076,6.773620893854264,5.464370150089742,7.5359294309695475,3.6548036401451136,10.840234712424891,8.935459830779806,12.041703284265799,aspettativa
ixeazqd,3,1.2464463318455075,1.2861012434270669,1.108362507352716,1.1413232092222287,0.7221604456519932,1.1753524437920682,1.4815758182586674,1.9480782702958264,aspettativa
ixe9i4u,6,2.481761330672558,2.2347881699984646,1.7582391395298729,1.8300652181308292,1.4480969468096143,3.0205575175517922,2.37139128529038,3.9005918003103495,aspettativa
ixe4hv6,4,1.3601621260294738,1.7651389451841777,1.2525618621864778,1.4146491714625828,1.155070559308437,1.4473618478812704,1.8429998441334734,2.0953263212690056,aspettativa
ixd6hs4,2,0.3034214938899442,1.1712071280005234,0.8098069077095691,1.1549038040594586,0.6599679260221747,0.6035405751666599,0.7309575901311041,0.9133424871670087,tristezza
ixd69in,3,1.1934077077288692,0.7857432297384515,0.3646743260806903,0.596777709058392,0.3122788882659807,1.234808053414656,0.8038819858528625,1.0042148891363185,fiducia
ixc5c1f,0,0.0,0.0,0.0,0.0,0.0,0.0,0.0,0.0,neutrale
ixa8lpk,2,0.9969888721932514,1.069973310202748,0.7122602996644932,0.4173043973763128,0.36290868108507257,0.8524733516186487,0.7295227518309317,0.7786937552901056,tristezza
ix8xkmp,5,1.1212311973580444,1.6736087616696738,1.3028170744015029,2.015906052655064,1.0714362718742365,1.385470103040309,1.6691735615240821,2.367055913618241,aspettativa
ix8pe2a,14,7.362833477411487,2.8155972119564674,3.0956004029940094,3.2403548541625793,2.033340275341555,5.753578476634907,6.2346144451782965,7.065353231148979,gioia
ix8np4a,6,2.838894550707163,1.8037244308643403,2.050111397210191,1.7750914856344424,1.4209161443298084,3.402759899580804,2.6558575872811847,3.294188717106438,fiducia
ix7p2ho,16,4.134445186760081,4.576415242801354,5.387593254157186,6.345453272131197,4.256569769520069,6.172064350333586,5.017957720754721,8.873501009691639,aspettativa
ix5afcf,2,1.03102499123346,0.3308224432731133,0.3254183471059529,0.5644801044439802,0.206012199302455,1.3058901875238784,1.0080773165058283,1.8088834169701329,aspettativa
ix4s1x1,1,0.8456144594002926,0.2993298146276583,0.1382015959741815,0.140519355310936,0.1806426596818726,0.6834859772260685,0.5032986238183594,0.6420163705546114,gioia
ix376qk,5,1.9566074863607492,0.9395810311543794,0.7312988471597265,0.9494829575026502,0.611655642387909,2.4929463980570645,2.138203180028249,2.5956704467890797,aspettativa
ix33jiy,27,11.119120107695691,5.986303178908222,6.879397939313539,7.124150364663081,4.772544196760156,13.274239474741856,11.053693255890463,16.313212191678947,aspettativa
ix31wju,1,0.0153307430827756,0.0775806172420924,0.135510030401513,0.0649221962518137,0.4709545386562204,0.0142461540527606,0.0640544936886521,0.0201043775466607,disgusto
ix12hjl,4,0.9574685530288554,1.3675231483947858,0.9407137635010682,1.3353894504625528,0.8896112942049127,1.7307077451567816,1.375993341943139,2.626267716817885,aspettativa
iwz6fu1,5,2.0369911778477783,1.3830610355404271,1.52599112168392,1.1653088102926328,0.895852765241565,1.853747285616905,2.1741632281882515,2.493102805710976,aspettativa
iwylaxg,7,2.786053317576507,2.292328658250165,2.8266225515927696,3.0250899515821104,2.669629627490075,3.016381282167969,3.0467925418612767,3.6420972161790544,aspettativa
iwyec0t,1,0.1966573256965476,0.2968613804441961,0.253278698302205,0.4224824594160539,0.3321153037481795,0.2178797253531785,0.3056565158779539,0.5709006575285371,aspettativa
iwyebub,1,0.1966573256965476,0.2968613804441961,0.253278698302205,0.4224824594160539,0.3321153037481795,0.2178797253531785,0.3056565158779539,0.5709006575285371,aspettativa
iwxxmaz,2,0.7304978107948106,0.8894164472714697,0.9580633600469376,1.218719560747123,1.2710596770269889,0.46670020051136774,1.1530739101135692,0.6617264427763854,disgusto
iwvjz9k,0,0.0,0.0,0.0,0.0,0.0,0.0,0.0,0.0,neutrale
iwvexi5,0,0.0,0.0,0.0,0.0,0.0,0.0,0.0,0.0,neutrale
iwuv8li,0,0.0,0.0,0.0,0.0,0.0,0.0,0.0,0.0,neutrale
iwuepic,5,2.1094983025599165,1.0120035360884838,0.9680286785404396,1.778375516363147,0.7900179948036045,2.385610257067932,2.1454097494315123,2.7529248052705686,aspettativa
iwr6yub,2,0.8558300515585167,0.2142485301299547,0.2145385430468537,0.30319848747325573,0.1617517968784363,0.7554251102425836,0.7763732956696872,1.162479376150436,aspettativa
iwr6tzi,3,2.0789378273735517,0.8773391612980159,0.5282786857572062,0.5962269036429586,0.4848319897653529,1.9060703876615706,1.4336537016485784,1.6517294860912461,gioia
iwr669h,2,1.2851644508474847,0.5189184156078047,0.343084587021919,0.4571128656550792,0.3248239359757114,1.1207347291240133,0.804615591955683,1.4176860424358464,aspettativa
iwnb0zc,0,0.0,0.0,0.0,0.0,0.0,0.0,0.0,0.0,neutrale
iwn72hq,2,0.6897162994342723,0.37833856520790166,0.5684422675204256,0.35296102321025113,1.0188038715121561,0.4894770621369378,0.5720995397835992,0.9405460422166447,disgusto
iwlu6j5,0,0.0,0.0,0.0,0.0,0.0,0.0,0.0,0.0,neutrale
iwkxxqb,2,1.4431653115226184,0.6206525935174221,0.3327422369859316,0.7200765622314926,0.3086861534989448,1.0815213363978884,1.1093392134368831,1.4510829870503827,aspettativa
iwkp36c,2,1.0852982723453237,0.3419048840856884,0.1965742543815488,0.5287072211721154,0.1464302140151326,1.3880751774056326,0.8188410200230092,1.8783453131304209,aspettativa
iwjaptm,8,3.8056372044717133,2.0913278896756653,1.4412456895726606,1.793818998831202,1.1522322163035255,4.02350824010845,2.8438161918421843,4.2385489968095245,aspettativa
iwipa10,17,6.05806662888864,6.764155191876923,5.951726775482643,5.029863314737853,3.6210553920068267,7.058933960657314,6.01074510387723,7.545831382823865,aspettativa
iwi4go4,7,2.8963272542547585,1.673070237608304,1.5998303679443489,2.3995941113954116,1.2015585746932178,3.7377441882457876,2.8747207114598714,3.0333132507423075,fiducia
iwhx6r5,1,0.299258568985088,0.0559723652355364,0.0360841484464099,0.0661927620683743,0.0252511831545409,0.5469297192163649,0.1546622696791761,0.3085444933605754,fiducia
iwggp23,2,1.4431653115226184,0.6206525935174221,0.3327422369859316,0.7200765622314926,0.3086861534989448,1.0815213363978884,1.1093392134368831,1.4510829870503827,aspettativa
iwg8cx7,3,1.3148453850853905,0.5951479750410076,0.5638376044813795,0.6587000320072401,0.4194127773498969,1.734063588963197,1.3934835643509846,2.059574037376244,aspettativa
iwg5p76,3,1.7087047853426474,0.47034139775480277,0.3450009731581621,0.38906512754428424,0.3026326546624537,1.5706800388062563,1.4688904430530119,2.0489108278463277,aspettativa
iwdlkd3,1,0.9088406847461395,0.292515314461426,0.2665019285437978,0.3467337707375037,0.3041824056579719,0.7231575213817208,0.5126544067155423,0.6605068561720284,gioia
iwcj5nc,7,1.4332944764409903,3.0906528255576777,2.370145616641786,2.1519395100946856,1.4494979019730216,2.1981353358275433,2.003226170801148,3.25716597572319,aspettativa
iwchbe8,2,1.2542529521849168,0.268913221243697,0.25658493462012844,0.45837604403838395,0.1786937310641019,1.228027289135594,0.9176161893601591,1.7149162290437974,aspettativa
iwb2id5,1,0.3298622957380309,0.1806487219413994,0.2340966302703521,0.4020073403880897,0.140572575360984,0.5083399397466981,0.2848286789156222,0.8602609338230309,aspettativa
iw7qeca,2,0.174750885386728,1.0582498793264867,0.7380880620434161,1.2495389702081598,0.6548635144713875,0.3177681815651223,0.701010304941442,0.4082320791205005,paura
iw6yp2i,2,1.8036497076328013,0.36115905801675596,0.2653913843979962,0.2603539362649163,0.136447490814675,1.4435706112181168,1.2444995222792379,1.484572407244658,gioia
ivxub6a,20,7.991906405964213,5.579929407949753,5.95975283149631,6.838885807742482,4.052395662146134,9.828753714248181,7.724131567137579,12.086881416698812,aspettativa
ivw9bpz,4,1.3754903430402998,1.254880745297479,1.4853912644654306,2.033151593947496,1.0034757546236637,1.2847040240794052,1.2587967958364992,1.516113844652476,paura
ivvkg1v,14,6.605233440120731,5.2015020800476925,5.399535903710211,3.9269754686409284,3.351742382557882,5.867004723672096,4.183914096527861,6.160846380263259,gioia
ivv6a63,1,0.9506164634010824,0.0526572287855451,0.1423040735452599,0.0728939857256553,0.0408964340443042,0.4431720693731862,0.2898423417486825,0.2652998225511269,gioia
ivtpldj,14,7.757565677003284,3.2558627635199318,3.7915655627995215,3.916701964416309,2.6779359298197765,7.899004111540221,6.8318046473571705,8.184839893712294,aspettativa
ivsy8go,5,2.10774900992061,0.8951846722044584,0.8246115250297402,0.9853115252582483,0.5465806745250184,2.96427111079669,2.0587141722249855,3.025723587968264,aspettativa
ivst4uw,1,0.6575583633801388,0.3081285920959969,0.3306395379331525,0.3024620015985631,0.1114804048880765,0.819837235549268,0.4822997832054315,0.5737643937775887,fiducia
ivsr527,1,0.0864351123144781,0.8754039490220396,0.552605920654417,0.3912259944852037,0.1877296214736935,0.2570179143199863,0.2353016060727601,0.2611814402128409,tristezza
ivsqedn,0,0.0,0.0,0.0,0.0,0.0,0.0,0.0,0.0,neutrale
ivsk21q,2,1.2539392466930095,0.4376753975612444,0.2936584178180988,0.6199687861280174,0.2980728217018961,1.18727656017465,0.9362899501263802,1.1598857100768547,gioia
ivopjcb,0,0.0,0.0,0.0,0.0,0.0,0.0,0.0,0.0,neutrale
ivo970l,0,0.0,0.0,0.0,0.0,0.0,0.0,0.0,0.0,neutrale
ivo2bf8,6,2.6307619838674334,1.2187471972427464,0.9561362048268547,1.185461122835614,0.634518792463251,2.8732972623525908,2.464299985428795,3.4825274486643276,aspettativa
ivo1x1m,1,0.8456144594002926,0.2993298146276583,0.1382015959741815,0.140519355310936,0.1806426596818726,0.6834859772260685,0.5032986238183594,0.6420163705546114,gioia
ivnymef,1,0.2450111359596914,0.4138197395795064,0.3942429171298418,0.2418923579554393,0.1995968967494437,0.5950383010888443,0.2695803185679579,0.8044964865253703,aspettativa
ivnwrca,21,6.917376856487566,7.3452091835413675,8.318552383896737,7.051326864316413,5.830028218862093,8.263726896475896,7.603126297189585,11.036242171827645,aspettativa
ivlttjp,5,1.3590686435472032,1.2182965333281832,1.4702395455101875,2.4650946271127943,1.0827388227177077,2.2156652524175007,1.823678542789582,3.7734036247326026,aspettativa
ivkt4wf,0,0.0,0.0,0.0,0.0,0.0,0.0,0.0,0.0,neutrale
ivkmb0k,5,2.307201088980416,0.963615622033965,0.9877762247730204,1.6382976716775115,0.83639250563316,2.763482647786369,2.4240802759497297,3.1136571874244576,aspettativa
ivkcq6f,0,0.0,0.0,0.0,0.0,0.0,0.0,0.0,0.0,neutrale
ivkaqdf,6,3.053274442289376,1.482071736632557,1.8898973991190968,1.915920213588598,2.159923055917868,2.9184560668174244,2.6876083267062008,2.717580266197736,gioia
ivjbr46,0,0.0,0.0,0.0,0.0,0.0,0.0,0.0,0.0,neutrale
ivj36re,2,1.3206087729597744,0.4769990853603876,0.4940491150243597,0.4666190764915825,0.2480019714584532,0.8953779885418185,0.6705491040637008,1.224638234910728,gioia
ivea6n9,3,2.4761976744681578,0.5846860992738785,0.6279385952271459,0.8162759207995232,0.4985044167704745,1.80087893194743,1.8256628884978654,2.08306221197922,gioia
ivcjjct,16,6.919654954561485,5.474935969881952,4.4830091877368465,5.1344134937219374,3.3076577819205433,9.322416739592343,6.5793207099523965,10.669725302548024,aspettativa
ivc7gpb,4,1.641489413884867,0.7397128249834134,0.6924748530916314,0.7979489262498589,0.6261678457584992,2.107423714580334,1.5938958539851846,2.55491517814418,aspettativa
ivbftf9,1,0.8456144594002926,0.2993298146276583,0.1382015959741815,0.140519355310936,0.1806426596818726,0.6834859772260685,0.5032986238183594,0.6420163705546114,gioia
ivbd1nv,21,6.355001686353975,7.8926858445443635,8.37539718397014,8.38875067106539,5.145052045651396,7.483952035995642,8.468019226877725,9.564225770095215,aspettativa
ivaovad,2,0.6027067877795793,0.6474100175184694,0.9068147365559285,0.6668477210484629,0.7077310679559546,0.7996137490359757,0.7460304018510537,1.1888935933765568,aspettativa
iva8zjf,7,2.7917290545378908,1.9226426042180835,2.2857968738582066,2.0624227306276324,1.4653244735151914,4.288468737426647,3.0238550887705165,4.754072156718989,aspettativa
iva6s3t,7,3.2717222254614424,1.574323556464805,1.1334332683496404,1.3927330892772685,0.8849119847642537,4.015267639650959,2.572821198368722,4.285768462674941,aspettativa
iva3tic,7,2.4644111518063454,1.2995433964292649,1.514022899234448,2.2081630276415223,1.2554696003331995,3.9647017471623958,2.338465596518394,3.832600436726141,fiducia
iv9vcpj,5,2.7964141988776037,1.5890279610485702,1.6040295269591696,1.3658046356952525,0.9836730214343974,2.354609717677929,2.1011544435038303,2.805395154955152,aspettativa
iv9m1a4,8,3.3987604101655338,1.7013411850960436,1.4266379950597337,1.8304745573952934,1.0709420930075857,4.213930600583161,3.281464840601792,5.059505248776135,aspettativa
iv9hry0,13,4.287093453234307,3.9674316349219847,4.313138470766065,5.536519213626481,2.7531637056560063,6.9098623352867445,5.048493700876181,7.667320984294317,aspettativa
iv7n62n,2,0.3799993158361592,0.7637479724045363,0.895156999528146,0.47212578327686067,0.412034545913196,0.5009847145854679,0.5402301700563109,0.7431425348922012,rabbia
iv7j0ci,2,1.4340931181521401,0.44101186698077643,0.3962662130619047,0.3524173381533179,0.3075622832545048,1.054455173627598,0.7907706327655489,1.1303286429796773,gioia
iv76y79,0,0.0,0.0,0.0,0.0,0.0,0.0,0.0,0.0,neutrale
iv6r12k,5,1.1032218175382065,1.514410186364703,1.5263865957803653,2.476376705511911,1.3154659553868444,2.3248319592346056,1.6984629547466814,2.132348510090457,paura
iv6ik3o,9,4.003229751276735,3.7488772842835516,3.193804544723924,3.265446510700423,2.456201577921127,3.507602723049136,3.4224182530221934,4.48372303313451,aspettativa
iv6c40k,2,0.7188866694042018,0.39719725599446304,0.33141710577337646,0.4344645852955213,0.3146305414721183,0.9505328985289972,1.0430773718198647,0.8599776742139822,sorpresa
iv61fzw,2,1.2265004258865018,0.1541917712119834,0.1461100906815671,0.219369987225384,0.1032065430147192,1.1511866078124062,0.9975986645912396,1.4552501048507782,aspettativa
iv5eqc9,2,0.1188303132201724,1.2249836689738323,1.4093643454570002,1.2016283394651543,1.1521788884511295,0.1472228530722668,0.7319118136914943,0.1935692332400577,rabbia
iv50kz5,4,1.5395638012154036,0.9737365687320026,0.7578270227531734,0.8673488626580492,0.4087129988131283,2.076322128762503,1.3405868947602924,2.0629579051643807,fiducia
iv4w6nh,7,1.852132210692741,3.12290397085489,2.830672052632093,3.4034836481351394,2.193747983845308,2.566968968926432,2.7512785115162,3.0209732261297466,paura
iv2q0oi,20,9.3545342403418,3.899517327171208,4.9843449766951835,4.662078271251502,2.666869808155642,11.225680117970542,7.041285894763746,12.560809266884952,aspettativa
iv2nfs6,2,1.111544308259143,0.7695527762484264,0.35191283019611863,0.5152508133652256,0.32071770525452303,1.1016996570890099,0.9269505196305108,1.318276827958478,aspettativa
iv2l48f,6,3.163846158512128,1.3225596219923947,1.078073573924056,1.6281993441822151,0.844303589588706,3.671516990663939,2.7221174873112397,3.8104920187223583,aspettativa
iv29c83,1,0.4824481401993928,0.210436280472104,0.1537564816811119,0.1459342383870598,0.0837257652064557,0.4867238645457566,0.3995326957678003,0.6265105600534194,aspettativa
iv1wanj,7,2.8707040385262896,1.7140131478202565,1.998233368020156,2.441846438024963,1.6843317339160448,2.478801732839031,2.237032331846205,2.6128965860259603,gioia
iv0bz2o,1,0.5193670177214141,0.0860804938078031,0.0947415090703799,0.1725969289053503,0.0680252380869067,0.3059373078789397,0.5096800692819818,0.6481123713153348,aspettativa
iv075tc,7,1.6474837172634553,3.29117215301864,3.942036773213022,3.030372748964057,2.0141796474155083,2.5167520453380234,2.117728977352953,2.5794474098422566,rabbia
iv0428g,0,0.0,0.0,0.0,0.0,0.0,0.0,0.0,0.0,neutrale
iuy5ecr,0,0.0,0.0,0.0,0.0,0.0,0.0,0.0,0.0,neutrale
iuwqysp,2,0.401728534414843,0.7593832105151965,1.1897511939715348,0.8852606805975265,0.6873405227556744,1.0229684374154977,0.7971831547871256,1.3337837645829191,aspettativa
iuwn29h,0,0.0,0.0,0.0,0.0,0.0,0.0,0.0,0.0,neutrale
iuw9rrx,3,1.0811873943190884,0.9599872324847037,1.3338916641960248,1.0529536589200317,0.8229611514069779,1.3556995252004893,1.078858108930226,1.6675230759885349,aspettativa
iutvl1z,9,4.503505731528955,1.8543193233435085,1.8397189818272113,2.8674414872022482,1.0979827794957115,5.4757488664465805,3.6164722435677854,5.744954107434129,aspettativa
iura46l,2,0.5782881419289915,0.6020958217511294,0.9857885516872471,0.8538008501087163,0.896849063877432,0.5966708594397125,1.076728681166316,1.114513471460055,aspettativa
iur38q1,7,2.683860909069371,2.12683387514728,1.8772404285701063,2.6631681360405985,1.5778687652217482,2.9836464052115312,3.1407572560229986,2.994239300639344,sorpresa
iunkd8o,0,0.0,0.0,0.0,0.0,0.0,0.0,0.0,0.0,neutrale
iun6pmg,4,1.857873065799132,0.6933855885971628,0.8911153683880277,0.88500399243886,0.5028806113656614,1.6715883579193036,2.065801378890761,1.9792187318637067,sorpresa
iummwbc,3,1.683123976700532,0.5609652815367835,0.5458856291307473,0.5791845838445318,0.3735614741385925,1.7875182192342651,1.2323084349829823,2.3609683718766554,aspettativa
iuip9uk,0,0.0,0.0,0.0,0.0,0.0,0.0,0.0,0.0,neutrale
iuike45,2,0.7223194269018117,0.6944425179785736,0.3847463905609565,0.6258051353826958,0.2983509991927204,0.9229133819441022,0.6155166634672404,1.1866557548905599,aspettativa
iui16c8,2,0.2083983296550926,1.1953676844122978,0.4395972445577962,0.9125160635527436,0.4778754044403006,0.3702426401274256,0.6998846587321206,0.4910507927604648,tristezza
iuhilkb,0,0.0,0.0,0.0,0.0,0.0,0.0,0.0,0.0,neutrale
iuh473c,1,0.927116551989621,0.0710838701589925,0.079490026309412,0.1192027108415521,0.0564308575033979,0.6489832485589022,0.7179932844162079,0.7020399238602979,gioia
iuh39b1,1,0.0940161470443753,0.5846126696292484,0.8806924344347961,0.703084761235103,0.6447782441764833,0.1546434667212803,0.4996128426580463,0.3533024169574258,rabbia
iuf47qc,7,3.067850439781347,2.306940074464853,1.5969419267903986,1.9414589577177461,1.515392486714037,3.697656133748362,2.556364513443573,3.916364838713969,aspettativa
iuemotc,15,6.023782640952076,3.939132741226276,4.623697695629699,5.926344697371628,3.4360688084588404,6.926296133604996,6.158794272711413,7.2903575102748075,aspettativa
iuec4di,0,0.0,0.0,0.0,0.0,0.0,0.0,0.0,0.0,neutrale
iue5nks,0,0.0,0.0,0.0,0.0,0.0,0.0,0.0,0.0,neutrale
iudz2y6,2,1.1766714496977104,0.5865093671925455,0.9726734770444176,0.7315287060773551,0.5974755559760584,0.8593141409818625,0.7849875724812316,0.6657928061850797,gioia
iud1g6z,5,1.8187099572045935,2.31331723734258,2.0024296012124054,2.4344520542436037,1.8058072892185786,1.85122651308808,2.0684012555161795,2.738653110497939,aspettativa
iucex8y,3,1.843790098658362,0.6188329776848756,0.39957193862580154,0.5453326135680914,0.24741665658509468,2.0385975064006785,1.0412402513127996,2.1956426092362182,aspettativa
iub4gmr,2,0.7703309261046347,0.6598517573908631,0.5564594405958138,0.6191650834369085,0.4137675305803028,0.7943121160398403,1.172897495560385,1.2622271958814393,aspettativa
iuazuc5,1,0.0698722005021113,0.1606464396725049,0.1707595181049562,0.6900507555175598,0.1826722309288292,0.1587995211644672,0.2196065221840901,0.2662461341396371,paura
iuaupqe,5,2.1279416289804347,1.158039168058902,1.0522686936206442,0.9416463400961355,0.7215752351446527,2.3613649352709336,2.1831805075678563,2.3627898821287436,aspettativa
iuadkg2,1,0.5741666087710527,0.0907658699547335,0.1253974003451292,0.1232381764489902,0.1044268342748044,0.4719004604233218,0.442435453572315,0.7532199785037177,aspettativa
hqepe44,1,0.0613026355026423,0.6796045221517728,0.8145924481200437,0.35468170453638,0.3559644349331504,0.1225742460213815,0.1985178878113932,0.1975840763618875,rabbia
hqb5uwf,1,0.4452586407384412,0.265126261537843,0.2902308102073203,0.3164589309324258,0.2029884396223711,0.3528256352386492,0.6043363409678011,0.4506693643786278,sorpresa
hqau7p8,3,1.2013390354108795,0.49872084290480945,0.5214365809887352,0.7374640621027255,0.2834128264374318,1.9148336983556677,1.2481326596125408,2.4536427371574354,aspettativa
hpuzdh2,0,0.0,0.0,0.0,0.0,0.0,0.0,0.0,0.0,neutrale
hpt9w45,1,0.942371725360083,0.0736388218178284,0.0731144035000438,0.1407850037444155,0.0538321772518438,0.5792777928529264,0.5522454566957713,0.7415590161066271,gioia
hpt0ps9,4,2.000472465788215,0.44489394210102406,0.5103363385279843,0.7668731820509016,0.3513012705908906,2.275313914019981,2.089799208880387,2.3107943671676567,aspettativa
hpsvjop,5,0.6902904733102564,3.241355641773998,2.8819408822815507,3.621359251280578,1.6485603013536334,1.6715592144494256,1.7688091081712343,2.8177957609792195,paura
hpsuq2j,14,4.544089024489187,5.497880400097175,4.701243832602482,7.18784930673171,4.1463047356019445,6.151355135801553,5.332226623790744,8.59213780161543,aspettativa
hpsugdt,1,0.9225609783317504,0.1003344027640863,0.0678952829517893,0.1068592364994216,0.0502825119844339,0.7233203158722556,0.5140129964766154,0.6233992950837737,gioia
hpstyxp,1,0.30392967286258,0.3483639254289027,0.4342221671755011,0.4286319818133562,0.5359155783114731,0.2754818181605908,0.8465536136530971,0.4176238504400339,sorpresa
hpm7o7a,2,0.2148715939589397,1.2460344530794756,1.6321713570719258,0.9161148954487351,1.0924020713450608,0.2949366197626905,0.6316053039648263,0.44938868306788704,rabbia
hplzdvd,4,1.7838471969331815,0.7425960966057958,0.5632934786145488,0.6576131586648264,0.4437841388576629,2.363708036951393,1.3864482279781751,3.045818849159348,aspettativa
hph4j30,14,4.796226761537868,3.518162359653588,3.7161376142394724,4.237394843155958,2.5473850153307254,7.477208667570014,6.503705040227229,8.263165307230224,aspettativa
hpb0cxz,0,0.0,0.0,0.0,0.0,0.0,0.0,0.0,0.0,neutrale
hp4zq2q,5,2.0108291361261807,1.0565118059778498,1.2753679347833171,1.3031964058713736,1.2547093651091388,2.108745662082301,2.6511057156182574,2.87697121003534,aspettativa
hosr491,7,3.3758291316899105,2.7270736528974373,2.166513522540186,2.4939721546308773,2.277602507360256,2.9611510595153936,2.9164918474427646,4.249531674154783,aspettativa
hosftbv,6,2.8889360582092705,2.7395494956146975,3.0181832032198646,1.8201267943230144,1.8702079366119007,2.50745877182832,2.0338122494753668,2.497353565879333,rabbia
hosfab4,2,1.2654864986071335,0.5968159137212081,0.5047174571831218,0.5229039362373534,0.6740488106837879,1.1345199951610454,0.9976720776564487,1.4058436245609562,aspettativa
hosebpi,3,1.3935604190422466,1.2054185617585245,1.0049999208583928,0.844555584012679,0.8968713618760114,1.0966285691191997,1.4484199093996608,2.0203180506869343,aspettativa
homu22x,5,2.3917866253201776,0.8692822297546536,0.7812810535407929,1.0971760042599221,0.7011142606139384,2.0436257495083026,2.266106979132005,2.5610644888380953,aspettativa
hojadih,27,15.902635351718786,4.846142507164956,4.207651600425094,5.614297688858478,3.2833601908569383,12.388260529097009,11.045506079123793,15.285860360023962,gioia
ho9w1rd,0,0.0,0.0,0.0,0.0,0.0,0.0,0.0,0.0,neutrale
ho06ffh,2,1.0500705099663254,0.4475437927941214,0.5060670302105289,0.63834827098824,0.2629893681375433,0.8546444926470914,1.1842623662143423,1.3954947920657408,aspettativa
ho031hx,1,0.2057504799472107,0.4497809829191796,0.3993347971544718,0.641852952620111,0.3710417224264176,0.1961286202058394,0.2814387695466872,0.2547915305402811,paura
hnzxnf3,2,0.2573171687309498,1.1143977052605392,1.2119873762883175,1.0223867946130736,0.9763635159948083,0.2708328322557159,0.47681799523732127,0.40538575665907406,rabbia
hnpdom1,0,0.0,0.0,0.0,0.0,0.0,0.0,0.0,0.0,neutrale
hnmky3e,4,2.4881015697236926,0.8189382710111011,0.6474340010371152,0.8007096949482793,0.4594503040608874,2.6231364804017985,1.7682516921827582,2.7448794632447835,aspettativa
hmnecr8,3,1.36220186726608,0.8331190394016638,1.0267872728115608,0.7484474605864979,0.9341008445858123,1.902614979701812,0.9285616549672886,1.7010859140360264,fiducia
hmlf55e,6,2.6316299455157006,1.5372678200943812,1.1652235769812096,1.3782137235780798,1.055141897336547,2.604036952304397,2.288958410618024,3.222503589491712,aspettativa
hmldd8q,8,4.48813499794091,1.6570173841904328,1.6003167495586146,1.545143993669757,0.8947131831627495,5.049037471622677,2.975113460244125,4.221722611271565,fiducia
hmkqp7m,1,0.0373489249392161,0.8198738808106707,0.264684045474057,0.4200313650364601,0.2481983697411736,0.0568139940952501,0.1190316600140468,0.0650417752797257,tristezza
hmkpws1,2,0.14872449811263821,1.5218693261410032,0.9977406963197357,1.3665339900563116,0.829497523033583,0.2769475276522241,0.864191564286086,0.450261864864566,tristezza
hmjf1va,3,1.0275108575073189,0.9713576726574239,0.9988462181998312,0.8279463180327395,0.9839523137783056,1.0641439413888385,1.1350967351947299,1.376563999628082,aspettativa
hmj8urx,12,3.7615182327835783,4.946425991459754,4.70449712215948,5.27238622340656,3.2161356619197288,5.6861169713632576,4.8381862903285064,5.733860627275475,aspettativa
hmf4s4a,12,3.471588012173056,3.627774944744153,2.877578661509201,5.316158502696144,2.4523403154620116,4.005734211457612,5.495219436758812,5.089315737385295,sorpresa
hmdn5fh,3,1.378482229935615,1.1095802569597517,0.5734109202361993,1.1242431395186956,0.6003571414755826,1.4858141158600668,1.4101018156845404,1.8217996603634403,aspettativa
hmdfdpe,1,0.8456144594002926,0.2993298146276583,0.1382015959741815,0.140519355310936,0.1806426596818726,0.6834859772260685,0.5032986238183594,0.6420163705546114,gioia
hmbuou3,0,0.0,0.0,0.0,0.0,0.0,0.0,0.0,0.0,neutrale
hmaa5bp,4,1.8487821439080558,1.334770149444353,1.8387857030787087,1.2792790531109637,0.9456618322590264,1.6684372895952284,1.5846315609680273,2.196619580240517,aspettativa
hlvbwra,7,1.687702356946143,1.7400607709505849,1.7289683179041615,2.02730684402131,1.2769380327325284,2.0658620577680273,1.636458100387716,3.49569623723928,aspettativa
hlu0avk,3,0.4448892432065229,2.151471045505713,1.1026206815728108,1.401906127527139,0.9058003099715264,0.5649780662691035,0.7056762523501716,0.9266102602668373,tristezza
hl124hu,5,1.252286613305356,1.8303054015801257,1.514441406045699,1.4058980703423036,1.6731737829031346,1.4064092637655776,1.530615820992741,1.58003492770774,tristezza
hku54al,4,1.7089196428950848,0.5949379008365253,0.3633863368012933,0.5175564994650708,0.26656400123709023,1.9197923706869617,1.6625208955198216,2.50100613936286,aspettativa
hkmp998,1,0.7105573174358926,0.1385510329496911,0.0818596890666285,0.2804204955974766,0.0678098352134397,0.4256143943304565,0.2416603370220069,0.494174865673302,gioia
hklpzda,76,32.75733057751075,20.601355881273317,21.493008100068977,29.394762554794333,15.289485765142857,38.77051790062043,33.650851573604236,41.48818286926838,aspettativa
hkg0zza,16,6.246434458872469,4.884437900665473,5.565477654008039,5.7409864930137084,3.7770645341109588,7.037851183015143,5.9989902612259565,8.624849264273214,aspettativa
hkcafv5,12,3.8998977255186467,3.0231196087948655,2.4264729779439436,2.720448809210148,2.0759377292035253,5.340127767023746,6.039523001243964,6.040015146352163,aspettativa
hk3c45b,0,0.0,0.0,0.0,0.0,0.0,0.0,0.0,0.0,neutrale
hk2euv4,2,0.3093291901620256,0.8220911263033768,0.7889918539447898,0.9956140802703635,0.5283201007676734,0.5258757028632776,0.8471893721395317,0.5920871255182121,paura
hk2csjw,28,10.447902874571488,8.396330762716982,8.069065078213239,7.749118223742105,5.934400587228103,12.8077823383476,10.531315596838015,14.80890659146116,aspettativa
hk2bhib,6,2.563820256751357,1.6179024426952862,1.3586836718160238,1.3679113182805838,1.2677511171224731,2.717650956298125,3.1595404017169235,2.969455125257922,sorpresa
hk28ydr,7,3.0073909538299888,2.9869260954386405,2.167440124536967,2.453700776671438,1.2900051695157633,4.13223670793538,3.113935614539158,4.469223296487081,aspettativa
hjzxr5k,3,0.9889419993947337,1.2605315332265201,0.922602598508625,0.7331356528303943,0.625895017851734,0.8378947534652647,1.1873829082633613,1.3981745017317118,aspettativa
hjyns6n,2,0.8360781120041244,0.6020737616041619,0.4654122998627188,0.6635318774948631,0.4121628780560841,1.203506683303741,0.9736549548445872,1.7044506991021091,aspettativa
hjymmg0,4,1.3211557977373227,1.0729179408474017,1.2949153380177325,1.0381052399656054,0.9423437523884588,1.4680804174980118,1.5619692192278742,2.0610268008738504,aspettativa
hjyhgfw,5,1.112922069212062,2.0046007062331292,2.500946043201181,1.839605894922066,1.3985028494805556,1.8563875416764573,1.486353477651346,2.3298369607687253,rabbia
hjxvgb4,0,0.0,0.0,0.0,0.0,0.0,0.0,0.0,0.0,neutrale
hin2u78,0,0.0,0.0,0.0,0.0,0.0,0.0,0.0,0.0,neutrale
hi0ooip,1,0.6226641278907108,0.1841216724457348,0.2486992078687559,0.1726040429875301,0.1212370593800256,0.760045973860845,0.3896652773538646,0.6278284498197778,fiducia
hhm1reu,5,2.5383292386271967,0.8070418401245977,0.7609929941884979,1.1618295475843974,0.4697125755335679,2.4807981081072246,1.7013465270801782,2.6571897508296303,aspettativa
hgz8o4h,2,1.4564527610226459,0.365906325200951,0.2122733870058047,0.253164209888735,0.2340957982362491,1.096057534209347,0.9586512661993994,1.0754065563374742,gioia
hgyfuwc,12,4.664425606880211,2.3371228719781567,2.3780761045874828,3.051497859770125,1.6665403945746093,5.419450474704109,5.236213031571153,5.720127957474019,aspettativa
hgiimjy,3,1.5831299225851672,0.3105814068495525,0.32714875713886193,0.4777452683043782,0.3026930295789601,1.5910029333181726,1.3580697959601582,1.5410033248283699,fiducia
hg96thy,11,5.1999431959216915,3.1407714788015637,3.344560406720875,4.351807564183843,2.184790450503564,5.521523124075494,5.304699925653758,6.162043645252585,aspettativa
hfq6k94,4,1.5778966841005073,1.281786769828631,1.1677066405595993,1.017254629048632,0.8229513922252707,1.772986294055776,1.2361810346946016,2.1382485056485665,aspettativa
hfc1ufo,4,1.8647718956278578,0.9075331380079261,1.0155453988263292,1.3508458430784158,0.636962704914099,1.453343175463295,2.5913003604120584,1.567560329629952,sorpresa
hf2mefx,5,2.3269510594482443,1.274846364314476,1.0368047412380526,1.768248003243171,0.8210225747541436,3.0891036140668517,2.5489249770770916,3.0215987344159867,fiducia
heql8kp,8,3.689549279923873,2.133931179477215,2.1614153337185553,2.6086279021776995,1.7182029797037461,4.226909815418012,4.281884726193611,4.259364333474994,sorpresa
hekkb29,0,0.0,0.0,0.0,0.0,0.0,0.0,0.0,0.0,neutrale
he8u9us,1,0.5166452099059743,0.155037053504069,0.1390655511799054,0.2889935822075185,0.0802169673971077,0.6216819933089602,0.3263352252879047,0.7568244468466198,aspettativa
he51l6d,4,0.5626753064685557,1.6015655773277777,1.9750735302398068,2.734624475211443,1.663447022884517,1.262038835336233,1.7830769812784653,1.6192245439735395,paura
hdb3g7a,57,25.25401023172794,16.454607339947657,15.1035577664958,17.681483742868373,12.772139349766928,23.15034044894822,21.970449890671112,30.83202342557528,aspettativa
hczodxi,9,4.777352206251044,1.3810554746210244,1.3274308851183312,1.6122829509635475,0.8245310839705455,4.483219181791722,3.9304997308796024,5.848318725856441,aspettativa
hcxftxn,12,4.96056510130857,3.3213970378373108,3.7357900974564724,4.292186748925323,3.0373143894369954,5.1248776717095526,5.666744159387706,6.829703583399294,aspettativa
hcup3o2,3,0.9881405915808443,1.0930084220806842,1.1270844357192342,1.4762567134386562,0.7134975769321852,1.3125244267699605,1.109267355399888,1.3750218795861544,paura
hcudtp7,12,4.412111812618489,2.9302663464449052,3.693760910396392,4.893341334488248,2.5993417983057006,6.497514702312325,6.32423080147758,8.377850757018676,aspettativa
hct3ikw,0,0.0,0.0,0.0,0.0,0.0,0.0,0.0,0.0,neutrale
hcazqrw,2,1.2710520488296022,0.3556793220081017,0.2931666411276025,0.43865219099076247,0.1528297271538571,1.2569223725310306,0.8333029036526749,1.7092653762454275,aspettativa
hc7eo5w,4,1.7210406375815603,0.8665608758619416,0.7274848723171073,0.9404946295868065,0.9211036468424807,1.8576439846173747,1.8838095710711795,2.1752473135680965,aspettativa
hc78e1b,6,2.191427542438594,1.4128832869935783,1.446005681203174,1.8940175028085757,1.3258222252514609,3.147708345104435,2.518882093720199,3.748429486910984,aspettativa
hc74662,6,2.4979621327554677,2.1225809533194115,1.9881552923652166,2.263293681449581,1.1799257685704552,3.071227150017524,2.67898992724245,3.984717409516742,aspettativa
hbi1let,4,2.346452904669958,1.1416878480824129,1.1928079691010274,1.502422514624765,1.0717451577284987,1.726369706383351,2.2578864666151213,2.411782674451949,aspettativa
hbf2hil,12,3.983767637459185,3.400928111311927,3.369491177613991,4.150803960262622,2.5390046921944633,4.762385197119255,4.147026030538076,5.2803264516368325,aspettativa
hbf1sle,11,5.006986161398518,2.8528359193100936,3.0182524432120994,3.665089415779293,2.93825332698831,5.284181225769583,4.410035711417713,6.350368468094057,aspettativa
hbavpsu,2,1.859457148147222,0.3451725432469711,0.4088060020890577,0.41962775646315903,0.3450788397022761,1.166329590754907,0.8024967484642248,0.9258066787231554,gioia
hbav25h,0,0.0,0.0,0.0,0.0,0.0,0.0,0.0,0.0,neutrale
hawkigc,4,2.616209830402518,0.7513468208680827,0.6243252690594558,0.7467247951082653,0.42385647951493627,2.189656438713838,2.2563869156785836,3.088277034673328,aspettativa
ha5kums,3,1.127904664821407,0.5312872703764946,0.5754886525265044,0.728477104013548,0.3469033831076519,1.165271536600144,1.3503836292483036,1.7502056175804734,aspettativa
ha58ckg,4,1.3403237829325803,0.4675016431364968,0.634972840984682,0.7581139192442747,0.3531656192092952,2.0886896130477797,1.5877505858687555,2.1326654080280174,aspettativa
ha50hrv,10,4.757179144303341,1.5945948330511455,1.603495315678212,2.4000939107670005,1.2931173836886904,4.944914482384603,4.2213701375143415,5.866894048583623,aspettativa
ha4w6d3,5,1.7914023924945819,0.7670837410347695,0.6533348502626589,1.3080409134881528,0.569279385174651,2.5111960895309777,1.6863653621101438,3.135112004099332,aspettativa
h83xfxd,5,2.955373760954874,1.05655603362567,0.9017840579300406,1.1944526377185498,0.736147460452702,2.7102066560644067,2.1942792200055483,3.5760063297420883,aspettativa
h7y4i1p,2,0.45551305062884284,0.752819594184456,0.8307464531901596,0.5204542017997482,0.5646864524722531,0.516223424875744,0.8291445672648204,0.7203190718681101,rabbia
h7y471i,1,0.2440465975233686,0.1523602518571258,0.2246259905701445,0.1792146657506559,0.0872542069223698,0.2765791465391407,0.4221821542436582,0.8137650859681631,aspettativa
h7xr3zf,2,0.8748772508736211,0.4602626137841887,0.4322300727279844,0.4209959489205104,0.34511753198313944,1.093818170948449,1.0388195070845172,1.5840244146882756,aspettativa
h7xoo1o,3,1.3136665951400783,1.0669392682816845,0.8265122080921503,0.9590485798871641,0.6636270382871099,1.3792011284605075,1.109857295268526,2.045362537941958,aspettativa
h7wxkz7,1,0.8563146511895829,0.2819709419107253,0.2382644620783168,0.2307118019720042,0.0886253045653657,0.6723419752430303,0.3685701643929978,0.3813569227299613,gioia
h7vmbnj,0,0.0,0.0,0.0,0.0,0.0,0.0,0.0,0.0,neutrale
h7uls20,0,0.0,0.0,0.0,0.0,0.0,0.0,0.0,0.0,neutrale
h7slatp,6,1.7455756430059515,2.4549807559651953,2.1014321703453387,2.2597255232874427,1.780790462478988,2.586099494639286,2.3121584374450332,3.0571667557016724,aspettativa
